BODY_CHARACTERISTIC	Default	UI/Custom/Pages/ImmersiveNpcAppearance/Catalog/Thumbnails/904b1aac30a77a139800a4f5.png	Common/UI/Custom/Pages/ImmersiveNpcAppearance/Catalog/Thumbnails/904b1aac30a77a139800a4f5.png	68cbc79db2d967ad945bd1004911d675d96280335944eda018cb1ab626986a63
BODY_CHARACTERISTIC	Muscular	UI/Custom/Pages/ImmersiveNpcAppearance/Catalog/Thumbnails/3dd726021dda7da97f860540.png	Common/UI/Custom/Pages/ImmersiveNpcAppearance/Catalog/Thumbnails/3dd726021dda7da97f860540.png	a694ef39af140af20f6d1d6205c1fe31c38082e887fe3887d42aaa81c4d20203
CAPE	Cape_Authenticator	UI/Custom/Pages/ImmersiveNpcAppearance/Catalog/Thumbnails/c183e984d551c84eb19fe5d1.png	Common/UI/Custom/Pages/ImmersiveNpcAppearance/Catalog/Thumbnails/c183e984d551c84eb19fe5d1.png	89acec9e5df052e5b146c7e37a9c9d47fcdcd14100938bca6f349058a8c266ca
CAPE	Cape_Bannerlord	UI/Custom/Pages/ImmersiveNpcAppearance/Catalog/Thumbnails/bfa412fabf999cc14d0468e1.png	Common/UI/Custom/Pages/ImmersiveNpcAppearance/Catalog/Thumbnails/bfa412fabf999cc14d0468e1.png	31f4174355f765fd0da8b20edb6437ecf45254da58c5c039f3c5ba5990b7212f
CAPE	Cape_Blazen_Wizard	UI/Custom/Pages/ImmersiveNpcAppearance/Catalog/Thumbnails/89b8b2205c88ecbecdbc5978.png	Common/UI/Custom/Pages/ImmersiveNpcAppearance/Catalog/Thumbnails/89b8b2205c88ecbecdbc5978.png	06d103506bb186d0f30bd181accc927bba7e86ef09f954f902002b22d31e9a86
CAPE	Cape_Featherbound	UI/Custom/Pages/ImmersiveNpcAppearance/Catalog/Thumbnails/59d51d231afa644ecdbc00d1.png	Common/UI/Custom/Pages/ImmersiveNpcAppearance/Catalog/Thumbnails/59d51d231afa644ecdbc00d1.png	50169d4625f4cc3f19215e948194987fd0694fadd20db7b084db4c1938b5838b
CAPE	Cape_Forest_Guardian	UI/Custom/Pages/ImmersiveNpcAppearance/Catalog/Thumbnails/4732ec8cda72e37a27f9ee17.png	Common/UI/Custom/Pages/ImmersiveNpcAppearance/Catalog/Thumbnails/4732ec8cda72e37a27f9ee17.png	476e40a3c4d0fe99742880164d44709e32331cd2017140eea78927fa846e8a3a
CAPE	Cape_King	UI/Custom/Pages/ImmersiveNpcAppearance/Catalog/Thumbnails/d89972fad143e61af642e0cd.png	Common/UI/Custom/Pages/ImmersiveNpcAppearance/Catalog/Thumbnails/d89972fad143e61af642e0cd.png	d371c1191479075257ac0dbc3cd7b2ed5f9fbc20b73aa0c8786b25c65e643b5d
CAPE	Cape_Knight	UI/Custom/Pages/ImmersiveNpcAppearance/Catalog/Thumbnails/259065c040627383adb7d97b.png	Common/UI/Custom/Pages/ImmersiveNpcAppearance/Catalog/Thumbnails/259065c040627383adb7d97b.png	a1a34b692dada7a2cf13ec955887a6449cc5d015d6bbf9ec4cdd296bc0fcd11f
CAPE	Cape_New_Beginning	UI/Custom/Pages/ImmersiveNpcAppearance/Catalog/Thumbnails/0aea08301e35808dd209453d.png	Common/UI/Custom/Pages/ImmersiveNpcAppearance/Catalog/Thumbnails/0aea08301e35808dd209453d.png	9d8dfbf48071560ef0e9d94f6a80ab19003d351fdc182373e49f94c92798b6f1
CAPE	Cape_PopStar	UI/Custom/Pages/ImmersiveNpcAppearance/Catalog/Thumbnails/724be033f23f2c36a6a66974.png	Common/UI/Custom/Pages/ImmersiveNpcAppearance/Catalog/Thumbnails/724be033f23f2c36a6a66974.png	9129171b18ab633a0900eb0208666210d2c88017a75dd0e0477d0d1fa9801985
CAPE	Cape_Royal_Emissary	UI/Custom/Pages/ImmersiveNpcAppearance/Catalog/Thumbnails/d15718ab6ef3dc3be5490ef4.png	Common/UI/Custom/Pages/ImmersiveNpcAppearance/Catalog/Thumbnails/d15718ab6ef3dc3be5490ef4.png	3aada8fe9ecf447070923c9dd790e3e021d9c8af9298d5a8b4b2b0471d3b21ed
CAPE	Cape_Scavenger	UI/Custom/Pages/ImmersiveNpcAppearance/Catalog/Thumbnails/4de187563e473781c589941e.png	Common/UI/Custom/Pages/ImmersiveNpcAppearance/Catalog/Thumbnails/4de187563e473781c589941e.png	8ad482b1df46e9c8d7b3eabf48e78917087251b9498a80ad659943fe950e2605
CAPE	Cape_Seasons	UI/Custom/Pages/ImmersiveNpcAppearance/Catalog/Thumbnails/7ae28ba563baf1ac747635cc.png	Common/UI/Custom/Pages/ImmersiveNpcAppearance/Catalog/Thumbnails/7ae28ba563baf1ac747635cc.png	20186609d290c7aa5e48802739089ab651b237362aa2ff45579b8027e7454b25
CAPE	Cape_Void_Hero	UI/Custom/Pages/ImmersiveNpcAppearance/Catalog/Thumbnails/41286160f7c9224efec39909.png	Common/UI/Custom/Pages/ImmersiveNpcAppearance/Catalog/Thumbnails/41286160f7c9224efec39909.png	7df24e2847e658904fcf28252f25b707ed7120cb50b23d79e8e974c99055cb66
CAPE	Cape_Wasteland_Marauder	UI/Custom/Pages/ImmersiveNpcAppearance/Catalog/Thumbnails/24a9e55117db246cfcd8263e.png	Common/UI/Custom/Pages/ImmersiveNpcAppearance/Catalog/Thumbnails/24a9e55117db246cfcd8263e.png	0029837384c8d7c1618b239541250bd2b98010e17699215c3d319ad3e45c9ed2
CAPE	FrostwardenSet_Cape	UI/Custom/Pages/ImmersiveNpcAppearance/Catalog/Thumbnails/a14f11ef388fd46f6699f6a3.png	Common/UI/Custom/Pages/ImmersiveNpcAppearance/Catalog/Thumbnails/a14f11ef388fd46f6699f6a3.png	e7a9c286e9679178ba62ceb06b538532d6a45dd14abaf9d622f23d03a41b952a
CAPE	Hope_Of_Gaia_Cape	UI/Custom/Pages/ImmersiveNpcAppearance/Catalog/Thumbnails/a50a6e68650f13f50d10bf9c.png	Common/UI/Custom/Pages/ImmersiveNpcAppearance/Catalog/Thumbnails/a50a6e68650f13f50d10bf9c.png	626d54430af54517b6f78fcaf9372e562bc361eb81e3832bf27b27a50b969a4e
EARS	Default	UI/Custom/Pages/ImmersiveNpcAppearance/Catalog/Thumbnails/22ac5dd7fa028bad0161394c.png	Common/UI/Custom/Pages/ImmersiveNpcAppearance/Catalog/Thumbnails/22ac5dd7fa028bad0161394c.png	880f6c3fd8df131bb99deaca0f0b144db353bdb25a6e20e46aa36d6ee2c2c228
EARS	Elf_Ears	UI/Custom/Pages/ImmersiveNpcAppearance/Catalog/Thumbnails/ae23e0b33931cd70ccc1a88b.png	Common/UI/Custom/Pages/ImmersiveNpcAppearance/Catalog/Thumbnails/ae23e0b33931cd70ccc1a88b.png	9f3875ce62780bc47e2964e9b04fe42770310c8614845a28452b5ec44e57f994
EARS	Elf_Ears_Large	UI/Custom/Pages/ImmersiveNpcAppearance/Catalog/Thumbnails/2bb27c130689258e76acdf0c.png	Common/UI/Custom/Pages/ImmersiveNpcAppearance/Catalog/Thumbnails/2bb27c130689258e76acdf0c.png	df9477cd1cc084e6ee97a46150d31e4cf68cc7d61cc6a8b49924db3070b72979
EARS	Elf_Ears_Large_Down	UI/Custom/Pages/ImmersiveNpcAppearance/Catalog/Thumbnails/b6cb3e2443e9665165e2cad7.png	Common/UI/Custom/Pages/ImmersiveNpcAppearance/Catalog/Thumbnails/b6cb3e2443e9665165e2cad7.png	ee68e8ea6d20ffdb85779c538fb94fd2009f47f9be1f0dc5085da6f2ae956513
EARS	Elf_Ears_Small	UI/Custom/Pages/ImmersiveNpcAppearance/Catalog/Thumbnails/fb718d1946946eb7b60ef58f.png	Common/UI/Custom/Pages/ImmersiveNpcAppearance/Catalog/Thumbnails/fb718d1946946eb7b60ef58f.png	3b164818bf16e12e70ac1c4ca2f3905c6f722483b3156375c7810a775de3abc5
EARS	Ogre_Ears	UI/Custom/Pages/ImmersiveNpcAppearance/Catalog/Thumbnails/0b5833c39e394280c95d0cf2.png	Common/UI/Custom/Pages/ImmersiveNpcAppearance/Catalog/Thumbnails/0b5833c39e394280c95d0cf2.png	0dd96d8b5004a7068e2651b96f9deb0edc6f5d9a9fd3c9aeac458b62f2ddf9e2
EAR_ACCESSORY	AcornEarrings	UI/Custom/Pages/ImmersiveNpcAppearance/Catalog/Thumbnails/294e968a591bcecd77a7e8ff.png	Common/UI/Custom/Pages/ImmersiveNpcAppearance/Catalog/Thumbnails/294e968a591bcecd77a7e8ff.png	3d2f4b0baa93370218a3bb1bebc32454c5398d856dea134ec74cd1d63aba16de
EAR_ACCESSORY	DoubleEarrings	UI/Custom/Pages/ImmersiveNpcAppearance/Catalog/Thumbnails/fa91009b8784735f54cc9e34.png	Common/UI/Custom/Pages/ImmersiveNpcAppearance/Catalog/Thumbnails/fa91009b8784735f54cc9e34.png	a5314b4dc0c6ed0ff10944097216a376f851b6062d9826797f5a9087ef8b2776
EAR_ACCESSORY	EarHoops	UI/Custom/Pages/ImmersiveNpcAppearance/Catalog/Thumbnails/6a361298dcefa8d92b3ee176.png	Common/UI/Custom/Pages/ImmersiveNpcAppearance/Catalog/Thumbnails/6a361298dcefa8d92b3ee176.png	dc23dd3145883421f6f0c32d24835e347ba42cdee3402871d14b4e3d8b0c088a
EAR_ACCESSORY	SilverHoopsBead	UI/Custom/Pages/ImmersiveNpcAppearance/Catalog/Thumbnails/bff969bc3b1fa9b5f2df89e5.png	Common/UI/Custom/Pages/ImmersiveNpcAppearance/Catalog/Thumbnails/bff969bc3b1fa9b5f2df89e5.png	b6fd3455f1e4a1f056e932ccf5572c1624ae37930847416f15a8f6d61a5d6b66
EAR_ACCESSORY	SimpleEarring	UI/Custom/Pages/ImmersiveNpcAppearance/Catalog/Thumbnails/d58ea990dfe31806d49e5693.png	Common/UI/Custom/Pages/ImmersiveNpcAppearance/Catalog/Thumbnails/d58ea990dfe31806d49e5693.png	c90c21e5f37192da6169170d4183fc8f6138100c1cca1ae63643e667c4cd4fcc
EAR_ACCESSORY	SpiralEarring	UI/Custom/Pages/ImmersiveNpcAppearance/Catalog/Thumbnails/aec42b681802a4992568dfb1.png	Common/UI/Custom/Pages/ImmersiveNpcAppearance/Catalog/Thumbnails/aec42b681802a4992568dfb1.png	d962ad773047eca1f6838f923fe33b07ab6245a479c5f37114fa3f920628a6f9
EYEBROWS	Angry	UI/Custom/Pages/ImmersiveNpcAppearance/Catalog/Thumbnails/e99f7975ac2b2e462597f56e.png	Common/UI/Custom/Pages/ImmersiveNpcAppearance/Catalog/Thumbnails/e99f7975ac2b2e462597f56e.png	d2b7c50e4b45be475c05f9f8a4a856ad88aba81c581ffbcbd11fcd0cd5e9904f
EYEBROWS	Bushy	UI/Custom/Pages/ImmersiveNpcAppearance/Catalog/Thumbnails/e06423fcf987868f99854a26.png	Common/UI/Custom/Pages/ImmersiveNpcAppearance/Catalog/Thumbnails/e06423fcf987868f99854a26.png	19fb1e99974c7420952ebb3e9704dc148e52c10dad4fadf31df9d1879679d97a
EYEBROWS	BushyThin	UI/Custom/Pages/ImmersiveNpcAppearance/Catalog/Thumbnails/964e1038f1f7aca0e1e03d97.png	Common/UI/Custom/Pages/ImmersiveNpcAppearance/Catalog/Thumbnails/964e1038f1f7aca0e1e03d97.png	cd234e86493d81842ca057524ee763d3a8df15dd4b17e78f474f277bf29148f8
EYEBROWS	Heavy	UI/Custom/Pages/ImmersiveNpcAppearance/Catalog/Thumbnails/98757ea59bb7131f330fae55.png	Common/UI/Custom/Pages/ImmersiveNpcAppearance/Catalog/Thumbnails/98757ea59bb7131f330fae55.png	dcce324bd322ed4cf0e3034bbacc716ee987b52396c011c9e703ae9e4bec6b51
EYEBROWS	Large	UI/Custom/Pages/ImmersiveNpcAppearance/Catalog/Thumbnails/a9301451088e9f1389199b32.png	Common/UI/Custom/Pages/ImmersiveNpcAppearance/Catalog/Thumbnails/a9301451088e9f1389199b32.png	99d58c6b925b34172790101c820ec02149e49c72346e8309a7f9dc3b701bf4d5
EYEBROWS	Medium	UI/Custom/Pages/ImmersiveNpcAppearance/Catalog/Thumbnails/18d033bd0808f2b782f62858.png	Common/UI/Custom/Pages/ImmersiveNpcAppearance/Catalog/Thumbnails/18d033bd0808f2b782f62858.png	df2c2608e651b2554c1bddbca0e6f48a65048d2866da42e2e9d357fe07de1017
EYEBROWS	Plucked	UI/Custom/Pages/ImmersiveNpcAppearance/Catalog/Thumbnails/ae14c09e7607684c2416aacf.png	Common/UI/Custom/Pages/ImmersiveNpcAppearance/Catalog/Thumbnails/ae14c09e7607684c2416aacf.png	32b5d0cbe5ae1da2bd56aeffac0da1763b0de62447854d06dde4415576d42cc7
EYEBROWS	RoundThin	UI/Custom/Pages/ImmersiveNpcAppearance/Catalog/Thumbnails/28f5445f8a8936f74c2463b3.png	Common/UI/Custom/Pages/ImmersiveNpcAppearance/Catalog/Thumbnails/28f5445f8a8936f74c2463b3.png	dd6515a3c2a6390072e69019cfdd0ea4b5c181be786b86edb15dec137451d049
EYEBROWS	Serious	UI/Custom/Pages/ImmersiveNpcAppearance/Catalog/Thumbnails/f82db4ff55ebf3ea5fa84beb.png	Common/UI/Custom/Pages/ImmersiveNpcAppearance/Catalog/Thumbnails/f82db4ff55ebf3ea5fa84beb.png	586db38c07f7f4243b9aec71d5686c6f6d061668cea079786555cd330e65506c
EYEBROWS	Shaved	UI/Custom/Pages/ImmersiveNpcAppearance/Catalog/Thumbnails/587e5cc11dc61bdfd0e214a1.png	Common/UI/Custom/Pages/ImmersiveNpcAppearance/Catalog/Thumbnails/587e5cc11dc61bdfd0e214a1.png	e5d6021f073dc615a07d282bebc99e72ab9b765e907b64a4abe9655db9134880
EYEBROWS	SmallRound	UI/Custom/Pages/ImmersiveNpcAppearance/Catalog/Thumbnails/d1a6503b08a31f82c464bc88.png	Common/UI/Custom/Pages/ImmersiveNpcAppearance/Catalog/Thumbnails/d1a6503b08a31f82c464bc88.png	fc6ebb3ada67bb20a38836476f467bfb02d8e04592756c791d950cc87e0a5fb6
EYEBROWS	Square	UI/Custom/Pages/ImmersiveNpcAppearance/Catalog/Thumbnails/2aff794e3fac0ca8346e3094.png	Common/UI/Custom/Pages/ImmersiveNpcAppearance/Catalog/Thumbnails/2aff794e3fac0ca8346e3094.png	083f6b8fc8af2c9cdd194eef7a489a2ae3df159c76d169fe13eabdacb097d354
EYEBROWS	Thick	UI/Custom/Pages/ImmersiveNpcAppearance/Catalog/Thumbnails/7f6bc79900c8a9412f0b46b2.png	Common/UI/Custom/Pages/ImmersiveNpcAppearance/Catalog/Thumbnails/7f6bc79900c8a9412f0b46b2.png	c7e077406a3b439a841ee81b35bbce1a0bae1f208066d55a378a064cca42da77
EYEBROWS	Thin	UI/Custom/Pages/ImmersiveNpcAppearance/Catalog/Thumbnails/3a4ef7a1e2b712e918fca909.png	Common/UI/Custom/Pages/ImmersiveNpcAppearance/Catalog/Thumbnails/3a4ef7a1e2b712e918fca909.png	77d4b121fb38d520fb1607a3e1b05011357904b39d109790a62f0963196ae1e4
EYES	Almond_Eyes	UI/Custom/Pages/ImmersiveNpcAppearance/Catalog/Thumbnails/1de8c23dc59fcb1ddff334b6.png	Common/UI/Custom/Pages/ImmersiveNpcAppearance/Catalog/Thumbnails/1de8c23dc59fcb1ddff334b6.png	9ca5e1b035142211757997edc04473730ab5f4dff0534dc4549dfd0843e71406
EYES	Cat_Eyes	UI/Custom/Pages/ImmersiveNpcAppearance/Catalog/Thumbnails/43b222d22dfaa50a67afb7fb.png	Common/UI/Custom/Pages/ImmersiveNpcAppearance/Catalog/Thumbnails/43b222d22dfaa50a67afb7fb.png	37b4fa5c19e4fc7402e854d15ba8760224243ee34343c8001d7ac4d2834c520e
EYES	Demonic_Eyes	UI/Custom/Pages/ImmersiveNpcAppearance/Catalog/Thumbnails/3b941fc1e998c5e2b70a67ee.png	Common/UI/Custom/Pages/ImmersiveNpcAppearance/Catalog/Thumbnails/3b941fc1e998c5e2b70a67ee.png	9e2870a5e180d3e838d56c6683af4c0cf44c35fbb6073ab688a3fcfa0ac20221
EYES	Goat_Eyes	UI/Custom/Pages/ImmersiveNpcAppearance/Catalog/Thumbnails/ddb6c00d6700066f0d4b7a23.png	Common/UI/Custom/Pages/ImmersiveNpcAppearance/Catalog/Thumbnails/ddb6c00d6700066f0d4b7a23.png	9c06dedfae175d33b916563a2cf49061ac9b12a0e3a33def9c02c51858021569
EYES	Large_Eyes	UI/Custom/Pages/ImmersiveNpcAppearance/Catalog/Thumbnails/675fbd3f3b1dd3a1559a859b.png	Common/UI/Custom/Pages/ImmersiveNpcAppearance/Catalog/Thumbnails/675fbd3f3b1dd3a1559a859b.png	585f38be18f0cf748675eb2a234241133475131910de59158b3f52cbc13e8768
EYES	Medium_Eyes	UI/Custom/Pages/ImmersiveNpcAppearance/Catalog/Thumbnails/956496df91a4f9f19c29a855.png	Common/UI/Custom/Pages/ImmersiveNpcAppearance/Catalog/Thumbnails/956496df91a4f9f19c29a855.png	df2c2608e651b2554c1bddbca0e6f48a65048d2866da42e2e9d357fe07de1017
EYES	Plain_Eyes	UI/Custom/Pages/ImmersiveNpcAppearance/Catalog/Thumbnails/4d6efd4c36fc8ac901444056.png	Common/UI/Custom/Pages/ImmersiveNpcAppearance/Catalog/Thumbnails/4d6efd4c36fc8ac901444056.png	101f2e73c4d062d5f1755afbff6bb5d3a7a4b917070e06610a9e089158973a45
EYES	Plain_Square_Eyes	UI/Custom/Pages/ImmersiveNpcAppearance/Catalog/Thumbnails/5c2c5cea66b668abe41dd2b0.png	Common/UI/Custom/Pages/ImmersiveNpcAppearance/Catalog/Thumbnails/5c2c5cea66b668abe41dd2b0.png	6b6e70d65b248335c6efc4f454a2777231a893db0d2147801b910b1cf1c0b14a
EYES	Reptile_Eyes	UI/Custom/Pages/ImmersiveNpcAppearance/Catalog/Thumbnails/396bb47bc4e72a7e2d7ce4af.png	Common/UI/Custom/Pages/ImmersiveNpcAppearance/Catalog/Thumbnails/396bb47bc4e72a7e2d7ce4af.png	2b4f95005c772bad4bd4d452df8593685bf56f5376067812e247eb511e07fd69
EYES	Square_Eyes	UI/Custom/Pages/ImmersiveNpcAppearance/Catalog/Thumbnails/ed3f28c53c7e816d27cca82c.png	Common/UI/Custom/Pages/ImmersiveNpcAppearance/Catalog/Thumbnails/ed3f28c53c7e816d27cca82c.png	ee8eae74e5de66261027626bc3adf96ebf581ff9298fd1f4e9921bc0e7a7519a
FACE	Face_Aged	UI/Custom/Pages/ImmersiveNpcAppearance/Catalog/Thumbnails/b301b788c7c50abca74ecfde.png	Common/UI/Custom/Pages/ImmersiveNpcAppearance/Catalog/Thumbnails/b301b788c7c50abca74ecfde.png	1c9f50ec7fe802c4849bde912e42eed9a017f6f39e5733b4a009098247c5be52
FACE	Face_Almond_Eyes	UI/Custom/Pages/ImmersiveNpcAppearance/Catalog/Thumbnails/44156b02c98729bda6a66de0.png	Common/UI/Custom/Pages/ImmersiveNpcAppearance/Catalog/Thumbnails/44156b02c98729bda6a66de0.png	09926ab771b8df768d90f68ba7c770f67ddf9539cbc3215556f03cb45c6d006d
FACE	Face_MakeUp	UI/Custom/Pages/ImmersiveNpcAppearance/Catalog/Thumbnails/8951e684023f4bbd3d58d0e7.png	Common/UI/Custom/Pages/ImmersiveNpcAppearance/Catalog/Thumbnails/8951e684023f4bbd3d58d0e7.png	681c36dcb3bb2390f27a7a4dfc25e15449ea7d3907432e56f30b3a1a6b248e1d
FACE	Face_MakeUp_6	UI/Custom/Pages/ImmersiveNpcAppearance/Catalog/Thumbnails/1ce02f784497ab28302dcfe6.png	Common/UI/Custom/Pages/ImmersiveNpcAppearance/Catalog/Thumbnails/1ce02f784497ab28302dcfe6.png	536753f7d22a8e635aec8bca2857aebe7761bf8f54fabe113ee5902276b06d44
FACE	Face_MakeUp_Freckles	UI/Custom/Pages/ImmersiveNpcAppearance/Catalog/Thumbnails/6998150d02488b4823991933.png	Common/UI/Custom/Pages/ImmersiveNpcAppearance/Catalog/Thumbnails/6998150d02488b4823991933.png	1d7022f0fcbf8af6a7484f9ed69698131817285fcc990cf99a2bf6e90d4a5824
FACE	Face_MakeUp_HeavyEyeliner	UI/Custom/Pages/ImmersiveNpcAppearance/Catalog/Thumbnails/b2f38c6613716d788d52a2d8.png	Common/UI/Custom/Pages/ImmersiveNpcAppearance/Catalog/Thumbnails/b2f38c6613716d788d52a2d8.png	60e7f017dceab04ae351332f098b389eef9d0adda8f169ef38473582ec1e370b
FACE	Face_MakeUp_Highlight	UI/Custom/Pages/ImmersiveNpcAppearance/Catalog/Thumbnails/32ebac17e1b1c0bc8c48d976.png	Common/UI/Custom/Pages/ImmersiveNpcAppearance/Catalog/Thumbnails/32ebac17e1b1c0bc8c48d976.png	6ab5ebaf18186dd99ec4331bc3200e32bd2a6d54c33edebbc82566074c055cea
FACE	Face_MakeUp_Older	UI/Custom/Pages/ImmersiveNpcAppearance/Catalog/Thumbnails/753e166daa598d911bd6edcf.png	Common/UI/Custom/Pages/ImmersiveNpcAppearance/Catalog/Thumbnails/753e166daa598d911bd6edcf.png	7e9256b1dff32799722e4a029e20477a9984871ca2fa2cf6748dcb5dc511b853
FACE	Face_MakeUp_Older2	UI/Custom/Pages/ImmersiveNpcAppearance/Catalog/Thumbnails/1f13dd831cf39462359ba9fa.png	Common/UI/Custom/Pages/ImmersiveNpcAppearance/Catalog/Thumbnails/1f13dd831cf39462359ba9fa.png	ef095f8d02f778fac0ded15a8f517e824e18395821c399c9a9afb9be7e6e6bcd
FACE	Face_Make_Up_2	UI/Custom/Pages/ImmersiveNpcAppearance/Catalog/Thumbnails/fd02f0947a420bdac7eb66af.png	Common/UI/Custom/Pages/ImmersiveNpcAppearance/Catalog/Thumbnails/fd02f0947a420bdac7eb66af.png	2ea16eca48eccc41ec4ade1995f98abb513fd151d3294ae699942f48fb216ed1
FACE	Face_Makeup_Blush	UI/Custom/Pages/ImmersiveNpcAppearance/Catalog/Thumbnails/3b484886c6f46dbd6ad10b9f.png	Common/UI/Custom/Pages/ImmersiveNpcAppearance/Catalog/Thumbnails/3b484886c6f46dbd6ad10b9f.png	15e3b396df4a88ab2e3d1317cbef755b46056bba194eb73d5b3d2564d349a99b
FACE	Face_Neutral	UI/Custom/Pages/ImmersiveNpcAppearance/Catalog/Thumbnails/7da4bc5ce1dd672483cc1c10.png	Common/UI/Custom/Pages/ImmersiveNpcAppearance/Catalog/Thumbnails/7da4bc5ce1dd672483cc1c10.png	df2c2608e651b2554c1bddbca0e6f48a65048d2866da42e2e9d357fe07de1017
FACE	Face_Neutral_Freckles	UI/Custom/Pages/ImmersiveNpcAppearance/Catalog/Thumbnails/4113e7de5e99f2fa2fa2c62e.png	Common/UI/Custom/Pages/ImmersiveNpcAppearance/Catalog/Thumbnails/4113e7de5e99f2fa2fa2c62e.png	3797999a3eeab6026dea01718e52602a90fa6e6b26d04a9643e38950b46f4373
FACE	Face_Older2	UI/Custom/Pages/ImmersiveNpcAppearance/Catalog/Thumbnails/877ab16a7cc29a40802c2786.png	Common/UI/Custom/Pages/ImmersiveNpcAppearance/Catalog/Thumbnails/877ab16a7cc29a40802c2786.png	e10e0dbe3f5933bcdf612305ef377269b2f8393da459139ca50abb187cb0452d
FACE	Face_Scar	UI/Custom/Pages/ImmersiveNpcAppearance/Catalog/Thumbnails/bc522d3564e2310131e20a0b.png	Common/UI/Custom/Pages/ImmersiveNpcAppearance/Catalog/Thumbnails/bc522d3564e2310131e20a0b.png	0575f35adb709d0d3ee75d0c39190655a9e39ed39e3e4121fa63cbb1f7c2d49f
FACE	Face_Stubble	UI/Custom/Pages/ImmersiveNpcAppearance/Catalog/Thumbnails/ba3f524d459637717b2a0e16.png	Common/UI/Custom/Pages/ImmersiveNpcAppearance/Catalog/Thumbnails/ba3f524d459637717b2a0e16.png	ab7c180f55d85a1152fdc0358bd37b532901b07cae68c32ce438bb6764448ca2
FACE	Face_Sunken	UI/Custom/Pages/ImmersiveNpcAppearance/Catalog/Thumbnails/199635576ba39239db8b06f1.png	Common/UI/Custom/Pages/ImmersiveNpcAppearance/Catalog/Thumbnails/199635576ba39239db8b06f1.png	29d14079dd14457f78c8b6069ba4d1be5dc9e5ed59917f799ae20954bf419416
FACE	Face_Tired_Eyes	UI/Custom/Pages/ImmersiveNpcAppearance/Catalog/Thumbnails/0526e96994d371f0362de17a.png	Common/UI/Custom/Pages/ImmersiveNpcAppearance/Catalog/Thumbnails/0526e96994d371f0362de17a.png	44143819f9bcc3fa8273cf2218e40b21364823f28ddac9a1d9438b4799494e61
FACE_ACCESSORY	AgentGlasses	UI/Custom/Pages/ImmersiveNpcAppearance/Catalog/Thumbnails/e21ebcea7be39bf9ddf69933.png	Common/UI/Custom/Pages/ImmersiveNpcAppearance/Catalog/Thumbnails/e21ebcea7be39bf9ddf69933.png	2ab49e4577cd3bca19fb30576c4eafbb87949f825b5279b24564aa119d043ab2
FACE_ACCESSORY	AviatorGlasses	UI/Custom/Pages/ImmersiveNpcAppearance/Catalog/Thumbnails/3e301336cacbe2713bb9f23c.png	Common/UI/Custom/Pages/ImmersiveNpcAppearance/Catalog/Thumbnails/3e301336cacbe2713bb9f23c.png	72120012a2d3c0dd10614190c69e46ea2345951f6c0af64e2df85a311f7ec769
FACE_ACCESSORY	BandageBlindfold	UI/Custom/Pages/ImmersiveNpcAppearance/Catalog/Thumbnails/66177528d42508930c7aec95.png	Common/UI/Custom/Pages/ImmersiveNpcAppearance/Catalog/Thumbnails/66177528d42508930c7aec95.png	8f3840cc68469a41ce2714fc379b9fe144b1ddd772ebbe4dfa2d68e8b2014b0b
FACE_ACCESSORY	BanditMask	UI/Custom/Pages/ImmersiveNpcAppearance/Catalog/Thumbnails/d060f48911cad86776d2bcfb.png	Common/UI/Custom/Pages/ImmersiveNpcAppearance/Catalog/Thumbnails/d060f48911cad86776d2bcfb.png	24e4e767891df728a716e8576cf4fb642a2b4f5ef48d075b4dfb6e4a8a5e3571
FACE_ACCESSORY	Blindfold	UI/Custom/Pages/ImmersiveNpcAppearance/Catalog/Thumbnails/2c46e79b02be680f0e04f4a2.png	Common/UI/Custom/Pages/ImmersiveNpcAppearance/Catalog/Thumbnails/2c46e79b02be680f0e04f4a2.png	51eaf9d6bd1c4d6a5d5525f4a9d120d53685d5ca6dbd9f2ab63e532946a232ff
FACE_ACCESSORY	BusinessGlasses	UI/Custom/Pages/ImmersiveNpcAppearance/Catalog/Thumbnails/ec61c33deec8b7c6485300f8.png	Common/UI/Custom/Pages/ImmersiveNpcAppearance/Catalog/Thumbnails/ec61c33deec8b7c6485300f8.png	9ea85467025ac0eddc3896ee1f101daa62041c055e9c0156c53aeefd9b151861
FACE_ACCESSORY	ColouredGlasses	UI/Custom/Pages/ImmersiveNpcAppearance/Catalog/Thumbnails/f3e06259d50c552062225714.png	Common/UI/Custom/Pages/ImmersiveNpcAppearance/Catalog/Thumbnails/f3e06259d50c552062225714.png	50f31ede62bb66ab03ee2f1ff2b4c60c90b50f1dc40b0ef2318f8e61618d75a2
FACE_ACCESSORY	CrazyGlasses	UI/Custom/Pages/ImmersiveNpcAppearance/Catalog/Thumbnails/e174e8fcd33e0d9107222ef9.png	Common/UI/Custom/Pages/ImmersiveNpcAppearance/Catalog/Thumbnails/e174e8fcd33e0d9107222ef9.png	be8e27b56dca95acc536f75710d9ad298d9ca2321b68f56757aeabfc31192865
FACE_ACCESSORY	EyePatch	UI/Custom/Pages/ImmersiveNpcAppearance/Catalog/Thumbnails/a33ce1d5e8606f6fbce89205.png	Common/UI/Custom/Pages/ImmersiveNpcAppearance/Catalog/Thumbnails/a33ce1d5e8606f6fbce89205.png	371a2580dfa3133359047483ec9af3aa61f06a9104b2c3209a373bcd2c43b3e4
FACE_ACCESSORY	Glasses	UI/Custom/Pages/ImmersiveNpcAppearance/Catalog/Thumbnails/ab4c1054b32bfeaab5fc0cc0.png	Common/UI/Custom/Pages/ImmersiveNpcAppearance/Catalog/Thumbnails/ab4c1054b32bfeaab5fc0cc0.png	14f010a8cae65503afdbc40899ecc6bc4d720b25f35822984b1c06357418e3ca
FACE_ACCESSORY	GlassesTiny	UI/Custom/Pages/ImmersiveNpcAppearance/Catalog/Thumbnails/919cf1a83a57822e11561424.png	Common/UI/Custom/Pages/ImmersiveNpcAppearance/Catalog/Thumbnails/919cf1a83a57822e11561424.png	003bf665eb3fefa0921c0ab69015785628a517432c4731a7e1412d30cf170553
FACE_ACCESSORY	Glasses_Monocle	UI/Custom/Pages/ImmersiveNpcAppearance/Catalog/Thumbnails/7252abbb9311839101645b73.png	Common/UI/Custom/Pages/ImmersiveNpcAppearance/Catalog/Thumbnails/7252abbb9311839101645b73.png	cdce214cc181dbd7cba69a3122ad63181ace68dd612ec1095c82aa9f09d5ad42
FACE_ACCESSORY	Goggles_Wasteland_Marauder	UI/Custom/Pages/ImmersiveNpcAppearance/Catalog/Thumbnails/46ea73ababfe63a74294ef31.png	Common/UI/Custom/Pages/ImmersiveNpcAppearance/Catalog/Thumbnails/46ea73ababfe63a74294ef31.png	f40410891928df4b0bd111769f4a2c94a3a7dbea6923f940bb18de4d12b64c46
FACE_ACCESSORY	HeartGlasses	UI/Custom/Pages/ImmersiveNpcAppearance/Catalog/Thumbnails/92f50617848b7c569d495b5b.png	Common/UI/Custom/Pages/ImmersiveNpcAppearance/Catalog/Thumbnails/92f50617848b7c569d495b5b.png	a90571e05767babc758198607a62b822f0b8af4a0e07abd14cd78131f2cbad85
FACE_ACCESSORY	LargeGlasses	UI/Custom/Pages/ImmersiveNpcAppearance/Catalog/Thumbnails/b189e6ae96d1f5a49b8af254.png	Common/UI/Custom/Pages/ImmersiveNpcAppearance/Catalog/Thumbnails/b189e6ae96d1f5a49b8af254.png	6468402077b8ecc5165ecb3b5b10052b6deeb6da6da3821a129bfdb6ac91690a
FACE_ACCESSORY	MedicalEyePatch	UI/Custom/Pages/ImmersiveNpcAppearance/Catalog/Thumbnails/7f9f240e562aee8509d3b3ae.png	Common/UI/Custom/Pages/ImmersiveNpcAppearance/Catalog/Thumbnails/7f9f240e562aee8509d3b3ae.png	abf4e09d1a9cf27f44cafb513e01a60f5ad1f0c7a724f240af6860eff058e2a9
FACE_ACCESSORY	MouthCover	UI/Custom/Pages/ImmersiveNpcAppearance/Catalog/Thumbnails/e3a9612bac798ca0d93afd04.png	Common/UI/Custom/Pages/ImmersiveNpcAppearance/Catalog/Thumbnails/e3a9612bac798ca0d93afd04.png	a08a433664711ddbc3fdd3e3dc524409b99d3f8d44aacf53227859f9c92aaa58
FACE_ACCESSORY	MouthWheat	UI/Custom/Pages/ImmersiveNpcAppearance/Catalog/Thumbnails/237f1b935af3f9e91e7a9a4e.png	Common/UI/Custom/Pages/ImmersiveNpcAppearance/Catalog/Thumbnails/237f1b935af3f9e91e7a9a4e.png	05ffa1bd53a0294392d0c251f3fe31ac221aaa2bed69b96481b9deaaabeedba7
FACE_ACCESSORY	Plaster	UI/Custom/Pages/ImmersiveNpcAppearance/Catalog/Thumbnails/0ccc2e434895948420aa5990.png	Common/UI/Custom/Pages/ImmersiveNpcAppearance/Catalog/Thumbnails/0ccc2e434895948420aa5990.png	e9dc0597917007b564aa65d4f9fc3f382d682e318ad311fdb92ff37d992929ad
FACE_ACCESSORY	RoundGlasses	UI/Custom/Pages/ImmersiveNpcAppearance/Catalog/Thumbnails/6d77d0403152c3a5140cbc7e.png	Common/UI/Custom/Pages/ImmersiveNpcAppearance/Catalog/Thumbnails/6d77d0403152c3a5140cbc7e.png	6ad6d630e8e6b505e4afe263646c3b7d31eea12e862c225f66c33cea77f57328
FACE_ACCESSORY	SunGlasses	UI/Custom/Pages/ImmersiveNpcAppearance/Catalog/Thumbnails/938488c7941dcf67c75eca86.png	Common/UI/Custom/Pages/ImmersiveNpcAppearance/Catalog/Thumbnails/938488c7941dcf67c75eca86.png	e6a2f93f9410a64dd242c95a422e075bc2f16819a0bfa4b8ea8706ea519deb37
FACIAL_HAIR	Beard_Anchor	UI/Custom/Pages/ImmersiveNpcAppearance/Catalog/Thumbnails/b56b3db7ded09b219075ece1.png	Common/UI/Custom/Pages/ImmersiveNpcAppearance/Catalog/Thumbnails/b56b3db7ded09b219075ece1.png	0257d63bd9cc6b9b3e06fc21cdd47fbb10366ec5721ff4bb6e92bd516602f741
FACIAL_HAIR	Beard_Large	UI/Custom/Pages/ImmersiveNpcAppearance/Catalog/Thumbnails/b19c2233c2c795513d5e902a.png	Common/UI/Custom/Pages/ImmersiveNpcAppearance/Catalog/Thumbnails/b19c2233c2c795513d5e902a.png	621802b39cefa148fe99fc0746d9aba52881375b4b7d7028b22633ffe9d517d7
FACIAL_HAIR	Chin_Curtain	UI/Custom/Pages/ImmersiveNpcAppearance/Catalog/Thumbnails/5d16ee7b15da3639104e786f.png	Common/UI/Custom/Pages/ImmersiveNpcAppearance/Catalog/Thumbnails/5d16ee7b15da3639104e786f.png	32fcc5b72b441732cb1eb595f1bc71c87efe5f1fb2ffb19fb396d59bfa24d550
FACIAL_HAIR	CurlyLongBeard	UI/Custom/Pages/ImmersiveNpcAppearance/Catalog/Thumbnails/1b59e02fe867bfe0dc58f46d.png	Common/UI/Custom/Pages/ImmersiveNpcAppearance/Catalog/Thumbnails/1b59e02fe867bfe0dc58f46d.png	959810f784de019f186411da49ad81f31ca52e1be19f94257fd4a39ea3be0818
FACIAL_HAIR	DoubleBraid	UI/Custom/Pages/ImmersiveNpcAppearance/Catalog/Thumbnails/a45682005e600a6006280cd6.png	Common/UI/Custom/Pages/ImmersiveNpcAppearance/Catalog/Thumbnails/a45682005e600a6006280cd6.png	360b5512482098453055a9faab7132f63118fca3edc9d2348303682b40b3a6c1
FACIAL_HAIR	Goatee	UI/Custom/Pages/ImmersiveNpcAppearance/Catalog/Thumbnails/44ecbcc404f7612e18cd6262.png	Common/UI/Custom/Pages/ImmersiveNpcAppearance/Catalog/Thumbnails/44ecbcc404f7612e18cd6262.png	defcce6a40e5f8861435b202639f12f958827ffb946861c0eff2a6ad637a3c99
FACIAL_HAIR	GoateeLong	UI/Custom/Pages/ImmersiveNpcAppearance/Catalog/Thumbnails/0b4f592b9e83517a983755fb.png	Common/UI/Custom/Pages/ImmersiveNpcAppearance/Catalog/Thumbnails/0b4f592b9e83517a983755fb.png	afa298d710a1a12f0f4b40b27ae44324b111e4368814812773174c03607fd227
FACIAL_HAIR	Groomed	UI/Custom/Pages/ImmersiveNpcAppearance/Catalog/Thumbnails/f9436ac0b8a5820afba02f9c.png	Common/UI/Custom/Pages/ImmersiveNpcAppearance/Catalog/Thumbnails/f9436ac0b8a5820afba02f9c.png	03b06923ab272834f3c92239d85e48ed38130a62177e17cafd474447807689b2
FACIAL_HAIR	Groomed_Large	UI/Custom/Pages/ImmersiveNpcAppearance/Catalog/Thumbnails/f438ad09ce6ccfd7c647d04a.png	Common/UI/Custom/Pages/ImmersiveNpcAppearance/Catalog/Thumbnails/f438ad09ce6ccfd7c647d04a.png	5ce6a008cb1249aa48bef775d4b174a1bf534bc7c2a292f847edf96ecda859dd
FACIAL_HAIR	Handlebar	UI/Custom/Pages/ImmersiveNpcAppearance/Catalog/Thumbnails/fcac7ce0377b1144be968ff3.png	Common/UI/Custom/Pages/ImmersiveNpcAppearance/Catalog/Thumbnails/fcac7ce0377b1144be968ff3.png	9476d4d85af4fa283b240095babd5aeedab27802ac80d821ac30760ceda4ae58
FACIAL_HAIR	Hip	UI/Custom/Pages/ImmersiveNpcAppearance/Catalog/Thumbnails/94b6f64d688f704b3d6b374c.png	Common/UI/Custom/Pages/ImmersiveNpcAppearance/Catalog/Thumbnails/94b6f64d688f704b3d6b374c.png	3ee8b2bb72ab1f69ce6b2c2a7dc0d477e684a3ebda6b1508681a45c682d432e4
FACIAL_HAIR	Medium	UI/Custom/Pages/ImmersiveNpcAppearance/Catalog/Thumbnails/80c542f0e5021ac8f44fa42e.png	Common/UI/Custom/Pages/ImmersiveNpcAppearance/Catalog/Thumbnails/80c542f0e5021ac8f44fa42e.png	2913f1f75effb781bdbf66cb5744a17b1c96dae11914235601e42f63302f2c99
FACIAL_HAIR	Moustache	UI/Custom/Pages/ImmersiveNpcAppearance/Catalog/Thumbnails/edf584297409b690c7e6f8ae.png	Common/UI/Custom/Pages/ImmersiveNpcAppearance/Catalog/Thumbnails/edf584297409b690c7e6f8ae.png	c1dd47c4c996c1eda094cf98636e4e0175ceb3a054485bc617c732ba8e5ca471
FACIAL_HAIR	Moustache_Split	UI/Custom/Pages/ImmersiveNpcAppearance/Catalog/Thumbnails/71845fa99a7abcdd909d2748.png	Common/UI/Custom/Pages/ImmersiveNpcAppearance/Catalog/Thumbnails/71845fa99a7abcdd909d2748.png	1719a7c83ef140f2e304505e9f69905eb942704c3b242d7bbf41194fb1c382cb
FACIAL_HAIR	Moustache_SplitLong	UI/Custom/Pages/ImmersiveNpcAppearance/Catalog/Thumbnails/1b1c2ebb41d8dc759de0f74d.png	Common/UI/Custom/Pages/ImmersiveNpcAppearance/Catalog/Thumbnails/1b1c2ebb41d8dc759de0f74d.png	43809e56b1469e05526b21b26a966628e738a22f9abdb2b320e823b5f480ebb2
FACIAL_HAIR	PirateBeard	UI/Custom/Pages/ImmersiveNpcAppearance/Catalog/Thumbnails/0c9b5057a5a126fd361c6659.png	Common/UI/Custom/Pages/ImmersiveNpcAppearance/Catalog/Thumbnails/0c9b5057a5a126fd361c6659.png	d53e22942eed2555412d22004aea65d124b3105475116bc9a03f716f59fe8d3d
FACIAL_HAIR	PirateGoatee	UI/Custom/Pages/ImmersiveNpcAppearance/Catalog/Thumbnails/9188f55c6b3b364f64d80617.png	Common/UI/Custom/Pages/ImmersiveNpcAppearance/Catalog/Thumbnails/9188f55c6b3b364f64d80617.png	d3c2716ecc5a625fef9b702313c665022a71cfe4f0d8d01b64537fa7e98924c2
FACIAL_HAIR	Short_Trimmed	UI/Custom/Pages/ImmersiveNpcAppearance/Catalog/Thumbnails/45c50c2c1dbd4ecee3595c57.png	Common/UI/Custom/Pages/ImmersiveNpcAppearance/Catalog/Thumbnails/45c50c2c1dbd4ecee3595c57.png	f304a0b558d92636f5cf395b49a353d1221eea1c3db8d87a83807823ab096776
FACIAL_HAIR	Soldier	UI/Custom/Pages/ImmersiveNpcAppearance/Catalog/Thumbnails/4c9e72f634e0759fb1f1490c.png	Common/UI/Custom/Pages/ImmersiveNpcAppearance/Catalog/Thumbnails/4c9e72f634e0759fb1f1490c.png	9cf4ec1d70f2abe998ad5f2c816d4aa99e39e9e5abab0c81786ca29da99ee1a1
FACIAL_HAIR	SoulPatch	UI/Custom/Pages/ImmersiveNpcAppearance/Catalog/Thumbnails/c064c3c6f8523c42f6e9f209.png	Common/UI/Custom/Pages/ImmersiveNpcAppearance/Catalog/Thumbnails/c064c3c6f8523c42f6e9f209.png	57c36e26d0162242d65d98dd2dda28694c358b5c650c516ebebdf6d64d1c7434
FACIAL_HAIR	Stylish	UI/Custom/Pages/ImmersiveNpcAppearance/Catalog/Thumbnails/7a8b30662a2314a4e7bad9ae.png	Common/UI/Custom/Pages/ImmersiveNpcAppearance/Catalog/Thumbnails/7a8b30662a2314a4e7bad9ae.png	cc97b69e9d83772af38056be3dc513619364c26ef3ada6c3812251c63fbdf4e6
FACIAL_HAIR	ThinGoatee	UI/Custom/Pages/ImmersiveNpcAppearance/Catalog/Thumbnails/8101b967ef48f583e5993167.png	Common/UI/Custom/Pages/ImmersiveNpcAppearance/Catalog/Thumbnails/8101b967ef48f583e5993167.png	725e79904dfc2b931c3e92c19574cfb9a1da2ddcca8940b6881b993a504e9cf1
FACIAL_HAIR	Trimmed	UI/Custom/Pages/ImmersiveNpcAppearance/Catalog/Thumbnails/191279f30eb82fb0423e4b0e.png	Common/UI/Custom/Pages/ImmersiveNpcAppearance/Catalog/Thumbnails/191279f30eb82fb0423e4b0e.png	c898badccc8c771743449711033b8cbbb1b273794765aaf4672e959ce2c48877
FACIAL_HAIR	TripleBraid	UI/Custom/Pages/ImmersiveNpcAppearance/Catalog/Thumbnails/b0fbbf5fe9d68dbeef7d9f2f.png	Common/UI/Custom/Pages/ImmersiveNpcAppearance/Catalog/Thumbnails/b0fbbf5fe9d68dbeef7d9f2f.png	2c985ee23697a58e09c9022f5bd544ba66557bfb01fac3145d0cd4ebd8b6852d
FACIAL_HAIR	TwirlyMoustache	UI/Custom/Pages/ImmersiveNpcAppearance/Catalog/Thumbnails/6e221125080f42d84f39b092.png	Common/UI/Custom/Pages/ImmersiveNpcAppearance/Catalog/Thumbnails/6e221125080f42d84f39b092.png	2a0661bc7d436cd605bd3d36c4b36a4ec1fe45964234b10610566f6fe7624693
FACIAL_HAIR	VikingBeard	UI/Custom/Pages/ImmersiveNpcAppearance/Catalog/Thumbnails/e72a15df3c008cc0cff25767.png	Common/UI/Custom/Pages/ImmersiveNpcAppearance/Catalog/Thumbnails/e72a15df3c008cc0cff25767.png	9b4e39bc930c857a62166758365fcd4b54c80eea72fb2c01a85182cdff5420f8
FACIAL_HAIR	VikingBeard2	UI/Custom/Pages/ImmersiveNpcAppearance/Catalog/Thumbnails/f8fc9d0d2b982909d2b6d938.png	Common/UI/Custom/Pages/ImmersiveNpcAppearance/Catalog/Thumbnails/f8fc9d0d2b982909d2b6d938.png	a1767485bb292b75cce7013b8e62461dfffb960ec3ac581cd63092fbc85df812
FACIAL_HAIR	WavyLongBeard	UI/Custom/Pages/ImmersiveNpcAppearance/Catalog/Thumbnails/8ac0bfb68f6c452b1ba6afb6.png	Common/UI/Custom/Pages/ImmersiveNpcAppearance/Catalog/Thumbnails/8ac0bfb68f6c452b1ba6afb6.png	eac054c62f27a4075c6d60aebc1dbf0b45730b031f28df7c8402d10f04339884
GLOVES	Arctic_Scout_Gloves	UI/Custom/Pages/ImmersiveNpcAppearance/Catalog/Thumbnails/d1b88ca86f1416af9e5d5a35.png	Common/UI/Custom/Pages/ImmersiveNpcAppearance/Catalog/Thumbnails/d1b88ca86f1416af9e5d5a35.png	057093ce29c7c78f568e6f1e74b54deea0c095dfdd15a26666ecd614ee08b62c
GLOVES	BasicGloves_Basic	UI/Custom/Pages/ImmersiveNpcAppearance/Catalog/Thumbnails/d629660e8e93e770f4ccb349.png	Common/UI/Custom/Pages/ImmersiveNpcAppearance/Catalog/Thumbnails/d629660e8e93e770f4ccb349.png	eab7dc521d56b51702abe5985f138b6016acb43e3eefbb1bcd33056219332b68
GLOVES	Battleworn_Gloves	UI/Custom/Pages/ImmersiveNpcAppearance/Catalog/Thumbnails/d61e8b2f80af1ee9b82193c8.png	Common/UI/Custom/Pages/ImmersiveNpcAppearance/Catalog/Thumbnails/d61e8b2f80af1ee9b82193c8.png	78ce20496260099ce79d5e126fc09720e816261dc4b026566cefb14c9ee24c55
GLOVES	BoxingGloves	UI/Custom/Pages/ImmersiveNpcAppearance/Catalog/Thumbnails/b0d8ba3d108d8ea3d1f01471.png	Common/UI/Custom/Pages/ImmersiveNpcAppearance/Catalog/Thumbnails/b0d8ba3d108d8ea3d1f01471.png	505674a7bb8acf8921a58d1bf164367ad0881939f311c79c73ab1223d9b7a53c
GLOVES	Bracer_Daisy	UI/Custom/Pages/ImmersiveNpcAppearance/Catalog/Thumbnails/7d598e005be3ee06c7077390.png	Common/UI/Custom/Pages/ImmersiveNpcAppearance/Catalog/Thumbnails/7d598e005be3ee06c7077390.png	b8687fbca1c1f14cca47050b907dc30622d8fb531fada0bc2be3b0d097778245
GLOVES	CatacombCrawler_Gloves	UI/Custom/Pages/ImmersiveNpcAppearance/Catalog/Thumbnails/b4216436b7a20dbebd940bd5.png	Common/UI/Custom/Pages/ImmersiveNpcAppearance/Catalog/Thumbnails/b4216436b7a20dbebd940bd5.png	b95ac7d317c1ca3090548f0e5269cff35480c9a9271216ebe669d7e9cc874d41
GLOVES	FlowerBracer	UI/Custom/Pages/ImmersiveNpcAppearance/Catalog/Thumbnails/84e7bec1440416e62f94a839.png	Common/UI/Custom/Pages/ImmersiveNpcAppearance/Catalog/Thumbnails/84e7bec1440416e62f94a839.png	55eb4011bcff1f20a7a4912635bfceee9fcd76f4c8cf47b81df37019093b3490
GLOVES	Gloves_Blazen_Wizard	UI/Custom/Pages/ImmersiveNpcAppearance/Catalog/Thumbnails/2de14b29f079acf57eb87a35.png	Common/UI/Custom/Pages/ImmersiveNpcAppearance/Catalog/Thumbnails/2de14b29f079acf57eb87a35.png	0e623370347c392ce6cd9f4322930ec8cb8b22bab45aa976d98521291b3dcc81
GLOVES	Gloves_Medium_Featherbound	UI/Custom/Pages/ImmersiveNpcAppearance/Catalog/Thumbnails/668ca6682bff80689b836d37.png	Common/UI/Custom/Pages/ImmersiveNpcAppearance/Catalog/Thumbnails/668ca6682bff80689b836d37.png	476da6a9c6277fca0ac44fa1c10ff3265bfba493b680833cfebbe9775d9416e3
GLOVES	Gloves_Void_Hero	UI/Custom/Pages/ImmersiveNpcAppearance/Catalog/Thumbnails/06855bbd0d08fc68317238a2.png	Common/UI/Custom/Pages/ImmersiveNpcAppearance/Catalog/Thumbnails/06855bbd0d08fc68317238a2.png	5f22af6c9a4801e6d61f49a3298a9578122822fe7dae3cf80749db494cc01217
GLOVES	Gloves_Wasteland_Marauder	UI/Custom/Pages/ImmersiveNpcAppearance/Catalog/Thumbnails/89eb1439400c3e332fd0edab.png	Common/UI/Custom/Pages/ImmersiveNpcAppearance/Catalog/Thumbnails/89eb1439400c3e332fd0edab.png	bcdb612575eae0a710265da30a6995fbb05210a503aabf0a1a992838e0c21c6c
GLOVES	GoldenBracelets	UI/Custom/Pages/ImmersiveNpcAppearance/Catalog/Thumbnails/522b1c4d582d29c008cc2ef3.png	Common/UI/Custom/Pages/ImmersiveNpcAppearance/Catalog/Thumbnails/522b1c4d582d29c008cc2ef3.png	d37d10704b82a0e6ed213a17b498ebbc1eb2fa11d140339a4760bd5e3f95ccc7
GLOVES	Hope_Of_Gaia_Gloves	UI/Custom/Pages/ImmersiveNpcAppearance/Catalog/Thumbnails/d123ded25c23f47b0e03177d.png	Common/UI/Custom/Pages/ImmersiveNpcAppearance/Catalog/Thumbnails/d123ded25c23f47b0e03177d.png	deba9adbf8690cd2637412fbb74f8f1cd55e650d6db8f255cd74d521771d34ee
GLOVES	LeatherMittens	UI/Custom/Pages/ImmersiveNpcAppearance/Catalog/Thumbnails/b851a2967b881441f4400303.png	Common/UI/Custom/Pages/ImmersiveNpcAppearance/Catalog/Thumbnails/b851a2967b881441f4400303.png	fd2a97cf01138d318070e320d357370f52366af798d0ee4535dd97678581f21f
GLOVES	LongGloves_Popstar	UI/Custom/Pages/ImmersiveNpcAppearance/Catalog/Thumbnails/583be58fdd2624a8ae5adb05.png	Common/UI/Custom/Pages/ImmersiveNpcAppearance/Catalog/Thumbnails/583be58fdd2624a8ae5adb05.png	eaed4c86d55497afb821e08d45596e53f5fa57ecbb23fcc7f89dded231a3eaa0
GLOVES	LongGloves_Savanna	UI/Custom/Pages/ImmersiveNpcAppearance/Catalog/Thumbnails/1416d0bf576d35f9c1269111.png	Common/UI/Custom/Pages/ImmersiveNpcAppearance/Catalog/Thumbnails/1416d0bf576d35f9c1269111.png	b027767a0ef9b59848eac6d0a18969fbfdb7c0c3f9e748cbd67bb576c70f8607
GLOVES	Merchant_Gloves	UI/Custom/Pages/ImmersiveNpcAppearance/Catalog/Thumbnails/5b8939e8ee5577f66dbb1657.png	Common/UI/Custom/Pages/ImmersiveNpcAppearance/Catalog/Thumbnails/5b8939e8ee5577f66dbb1657.png	ed632542ef63a2c056ab74da50cafcfad667d17b59b89f5410403f298495b3b7
GLOVES	MiningGloves	UI/Custom/Pages/ImmersiveNpcAppearance/Catalog/Thumbnails/805e78a30c3cb894bc5ee383.png	Common/UI/Custom/Pages/ImmersiveNpcAppearance/Catalog/Thumbnails/805e78a30c3cb894bc5ee383.png	a56939581d50e9ee307d1c4b4b66dc659946dcda80a352d9059d0c1e0320fb82
GLOVES	Scavenger_Gloves	UI/Custom/Pages/ImmersiveNpcAppearance/Catalog/Thumbnails/400ab9c26ecd4de2bfc1c8fb.png	Common/UI/Custom/Pages/ImmersiveNpcAppearance/Catalog/Thumbnails/400ab9c26ecd4de2bfc1c8fb.png	1fd2c03f201a10a99a8c5ce9f7d57e95d74bc5854e91b7ed2d5209471c174492
GLOVES	Shackles_Feran	UI/Custom/Pages/ImmersiveNpcAppearance/Catalog/Thumbnails/6e8e1327fbc64d0e18911585.png	Common/UI/Custom/Pages/ImmersiveNpcAppearance/Catalog/Thumbnails/6e8e1327fbc64d0e18911585.png	5fec5e9277649a37ab7addb78a8e7df7de93f97c1abc528cee4963760cc34cc2
GLOVES	Spiked_Bracelets	UI/Custom/Pages/ImmersiveNpcAppearance/Catalog/Thumbnails/7ad5e751ddd38888ca60cac3.png	Common/UI/Custom/Pages/ImmersiveNpcAppearance/Catalog/Thumbnails/7ad5e751ddd38888ca60cac3.png	509de6486137054f7a091511ce0e1cedf107ac281dd932766d9b53df22d05356
GLOVES	Straps_Leather	UI/Custom/Pages/ImmersiveNpcAppearance/Catalog/Thumbnails/356dd47049f373166984eba4.png	Common/UI/Custom/Pages/ImmersiveNpcAppearance/Catalog/Thumbnails/356dd47049f373166984eba4.png	5db406d6d9f2f6355c3f086ae6813b44d7a293c4e5501a7551807fc69cdd5dbe
HAIRCUT	Afro	UI/Custom/Pages/ImmersiveNpcAppearance/Catalog/Thumbnails/6d8ae4434d61d6d3313a3f1e.png	Common/UI/Custom/Pages/ImmersiveNpcAppearance/Catalog/Thumbnails/6d8ae4434d61d6d3313a3f1e.png	640895f73084ed34941e8d7acb8ae19b047e91f324b328cad8bec56018e61e31
HAIRCUT	AfroBig	UI/Custom/Pages/ImmersiveNpcAppearance/Catalog/Thumbnails/17912718882adc2d6ba1cb94.png	Common/UI/Custom/Pages/ImmersiveNpcAppearance/Catalog/Thumbnails/17912718882adc2d6ba1cb94.png	22da3d1d8b3cfdcb33baf2529f0ea4f8784f2c8a2d97c9aca278ae25be1b299c
HAIRCUT	AfroPuffs	UI/Custom/Pages/ImmersiveNpcAppearance/Catalog/Thumbnails/a2b89c6d5b5554f50253e4c0.png	Common/UI/Custom/Pages/ImmersiveNpcAppearance/Catalog/Thumbnails/a2b89c6d5b5554f50253e4c0.png	7d22c66126500421050bd1223416beb6e6e091fb65e0834c0f0c4a31d8151991
HAIRCUT	Balding	UI/Custom/Pages/ImmersiveNpcAppearance/Catalog/Thumbnails/05c3018e90a700a563839755.png	Common/UI/Custom/Pages/ImmersiveNpcAppearance/Catalog/Thumbnails/05c3018e90a700a563839755.png	0e51e84116044b6522341ce9d2b56d21a28a78e1180618e7e6e4ff938527fe5f
HAIRCUT	Bangs	UI/Custom/Pages/ImmersiveNpcAppearance/Catalog/Thumbnails/3383f643ffd6ce5f4cf98a8a.png	Common/UI/Custom/Pages/ImmersiveNpcAppearance/Catalog/Thumbnails/3383f643ffd6ce5f4cf98a8a.png	8d0a5209465d61aace01e7b94406f4bcb703b0e23ccf02fd549c4bd08c2e8d82
HAIRCUT	BangsShavedBack	UI/Custom/Pages/ImmersiveNpcAppearance/Catalog/Thumbnails/ed734b8d96a1691bc17d28b2.png	Common/UI/Custom/Pages/ImmersiveNpcAppearance/Catalog/Thumbnails/ed734b8d96a1691bc17d28b2.png	627af7a3252d080d329a26537daa1c1abf7e15e7f7e8c2514e73bad8fcda552d
HAIRCUT	BantuKnot	UI/Custom/Pages/ImmersiveNpcAppearance/Catalog/Thumbnails/425fa1fca9b6588b493fc7a3.png	Common/UI/Custom/Pages/ImmersiveNpcAppearance/Catalog/Thumbnails/425fa1fca9b6588b493fc7a3.png	e9fce2dfa07aa3aec9234d98ce1cdd578cffd87f3bc5e0cb1a16b783e19214fa
HAIRCUT	Berserker	UI/Custom/Pages/ImmersiveNpcAppearance/Catalog/Thumbnails/be55faa7b15a4d64ac183a7a.png	Common/UI/Custom/Pages/ImmersiveNpcAppearance/Catalog/Thumbnails/be55faa7b15a4d64ac183a7a.png	df09d5bd9712c97e578de6d8f0bd63675d89b725be316681b5d89805101a6321
HAIRCUT	BobCut	UI/Custom/Pages/ImmersiveNpcAppearance/Catalog/Thumbnails/42f75f9a7a9e688be648c945.png	Common/UI/Custom/Pages/ImmersiveNpcAppearance/Catalog/Thumbnails/42f75f9a7a9e688be648c945.png	83dbf258c89710ba5b48ee41b48ade28bda0e937b9e277d5e422f66bab589a1a
HAIRCUT	BowHair	UI/Custom/Pages/ImmersiveNpcAppearance/Catalog/Thumbnails/02b134c4d136800bd4b97d0f.png	Common/UI/Custom/Pages/ImmersiveNpcAppearance/Catalog/Thumbnails/02b134c4d136800bd4b97d0f.png	62b763cb639f1de91395f6f6925ed3b665df92aa911f04e0bd43cd566ce693e1
HAIRCUT	BowlCut	UI/Custom/Pages/ImmersiveNpcAppearance/Catalog/Thumbnails/f94427d299c798be6f1bd289.png	Common/UI/Custom/Pages/ImmersiveNpcAppearance/Catalog/Thumbnails/f94427d299c798be6f1bd289.png	b23c0a44a016a31bc6aa8a8c076622f4b47028cc03d829174a16016eb2a59319
HAIRCUT	Braid	UI/Custom/Pages/ImmersiveNpcAppearance/Catalog/Thumbnails/94fa6ade49e66349e1d2f473.png	Common/UI/Custom/Pages/ImmersiveNpcAppearance/Catalog/Thumbnails/94fa6ade49e66349e1d2f473.png	4d87751a501cc65681d8fcc7fc0bbc06571f56b06604c9fc994003d6eccaed86
HAIRCUT	BraidDouble	UI/Custom/Pages/ImmersiveNpcAppearance/Catalog/Thumbnails/92b4e6ea46c5b110039f7ed6.png	Common/UI/Custom/Pages/ImmersiveNpcAppearance/Catalog/Thumbnails/92b4e6ea46c5b110039f7ed6.png	57c5c8794809e35832a972c2214ef1c26e544f4789c529e60035bd38dd2c7487
HAIRCUT	BraidedPonytail	UI/Custom/Pages/ImmersiveNpcAppearance/Catalog/Thumbnails/fa47c000e5a4f9baf46d6e4c.png	Common/UI/Custom/Pages/ImmersiveNpcAppearance/Catalog/Thumbnails/fa47c000e5a4f9baf46d6e4c.png	aec96b1d1f8006abca356f1447af4d77fec5938d2def38f0e3f2b00225a5eee9
HAIRCUT	Bun	UI/Custom/Pages/ImmersiveNpcAppearance/Catalog/Thumbnails/25777e666c2c14a1f9d080c9.png	Common/UI/Custom/Pages/ImmersiveNpcAppearance/Catalog/Thumbnails/25777e666c2c14a1f9d080c9.png	1294c84f1b4918710461c7352f62f633d812c6943f1ae443507e64ab3fb2d095
HAIRCUT	BuzzCut	UI/Custom/Pages/ImmersiveNpcAppearance/Catalog/Thumbnails/7970b87c83cd4d9826247a08.png	Common/UI/Custom/Pages/ImmersiveNpcAppearance/Catalog/Thumbnails/7970b87c83cd4d9826247a08.png	62e65e704a9d5ab57b374ad1bb78335e5e23fada3624ca915d2e8e8862d7566d
HAIRCUT	Cat	UI/Custom/Pages/ImmersiveNpcAppearance/Catalog/Thumbnails/db7e01a314de6a4fb8b36359.png	Common/UI/Custom/Pages/ImmersiveNpcAppearance/Catalog/Thumbnails/db7e01a314de6a4fb8b36359.png	293f31c10e93838be5494f189759da63372c708e2425072c4b5fcbedcd18c43d
HAIRCUT	CentrePart	UI/Custom/Pages/ImmersiveNpcAppearance/Catalog/Thumbnails/31207c2d7ab3c59dfb6d6f1f.png	Common/UI/Custom/Pages/ImmersiveNpcAppearance/Catalog/Thumbnails/31207c2d7ab3c59dfb6d6f1f.png	103e5a321cf0caafd549cddb6b9a7881c2012050562ae4b46344093d9b8ce997
HAIRCUT	ChopsticksPonyTail	UI/Custom/Pages/ImmersiveNpcAppearance/Catalog/Thumbnails/1c6aeef6576563cea727737e.png	Common/UI/Custom/Pages/ImmersiveNpcAppearance/Catalog/Thumbnails/1c6aeef6576563cea727737e.png	ffe5f3ecfc1f7d8f7110c2e8cf09b757725935296b7eaf42016e2268e274e4b5
HAIRCUT	Cornrows	UI/Custom/Pages/ImmersiveNpcAppearance/Catalog/Thumbnails/292f90316a077db19897c92e.png	Common/UI/Custom/Pages/ImmersiveNpcAppearance/Catalog/Thumbnails/292f90316a077db19897c92e.png	92b4d1b6a07763fc7f2245f62087e3e3dffbcde6c4397fdbe1ee187acdae4f51
HAIRCUT	Cowlick	UI/Custom/Pages/ImmersiveNpcAppearance/Catalog/Thumbnails/842d4c1f64b6be98122ed383.png	Common/UI/Custom/Pages/ImmersiveNpcAppearance/Catalog/Thumbnails/842d4c1f64b6be98122ed383.png	be2e4ef5f7a28e75b1fda9f7e0be13498f13f561cd68693c757939c6d6834b83
HAIRCUT	Curly	UI/Custom/Pages/ImmersiveNpcAppearance/Catalog/Thumbnails/df3a775177a0d4a81fae6bb5.png	Common/UI/Custom/Pages/ImmersiveNpcAppearance/Catalog/Thumbnails/df3a775177a0d4a81fae6bb5.png	723d6d5507e37596dfc971d5a3c9aa39fb3b22cb7156d1060f1fe0081e2aa758
HAIRCUT	CurlyShort	UI/Custom/Pages/ImmersiveNpcAppearance/Catalog/Thumbnails/26f5ff5799115305fa5b291e.png	Common/UI/Custom/Pages/ImmersiveNpcAppearance/Catalog/Thumbnails/26f5ff5799115305fa5b291e.png	e84764efbae9d78c4cc29bf5ca5f70d66fcda4ddd5b2f5dbafab05b91b5137d5
HAIRCUT	CuteEmoBangs	UI/Custom/Pages/ImmersiveNpcAppearance/Catalog/Thumbnails/cfc2e369757eda206c2704ec.png	Common/UI/Custom/Pages/ImmersiveNpcAppearance/Catalog/Thumbnails/cfc2e369757eda206c2704ec.png	bde679eb6544ba9c779a5a984b05e7053f5337c5d707e6d5cd3d172820bc340d
HAIRCUT	CutePart	UI/Custom/Pages/ImmersiveNpcAppearance/Catalog/Thumbnails/80a4b4473bda701f87655ac7.png	Common/UI/Custom/Pages/ImmersiveNpcAppearance/Catalog/Thumbnails/80a4b4473bda701f87655ac7.png	6f9803b4839b135ed8acdc1e84ab859a69102095060624ad87554a2a38fa18cc
HAIRCUT	DoublePart	UI/Custom/Pages/ImmersiveNpcAppearance/Catalog/Thumbnails/cbd9422797b6ee978657a0fb.png	Common/UI/Custom/Pages/ImmersiveNpcAppearance/Catalog/Thumbnails/cbd9422797b6ee978657a0fb.png	92dcbe65f451e7301ae8cad19eed29df5163871a5c6f687ac1b7ce185e098856
HAIRCUT	Dreadlocks	UI/Custom/Pages/ImmersiveNpcAppearance/Catalog/Thumbnails/348478b4026861e9885554d8.png	Common/UI/Custom/Pages/ImmersiveNpcAppearance/Catalog/Thumbnails/348478b4026861e9885554d8.png	cb9f05960becdc3d3acbaf25ebdeb00ac6b0cf367b9d847d72e234d204ff3578
HAIRCUT	DreadsFade	UI/Custom/Pages/ImmersiveNpcAppearance/Catalog/Thumbnails/45cd91ce36bba629c280cc16.png	Common/UI/Custom/Pages/ImmersiveNpcAppearance/Catalog/Thumbnails/45cd91ce36bba629c280cc16.png	5d89b06653459942279f1b90b790c9d51cf9e8644f3bd98668cf7a12b82bf48b
HAIRCUT	ElfBackBun	UI/Custom/Pages/ImmersiveNpcAppearance/Catalog/Thumbnails/959e00f7d6d1b4560c962c66.png	Common/UI/Custom/Pages/ImmersiveNpcAppearance/Catalog/Thumbnails/959e00f7d6d1b4560c962c66.png	2935ab42effcfe4d1fdbc7b50bb4b9f5ed4e3f6679db0f50f113c53299383cf6
HAIRCUT	Emo	UI/Custom/Pages/ImmersiveNpcAppearance/Catalog/Thumbnails/0d18a41f76d5fffb60db1ee5.png	Common/UI/Custom/Pages/ImmersiveNpcAppearance/Catalog/Thumbnails/0d18a41f76d5fffb60db1ee5.png	122289ce7429433d4ace78db932c4bacf86ebfaf189880010331bdcd661bafa5
HAIRCUT	EmoBangs	UI/Custom/Pages/ImmersiveNpcAppearance/Catalog/Thumbnails/7aa7963aa6e790bc7fc50194.png	Common/UI/Custom/Pages/ImmersiveNpcAppearance/Catalog/Thumbnails/7aa7963aa6e790bc7fc50194.png	52378b9bc8b48ce9d653a3462cdf10d047c5d6216e52f9df73b577c8882d7f6f
HAIRCUT	EmoWavy	UI/Custom/Pages/ImmersiveNpcAppearance/Catalog/Thumbnails/5c1d8968da4dafff6068de02.png	Common/UI/Custom/Pages/ImmersiveNpcAppearance/Catalog/Thumbnails/5c1d8968da4dafff6068de02.png	a496474197203d17653bd7262730869a250bf858f75b79d016372bc56a0337ee
HAIRCUT	FeatheredHair	UI/Custom/Pages/ImmersiveNpcAppearance/Catalog/Thumbnails/166e3c2cccf0fcb4a28fbbfd.png	Common/UI/Custom/Pages/ImmersiveNpcAppearance/Catalog/Thumbnails/166e3c2cccf0fcb4a28fbbfd.png	a1ade885acf2e3e2ac616fd07b3a0ba18a33467bc8fefcb45a4450003258e834
HAIRCUT	FighterBuns	UI/Custom/Pages/ImmersiveNpcAppearance/Catalog/Thumbnails/f6b90a8623ceb5937f8ebedc.png	Common/UI/Custom/Pages/ImmersiveNpcAppearance/Catalog/Thumbnails/f6b90a8623ceb5937f8ebedc.png	a1d0d1ee16860489598cfe100c949e6ad3fdea461cea2e991ddb90c77abb1153
HAIRCUT	Fringe	UI/Custom/Pages/ImmersiveNpcAppearance/Catalog/Thumbnails/0ea3ef6cc7d9330a0d287a84.png	Common/UI/Custom/Pages/ImmersiveNpcAppearance/Catalog/Thumbnails/0ea3ef6cc7d9330a0d287a84.png	d53cc5c8dd5fd6581eaab1e6991de07a1f15cbca4c83e700c643bcc7812eb2e1
HAIRCUT	FrizzyBuns	UI/Custom/Pages/ImmersiveNpcAppearance/Catalog/Thumbnails/59fb6de18efabe4b4f97278b.png	Common/UI/Custom/Pages/ImmersiveNpcAppearance/Catalog/Thumbnails/59fb6de18efabe4b4f97278b.png	74a3f6cf07f6bb0520f8d6075f70d31c6c576d5a346a7aba96104b92349e252d
HAIRCUT	FrizzyLong	UI/Custom/Pages/ImmersiveNpcAppearance/Catalog/Thumbnails/4cc76e70ec5b61b45d1546b1.png	Common/UI/Custom/Pages/ImmersiveNpcAppearance/Catalog/Thumbnails/4cc76e70ec5b61b45d1546b1.png	0d72bf9b704a020b643789e0bd8394e8e1b6091dc3b42fdc6db6c5ba99d6ed7c
HAIRCUT	FrizzyVolume	UI/Custom/Pages/ImmersiveNpcAppearance/Catalog/Thumbnails/7e35ba90a63890029a599547.png	Common/UI/Custom/Pages/ImmersiveNpcAppearance/Catalog/Thumbnails/7e35ba90a63890029a599547.png	6252a33c31aa7f9f875a527a1f6c8ebc902ccd0c0066a279fda2da809e494fd0
HAIRCUT	FrontFlick	UI/Custom/Pages/ImmersiveNpcAppearance/Catalog/Thumbnails/7c20b64b0c6a50e0f10d8478.png	Common/UI/Custom/Pages/ImmersiveNpcAppearance/Catalog/Thumbnails/7c20b64b0c6a50e0f10d8478.png	789723af881952dd908878251a4e145afeec5316538d11f39a9b85be986a7205
HAIRCUT	FrontTied	UI/Custom/Pages/ImmersiveNpcAppearance/Catalog/Thumbnails/e79e2c036538def82e3d0f45.png	Common/UI/Custom/Pages/ImmersiveNpcAppearance/Catalog/Thumbnails/e79e2c036538def82e3d0f45.png	ee32d95da736544483a100c2a7bf89d3005f3973aca6dfd48e323a4b8e6c2535
HAIRCUT	GenericLong	UI/Custom/Pages/ImmersiveNpcAppearance/Catalog/Thumbnails/b8ea5a5a66dc3e3f0ff8030d.png	Common/UI/Custom/Pages/ImmersiveNpcAppearance/Catalog/Thumbnails/b8ea5a5a66dc3e3f0ff8030d.png	23e8d85a1e298ffe1f4fe3af5a916ffd0e3b884c13af35123d51a75fd435d668
HAIRCUT	GenericMedium	UI/Custom/Pages/ImmersiveNpcAppearance/Catalog/Thumbnails/ba4e86f3f78a5104656ac693.png	Common/UI/Custom/Pages/ImmersiveNpcAppearance/Catalog/Thumbnails/ba4e86f3f78a5104656ac693.png	cafb489150cae703d854f244e67dfd3e6f0d650a872380d3b6490b76c0dd0af6
HAIRCUT	GenericPuffy	UI/Custom/Pages/ImmersiveNpcAppearance/Catalog/Thumbnails/daafbfbbd4c55ff5ca351bb0.png	Common/UI/Custom/Pages/ImmersiveNpcAppearance/Catalog/Thumbnails/daafbfbbd4c55ff5ca351bb0.png	48086e977d9856d8d3302babcc60dc098d68f352e80debfb3d8730f2f5c3f44d
HAIRCUT	GenericShort	UI/Custom/Pages/ImmersiveNpcAppearance/Catalog/Thumbnails/957fbde7dbb127fe136c334a.png	Common/UI/Custom/Pages/ImmersiveNpcAppearance/Catalog/Thumbnails/957fbde7dbb127fe136c334a.png	21b26b30eaebac1bf45a7032eba1556054615d2b4409a037af0784b997b593df
HAIRCUT	Greaser	UI/Custom/Pages/ImmersiveNpcAppearance/Catalog/Thumbnails/3039eea6c05ff21332e7d326.png	Common/UI/Custom/Pages/ImmersiveNpcAppearance/Catalog/Thumbnails/3039eea6c05ff21332e7d326.png	86ac63543a5a56211b46bde8e185a516dd764ff2f4586b8bcce17b443abe93d2
HAIRCUT	Lazy	UI/Custom/Pages/ImmersiveNpcAppearance/Catalog/Thumbnails/47b959c67496bc2997f119bc.png	Common/UI/Custom/Pages/ImmersiveNpcAppearance/Catalog/Thumbnails/47b959c67496bc2997f119bc.png	b6e268f0865c4fea4a592a060903502131db5b0625c2450b471524784c2a2607
HAIRCUT	Long	UI/Custom/Pages/ImmersiveNpcAppearance/Catalog/Thumbnails/8b05ce205dcebc8ab3ecb6e4.png	Common/UI/Custom/Pages/ImmersiveNpcAppearance/Catalog/Thumbnails/8b05ce205dcebc8ab3ecb6e4.png	614ba32cfa8b84e017bd634abcdf4e900d27ba878c21bf95c37b091dc2d8bbcf
HAIRCUT	LongBangs	UI/Custom/Pages/ImmersiveNpcAppearance/Catalog/Thumbnails/019cebc5fd0479f3ff29f27a.png	Common/UI/Custom/Pages/ImmersiveNpcAppearance/Catalog/Thumbnails/019cebc5fd0479f3ff29f27a.png	f81c6ffaa11490ae226ce11bc32cbb2d45bfd1ca47a7d236d898ce178e5955f1
HAIRCUT	LongCurly	UI/Custom/Pages/ImmersiveNpcAppearance/Catalog/Thumbnails/394f209fa4810a265b5b42d6.png	Common/UI/Custom/Pages/ImmersiveNpcAppearance/Catalog/Thumbnails/394f209fa4810a265b5b42d6.png	c0c5751e128221b4b5b3b06de83562d2727ceda74a7eefe6947855a4cd8107ba
HAIRCUT	LongDreadlocks	UI/Custom/Pages/ImmersiveNpcAppearance/Catalog/Thumbnails/c80d75fc61cfd7e36e1cca26.png	Common/UI/Custom/Pages/ImmersiveNpcAppearance/Catalog/Thumbnails/c80d75fc61cfd7e36e1cca26.png	115e83ef5f8ece3fe6260bb6073a701ba4ad4b92c94f044bc7e461b401a64bd4
HAIRCUT	LongHairPigtail	UI/Custom/Pages/ImmersiveNpcAppearance/Catalog/Thumbnails/14ac22c52a08585ad4a914c7.png	Common/UI/Custom/Pages/ImmersiveNpcAppearance/Catalog/Thumbnails/14ac22c52a08585ad4a914c7.png	264ed66e52be1cc181619335b4f84b525bd85d51d268925f65dbd4fe41dad303
HAIRCUT	LongPigtails	UI/Custom/Pages/ImmersiveNpcAppearance/Catalog/Thumbnails/cdab2a601f7d52f4284f3895.png	Common/UI/Custom/Pages/ImmersiveNpcAppearance/Catalog/Thumbnails/cdab2a601f7d52f4284f3895.png	710c8e11d3c1cc0f7d5a8a10849eb1ce53bdaa00ddf34b71f2f8af8e29782474
HAIRCUT	LongTied	UI/Custom/Pages/ImmersiveNpcAppearance/Catalog/Thumbnails/b5ef61eca76d0edf39650e44.png	Common/UI/Custom/Pages/ImmersiveNpcAppearance/Catalog/Thumbnails/b5ef61eca76d0edf39650e44.png	19568c70070af75143f2feea351ea2cdeba5e346dacb0c39aa6ba26fc510083c
HAIRCUT	MagicalPigtails	UI/Custom/Pages/ImmersiveNpcAppearance/Catalog/Thumbnails/969a98e91b42c722322c1414.png	Common/UI/Custom/Pages/ImmersiveNpcAppearance/Catalog/Thumbnails/969a98e91b42c722322c1414.png	449ea159839db307d938d087cd4aaf7ed707b529898efefd94f7bae73163452a
HAIRCUT	MagicalPonytail	UI/Custom/Pages/ImmersiveNpcAppearance/Catalog/Thumbnails/d8f52dc823cfd7a13f09e850.png	Common/UI/Custom/Pages/ImmersiveNpcAppearance/Catalog/Thumbnails/d8f52dc823cfd7a13f09e850.png	7afb0c609b553a0af83c907d6a2276ade937ec59c02d910b030498d2691193f4
HAIRCUT	MaleElf	UI/Custom/Pages/ImmersiveNpcAppearance/Catalog/Thumbnails/216143d9f0e2d2ab59139992.png	Common/UI/Custom/Pages/ImmersiveNpcAppearance/Catalog/Thumbnails/216143d9f0e2d2ab59139992.png	5a9c55a3b8d90162ea08c8d9c0919245ca508b7b07746d6218a85fea1cfda3e3
HAIRCUT	MediumCurly	UI/Custom/Pages/ImmersiveNpcAppearance/Catalog/Thumbnails/5c406bed1349d4a4c98e4e77.png	Common/UI/Custom/Pages/ImmersiveNpcAppearance/Catalog/Thumbnails/5c406bed1349d4a4c98e4e77.png	a33c07bd658370022f67039725fa8a513a3a26deac9f948ef6591e57f0c3721a
HAIRCUT	Messy	UI/Custom/Pages/ImmersiveNpcAppearance/Catalog/Thumbnails/2b6d189cd2b0c36502d8ece2.png	Common/UI/Custom/Pages/ImmersiveNpcAppearance/Catalog/Thumbnails/2b6d189cd2b0c36502d8ece2.png	3baa8eefa2aca3ae4daf7715b324523b373d831ce188e248166fbaaa53622746
HAIRCUT	MessyBobcut	UI/Custom/Pages/ImmersiveNpcAppearance/Catalog/Thumbnails/82130220a11e9ee508106b54.png	Common/UI/Custom/Pages/ImmersiveNpcAppearance/Catalog/Thumbnails/82130220a11e9ee508106b54.png	a4ad65943244f77bbe3d2ab2eaf54825bca5c13362d5c9ff4406882d3778e25d
HAIRCUT	MessyMop	UI/Custom/Pages/ImmersiveNpcAppearance/Catalog/Thumbnails/7da57607bc9042b9da6324b8.png	Common/UI/Custom/Pages/ImmersiveNpcAppearance/Catalog/Thumbnails/7da57607bc9042b9da6324b8.png	565a56bd65d42ac25619a55d989ce74c3222446a700053f857cd8f1bde86aaaf
HAIRCUT	MessyWavy	UI/Custom/Pages/ImmersiveNpcAppearance/Catalog/Thumbnails/aa5083df55c3a027859a7adc.png	Common/UI/Custom/Pages/ImmersiveNpcAppearance/Catalog/Thumbnails/aa5083df55c3a027859a7adc.png	11a24938bb544439d9dd07d8377f66c61de93537d689297886e50faeb0fc0a42
HAIRCUT	MidSinglePart	UI/Custom/Pages/ImmersiveNpcAppearance/Catalog/Thumbnails/75847535de6d25f1d20e56c9.png	Common/UI/Custom/Pages/ImmersiveNpcAppearance/Catalog/Thumbnails/75847535de6d25f1d20e56c9.png	e2ce54ff42ba941c36695ba5d4ea4659636305ee067231574f9b72657e9e0469
HAIRCUT	Mohawk	UI/Custom/Pages/ImmersiveNpcAppearance/Catalog/Thumbnails/ef18ca5898ec7278aa634e22.png	Common/UI/Custom/Pages/ImmersiveNpcAppearance/Catalog/Thumbnails/ef18ca5898ec7278aa634e22.png	8ad14ac8644f0995dd9191fb65052696f590788fd7f64732644ef2d6d6de9366
HAIRCUT	Morning	UI/Custom/Pages/ImmersiveNpcAppearance/Catalog/Thumbnails/3336e5edcfbdeb1f20f73bc8.png	Common/UI/Custom/Pages/ImmersiveNpcAppearance/Catalog/Thumbnails/3336e5edcfbdeb1f20f73bc8.png	f3348d8a915ece5b9e67d7328c3b57f553fd2e5c444f0b08f45a798c915e9a46
HAIRCUT	MorningLong	UI/Custom/Pages/ImmersiveNpcAppearance/Catalog/Thumbnails/c6793efdcc8e4278e8066d8c.png	Common/UI/Custom/Pages/ImmersiveNpcAppearance/Catalog/Thumbnails/c6793efdcc8e4278e8066d8c.png	0fab16cbb6928b2af37f7c56d0a6fc6b65f129d620f57c4f5da2ff258c1dca06
HAIRCUT	Pigtails	UI/Custom/Pages/ImmersiveNpcAppearance/Catalog/Thumbnails/4e0030eb8a97cc16f7b8f2e9.png	Common/UI/Custom/Pages/ImmersiveNpcAppearance/Catalog/Thumbnails/4e0030eb8a97cc16f7b8f2e9.png	7e04fdf1369895e072252e8bf0e24e2be2adaeaffb2ae9f3375bdaa7c36d84ff
HAIRCUT	PonyBuns	UI/Custom/Pages/ImmersiveNpcAppearance/Catalog/Thumbnails/1c082f3ccae99f6bd4cd751e.png	Common/UI/Custom/Pages/ImmersiveNpcAppearance/Catalog/Thumbnails/1c082f3ccae99f6bd4cd751e.png	e727bae975017f454123461c6008148342fa714ffefd5ccd9a89f540659f19b1
HAIRCUT	PonyTail	UI/Custom/Pages/ImmersiveNpcAppearance/Catalog/Thumbnails/03ecca497af26cb1b95a940d.png	Common/UI/Custom/Pages/ImmersiveNpcAppearance/Catalog/Thumbnails/03ecca497af26cb1b95a940d.png	cd28d34cfdd287fa6ad7da92e3b16c4d39c8551e313fdeed3462622fc03e00d0
HAIRCUT	PonytailBraidedDouble	UI/Custom/Pages/ImmersiveNpcAppearance/Catalog/Thumbnails/5f473b00f72d5df28fa482ad.png	Common/UI/Custom/Pages/ImmersiveNpcAppearance/Catalog/Thumbnails/5f473b00f72d5df28fa482ad.png	37a65ee6ad49bacabf5dcef8ce32e1f1ee67d715958dfcd9ace1648663ae3545
HAIRCUT	PonytailBraidedLong	UI/Custom/Pages/ImmersiveNpcAppearance/Catalog/Thumbnails/b571d05ce9e574b987d28213.png	Common/UI/Custom/Pages/ImmersiveNpcAppearance/Catalog/Thumbnails/b571d05ce9e574b987d28213.png	b4ec56f0a350ac4c31866633cf9a8e8b95a6b92dc5ae572f4a5d2e61caac2232
HAIRCUT	PuffyBubbleBraids	UI/Custom/Pages/ImmersiveNpcAppearance/Catalog/Thumbnails/cc6411221473ae90ad7f1be7.png	Common/UI/Custom/Pages/ImmersiveNpcAppearance/Catalog/Thumbnails/cc6411221473ae90ad7f1be7.png	680a97e7de4999a2b077c76887c466c57de825355961a915c6db9352379f944b
HAIRCUT	PuffyPonytail	UI/Custom/Pages/ImmersiveNpcAppearance/Catalog/Thumbnails/3ef7d021401923c92fdca269.png	Common/UI/Custom/Pages/ImmersiveNpcAppearance/Catalog/Thumbnails/3ef7d021401923c92fdca269.png	6d37d1da1963afbf453174c30684ccdcfbc1d10c58386dd6ca98965db7b7ab7a
HAIRCUT	PuffyQuiff	UI/Custom/Pages/ImmersiveNpcAppearance/Catalog/Thumbnails/e14e6b278740c4dde5dd935d.png	Common/UI/Custom/Pages/ImmersiveNpcAppearance/Catalog/Thumbnails/e14e6b278740c4dde5dd935d.png	d6b4ec91237c6a03a5821cb2c0a918b7db20119fe9f16a3b97496d5f37c9d4bb
HAIRCUT	PuffyTwinDreads	UI/Custom/Pages/ImmersiveNpcAppearance/Catalog/Thumbnails/a17f9fabf1031f5015e07182.png	Common/UI/Custom/Pages/ImmersiveNpcAppearance/Catalog/Thumbnails/a17f9fabf1031f5015e07182.png	2eb07101c7655c10cf32b0c0eb7b799ef77a205d589d56c35c84d2062ceab3b2
HAIRCUT	Quiff	UI/Custom/Pages/ImmersiveNpcAppearance/Catalog/Thumbnails/65ea15d9abd3111a54a5a70b.png	Common/UI/Custom/Pages/ImmersiveNpcAppearance/Catalog/Thumbnails/65ea15d9abd3111a54a5a70b.png	5d88a40321e0afaa9fd25fec86cbc38aa26fb4bd4bde11c37f8335c98d92312d
HAIRCUT	QuiffLeft	UI/Custom/Pages/ImmersiveNpcAppearance/Catalog/Thumbnails/e4310717f0f276098e10b48c.png	Common/UI/Custom/Pages/ImmersiveNpcAppearance/Catalog/Thumbnails/e4310717f0f276098e10b48c.png	6d2d16615b770fb3ad353a49be9d018614cecb701d966c8f884018ba61075aa7
HAIRCUT	RaiderMohawk	UI/Custom/Pages/ImmersiveNpcAppearance/Catalog/Thumbnails/9c8e78de57a0bb3e77ddadac.png	Common/UI/Custom/Pages/ImmersiveNpcAppearance/Catalog/Thumbnails/9c8e78de57a0bb3e77ddadac.png	53b9f3cf964e53d092cd8d687e98e2958cee9dbb86a6daaf56282e4c1016de24
HAIRCUT	RoseBun	UI/Custom/Pages/ImmersiveNpcAppearance/Catalog/Thumbnails/5f08d77b9674d127a9931790.png	Common/UI/Custom/Pages/ImmersiveNpcAppearance/Catalog/Thumbnails/5f08d77b9674d127a9931790.png	5511954118a94463f345030915a1e7641e1a249ddb6b9dc214966170cde7097a
HAIRCUT	Rustic	UI/Custom/Pages/ImmersiveNpcAppearance/Catalog/Thumbnails/99fd5f10191916dcd954f8ba.png	Common/UI/Custom/Pages/ImmersiveNpcAppearance/Catalog/Thumbnails/99fd5f10191916dcd954f8ba.png	6e3d0b02ee3e9250464fd5491fce513620b567962951d2969fe62ffd00c05b4a
HAIRCUT	Samurai	UI/Custom/Pages/ImmersiveNpcAppearance/Catalog/Thumbnails/357532200f80145b0beff8de.png	Common/UI/Custom/Pages/ImmersiveNpcAppearance/Catalog/Thumbnails/357532200f80145b0beff8de.png	367592e8e62229e7d9a30c50f494c1ea6b1e5db1cdabc9588669cca1c6af400e
HAIRCUT	Scavenger_Hair	UI/Custom/Pages/ImmersiveNpcAppearance/Catalog/Thumbnails/7be10f30d4098569f6c608c4.png	Common/UI/Custom/Pages/ImmersiveNpcAppearance/Catalog/Thumbnails/7be10f30d4098569f6c608c4.png	1542e934dab74f98fe935548696c073a3bb8c797737b854cb5c277dbfd4b4396
HAIRCUT	ShortDreads	UI/Custom/Pages/ImmersiveNpcAppearance/Catalog/Thumbnails/38aeb040672674eb8d313e3a.png	Common/UI/Custom/Pages/ImmersiveNpcAppearance/Catalog/Thumbnails/38aeb040672674eb8d313e3a.png	2ce15a48b3f000b3a50736680ad70def53507db6c85f983433592c0ba6578e9f
HAIRCUT	SideBuns	UI/Custom/Pages/ImmersiveNpcAppearance/Catalog/Thumbnails/6e5ae6961bf55b78e1d17839.png	Common/UI/Custom/Pages/ImmersiveNpcAppearance/Catalog/Thumbnails/6e5ae6961bf55b78e1d17839.png	e586b55f4e198b49f185e55f78642aee60cf25f987aea58621f54eb63ea5c154
HAIRCUT	SidePonytail	UI/Custom/Pages/ImmersiveNpcAppearance/Catalog/Thumbnails/9004e519640ab51151e9ee1e.png	Common/UI/Custom/Pages/ImmersiveNpcAppearance/Catalog/Thumbnails/9004e519640ab51151e9ee1e.png	395e8338a4c248c9fae976340aa45600ae10bce9006ab5a59768ab4a2266df2c
HAIRCUT	Sideslick	UI/Custom/Pages/ImmersiveNpcAppearance/Catalog/Thumbnails/6f8d3b55b1bf97048be71e19.png	Common/UI/Custom/Pages/ImmersiveNpcAppearance/Catalog/Thumbnails/6f8d3b55b1bf97048be71e19.png	983670a0371f0e130f5eac030695ba3d0f3e6a4507b1cb5f91d1b28834175d94
HAIRCUT	Simple	UI/Custom/Pages/ImmersiveNpcAppearance/Catalog/Thumbnails/c0b4ef2c97ea9df8ee4dd155.png	Common/UI/Custom/Pages/ImmersiveNpcAppearance/Catalog/Thumbnails/c0b4ef2c97ea9df8ee4dd155.png	6986eddab276a2a398c0cbb4722a2b7eeec2cecdb687c1249fb9eb62303ab2cb
HAIRCUT	SingleSidePigtail	UI/Custom/Pages/ImmersiveNpcAppearance/Catalog/Thumbnails/7e7e9f656e9d24cce90cf2a1.png	Common/UI/Custom/Pages/ImmersiveNpcAppearance/Catalog/Thumbnails/7e7e9f656e9d24cce90cf2a1.png	43e09666f6f30af559ea3ab42c1d7714f2efdea750e924e843432dec180c7f90
HAIRCUT	Slickback	UI/Custom/Pages/ImmersiveNpcAppearance/Catalog/Thumbnails/7ed5e42ad23f7e09c4b8ce5a.png	Common/UI/Custom/Pages/ImmersiveNpcAppearance/Catalog/Thumbnails/7ed5e42ad23f7e09c4b8ce5a.png	90a44bad733154785a365aaa8b2baec70abfc6fa6eb6c762436c76de573c19b6
HAIRCUT	SmallPigtails	UI/Custom/Pages/ImmersiveNpcAppearance/Catalog/Thumbnails/7794e4e2172f468766dc68ec.png	Common/UI/Custom/Pages/ImmersiveNpcAppearance/Catalog/Thumbnails/7794e4e2172f468766dc68ec.png	3849bf551bd015b0535e195b860ff785f2e7b58a5e922667282ba81e6acc60fc
HAIRCUT	SpikedUp	UI/Custom/Pages/ImmersiveNpcAppearance/Catalog/Thumbnails/e1eb891b849bafd5e9dc164d.png	Common/UI/Custom/Pages/ImmersiveNpcAppearance/Catalog/Thumbnails/e1eb891b849bafd5e9dc164d.png	c171415758ef6286e8ed7bab7f22b1f09459b0d97fe61b76e2a5dc8c04d84b2d
HAIRCUT	SpikyMohawl	UI/Custom/Pages/ImmersiveNpcAppearance/Catalog/Thumbnails/a4b35cd357e0e2ab5a987f74.png	Common/UI/Custom/Pages/ImmersiveNpcAppearance/Catalog/Thumbnails/a4b35cd357e0e2ab5a987f74.png	8784065bc1524a23e18d96579071864a839e1ab484ef0890af2df04420705be2
HAIRCUT	StarPuffs	UI/Custom/Pages/ImmersiveNpcAppearance/Catalog/Thumbnails/e5c8c4dcd57072957ba046a0.png	Common/UI/Custom/Pages/ImmersiveNpcAppearance/Catalog/Thumbnails/e5c8c4dcd57072957ba046a0.png	874371ca8f84f2d78f624c9214755e837ee528a8d55d2dd385e65cff297cc424
HAIRCUT	StraightHairBun	UI/Custom/Pages/ImmersiveNpcAppearance/Catalog/Thumbnails/c1a0d24a43caae40e898b8ba.png	Common/UI/Custom/Pages/ImmersiveNpcAppearance/Catalog/Thumbnails/c1a0d24a43caae40e898b8ba.png	7e2aac65b59631e40efacf7e4dac94b454eb16b7511cb9804b7b63accfb6793d
HAIRCUT	Stylish	UI/Custom/Pages/ImmersiveNpcAppearance/Catalog/Thumbnails/bb86da98e7ecc3ad322373bd.png	Common/UI/Custom/Pages/ImmersiveNpcAppearance/Catalog/Thumbnails/bb86da98e7ecc3ad322373bd.png	2343cf573a31744b7210f28e4a830def9fe48d4e61bac125e92f170cba60b34c
HAIRCUT	StylishQuiff	UI/Custom/Pages/ImmersiveNpcAppearance/Catalog/Thumbnails/87e8835702770441c49cd62a.png	Common/UI/Custom/Pages/ImmersiveNpcAppearance/Catalog/Thumbnails/87e8835702770441c49cd62a.png	7d6ffe0387394d3557cc1a02aab2e834fab6d2dba909b5155dc0cee901a56d37
HAIRCUT	StylishWindswept	UI/Custom/Pages/ImmersiveNpcAppearance/Catalog/Thumbnails/ae40b9290b494c365c3dabcf.png	Common/UI/Custom/Pages/ImmersiveNpcAppearance/Catalog/Thumbnails/ae40b9290b494c365c3dabcf.png	508c360ce5b44cf4197f1e115cd4f197283e8bf0feb226332dc3afba2278da07
HAIRCUT	SuperShirt	UI/Custom/Pages/ImmersiveNpcAppearance/Catalog/Thumbnails/b8498730d867feee255c31ce.png	Common/UI/Custom/Pages/ImmersiveNpcAppearance/Catalog/Thumbnails/b8498730d867feee255c31ce.png	8bd07c3b24ad801a5977107a29caf412bb9689cd872a89595e72c6c7f33014c2
HAIRCUT	SuperSideSlick	UI/Custom/Pages/ImmersiveNpcAppearance/Catalog/Thumbnails/0fbab086098d4afb90d7e159.png	Common/UI/Custom/Pages/ImmersiveNpcAppearance/Catalog/Thumbnails/0fbab086098d4afb90d7e159.png	10a16dcb473b80402c9431876abf1a52e4266f1ed7d4786af64cb69a89f21b29
HAIRCUT	SuperSlickback	UI/Custom/Pages/ImmersiveNpcAppearance/Catalog/Thumbnails/9e310a6a722183c5206168b3.png	Common/UI/Custom/Pages/ImmersiveNpcAppearance/Catalog/Thumbnails/9e310a6a722183c5206168b3.png	483bea371f3b58a133db5937b7f09eae10c52530c033451a83458c7b5140aecc
HAIRCUT	ThickBraid	UI/Custom/Pages/ImmersiveNpcAppearance/Catalog/Thumbnails/56e99153d8483dc74e2209c0.png	Common/UI/Custom/Pages/ImmersiveNpcAppearance/Catalog/Thumbnails/56e99153d8483dc74e2209c0.png	2972cbf7fdc1346e7c922f06b06a694ffd4deb04e35ad5f97503fc90bc2fb40c
HAIRCUT	Undercut	UI/Custom/Pages/ImmersiveNpcAppearance/Catalog/Thumbnails/556d1b7b95676e142fe267f5.png	Common/UI/Custom/Pages/ImmersiveNpcAppearance/Catalog/Thumbnails/556d1b7b95676e142fe267f5.png	1a55b6db0d99a0e3d21cc4f19c8be20689d797b04c595bc2d9e01d0341a36034
HAIRCUT	VikinManBun	UI/Custom/Pages/ImmersiveNpcAppearance/Catalog/Thumbnails/6f773741a785aceed613da1d.png	Common/UI/Custom/Pages/ImmersiveNpcAppearance/Catalog/Thumbnails/6f773741a785aceed613da1d.png	05c1a9a298a983e09be93a7cdd07a03cb3c487d913783c186ce6450e9a128348
HAIRCUT	Viking	UI/Custom/Pages/ImmersiveNpcAppearance/Catalog/Thumbnails/46fa597c67f224c8d1c55c16.png	Common/UI/Custom/Pages/ImmersiveNpcAppearance/Catalog/Thumbnails/46fa597c67f224c8d1c55c16.png	46add7c2a67ce7064b5bb86777cb2f6dff42d3b32b46d9608f8285b018309f8f
HAIRCUT	VikingWarrior	UI/Custom/Pages/ImmersiveNpcAppearance/Catalog/Thumbnails/3317b8f75226f7b490528de1.png	Common/UI/Custom/Pages/ImmersiveNpcAppearance/Catalog/Thumbnails/3317b8f75226f7b490528de1.png	9678b5c4567f020166abd9e65179d92b6678b9c4b68d6cf38fcdd58b5a2a8225
HAIRCUT	WavyBraids	UI/Custom/Pages/ImmersiveNpcAppearance/Catalog/Thumbnails/87448598c6ea2b281d39327a.png	Common/UI/Custom/Pages/ImmersiveNpcAppearance/Catalog/Thumbnails/87448598c6ea2b281d39327a.png	26489b8fa4ee4f1db99bcc1ba2e759a8f259e5431c420c23b753811f8d6086f6
HAIRCUT	WavyLong	UI/Custom/Pages/ImmersiveNpcAppearance/Catalog/Thumbnails/1ceb07b539b95281c81e504d.png	Common/UI/Custom/Pages/ImmersiveNpcAppearance/Catalog/Thumbnails/1ceb07b539b95281c81e504d.png	fbb99b95f6a4868bc75def4b0ce53148ddb3c24c419f5c5ebd00ec931af744e3
HAIRCUT	WavyPonytail	UI/Custom/Pages/ImmersiveNpcAppearance/Catalog/Thumbnails/dc80fb609d9d4afdf895004c.png	Common/UI/Custom/Pages/ImmersiveNpcAppearance/Catalog/Thumbnails/dc80fb609d9d4afdf895004c.png	15671a2ea7b072886f7b821c85dcdd98f2aaba68475a111b433abeb6c01e98a7
HAIRCUT	WavyShort	UI/Custom/Pages/ImmersiveNpcAppearance/Catalog/Thumbnails/39b361706bacd46e54c34d9e.png	Common/UI/Custom/Pages/ImmersiveNpcAppearance/Catalog/Thumbnails/39b361706bacd46e54c34d9e.png	8137b360242ecfcdaa94674aadde230e5f4f7014f32865daaa9151eb6c479cdb
HAIRCUT	WidePonytail	UI/Custom/Pages/ImmersiveNpcAppearance/Catalog/Thumbnails/344e6049699934f39c804c35.png	Common/UI/Custom/Pages/ImmersiveNpcAppearance/Catalog/Thumbnails/344e6049699934f39c804c35.png	6ae3c221dff13513f07eceb985f810b99852532f855b282ee6ff0a6da8c7c106
HAIRCUT	Windswept	UI/Custom/Pages/ImmersiveNpcAppearance/Catalog/Thumbnails/d843cc2c88b6bc24aa8cd616.png	Common/UI/Custom/Pages/ImmersiveNpcAppearance/Catalog/Thumbnails/d843cc2c88b6bc24aa8cd616.png	3bbcbc9c17fac0e7ebcc991bc60b1583b378973f2df1ce33f34a63029c113692
HAIRCUT	Wings	UI/Custom/Pages/ImmersiveNpcAppearance/Catalog/Thumbnails/4cd28e66a9a748f9a9cffe6f.png	Common/UI/Custom/Pages/ImmersiveNpcAppearance/Catalog/Thumbnails/4cd28e66a9a748f9a9cffe6f.png	be5e2bd92da3637d5bebe1579198ce5d0a82dacec7bd38a99a5c10db311bd471
HAIRCUT	Witch	UI/Custom/Pages/ImmersiveNpcAppearance/Catalog/Thumbnails/01e1484f4f596e1206f660e5.png	Common/UI/Custom/Pages/ImmersiveNpcAppearance/Catalog/Thumbnails/01e1484f4f596e1206f660e5.png	9b1126bed7667e76104ca8b5b5b014d5880ffddc5821e9cef91a0aeba5e3680a
HEAD_ACCESSORY	AcornHairclip	UI/Custom/Pages/ImmersiveNpcAppearance/Catalog/Thumbnails/f037e3468cb284f982ae0a09.png	Common/UI/Custom/Pages/ImmersiveNpcAppearance/Catalog/Thumbnails/f037e3468cb284f982ae0a09.png	956cf0439e3cc9c5ee025d8767ea8f471a46d411fa39cd9d2c880e6fc6048307
HEAD_ACCESSORY	AcornNecktie	UI/Custom/Pages/ImmersiveNpcAppearance/Catalog/Thumbnails/cb67fe31813208c4c0aa2e7e.png	Common/UI/Custom/Pages/ImmersiveNpcAppearance/Catalog/Thumbnails/cb67fe31813208c4c0aa2e7e.png	ad717530f20e9e4f695d3a3110799c6be0d8e9f8a61abac592df9cc9acfe0a91
HEAD_ACCESSORY	Arctic_Scout_Hat	UI/Custom/Pages/ImmersiveNpcAppearance/Catalog/Thumbnails/12c587e9a2204ab4bf58cf11.png	Common/UI/Custom/Pages/ImmersiveNpcAppearance/Catalog/Thumbnails/12c587e9a2204ab4bf58cf11.png	9c4bf7ebb1ff046a0547bfd668957334880f0d82b38ae2c283f0015441641368
HEAD_ACCESSORY	Bandana	UI/Custom/Pages/ImmersiveNpcAppearance/Catalog/Thumbnails/5cb911dd3190b7cfc6554e26.png	Common/UI/Custom/Pages/ImmersiveNpcAppearance/Catalog/Thumbnails/5cb911dd3190b7cfc6554e26.png	cad501694022fb17184fc7f2515d1bea9e5a2280e556f975be4fcbcd8bc75912
HEAD_ACCESSORY	BandanaSkull	UI/Custom/Pages/ImmersiveNpcAppearance/Catalog/Thumbnails/88eba2107bdd8c1f72bafd6c.png	Common/UI/Custom/Pages/ImmersiveNpcAppearance/Catalog/Thumbnails/88eba2107bdd8c1f72bafd6c.png	9847ff1c0ad95aaf42ba936cc435cbffecc00a697d71e33f5e3a39f7ec0d981a
HEAD_ACCESSORY	BanjoHat	UI/Custom/Pages/ImmersiveNpcAppearance/Catalog/Thumbnails/63b7f6e2c7ea4cfff5e6a1c0.png	Common/UI/Custom/Pages/ImmersiveNpcAppearance/Catalog/Thumbnails/63b7f6e2c7ea4cfff5e6a1c0.png	d99c8e14ee66d3f37ea402ee68fe6eb49506c29822f0309148bf3ddffc5679cd
HEAD_ACCESSORY	Battleworn_Helm	UI/Custom/Pages/ImmersiveNpcAppearance/Catalog/Thumbnails/b72f3848fc065202b3674d8f.png	Common/UI/Custom/Pages/ImmersiveNpcAppearance/Catalog/Thumbnails/b72f3848fc065202b3674d8f.png	4a83ab3d854f999f2f2481eb29ae13ea72f1765ececc7f7a40d3f2255ce78490
HEAD_ACCESSORY	Beanie	UI/Custom/Pages/ImmersiveNpcAppearance/Catalog/Thumbnails/b05c230040f1e3bc01f8cc00.png	Common/UI/Custom/Pages/ImmersiveNpcAppearance/Catalog/Thumbnails/b05c230040f1e3bc01f8cc00.png	993cf8372c6e76631adcd3c269faa87ce9a5316a287091e827887bef9f333c3a
HEAD_ACCESSORY	BulkyBeanie	UI/Custom/Pages/ImmersiveNpcAppearance/Catalog/Thumbnails/e449fee8d387b5ae792dafe6.png	Common/UI/Custom/Pages/ImmersiveNpcAppearance/Catalog/Thumbnails/e449fee8d387b5ae792dafe6.png	df8640f374bdfd2d5ca08bef12c4e60d80c533fb9a11476a2889b1d94dfe4cca
HEAD_ACCESSORY	BunnyBeanie	UI/Custom/Pages/ImmersiveNpcAppearance/Catalog/Thumbnails/43bce303580fab784578485a.png	Common/UI/Custom/Pages/ImmersiveNpcAppearance/Catalog/Thumbnails/43bce303580fab784578485a.png	1005260aefd00ae306596ccf7c2942ce37ae708c146762299f8b13077295a2f7
HEAD_ACCESSORY	Bunny_Ears	UI/Custom/Pages/ImmersiveNpcAppearance/Catalog/Thumbnails/c1ca6536759daf26ab61aaeb.png	Common/UI/Custom/Pages/ImmersiveNpcAppearance/Catalog/Thumbnails/c1ca6536759daf26ab61aaeb.png	b5e96533e8f5eaf38c2ed245fe1c1be4e30e71d1939048e50817d9b71d63560a
HEAD_ACCESSORY	CatBeanie	UI/Custom/Pages/ImmersiveNpcAppearance/Catalog/Thumbnails/d028bf983982323cf34ab6b6.png	Common/UI/Custom/Pages/ImmersiveNpcAppearance/Catalog/Thumbnails/d028bf983982323cf34ab6b6.png	fa988f690d6214356d92bdb84e1fc0960c0ce4e890fb7d4e4cf4804173c70bb7
HEAD_ACCESSORY	CowboyHat	UI/Custom/Pages/ImmersiveNpcAppearance/Catalog/Thumbnails/dbce1c066fecf3ce14155048.png	Common/UI/Custom/Pages/ImmersiveNpcAppearance/Catalog/Thumbnails/dbce1c066fecf3ce14155048.png	7014b0ba8061d315b1680059ee47f22ca670154ff19ac505461cd2626f93d182
HEAD_ACCESSORY	ElfHat	UI/Custom/Pages/ImmersiveNpcAppearance/Catalog/Thumbnails/6d45f5394268d10ac0d148d6.png	Common/UI/Custom/Pages/ImmersiveNpcAppearance/Catalog/Thumbnails/6d45f5394268d10ac0d148d6.png	152df45b3bfb0cadd424ee86ebcc3a44a0325186d8b50de2b6b02acc4a8cf7d6
HEAD_ACCESSORY	ExplorerGoggles	UI/Custom/Pages/ImmersiveNpcAppearance/Catalog/Thumbnails/d3217a5dfcba17f8d6da499d.png	Common/UI/Custom/Pages/ImmersiveNpcAppearance/Catalog/Thumbnails/d3217a5dfcba17f8d6da499d.png	7e49fba54ab27e753be60578641b62158decbe750d5e122336c948f38d2fcb7f
HEAD_ACCESSORY	FloppyBeanie	UI/Custom/Pages/ImmersiveNpcAppearance/Catalog/Thumbnails/fbef6933c6c5e7309363e820.png	Common/UI/Custom/Pages/ImmersiveNpcAppearance/Catalog/Thumbnails/fbef6933c6c5e7309363e820.png	1a7d513c751712c99d33e5a5f06de39cf93e2b144b9547033502ab6c03fb2b2e
HEAD_ACCESSORY	FlowerCrown	UI/Custom/Pages/ImmersiveNpcAppearance/Catalog/Thumbnails/7cfdf09191b9575b386802b5.png	Common/UI/Custom/Pages/ImmersiveNpcAppearance/Catalog/Thumbnails/7cfdf09191b9575b386802b5.png	0e26ac506d16bd9655809022de69d4ad61d2eafff36295aca6fd90315f09ff11
HEAD_ACCESSORY	ForeheadProtector	UI/Custom/Pages/ImmersiveNpcAppearance/Catalog/Thumbnails/6e5a124c4849cdabd05558d7.png	Common/UI/Custom/Pages/ImmersiveNpcAppearance/Catalog/Thumbnails/6e5a124c4849cdabd05558d7.png	7b4df980807cdcdc99f07a6219ac4fc96d35a550cc15576026789fa1109d3458
HEAD_ACCESSORY	Forest_Guardian_Hat	UI/Custom/Pages/ImmersiveNpcAppearance/Catalog/Thumbnails/54d3835b8704e490257afa72.png	Common/UI/Custom/Pages/ImmersiveNpcAppearance/Catalog/Thumbnails/54d3835b8704e490257afa72.png	333e0d78c095ff888d032b18b6f53443e5c42803373b8d6e199b03c4a0e2dc3c
HEAD_ACCESSORY	FrogBeanie	UI/Custom/Pages/ImmersiveNpcAppearance/Catalog/Thumbnails/5cf9533bdda866e0b995b773.png	Common/UI/Custom/Pages/ImmersiveNpcAppearance/Catalog/Thumbnails/5cf9533bdda866e0b995b773.png	2be22ba2c1fd23d9ba9ff49d7172e3452998dedb105c525a49ddfe2b4b58ae2e
HEAD_ACCESSORY	FrostwardenSet_Hat	UI/Custom/Pages/ImmersiveNpcAppearance/Catalog/Thumbnails/394a03a29977e61a2c855c53.png	Common/UI/Custom/Pages/ImmersiveNpcAppearance/Catalog/Thumbnails/394a03a29977e61a2c855c53.png	c5bd6a39c41419cf58d3d621d83ed45d4523d6ab705a52f4ab028cefa482c45f
HEAD_ACCESSORY	GiHeadband	UI/Custom/Pages/ImmersiveNpcAppearance/Catalog/Thumbnails/b031ad2b8431942681c34160.png	Common/UI/Custom/Pages/ImmersiveNpcAppearance/Catalog/Thumbnails/b031ad2b8431942681c34160.png	132bdbcd87099b588fb7e17943cb68f5af294edfd5710df38d9c7f2f4f7e9eae
HEAD_ACCESSORY	Goggles	UI/Custom/Pages/ImmersiveNpcAppearance/Catalog/Thumbnails/02319a335fa972284ace7e1f.png	Common/UI/Custom/Pages/ImmersiveNpcAppearance/Catalog/Thumbnails/02319a335fa972284ace7e1f.png	ad665b2107b194840a7305080739a612b56252bbdf6ae262645ae3a0155a6319
HEAD_ACCESSORY	HairDaisy	UI/Custom/Pages/ImmersiveNpcAppearance/Catalog/Thumbnails/136e44a778a173c295aea083.png	Common/UI/Custom/Pages/ImmersiveNpcAppearance/Catalog/Thumbnails/136e44a778a173c295aea083.png	981738ea9d08f7a2eab555f948506530cd8c63d7a6103e10be4084b2ef8fb482
HEAD_ACCESSORY	HairHibiscus	UI/Custom/Pages/ImmersiveNpcAppearance/Catalog/Thumbnails/309266069a8dac0be22f5369.png	Common/UI/Custom/Pages/ImmersiveNpcAppearance/Catalog/Thumbnails/309266069a8dac0be22f5369.png	a2e13729220a72949afdac2417948e3477f0941a849de18b181cbe81ad806e62
HEAD_ACCESSORY	HairPeony	UI/Custom/Pages/ImmersiveNpcAppearance/Catalog/Thumbnails/9f7e0ef6330f45cda8ebe086.png	Common/UI/Custom/Pages/ImmersiveNpcAppearance/Catalog/Thumbnails/9f7e0ef6330f45cda8ebe086.png	2669ad929c6e349799cf5c9860f8ff03ff09ec15fa816720219fb35677f04d55
HEAD_ACCESSORY	HairRose	UI/Custom/Pages/ImmersiveNpcAppearance/Catalog/Thumbnails/e86720968b203b25ab8b96d2.png	Common/UI/Custom/Pages/ImmersiveNpcAppearance/Catalog/Thumbnails/e86720968b203b25ab8b96d2.png	16b1c1fbc6e8a8b34bdf8e9c59cef47619d15d517b86a417e82ba7b20dc84c73
HEAD_ACCESSORY	Hairband	UI/Custom/Pages/ImmersiveNpcAppearance/Catalog/Thumbnails/849e7cc97e77cffc0ec1bbf5.png	Common/UI/Custom/Pages/ImmersiveNpcAppearance/Catalog/Thumbnails/849e7cc97e77cffc0ec1bbf5.png	9527de48c599053ce5a05158cb52e414abcc325faae35bc42d098a2239893663
HEAD_ACCESSORY	Hard_Hat	UI/Custom/Pages/ImmersiveNpcAppearance/Catalog/Thumbnails/726f29d5c2c87349648465b3.png	Common/UI/Custom/Pages/ImmersiveNpcAppearance/Catalog/Thumbnails/726f29d5c2c87349648465b3.png	1ab550a334efb9e8126a5f30fc1ccea39379b304ce545e68bdbbf9ead5bfb6fd
HEAD_ACCESSORY	Hat_Popstar	UI/Custom/Pages/ImmersiveNpcAppearance/Catalog/Thumbnails/7db668e023beb745aceee03e.png	Common/UI/Custom/Pages/ImmersiveNpcAppearance/Catalog/Thumbnails/7db668e023beb745aceee03e.png	dc04509a9661d4f7eeeca2beecad485fd9ebdc3cac9ab8249329a9edfcbb9b5b
HEAD_ACCESSORY	HeadDaliah	UI/Custom/Pages/ImmersiveNpcAppearance/Catalog/Thumbnails/9c89d6e32f2b5486f2fb6b00.png	Common/UI/Custom/Pages/ImmersiveNpcAppearance/Catalog/Thumbnails/9c89d6e32f2b5486f2fb6b00.png	89908921a4206e92b81d2bf535665215a19501c8b2078069a3a2a4eb2090704f
HEAD_ACCESSORY	Head_Bandage	UI/Custom/Pages/ImmersiveNpcAppearance/Catalog/Thumbnails/65949629136c3abed249c09b.png	Common/UI/Custom/Pages/ImmersiveNpcAppearance/Catalog/Thumbnails/65949629136c3abed249c09b.png	49484c43fcdb8bdea049b4750c113fc99bb80c48cdecc0460ebd06aa38551ea6
HEAD_ACCESSORY	Head_Crown	UI/Custom/Pages/ImmersiveNpcAppearance/Catalog/Thumbnails/82b139c1a4ed1a6476bf813b.png	Common/UI/Custom/Pages/ImmersiveNpcAppearance/Catalog/Thumbnails/82b139c1a4ed1a6476bf813b.png	325c3a8155cf38ba484b77c74496e30ccd5baf08e9e72ffcd488231955ea9e3b
HEAD_ACCESSORY	Head_Tiara	UI/Custom/Pages/ImmersiveNpcAppearance/Catalog/Thumbnails/111586344f2a55eedc751488.png	Common/UI/Custom/Pages/ImmersiveNpcAppearance/Catalog/Thumbnails/111586344f2a55eedc751488.png	541560ed252a72f926bdfb9dfe07143dab02c7199cbc45d3424433fa199302d1
HEAD_ACCESSORY	Headband	UI/Custom/Pages/ImmersiveNpcAppearance/Catalog/Thumbnails/f6ce3c415bdab9898d2c0519.png	Common/UI/Custom/Pages/ImmersiveNpcAppearance/Catalog/Thumbnails/f6ce3c415bdab9898d2c0519.png	101cf065f6660bf98051e1ac2de71a1a092a660a170144be062079400c68ea13
HEAD_ACCESSORY	Headband_Void_Hero	UI/Custom/Pages/ImmersiveNpcAppearance/Catalog/Thumbnails/38d94b36269e315deba80f13.png	Common/UI/Custom/Pages/ImmersiveNpcAppearance/Catalog/Thumbnails/38d94b36269e315deba80f13.png	226d939a92c6b4bd29b674cc38062688e08f04e3b54cb59c656dca5e1dd59b6c
HEAD_ACCESSORY	Headphones	UI/Custom/Pages/ImmersiveNpcAppearance/Catalog/Thumbnails/1a26d4d244fa81eaa3d554ac.png	Common/UI/Custom/Pages/ImmersiveNpcAppearance/Catalog/Thumbnails/1a26d4d244fa81eaa3d554ac.png	ec1d8a80b9b1685ed77c43c50b72c8810bc56a44e09d555359bc5ac43bd73635
HEAD_ACCESSORY	HeadphonesDadCap	UI/Custom/Pages/ImmersiveNpcAppearance/Catalog/Thumbnails/3762ff5ef065087176996c7d.png	Common/UI/Custom/Pages/ImmersiveNpcAppearance/Catalog/Thumbnails/3762ff5ef065087176996c7d.png	d670f8b922e95c099c13654c368c922626c86941521abba1175de246c294c96d
HEAD_ACCESSORY	Hood_Blazen_Wizard	UI/Custom/Pages/ImmersiveNpcAppearance/Catalog/Thumbnails/77c08def4c96162e0ac23e4a.png	Common/UI/Custom/Pages/ImmersiveNpcAppearance/Catalog/Thumbnails/77c08def4c96162e0ac23e4a.png	e8e5517ad660194cb856dd216e7afa954812f50da8b99d29dc5c83670f707bf8
HEAD_ACCESSORY	Hoodie	UI/Custom/Pages/ImmersiveNpcAppearance/Catalog/Thumbnails/423526a511a49e08147602e7.png	Common/UI/Custom/Pages/ImmersiveNpcAppearance/Catalog/Thumbnails/423526a511a49e08147602e7.png	34ed136a3be87b3530ec64839b1b810cb458790c66fb115660896913d90b5d55
HEAD_ACCESSORY	Hoodie_Feran	UI/Custom/Pages/ImmersiveNpcAppearance/Catalog/Thumbnails/72e8e44137e84aca257e8ec9.png	Common/UI/Custom/Pages/ImmersiveNpcAppearance/Catalog/Thumbnails/72e8e44137e84aca257e8ec9.png	bfde4d01b79e29b05ce651b29c17efbd16a253e6eef7cb6bafe33b1e4a0af6bf
HEAD_ACCESSORY	Hoodie_Ornated	UI/Custom/Pages/ImmersiveNpcAppearance/Catalog/Thumbnails/8c8d853f11597c703007db17.png	Common/UI/Custom/Pages/ImmersiveNpcAppearance/Catalog/Thumbnails/8c8d853f11597c703007db17.png	90dae54f42afc840adfa209d5f03f63db600a43bb6ca462151b36fdfeb894f04
HEAD_ACCESSORY	Hope_Of_Gaia_Crown	UI/Custom/Pages/ImmersiveNpcAppearance/Catalog/Thumbnails/0bfa3e457bbd7c24c0047e09.png	Common/UI/Custom/Pages/ImmersiveNpcAppearance/Catalog/Thumbnails/0bfa3e457bbd7c24c0047e09.png	1a7b29abffdfd73409ab47b4b014193480533c8cca434ed653a5c13c7d26925e
HEAD_ACCESSORY	LeatherCap	UI/Custom/Pages/ImmersiveNpcAppearance/Catalog/Thumbnails/62662958fefa8951b9fa836a.png	Common/UI/Custom/Pages/ImmersiveNpcAppearance/Catalog/Thumbnails/62662958fefa8951b9fa836a.png	ec9d2e17f46b0d1a6b97d8a230fa4a6db1e2ee830144e453dc9a918109b9eb41
HEAD_ACCESSORY	Logo_Cap	UI/Custom/Pages/ImmersiveNpcAppearance/Catalog/Thumbnails/0a2e0c209d0631cd857118d0.png	Common/UI/Custom/Pages/ImmersiveNpcAppearance/Catalog/Thumbnails/0a2e0c209d0631cd857118d0.png	4d90189a32a3d1bb7069e6f9f9fc294c08c3ff68a3da8e55fde7cccfcfa218b4
HEAD_ACCESSORY	Merchant_Beret	UI/Custom/Pages/ImmersiveNpcAppearance/Catalog/Thumbnails/ffc80350a0efaf7341e5b591.png	Common/UI/Custom/Pages/ImmersiveNpcAppearance/Catalog/Thumbnails/ffc80350a0efaf7341e5b591.png	911b635f01f30c42cde0485ec3a2ea891d941bfc1a8cd5f800a6fbd44851ef14
HEAD_ACCESSORY	PirateBandana	UI/Custom/Pages/ImmersiveNpcAppearance/Catalog/Thumbnails/c95cb938698136457834b339.png	Common/UI/Custom/Pages/ImmersiveNpcAppearance/Catalog/Thumbnails/c95cb938698136457834b339.png	74ea607184115d10af6ca6eda49a2931c646b278c0bab3084e48a56dd4cb81ec
HEAD_ACCESSORY	Pirate_Captain_Hat	UI/Custom/Pages/ImmersiveNpcAppearance/Catalog/Thumbnails/c3bf39278dbc74d0491aff59.png	Common/UI/Custom/Pages/ImmersiveNpcAppearance/Catalog/Thumbnails/c3bf39278dbc74d0491aff59.png	36557c4ffb9a239a7f07745a09c656ba2c0892b7c36659f1b867e133607cfdb3
HEAD_ACCESSORY	Ribbon	UI/Custom/Pages/ImmersiveNpcAppearance/Catalog/Thumbnails/af4828babd65540f7d429a3b.png	Common/UI/Custom/Pages/ImmersiveNpcAppearance/Catalog/Thumbnails/af4828babd65540f7d429a3b.png	d6ac55dd78bfca45b5e7bfdc46e4ceec890a939d6abe671742fa5a54cc1aed7d
HEAD_ACCESSORY	RusticBeanie	UI/Custom/Pages/ImmersiveNpcAppearance/Catalog/Thumbnails/8326500c87a905b52078cab2.png	Common/UI/Custom/Pages/ImmersiveNpcAppearance/Catalog/Thumbnails/8326500c87a905b52078cab2.png	03fff783f17a8c6cf6c00873f83fabb47b56207fee793acf1f96081016070b66
HEAD_ACCESSORY	SantaHat	UI/Custom/Pages/ImmersiveNpcAppearance/Catalog/Thumbnails/b7f3e9832456a07ba8df8088.png	Common/UI/Custom/Pages/ImmersiveNpcAppearance/Catalog/Thumbnails/b7f3e9832456a07ba8df8088.png	35dbf72ece91dde57da8b33f6aff7a61038ba37a14be770efc1f3021be62873d
HEAD_ACCESSORY	Savanna_Scout_Hat	UI/Custom/Pages/ImmersiveNpcAppearance/Catalog/Thumbnails/3ce55fd1ecc834f5306b2736.png	Common/UI/Custom/Pages/ImmersiveNpcAppearance/Catalog/Thumbnails/3ce55fd1ecc834f5306b2736.png	59b284f01f9c57d1288210f5342862c9b362ae1a3880b4f8c6fe6d516d3fb3ee
HEAD_ACCESSORY	ShapedCap_Chill	UI/Custom/Pages/ImmersiveNpcAppearance/Catalog/Thumbnails/a37d3f67d69d0d441433c036.png	Common/UI/Custom/Pages/ImmersiveNpcAppearance/Catalog/Thumbnails/a37d3f67d69d0d441433c036.png	0ee72f5249f1f96d147975e371d8b23a398ba8e1fd826e93b5c6c97d9437525b
HEAD_ACCESSORY	StrawHat	UI/Custom/Pages/ImmersiveNpcAppearance/Catalog/Thumbnails/94e65632e18f3aafb75e70ef.png	Common/UI/Custom/Pages/ImmersiveNpcAppearance/Catalog/Thumbnails/94e65632e18f3aafb75e70ef.png	2e300ea1878c6eb3009f8fb0de238cf97e8dd63c1487d6990dd63d0a2c6f8f27
HEAD_ACCESSORY	StripedBeanie	UI/Custom/Pages/ImmersiveNpcAppearance/Catalog/Thumbnails/a26fe7b3a75dae880ceaefd7.png	Common/UI/Custom/Pages/ImmersiveNpcAppearance/Catalog/Thumbnails/a26fe7b3a75dae880ceaefd7.png	d24612e138b05887b199ce24d04ac0ae03b26db3955365ea7d31f6f3416d0b38
HEAD_ACCESSORY	TopHat	UI/Custom/Pages/ImmersiveNpcAppearance/Catalog/Thumbnails/d8bd0fa9c85b444471019b91.png	Common/UI/Custom/Pages/ImmersiveNpcAppearance/Catalog/Thumbnails/d8bd0fa9c85b444471019b91.png	1ea84197e06ded6f830f2de03ebf885aea8ec82dab7120edfc1772d47525cde0
HEAD_ACCESSORY	TweedHat	UI/Custom/Pages/ImmersiveNpcAppearance/Catalog/Thumbnails/d3b24c3922bb5866f41ed7ae.png	Common/UI/Custom/Pages/ImmersiveNpcAppearance/Catalog/Thumbnails/d3b24c3922bb5866f41ed7ae.png	70a88030d411ae5cb23f9200437a5f6718e08ea4fc2d80ec678cc504cf4adb7f
HEAD_ACCESSORY	Viking_Helmet	UI/Custom/Pages/ImmersiveNpcAppearance/Catalog/Thumbnails/9a4cb1bb87a71204d48d8bba.png	Common/UI/Custom/Pages/ImmersiveNpcAppearance/Catalog/Thumbnails/9a4cb1bb87a71204d48d8bba.png	46c06b25069e27886d4ae1b04c577898d6bceb23c2bb502a8353bc4def8c6ea6
HEAD_ACCESSORY	WitchHat	UI/Custom/Pages/ImmersiveNpcAppearance/Catalog/Thumbnails/f177aa3c5d4c8d3454515056.png	Common/UI/Custom/Pages/ImmersiveNpcAppearance/Catalog/Thumbnails/f177aa3c5d4c8d3454515056.png	0ab4aedf13ac958e9163df995f002a34e2f9b3e8cc0115503c84999e920591bd
HEAD_ACCESSORY	WorkoutCap	UI/Custom/Pages/ImmersiveNpcAppearance/Catalog/Thumbnails/81a16647c86fd137e9ca8b26.png	Common/UI/Custom/Pages/ImmersiveNpcAppearance/Catalog/Thumbnails/81a16647c86fd137e9ca8b26.png	565e92d6e1d0e60b98295cccb86cd42af375de792cee2584ea83261cf2a5fd2b
MOUTH	Mouth_Cute	UI/Custom/Pages/ImmersiveNpcAppearance/Catalog/Thumbnails/b3283465f473b039129fd8ac.png	Common/UI/Custom/Pages/ImmersiveNpcAppearance/Catalog/Thumbnails/b3283465f473b039129fd8ac.png	d7e144e9613f651a5af6e8bb0ac535c24837cbeb3defd0e011e03e81f7f242ba
MOUTH	Mouth_Default	UI/Custom/Pages/ImmersiveNpcAppearance/Catalog/Thumbnails/5d66e82d34bd616a94d00c98.png	Common/UI/Custom/Pages/ImmersiveNpcAppearance/Catalog/Thumbnails/5d66e82d34bd616a94d00c98.png	df2c2608e651b2554c1bddbca0e6f48a65048d2866da42e2e9d357fe07de1017
MOUTH	Mouth_Long	UI/Custom/Pages/ImmersiveNpcAppearance/Catalog/Thumbnails/c2b70ad11e1a2f9118b94682.png	Common/UI/Custom/Pages/ImmersiveNpcAppearance/Catalog/Thumbnails/c2b70ad11e1a2f9118b94682.png	a99828cff827cae1c971fc93666b2bf259f267fddba470bfccb06abbca5af3de
MOUTH	Mouth_Makeup	UI/Custom/Pages/ImmersiveNpcAppearance/Catalog/Thumbnails/758ba1336954d2ff82d10208.png	Common/UI/Custom/Pages/ImmersiveNpcAppearance/Catalog/Thumbnails/758ba1336954d2ff82d10208.png	98e734a057301244e99e7b0ed9295857273bad34fde63646cf6f267fbcb874f0
MOUTH	Mouth_Orc	UI/Custom/Pages/ImmersiveNpcAppearance/Catalog/Thumbnails/73bafd6f7fc6b96a4235b302.png	Common/UI/Custom/Pages/ImmersiveNpcAppearance/Catalog/Thumbnails/73bafd6f7fc6b96a4235b302.png	51fa7656e56007816f47b92f79209a1e7b8428edc5576fc8a89a07d89ac7cd72
MOUTH	Mouth_Thin	UI/Custom/Pages/ImmersiveNpcAppearance/Catalog/Thumbnails/6951d7e1956318aa38b13aef.png	Common/UI/Custom/Pages/ImmersiveNpcAppearance/Catalog/Thumbnails/6951d7e1956318aa38b13aef.png	599b1697e2835e4943db26a3194ed7e8e8937a13b33d8b1158f6df2a613a51b5
MOUTH	Mouth_Tiny	UI/Custom/Pages/ImmersiveNpcAppearance/Catalog/Thumbnails/2d9c3cfb0c0b33b4b76e365a.png	Common/UI/Custom/Pages/ImmersiveNpcAppearance/Catalog/Thumbnails/2d9c3cfb0c0b33b4b76e365a.png	50ee8c7aa54751d6f31970ad706fa1cec0035c53c3b88da20e16e8363c1adabf
MOUTH	Mouth_Vampire	UI/Custom/Pages/ImmersiveNpcAppearance/Catalog/Thumbnails/f2383a7171591ec987db903e.png	Common/UI/Custom/Pages/ImmersiveNpcAppearance/Catalog/Thumbnails/f2383a7171591ec987db903e.png	5f104a877436f1743c199e7a71df2d4e3d86927e6ed53e9c8bc94bd2d7e5c865
OVERPANTS	KneePads	UI/Custom/Pages/ImmersiveNpcAppearance/Catalog/Thumbnails/6cf83482a82554731576bb7e.png	Common/UI/Custom/Pages/ImmersiveNpcAppearance/Catalog/Thumbnails/6cf83482a82554731576bb7e.png	b16b01c618e919e76eccec4ce843c4d9c1bf555f2ac671f5f0f9e9333dfb3666
OVERPANTS	LongSocks_BasicWrap	UI/Custom/Pages/ImmersiveNpcAppearance/Catalog/Thumbnails/1cc21d61c33889b6938d94df.png	Common/UI/Custom/Pages/ImmersiveNpcAppearance/Catalog/Thumbnails/1cc21d61c33889b6938d94df.png	f608bf219912e305de5565f89feaaa0db76771d75762ac3569ebf59345ed11e5
OVERPANTS	LongSocks_Bow	UI/Custom/Pages/ImmersiveNpcAppearance/Catalog/Thumbnails/270e455247616b68361c1f96.png	Common/UI/Custom/Pages/ImmersiveNpcAppearance/Catalog/Thumbnails/270e455247616b68361c1f96.png	3ebdf56540aa3fdc54a9334494626a1b3a14affcbfc42d89601a3d36d5f810a2
OVERPANTS	LongSocks_Plain	UI/Custom/Pages/ImmersiveNpcAppearance/Catalog/Thumbnails/bd96fba322565df05d337013.png	Common/UI/Custom/Pages/ImmersiveNpcAppearance/Catalog/Thumbnails/bd96fba322565df05d337013.png	368674a47d2acebd12f5f282c3704ac2345cb866db0fb5127c440e8fffe1dd3b
OVERPANTS	LongSocks_School	UI/Custom/Pages/ImmersiveNpcAppearance/Catalog/Thumbnails/ca1fa367563c43cc11cfc286.png	Common/UI/Custom/Pages/ImmersiveNpcAppearance/Catalog/Thumbnails/ca1fa367563c43cc11cfc286.png	9e8d1628b5bd5b75bbaa1c6185f6799c9ed43f585e5b799a21736fa7e4149eed
OVERPANTS	LongSocks_Striped	UI/Custom/Pages/ImmersiveNpcAppearance/Catalog/Thumbnails/3baad7406224ffe1fc3ae68d.png	Common/UI/Custom/Pages/ImmersiveNpcAppearance/Catalog/Thumbnails/3baad7406224ffe1fc3ae68d.png	4af7f57d616aeb3644ebbee7e8290b61e9cd5a005affae45ba4d12c523242007
OVERPANTS	LongSocks_Torn	UI/Custom/Pages/ImmersiveNpcAppearance/Catalog/Thumbnails/3644bdf018025ff1aacc1c0c.png	Common/UI/Custom/Pages/ImmersiveNpcAppearance/Catalog/Thumbnails/3644bdf018025ff1aacc1c0c.png	380b0a8660785f6783eccfe45bf91ae9b418a15ac6179115d77ca4cad646c0c3
OVERTOP	Adventurer_Dress	UI/Custom/Pages/ImmersiveNpcAppearance/Catalog/Thumbnails/435c65d7f1d2c2b43ba4bb3e.png	Common/UI/Custom/Pages/ImmersiveNpcAppearance/Catalog/Thumbnails/435c65d7f1d2c2b43ba4bb3e.png	ebe255c02051e52d81734303fb0383d8ec60ffe824cb583115e5c255565693fb
OVERTOP	AlpineExplorerJumper	UI/Custom/Pages/ImmersiveNpcAppearance/Catalog/Thumbnails/221f3d1c06425a2f64ccfa05.png	Common/UI/Custom/Pages/ImmersiveNpcAppearance/Catalog/Thumbnails/221f3d1c06425a2f64ccfa05.png	526008efb558c50298742a816c06539dff1e56d9f69409b81acc873df07654f8
OVERTOP	Arctic_Scout_Jacket	UI/Custom/Pages/ImmersiveNpcAppearance/Catalog/Thumbnails/46df8c469c017544e8180080.png	Common/UI/Custom/Pages/ImmersiveNpcAppearance/Catalog/Thumbnails/46df8c469c017544e8180080.png	bca7e93a2e347e7623ed6ba9dea58e2ad6d0624b1f19d2c6bc05614c642575d7
OVERTOP	Arm_Bandage	UI/Custom/Pages/ImmersiveNpcAppearance/Catalog/Thumbnails/68ef22f7754a1babd25831f4.png	Common/UI/Custom/Pages/ImmersiveNpcAppearance/Catalog/Thumbnails/68ef22f7754a1babd25831f4.png	6868c09eb70c64e7a388a55c816e92a39c00cdc0cd662404b8def54eeed45852
OVERTOP	AviatorJacket	UI/Custom/Pages/ImmersiveNpcAppearance/Catalog/Thumbnails/8db857a17867bf8c389e34aa.png	Common/UI/Custom/Pages/ImmersiveNpcAppearance/Catalog/Thumbnails/8db857a17867bf8c389e34aa.png	456d8af0742a901496820e028e05b901dfdbfaf8880a4454e940564c928c5e91
OVERTOP	Bannerlord_Tunic	UI/Custom/Pages/ImmersiveNpcAppearance/Catalog/Thumbnails/9bf32f028aa45ef59062c506.png	Common/UI/Custom/Pages/ImmersiveNpcAppearance/Catalog/Thumbnails/9bf32f028aa45ef59062c506.png	fefefeb812902e3226dbe5a85b0aa2c69bf95e6acc68c51cafff079dcb6ad995
OVERTOP	Battleworn_Tunic	UI/Custom/Pages/ImmersiveNpcAppearance/Catalog/Thumbnails/1347cabbc8660dffee1dbec0.png	Common/UI/Custom/Pages/ImmersiveNpcAppearance/Catalog/Thumbnails/1347cabbc8660dffee1dbec0.png	8053e28410304c05aea14d3e0306b16bcaee89394a85833b6d42eed80423b4f3
OVERTOP	BulkyShirtLong	UI/Custom/Pages/ImmersiveNpcAppearance/Catalog/Thumbnails/9e98d25a630f6d5e98d89b05.png	Common/UI/Custom/Pages/ImmersiveNpcAppearance/Catalog/Thumbnails/9e98d25a630f6d5e98d89b05.png	8ff94339619a012ddf7fa3067d6b50e97c5be717b658a7c41d3e402e055d5454
OVERTOP	BulkyShirtLong_LeatherJacket	UI/Custom/Pages/ImmersiveNpcAppearance/Catalog/Thumbnails/b544ec4ad14761453b67a4c1.png	Common/UI/Custom/Pages/ImmersiveNpcAppearance/Catalog/Thumbnails/b544ec4ad14761453b67a4c1.png	356cd1279794ae8e8722159206c9f125c9b4ae735a893b4d9a977693fd060868
OVERTOP	BulkyShirt_FancyWaistcoat	UI/Custom/Pages/ImmersiveNpcAppearance/Catalog/Thumbnails/cea65286973bdf2e93b31f49.png	Common/UI/Custom/Pages/ImmersiveNpcAppearance/Catalog/Thumbnails/cea65286973bdf2e93b31f49.png	d3fa74b916c48e604291476b2e45c204f127842db0a01560bce0a6e31738f161
OVERTOP	BulkyShirt_RoyalRobe	UI/Custom/Pages/ImmersiveNpcAppearance/Catalog/Thumbnails/a8f52583017245038a68e7dc.png	Common/UI/Custom/Pages/ImmersiveNpcAppearance/Catalog/Thumbnails/a8f52583017245038a68e7dc.png	884d8c84f4ff34e8c24274721ebe465dd2b67c9b1c4e3c0b00738086628b17db
OVERTOP	BulkyShirt_RuralPattern	UI/Custom/Pages/ImmersiveNpcAppearance/Catalog/Thumbnails/f42a8783370196f74d64b68b.png	Common/UI/Custom/Pages/ImmersiveNpcAppearance/Catalog/Thumbnails/f42a8783370196f74d64b68b.png	72fe17a76aba52ab2dd201298ee049f55c1927d37e31c87ba4c94a7d37d9c993
OVERTOP	BulkyShirt_RuralShirt	UI/Custom/Pages/ImmersiveNpcAppearance/Catalog/Thumbnails/60c0bcac36dc6596f94244c7.png	Common/UI/Custom/Pages/ImmersiveNpcAppearance/Catalog/Thumbnails/60c0bcac36dc6596f94244c7.png	402a40e63e59b63e368b3efeaf8d16989233d6b01ccb8a07f45c6db5b325e049
OVERTOP	BulkyShirt_Scarf	UI/Custom/Pages/ImmersiveNpcAppearance/Catalog/Thumbnails/6ba07e1914d06586e5398a76.png	Common/UI/Custom/Pages/ImmersiveNpcAppearance/Catalog/Thumbnails/6ba07e1914d06586e5398a76.png	f84efe486bcf57cb6bb6d044f7ca0032e123224953437ef800028a0e57fc9022
OVERTOP	BulkyShirt_StomachWrap	UI/Custom/Pages/ImmersiveNpcAppearance/Catalog/Thumbnails/de4ca6a07ce49d9d5e1d39b8.png	Common/UI/Custom/Pages/ImmersiveNpcAppearance/Catalog/Thumbnails/de4ca6a07ce49d9d5e1d39b8.png	186c01b28a28b446dc1c74e09dfbc70e309f6eff6c1de9cdf7668da004a4e53e
OVERTOP	BunnyHoody	UI/Custom/Pages/ImmersiveNpcAppearance/Catalog/Thumbnails/802eaf92c7e8b3344852e6c9.png	Common/UI/Custom/Pages/ImmersiveNpcAppearance/Catalog/Thumbnails/802eaf92c7e8b3344852e6c9.png	ccf3fe1f21d3974ed273cb7e544a51b99bdf05439948ec712ef02c6a1363f066
OVERTOP	Chest_PuffyJersey	UI/Custom/Pages/ImmersiveNpcAppearance/Catalog/Thumbnails/b89641da90ffc4fa942b0504.png	Common/UI/Custom/Pages/ImmersiveNpcAppearance/Catalog/Thumbnails/b89641da90ffc4fa942b0504.png	c6e4ce8c89bfb6783031046c8a89fab843ea98e3a2ef84f7aff2bda711ea33e5
OVERTOP	Cheststrap	UI/Custom/Pages/ImmersiveNpcAppearance/Catalog/Thumbnails/a86c207f17f1810992d4f4ce.png	Common/UI/Custom/Pages/ImmersiveNpcAppearance/Catalog/Thumbnails/a86c207f17f1810992d4f4ce.png	e9c10a53605179d63680d9f3be0cffca76dbbca0219ffbbe684dae8c15417ec9
OVERTOP	Coat	UI/Custom/Pages/ImmersiveNpcAppearance/Catalog/Thumbnails/7618821d4a825f0bc42c41f7.png	Common/UI/Custom/Pages/ImmersiveNpcAppearance/Catalog/Thumbnails/7618821d4a825f0bc42c41f7.png	ca60b6862294eb2ebe6bdfda59537348ad9d95466cc46bf2083a5455148644c5
OVERTOP	Collared_Cool	UI/Custom/Pages/ImmersiveNpcAppearance/Catalog/Thumbnails/f5392995df3413cfe5b07410.png	Common/UI/Custom/Pages/ImmersiveNpcAppearance/Catalog/Thumbnails/f5392995df3413cfe5b07410.png	f2e59ac878c7c93a3723c8babac5a9dc3c119e74eeb12f35839ad6089a29acb0
OVERTOP	DaisyTop	UI/Custom/Pages/ImmersiveNpcAppearance/Catalog/Thumbnails/6b25b8862486b008e5ffb2c9.png	Common/UI/Custom/Pages/ImmersiveNpcAppearance/Catalog/Thumbnails/6b25b8862486b008e5ffb2c9.png	9ce71e3b2509e1c466dd5a695ad1a55b4f524d74b1440832b44ee88d7d2e236c
OVERTOP	DoubleButtonJacket	UI/Custom/Pages/ImmersiveNpcAppearance/Catalog/Thumbnails/9b324a8a8b207e43b65b1a51.png	Common/UI/Custom/Pages/ImmersiveNpcAppearance/Catalog/Thumbnails/9b324a8a8b207e43b65b1a51.png	5ab994723856180a681f2eaf33e5be2503a38f8b061fd62777d6cb371d6b1a37
OVERTOP	ElfJacket	UI/Custom/Pages/ImmersiveNpcAppearance/Catalog/Thumbnails/4a2fbe1fe86cd901f14a49f4.png	Common/UI/Custom/Pages/ImmersiveNpcAppearance/Catalog/Thumbnails/4a2fbe1fe86cd901f14a49f4.png	f6e2cadcf046773b8d5ce512ee608926420fe4c690dcf14545daa5a8b24a2a2d
OVERTOP	Fancy_Coat	UI/Custom/Pages/ImmersiveNpcAppearance/Catalog/Thumbnails/fe0cc4427f7c09c6403207a9.png	Common/UI/Custom/Pages/ImmersiveNpcAppearance/Catalog/Thumbnails/fe0cc4427f7c09c6403207a9.png	1ac3a111881543d2f15e9aab1ff28bb1167320ff851f6ba7ef61fdb9e44235b8
OVERTOP	Fantasy	UI/Custom/Pages/ImmersiveNpcAppearance/Catalog/Thumbnails/ece2e4836ffc51f6d5c19438.png	Common/UI/Custom/Pages/ImmersiveNpcAppearance/Catalog/Thumbnails/ece2e4836ffc51f6d5c19438.png	1f7668415767d48a85898719b65cb7410ed989f5a0d91a83517878ceec93f364
OVERTOP	FantasyShawl	UI/Custom/Pages/ImmersiveNpcAppearance/Catalog/Thumbnails/a8716840437e22c2eb232948.png	Common/UI/Custom/Pages/ImmersiveNpcAppearance/Catalog/Thumbnails/a8716840437e22c2eb232948.png	30b203861f74178572319a55b409014e4fa1794a85ceca1149e4380067f60b69
OVERTOP	FarmerVest	UI/Custom/Pages/ImmersiveNpcAppearance/Catalog/Thumbnails/ea59db1d759bd3ce5b8c30b6.png	Common/UI/Custom/Pages/ImmersiveNpcAppearance/Catalog/Thumbnails/ea59db1d759bd3ce5b8c30b6.png	37923f1b471a9f57a20bec6b22ef9bc80590bf95cf41108352204b6ee8053417
OVERTOP	Farmer_Dress	UI/Custom/Pages/ImmersiveNpcAppearance/Catalog/Thumbnails/af7247ac49b51ef8cff06b3f.png	Common/UI/Custom/Pages/ImmersiveNpcAppearance/Catalog/Thumbnails/af7247ac49b51ef8cff06b3f.png	2cc3dec489fd96a020dbca48fe7b515c7e14e9ca34dda8e82860445f8d7fcf6e
OVERTOP	Featherbound_Tunic	UI/Custom/Pages/ImmersiveNpcAppearance/Catalog/Thumbnails/1a8e6930249603b5a17daa54.png	Common/UI/Custom/Pages/ImmersiveNpcAppearance/Catalog/Thumbnails/1a8e6930249603b5a17daa54.png	1c763e920fbfe66a3499033c5d975572d1c80f671b460a1e9c79ca53bda4e624
OVERTOP	FloppyBunnyJersey	UI/Custom/Pages/ImmersiveNpcAppearance/Catalog/Thumbnails/6da0e4f60780b4bbf025efdb.png	Common/UI/Custom/Pages/ImmersiveNpcAppearance/Catalog/Thumbnails/6da0e4f60780b4bbf025efdb.png	e75a13daa5eb476c3dd0deadbb71035661d5332aee7abc8d5be7b577fef23232
OVERTOP	FlowyHalf	UI/Custom/Pages/ImmersiveNpcAppearance/Catalog/Thumbnails/b4638359724b365ad9e854f6.png	Common/UI/Custom/Pages/ImmersiveNpcAppearance/Catalog/Thumbnails/b4638359724b365ad9e854f6.png	071c1dc939015b6abba784c69f8fa13dc514dd92aac37b5afacc2723c41359e2
OVERTOP	ForestVest	UI/Custom/Pages/ImmersiveNpcAppearance/Catalog/Thumbnails/398ec91d86f9af39e33004c9.png	Common/UI/Custom/Pages/ImmersiveNpcAppearance/Catalog/Thumbnails/398ec91d86f9af39e33004c9.png	88780d98e4efb55952cdf8e217a15fddb15a07855792dd30e1035470713a6e19
OVERTOP	Forest_Guardian_Poncho	UI/Custom/Pages/ImmersiveNpcAppearance/Catalog/Thumbnails/7ca562f90ef1672dee54b465.png	Common/UI/Custom/Pages/ImmersiveNpcAppearance/Catalog/Thumbnails/7ca562f90ef1672dee54b465.png	e19a6ba8ed973416e7181af0dd0575d77c0fb6b4836d402bc5065713dd2cbe8a
OVERTOP	FurLinedJacket	UI/Custom/Pages/ImmersiveNpcAppearance/Catalog/Thumbnails/4c06b14e68d186edce045950.png	Common/UI/Custom/Pages/ImmersiveNpcAppearance/Catalog/Thumbnails/4c06b14e68d186edce045950.png	512a318016d417ac2ebbcf3e98cce1cd8e00ca13165a0e8012c3d8d719eacc51
OVERTOP	GiShirt	UI/Custom/Pages/ImmersiveNpcAppearance/Catalog/Thumbnails/eb27457c2e02d946ef7c62fb.png	Common/UI/Custom/Pages/ImmersiveNpcAppearance/Catalog/Thumbnails/eb27457c2e02d946ef7c62fb.png	5287aecfc32521df9b8831674e2ed79d364c92b0680f1fc1afdac82f3ba39eea
OVERTOP	Golden_Bangles	UI/Custom/Pages/ImmersiveNpcAppearance/Catalog/Thumbnails/d1dd7b16065bddc78569dce6.png	Common/UI/Custom/Pages/ImmersiveNpcAppearance/Catalog/Thumbnails/d1dd7b16065bddc78569dce6.png	feff1b598896139019d681b04944a1d319f95d75fbda914fe5ca9a782b7d4250
OVERTOP	GoldtrimJacket	UI/Custom/Pages/ImmersiveNpcAppearance/Catalog/Thumbnails/773c7d32f25e012a20497c2c.png	Common/UI/Custom/Pages/ImmersiveNpcAppearance/Catalog/Thumbnails/773c7d32f25e012a20497c2c.png	1d28175263b83223be4a1d14c0cd1ecb786849d515ee79062dce5313d3868606
OVERTOP	HeartNecklace	UI/Custom/Pages/ImmersiveNpcAppearance/Catalog/Thumbnails/e2c27f389eea47b8195180db.png	Common/UI/Custom/Pages/ImmersiveNpcAppearance/Catalog/Thumbnails/e2c27f389eea47b8195180db.png	e140f7a09275370759fc186c0bc521498081cb88dd1a0d9c4746555e84d639e3
OVERTOP	HeroShirt	UI/Custom/Pages/ImmersiveNpcAppearance/Catalog/Thumbnails/c20900a694026b4fbb0de4f7.png	Common/UI/Custom/Pages/ImmersiveNpcAppearance/Catalog/Thumbnails/c20900a694026b4fbb0de4f7.png	58a12fcf38d7c2ba228f5cdd6fa95f4452c11c07fb161cd990807f8f350c9d92
OVERTOP	Hope_Of_GaiaOvertop	UI/Custom/Pages/ImmersiveNpcAppearance/Catalog/Thumbnails/0a77b2a2ff623990a3a0e49d.png	Common/UI/Custom/Pages/ImmersiveNpcAppearance/Catalog/Thumbnails/0a77b2a2ff623990a3a0e49d.png	19bd78423fef79a6a121f8ffe7d1703563604799925f6b5600deb9f8c59cb93c
OVERTOP	Jacket	UI/Custom/Pages/ImmersiveNpcAppearance/Catalog/Thumbnails/e717e5d2f0c5828cc1fb49dd.png	Common/UI/Custom/Pages/ImmersiveNpcAppearance/Catalog/Thumbnails/e717e5d2f0c5828cc1fb49dd.png	1f2c8a9d62e663750eb57ebf061f2cfa308e04c5554a764ee90c5b09f42637d9
OVERTOP	JacketLong	UI/Custom/Pages/ImmersiveNpcAppearance/Catalog/Thumbnails/ac66d0655834dea8f23b1a8b.png	Common/UI/Custom/Pages/ImmersiveNpcAppearance/Catalog/Thumbnails/ac66d0655834dea8f23b1a8b.png	bab4f3c38593d4bd00e65e872a311af80edd259a0f7feefa82372a92eaf058e5
OVERTOP	JacketShort	UI/Custom/Pages/ImmersiveNpcAppearance/Catalog/Thumbnails/0ab8b9aeb0c93244d43e0698.png	Common/UI/Custom/Pages/ImmersiveNpcAppearance/Catalog/Thumbnails/0ab8b9aeb0c93244d43e0698.png	6d678e8c9747cf48dc9e95b4b50568c82ba76bdfc25fa8a4015a0b5067497e45
OVERTOP	Jacket_Popstar	UI/Custom/Pages/ImmersiveNpcAppearance/Catalog/Thumbnails/d737ea1ba1bd675e70dd5be5.png	Common/UI/Custom/Pages/ImmersiveNpcAppearance/Catalog/Thumbnails/d737ea1ba1bd675e70dd5be5.png	5276e29f9b4b3dc6cc39f34aa1bb29d80de063977c8d52c964617e18ef8808a7
OVERTOP	Jacket_Void_Hero	UI/Custom/Pages/ImmersiveNpcAppearance/Catalog/Thumbnails/f16da049ad0863b0c00f8bd5.png	Common/UI/Custom/Pages/ImmersiveNpcAppearance/Catalog/Thumbnails/f16da049ad0863b0c00f8bd5.png	df18a97a463f589d76ad8823cf2cb5edf96b1107690e23ba7a1c7e41d1995e83
OVERTOP	Jacket_Voyager	UI/Custom/Pages/ImmersiveNpcAppearance/Catalog/Thumbnails/3fac865db94c91e85045562d.png	Common/UI/Custom/Pages/ImmersiveNpcAppearance/Catalog/Thumbnails/3fac865db94c91e85045562d.png	f6f8f5170d17aa1b142ebabf00ca58fe02f08e1d61ecdbb9ed58f726b30ba891
OVERTOP	Jinbaori	UI/Custom/Pages/ImmersiveNpcAppearance/Catalog/Thumbnails/29086fae707a29c72d765505.png	Common/UI/Custom/Pages/ImmersiveNpcAppearance/Catalog/Thumbnails/29086fae707a29c72d765505.png	845abc886814dd064e54e90e94bf31b3c98b597aab2e1544aad6577fe03e2bea
OVERTOP	Jinbaori_Flower	UI/Custom/Pages/ImmersiveNpcAppearance/Catalog/Thumbnails/f005faa7128359ef32169d1d.png	Common/UI/Custom/Pages/ImmersiveNpcAppearance/Catalog/Thumbnails/f005faa7128359ef32169d1d.png	9e4755a0b36904a90788190325f1851bdbb0257aaec662fbb30ba33fd4bd0609
OVERTOP	Jinbaori_Wave	UI/Custom/Pages/ImmersiveNpcAppearance/Catalog/Thumbnails/3dd6a7eacea166e725672d35.png	Common/UI/Custom/Pages/ImmersiveNpcAppearance/Catalog/Thumbnails/3dd6a7eacea166e725672d35.png	7413d0a615837e34b182383e126117f99323b16eb0be7246e99ac0115720866f
OVERTOP	KhakiShirt	UI/Custom/Pages/ImmersiveNpcAppearance/Catalog/Thumbnails/67d1642add0491fd8c868831.png	Common/UI/Custom/Pages/ImmersiveNpcAppearance/Catalog/Thumbnails/67d1642add0491fd8c868831.png	e7ff2011b23c4b41719761747458b754b6fd8934d19d3d2b80486babd119f0ef
OVERTOP	LeatherVest	UI/Custom/Pages/ImmersiveNpcAppearance/Catalog/Thumbnails/3b84dfa83c7b708aa105e521.png	Common/UI/Custom/Pages/ImmersiveNpcAppearance/Catalog/Thumbnails/3b84dfa83c7b708aa105e521.png	ef1b65c0a31bdd39b9c24932bd00c5bce45b4ccfecc3db49856eb70152de66fb
OVERTOP	LetterJacket	UI/Custom/Pages/ImmersiveNpcAppearance/Catalog/Thumbnails/6a3925045c7b750570e876ea.png	Common/UI/Custom/Pages/ImmersiveNpcAppearance/Catalog/Thumbnails/6a3925045c7b750570e876ea.png	5992c2cdca21b8340bf86d04a08010c4b786af9a1bacfafca1781f8091ea258f
OVERTOP	LongBeltedJacket	UI/Custom/Pages/ImmersiveNpcAppearance/Catalog/Thumbnails/c99339d2a9ba419199aa556a.png	Common/UI/Custom/Pages/ImmersiveNpcAppearance/Catalog/Thumbnails/c99339d2a9ba419199aa556a.png	d0b45e54e33794e17c4156d0ffaec2aa608abf9c9b3aa08cbc61f5a063ee6d06
OVERTOP	LongCardigan	UI/Custom/Pages/ImmersiveNpcAppearance/Catalog/Thumbnails/f15e1d69740588c6c66ba363.png	Common/UI/Custom/Pages/ImmersiveNpcAppearance/Catalog/Thumbnails/f15e1d69740588c6c66ba363.png	8dbfa2e007a578375a0bd1a39322c6ac5eafc1d688f808725640706c2ac0183f
OVERTOP	LooseSweater	UI/Custom/Pages/ImmersiveNpcAppearance/Catalog/Thumbnails/bd20f95beb3f66805f906d85.png	Common/UI/Custom/Pages/ImmersiveNpcAppearance/Catalog/Thumbnails/bd20f95beb3f66805f906d85.png	9f06304f1e013c4102466fddf51c91caa09fb0babfcb5b1220482bf982de8cdc
OVERTOP	MageShirt	UI/Custom/Pages/ImmersiveNpcAppearance/Catalog/Thumbnails/9f012c71e5d7be22ddbcbe0c.png	Common/UI/Custom/Pages/ImmersiveNpcAppearance/Catalog/Thumbnails/9f012c71e5d7be22ddbcbe0c.png	3eea470bd8b5b8fe9f3c109129cc63a19177be5703b545025e8ee79c2ef81b79
OVERTOP	Merchant_Tunic	UI/Custom/Pages/ImmersiveNpcAppearance/Catalog/Thumbnails/8ecc7123717f6523ae93bda1.png	Common/UI/Custom/Pages/ImmersiveNpcAppearance/Catalog/Thumbnails/8ecc7123717f6523ae93bda1.png	5bd8c89bbb32161db5e0c56dc9950894052d33c07aeba57288b994ee27facf9a
OVERTOP	MessyShirt	UI/Custom/Pages/ImmersiveNpcAppearance/Catalog/Thumbnails/b150ec6d99d1ce7898a5aef1.png	Common/UI/Custom/Pages/ImmersiveNpcAppearance/Catalog/Thumbnails/b150ec6d99d1ce7898a5aef1.png	2028c711b9a05a6945ea95136de0a0cc3587c3fbb3b487f8de62ff17509a29b0
OVERTOP	MiniLeather	UI/Custom/Pages/ImmersiveNpcAppearance/Catalog/Thumbnails/06af6887d09cd589db30153f.png	Common/UI/Custom/Pages/ImmersiveNpcAppearance/Catalog/Thumbnails/06af6887d09cd589db30153f.png	7c7de822bfded45607c82bdfb97c59391f3d445b2a5feaa532895dcaa107082e
OVERTOP	NeckHigh_LeatherClad	UI/Custom/Pages/ImmersiveNpcAppearance/Catalog/Thumbnails/4afc68b3dd29b3dc594e8481.png	Common/UI/Custom/Pages/ImmersiveNpcAppearance/Catalog/Thumbnails/4afc68b3dd29b3dc594e8481.png	dc1174a413adf170e9582646a23d7078f98eb39567c527ff6effc09fa65fb1cb
OVERTOP	NeckHigh_Savanna	UI/Custom/Pages/ImmersiveNpcAppearance/Catalog/Thumbnails/e3a6cf815be819bca7730662.png	Common/UI/Custom/Pages/ImmersiveNpcAppearance/Catalog/Thumbnails/e3a6cf815be819bca7730662.png	4ae760539d0b8ab41bbca7f4a22cf351ec5e644a94015b447c562d0aaf343031
OVERTOP	Noble_Beige	UI/Custom/Pages/ImmersiveNpcAppearance/Catalog/Thumbnails/3c76c34b27ed0b802aa8774b.png	Common/UI/Custom/Pages/ImmersiveNpcAppearance/Catalog/Thumbnails/3c76c34b27ed0b802aa8774b.png	b6c1680f28bdf125656446cd918a551ea6a7960172ee807cc22a443d414b6efb
OVERTOP	Oasis_Dress	UI/Custom/Pages/ImmersiveNpcAppearance/Catalog/Thumbnails/3b7ddc6b824632171e94e9cf.png	Common/UI/Custom/Pages/ImmersiveNpcAppearance/Catalog/Thumbnails/3b7ddc6b824632171e94e9cf.png	4d9e302ac3d83699664a5883cfc642a09aa2f8510d7bdf3aa1bf7abc63432306
OVERTOP	OnePiece_ApronDress	UI/Custom/Pages/ImmersiveNpcAppearance/Catalog/Thumbnails/b9d52df078f46a3274554d3d.png	Common/UI/Custom/Pages/ImmersiveNpcAppearance/Catalog/Thumbnails/b9d52df078f46a3274554d3d.png	1f52722e8b15076f5fa886f7f9836c65779630e63ec16f8e1b43121a2ea357bd
OVERTOP	OnePiece_SchoolDress	UI/Custom/Pages/ImmersiveNpcAppearance/Catalog/Thumbnails/c78c054ed48f58526123ac25.png	Common/UI/Custom/Pages/ImmersiveNpcAppearance/Catalog/Thumbnails/c78c054ed48f58526123ac25.png	068469ef909e7bdaf2e433e5fa2fbe5c351fbe25ca0b8b0d78bb24ad8bc226fc
OVERTOP	OpenShirtBand	UI/Custom/Pages/ImmersiveNpcAppearance/Catalog/Thumbnails/5da7af1738e941e6efda91e7.png	Common/UI/Custom/Pages/ImmersiveNpcAppearance/Catalog/Thumbnails/5da7af1738e941e6efda91e7.png	c89ac8bb8ce75e0c00cc2060ad7c6d01fceb2b5922a4347f1421b2e8dfb7006b
OVERTOP	PinstripeJacket	UI/Custom/Pages/ImmersiveNpcAppearance/Catalog/Thumbnails/f8aedc2aa98deaffed6d3247.png	Common/UI/Custom/Pages/ImmersiveNpcAppearance/Catalog/Thumbnails/f8aedc2aa98deaffed6d3247.png	1b3d4614fa402706cc6fbb11a3655156630b20e2f3f2b946f1de7acb7579ba61
OVERTOP	Pirate	UI/Custom/Pages/ImmersiveNpcAppearance/Catalog/Thumbnails/47891c3a908f1ba7e1f182fe.png	Common/UI/Custom/Pages/ImmersiveNpcAppearance/Catalog/Thumbnails/47891c3a908f1ba7e1f182fe.png	6947e5bd217b4ea0968bf2bb9302edaed961f4736b00257510955a82bac91db6
OVERTOP	PlainHoodie	UI/Custom/Pages/ImmersiveNpcAppearance/Catalog/Thumbnails/f03400aba51c5987d65b0217.png	Common/UI/Custom/Pages/ImmersiveNpcAppearance/Catalog/Thumbnails/f03400aba51c5987d65b0217.png	a7bef87c187cfee2eaceef9cfe7c8019b379741a4f26f086d1eaab941b715d83
OVERTOP	PlainJersey	UI/Custom/Pages/ImmersiveNpcAppearance/Catalog/Thumbnails/6d4cd9b13083cad96a95f02a.png	Common/UI/Custom/Pages/ImmersiveNpcAppearance/Catalog/Thumbnails/6d4cd9b13083cad96a95f02a.png	02e9015cf8e7786603e9d0c19b8dea4e06ed7771b3d016408fd5635b191ffd53
OVERTOP	Polarneck	UI/Custom/Pages/ImmersiveNpcAppearance/Catalog/Thumbnails/475f20b626ebf779edfef23a.png	Common/UI/Custom/Pages/ImmersiveNpcAppearance/Catalog/Thumbnails/475f20b626ebf779edfef23a.png	1535cc1ddbbaad6a55852525006d3f08d50ff185c66845345030266504c4d4d8
OVERTOP	Pookah_Necklace	UI/Custom/Pages/ImmersiveNpcAppearance/Catalog/Thumbnails/1055deb21884cf095ab341e2.png	Common/UI/Custom/Pages/ImmersiveNpcAppearance/Catalog/Thumbnails/1055deb21884cf095ab341e2.png	83f74967cd388d7e9fc9f2f976d1e784cb771d5ff5dac52a8f8b0143e51fe4ce
OVERTOP	PuffyBomber	UI/Custom/Pages/ImmersiveNpcAppearance/Catalog/Thumbnails/fa3a3ef731b6b59615fae6c4.png	Common/UI/Custom/Pages/ImmersiveNpcAppearance/Catalog/Thumbnails/fa3a3ef731b6b59615fae6c4.png	16e917f556a1bd153e9a715f27840b15f1502fb22fd00c8fb0c2a20209f9ac33
OVERTOP	PuffyJacket	UI/Custom/Pages/ImmersiveNpcAppearance/Catalog/Thumbnails/4ffb94e65e047d355fb1d562.png	Common/UI/Custom/Pages/ImmersiveNpcAppearance/Catalog/Thumbnails/4ffb94e65e047d355fb1d562.png	f28503eafa8add86197480e0709feac4c499e6e29ec88abd4d305233e435d844
OVERTOP	QuiltedTop	UI/Custom/Pages/ImmersiveNpcAppearance/Catalog/Thumbnails/6c71f7ef2a248780a85c3f52.png	Common/UI/Custom/Pages/ImmersiveNpcAppearance/Catalog/Thumbnails/6c71f7ef2a248780a85c3f52.png	ecea4c9fcbb29697464e9b9d11b774c10207c674ee4984ff2fae5529986372a0
OVERTOP	RaggedVest	UI/Custom/Pages/ImmersiveNpcAppearance/Catalog/Thumbnails/236308c9aacfd985d2ffcda5.png	Common/UI/Custom/Pages/ImmersiveNpcAppearance/Catalog/Thumbnails/236308c9aacfd985d2ffcda5.png	e15195943a40ed7931722a5a165332bd284226e6429756e1623ba9e556cf318d
OVERTOP	RobeOvertops	UI/Custom/Pages/ImmersiveNpcAppearance/Catalog/Thumbnails/e35cff0a52e383b522aa3e31.png	Common/UI/Custom/Pages/ImmersiveNpcAppearance/Catalog/Thumbnails/e35cff0a52e383b522aa3e31.png	cfe9eadeab1f66c137b3e7714770273669072f5c4da1a27875de1677a2788e8c
OVERTOP	Robe_Blazen_Wizard	UI/Custom/Pages/ImmersiveNpcAppearance/Catalog/Thumbnails/b06e4aa3202e06f76fabe5ef.png	Common/UI/Custom/Pages/ImmersiveNpcAppearance/Catalog/Thumbnails/b06e4aa3202e06f76fabe5ef.png	ebc9374cd9529e57d99ec5b5229ec78d6eef5b86fb983b8f1789072c018bc2b0
OVERTOP	Ronin	UI/Custom/Pages/ImmersiveNpcAppearance/Catalog/Thumbnails/29f1cbe9bd6359b391967a6e.png	Common/UI/Custom/Pages/ImmersiveNpcAppearance/Catalog/Thumbnails/29f1cbe9bd6359b391967a6e.png	5f7971098c3dcab9d246572355b48be8d40fab388990b341027b4a9ed3da3b20
OVERTOP	RoughFabricBand	UI/Custom/Pages/ImmersiveNpcAppearance/Catalog/Thumbnails/ab3cf5e98bf28e6741704431.png	Common/UI/Custom/Pages/ImmersiveNpcAppearance/Catalog/Thumbnails/ab3cf5e98bf28e6741704431.png	909959754878cea2ed7e92f20eed944cfacd1445f0d5267c80f687f264522c6b
OVERTOP	SantaJacket	UI/Custom/Pages/ImmersiveNpcAppearance/Catalog/Thumbnails/7b6582ee6c2c9b8d9312bc3b.png	Common/UI/Custom/Pages/ImmersiveNpcAppearance/Catalog/Thumbnails/7b6582ee6c2c9b8d9312bc3b.png	48325d99e6fca253efa69fba7345aca6d0878d608b7a99b386a3daa928f86f36
OVERTOP	Scarf	UI/Custom/Pages/ImmersiveNpcAppearance/Catalog/Thumbnails/be39a0d1fa5246e3776761da.png	Common/UI/Custom/Pages/ImmersiveNpcAppearance/Catalog/Thumbnails/be39a0d1fa5246e3776761da.png	8d63a072876508c4fec204bfb53b8781738cf0435b9a487a8cf507e0ce4483ac
OVERTOP	Scarf_Large	UI/Custom/Pages/ImmersiveNpcAppearance/Catalog/Thumbnails/4cfad40ff87c86f5815948fc.png	Common/UI/Custom/Pages/ImmersiveNpcAppearance/Catalog/Thumbnails/4cfad40ff87c86f5815948fc.png	b4a2249f57f666fdb75f4a5890ec2dc0a81da037ce23eccca3007f9f2e364aa6
OVERTOP	Scarf_Large_Stripped	UI/Custom/Pages/ImmersiveNpcAppearance/Catalog/Thumbnails/914f1a0d4147545fab1d17cc.png	Common/UI/Custom/Pages/ImmersiveNpcAppearance/Catalog/Thumbnails/914f1a0d4147545fab1d17cc.png	edf0470811915a2af94de2aac9f17ef7a0e92afae14fd3f153843ab7f2612785
OVERTOP	Scavenger_Poncho	UI/Custom/Pages/ImmersiveNpcAppearance/Catalog/Thumbnails/e8b0c4c76f32621dcd0f9871.png	Common/UI/Custom/Pages/ImmersiveNpcAppearance/Catalog/Thumbnails/e8b0c4c76f32621dcd0f9871.png	2c848646860b8c399923a139b638e98150260afe1e548ec3f51c082db5be86a6
OVERTOP	Shark_Tooth_Necklace	UI/Custom/Pages/ImmersiveNpcAppearance/Catalog/Thumbnails/133e3d91d48c144f000220c6.png	Common/UI/Custom/Pages/ImmersiveNpcAppearance/Catalog/Thumbnails/133e3d91d48c144f000220c6.png	04a81fc9db3d9316c58e6a971987c0d75201bb68b20ea28fa9c9ad484822250d
OVERTOP	ShortTartan	UI/Custom/Pages/ImmersiveNpcAppearance/Catalog/Thumbnails/1c398d6fb48437f7eb9c8d03.png	Common/UI/Custom/Pages/ImmersiveNpcAppearance/Catalog/Thumbnails/1c398d6fb48437f7eb9c8d03.png	6b361a7455464b58da84a94bc2484f6f3ea2096d2d7683e0cd096b8617acacac
OVERTOP	SimpleDress	UI/Custom/Pages/ImmersiveNpcAppearance/Catalog/Thumbnails/90f0bc818a12f94f0f7d9e8e.png	Common/UI/Custom/Pages/ImmersiveNpcAppearance/Catalog/Thumbnails/90f0bc818a12f94f0f7d9e8e.png	82c7815c0fc8ceff4453fb9cc76c679662eab4eafd8a03cf90c4666697a40226
OVERTOP	SleevedDress	UI/Custom/Pages/ImmersiveNpcAppearance/Catalog/Thumbnails/eddfa9baba8f7c55ff6308f0.png	Common/UI/Custom/Pages/ImmersiveNpcAppearance/Catalog/Thumbnails/eddfa9baba8f7c55ff6308f0.png	07934e85f1747d8e6700930ff592319c29230d6a001335b140031cb864a42bf1
OVERTOP	SleevedDresswJersey	UI/Custom/Pages/ImmersiveNpcAppearance/Catalog/Thumbnails/efc008a814084a64d76e5ea1.png	Common/UI/Custom/Pages/ImmersiveNpcAppearance/Catalog/Thumbnails/efc008a814084a64d76e5ea1.png	bfd0fcfb65ed1913bb158657fd25b3cba9d1a8f256b2ebb87fa1aa4a3c4e2887
OVERTOP	StitchedShirt	UI/Custom/Pages/ImmersiveNpcAppearance/Catalog/Thumbnails/30a17995892e2b656e58c3db.png	Common/UI/Custom/Pages/ImmersiveNpcAppearance/Catalog/Thumbnails/30a17995892e2b656e58c3db.png	8d1f5333bc8c0446e8115f651d2ea4fbc662e0e494fa134d2b5490d278200bd7
OVERTOP	Straps_Wasteland_Marauder	UI/Custom/Pages/ImmersiveNpcAppearance/Catalog/Thumbnails/d7ca12bf99ffc69b7825ba2e.png	Common/UI/Custom/Pages/ImmersiveNpcAppearance/Catalog/Thumbnails/d7ca12bf99ffc69b7825ba2e.png	88d0cb66a6d776e3918071e0b1cb0ca14b7cfe63248c9ac8774d8504b55ea120
OVERTOP	StylishJacket	UI/Custom/Pages/ImmersiveNpcAppearance/Catalog/Thumbnails/2f0c517bdb8839c8525da783.png	Common/UI/Custom/Pages/ImmersiveNpcAppearance/Catalog/Thumbnails/2f0c517bdb8839c8525da783.png	446fa5227ecdd4571e6b45a1abde448c5b08a9554f04a890132537fe21d486f9
OVERTOP	Suit_Jacket	UI/Custom/Pages/ImmersiveNpcAppearance/Catalog/Thumbnails/730a41786c6db6200cfd3dcd.png	Common/UI/Custom/Pages/ImmersiveNpcAppearance/Catalog/Thumbnails/730a41786c6db6200cfd3dcd.png	af93a1134b61f7d571aaa470414b8a35b58e791e1bd012f50c7e08212b20f3e1
OVERTOP	Tartan	UI/Custom/Pages/ImmersiveNpcAppearance/Catalog/Thumbnails/d7bdbb8c213e2d4040744997.png	Common/UI/Custom/Pages/ImmersiveNpcAppearance/Catalog/Thumbnails/d7bdbb8c213e2d4040744997.png	c75b0e8eccd1f71252c51d2fa76f4aa8631d29a28616eb895aedc20074667f8d
OVERTOP	ThreadedOvertops	UI/Custom/Pages/ImmersiveNpcAppearance/Catalog/Thumbnails/99a5e270803ecb675306e01d.png	Common/UI/Custom/Pages/ImmersiveNpcAppearance/Catalog/Thumbnails/99a5e270803ecb675306e01d.png	eb9ecb93f5ecbb8dcc23779f81df7d73429c96734efc9041ef9e1799a34f931c
OVERTOP	TracksuitJacket	UI/Custom/Pages/ImmersiveNpcAppearance/Catalog/Thumbnails/09a14170e115a8ba5e399483.png	Common/UI/Custom/Pages/ImmersiveNpcAppearance/Catalog/Thumbnails/09a14170e115a8ba5e399483.png	8884642470b1414c7726db8c652432b58251f66f4184fbd7a9869deca96c9691
OVERTOP	TrenchCoat	UI/Custom/Pages/ImmersiveNpcAppearance/Catalog/Thumbnails/59df96a5265680839c3cde9e.png	Common/UI/Custom/Pages/ImmersiveNpcAppearance/Catalog/Thumbnails/59df96a5265680839c3cde9e.png	cb378a76912e12be4f55de5564c8992cefd5083f652c2fecd941293bf62a50ff
OVERTOP	Tunic_Long	UI/Custom/Pages/ImmersiveNpcAppearance/Catalog/Thumbnails/5a09495c1862f82948bf1a78.png	Common/UI/Custom/Pages/ImmersiveNpcAppearance/Catalog/Thumbnails/5a09495c1862f82948bf1a78.png	9da334365d770b366192be0a00165f4cc56cd1d3da775471f29efac0141696f6
OVERTOP	Tunic_Villager	UI/Custom/Pages/ImmersiveNpcAppearance/Catalog/Thumbnails/8f01ea6f87054606385dbe36.png	Common/UI/Custom/Pages/ImmersiveNpcAppearance/Catalog/Thumbnails/8f01ea6f87054606385dbe36.png	17ab7160d9b3ff8cc52d08fbf2181e9abf4fb659cf1b72615a0ff7cfcfdf0207
OVERTOP	Tunic_Weathered	UI/Custom/Pages/ImmersiveNpcAppearance/Catalog/Thumbnails/d1f886b3d5e321a621508305.png	Common/UI/Custom/Pages/ImmersiveNpcAppearance/Catalog/Thumbnails/d1f886b3d5e321a621508305.png	9962f97b96671d15e41a75b14125a787ee3688095cf4257df5038b1f01f24468
OVERTOP	VikingVest	UI/Custom/Pages/ImmersiveNpcAppearance/Catalog/Thumbnails/716d7e6203f64057ed50453f.png	Common/UI/Custom/Pages/ImmersiveNpcAppearance/Catalog/Thumbnails/716d7e6203f64057ed50453f.png	316f024f7485db736f00276d7549ee1e30d0d8961a4f79e42b30ec8d35265d69
OVERTOP	Voidbearer_Top	UI/Custom/Pages/ImmersiveNpcAppearance/Catalog/Thumbnails/1ca7baffaf82f262539b0303.png	Common/UI/Custom/Pages/ImmersiveNpcAppearance/Catalog/Thumbnails/1ca7baffaf82f262539b0303.png	a78ee4dd669378754b35296ec3af9a91572af1a117bb0df20124f0807827e66c
OVERTOP	Winter_Jacket	UI/Custom/Pages/ImmersiveNpcAppearance/Catalog/Thumbnails/7544c046600085f31c137d66.png	Common/UI/Custom/Pages/ImmersiveNpcAppearance/Catalog/Thumbnails/7544c046600085f31c137d66.png	bc174ddb7b65462acd01387bcc8b4e4d6b9de0041b23fa16bb2de896796ca49c
OVERTOP	Wool_Jersey	UI/Custom/Pages/ImmersiveNpcAppearance/Catalog/Thumbnails/596740f61b1accce4f91353f.png	Common/UI/Custom/Pages/ImmersiveNpcAppearance/Catalog/Thumbnails/596740f61b1accce4f91353f.png	c80a5310a5c16e6bcb2365173f0ed53b937ade6a263df58d8942f712c9207689
PANTS	ApprenticePants	UI/Custom/Pages/ImmersiveNpcAppearance/Catalog/Thumbnails/09d2697598f056e560ec4955.png	Common/UI/Custom/Pages/ImmersiveNpcAppearance/Catalog/Thumbnails/09d2697598f056e560ec4955.png	0387f18ed58b6197841a225ed093929f6b4935a6dedad3b20870c5d376496d05
PANTS	BannerlordQuilted	UI/Custom/Pages/ImmersiveNpcAppearance/Catalog/Thumbnails/0a7ce1a66ede6eaad68b1e57.png	Common/UI/Custom/Pages/ImmersiveNpcAppearance/Catalog/Thumbnails/0a7ce1a66ede6eaad68b1e57.png	a211e95eec45182668a56dd0d89b71d64d3beffdc8e534e74bdf019ad995f0c5
PANTS	Bermuda_Rolled	UI/Custom/Pages/ImmersiveNpcAppearance/Catalog/Thumbnails/e1b508baaee357d68890fdd9.png	Common/UI/Custom/Pages/ImmersiveNpcAppearance/Catalog/Thumbnails/e1b508baaee357d68890fdd9.png	49de279b735f22f11e1fc1e8c14a584e23ea0ccb5b44dcbd3580351681b0077a
PANTS	BulkySuede	UI/Custom/Pages/ImmersiveNpcAppearance/Catalog/Thumbnails/b714beaa0d06cd292223b6be.png	Common/UI/Custom/Pages/ImmersiveNpcAppearance/Catalog/Thumbnails/b714beaa0d06cd292223b6be.png	52622624d10659e70f70427ddede4d3e0ab30208bd687b034ec7817174fbb5fe
PANTS	CatacombCrawler_Shorts	UI/Custom/Pages/ImmersiveNpcAppearance/Catalog/Thumbnails/0668917c1dd7f51db0371b01.png	Common/UI/Custom/Pages/ImmersiveNpcAppearance/Catalog/Thumbnails/0668917c1dd7f51db0371b01.png	90ea02493b264e7edb47a08f90d3226495d20c7257699ad3489936cea2e8655f
PANTS	Colored_Trousers	UI/Custom/Pages/ImmersiveNpcAppearance/Catalog/Thumbnails/b8566c53daa9ef601ad40b11.png	Common/UI/Custom/Pages/ImmersiveNpcAppearance/Catalog/Thumbnails/b8566c53daa9ef601ad40b11.png	7a54fdde02f7e0ce7441e2bdc1bc60fcf9242740e894851fd071f2bdbfd56ab0
PANTS	ColouredKhaki	UI/Custom/Pages/ImmersiveNpcAppearance/Catalog/Thumbnails/bb3f58ebc3822efa07c99297.png	Common/UI/Custom/Pages/ImmersiveNpcAppearance/Catalog/Thumbnails/bb3f58ebc3822efa07c99297.png	ffabf0211caf58796d85a6eb25b7a953b56b83bc8b008e54827e1c4aa5a8a82f
PANTS	CostumePants	UI/Custom/Pages/ImmersiveNpcAppearance/Catalog/Thumbnails/67c527d4af3cc50a29ab220d.png	Common/UI/Custom/Pages/ImmersiveNpcAppearance/Catalog/Thumbnails/67c527d4af3cc50a29ab220d.png	757cae2ced2873bb09b931ae9c01fcb8d516079239be3d4e8fe11dcf77c3cf1c
PANTS	Crinkled_Skirt	UI/Custom/Pages/ImmersiveNpcAppearance/Catalog/Thumbnails/9249a2012a0d392527d99e86.png	Common/UI/Custom/Pages/ImmersiveNpcAppearance/Catalog/Thumbnails/9249a2012a0d392527d99e86.png	56185a34c6460086bfbbee0d8723224dc77609d8a9b52aaf154c5164c897e0d7
PANTS	DaisySkirt	UI/Custom/Pages/ImmersiveNpcAppearance/Catalog/Thumbnails/93628f0aa93c3863e14ab179.png	Common/UI/Custom/Pages/ImmersiveNpcAppearance/Catalog/Thumbnails/93628f0aa93c3863e14ab179.png	5ee095f3e17183946272934444211ab5ff94b9fe39a7ea98b2c85b146e83e89f
PANTS	DenimSkirt	UI/Custom/Pages/ImmersiveNpcAppearance/Catalog/Thumbnails/0c69f662bc12d72cf280de77.png	Common/UI/Custom/Pages/ImmersiveNpcAppearance/Catalog/Thumbnails/0c69f662bc12d72cf280de77.png	f14ba36d7dbcbfb65678360b76543e5b68640248ef9586e8041cf411d9667f54
PANTS	DesertDress	UI/Custom/Pages/ImmersiveNpcAppearance/Catalog/Thumbnails/24ebda197b346f04b89a3f21.png	Common/UI/Custom/Pages/ImmersiveNpcAppearance/Catalog/Thumbnails/24ebda197b346f04b89a3f21.png	d236d8ecb14f4a257858c24bc2fe4ece7d3964fc73b8e14790c620acd50aa353
PANTS	Dungarees	UI/Custom/Pages/ImmersiveNpcAppearance/Catalog/Thumbnails/b75b48a61ecd5b7ac3183acc.png	Common/UI/Custom/Pages/ImmersiveNpcAppearance/Catalog/Thumbnails/b75b48a61ecd5b7ac3183acc.png	569369d39645b336b06dda703cdf2ecabd71f0548d7a02acd70ffde517d83d63
PANTS	ExplorerShorts	UI/Custom/Pages/ImmersiveNpcAppearance/Catalog/Thumbnails/9ca5dc8e41ed9d9e94e07f3c.png	Common/UI/Custom/Pages/ImmersiveNpcAppearance/Catalog/Thumbnails/9ca5dc8e41ed9d9e94e07f3c.png	dedc8db6341c2ceae0221565676c58131e09ac8af49c68849b09363f481eddab
PANTS	Explorer_Trousers	UI/Custom/Pages/ImmersiveNpcAppearance/Catalog/Thumbnails/04854fbfe01a8d7edd6e7fa7.png	Common/UI/Custom/Pages/ImmersiveNpcAppearance/Catalog/Thumbnails/04854fbfe01a8d7edd6e7fa7.png	0fa4898abfa5c68997f2122bb773900d72503989b880bfaa974f51e85dbca238
PANTS	Forest_Bermuda	UI/Custom/Pages/ImmersiveNpcAppearance/Catalog/Thumbnails/ca15200deab2ee4d99977a98.png	Common/UI/Custom/Pages/ImmersiveNpcAppearance/Catalog/Thumbnails/ca15200deab2ee4d99977a98.png	e72e490728f6a46ac84ec25e09472b976b8ab7114fe46c68efc90a1c7a953071
PANTS	Forest_Guardian	UI/Custom/Pages/ImmersiveNpcAppearance/Catalog/Thumbnails/cc7d8a3c21402bcd230b1a3f.png	Common/UI/Custom/Pages/ImmersiveNpcAppearance/Catalog/Thumbnails/cc7d8a3c21402bcd230b1a3f.png	de6f069b909b1529b881b24a33ceaf5b7dae10ab18bfbc77c87ff1f3b9c5056d
PANTS	Frilly_Skirt	UI/Custom/Pages/ImmersiveNpcAppearance/Catalog/Thumbnails/6bf3a4e8248ee2c597436c57.png	Common/UI/Custom/Pages/ImmersiveNpcAppearance/Catalog/Thumbnails/6bf3a4e8248ee2c597436c57.png	82332b2c13a5d1b6200ca7a31e8d6fcd7c09d89985b9325c28757a93a41c504c
PANTS	FrostwardenSet_Skirt	UI/Custom/Pages/ImmersiveNpcAppearance/Catalog/Thumbnails/7b164dbc3c3c02e03442c4bd.png	Common/UI/Custom/Pages/ImmersiveNpcAppearance/Catalog/Thumbnails/7b164dbc3c3c02e03442c4bd.png	a6e2f835e9549d3e5611838fda74f3555b7864f4aba9c84847dec5be3c677813
PANTS	GiPants	UI/Custom/Pages/ImmersiveNpcAppearance/Catalog/Thumbnails/0893bf06b7f6a83c4cc08288.png	Common/UI/Custom/Pages/ImmersiveNpcAppearance/Catalog/Thumbnails/0893bf06b7f6a83c4cc08288.png	642d9f26c4c4994f449d2b143e8d6341c944d428cf261d11e67275cc652e5f36
PANTS	GoldtrimSkirt	UI/Custom/Pages/ImmersiveNpcAppearance/Catalog/Thumbnails/9d5b569efcfad58087b5c39b.png	Common/UI/Custom/Pages/ImmersiveNpcAppearance/Catalog/Thumbnails/9d5b569efcfad58087b5c39b.png	15b28fc27472087c658a79ca7c09afd57cdfab16fbc3cee43d4f5eb00dab1455
PANTS	HighSkirt_Plaid	UI/Custom/Pages/ImmersiveNpcAppearance/Catalog/Thumbnails/d2c1c76014c9a38a9a6220a9.png	Common/UI/Custom/Pages/ImmersiveNpcAppearance/Catalog/Thumbnails/d2c1c76014c9a38a9a6220a9.png	6a383eaca2607cbf326f4a86abf4c24b818dc028ff93c0fbee615ae1ea6d575d
PANTS	HighSkirt_Popstar	UI/Custom/Pages/ImmersiveNpcAppearance/Catalog/Thumbnails/e0ecea9971c7d6eb324db592.png	Common/UI/Custom/Pages/ImmersiveNpcAppearance/Catalog/Thumbnails/e0ecea9971c7d6eb324db592.png	3aad6eefabba8d545f8139348db890a9ba8ed149cdddbb4c6d434a9ec1ac457f
PANTS	HighSkirt_Punk	UI/Custom/Pages/ImmersiveNpcAppearance/Catalog/Thumbnails/f2360602d7a60f6b5c520cbc.png	Common/UI/Custom/Pages/ImmersiveNpcAppearance/Catalog/Thumbnails/f2360602d7a60f6b5c520cbc.png	7969a57f86a80d8cbd9f75c613fb9bc0e13dab900bc3e2b510b28cb65541da1f
PANTS	Hope_Of_Gaia_Skirt	UI/Custom/Pages/ImmersiveNpcAppearance/Catalog/Thumbnails/b7e152c0256219ee85bce37e.png	Common/UI/Custom/Pages/ImmersiveNpcAppearance/Catalog/Thumbnails/b7e152c0256219ee85bce37e.png	371e36e063916184225ff7317d3b0a3c2380047d6cce697a3d9082bf56e1f487
PANTS	Icecream_Skirt	UI/Custom/Pages/ImmersiveNpcAppearance/Catalog/Thumbnails/23789c4df8dfd5d636163018.png	Common/UI/Custom/Pages/ImmersiveNpcAppearance/Catalog/Thumbnails/23789c4df8dfd5d636163018.png	1b444008fca67c5e0549b5fdb76eebd02901f8feb53e1618482bdf943c6a3071
PANTS	Jeans	UI/Custom/Pages/ImmersiveNpcAppearance/Catalog/Thumbnails/d27459cc79d59af2fda253c7.png	Common/UI/Custom/Pages/ImmersiveNpcAppearance/Catalog/Thumbnails/d27459cc79d59af2fda253c7.png	7707e91ecbac00d7ccdcc868786a43aaf130af2c31671148fa7bcd992ea16507
PANTS	JeansStrapped	UI/Custom/Pages/ImmersiveNpcAppearance/Catalog/Thumbnails/391523ab7d4a3e42b5d3eef8.png	Common/UI/Custom/Pages/ImmersiveNpcAppearance/Catalog/Thumbnails/391523ab7d4a3e42b5d3eef8.png	7336a2bf326660b191fb894821597a0104e024d6b65b9e5377a0aad6d6c6122a
PANTS	KhakiShorts	UI/Custom/Pages/ImmersiveNpcAppearance/Catalog/Thumbnails/9d57fdc21e2adec6e8798242.png	Common/UI/Custom/Pages/ImmersiveNpcAppearance/Catalog/Thumbnails/9d57fdc21e2adec6e8798242.png	19798f9a770beb6179d2e6fd832becbebc07292cd63eb26d0dabbb53e8125698
PANTS	LeatherPants	UI/Custom/Pages/ImmersiveNpcAppearance/Catalog/Thumbnails/06e481d99e51db1acb699af7.png	Common/UI/Custom/Pages/ImmersiveNpcAppearance/Catalog/Thumbnails/06e481d99e51db1acb699af7.png	42e3c549d894c3c66e6e267b4ab096a697ad06a065f468945a369ca240d9877f
PANTS	Leggings	UI/Custom/Pages/ImmersiveNpcAppearance/Catalog/Thumbnails/1971803a99b19952eac688d3.png	Common/UI/Custom/Pages/ImmersiveNpcAppearance/Catalog/Thumbnails/1971803a99b19952eac688d3.png	e4dea61be5cdd1eb05d06fe6381e4701ec6c785bf6b9d2298f9c784492690817
PANTS	LongDungarees	UI/Custom/Pages/ImmersiveNpcAppearance/Catalog/Thumbnails/840cf39035aa4db6c56c3705.png	Common/UI/Custom/Pages/ImmersiveNpcAppearance/Catalog/Thumbnails/840cf39035aa4db6c56c3705.png	08215598b4af09e302f8485ffa8ece3da09774e23a7c3bffeaad0607bf03e457
PANTS	Long_Dress	UI/Custom/Pages/ImmersiveNpcAppearance/Catalog/Thumbnails/7786afb9b623ae3e3caf4185.png	Common/UI/Custom/Pages/ImmersiveNpcAppearance/Catalog/Thumbnails/7786afb9b623ae3e3caf4185.png	9c95cbc34ec80e4c9fe478e5a4d9be60b674f89b43337fae10c72c550e9b4764
PANTS	Merchant_Pants	UI/Custom/Pages/ImmersiveNpcAppearance/Catalog/Thumbnails/406001f026935582d0f333fc.png	Common/UI/Custom/Pages/ImmersiveNpcAppearance/Catalog/Thumbnails/406001f026935582d0f333fc.png	d5c2c7d13f0f34940fd9a980a5fcda66bd9191635539d838e98b6c68f4275b03
PANTS	Pants_Arctic_Scout	UI/Custom/Pages/ImmersiveNpcAppearance/Catalog/Thumbnails/422e9d05e881e4908892f15c.png	Common/UI/Custom/Pages/ImmersiveNpcAppearance/Catalog/Thumbnails/422e9d05e881e4908892f15c.png	9b514428bf8e2c59988c069ba84190f144c4c17e0985d2775a875b3996eb6474
PANTS	Pants_Slim	UI/Custom/Pages/ImmersiveNpcAppearance/Catalog/Thumbnails/e39f1369a19d1c855a217d1a.png	Common/UI/Custom/Pages/ImmersiveNpcAppearance/Catalog/Thumbnails/e39f1369a19d1c855a217d1a.png	625b0353c0cc56fdf96e2958cfd45f2eac9d19bfe8974542a7fb9d896632b611
PANTS	Pants_Slim_Faded	UI/Custom/Pages/ImmersiveNpcAppearance/Catalog/Thumbnails/9f2a6f3ca360df4f2afc880d.png	Common/UI/Custom/Pages/ImmersiveNpcAppearance/Catalog/Thumbnails/9f2a6f3ca360df4f2afc880d.png	4680663a1a2e32153ec1b4206ade608982d0ccdbd5732168f1d072d93a9e7fef
PANTS	Pants_Slim_Tracksuit	UI/Custom/Pages/ImmersiveNpcAppearance/Catalog/Thumbnails/738f5605bcbb733fd7c695a2.png	Common/UI/Custom/Pages/ImmersiveNpcAppearance/Catalog/Thumbnails/738f5605bcbb733fd7c695a2.png	95492c41d7e785f74ec36dcbb13d6d2a517636ecb3224e7449b59730ebca061f
PANTS	Pants_Straight_WreckedJeans	UI/Custom/Pages/ImmersiveNpcAppearance/Catalog/Thumbnails/0cdb4798a5e18432f17a7a6f.png	Common/UI/Custom/Pages/ImmersiveNpcAppearance/Catalog/Thumbnails/0cdb4798a5e18432f17a7a6f.png	db0adfb492434ee2a8cb4b4ce5524a4674fd1febc0f7600b0e489770e817a162
PANTS	Pants_Void_Hero	UI/Custom/Pages/ImmersiveNpcAppearance/Catalog/Thumbnails/b299962739a31ae17e97e12a.png	Common/UI/Custom/Pages/ImmersiveNpcAppearance/Catalog/Thumbnails/b299962739a31ae17e97e12a.png	072961b37e610c87c7ebd27c687912c3c09a184697cad6d163e2d0a25ba38cc4
PANTS	Pants_Wasteland_Marauder	UI/Custom/Pages/ImmersiveNpcAppearance/Catalog/Thumbnails/5b4090c570f248670f36d0e5.png	Common/UI/Custom/Pages/ImmersiveNpcAppearance/Catalog/Thumbnails/5b4090c570f248670f36d0e5.png	341c10d7d1eff0fcd71fc4b50bc6e15f2572cab1222f1b403e9f32b4e67da18a
PANTS	PinstripeTrousers	UI/Custom/Pages/ImmersiveNpcAppearance/Catalog/Thumbnails/59722bc8cc8de3c9c814a30a.png	Common/UI/Custom/Pages/ImmersiveNpcAppearance/Catalog/Thumbnails/59722bc8cc8de3c9c814a30a.png	10609fa517efa173bc7b912b78fcd4223c685a7a3a7f55aa52e338d60997c1ee
PANTS	Scavenger_Pants	UI/Custom/Pages/ImmersiveNpcAppearance/Catalog/Thumbnails/31950085fe7bd0cc1a085390.png	Common/UI/Custom/Pages/ImmersiveNpcAppearance/Catalog/Thumbnails/31950085fe7bd0cc1a085390.png	f6bdda7c6cd8b7fdc9a1ab4ea52ef173ae6edc691cb54bb552f3c45303447935
PANTS	Short_Ample	UI/Custom/Pages/ImmersiveNpcAppearance/Catalog/Thumbnails/3d0f105bc96dee8a3adb2937.png	Common/UI/Custom/Pages/ImmersiveNpcAppearance/Catalog/Thumbnails/3d0f105bc96dee8a3adb2937.png	4290c14822b80f974b1a08ad9a82888b37c8624571ada2a5fd14e29a59b14e3a
PANTS	ShortyRolled	UI/Custom/Pages/ImmersiveNpcAppearance/Catalog/Thumbnails/f94bea0ddf66b9871ab6b248.png	Common/UI/Custom/Pages/ImmersiveNpcAppearance/Catalog/Thumbnails/f94bea0ddf66b9871ab6b248.png	99d36d40fdaab830e920a2c306791eb7cf017ab65714ea5f1494a2e138fbac43
PANTS	Shorty_Mossy	UI/Custom/Pages/ImmersiveNpcAppearance/Catalog/Thumbnails/ea587eafbeac792b5f140c59.png	Common/UI/Custom/Pages/ImmersiveNpcAppearance/Catalog/Thumbnails/ea587eafbeac792b5f140c59.png	227eec6789264b637d27d2b13cf21990c2991db1c573d0d99f2f6d51005bfa9e
PANTS	Shorty_Rotten	UI/Custom/Pages/ImmersiveNpcAppearance/Catalog/Thumbnails/dff4e70cabbdf40b0efbb972.png	Common/UI/Custom/Pages/ImmersiveNpcAppearance/Catalog/Thumbnails/dff4e70cabbdf40b0efbb972.png	55c6afc5719069d454a9db26931c8c26dff7d2c0cd50b45ccb8caa2d6623a93e
PANTS	SimpleSkirt	UI/Custom/Pages/ImmersiveNpcAppearance/Catalog/Thumbnails/987212085d6bc4183949481d.png	Common/UI/Custom/Pages/ImmersiveNpcAppearance/Catalog/Thumbnails/987212085d6bc4183949481d.png	7aba84075abe6e1a0565492b6c99fd560b88c85e3cd05b50b3c4ddfa511cf243
PANTS	SkaterShorts_Chunky	UI/Custom/Pages/ImmersiveNpcAppearance/Catalog/Thumbnails/3a7e819fa853f84b135e5185.png	Common/UI/Custom/Pages/ImmersiveNpcAppearance/Catalog/Thumbnails/3a7e819fa853f84b135e5185.png	c015781569f51a90421048a91a3eab18792a5730b28e4459e59b3ff0337cf183
PANTS	Skirt	UI/Custom/Pages/ImmersiveNpcAppearance/Catalog/Thumbnails/b0dd46286577330274f1264c.png	Common/UI/Custom/Pages/ImmersiveNpcAppearance/Catalog/Thumbnails/b0dd46286577330274f1264c.png	92cc3ad2fe9c523bb5262332598a66907ab18d2c1e7f41cb3b119200506f0ab2
PANTS	Skirt_Savanna	UI/Custom/Pages/ImmersiveNpcAppearance/Catalog/Thumbnails/304ac16f5e4347bf70c29bc1.png	Common/UI/Custom/Pages/ImmersiveNpcAppearance/Catalog/Thumbnails/304ac16f5e4347bf70c29bc1.png	8a84bd3e8e467bf5024850f0e3d644d024abb9efaf2b7a78fb300aa4a5a26f15
PANTS	Slim_Short	UI/Custom/Pages/ImmersiveNpcAppearance/Catalog/Thumbnails/b151756647ba1132f0bdcd02.png	Common/UI/Custom/Pages/ImmersiveNpcAppearance/Catalog/Thumbnails/b151756647ba1132f0bdcd02.png	32bd40734d103979b9f32bf2db25e1d69b5e98309a5530a453f0e0ea7c8801e7
PANTS	StripedPants	UI/Custom/Pages/ImmersiveNpcAppearance/Catalog/Thumbnails/711702324afd68957bd9f468.png	Common/UI/Custom/Pages/ImmersiveNpcAppearance/Catalog/Thumbnails/711702324afd68957bd9f468.png	3613e191914a6bdc9bc265943c2c394d2ae68b188ce10e14212475056cce7c9f
PANTS	StylishShorts	UI/Custom/Pages/ImmersiveNpcAppearance/Catalog/Thumbnails/55e0ac504f4b57e8dcfdecdc.png	Common/UI/Custom/Pages/ImmersiveNpcAppearance/Catalog/Thumbnails/55e0ac504f4b57e8dcfdecdc.png	2e952ff3485eae3c80baecbe1ad6688affb3e491511fd4b1d8775da2986e9144
PANTS	SurvivorPants	UI/Custom/Pages/ImmersiveNpcAppearance/Catalog/Thumbnails/adaebf6d6683d50038204062.png	Common/UI/Custom/Pages/ImmersiveNpcAppearance/Catalog/Thumbnails/adaebf6d6683d50038204062.png	e82c15b717a22341abdcde2a60f5f9eea319532da929fa81c86d5ffdf9604e72
PANTS	Villager_Bermuda	UI/Custom/Pages/ImmersiveNpcAppearance/Catalog/Thumbnails/943da9dedaeacbbaa8156067.png	Common/UI/Custom/Pages/ImmersiveNpcAppearance/Catalog/Thumbnails/943da9dedaeacbbaa8156067.png	3a8cd893f0d7896e6b8fff55c64a72287eb204563f1d81d0a33557a1df591b1e
PANTS	Voidbearer_Pants	UI/Custom/Pages/ImmersiveNpcAppearance/Catalog/Thumbnails/dc2fdf4e0a24fa3451a1abf2.png	Common/UI/Custom/Pages/ImmersiveNpcAppearance/Catalog/Thumbnails/dc2fdf4e0a24fa3451a1abf2.png	93a1e6fb2229baed5c1d53d21fe66e4625421e94c8fc6eea7f719aecd9bc0c53
SHOES	AdventurerBoots	UI/Custom/Pages/ImmersiveNpcAppearance/Catalog/Thumbnails/71e7d2ba8665d0faf427da2b.png	Common/UI/Custom/Pages/ImmersiveNpcAppearance/Catalog/Thumbnails/71e7d2ba8665d0faf427da2b.png	d2ae6155a8ec5d3e7ea40c251efaac03177caa67c44d8926ebbf2e2025d12fb7
SHOES	Arctic	UI/Custom/Pages/ImmersiveNpcAppearance/Catalog/Thumbnails/b3e2254bb05e410aaee42a36.png	Common/UI/Custom/Pages/ImmersiveNpcAppearance/Catalog/Thumbnails/b3e2254bb05e410aaee42a36.png	3e18bacd0d55f2a5d9ef88587ae8599519f049b557a70547b3fd258a81113c67
SHOES	Arctic_Scout_Boots	UI/Custom/Pages/ImmersiveNpcAppearance/Catalog/Thumbnails/ae7563922c7add400aa7818a.png	Common/UI/Custom/Pages/ImmersiveNpcAppearance/Catalog/Thumbnails/ae7563922c7add400aa7818a.png	5631387d05aedf0622ec6b536609920b7f15a59c6e1b6449dcb53ead829f9c4e
SHOES	BannerlordBoots	UI/Custom/Pages/ImmersiveNpcAppearance/Catalog/Thumbnails/8e5621fdca2ebac552931fe5.png	Common/UI/Custom/Pages/ImmersiveNpcAppearance/Catalog/Thumbnails/8e5621fdca2ebac552931fe5.png	836fee55948a6a39ae9999504d6fa3c2861fc0819aacaf0564c0c578ea27c1aa
SHOES	BasicBoots	UI/Custom/Pages/ImmersiveNpcAppearance/Catalog/Thumbnails/d658ccda0848ccce892ea442.png	Common/UI/Custom/Pages/ImmersiveNpcAppearance/Catalog/Thumbnails/d658ccda0848ccce892ea442.png	ca75fe80f47b2dd72e4c8f1c8db5fdef534d4e282a5c51088f0612ba79be5dd7
SHOES	BasicSandals	UI/Custom/Pages/ImmersiveNpcAppearance/Catalog/Thumbnails/c77f3fbc70593e4ad1e81eba.png	Common/UI/Custom/Pages/ImmersiveNpcAppearance/Catalog/Thumbnails/c77f3fbc70593e4ad1e81eba.png	5fa7be99641078217e1c2aff7eefde088c1b0a3f9c7f7ee6dc1198be9d64b92f
SHOES	BasicShoes	UI/Custom/Pages/ImmersiveNpcAppearance/Catalog/Thumbnails/87b86aa9719584b79f2e2227.png	Common/UI/Custom/Pages/ImmersiveNpcAppearance/Catalog/Thumbnails/87b86aa9719584b79f2e2227.png	5bcc6e82bbcd3442466570eb442c668e1fb4f00e69903492156e43877348fa32
SHOES	BasicShoes_Buckle	UI/Custom/Pages/ImmersiveNpcAppearance/Catalog/Thumbnails/3ae1606a3a9a52099c39c88e.png	Common/UI/Custom/Pages/ImmersiveNpcAppearance/Catalog/Thumbnails/3ae1606a3a9a52099c39c88e.png	49eb77fd1fbc84379848ff82169552bd323cf1a6b6fe8b0ae88dccbe3905baba
SHOES	BasicShoes_Sandals	UI/Custom/Pages/ImmersiveNpcAppearance/Catalog/Thumbnails/81597e37307de814801416ab.png	Common/UI/Custom/Pages/ImmersiveNpcAppearance/Catalog/Thumbnails/81597e37307de814801416ab.png	4179ea729480f24f53987a4804ab071f571365a43dc1776c499ecbaf9e60aed8
SHOES	BasicShoes_Shiny	UI/Custom/Pages/ImmersiveNpcAppearance/Catalog/Thumbnails/4f03cfedf3dfd27b815c6cf8.png	Common/UI/Custom/Pages/ImmersiveNpcAppearance/Catalog/Thumbnails/4f03cfedf3dfd27b815c6cf8.png	23d21b0a1ba825f942b373f57d14feb133a3790c5c71e420c146ee48defb3e76
SHOES	BasicShoes_Strap	UI/Custom/Pages/ImmersiveNpcAppearance/Catalog/Thumbnails/b1882fc1a4629111ecedbb88.png	Common/UI/Custom/Pages/ImmersiveNpcAppearance/Catalog/Thumbnails/b1882fc1a4629111ecedbb88.png	49eb77fd1fbc84379848ff82169552bd323cf1a6b6fe8b0ae88dccbe3905baba
SHOES	Battleworn_Boots	UI/Custom/Pages/ImmersiveNpcAppearance/Catalog/Thumbnails/038c8f957d09fd4e019a4923.png	Common/UI/Custom/Pages/ImmersiveNpcAppearance/Catalog/Thumbnails/038c8f957d09fd4e019a4923.png	3b9916f500240d3b30531fd578207612c77ab5fd0744b3d37d2c0434ce1fd3b8
SHOES	Boots_Blazen_Wizard	UI/Custom/Pages/ImmersiveNpcAppearance/Catalog/Thumbnails/ba3e881343e7ab255662142b.png	Common/UI/Custom/Pages/ImmersiveNpcAppearance/Catalog/Thumbnails/ba3e881343e7ab255662142b.png	922719ff93df592899a2592e5a04f93652cf6d915f6b250ce47aea297873aeb0
SHOES	Boots_Long	UI/Custom/Pages/ImmersiveNpcAppearance/Catalog/Thumbnails/6e6b030928222f7a5f86c6be.png	Common/UI/Custom/Pages/ImmersiveNpcAppearance/Catalog/Thumbnails/6e6b030928222f7a5f86c6be.png	dda82663c043d681ec5e950268afad4f756d7c8327e83d6766fc7f440c8ebd10
SHOES	Boots_Thick	UI/Custom/Pages/ImmersiveNpcAppearance/Catalog/Thumbnails/1082d1ccb7bd482b25673886.png	Common/UI/Custom/Pages/ImmersiveNpcAppearance/Catalog/Thumbnails/1082d1ccb7bd482b25673886.png	8337d19040a24d0e13d8cd0d4041e179252ee69281e83c7cff7f1ec4113aa49d
SHOES	Boots_Void_Hero	UI/Custom/Pages/ImmersiveNpcAppearance/Catalog/Thumbnails/acf97d6de2f4ef4e3edb0666.png	Common/UI/Custom/Pages/ImmersiveNpcAppearance/Catalog/Thumbnails/acf97d6de2f4ef4e3edb0666.png	e92357fe7e05d105ab02e3d93e7613d3b034de39123ae21937117ade1b903daa
SHOES	Boots_Voyager	UI/Custom/Pages/ImmersiveNpcAppearance/Catalog/Thumbnails/20767cd3956e6c2f54c3b250.png	Common/UI/Custom/Pages/ImmersiveNpcAppearance/Catalog/Thumbnails/20767cd3956e6c2f54c3b250.png	507fc43f92aa8fa02bb89f63b04db6701b89c70e6d3402d6ea0a145b49407403
SHOES	CatacombCrawler_Boots	UI/Custom/Pages/ImmersiveNpcAppearance/Catalog/Thumbnails/d44a51cd142ee4250aa1e1d5.png	Common/UI/Custom/Pages/ImmersiveNpcAppearance/Catalog/Thumbnails/d44a51cd142ee4250aa1e1d5.png	c51f564547a4bb82a24df87e313ad8e61ad72beca4908aa7ac5ccbe458414c89
SHOES	DaisyShoes	UI/Custom/Pages/ImmersiveNpcAppearance/Catalog/Thumbnails/eb324e75aad0fb165e87aec9.png	Common/UI/Custom/Pages/ImmersiveNpcAppearance/Catalog/Thumbnails/eb324e75aad0fb165e87aec9.png	67ae52be2b419dba10ff809ee43301bb9bf848546ce919a8c27f41de507e12b5
SHOES	DesertBoots	UI/Custom/Pages/ImmersiveNpcAppearance/Catalog/Thumbnails/77c465eb81d6b4f0e9819624.png	Common/UI/Custom/Pages/ImmersiveNpcAppearance/Catalog/Thumbnails/77c465eb81d6b4f0e9819624.png	936b61b8fb996c31a8f216e5af8d6188a2f5751eb2bf9a12faa048a6e51b6618
SHOES	ElfBoots	UI/Custom/Pages/ImmersiveNpcAppearance/Catalog/Thumbnails/f9abf3c02d7a1239c988aaca.png	Common/UI/Custom/Pages/ImmersiveNpcAppearance/Catalog/Thumbnails/f9abf3c02d7a1239c988aaca.png	a4703732fbd9748f49a7f735605d6b5aa86353e07ba7381be7d05327005b46bd
SHOES	FashionableBoots	UI/Custom/Pages/ImmersiveNpcAppearance/Catalog/Thumbnails/ea39b2f9f60b0694dab1fe2e.png	Common/UI/Custom/Pages/ImmersiveNpcAppearance/Catalog/Thumbnails/ea39b2f9f60b0694dab1fe2e.png	6d68cb5551ae2994878e6b54a5e844245f05d34af5eb59d50775c0b7cf3b4fb2
SHOES	Flats_Styled	UI/Custom/Pages/ImmersiveNpcAppearance/Catalog/Thumbnails/92307e4cd4e15c0bc7297405.png	Common/UI/Custom/Pages/ImmersiveNpcAppearance/Catalog/Thumbnails/92307e4cd4e15c0bc7297405.png	02a5e75fd7c823d6e6b21855e92a57b965434836929d155c1e34d989adc5389a
SHOES	Forest_Guardian_Boots	UI/Custom/Pages/ImmersiveNpcAppearance/Catalog/Thumbnails/61930d819cb634534000fbe4.png	Common/UI/Custom/Pages/ImmersiveNpcAppearance/Catalog/Thumbnails/61930d819cb634534000fbe4.png	c3f4ecd02986fc18c0ca48124e13b70b84239c8f6e4a2c6c444b8c8f860832b1
SHOES	FrostwardenSet_Boots	UI/Custom/Pages/ImmersiveNpcAppearance/Catalog/Thumbnails/5292282fa17a2360f29b052a.png	Common/UI/Custom/Pages/ImmersiveNpcAppearance/Catalog/Thumbnails/5292282fa17a2360f29b052a.png	a0d75f46bb5293eef7d666effbf90d90088ca715bb20a5bfd5052ba57f530d33
SHOES	Gem_Shoes	UI/Custom/Pages/ImmersiveNpcAppearance/Catalog/Thumbnails/3c5e20c3ff780d204ee3fe82.png	Common/UI/Custom/Pages/ImmersiveNpcAppearance/Catalog/Thumbnails/3c5e20c3ff780d204ee3fe82.png	972e924d663ee19fd31705b1c276edb60479d3a04bd0d917b904524649014936
SHOES	GoldenBangle	UI/Custom/Pages/ImmersiveNpcAppearance/Catalog/Thumbnails/1bbd56e97838010bbfaab950.png	Common/UI/Custom/Pages/ImmersiveNpcAppearance/Catalog/Thumbnails/1bbd56e97838010bbfaab950.png	fd740ef77034121a252cd025b781918cc52f0de4144fa7137286e7ab10583ba8
SHOES	HeavyLeather	UI/Custom/Pages/ImmersiveNpcAppearance/Catalog/Thumbnails/a7a075363ed3f2b8086abcc0.png	Common/UI/Custom/Pages/ImmersiveNpcAppearance/Catalog/Thumbnails/a7a075363ed3f2b8086abcc0.png	fc796aceb1978467ca56689d0b9dd82c72d3c935f8116d4d0207cd555ce5912d
SHOES	HeeledBoots_Popstar	UI/Custom/Pages/ImmersiveNpcAppearance/Catalog/Thumbnails/16efd47e34670b5d079946d9.png	Common/UI/Custom/Pages/ImmersiveNpcAppearance/Catalog/Thumbnails/16efd47e34670b5d079946d9.png	af3d3961c78de190570eb2bd2c084beb3374b2202f3fc7edf6c90ecb8ecc0c44
SHOES	HeeledBoots_Savanna	UI/Custom/Pages/ImmersiveNpcAppearance/Catalog/Thumbnails/fb89a08d0ccd1733723b843a.png	Common/UI/Custom/Pages/ImmersiveNpcAppearance/Catalog/Thumbnails/fb89a08d0ccd1733723b843a.png	c92a97ab697a170121ac3baf3a9222a027a495969897f7d354d1eca200205d85
SHOES	HiBoots	UI/Custom/Pages/ImmersiveNpcAppearance/Catalog/Thumbnails/4a8209d99225fa046df9ec30.png	Common/UI/Custom/Pages/ImmersiveNpcAppearance/Catalog/Thumbnails/4a8209d99225fa046df9ec30.png	526ec4554d05cc5d2310e600b325f0caf106581bb36e7fdd8e77d309e60ca991
SHOES	Hope_Of_Gaia_Boots	UI/Custom/Pages/ImmersiveNpcAppearance/Catalog/Thumbnails/50c08d517fe6c3fab68be8e5.png	Common/UI/Custom/Pages/ImmersiveNpcAppearance/Catalog/Thumbnails/50c08d517fe6c3fab68be8e5.png	59939c434e1edbe80b56a36f409b9320d9c9e54b391f7e04561f71053a7c5261
SHOES	Icecream_Shoes	UI/Custom/Pages/ImmersiveNpcAppearance/Catalog/Thumbnails/781da308f4ec9f02c6749aca.png	Common/UI/Custom/Pages/ImmersiveNpcAppearance/Catalog/Thumbnails/781da308f4ec9f02c6749aca.png	626e8613773f2e7c0123274c854e8e48456e74e8040ca16d614c73ded7369b6b
SHOES	LeatherBoots	UI/Custom/Pages/ImmersiveNpcAppearance/Catalog/Thumbnails/998d214bd3aa9e2d6c52b24a.png	Common/UI/Custom/Pages/ImmersiveNpcAppearance/Catalog/Thumbnails/998d214bd3aa9e2d6c52b24a.png	0e2caab5af8f3e2f78847299aeb0be766dff0ec24cf4d62c8e67476600bbaf99
SHOES	Merchant_Boots	UI/Custom/Pages/ImmersiveNpcAppearance/Catalog/Thumbnails/0100d3e90e9c7ade7fb62677.png	Common/UI/Custom/Pages/ImmersiveNpcAppearance/Catalog/Thumbnails/0100d3e90e9c7ade7fb62677.png	168f05e58e341bcc6dd53d5dbd2f0c70488d2c2b38007cdd2730d30be5588a18
SHOES	MinerBoots	UI/Custom/Pages/ImmersiveNpcAppearance/Catalog/Thumbnails/6d2227282998686722d2c53a.png	Common/UI/Custom/Pages/ImmersiveNpcAppearance/Catalog/Thumbnails/6d2227282998686722d2c53a.png	56497aa29a44b9baf104b0a91630933bd8137e7ff85d22dcb1dc7bc7735e3706
SHOES	SantaBoots	UI/Custom/Pages/ImmersiveNpcAppearance/Catalog/Thumbnails/12ef20b4a526358e867a7b93.png	Common/UI/Custom/Pages/ImmersiveNpcAppearance/Catalog/Thumbnails/12ef20b4a526358e867a7b93.png	f4232059dbdd940a1a53160f0b37ff1dc1ac853ce67d00a184de8f9961a92a4e
SHOES	Scavenger_HeeledBoots	UI/Custom/Pages/ImmersiveNpcAppearance/Catalog/Thumbnails/612794de4527d5f82eb59c02.png	Common/UI/Custom/Pages/ImmersiveNpcAppearance/Catalog/Thumbnails/612794de4527d5f82eb59c02.png	a021fe6b6ddbbe0899468c2dab3803809fec8321eefa6e384f27ef0336ce47f5
SHOES	ScavenverLeatherBoots	UI/Custom/Pages/ImmersiveNpcAppearance/Catalog/Thumbnails/511109b725976d8cef73dfc3.png	Common/UI/Custom/Pages/ImmersiveNpcAppearance/Catalog/Thumbnails/511109b725976d8cef73dfc3.png	0845e7aa9ad92d761208bf1cfd6e6c300fccfad4368f4dd0c3757e759a24363e
SHOES	ShapedSneakers	UI/Custom/Pages/ImmersiveNpcAppearance/Catalog/Thumbnails/42fe2c9375bb4eaf04730ea4.png	Common/UI/Custom/Pages/ImmersiveNpcAppearance/Catalog/Thumbnails/42fe2c9375bb4eaf04730ea4.png	58035f7dfdc3af02bc2e60b545a7008ab4619a69d9c55324efff7d2535f1d46c
SHOES	Shoes_Ornated	UI/Custom/Pages/ImmersiveNpcAppearance/Catalog/Thumbnails/b58b994b80fc707a38f7fcbc.png	Common/UI/Custom/Pages/ImmersiveNpcAppearance/Catalog/Thumbnails/b58b994b80fc707a38f7fcbc.png	10d8304b093bbc3e4d00bebecb35f175aaa3961872ca36f1094942a81d0fffec
SHOES	SlipOns	UI/Custom/Pages/ImmersiveNpcAppearance/Catalog/Thumbnails/c4fc536bec5513c633ec6323.png	Common/UI/Custom/Pages/ImmersiveNpcAppearance/Catalog/Thumbnails/c4fc536bec5513c633ec6323.png	e76c793d4c34bcec89b7e163fd9c6eef7ba6fe45130715d828d7c50264de716b
SHOES	Slipons_CoolGaia	UI/Custom/Pages/ImmersiveNpcAppearance/Catalog/Thumbnails/dc8d9c5075461f02475c5e4e.png	Common/UI/Custom/Pages/ImmersiveNpcAppearance/Catalog/Thumbnails/dc8d9c5075461f02475c5e4e.png	fc32397d8e817e9d83302528ba5fbda2f2d410b0a92df72a3408c08e58732b49
SHOES	Sneakers_Sneakers	UI/Custom/Pages/ImmersiveNpcAppearance/Catalog/Thumbnails/ce60b903fc42053faec04109.png	Common/UI/Custom/Pages/ImmersiveNpcAppearance/Catalog/Thumbnails/ce60b903fc42053faec04109.png	fbbab390dd3ab3a8b28284fca2073503117a0e83952a0e277df4c1b08b1723b7
SHOES	Sneakers_Wasteland_Marauder	UI/Custom/Pages/ImmersiveNpcAppearance/Catalog/Thumbnails/84d44d1cb4eaaebab9782fd0.png	Common/UI/Custom/Pages/ImmersiveNpcAppearance/Catalog/Thumbnails/84d44d1cb4eaaebab9782fd0.png	3d39c0f04795ef1d385de18e81cbd310d2646fce10fb91cff9a725ec9e6b565b
SHOES	SnowBoots	UI/Custom/Pages/ImmersiveNpcAppearance/Catalog/Thumbnails/d1e3acf6f61e36652334b260.png	Common/UI/Custom/Pages/ImmersiveNpcAppearance/Catalog/Thumbnails/d1e3acf6f61e36652334b260.png	438b2805cd3690185954df0375961c959870fb79702b96528a4c50342d90f267
SHOES	ThickSandals	UI/Custom/Pages/ImmersiveNpcAppearance/Catalog/Thumbnails/59fb2147733281d23d00dac5.png	Common/UI/Custom/Pages/ImmersiveNpcAppearance/Catalog/Thumbnails/59fb2147733281d23d00dac5.png	63edf4bf7cc19bb7e21eb4478cf4f2e77fc6d0c58594fe538b77ddda937dead9
SHOES	Trainers	UI/Custom/Pages/ImmersiveNpcAppearance/Catalog/Thumbnails/1cfe753850b0e7848ef887e9.png	Common/UI/Custom/Pages/ImmersiveNpcAppearance/Catalog/Thumbnails/1cfe753850b0e7848ef887e9.png	6c6fdf51ffe23183a41788173367de75a0c4d84df2a8689fc0fc5583e106216b
SHOES	Voidbearer_Boots	UI/Custom/Pages/ImmersiveNpcAppearance/Catalog/Thumbnails/512a3b59803b867a39032976.png	Common/UI/Custom/Pages/ImmersiveNpcAppearance/Catalog/Thumbnails/512a3b59803b867a39032976.png	7bb06ee09d6d5d08c12e992cdd6c1d945fdb42c6f0219e81b54d229a79317932
SHOES	WedgeShoes	UI/Custom/Pages/ImmersiveNpcAppearance/Catalog/Thumbnails/0215c527db8574279d22fc1d.png	Common/UI/Custom/Pages/ImmersiveNpcAppearance/Catalog/Thumbnails/0215c527db8574279d22fc1d.png	b847c8d600216021953378cd8234e5f1a897f5e11f5fdf0e179dbdf5e7cbb002
SHOES	Wellies	UI/Custom/Pages/ImmersiveNpcAppearance/Catalog/Thumbnails/77a1b34ba8796a3a4f537047.png	Common/UI/Custom/Pages/ImmersiveNpcAppearance/Catalog/Thumbnails/77a1b34ba8796a3a4f537047.png	2f6c8cb78ea80f8cdc310c8903d8aebcc194ecfa9dd43df4ea97d17388b5e6f7
UNDERTOP	Amazon_Top	UI/Custom/Pages/ImmersiveNpcAppearance/Catalog/Thumbnails/875c717a654a440bca05e340.png	Common/UI/Custom/Pages/ImmersiveNpcAppearance/Catalog/Thumbnails/875c717a654a440bca05e340.png	6db9597f51316c74cfcba7961f74d8aeafb831720052f847fb5d5a4572aed54f
UNDERTOP	Bannerlord_Chainmail	UI/Custom/Pages/ImmersiveNpcAppearance/Catalog/Thumbnails/d786bab062f82d6bdb6a1f1a.png	Common/UI/Custom/Pages/ImmersiveNpcAppearance/Catalog/Thumbnails/d786bab062f82d6bdb6a1f1a.png	da7f6ac6cbdb51b62db7fd780242959a51142e65a9b0037c1e0a8c98b321a628
UNDERTOP	Belt_Shirt	UI/Custom/Pages/ImmersiveNpcAppearance/Catalog/Thumbnails/412ac85ad455ec3768b09bd7.png	Common/UI/Custom/Pages/ImmersiveNpcAppearance/Catalog/Thumbnails/412ac85ad455ec3768b09bd7.png	24e3144027dcdb7f37a929ccaae4d373222b3b1a62d2de7b40f3816e0b4096cd
UNDERTOP	CatacombCrawler_Undertop	UI/Custom/Pages/ImmersiveNpcAppearance/Catalog/Thumbnails/60af19aa3952b4e73a22d008.png	Common/UI/Custom/Pages/ImmersiveNpcAppearance/Catalog/Thumbnails/60af19aa3952b4e73a22d008.png	28d40c394563648cb005fc28aa899ec6e101dd1912cdba9feee53179c15a9b2c
UNDERTOP	ColouredSleeves	UI/Custom/Pages/ImmersiveNpcAppearance/Catalog/Thumbnails/5bf3b2e3d71d7fed72cf41b4.png	Common/UI/Custom/Pages/ImmersiveNpcAppearance/Catalog/Thumbnails/5bf3b2e3d71d7fed72cf41b4.png	c50aafd0472ee66fbc1379280999beee06d749fea9ea966c200506a43af18985
UNDERTOP	ColouredStripes	UI/Custom/Pages/ImmersiveNpcAppearance/Catalog/Thumbnails/9e5bccac3a4bc515ac61e077.png	Common/UI/Custom/Pages/ImmersiveNpcAppearance/Catalog/Thumbnails/9e5bccac3a4bc515ac61e077.png	3369effe9ec334dda3e94ce08b5c51caec8d380ccb909ff323d895a8f09b531d
UNDERTOP	CostumeShirt	UI/Custom/Pages/ImmersiveNpcAppearance/Catalog/Thumbnails/e9d0c8f50142ba26acfe76d5.png	Common/UI/Custom/Pages/ImmersiveNpcAppearance/Catalog/Thumbnails/e9d0c8f50142ba26acfe76d5.png	ab8a63e55e3c2b9e7f6d3416c48a534ab50d085f7142af3c3a4e370c90f29ebe
UNDERTOP	Crinkled_Top	UI/Custom/Pages/ImmersiveNpcAppearance/Catalog/Thumbnails/9d6f6d24d0c102f55a69bc70.png	Common/UI/Custom/Pages/ImmersiveNpcAppearance/Catalog/Thumbnails/9d6f6d24d0c102f55a69bc70.png	9c09b62b96441f977ef0f5aefa6a647577b9aa5569f3adfab771ddd2eb3e27cc
UNDERTOP	DipCut	UI/Custom/Pages/ImmersiveNpcAppearance/Catalog/Thumbnails/6c18d2ba91c6b566a0645f8b.png	Common/UI/Custom/Pages/ImmersiveNpcAppearance/Catalog/Thumbnails/6c18d2ba91c6b566a0645f8b.png	b50328aebf55b013d5aed9e675cdc05247de8695fd0a06d0359c3db090935aa6
UNDERTOP	DoubleShirt	UI/Custom/Pages/ImmersiveNpcAppearance/Catalog/Thumbnails/bde6f965c11c0233c23771b2.png	Common/UI/Custom/Pages/ImmersiveNpcAppearance/Catalog/Thumbnails/bde6f965c11c0233c23771b2.png	417248acf89a19b2080fa473b7cb5eca2c7332fc5ee7cebca5f0ff5ee0fe8987
UNDERTOP	FarmerTop	UI/Custom/Pages/ImmersiveNpcAppearance/Probe/UNDERTOP-FarmerTop.png	Common/UI/Custom/Pages/ImmersiveNpcAppearance/Probe/UNDERTOP-FarmerTop.png	059dc8c47afe08aac235ef33eff22f216751b046103cc208200cb3e3523cc219
UNDERTOP	FlowerShirt	UI/Custom/Pages/ImmersiveNpcAppearance/Probe/UNDERTOP-FlowerShirt.png	Common/UI/Custom/Pages/ImmersiveNpcAppearance/Probe/UNDERTOP-FlowerShirt.png	fb59f44840be4de56c2bdfe82221889e18308669a409f54d3c009d27a02df559
UNDERTOP	Flowy_Shirt	UI/Custom/Pages/ImmersiveNpcAppearance/Catalog/Thumbnails/d4106117cef951d0c6b7ee47.png	Common/UI/Custom/Pages/ImmersiveNpcAppearance/Catalog/Thumbnails/d4106117cef951d0c6b7ee47.png	a175908b38053b816e96324ab5bd627ac9e2b44662c7a0060b78ca228c9adca6
UNDERTOP	Forest_Guardian_LongShirt	UI/Custom/Pages/ImmersiveNpcAppearance/Catalog/Thumbnails/e86170c0e776ed8514f696f9.png	Common/UI/Custom/Pages/ImmersiveNpcAppearance/Catalog/Thumbnails/e86170c0e776ed8514f696f9.png	9ab9b3f7d0c353f73027f86dc661ffd23375df2285d32bb326444bf3d91ceaeb
UNDERTOP	Frilly_Shirt	UI/Custom/Pages/ImmersiveNpcAppearance/Catalog/Thumbnails/cdad222edf32b7271b21a90e.png	Common/UI/Custom/Pages/ImmersiveNpcAppearance/Catalog/Thumbnails/cdad222edf32b7271b21a90e.png	cffd88c36193d51f721f08c7069e310d8e182adba61db5b4144feeb24dbee3f7
UNDERTOP	FrostwardenSet_Top	UI/Custom/Pages/ImmersiveNpcAppearance/Catalog/Thumbnails/ad2dbacf4b38cff709b92334.png	Common/UI/Custom/Pages/ImmersiveNpcAppearance/Catalog/Thumbnails/ad2dbacf4b38cff709b92334.png	c2efb2e9cffc733147dfc794a579774a6248a4634ec6a300f26acf60ed896523
UNDERTOP	HeartCamisole	UI/Custom/Pages/ImmersiveNpcAppearance/Catalog/Thumbnails/780299a3c1181e46604aafa8.png	Common/UI/Custom/Pages/ImmersiveNpcAppearance/Catalog/Thumbnails/780299a3c1181e46604aafa8.png	6b7b49dba143da58ad59c3cf7808aa075900d3f0c2d8857e8a5c920167c9dfd7
UNDERTOP	LongSleevePeasantTop	UI/Custom/Pages/ImmersiveNpcAppearance/Catalog/Thumbnails/bdd9b3523474cd220f97011e.png	Common/UI/Custom/Pages/ImmersiveNpcAppearance/Catalog/Thumbnails/bdd9b3523474cd220f97011e.png	44d3ee601d812c553e1a5397c4289b8a59ad0f73931d6d09c22e16a0ee1b4440
UNDERTOP	LongSleeveShirt	UI/Custom/Pages/ImmersiveNpcAppearance/Catalog/Thumbnails/d8f38896aac7b3409f8d2a16.png	Common/UI/Custom/Pages/ImmersiveNpcAppearance/Catalog/Thumbnails/d8f38896aac7b3409f8d2a16.png	2a5af86b0a2a672be72788accda0d0fa96b2b5db291154465d142fa3cd79792b
UNDERTOP	LongSleeveShirt_ButtonUp	UI/Custom/Pages/ImmersiveNpcAppearance/Catalog/Thumbnails/b7c86c86065e73dd48cec52b.png	Common/UI/Custom/Pages/ImmersiveNpcAppearance/Catalog/Thumbnails/b7c86c86065e73dd48cec52b.png	f9eab72fde4af84b779b4a8fecbbe8807169cf17db5f7ae0b4b767ec5ebfbcda
UNDERTOP	LongSleeveShirt_GoldTrim	UI/Custom/Pages/ImmersiveNpcAppearance/Catalog/Thumbnails/21dd39aa2d0e3c0622243921.png	Common/UI/Custom/Pages/ImmersiveNpcAppearance/Catalog/Thumbnails/21dd39aa2d0e3c0622243921.png	8a74cf80cdedc87fe533f84a52f48d849832071e241f60e3745c67f58b271411
UNDERTOP	Mercenary_Top	UI/Custom/Pages/ImmersiveNpcAppearance/Catalog/Thumbnails/dd624dbfc87e61d38610bf6d.png	Common/UI/Custom/Pages/ImmersiveNpcAppearance/Catalog/Thumbnails/dd624dbfc87e61d38610bf6d.png	1b71b4d928a72cf3f046680b70418a349c15b7f0d3481e31502d80b042846a27
UNDERTOP	PaintSpillShirt	UI/Custom/Pages/ImmersiveNpcAppearance/Catalog/Thumbnails/53a592cdfde090214b8f7e4d.png	Common/UI/Custom/Pages/ImmersiveNpcAppearance/Catalog/Thumbnails/53a592cdfde090214b8f7e4d.png	aff850c26f947acd7e976f3e7994b0fe99667d60ac000477f473982152b88c34
UNDERTOP	PastelFade	UI/Custom/Pages/ImmersiveNpcAppearance/Catalog/Thumbnails/d6e9f733c7e12aec0968b972.png	Common/UI/Custom/Pages/ImmersiveNpcAppearance/Catalog/Thumbnails/d6e9f733c7e12aec0968b972.png	8a0ae30e1c2fcfa8bc0e15469390da45b216a72dfc69fe81da4a2df8a87d185f
UNDERTOP	PastelTracksuit	UI/Custom/Pages/ImmersiveNpcAppearance/Catalog/Thumbnails/a905ed2309d5dae4ac87b690.png	Common/UI/Custom/Pages/ImmersiveNpcAppearance/Catalog/Thumbnails/a905ed2309d5dae4ac87b690.png	a65e05c04f15b714b9f667f1f504c91979d58b7288917793bd6b16e32c4ec0a8
UNDERTOP	RibbedLongShirt	UI/Custom/Pages/ImmersiveNpcAppearance/Catalog/Thumbnails/dd71db3418225737dcf47025.png	Common/UI/Custom/Pages/ImmersiveNpcAppearance/Catalog/Thumbnails/dd71db3418225737dcf47025.png	0ed119d796fe20c8203cdf2909119f163baf0f6d2c523af7e46296b4f90c1a5c
UNDERTOP	School_Blazer_Shirt	UI/Custom/Pages/ImmersiveNpcAppearance/Catalog/Thumbnails/d1701cb106c315fbae1fda6f.png	Common/UI/Custom/Pages/ImmersiveNpcAppearance/Catalog/Thumbnails/d1701cb106c315fbae1fda6f.png	ddbfa74064b4e7c88b3f70ecd5f762ce06a23023134fa28317acadd67fdce15e
UNDERTOP	School_Ribbon_Shirt	UI/Custom/Pages/ImmersiveNpcAppearance/Catalog/Thumbnails/ed08c0a208727f52ebd8e752.png	Common/UI/Custom/Pages/ImmersiveNpcAppearance/Catalog/Thumbnails/ed08c0a208727f52ebd8e752.png	bdbfbb516c2449fcff1b1ac2dc191ddd6a227fe5a65c910a95e5771ee796379b
UNDERTOP	School_Shirt	UI/Custom/Pages/ImmersiveNpcAppearance/Catalog/Thumbnails/a08a64ffd57e5026f3dcc989.png	Common/UI/Custom/Pages/ImmersiveNpcAppearance/Catalog/Thumbnails/a08a64ffd57e5026f3dcc989.png	b20bc92f36663616e7d1b5f1d3a92a3a71e8e932146100d599ce36e2209b7e5d
UNDERTOP	Short_Sleeves_Shirt	UI/Custom/Pages/ImmersiveNpcAppearance/Catalog/Thumbnails/201d441d5c77d2571d60bcb0.png	Common/UI/Custom/Pages/ImmersiveNpcAppearance/Catalog/Thumbnails/201d441d5c77d2571d60bcb0.png	58e7903b39e29dce7d80a3a877ec9f61011d8d02e45bcba20a6855b98f449155
UNDERTOP	SmartShirt	UI/Custom/Pages/ImmersiveNpcAppearance/Catalog/Thumbnails/a12eea502f0da7a7e70b1da7.png	Common/UI/Custom/Pages/ImmersiveNpcAppearance/Catalog/Thumbnails/a12eea502f0da7a7e70b1da7.png	7bbec294d2b80d4459fe057a48a3528a903931fc3d4fabde8f2527df57843a5e
UNDERTOP	SpaghettiStrap	UI/Custom/Pages/ImmersiveNpcAppearance/Catalog/Thumbnails/1379adee2fef4ac601881221.png	Common/UI/Custom/Pages/ImmersiveNpcAppearance/Catalog/Thumbnails/1379adee2fef4ac601881221.png	3b81907a6914041bfae38621c49241ca79114aab402c0d25f827e6dc79c7473b
UNDERTOP	StripedLong	UI/Custom/Pages/ImmersiveNpcAppearance/Catalog/Thumbnails/994590e614ec43ba70f9700e.png	Common/UI/Custom/Pages/ImmersiveNpcAppearance/Catalog/Thumbnails/994590e614ec43ba70f9700e.png	c01bd4b0ae19d732d274f964e4fd11e7b00ef413f8977602f22a40f65655604e
UNDERTOP	Stylish_Belt_Shirt	UI/Custom/Pages/ImmersiveNpcAppearance/Catalog/Thumbnails/d981c04200a02abc1ff40ddb.png	Common/UI/Custom/Pages/ImmersiveNpcAppearance/Catalog/Thumbnails/d981c04200a02abc1ff40ddb.png	8eec3c23d03051cb79dbaf616d82196968f02ce3282f1c969323c53e055f5d20
UNDERTOP	SurvivorShirtBoy	UI/Custom/Pages/ImmersiveNpcAppearance/Catalog/Thumbnails/68d2c8a1996444cd3fdcb557.png	Common/UI/Custom/Pages/ImmersiveNpcAppearance/Catalog/Thumbnails/68d2c8a1996444cd3fdcb557.png	5fcf7f421f20109095c08812532a5f8b97a59a12bb599a48b78beff4456cd483
UNDERTOP	TieShirt	UI/Custom/Pages/ImmersiveNpcAppearance/Catalog/Thumbnails/5c0af411bb5c1b2474d9ab98.png	Common/UI/Custom/Pages/ImmersiveNpcAppearance/Catalog/Thumbnails/5c0af411bb5c1b2474d9ab98.png	c3cc3f71935e3d1231455c49a4bb1acf1c69533bc10e69aeef8ebbf61dc79106
UNDERTOP	Top_Wasteland_Marauder	UI/Custom/Pages/ImmersiveNpcAppearance/Catalog/Thumbnails/a027b1503c520620497b2612.png	Common/UI/Custom/Pages/ImmersiveNpcAppearance/Catalog/Thumbnails/a027b1503c520620497b2612.png	f283a0b18d354a23b5b608a953af6af22950be0a0831c2fa2a802c8e56eb4c49
UNDERTOP	Tshirt_Logo	UI/Custom/Pages/ImmersiveNpcAppearance/Catalog/Thumbnails/9ace1904424e77f76c9da6da.png	Common/UI/Custom/Pages/ImmersiveNpcAppearance/Catalog/Thumbnails/9ace1904424e77f76c9da6da.png	1701ca54b46173bdc7c378d01293c1fa9b42670d908d8e44ffb6dca0d7b76694
UNDERTOP	Undertops_Tubetop	UI/Custom/Pages/ImmersiveNpcAppearance/Catalog/Thumbnails/5b6128b837b4545fe984337e.png	Common/UI/Custom/Pages/ImmersiveNpcAppearance/Catalog/Thumbnails/5b6128b837b4545fe984337e.png	850913128f69496ff40e38c91c322c032986f8c2b3b6bb4fccc43e7481dc7d33
UNDERTOP	VNeck_Shirt	UI/Custom/Pages/ImmersiveNpcAppearance/Catalog/Thumbnails/6bcf8169ee43e1ce2ca04629.png	Common/UI/Custom/Pages/ImmersiveNpcAppearance/Catalog/Thumbnails/6bcf8169ee43e1ce2ca04629.png	233055d0660182660bc31af2b9ff34927353c7c9b7bdec4e7cf6a4cc3da35949
UNDERTOP	VikingShirt	UI/Custom/Pages/ImmersiveNpcAppearance/Catalog/Thumbnails/008736e162f34c9cce1585e4.png	Common/UI/Custom/Pages/ImmersiveNpcAppearance/Catalog/Thumbnails/008736e162f34c9cce1585e4.png	cf98c5b5082dc020377041cc77de66ed8fc5e07052f25aad31244365e52a20e5
UNDERTOP	Voidbearer_CursedArm	UI/Custom/Pages/ImmersiveNpcAppearance/Catalog/Thumbnails/84a3934a194a7a9ef5ae26f6.png	Common/UI/Custom/Pages/ImmersiveNpcAppearance/Catalog/Thumbnails/84a3934a194a7a9ef5ae26f6.png	4e0173ed3b69758d22c9f0d5cc3bb6941d22e09db52e21b6c522eed83e76a25b
UNDERTOP	Wide_Neck_Shirt	UI/Custom/Pages/ImmersiveNpcAppearance/Catalog/Thumbnails/60b0c4d3c2530c003491c6f0.png	Common/UI/Custom/Pages/ImmersiveNpcAppearance/Catalog/Thumbnails/60b0c4d3c2530c003491c6f0.png	c1720b77e5c266f685ce5222cdcc8b3cbe7e28101dbf1d0103ff451c4274dcc7
UNDERWEAR	Bandeau	UI/Custom/Pages/ImmersiveNpcAppearance/Catalog/Thumbnails/1839d3173342b269b67dbeea.png	Common/UI/Custom/Pages/ImmersiveNpcAppearance/Catalog/Thumbnails/1839d3173342b269b67dbeea.png	b5e0e13cbf589d325e73e5c59ebe8bec2b708ea870b128cbcdd7d44eb357dba0
UNDERWEAR	Boxer	UI/Custom/Pages/ImmersiveNpcAppearance/Catalog/Thumbnails/1bc9ed0004b52101843d3b0c.png	Common/UI/Custom/Pages/ImmersiveNpcAppearance/Catalog/Thumbnails/1bc9ed0004b52101843d3b0c.png	b5e0e13cbf589d325e73e5c59ebe8bec2b708ea870b128cbcdd7d44eb357dba0
UNDERWEAR	Bra	UI/Custom/Pages/ImmersiveNpcAppearance/Catalog/Thumbnails/8126127f6ea418ad5d6cf55a.png	Common/UI/Custom/Pages/ImmersiveNpcAppearance/Catalog/Thumbnails/8126127f6ea418ad5d6cf55a.png	b5e0e13cbf589d325e73e5c59ebe8bec2b708ea870b128cbcdd7d44eb357dba0
UNDERWEAR	Suit	UI/Custom/Pages/ImmersiveNpcAppearance/Catalog/Thumbnails/2846607d0f3b1d7928ca67fe.png	Common/UI/Custom/Pages/ImmersiveNpcAppearance/Catalog/Thumbnails/2846607d0f3b1d7928ca67fe.png	5996cda6f233d06b178396650a82c2b12685f008fcb28b40be0f86137660858e
