"category","id","relativeId","archivePath","bytes","sha256"
"character-animations","Climb_Down","Climb/Climb_Down","Common/Characters/Animations/Climb/Climb_Down.blockyanim","34649","ABC9D96DC6B4AE1C62CDDADB0D4859B9225F3E81F9AA188628D14F70C23A278A"
"character-animations","Climb_Down_FPS","Climb/Climb_Down_FPS","Common/Characters/Animations/Climb/Climb_Down_FPS.blockyanim","4831","9BD3C2194F4A561B10D58DDA2AF4887245FC026AB0F717A3B8701624AC032C0D"
"character-animations","Climb_Idle","Climb/Climb_Idle","Common/Characters/Animations/Climb/Climb_Idle.blockyanim","18364","58E6D2B01ED843F3F99A4BF8427A7A3DC77D1787A2DB984CF8A03F8CC2943CF5"
"character-animations","Climb_Idle_FPS","Climb/Climb_Idle_FPS","Common/Characters/Animations/Climb/Climb_Idle_FPS.blockyanim","2544","DD8A0A7312716D745DC9AD4960A7702DD6804ABE0B024EB7D05EBB17D6D1C470"
"character-animations","Climb_Left","Climb/Climb_Left","Common/Characters/Animations/Climb/Climb_Left.blockyanim","30737","7EE73FCEDAF0E8B2CC682C728DCA387A66443F9896D8D0D7DEF535CA77027458"
"character-animations","Climb_Left_FPS","Climb/Climb_Left_FPS","Common/Characters/Animations/Climb/Climb_Left_FPS.blockyanim","4546","8BDC8117372F80DA368704CCAAC69207BA9BFD6DBC125C8AFF86BDB892EF507E"
"character-animations","Climb_Right","Climb/Climb_Right","Common/Characters/Animations/Climb/Climb_Right.blockyanim","30745","1E494B970E28AD940C4983E53AE0D07FCF4DBDDF5AA3FC2A7228E1E060EDF62D"
"character-animations","Climb_Right_FPS","Climb/Climb_Right_FPS","Common/Characters/Animations/Climb/Climb_Right_FPS.blockyanim","4546","08ED49DC6E014CDBB30B9F8DA41CFB1FC36D586CCAA7A8B3253F1FF6352207E8"
"character-animations","Climb_Up","Climb/Climb_Up","Common/Characters/Animations/Climb/Climb_Up.blockyanim","34622","A4BB2BC5B958997A280DCA6D90FA3ACE2C41D673745A813585A2A3AFA619A616"
"character-animations","Climb_Up_FPS","Climb/Climb_Up_FPS","Common/Characters/Animations/Climb/Climb_Up_FPS.blockyanim","4831","DD5780EFE8A9EAB860783FF694C7832D4E593E8EC14D26BB23D7A574224AAD75"
"character-animations","Hurt_Burn","Damage/Burn/Hurt_Burn","Common/Characters/Animations/Damage/Burn/Hurt_Burn.blockyanim","11403","AE959D0CC0EDDFFD619A693B8CDAAE8DFED718660C32C5595824BA6A13E5AE0C"
"character-animations","Death","Damage/Default/Death","Common/Characters/Animations/Damage/Default/Death.blockyanim","30019","99E267625759FE7E54ED08226A488E653B1EA8007C901777A6061E1617DA18E2"
"character-animations","Death2","Damage/Default/Death2","Common/Characters/Animations/Damage/Default/Death2.blockyanim","31670","F7CDCECD444AA8860298C075E36BEF0BA337125293FBAD85B0EE8C6ED5DD01A6"
"character-animations","Hurt","Damage/Default/Hurt","Common/Characters/Animations/Damage/Default/Hurt.blockyanim","16909","94DB5BBB25D52A2640CA8CAD7E2E302C61C6818F984E67C86035943EF76E6325"
"character-animations","Hurt2","Damage/Default/Hurt2","Common/Characters/Animations/Damage/Default/Hurt2.blockyanim","16860","AD789B4A378E3837EFF8A0F42F9B093FF2FB47AA957A1D44A2419B1C00D79F14"
"character-animations","Hurt3","Damage/Default/Hurt3","Common/Characters/Animations/Damage/Default/Hurt3.blockyanim","17431","B7E395189F1B97AD817438BF1363C8EE89198B582976914445B1D0786A57FFD3"
"character-animations","Hurt4","Damage/Default/Hurt4","Common/Characters/Animations/Damage/Default/Hurt4.blockyanim","16661","2AED142635038192FEF9E405CD2468E3409933AFF4EC1F80F31075BD01A3C9ED"
"character-animations","Death_Drown","Damage/Drown/Death_Drown","Common/Characters/Animations/Damage/Drown/Death_Drown.blockyanim","52197","5D7BDF286AD9B183FF9A6A74964CDD7AACF75F7A8E4CF87D1E06075F8AA17E63"
"character-animations","Hurt_Drown","Damage/Drown/Hurt_Drown","Common/Characters/Animations/Damage/Drown/Hurt_Drown.blockyanim","9824","70E3433879F870CC19C1B4AC76DA520493DF3CDFA204BCEEB3EF3F068A516177"
"character-animations","Death_Fall","Damage/Fall/Death_Fall","Common/Characters/Animations/Damage/Fall/Death_Fall.blockyanim","30118","8E7D2530DD2B62A60BBE3522028E1D1AD0B984D3798897E867F87B24F05A7053"
"character-animations","Death_Fall2","Damage/Fall/Death_Fall2","Common/Characters/Animations/Damage/Fall/Death_Fall2.blockyanim","36883","479F91541D4B73D794866B45DA7DFC9DF2F6B4A75B8BC2313BBAA1C4DDC272F2"
"character-animations","Hurt_Fall","Damage/Fall/Hurt_Fall","Common/Characters/Animations/Damage/Fall/Hurt_Fall.blockyanim","14851","A0B043624445767EAA4D22DC65D2D9220F7488FF178249A8E4FA14924123EF79"
"character-animations","Hurt_Fall2","Damage/Fall/Hurt_Fall2","Common/Characters/Animations/Damage/Fall/Hurt_Fall2.blockyanim","14828","0DBF7C96D6D4513BEDB33A990CAEC47723B624FE18FD9ED3E1A407B20E07F25A"
"character-animations","Death_Fly","Damage/Fly/Death_Fly","Common/Characters/Animations/Damage/Fly/Death_Fly.blockyanim","15427","B3EACD66ACB4C9A33396D70A1C13CCBA814CF4613F1BDAA11733F97CBE1546D5"
"character-animations","Death_Fly_Impact","Damage/Fly/Death_Fly_Impact","Common/Characters/Animations/Damage/Fly/Death_Fly_Impact.blockyanim","37281","73271BE4F5F692733F44FD9477EE6E699E0A52E0716C223F6BA9C9811F916B79"
"character-animations","Dash_Backward","Dash/Dash_Backward","Common/Characters/Animations/Dash/Dash_Backward.blockyanim","5861","205D47F22BA589FD3EA75F4574E508918A84020B43C1A23DAFDE6F40E3EE4CB0"
"character-animations","Dash_Forward","Dash/Dash_Forward","Common/Characters/Animations/Dash/Dash_Forward.blockyanim","5923","D3B92C07D80A30BA11FFA74CFEFDB5296A160A37D1FE6D215F19A8D26CB3DF54"
"character-animations","Dash_Left","Dash/Dash_Left","Common/Characters/Animations/Dash/Dash_Left.blockyanim","5897","480B8EB7F14E9E7F58EC97829D1E77C74E12529B42CE369A354C6DB16F93C758"
"character-animations","Dash_Right","Dash/Dash_Right","Common/Characters/Animations/Dash/Dash_Right.blockyanim","5893","A4D1FFCD967C9B4B4C1CE5A92EF6A27E8C0B8071594EB0B70B4E5D11DF80B383"
"character-animations","Crouch","Default/Crouch","Common/Characters/Animations/Default/Crouch.blockyanim","18773","4E869CF334A83E25893F7A35028A3C1086CFF93619103A8D9A07C578224EC807"
"character-animations","Crouch_FPS","Default/Crouch_FPS","Common/Characters/Animations/Default/Crouch_FPS.blockyanim","3296","72E80EB1CDFD9373E1E78155981AD7A907E4C95273CC7F2C1909919362571A83"
"character-animations","Crouch_Walk","Default/Crouch_Walk","Common/Characters/Animations/Default/Crouch_Walk.blockyanim","34413","6281CACDC79980E98C2229C0C9D9959176FEF970515E8858A707418F7B0B439F"
"character-animations","Crouch_Walk_Backward","Default/Crouch_Walk_Backward","Common/Characters/Animations/Default/Crouch_Walk_Backward.blockyanim","34487","A78481FC46C71DADD39E62579E22BB1C0EFD08D075326917982F07444BC24906"
"character-animations","Crouch_Walk_Backward_FPS","Default/Crouch_Walk_Backward_FPS","Common/Characters/Animations/Default/Crouch_Walk_Backward_FPS.blockyanim","4081","C809796F61FD2B9FA8E319A96BFC01BC47F61B965BC787D1D4F95F326E52958A"
"character-animations","Crouch_Walk_FPS","Default/Crouch_Walk_FPS","Common/Characters/Animations/Default/Crouch_Walk_FPS.blockyanim","4081","28A9152BE43DC45BE3AEF4CF7303AB4BE095BB2248747286A4621A64814CD00E"
"character-animations","Dash_Back","Default/Dash_Back","Common/Characters/Animations/Default/Dash_Back.blockyanim","21901","41AFF35F076B7FCCC333052D68E11AB2BE563DCD3E42BB1C8DE8EBA3B92E823F"
"character-animations","Dash_Front","Default/Dash_Front","Common/Characters/Animations/Default/Dash_Front.blockyanim","22081","392869B39EE8380F1C591FF1729F0477A4FBF313751B3E7ECC22BEF3E36FAA9F"
"character-animations","Dash_Left","Default/Dash_Left","Common/Characters/Animations/Default/Dash_Left.blockyanim","21978","E09545487857A7C12F83C27DC923F207712E8D8061C11253198EE18CCA68942B"
"character-animations","Dash_Right","Default/Dash_Right","Common/Characters/Animations/Default/Dash_Right.blockyanim","21853","861B686BDC7CD1BE777D4D08319E777049D8DB4009BA9FE11548DE7149AD5027"
"character-animations","Fall","Default/Fall","Common/Characters/Animations/Default/Fall.blockyanim","22791","762AB3373A3F2A34D297B759C5802C317997068890359045ED4F11EA9E4B5CF1"
"character-animations","Fall_Far","Default/Fall_Far","Common/Characters/Animations/Default/Fall_Far.blockyanim","23123","70FE7D2CE737B0DF0CE440F87B15DABC549708D26C11C61A33A242247B988EDA"
"character-animations","Fall_Far_FPS","Default/Fall_Far_FPS","Common/Characters/Animations/Default/Fall_Far_FPS.blockyanim","4045","711FF0EC360CA7928366F1C246FFC88BB7E6485EAFCA3043CF2671E3F6358E94"
"character-animations","Fall_FPS","Default/Fall_FPS","Common/Characters/Animations/Default/Fall_FPS.blockyanim","3725","20F5542C1CF02DB830489E32BFFB4A1712CE60906D5292690B8A4002B3428D64"
"character-animations","Fall2","Default/Fall2","Common/Characters/Animations/Default/Fall2.blockyanim","23168","0225ED764D907E6C619A7A1863F9EB8B4C977AA94754F1736FC6E7B3C1E30A57"
"character-animations","Fall2_FPS","Default/Fall2_FPS","Common/Characters/Animations/Default/Fall2_FPS.blockyanim","3727","5982171571137E1187F406F44A72CD9D06B7853BBEC8BA63A30EEE44503C117C"
"character-animations","Idle","Default/Idle","Common/Characters/Animations/Default/Idle.blockyanim","19941","5186DBD80E3DBD97D66157DC262E82F2E5A3F670DBAAF109A5C6FFFA195BB86A"
"character-animations","Idle_FPS","Default/Idle_FPS","Common/Characters/Animations/Default/Idle_FPS.blockyanim","3296","72E80EB1CDFD9373E1E78155981AD7A907E4C95273CC7F2C1909919362571A83"
"character-animations","Interact","Default/Interact","Common/Characters/Animations/Default/Interact.blockyanim","8515","4C82FCAD98EEC47435E9B6CC81A64F42BAC365A293672D2243DC14C32922033B"
"character-animations","Interact_FPS","Default/Interact_FPS","Common/Characters/Animations/Default/Interact_FPS.blockyanim","5711","F414FAACF181353F9A17658C1C33AA47DBCF4BDE5628424A6CDBCD988ABD9CF1"
"character-animations","Jump","Default/Jump","Common/Characters/Animations/Default/Jump.blockyanim","28721","278ACB9432B88F32F8CD5B537BCE363F95AA9ED75D29C095F28F41E7F323A7B3"
"character-animations","Jump_Crouch","Default/Jump_Crouch","Common/Characters/Animations/Default/Jump_Crouch.blockyanim","22488","A0929305870A9F63841E4975B496591B7AECCBCF2AA7AC7FA6E65E13B3F78BF1"
"character-animations","Jump_Crouch_FPS","Default/Jump_Crouch_FPS","Common/Characters/Animations/Default/Jump_Crouch_FPS.blockyanim","3294","9247F059109C5DA715B07E4134493B8445393CD8ABF89D69AEE8E0615FB309E1"
"character-animations","Jump_Far","Default/Jump_Far","Common/Characters/Animations/Default/Jump_Far.blockyanim","34833","C8E6D279F5D83167F4D7E4ED5F2ED2D5465BEF25C0FE4A83504B766263A4D958"
"character-animations","Jump_Far_FPS","Default/Jump_Far_FPS","Common/Characters/Animations/Default/Jump_Far_FPS.blockyanim","3755","A83432796D29B1713A704305FB0725858A38685E48E2E26F90ACD032DB641C27"
"character-animations","Jump_Far2","Default/Jump_Far2","Common/Characters/Animations/Default/Jump_Far2.blockyanim","34841","9722F0E2C7E90A20FBE6E72FE0290B1F14E15D5434947F6E4880F27917CA1220"
"character-animations","Jump_Far2_FPS","Default/Jump_Far2_FPS","Common/Characters/Animations/Default/Jump_Far2_FPS.blockyanim","3755","583559601F8A9CEBF0BEB7CBD49506EDC97C4C3B4B3C741D8872A757FBCE38BA"
"character-animations","Jump_FPS","Default/Jump_FPS","Common/Characters/Animations/Default/Jump_FPS.blockyanim","3325","F1287CEFAB64BF3A9123C64DEDB333B8BA37BC3B21A0DF1402F13CC0408BF450"
"character-animations","Run","Default/Run","Common/Characters/Animations/Default/Run.blockyanim","31480","A3F869098EC2898FE9484BAF77F4909EBA5595BDF1C782AB288553F9C54F8562"
"character-animations","Run_Backward","Default/Run_Backward","Common/Characters/Animations/Default/Run_Backward.blockyanim","31703","936AB847E3FA42EC99397E2A6C00FA43AF4665A544340B34307285D396E56298"
"character-animations","Run_Backward_FPS","Default/Run_Backward_FPS","Common/Characters/Animations/Default/Run_Backward_FPS.blockyanim","4075","F645E74881EA6976451FB3687AE0D08DA9D561B1A157D96E2ACBBC3892BC4790"
"character-animations","Run_FPS","Default/Run_FPS","Common/Characters/Animations/Default/Run_FPS.blockyanim","4075","F645E74881EA6976451FB3687AE0D08DA9D561B1A157D96E2ACBBC3892BC4790"
"character-animations","Run_Slow","Default/Run_Slow","Common/Characters/Animations/Default/Run_Slow.blockyanim","27707","03A070CA1EDC1E5F3169608F859AC7CDCA8B7A8F7D3AFF3D313004FC3296F066"
"character-animations","Run_Slow_FPS","Default/Run_Slow_FPS","Common/Characters/Animations/Default/Run_Slow_FPS.blockyanim","4081","150E81AD775674C596E483B7A34861259049C4860DD9B0D15BE17EA8BB1D9A27"
"character-animations","Sprint","Default/Sprint","Common/Characters/Animations/Default/Sprint.blockyanim","35534","854DD325F351E660AAEDD5533B6E738AEDF9E01FEE082259E9DBACBD3C54A8EC"
"character-animations","Sprint_FPS","Default/Sprint_FPS","Common/Characters/Animations/Default/Sprint_FPS.blockyanim","4075","17AFEDE18577F58EE8D4FB81DD38FCF7711349ACCAC8258B9269CBF285CFA288"
"character-animations","Step_Crouch_Walk","Default/Step_Crouch_Walk","Common/Characters/Animations/Default/Step_Crouch_Walk.blockyanim","27379","8C3F80FC5A1241FD5F9ADCBDD63F6FF6F35F1199AA69CB0C8D389BE55E9B468E"
"character-animations","Step_Crouch_Walk2","Default/Step_Crouch_Walk2","Common/Characters/Animations/Default/Step_Crouch_Walk2.blockyanim","27381","BBBA416FD6B49FFA106E302441C43E5A4981DC1439F40A14D9977B46A1BE4CAE"
"character-animations","Step_Run","Default/Step_Run","Common/Characters/Animations/Default/Step_Run.blockyanim","27242","E7E689246E762144EF0CEDD57BECAA39748640989142D370CB958EE13B559ABD"
"character-animations","Step_Run2","Default/Step_Run2","Common/Characters/Animations/Default/Step_Run2.blockyanim","27243","CC7371EEB1759552262749D50DBA93CB4E8F5A8007EBB961477365A68C5441F5"
"character-animations","Step_Sprint","Default/Step_Sprint","Common/Characters/Animations/Default/Step_Sprint.blockyanim","35241","C99347111DF86A4B92E4E9FDC4E5B9996C757DC200F5A6F46A9CE0E3E0A43139"
"character-animations","Step_Sprint2","Default/Step_Sprint2","Common/Characters/Animations/Default/Step_Sprint2.blockyanim","35247","6CAE1CC53DF95DAF513AA6B3BB11BF46AF31E6341947B365536481C5F811C29D"
"character-animations","Step_Walk","Default/Step_Walk","Common/Characters/Animations/Default/Step_Walk.blockyanim","27277","23D7612D3789F0DDC7B91D2B1C8910E7090AC2875FBCD4B121058DC8811F9324"
"character-animations","Step_Walk2","Default/Step_Walk2","Common/Characters/Animations/Default/Step_Walk2.blockyanim","27278","B7D7C4A7B50730043257D2F88083C2AF6D15392626D7E8B5E79E4EDB2D24EBB7"
"character-animations","Wake","Default/Wake","Common/Characters/Animations/Default/Wake.blockyanim","21684","537027AB3B6C8BEEAC86F7AF71291E498F0318995E7C33A51CA6E9F5C89B88E1"
"character-animations","Walk","Default/Walk","Common/Characters/Animations/Default/Walk.blockyanim","36149","9EF41A69438AAAB2AE2152892FBDAC3ADB1051CB227235E7C794F5E5F99EECCE"
"character-animations","Walk_Backward","Default/Walk_Backward","Common/Characters/Animations/Default/Walk_Backward.blockyanim","36156","F4FFB852415F40E6C80C9323E3AEC995838CEF6717D5266B233582C08861E418"
"character-animations","Walk_Backward_FPS","Default/Walk_Backward_FPS","Common/Characters/Animations/Default/Walk_Backward_FPS.blockyanim","4081","0B79CCC29E1CCCBE53D06F97190A4682A8AB70B8AAAEFFA931ACA7DBD017A04F"
"character-animations","Walk_FPS","Default/Walk_FPS","Common/Characters/Animations/Default/Walk_FPS.blockyanim","4081","150E81AD775674C596E483B7A34861259049C4860DD9B0D15BE17EA8BB1D9A27"
"character-animations","Blow_Kiss","Emote/Blow_Kiss","Common/Characters/Animations/Emote/Blow_Kiss.blockyanim","112784","65581F73863FB16C7E8E91C612441ADF3C09B18063487E6F19B1D14A7EE2F7EB"
"character-animations","Clap","Emote/Clap","Common/Characters/Animations/Emote/Clap.blockyanim","13780","421911E55E641712D31D36F4E1A6031C99787A080647068A33539AE6A9CAB945"
"character-animations","Clap_Slow","Emote/Clap_Slow","Common/Characters/Animations/Emote/Clap_Slow.blockyanim","19739","EE88FBEA691C12A08C0D8AB69603C5938BAAF993454EFA1A207A75C30771749D"
"character-animations","Dab_Left","Emote/Dab_Left","Common/Characters/Animations/Emote/Dab_Left.blockyanim","3495","F60C57985E8B3D82EA64D25EA0156A8FB5E540ADBD2AFD522320D76707304FE3"
"character-animations","Dab_Right","Emote/Dab_Right","Common/Characters/Animations/Emote/Dab_Right.blockyanim","3495","88B03CF57F339F971533C5E35F602E3A58D886E702472028483CB7A92C800DE6"
"character-animations","Dance_Boogie","Emote/Dance_Boogie","Common/Characters/Animations/Emote/Dance_Boogie.blockyanim","586328","D06BBDBEB6B23556EB92FDD5E7E0DDFA045F4A0B7672B1853AEE5655F04E35B0"
"character-animations","Dance_Pop","Emote/Dance_Pop","Common/Characters/Animations/Emote/Dance_Pop.blockyanim","699020","C87CFE1ED7EE177E94FEC6A3C65C4A38C3C62371DD0F38531D35E25293BA891A"
"character-animations","Double_Wave","Emote/Double_Wave","Common/Characters/Animations/Emote/Double_Wave.blockyanim","5351","D8DE3E3BF2C2E97E6B2B35D950E65F40E5DD723CC5997CADDA035AE89D15E5CD"
"character-animations","Fist_Bump","Emote/Fist_Bump","Common/Characters/Animations/Emote/Fist_Bump.blockyanim","9448","D70F6F7113650862F61CF79B0B4F278939EBDFB5E41C9A4F9E3DC9EA10CCC8B8"
"character-animations","High_Five","Emote/High_Five","Common/Characters/Animations/Emote/High_Five.blockyanim","53314","498988ACF2B455AD96510D767BB0AF9052AA64B49211E6F01D9A58E8D1A5DAE7"
"character-animations","Laugh_Strong","Emote/Laugh_Strong","Common/Characters/Animations/Emote/Laugh_Strong.blockyanim","192318","4E7D548495AB6DA51A8EE5C2336C92A94D4352621700714B5FCB60D5E1EBEE5A"
"character-animations","Ponder_Dismissive","Emote/Ponder_Dismissive","Common/Characters/Animations/Emote/Ponder_Dismissive.blockyanim","246446","C4E82E3B71DDCD440AADE4E77F939370A745D8FFD8ED73AB1859AC461876D71A"
"character-animations","Salute_Chest","Emote/Salute_Chest","Common/Characters/Animations/Emote/Salute_Chest.blockyanim","28667","7A60F668C22ADBA8A41A164FD2AFB571E396C94EE43F1D92468228830FFE95C3"
"character-animations","Shake_Head_No","Emote/Shake_Head_No","Common/Characters/Animations/Emote/Shake_Head_No.blockyanim","30424","F7EC06D2F4B0A55C4F7151A7B734B2F5687D5E862D69BC01A427CC749F9D68F9"
"character-animations","Shrug","Emote/Shrug","Common/Characters/Animations/Emote/Shrug.blockyanim","32029","C098871D6BD2E54D428B78031E50707AFBF5B3B43846F43DDE37561ECC9842B7"
"character-animations","Wave","Emote/Wave","Common/Characters/Animations/Emote/Wave.blockyanim","25255","5468106CADA5A9680177D31C7D6DC277998D4DFB6339949BEF5E0CE2A3B04E64"
"character-animations","Wave_Front","Emote/Wave_Front","Common/Characters/Animations/Emote/Wave_Front.blockyanim","4572","B177EBAE31E4CA02A6759D11EBE9B1D0A25972775EB536C7D07BAD390A128E57"
"character-animations","Wave_Signal","Emote/Wave_Signal","Common/Characters/Animations/Emote/Wave_Signal.blockyanim","99390","E721CF9673733E907073E6F56A7B01BD892CC1477A0B2F224CE1B64BE371147C"
"character-animations","Wave_Subtle","Emote/Wave_Subtle","Common/Characters/Animations/Emote/Wave_Subtle.blockyanim","89107","4AA68E59B773CCDEF64DB7AF861482C33AF46B3FB195C963D35278EBA332A0F9"
"character-animations","Yawn","Emote/Yawn","Common/Characters/Animations/Emote/Yawn.blockyanim","36801","5711C8C079E6FA5C606539A14F56899E1890B377152B37B3A5B30549AD50B35E"
"character-animations","Angry","Expressions/Angry","Common/Characters/Animations/Expressions/Angry.blockyanim","2371","A539EDDB86FBF8D1F2E2588A5C1CA1C35CB0F539CFB1C3042ED3B650A2730C7B"
"character-animations","Cheerful","Expressions/Cheerful","Common/Characters/Animations/Expressions/Cheerful.blockyanim","3548","4B9823E5EA19A6F8336D289A5AB1BD59CEADF6452D3ED6112D0FC9ACC4F2A9A6"
"character-animations","Frown","Expressions/Frown","Common/Characters/Animations/Expressions/Frown.blockyanim","2375","3980D7733E1087C0705EAA3615B5482A34B1EAB8FDF3BECFB97B56B60EEA0492"
"character-animations","Grin","Expressions/Grin","Common/Characters/Animations/Expressions/Grin.blockyanim","3556","FA1A4FE13B62CF4705C9E193A66AFA2E969E98DE5342E4B19D2AC42BCC26D052"
"character-animations","Rage","Expressions/Rage","Common/Characters/Animations/Expressions/Rage.blockyanim","2375","1B03E36DE518EF1A2F9CBBC2E8F027322FB8BB45BC7A09C17600349C400D9240"
"character-animations","Smile","Expressions/Smile","Common/Characters/Animations/Expressions/Smile.blockyanim","3557","C2EF37B12FD4E1907DBBD1D81DCF468F890C15BDBA61A84438F6AAA705FE99F1"
"character-animations","Smirk","Expressions/Smirk","Common/Characters/Animations/Expressions/Smirk.blockyanim","3571","71207EDF0EFF847A82DA7C73C0F8A9AC30F9122E66612D6CCD3C877852662859"
"character-animations","Suprised","Expressions/Suprised","Common/Characters/Animations/Expressions/Suprised.blockyanim","2403","A7B321C622B5BC6ECE09FC9DCC3E67DD7B0ADBB08E9B10C95B0EC5026615DECE"
"character-animations","Talk","Expressions/Talk/Talk","Common/Characters/Animations/Expressions/Talk/Talk.blockyanim","5174","07538B38A0843F973CACDD190562380CDD238DDB4D4117018A298C06136C5CD7"
"character-animations","Talk2","Expressions/Talk/Talk2","Common/Characters/Animations/Expressions/Talk/Talk2.blockyanim","2426","818285F0C1BA5E69AAFD1A32AFA9152816C9FDF98D249229DCFCA753561892B0"
"character-animations","Talk3","Expressions/Talk/Talk3","Common/Characters/Animations/Expressions/Talk/Talk3.blockyanim","4616","0C78027C3DBE476DD0C1B624D58231CAEB3B119DF1D2171EF192EDB23D2FEFA0"
"character-animations","Talk4","Expressions/Talk/Talk4","Common/Characters/Animations/Expressions/Talk/Talk4.blockyanim","2755","B4BD77D9B56BFB30759D4EE53978013DAC032496D1CF01FC3A6B66C872A04A63"
"character-animations","Talk5","Expressions/Talk/Talk5","Common/Characters/Animations/Expressions/Talk/Talk5.blockyanim","5158","00F9FFEA393D79051212EE2474B27DB52033476F09D984AB8BC0B487E0A235F5"
"character-animations","Blink","Flavor/Blink","Common/Characters/Animations/Flavor/Blink.blockyanim","2417","23F8AA7A3D406465D356E97C9907F062D9F4D31719CBB264350F0312280E8D6B"
"character-animations","Blink_Double","Flavor/Blink_Double","Common/Characters/Animations/Flavor/Blink_Double.blockyanim","4437","6B344A5DE25B822538509A903C120196CF23D6D42697FF2FD5B3468802691585"
"character-animations","Crouch_Look_Around","Flavor/Crouch_Look_Around","Common/Characters/Animations/Flavor/Crouch_Look_Around.blockyanim","14034","F967E76E2D27BD9AA90F2E719EC8561BFFF43B7C1A0ECE284890B7FC374C49FB"
"character-animations","Crouch_Walk_Look_Around","Flavor/Crouch_Walk_Look_Around","Common/Characters/Animations/Flavor/Crouch_Walk_Look_Around.blockyanim","14033","657B2F4849B5D31A14BE5231C7BBAF8FDD767FA94958859DAD5AA8E47316510E"
"character-animations","Eye","Flavor/Eye","Common/Characters/Animations/Flavor/Eye.blockyanim","8682","8BF0E19E4D5964743FAC3435D58FA520E73E9C385CB98340658B6C228807F12B"
"character-animations","Eye_Blink","Flavor/Eye_Blink","Common/Characters/Animations/Flavor/Eye_Blink.blockyanim","13030","7B6BDD886A1B952EC7E9E99E7C34BBD7EA4C649BF57391C18311BF8743378B41"
"character-animations","Eye_Look_Left","Flavor/Eye_Look_Left","Common/Characters/Animations/Flavor/Eye_Look_Left.blockyanim","1740","B166019C33834643FE5D69299FB32095A526B73845B715F8EA0E8B09E5F31DD1"
"character-animations","Eye_Look_Left_Blink","Flavor/Eye_Look_Left_Blink","Common/Characters/Animations/Flavor/Eye_Look_Left_Blink.blockyanim","4060","D03634E9F3923DBBD414BCEC80D1B96FBA8FDFBEC22F48EB25F159E9A7BE7984"
"character-animations","Eye_Look_Right","Flavor/Eye_Look_Right","Common/Characters/Animations/Flavor/Eye_Look_Right.blockyanim","1744","9763546A6D911CB427943277CA160CE8601B0209288FB69EA9720EE3D00B1CBD"
"character-animations","Eye_Look_Right_Blink","Flavor/Eye_Look_Right_Blink","Common/Characters/Animations/Flavor/Eye_Look_Right_Blink.blockyanim","4064","299D44512382B0BC2FFEC91F95ABE4FE31E5E85C11DCD5B85D31340A9816560E"
"character-animations","Eye2","Flavor/Eye2","Common/Characters/Animations/Flavor/Eye2.blockyanim","1743","11E7499A742FF3CED1248E1E2507A51F61671FC3B215006CCA2F8BB81D321D68"
"character-animations","Eye2_Blink","Flavor/Eye2_Blink","Common/Characters/Animations/Flavor/Eye2_Blink.blockyanim","4063","D2DA2C02EE6C8D4C614E07F8BB8067AF0634D3532AC8CF210D5E6752FF2AC806"
"character-animations","Eye3","Flavor/Eye3","Common/Characters/Animations/Flavor/Eye3.blockyanim","2424","473822FA6CEF25BB97E69F65437AE601FA14F1CC5C2731F03C88C78A9F9DC930"
"character-animations","Eye3_Blink","Flavor/Eye3_Blink","Common/Characters/Animations/Flavor/Eye3_Blink.blockyanim","6764","B4DAC3D644D8EDD8076635E0B7C912EF8CEC56693C937C0DB53C0168E03FC6CF"
"character-animations","Eye3_Blink2","Flavor/Eye3_Blink2","Common/Characters/Animations/Flavor/Eye3_Blink2.blockyanim","6764","DD73BC268AD07047CD46DD655FBF85592A33A932B48114E4C603FBD92F2F1F8F"
"character-animations","Fly_Look_Around","Flavor/Fly_Look_Around","Common/Characters/Animations/Flavor/Fly_Look_Around.blockyanim","14032","7A84506B6F7F9F1FFD65C7D597E9F876AD07BB53F95E103923D4F473E0AC010E"
"character-animations","Look_Around","Flavor/Look_Around","Common/Characters/Animations/Flavor/Look_Around.blockyanim","15876","DAC5F5C6DE178F102581D8A6F50A92831E761A847CB7F7592086C1C27D98437D"
"character-animations","Look_Around2","Flavor/Look_Around2","Common/Characters/Animations/Flavor/Look_Around2.blockyanim","10734","3CB3D6B6D6D1477A99C07379F316CE63A823CDEECC6FB0F043585B57EB5A07D2"
"character-animations","Look_Down","Flavor/Look_Down","Common/Characters/Animations/Flavor/Look_Down.blockyanim","19010","D8D3282519C3F92CAC75448E6C0AE02E2466110B7E7AFFE67113293A228473A4"
"character-animations","Look_Left","Flavor/Look_Left","Common/Characters/Animations/Flavor/Look_Left.blockyanim","12130","C8B54BC6CD0416757F20B213CC1B0F274DCC8AE56687881BB2E7A80AD66B5A1F"
"character-animations","Look_Right","Flavor/Look_Right","Common/Characters/Animations/Flavor/Look_Right.blockyanim","12142","1F736212EC8755B0EF975DFBDFAAC38BF700E9410C6EC8F7BF2E5ABCE39D8ADB"
"character-animations","Look_Up","Flavor/Look_Up","Common/Characters/Animations/Flavor/Look_Up.blockyanim","26826","6D0A1648CCFA30799C92EFEB919835D098346DA9B78382FE473C49408EB8E1A2"
"character-animations","Sit","Flavor/Sit","Common/Characters/Animations/Flavor/Sit.blockyanim","11430","DE9BCB413A827000872BEE51DC6675CC8DF44C6AA30A6735764BF44E4EBBD58E"
"character-animations","Sit_Ground","Flavor/Sit_Ground","Common/Characters/Animations/Flavor/Sit_Ground.blockyanim","13128","EAA8255B36D32BFEAF7D412FCCAD543EBF51E0A91BD5FEA72A66AF56DF4A4DE5"
"character-animations","Sit2","Flavor/Sit2","Common/Characters/Animations/Flavor/Sit2.blockyanim","11248","AE51DAEA26485AB21853C1B905FCF1EA361BFE5AB6ED82EEEC6B2B951012CC8E"
"character-animations","Sleep","Flavor/Sleep","Common/Characters/Animations/Flavor/Sleep.blockyanim","10283","C6C17D4D792D49475D07577F342E29CCC52577D81BE8E115EEF927A347BF75EF"
"character-animations","Sleep2","Flavor/Sleep2","Common/Characters/Animations/Flavor/Sleep2.blockyanim","9974","E4D4A0EA0614129D02E80622E779A65FD622A10483BE64831C5CA3B048C530D3"
"character-animations","Fly","Fly/Fly","Common/Characters/Animations/Fly/Fly.blockyanim","20155","6BC2F6B2F9BE98D8AE64CEA2C1F48E561990E2724F061010E566DAC88938D7E8"
"character-animations","Fly_Backward","Fly/Fly_Backward","Common/Characters/Animations/Fly/Fly_Backward.blockyanim","18448","7EFC2E3979A70EBF6007A9C3524B128AC83412D7DD445B4241C167F94F651893"
"character-animations","Fly_Backward_FPS","Fly/Fly_Backward_FPS","Common/Characters/Animations/Fly/Fly_Backward_FPS.blockyanim","3358","836B2481E6AA6B8A862B5B562F03ADE00AE83687FEE3C177E9EB047F5DCADE8C"
"character-animations","Fly_Crouch","Fly/Fly_Crouch","Common/Characters/Animations/Fly/Fly_Crouch.blockyanim","20163","FA109E0DAEC3574DC6E046327D7F7E28C9FC0B9E68FEA8FF13879A409F0181D5"
"character-animations","Fly_Crouch_Backward","Fly/Fly_Crouch_Backward","Common/Characters/Animations/Fly/Fly_Crouch_Backward.blockyanim","18505","083FFEEC97A8AC51F8E137A363E788F6CFAB19694A9A9B9E6220DB51A4F77D86"
"character-animations","Fly_Crouch_Idle","Fly/Fly_Crouch_Idle","Common/Characters/Animations/Fly/Fly_Crouch_Idle.blockyanim","18370","6E2312CA9A488340A16C30D2385CA1EC16DD4D34FB55988936DE332BD131586F"
"character-animations","Fly_Fast","Fly/Fly_Fast","Common/Characters/Animations/Fly/Fly_Fast.blockyanim","24605","65B465C18E9A193F2D7941AF027F217A5F7839EF6A06893367E78C7189FBBF02"
"character-animations","Fly_Fast_FPS","Fly/Fly_Fast_FPS","Common/Characters/Animations/Fly/Fly_Fast_FPS.blockyanim","3354","DED42557A609169EF1704E02DEC48FDC65E24A49388CD8C28E25DA1FD0249893"
"character-animations","Fly_FPS","Fly/Fly_FPS","Common/Characters/Animations/Fly/Fly_FPS.blockyanim","3354","68F813BB8FD49409C4ADA59E500FC23C2A0733E8991DF77482EA4E81BE1376DC"
"character-animations","Fly_Idle","Fly/Fly_Idle","Common/Characters/Animations/Fly/Fly_Idle.blockyanim","18325","84CA7296925295701B61BB06632628E1B00FC30E093F9B379755595354F7DABE"
"character-animations","Fly_Idle_FPS","Fly/Fly_Idle_FPS","Common/Characters/Animations/Fly/Fly_Idle_FPS.blockyanim","3296","72E80EB1CDFD9373E1E78155981AD7A907E4C95273CC7F2C1909919362571A83"
"character-animations","Glide","Glide/Glide","Common/Characters/Animations/Glide/Glide.blockyanim","20604","6E5C93EF725837F317E1660C2B45AC79127862F9B0EEB5F7B97DDA5CA39AD8EE"
"character-animations","Glide_Backward","Glide/Glide_Backward","Common/Characters/Animations/Glide/Glide_Backward.blockyanim","18910","1D5C7C53737E88601C5F6BF30BEBA0BFC0F03471939631954B302B8E32884667"
"character-animations","Glide_Fast","Glide/Glide_Fast","Common/Characters/Animations/Glide/Glide_Fast.blockyanim","25056","0DEB11AD3202AE916A3763816803C118C5FA59D488FD30AC7C2950D33018D495"
"character-animations","Glide_Fast_FPS","Glide/Glide_Fast_FPS","Common/Characters/Animations/Glide/Glide_Fast_FPS.blockyanim","3066","338B5D2E3D3E1FA472B7C12F32A1BF20DD595A39D81AEA38BA07768B6F20197A"
"character-animations","Glide_FPS","Glide/Glide_FPS","Common/Characters/Animations/Glide/Glide_FPS.blockyanim","3066","338B5D2E3D3E1FA472B7C12F32A1BF20DD595A39D81AEA38BA07768B6F20197A"
"character-animations","Glide_Idle","Glide/Glide_Idle","Common/Characters/Animations/Glide/Glide_Idle.blockyanim","18746","1AE8BC0EF8945ABC99091770C105E5C1123B1BB6F55DCED967B6CD4D667E45B2"
"character-animations","Glide_Idle_FPS","Glide/Glide_Idle_FPS","Common/Characters/Animations/Glide/Glide_Idle_FPS.blockyanim","3066","338B5D2E3D3E1FA472B7C12F32A1BF20DD595A39D81AEA38BA07768B6F20197A"
"character-animations","Aim","Hypixel/Minigames/GunPvP/Assault_Rifle/Aim","Common/Characters/Animations/Hypixel/Minigames/GunPvP/Assault_Rifle/Aim.blockyanim","3300","1609BC6B015A3014893A6FE63EDBEC7BD31EF774C4666A20DBD62A54CCEA1BD5"
"character-animations","Aim_FPS","Hypixel/Minigames/GunPvP/Assault_Rifle/Aim_FPS","Common/Characters/Animations/Hypixel/Minigames/GunPvP/Assault_Rifle/Aim_FPS.blockyanim","2811","2E79E8FDB35F1EF1DEF13A2E9097E65E27F1ABBDEA222A95CBC01D23F13EEA78"
"character-animations","Melee","Hypixel/Minigames/GunPvP/Assault_Rifle/Attacks/Melee","Common/Characters/Animations/Hypixel/Minigames/GunPvP/Assault_Rifle/Attacks/Melee.blockyanim","10287","5A47919DFE4D9E92C787F6FA79F8447CE6C6C4E31BD78F32A64DDF9E296075CC"
"character-animations","Melee_FPS","Hypixel/Minigames/GunPvP/Assault_Rifle/Attacks/Melee_FPS","Common/Characters/Animations/Hypixel/Minigames/GunPvP/Assault_Rifle/Attacks/Melee_FPS.blockyanim","7878","4AFA0DCFE175E2A16546601D85EFD6A30F46599D7CCD15AE574DDDFCE3C321AF"
"character-animations","Melee_Moving","Hypixel/Minigames/GunPvP/Assault_Rifle/Attacks/Melee_Moving","Common/Characters/Animations/Hypixel/Minigames/GunPvP/Assault_Rifle/Attacks/Melee_Moving.blockyanim","10301","6A9BAB836E81E06B196D2E9E5D1BFFE008BD556A7B2BA6C729F930D039732144"
"character-animations","Shoot","Hypixel/Minigames/GunPvP/Assault_Rifle/Attacks/Shoot","Common/Characters/Animations/Hypixel/Minigames/GunPvP/Assault_Rifle/Attacks/Shoot.blockyanim","5628","98C64C1C9957C83AA21045420074EE199F8450A0356E45F9D840C8F4AC1C4396"
"character-animations","Shoot_Aim","Hypixel/Minigames/GunPvP/Assault_Rifle/Attacks/Shoot_Aim","Common/Characters/Animations/Hypixel/Minigames/GunPvP/Assault_Rifle/Attacks/Shoot_Aim.blockyanim","4974","66A70BBAED00AAD692803C8E1E8CF391157CAFCE0EA3ADE884B123516CB45E57"
"character-animations","Shoot_Aim_FPS","Hypixel/Minigames/GunPvP/Assault_Rifle/Attacks/Shoot_Aim_FPS","Common/Characters/Animations/Hypixel/Minigames/GunPvP/Assault_Rifle/Attacks/Shoot_Aim_FPS.blockyanim","3593","2B8889470F8247C547CBFD91CFAE157DD1C7485DD9E779190D25D6C3949FF51F"
"character-animations","Shoot_FPS","Hypixel/Minigames/GunPvP/Assault_Rifle/Attacks/Shoot_FPS","Common/Characters/Animations/Hypixel/Minigames/GunPvP/Assault_Rifle/Attacks/Shoot_FPS.blockyanim","3583","650526D8CA0ED1C0B842519FAE65514DB836FFA766020020704FDE0A8B4D3E1F"
"character-animations","Idle","Hypixel/Minigames/GunPvP/Assault_Rifle/Idle","Common/Characters/Animations/Hypixel/Minigames/GunPvP/Assault_Rifle/Idle.blockyanim","3958","81FEA394D30D11FD87DACE3060D10D1B7DAB0F3E26A16800E98BB123ABA5E173"
"character-animations","Idle_FPS","Hypixel/Minigames/GunPvP/Assault_Rifle/Idle_FPS","Common/Characters/Animations/Hypixel/Minigames/GunPvP/Assault_Rifle/Idle_FPS.blockyanim","2805","505B916FEEE8D030324FF1EB835D1DE6BA8250A5D6D2EAEBD8E90B2785AA95CE"
"character-animations","Run","Hypixel/Minigames/GunPvP/Assault_Rifle/Run","Common/Characters/Animations/Hypixel/Minigames/GunPvP/Assault_Rifle/Run.blockyanim","4526","C78E53694516EF1BAE95B9CA29D3E7384BCE0D63F1E1225F8F7102542E382D2E"
"character-animations","Run_FPS","Hypixel/Minigames/GunPvP/Assault_Rifle/Run_FPS","Common/Characters/Animations/Hypixel/Minigames/GunPvP/Assault_Rifle/Run_FPS.blockyanim","3416","89196E8B2EB69383951957353EE514CF6BFF8F662ED0E9E2488A2C2A5C1E3685"
"character-animations","Guard","Items/Dual_Handed/Axes/Attacks/Guard/Guard","Common/Characters/Animations/Items/Dual_Handed/Axes/Attacks/Guard/Guard.blockyanim","6371","61C5AF39766A8C53C3ABD58B141F15EB91526E4E4B645B7B92D459A56ABC50E6"
"character-animations","Guard_FPS","Items/Dual_Handed/Axes/Attacks/Guard/Guard_FPS","Common/Characters/Animations/Items/Dual_Handed/Axes/Attacks/Guard/Guard_FPS.blockyanim","2616","3C36E71D13A9C1CB2EF778366B6BE7FB52D3452062566597EFD9467CFAE13841"
"character-animations","Guard_Moving","Items/Dual_Handed/Axes/Attacks/Guard/Guard_Moving","Common/Characters/Animations/Items/Dual_Handed/Axes/Attacks/Guard/Guard_Moving.blockyanim","3697","B71A5BFE7DD39BA5B940800FFA3CFB2E1108168E312176F4DC96ECEF9110CCC5"
"character-animations","Downstrike_Charged","Items/Dual_Handed/Battleaxe/Attacks/Downstrike_Charged/Downstrike_Charged","Common/Characters/Animations/Items/Dual_Handed/Battleaxe/Attacks/Downstrike_Charged/Downstrike_Charged.blockyanim","29940","667912B9B916319EEC859F4094EAFEC84E6DFBB77FF6EE459FE03BF0D6E7BD7D"
"character-animations","Downstrike_Charged_FPS","Items/Dual_Handed/Battleaxe/Attacks/Downstrike_Charged/Downstrike_Charged_FPS","Common/Characters/Animations/Items/Dual_Handed/Battleaxe/Attacks/Downstrike_Charged/Downstrike_Charged_FPS.blockyanim","7791","F35E9D6F1BF34790A85939A42F921C465547941CA4EF32D70612D8D8BADFCEC5"
"character-animations","Downstrike_Charged_Moving","Items/Dual_Handed/Battleaxe/Attacks/Downstrike_Charged/Downstrike_Charged_Moving","Common/Characters/Animations/Items/Dual_Handed/Battleaxe/Attacks/Downstrike_Charged/Downstrike_Charged_Moving.blockyanim","9091","21ECC65DB950295C8A40AFDCE493B2A2AC64D9A05338950425A8D16A0F507061"
"character-animations","Downstrike_Charging","Items/Dual_Handed/Battleaxe/Attacks/Downstrike_Charged/Downstrike_Charging","Common/Characters/Animations/Items/Dual_Handed/Battleaxe/Attacks/Downstrike_Charged/Downstrike_Charging.blockyanim","21325","6713FC44F2EC3E2D2AA9334ABA20356D9E259725C3BFECC3C8AB36CD208135D2"
"character-animations","Downstrike_Charging_FPS","Items/Dual_Handed/Battleaxe/Attacks/Downstrike_Charged/Downstrike_Charging_FPS","Common/Characters/Animations/Items/Dual_Handed/Battleaxe/Attacks/Downstrike_Charged/Downstrike_Charging_FPS.blockyanim","5933","AC0594F044DFE4F3AA4C55D9861B9102C8DEFAF988569B597D5DBC22B728C4D2"
"character-animations","Downstrike_Charging_Moving","Items/Dual_Handed/Battleaxe/Attacks/Downstrike_Charged/Downstrike_Charging_Moving","Common/Characters/Animations/Items/Dual_Handed/Battleaxe/Attacks/Downstrike_Charged/Downstrike_Charging_Moving.blockyanim","14807","37F3B2FDADFF29CCCDD8658E8FF59089BB67BE98282530883AA7A651FA4D930E"
"character-animations","Downstrike_Leap","Items/Dual_Handed/Battleaxe/Attacks/Downstrike_Charged/Downstrike_Leap","Common/Characters/Animations/Items/Dual_Handed/Battleaxe/Attacks/Downstrike_Charged/Downstrike_Leap.blockyanim","23429","50D85DBDA4BF32CAB6ECBFE352DBA5D6B289FDF7B8CB5E4453AB0C25FE78E6ED"
"character-animations","Downstrike_Leap_FPS","Items/Dual_Handed/Battleaxe/Attacks/Downstrike_Charged/Downstrike_Leap_FPS","Common/Characters/Animations/Items/Dual_Handed/Battleaxe/Attacks/Downstrike_Charged/Downstrike_Leap_FPS.blockyanim","2939","58DF59D2080084BE6DE72AFEE9C0302C11A37EA87D7E232644D9C73DD19D4666"
"character-animations","Guard_Bash","Items/Dual_Handed/Battleaxe/Attacks/Guard_Bash/Guard_Bash","Common/Characters/Animations/Items/Dual_Handed/Battleaxe/Attacks/Guard_Bash/Guard_Bash.blockyanim","20982","AB15CA429F62ADA3B242903039402F0FE96F92199F934F73DC147778FB81F4D6"
"character-animations","Guard_Bash_FPS","Items/Dual_Handed/Battleaxe/Attacks/Guard_Bash/Guard_Bash_FPS","Common/Characters/Animations/Items/Dual_Handed/Battleaxe/Attacks/Guard_Bash/Guard_Bash_FPS.blockyanim","11078","DEAED14ED389D10D4D4520EAD2278F7D298130CF529B6842D602CEE9A5337E66"
"character-animations","Guard_Bash_Moving","Items/Dual_Handed/Battleaxe/Attacks/Guard_Bash/Guard_Bash_Moving","Common/Characters/Animations/Items/Dual_Handed/Battleaxe/Attacks/Guard_Bash/Guard_Bash_Moving.blockyanim","15022","8EA5045F85E3513B6C85608A9D9A8ED5DF11FB94D01E63E7630B161AEE49F089"
"character-animations","Guard","Items/Dual_Handed/Battleaxe/Attacks/Guard/Guard","Common/Characters/Animations/Items/Dual_Handed/Battleaxe/Attacks/Guard/Guard.blockyanim","6538","A7746A80883B737C3A4A0A1497CED4FDACF0093D5E33727F8C8A84893830DF3E"
"character-animations","Guard_FPS","Items/Dual_Handed/Battleaxe/Attacks/Guard/Guard_FPS","Common/Characters/Animations/Items/Dual_Handed/Battleaxe/Attacks/Guard/Guard_FPS.blockyanim","3108","9B2E4B9162070F1DBD7B0E5A736321D13E5358D4F91B67D6F1465C0CB7710C3C"
"character-animations","Guard_Moving","Items/Dual_Handed/Battleaxe/Attacks/Guard/Guard_Moving","Common/Characters/Animations/Items/Dual_Handed/Battleaxe/Attacks/Guard/Guard_Moving.blockyanim","3866","4ECFCBF490790605A931ED7334FF174AC8891469242D5DE89FF16BF2CA505D3D"
"character-animations","Sweep","Items/Dual_Handed/Battleaxe/Attacks/Sweep/Sweep","Common/Characters/Animations/Items/Dual_Handed/Battleaxe/Attacks/Sweep/Sweep.blockyanim","31664","75EDA2F0F13C90B31CF3E88AC67335818AA804B5A744F89A894F0B7B50DF44D7"
"character-animations","Sweep_FPS","Items/Dual_Handed/Battleaxe/Attacks/Sweep/Sweep_FPS","Common/Characters/Animations/Items/Dual_Handed/Battleaxe/Attacks/Sweep/Sweep_FPS.blockyanim","10381","0498CD753FCE1DEEDB91F0E897C0603402528BA0C78512791E6AC3AF6BAA5467"
"character-animations","Sweep_Moving","Items/Dual_Handed/Battleaxe/Attacks/Sweep/Sweep_Moving","Common/Characters/Animations/Items/Dual_Handed/Battleaxe/Attacks/Sweep/Sweep_Moving.blockyanim","31149","84E329B2AA9327E6567971A897A63C978B6E5F57183089B4EF33A3558FB2B006"
"character-animations","Swing_Down_Frontflip_Chop","Items/Dual_Handed/Battleaxe/Attacks/Swing_Down_Frontflip/Swing_Down_Frontflip_Chop","Common/Characters/Animations/Items/Dual_Handed/Battleaxe/Attacks/Swing_Down_Frontflip/Swing_Down_Frontflip_Chop.blockyanim","19010","AE5AEC21FEA4A2B4E7F8EBEFC931FE23A3D7344A36AA5CEA872004A1A2154F83"
"character-animations","Swing_Down_Frontflip_Chop_FPS","Items/Dual_Handed/Battleaxe/Attacks/Swing_Down_Frontflip/Swing_Down_Frontflip_Chop_FPS","Common/Characters/Animations/Items/Dual_Handed/Battleaxe/Attacks/Swing_Down_Frontflip/Swing_Down_Frontflip_Chop_FPS.blockyanim","6178","2C801AB110A719B9E2B251A5C980C5BDC8BDD141C2E5A70AF738B2ECA38B6461"
"character-animations","Swing_Down_Frontflip_Chop_Moving","Items/Dual_Handed/Battleaxe/Attacks/Swing_Down_Frontflip/Swing_Down_Frontflip_Chop_Moving","Common/Characters/Animations/Items/Dual_Handed/Battleaxe/Attacks/Swing_Down_Frontflip/Swing_Down_Frontflip_Chop_Moving.blockyanim","10363","B9A94CA45D9B8204CD662783349F6089C006BE54FFC5538C3EDE50E9FE03F38D"
"character-animations","Swing_Down_Frontflip_Flip","Items/Dual_Handed/Battleaxe/Attacks/Swing_Down_Frontflip/Swing_Down_Frontflip_Flip","Common/Characters/Animations/Items/Dual_Handed/Battleaxe/Attacks/Swing_Down_Frontflip/Swing_Down_Frontflip_Flip.blockyanim","26556","4A8F1404C2E474A2F7A7BC0004168CB5ABDA944946C45C05FD6706FC7144E92D"
"character-animations","Swing_Down_Frontflip_Flip_FPS","Items/Dual_Handed/Battleaxe/Attacks/Swing_Down_Frontflip/Swing_Down_Frontflip_Flip_FPS","Common/Characters/Animations/Items/Dual_Handed/Battleaxe/Attacks/Swing_Down_Frontflip/Swing_Down_Frontflip_Flip_FPS.blockyanim","5605","80B4737A7200E6667622D2568F12E39CFDFAA944240B8A34C76030B985BD1121"
"character-animations","Swing_Down_Left","Items/Dual_Handed/Battleaxe/Attacks/Swing_Down_Left/Swing_Down_Left","Common/Characters/Animations/Items/Dual_Handed/Battleaxe/Attacks/Swing_Down_Left/Swing_Down_Left.blockyanim","20041","A61BF1F86FCFFD4A7786DEE1F9AE8DA9CF946E73E331E8DA456383013E331EAD"
"character-animations","Swing_Down_Left_FPS","Items/Dual_Handed/Battleaxe/Attacks/Swing_Down_Left/Swing_Down_Left_FPS","Common/Characters/Animations/Items/Dual_Handed/Battleaxe/Attacks/Swing_Down_Left/Swing_Down_Left_FPS.blockyanim","7898","8CA5EC51E30EC18539C452C56D61AB080EF80FB0CB0A79DF74035014A5B8983C"
"character-animations","Swing_Down_Left_Moving","Items/Dual_Handed/Battleaxe/Attacks/Swing_Down_Left/Swing_Down_Left_Moving","Common/Characters/Animations/Items/Dual_Handed/Battleaxe/Attacks/Swing_Down_Left/Swing_Down_Left_Moving.blockyanim","14091","A11107362648097080B9544530E1CD507442A21BF14235AE0FC6CE2FD20669F1"
"character-animations","Swing_Down_Right","Items/Dual_Handed/Battleaxe/Attacks/Swing_Down_Right/Swing_Down_Right","Common/Characters/Animations/Items/Dual_Handed/Battleaxe/Attacks/Swing_Down_Right/Swing_Down_Right.blockyanim","18840","6A56FE9F37F698CF49EC26F620A3867CD83E59302CA592CFEF578134FA95CB85"
"character-animations","Swing_Down_Right_FPS","Items/Dual_Handed/Battleaxe/Attacks/Swing_Down_Right/Swing_Down_Right_FPS","Common/Characters/Animations/Items/Dual_Handed/Battleaxe/Attacks/Swing_Down_Right/Swing_Down_Right_FPS.blockyanim","8173","8ECA2D0ADD04026E70CAC9E3C4D256ACFA205DEE3DD602D4D787380BABCCCFC6"
"character-animations","Swing_Down_Right_Moving","Items/Dual_Handed/Battleaxe/Attacks/Swing_Down_Right/Swing_Down_Right_Moving","Common/Characters/Animations/Items/Dual_Handed/Battleaxe/Attacks/Swing_Down_Right/Swing_Down_Right_Moving.blockyanim","12872","F5282E3871145444D2E844751FC75F92DCFE90E726D64334E772213D15E19E7F"
"character-animations","Swing_Down","Items/Dual_Handed/Battleaxe/Attacks/Swing_Down/Swing_Down","Common/Characters/Animations/Items/Dual_Handed/Battleaxe/Attacks/Swing_Down/Swing_Down.blockyanim","18164","8E085BF9B7439D6874E49C16A658E6671D6ED31C3B50F6221888B23FDB0BD2F9"
"character-animations","Swing_Down_FPS","Items/Dual_Handed/Battleaxe/Attacks/Swing_Down/Swing_Down_FPS","Common/Characters/Animations/Items/Dual_Handed/Battleaxe/Attacks/Swing_Down/Swing_Down_FPS.blockyanim","7812","9998DD1FE884A2A026ADBC131BA9312E393AB8B3B98FDDF32FF8316806EC9896"
"character-animations","Swing_Down_Moving","Items/Dual_Handed/Battleaxe/Attacks/Swing_Down/Swing_Down_Moving","Common/Characters/Animations/Items/Dual_Handed/Battleaxe/Attacks/Swing_Down/Swing_Down_Moving.blockyanim","12262","B29303FFFBFA9D688589C08188444542B1B7884F96EF541195EAECB6C9606304"
"character-animations","Swing_Left_Charged","Items/Dual_Handed/Battleaxe/Attacks/Swing_Left_Charged/Swing_Left_Charged","Common/Characters/Animations/Items/Dual_Handed/Battleaxe/Attacks/Swing_Left_Charged/Swing_Left_Charged.blockyanim","14566","13E85D10DA872DEF1510EC12E9A940D6A6BE33419EF43F938F278494A997B459"
"character-animations","Swing_Left_Charged_FPS","Items/Dual_Handed/Battleaxe/Attacks/Swing_Left_Charged/Swing_Left_Charged_FPS","Common/Characters/Animations/Items/Dual_Handed/Battleaxe/Attacks/Swing_Left_Charged/Swing_Left_Charged_FPS.blockyanim","6441","270F9EB77D5EDA3CB302A3BE3C4A99021348B13B2964A4CE8A45BDE805518751"
"character-animations","Swing_Left_Charged_Moving","Items/Dual_Handed/Battleaxe/Attacks/Swing_Left_Charged/Swing_Left_Charged_Moving","Common/Characters/Animations/Items/Dual_Handed/Battleaxe/Attacks/Swing_Left_Charged/Swing_Left_Charged_Moving.blockyanim","10243","91B5CDD44E406B1433D761A27DB972B81B1A5158413DA85857E5D2CFE66B2F0F"
"character-animations","Swing_Left_Charging","Items/Dual_Handed/Battleaxe/Attacks/Swing_Left_Charged/Swing_Left_Charging","Common/Characters/Animations/Items/Dual_Handed/Battleaxe/Attacks/Swing_Left_Charged/Swing_Left_Charging.blockyanim","10966","21E324CD84C9B4AE44BD30B9859BCCF8B548421EC3CFC9153E152034FF7B7335"
"character-animations","Swing_Left_Charging_FPS","Items/Dual_Handed/Battleaxe/Attacks/Swing_Left_Charged/Swing_Left_Charging_FPS","Common/Characters/Animations/Items/Dual_Handed/Battleaxe/Attacks/Swing_Left_Charged/Swing_Left_Charging_FPS.blockyanim","4573","73853F8CD2032E0F86A6CCD2D98C678C76AC79FF36B392BC227952E38EE23B42"
"character-animations","Swing_Left_Charging_Moving","Items/Dual_Handed/Battleaxe/Attacks/Swing_Left_Charged/Swing_Left_Charging_Moving","Common/Characters/Animations/Items/Dual_Handed/Battleaxe/Attacks/Swing_Left_Charged/Swing_Left_Charging_Moving.blockyanim","6841","918DCEC8662CF344055268B749CA6D36CCECA2822739DABA408B650781029C88"
"character-animations","Swing_Left_Leap_Charged","Items/Dual_Handed/Battleaxe/Attacks/Swing_Left_Leap_Charged/Swing_Left_Leap_Charged","Common/Characters/Animations/Items/Dual_Handed/Battleaxe/Attacks/Swing_Left_Leap_Charged/Swing_Left_Leap_Charged.blockyanim","14781","06D0D3C3821404D2A73169DC9729C50286D811920B070AFF6DFBE78E385C2D27"
"character-animations","Swing_Left_Leap_Charged_FPS","Items/Dual_Handed/Battleaxe/Attacks/Swing_Left_Leap_Charged/Swing_Left_Leap_Charged_FPS","Common/Characters/Animations/Items/Dual_Handed/Battleaxe/Attacks/Swing_Left_Leap_Charged/Swing_Left_Leap_Charged_FPS.blockyanim","6441","270F9EB77D5EDA3CB302A3BE3C4A99021348B13B2964A4CE8A45BDE805518751"
"character-animations","Swing_Left_Leap_Charged_Moving","Items/Dual_Handed/Battleaxe/Attacks/Swing_Left_Leap_Charged/Swing_Left_Leap_Charged_Moving","Common/Characters/Animations/Items/Dual_Handed/Battleaxe/Attacks/Swing_Left_Leap_Charged/Swing_Left_Leap_Charged_Moving.blockyanim","10460","55E6BF31D6A08C95EFA53E432ED770B95EB5EF3614DFA68F2652CDF343EE8E07"
"character-animations","Swing_Left_Leap_Charging","Items/Dual_Handed/Battleaxe/Attacks/Swing_Left_Leap_Charged/Swing_Left_Leap_Charging","Common/Characters/Animations/Items/Dual_Handed/Battleaxe/Attacks/Swing_Left_Leap_Charged/Swing_Left_Leap_Charging.blockyanim","10946","CBF2F433320C03762B887EA80AE155D9F12CEA87094621250AE228329C9A4A55"
"character-animations","Swing_Left_Leap_Charging_FPS","Items/Dual_Handed/Battleaxe/Attacks/Swing_Left_Leap_Charged/Swing_Left_Leap_Charging_FPS","Common/Characters/Animations/Items/Dual_Handed/Battleaxe/Attacks/Swing_Left_Leap_Charged/Swing_Left_Leap_Charging_FPS.blockyanim","4570","72514E2BDF5F3CCBE0BBA665F8EB2F64D32390E1F2F42AED2B87B1C5CA03A998"
"character-animations","Swing_Left_Leap_Charging_Moving","Items/Dual_Handed/Battleaxe/Attacks/Swing_Left_Leap_Charged/Swing_Left_Leap_Charging_Moving","Common/Characters/Animations/Items/Dual_Handed/Battleaxe/Attacks/Swing_Left_Leap_Charged/Swing_Left_Leap_Charging_Moving.blockyanim","6821","52CD99D6745E3A68E5784E8B84D6F75BAF8C34FD15CA8BF782A430B467EB5E2B"
"character-animations","Swing_Left_Leap_Falling","Items/Dual_Handed/Battleaxe/Attacks/Swing_Left_Leap_Charged/Swing_Left_Leap_Falling","Common/Characters/Animations/Items/Dual_Handed/Battleaxe/Attacks/Swing_Left_Leap_Charged/Swing_Left_Leap_Falling.blockyanim","17976","EEA8257BCC2752C095BCF4C7DDB5A775D37AFE6BADC34C5FF75574399900E623"
"character-animations","Swing_Left_Leap_Falling_FPS","Items/Dual_Handed/Battleaxe/Attacks/Swing_Left_Leap_Charged/Swing_Left_Leap_Falling_FPS","Common/Characters/Animations/Items/Dual_Handed/Battleaxe/Attacks/Swing_Left_Leap_Charged/Swing_Left_Leap_Falling_FPS.blockyanim","3375","C0898B92E1C798A7B673040BD04019420A97DD0169CF1A6EB253FF8B69E1A0DB"
"character-animations","Swing_Left","Items/Dual_Handed/Battleaxe/Attacks/Swing_Left/Swing_Left","Common/Characters/Animations/Items/Dual_Handed/Battleaxe/Attacks/Swing_Left/Swing_Left.blockyanim","18908","4955744F173510D5AEE10391C0CFD0C287B6122A11111F19E13B777CD74C6E1F"
"character-animations","Swing_Left_FPS","Items/Dual_Handed/Battleaxe/Attacks/Swing_Left/Swing_Left_FPS","Common/Characters/Animations/Items/Dual_Handed/Battleaxe/Attacks/Swing_Left/Swing_Left_FPS.blockyanim","7845","4AF19C956FAC060E6E21062CF48648680C373A2E8F7727DAD5E7FE76F8D38776"
"character-animations","Swing_Left_Moving","Items/Dual_Handed/Battleaxe/Attacks/Swing_Left/Swing_Left_Moving","Common/Characters/Animations/Items/Dual_Handed/Battleaxe/Attacks/Swing_Left/Swing_Left_Moving.blockyanim","12941","30637CD9748D5553008C207C1F392D619113649752CF7F701010D6A184F7B3E3"
"character-animations","Swing_Right","Items/Dual_Handed/Battleaxe/Attacks/Swing_Right/Swing_Right","Common/Characters/Animations/Items/Dual_Handed/Battleaxe/Attacks/Swing_Right/Swing_Right.blockyanim","17323","D1AAC392B2472988BF3E41B36D41D2C9B65A3C1CF65B70B26114AAE269C46CA4"
"character-animations","Swing_Right_FPS","Items/Dual_Handed/Battleaxe/Attacks/Swing_Right/Swing_Right_FPS","Common/Characters/Animations/Items/Dual_Handed/Battleaxe/Attacks/Swing_Right/Swing_Right_FPS.blockyanim","8138","BB36C0FF712E72D49BD633B8F9A09F6C781AC4AA4A43C2107C3D38E09559ECFE"
"character-animations","Swing_Right_Moving","Items/Dual_Handed/Battleaxe/Attacks/Swing_Right/Swing_Right_Moving","Common/Characters/Animations/Items/Dual_Handed/Battleaxe/Attacks/Swing_Right/Swing_Right_Moving.blockyanim","11428","846A63B2019AE4A994AF0D448957DC5925781DAF33E82466314B1AD74B197C5A"
"character-animations","Swing_Up_Left","Items/Dual_Handed/Battleaxe/Attacks/Swing_Up_Left/Swing_Up_Left","Common/Characters/Animations/Items/Dual_Handed/Battleaxe/Attacks/Swing_Up_Left/Swing_Up_Left.blockyanim","20694","05EA4E4313713ACA17AAFCB0372FD318926C2FCAA5DB3304676801792C32F899"
"character-animations","Swing_Up_Left_FPS","Items/Dual_Handed/Battleaxe/Attacks/Swing_Up_Left/Swing_Up_Left_FPS","Common/Characters/Animations/Items/Dual_Handed/Battleaxe/Attacks/Swing_Up_Left/Swing_Up_Left_FPS.blockyanim","9050","1334A9BBF84AF058AFF20F1DE2B701DBA766DF0572A62A8E86254851D6D8F2CE"
"character-animations","Swing_Up_Left_Moving","Items/Dual_Handed/Battleaxe/Attacks/Swing_Up_Left/Swing_Up_Left_Moving","Common/Characters/Animations/Items/Dual_Handed/Battleaxe/Attacks/Swing_Up_Left/Swing_Up_Left_Moving.blockyanim","14787","AF2E11930E7B63AE18BB8701A2E30FC768C02852D0DE0858DCA67D85E1A81393"
"character-animations","Swing_Up_Right","Items/Dual_Handed/Battleaxe/Attacks/Swing_Up_Right/Swing_Up_Right","Common/Characters/Animations/Items/Dual_Handed/Battleaxe/Attacks/Swing_Up_Right/Swing_Up_Right.blockyanim","19401","BA4DD75BD9AC98A9FB3D1B5BB493C87419A3D4D08C1B2395BBEF13D4876DAB05"
"character-animations","Swing_Up_Right_FPS","Items/Dual_Handed/Battleaxe/Attacks/Swing_Up_Right/Swing_Up_Right_FPS","Common/Characters/Animations/Items/Dual_Handed/Battleaxe/Attacks/Swing_Up_Right/Swing_Up_Right_FPS.blockyanim","8070","00B76AABD1C15901C65D6AEA2B90ADA1515D1AB6B6A333AD1978FC947D151154"
"character-animations","Swing_Up_Right_Moving","Items/Dual_Handed/Battleaxe/Attacks/Swing_Up_Right/Swing_Up_Right_Moving","Common/Characters/Animations/Items/Dual_Handed/Battleaxe/Attacks/Swing_Up_Right/Swing_Up_Right_Moving.blockyanim","13439","53371F1F9B4DC307679054E66B3E3E7EE60537FEC4FBF00D4B78E40237063B10"
"character-animations","Whirlwind_Charged","Items/Dual_Handed/Battleaxe/Attacks/Whirlwind_Charged/Whirlwind_Charged","Common/Characters/Animations/Items/Dual_Handed/Battleaxe/Attacks/Whirlwind_Charged/Whirlwind_Charged.blockyanim","28262","3B6A1A6B7AD2C394B1309F9D809AFBC092782A2E25E151CD30F37E40E874CE00"
"character-animations","Whirlwind_Charged_FPS","Items/Dual_Handed/Battleaxe/Attacks/Whirlwind_Charged/Whirlwind_Charged_FPS","Common/Characters/Animations/Items/Dual_Handed/Battleaxe/Attacks/Whirlwind_Charged/Whirlwind_Charged_FPS.blockyanim","8071","91AB7520DAB02ED912F4282BC1DDD35F56F9FC6C42796573E0C4234409FF4923"
"character-animations","Whirlwind_Charged_Moving","Items/Dual_Handed/Battleaxe/Attacks/Whirlwind_Charged/Whirlwind_Charged_Moving","Common/Characters/Animations/Items/Dual_Handed/Battleaxe/Attacks/Whirlwind_Charged/Whirlwind_Charged_Moving.blockyanim","8647","FCBEE6FC8F1C6630B8E9F601411389FD1A40B88A2F4E16646CF7FF707FCCF9EF"
"character-animations","Whirlwind_Charged_Spin","Items/Dual_Handed/Battleaxe/Attacks/Whirlwind_Charged/Whirlwind_Charged_Spin","Common/Characters/Animations/Items/Dual_Handed/Battleaxe/Attacks/Whirlwind_Charged/Whirlwind_Charged_Spin.blockyanim","19854","AE6D5FF690864E479BD32746B36617921C7A36E16EB67CB35E7864002CFED609"
"character-animations","Whirlwind_Charged_Spin_FPS","Items/Dual_Handed/Battleaxe/Attacks/Whirlwind_Charged/Whirlwind_Charged_Spin_FPS","Common/Characters/Animations/Items/Dual_Handed/Battleaxe/Attacks/Whirlwind_Charged/Whirlwind_Charged_Spin_FPS.blockyanim","4669","A14A682E5087AD59F0914BB5ABD72C550597E885998274DFD1CFC81E618B6C2B"
"character-animations","Whirlwind_Charging","Items/Dual_Handed/Battleaxe/Attacks/Whirlwind_Charged/Whirlwind_Charging","Common/Characters/Animations/Items/Dual_Handed/Battleaxe/Attacks/Whirlwind_Charged/Whirlwind_Charging.blockyanim","21401","BC01C2BB0A6ACDE2AB63770086E0D1E1C83E0113B1E85B8ADFFF13F03162D02F"
"character-animations","Whirlwind_Charging_FPS","Items/Dual_Handed/Battleaxe/Attacks/Whirlwind_Charged/Whirlwind_Charging_FPS","Common/Characters/Animations/Items/Dual_Handed/Battleaxe/Attacks/Whirlwind_Charged/Whirlwind_Charging_FPS.blockyanim","4721","9240670FFF62FEA73E47EE2C9D454A76E2A0B4D797281B8164D69AB115688C5B"
"character-animations","Whirlwind_Charging_Moving","Items/Dual_Handed/Battleaxe/Attacks/Whirlwind_Charged/Whirlwind_Charging_Moving","Common/Characters/Animations/Items/Dual_Handed/Battleaxe/Attacks/Whirlwind_Charged/Whirlwind_Charging_Moving.blockyanim","6500","46F440594B5838E6046635ED909E9984AEEB87915DB2A8EF76A9B2C8AA13E935"
"character-animations","Whirlwind","Items/Dual_Handed/Battleaxe/Attacks/Whirlwind/Whirlwind","Common/Characters/Animations/Items/Dual_Handed/Battleaxe/Attacks/Whirlwind/Whirlwind.blockyanim","48918","116431ED988265573CE1FE4D616F8835255E648D4FC80E969A10A801B8EE06F5"
"character-animations","Whirlwind_FPS","Items/Dual_Handed/Battleaxe/Attacks/Whirlwind/Whirlwind_FPS","Common/Characters/Animations/Items/Dual_Handed/Battleaxe/Attacks/Whirlwind/Whirlwind_FPS.blockyanim","14591","B1C1A738E22951D568AC4C373A646EE443162BBDE69317D0C4BAB13AE92405C5"
"character-animations","Whirlwind_Moving","Items/Dual_Handed/Battleaxe/Attacks/Whirlwind/Whirlwind_Moving","Common/Characters/Animations/Items/Dual_Handed/Battleaxe/Attacks/Whirlwind/Whirlwind_Moving.blockyanim","49051","A111D91D04AEC93E4F4FB4C455B47E3AB1AE6572FF859491AC52156A10FD35A6"
"character-animations","Climb_Down","Items/Dual_Handed/Battleaxe/Climb/Climb_Down","Common/Characters/Animations/Items/Dual_Handed/Battleaxe/Climb/Climb_Down.blockyanim","1221","E8AAE6C0F4497D77E2C8F48E37D4044F0D654F087469910F467B2FF6D3D811FB"
"character-animations","Climb_Down_FPS","Items/Dual_Handed/Battleaxe/Climb/Climb_Down_FPS","Common/Characters/Animations/Items/Dual_Handed/Battleaxe/Climb/Climb_Down_FPS.blockyanim","4513","07BE56CDC2306481753744C92F63986A3F814FFF75A260135C956D2F5BF87DDA"
"character-animations","Climb_Idle","Items/Dual_Handed/Battleaxe/Climb/Climb_Idle","Common/Characters/Animations/Items/Dual_Handed/Battleaxe/Climb/Climb_Idle.blockyanim","786","ADCA1D629D376C7218A0A8E67B511C095F4E28A66210801530FFB23D8CACC081"
"character-animations","Climb_Idle_FPS","Items/Dual_Handed/Battleaxe/Climb/Climb_Idle_FPS","Common/Characters/Animations/Items/Dual_Handed/Battleaxe/Climb/Climb_Idle_FPS.blockyanim","2934","7B0AE790C1288B105930AB17711CAEE6D62E3A3012100DB9AF6E4EC736E1F60D"
"character-animations","Climb_Left","Items/Dual_Handed/Battleaxe/Climb/Climb_Left","Common/Characters/Animations/Items/Dual_Handed/Battleaxe/Climb/Climb_Left.blockyanim","1441","A36D9182F8A7D117C5DDB6BB1FB4105FA8D9C8E03DD37F0A0022039A0C60512F"
"character-animations","Climb_Left_FPS","Items/Dual_Handed/Battleaxe/Climb/Climb_Left_FPS","Common/Characters/Animations/Items/Dual_Handed/Battleaxe/Climb/Climb_Left_FPS.blockyanim","4518","6A2B1D532E196561B74FDCE351CDA78D8A7756DBBA6E2B0FA663754396BEE154"
"character-animations","Climb_Right","Items/Dual_Handed/Battleaxe/Climb/Climb_Right","Common/Characters/Animations/Items/Dual_Handed/Battleaxe/Climb/Climb_Right.blockyanim","1441","1DC2D8C0609526DAB1BF25FDB20C90928A7FEC41A7227EC829CDC3C340929E5A"
"character-animations","Climb_Right_FPS","Items/Dual_Handed/Battleaxe/Climb/Climb_Right_FPS","Common/Characters/Animations/Items/Dual_Handed/Battleaxe/Climb/Climb_Right_FPS.blockyanim","4518","B9D9E5C2E692601CEA392B8934171A50E7606312D0C4DA2560E712879F4CEEA5"
"character-animations","Climb_Up","Items/Dual_Handed/Battleaxe/Climb/Climb_Up","Common/Characters/Animations/Items/Dual_Handed/Battleaxe/Climb/Climb_Up.blockyanim","1221","080747B7353251407D10FA05400C29D4767BDB863C57E8FF39FD1A6CE8C67468"
"character-animations","Climb_Up_FPS","Items/Dual_Handed/Battleaxe/Climb/Climb_Up_FPS","Common/Characters/Animations/Items/Dual_Handed/Battleaxe/Climb/Climb_Up_FPS.blockyanim","4513","2BF31DF628FF996A5D235422E2436A7F86C43488A49C8BA064A4737CABA949FC"
"character-animations","Crouch","Items/Dual_Handed/Battleaxe/Crouch","Common/Characters/Animations/Items/Dual_Handed/Battleaxe/Crouch.blockyanim","4526","42996CC20D47AAA0B38DEFB21DF10DA4A2A1728142B3F75D216B91F998ED8EFB"
"character-animations","Crouch_FPS","Items/Dual_Handed/Battleaxe/Crouch_FPS","Common/Characters/Animations/Items/Dual_Handed/Battleaxe/Crouch_FPS.blockyanim","3363","BA8ABC468EFE40A1A9BE5527A600DD470BD416CCA8CFB656DDE088C7C33221C3"
"character-animations","Crouch_Walk","Items/Dual_Handed/Battleaxe/Crouch_Walk","Common/Characters/Animations/Items/Dual_Handed/Battleaxe/Crouch_Walk.blockyanim","3211","EE4135CB7BE1B8F5E3FDE4D4EE925E8DD0A5F91615352336E601F938F7450ECE"
"character-animations","Crouch_Walk_Backward","Items/Dual_Handed/Battleaxe/Crouch_Walk_Backward","Common/Characters/Animations/Items/Dual_Handed/Battleaxe/Crouch_Walk_Backward.blockyanim","3211","EE4135CB7BE1B8F5E3FDE4D4EE925E8DD0A5F91615352336E601F938F7450ECE"
"character-animations","Crouch_Walk_Backward_FPS","Items/Dual_Handed/Battleaxe/Crouch_Walk_Backward_FPS","Common/Characters/Animations/Items/Dual_Handed/Battleaxe/Crouch_Walk_Backward_FPS.blockyanim","3542","30FE20DA64874C22D7542C8A8CDB4E0A87CA3B058D5FD04BD8CFFD528461C083"
"character-animations","Crouch_Walk_FPS","Items/Dual_Handed/Battleaxe/Crouch_Walk_FPS","Common/Characters/Animations/Items/Dual_Handed/Battleaxe/Crouch_Walk_FPS.blockyanim","3542","30FE20DA64874C22D7542C8A8CDB4E0A87CA3B058D5FD04BD8CFFD528461C083"
"character-animations","Fall","Items/Dual_Handed/Battleaxe/Fall","Common/Characters/Animations/Items/Dual_Handed/Battleaxe/Fall.blockyanim","3218","8BF950E74C5342143724A836AA414B6D6E52AAA928987E4F24A95665407DC34C"
"character-animations","Fall_Far","Items/Dual_Handed/Battleaxe/Fall_Far","Common/Characters/Animations/Items/Dual_Handed/Battleaxe/Fall_Far.blockyanim","3749","BD1819847F26A5C430B8E4DA246A0F8536367225FB3506A29C8DD4E988FFD385"
"character-animations","Fall_Far_FPS","Items/Dual_Handed/Battleaxe/Fall_Far_FPS","Common/Characters/Animations/Items/Dual_Handed/Battleaxe/Fall_Far_FPS.blockyanim","3741","273793AF4D3955C8B7E0BE2C204792EDC0C417D0437B9B635C70BC275589FADE"
"character-animations","Fall_FPS","Items/Dual_Handed/Battleaxe/Fall_FPS","Common/Characters/Animations/Items/Dual_Handed/Battleaxe/Fall_FPS.blockyanim","3750","BF3E9AD95CE3B62F2AD21E0BB8F560FDED8D4DD51A62A94D437C8C471D39A453"
"character-animations","Fly","Items/Dual_Handed/Battleaxe/Fly/Fly","Common/Characters/Animations/Items/Dual_Handed/Battleaxe/Fly/Fly.blockyanim","4526","C3EF807A4CE3D0ED04F0C47ABBB09C80E0E0A5DED3AAF277CA5A08E510AFF773"
"character-animations","Fly_Backward","Items/Dual_Handed/Battleaxe/Fly/Fly_Backward","Common/Characters/Animations/Items/Dual_Handed/Battleaxe/Fly/Fly_Backward.blockyanim","4525","DC879B6569BCBBE9546C09D6EC7EA27E6631304D45DFD52E58B1E27864A1D10F"
"character-animations","Fly_Backward_FPS","Items/Dual_Handed/Battleaxe/Fly/Fly_Backward_FPS","Common/Characters/Animations/Items/Dual_Handed/Battleaxe/Fly/Fly_Backward_FPS.blockyanim","3715","35F720B896F25E636C679F87B9274917AD4C88FA77EA9CC684ED7349011C6D56"
"character-animations","Fly_Fast","Items/Dual_Handed/Battleaxe/Fly/Fly_Fast","Common/Characters/Animations/Items/Dual_Handed/Battleaxe/Fly/Fly_Fast.blockyanim","4528","2755590D71B89E8670F1CDA3CF09574B51BE9E3B1BA61054A2874F542A8152C5"
"character-animations","Fly_Fast_FPS","Items/Dual_Handed/Battleaxe/Fly/Fly_Fast_FPS","Common/Characters/Animations/Items/Dual_Handed/Battleaxe/Fly/Fly_Fast_FPS.blockyanim","3716","09BEA12EC8F02ABD07ABBC28022CBE6A4B2AE7624188B4CFC9A01A4F2A8EB60E"
"character-animations","Fly_FPS","Items/Dual_Handed/Battleaxe/Fly/Fly_FPS","Common/Characters/Animations/Items/Dual_Handed/Battleaxe/Fly/Fly_FPS.blockyanim","3715","35F720B896F25E636C679F87B9274917AD4C88FA77EA9CC684ED7349011C6D56"
"character-animations","Fly_Idle","Items/Dual_Handed/Battleaxe/Fly/Fly_Idle","Common/Characters/Animations/Items/Dual_Handed/Battleaxe/Fly/Fly_Idle.blockyanim","4528","7640E37E3FE9EAB08F8F3A69CD644845A0EFB3D5336BF3CA8BA23DC6A1E2889D"
"character-animations","Fly_Idle_FPS","Items/Dual_Handed/Battleaxe/Fly/Fly_Idle_FPS","Common/Characters/Animations/Items/Dual_Handed/Battleaxe/Fly/Fly_Idle_FPS.blockyanim","3363","BA8ABC468EFE40A1A9BE5527A600DD470BD416CCA8CFB656DDE088C7C33221C3"
"character-animations","Idle","Items/Dual_Handed/Battleaxe/Idle","Common/Characters/Animations/Items/Dual_Handed/Battleaxe/Idle.blockyanim","13090","FE7D562C6842D0039202447CD342B2D39FAF2570C5840094D1C169D571F8EE86"
"character-animations","Idle_FPS","Items/Dual_Handed/Battleaxe/Idle_FPS","Common/Characters/Animations/Items/Dual_Handed/Battleaxe/Idle_FPS.blockyanim","3362","5A62582C44C6EB095CC123D43063BE9D0F8EBE89BF6ABB300DA251439C9F2416"
"character-animations","Interact","Items/Dual_Handed/Battleaxe/Interact","Common/Characters/Animations/Items/Dual_Handed/Battleaxe/Interact.blockyanim","10125","0EBCD64BC9630AF405C2310519CCFDCBF4E1DA1212D3F3A136DCE05B7D1F6F75"
"character-animations","Interact_FPS","Items/Dual_Handed/Battleaxe/Interact_FPS","Common/Characters/Animations/Items/Dual_Handed/Battleaxe/Interact_FPS.blockyanim","5320","CEEFD27F018C999BFF5B1CA891085818B6558A7A38E4DA0137E3304C63142E04"
"character-animations","Jump","Items/Dual_Handed/Battleaxe/Jump","Common/Characters/Animations/Items/Dual_Handed/Battleaxe/Jump.blockyanim","3218","78F20BEB0B50974019D1773443FC15B08C942109B8BAE10A552F6AB86521E192"
"character-animations","Jump_Far","Items/Dual_Handed/Battleaxe/Jump_Far","Common/Characters/Animations/Items/Dual_Handed/Battleaxe/Jump_Far.blockyanim","5334","CBCF1B4D5739E956877963E7299FECB303A9B4F56DDEA0C2ACF65C204E6B2C14"
"character-animations","Jump_Far_FPS","Items/Dual_Handed/Battleaxe/Jump_Far_FPS","Common/Characters/Animations/Items/Dual_Handed/Battleaxe/Jump_Far_FPS.blockyanim","4502","F41E6B19F80771B9DBADCE7F518E0B2961C1D63DB837E7746350522B1185F880"
"character-animations","Jump_FPS","Items/Dual_Handed/Battleaxe/Jump_FPS","Common/Characters/Animations/Items/Dual_Handed/Battleaxe/Jump_FPS.blockyanim","4117","BD9E42986542C18F9F7833F009B2D481D95F6B39F6CC327FECE7B12E50097AD6"
"character-animations","Run","Items/Dual_Handed/Battleaxe/Run","Common/Characters/Animations/Items/Dual_Handed/Battleaxe/Run.blockyanim","3220","FE669D446299BD08F3BCD9E2484C8E3484488E3FB6C6ED53B4C05702DEEF708D"
"character-animations","Run_Backward","Items/Dual_Handed/Battleaxe/Run_Backward","Common/Characters/Animations/Items/Dual_Handed/Battleaxe/Run_Backward.blockyanim","3218","DF76202C0D4B0383835DAA5FF4317A7FBC2AEF349557360277278CC07F6B4F52"
"character-animations","Run_Backward_FPS","Items/Dual_Handed/Battleaxe/Run_Backward_FPS","Common/Characters/Animations/Items/Dual_Handed/Battleaxe/Run_Backward_FPS.blockyanim","3713","24F16CA570D4E338E8673D9A966F755DA7A4810985A4288AB45EE5F0ED2F8831"
"character-animations","Run_FPS","Items/Dual_Handed/Battleaxe/Run_FPS","Common/Characters/Animations/Items/Dual_Handed/Battleaxe/Run_FPS.blockyanim","3900","AC03639CEAC0D6F0476977259CFF11A0EE85DBE1AC24254D1E1C5F579914BF82"
"character-animations","Sprint","Items/Dual_Handed/Battleaxe/Sprint","Common/Characters/Animations/Items/Dual_Handed/Battleaxe/Sprint.blockyanim","3217","4319EB927D4445A5B8E6A1C95CF3F316F85992FAE50B70E65B2B2BE4DC9A775D"
"character-animations","Sprint_FPS","Items/Dual_Handed/Battleaxe/Sprint_FPS","Common/Characters/Animations/Items/Dual_Handed/Battleaxe/Sprint_FPS.blockyanim","3729","D3240B36FD15780AE4B0E8812E554AEDBCE590886AD7DBDC3F91648757AC522D"
"character-animations","Swim","Items/Dual_Handed/Battleaxe/Swim/Swim","Common/Characters/Animations/Items/Dual_Handed/Battleaxe/Swim/Swim.blockyanim","2345","27EC678596AD61C127B553B5BCFDEFF86D9D506F46612945CC1E5346B131FDBC"
"character-animations","Swim_Backward","Items/Dual_Handed/Battleaxe/Swim/Swim_Backward","Common/Characters/Animations/Items/Dual_Handed/Battleaxe/Swim/Swim_Backward.blockyanim","1437","969439C3A84D5F4963FABC73EC7FC187D23F23665ABB99B07E6B9CE5A0F08570"
"character-animations","Swim_Backward_FPS","Items/Dual_Handed/Battleaxe/Swim/Swim_Backward_FPS","Common/Characters/Animations/Items/Dual_Handed/Battleaxe/Swim/Swim_Backward_FPS.blockyanim","6240","A5AD5AE60997EE78E2AAD3391795FF05970A44B14A8DE3CEE1F571F49421E785"
"character-animations","Swim_Dive","Items/Dual_Handed/Battleaxe/Swim/Swim_Dive","Common/Characters/Animations/Items/Dual_Handed/Battleaxe/Swim/Swim_Dive.blockyanim","2924","46A199C33B960D6A36E99B9C32625D90520DABF1F20322D7771CB83E7344599C"
"character-animations","Swim_Dive_Backward","Items/Dual_Handed/Battleaxe/Swim/Swim_Dive_Backward","Common/Characters/Animations/Items/Dual_Handed/Battleaxe/Swim/Swim_Dive_Backward.blockyanim","1437","38F586BF2A4AD3C2DE6D1F2BDB6693578E7E5CB0B6C460A7E74BA0D5FC7BD3FF"
"character-animations","Swim_Dive_Backward_FPS","Items/Dual_Handed/Battleaxe/Swim/Swim_Dive_Backward_FPS","Common/Characters/Animations/Items/Dual_Handed/Battleaxe/Swim/Swim_Dive_Backward_FPS.blockyanim","6240","A5AD5AE60997EE78E2AAD3391795FF05970A44B14A8DE3CEE1F571F49421E785"
"character-animations","Swim_Dive_Fast","Items/Dual_Handed/Battleaxe/Swim/Swim_Dive_Fast","Common/Characters/Animations/Items/Dual_Handed/Battleaxe/Swim/Swim_Dive_Fast.blockyanim","2093","E176FFE74D0ED592262E66FF290E6E9D396C8A27864B5454046D63A0AE98ABDB"
"character-animations","Swim_Dive_Fast_FPS","Items/Dual_Handed/Battleaxe/Swim/Swim_Dive_Fast_FPS","Common/Characters/Animations/Items/Dual_Handed/Battleaxe/Swim/Swim_Dive_Fast_FPS.blockyanim","4182","A12E406B58C302262B3B091A39031B6DA1E85775215C7DC56DCA29A1DDD7B5F1"
"character-animations","Swim_Dive_FPS","Items/Dual_Handed/Battleaxe/Swim/Swim_Dive_FPS","Common/Characters/Animations/Items/Dual_Handed/Battleaxe/Swim/Swim_Dive_FPS.blockyanim","5984","3418D791271E2F8AD63ABEF4FB024D098D42C0F086368E29836D9DE67391E4F0"
"character-animations","Swim_Fast","Items/Dual_Handed/Battleaxe/Swim/Swim_Fast","Common/Characters/Animations/Items/Dual_Handed/Battleaxe/Swim/Swim_Fast.blockyanim","3543","40A1E063071EB7C61277B9A1DB63D086FB31E602B4F98F14A2CBEBDFB1E8D1F6"
"character-animations","Swim_Fast_FPS","Items/Dual_Handed/Battleaxe/Swim/Swim_Fast_FPS","Common/Characters/Animations/Items/Dual_Handed/Battleaxe/Swim/Swim_Fast_FPS.blockyanim","5002","FD81FF4A257020F2C63089CD849B12E1925587D3BB60E2B643AED407F9DDCD61"
"character-animations","Swim_Float","Items/Dual_Handed/Battleaxe/Swim/Swim_Float","Common/Characters/Animations/Items/Dual_Handed/Battleaxe/Swim/Swim_Float.blockyanim","3387","6188BC269F453EBD2D87707C489FC4506A7261F89CBADC3330C1E4ECBC76B838"
"character-animations","Swim_Float_FPS","Items/Dual_Handed/Battleaxe/Swim/Swim_Float_FPS","Common/Characters/Animations/Items/Dual_Handed/Battleaxe/Swim/Swim_Float_FPS.blockyanim","4541","7C15D8E9BCDE898A9DF899288D0324E33DF16BC005F10843EE6CD938C6BA75B0"
"character-animations","Swim_FPS","Items/Dual_Handed/Battleaxe/Swim/Swim_FPS","Common/Characters/Animations/Items/Dual_Handed/Battleaxe/Swim/Swim_FPS.blockyanim","4826","2F76757E92371C75046F22D3525AF670F0C79ADD1FC34F3D635B784AA804812F"
"character-animations","Swim_Idle","Items/Dual_Handed/Battleaxe/Swim/Swim_Idle","Common/Characters/Animations/Items/Dual_Handed/Battleaxe/Swim/Swim_Idle.blockyanim","1559","668EEA8B7136F951A4B703A81235DBA3542306C98C48AB8150F8DAAD2B390E45"
"character-animations","Swim_Idle_FPS","Items/Dual_Handed/Battleaxe/Swim/Swim_Idle_FPS","Common/Characters/Animations/Items/Dual_Handed/Battleaxe/Swim/Swim_Idle_FPS.blockyanim","3749","E85D122113088BA40F61F1788634D8A4EDB044889E65BDE199E0DD75A035581F"
"character-animations","Swim_Jump","Items/Dual_Handed/Battleaxe/Swim/Swim_Jump","Common/Characters/Animations/Items/Dual_Handed/Battleaxe/Swim/Swim_Jump.blockyanim","2933","658DAC4EB14C83F50ED6F03A8BECB4EC1B453462A4750F88D546E88F700D6599"
"character-animations","Swim_Jump_FPS","Items/Dual_Handed/Battleaxe/Swim/Swim_Jump_FPS","Common/Characters/Animations/Items/Dual_Handed/Battleaxe/Swim/Swim_Jump_FPS.blockyanim","3949","4CCD791AF9FC3A51B74632D2AD163F2B2029D52F098C2A87F8062A1DE9AE71EC"
"character-animations","Swim_Sink","Items/Dual_Handed/Battleaxe/Swim/Swim_Sink","Common/Characters/Animations/Items/Dual_Handed/Battleaxe/Swim/Swim_Sink.blockyanim","1001","349545CE44C7DFE8600FA13C1B96C0EDC93DCA16A9755040D2CE2113ECDD232F"
"character-animations","Swim_Sink_FPS","Items/Dual_Handed/Battleaxe/Swim/Swim_Sink_FPS","Common/Characters/Animations/Items/Dual_Handed/Battleaxe/Swim/Swim_Sink_FPS.blockyanim","3980","4A00D42951D7F30B57DCC5414CE1456E4EA89665C16FA11C206265A4DB722B9B"
"character-animations","Walk","Items/Dual_Handed/Battleaxe/Walk","Common/Characters/Animations/Items/Dual_Handed/Battleaxe/Walk.blockyanim","3228","1A886868CE63F44D9F94052EF71CEA92DDF7E2EB70A7E2A919C85B6C1F164127"
"character-animations","Walk_Backward","Items/Dual_Handed/Battleaxe/Walk_Backward","Common/Characters/Animations/Items/Dual_Handed/Battleaxe/Walk_Backward.blockyanim","3228","3A4B9B0A98FAE2C31A1D74AE7177CBFE5EA249865E72574AF4022C78ADA4762F"
"character-animations","Walk_Backward_FPS","Items/Dual_Handed/Battleaxe/Walk_Backward_FPS","Common/Characters/Animations/Items/Dual_Handed/Battleaxe/Walk_Backward_FPS.blockyanim","3544","B9F98D5A0570329D4130B3E7ED60AB710FC7C159688D15D593AF54DF0D26B6A5"
"character-animations","Walk_FPS","Items/Dual_Handed/Battleaxe/Walk_FPS","Common/Characters/Animations/Items/Dual_Handed/Battleaxe/Walk_FPS.blockyanim","3544","40E38DEF37DBE97122814790F9AA8386E0F3448A5E434729ECD5B6F0A6E47F8F"
"character-animations","Build","Items/Dual_Handed/Block/Attacks/Build/Build","Common/Characters/Animations/Items/Dual_Handed/Block/Attacks/Build/Build.blockyanim","24369","5053E1A5D2AA3EE708A8CF619FB19D61FE62D186BD994DEB58CC61FC9C58BF50"
"character-animations","Build_FPS","Items/Dual_Handed/Block/Attacks/Build/Build_FPS","Common/Characters/Animations/Items/Dual_Handed/Block/Attacks/Build/Build_FPS.blockyanim","6704","9BC02B699127DC2D3894A2642209337A0A21760DC64F80A77C0877F0CF83D4DC"
"character-animations","Build_Moving","Items/Dual_Handed/Block/Attacks/Build/Build_Moving","Common/Characters/Animations/Items/Dual_Handed/Block/Attacks/Build/Build_Moving.blockyanim","19181","605381A9CA521A41B5F29196A090590A54A15F0A8EE437928288BB3AC0DE6493"
"character-animations","Swing_Down","Items/Dual_Handed/Block/Attacks/Swing_Down/Swing_Down","Common/Characters/Animations/Items/Dual_Handed/Block/Attacks/Swing_Down/Swing_Down.blockyanim","16093","B95BEA5EB0F8FFA84E3F4FAAB19CEA48A915AB03DC0474F20A5DF1A82A2CAAE1"
"character-animations","Swing_Down_FPS","Items/Dual_Handed/Block/Attacks/Swing_Down/Swing_Down_FPS","Common/Characters/Animations/Items/Dual_Handed/Block/Attacks/Swing_Down/Swing_Down_FPS.blockyanim","6727","505F5EE77FFDBD6B646105250FC80B4233DED398D25DF92A9FD6397B60C10251"
"character-animations","Swing_Down_Moving","Items/Dual_Handed/Block/Attacks/Swing_Down/Swing_Down_Moving","Common/Characters/Animations/Items/Dual_Handed/Block/Attacks/Swing_Down/Swing_Down_Moving.blockyanim","10279","EA98FE2DE06D552231FEF49D3157F72270388E33C8EA39A49543D0F5391779AA"
"character-animations","Swing_Left","Items/Dual_Handed/Block/Attacks/Swing_Left/Swing_Left","Common/Characters/Animations/Items/Dual_Handed/Block/Attacks/Swing_Left/Swing_Left.blockyanim","15109","97B518563CEA6F07C3F1D6521F6971BC355D38494CED094F63D648472A8F70EB"
"character-animations","Swing_Left_FPS","Items/Dual_Handed/Block/Attacks/Swing_Left/Swing_Left_FPS","Common/Characters/Animations/Items/Dual_Handed/Block/Attacks/Swing_Left/Swing_Left_FPS.blockyanim","6618","358CE4A99D188B0F81E53562BFF4A5E22A034E97C55090C8A382932310933164"
"character-animations","Swing_Left_Moving","Items/Dual_Handed/Block/Attacks/Swing_Left/Swing_Left_Moving","Common/Characters/Animations/Items/Dual_Handed/Block/Attacks/Swing_Left/Swing_Left_Moving.blockyanim","9167","C74F953792756F642D430C6C7F83BF61150E1A5B85A173610B6BD3CADE3DB739"
"character-animations","Swing_Right","Items/Dual_Handed/Block/Attacks/Swing_Right/Swing_Right","Common/Characters/Animations/Items/Dual_Handed/Block/Attacks/Swing_Right/Swing_Right.blockyanim","15216","4A80E15D3FD7DBDC7DB00F0023019B89D946F30BEEA86A4FD99877C1DC1E5451"
"character-animations","Swing_Right_FPS","Items/Dual_Handed/Block/Attacks/Swing_Right/Swing_Right_FPS","Common/Characters/Animations/Items/Dual_Handed/Block/Attacks/Swing_Right/Swing_Right_FPS.blockyanim","6458","B26EC3C26975755D0903820B13265A905B447D30A20322049774B31655B46D24"
"character-animations","Swing_Right_Moving","Items/Dual_Handed/Block/Attacks/Swing_Right/Swing_Right_Moving","Common/Characters/Animations/Items/Dual_Handed/Block/Attacks/Swing_Right/Swing_Right_Moving.blockyanim","9217","7E7143E250938124D73C6AEF0EE8722A90123426B8E6A0E2072C5BD519377967"
"character-animations","Climb_Down","Items/Dual_Handed/Block/Climb/Climb_Down","Common/Characters/Animations/Items/Dual_Handed/Block/Climb/Climb_Down.blockyanim","1434","A3F31B2268BC6CD468F938A182F27C275766BEBC3CCC3DFE2676937EBF3C0DFF"
"character-animations","Climb_Down_FPS","Items/Dual_Handed/Block/Climb/Climb_Down_FPS","Common/Characters/Animations/Items/Dual_Handed/Block/Climb/Climb_Down_FPS.blockyanim","2667","4D0889CA3093FA77CBCDF37A74C471677D81210F42FD1B6678FF226D209B1A11"
"character-animations","Climb_Idle","Items/Dual_Handed/Block/Climb/Climb_Idle","Common/Characters/Animations/Items/Dual_Handed/Block/Climb/Climb_Idle.blockyanim","1002","155508E01E23385BF9BD627E5B697DD6B5B305364A478233FF7F0E32A6F5DDA0"
"character-animations","Climb_Idle_FPS","Items/Dual_Handed/Block/Climb/Climb_Idle_FPS","Common/Characters/Animations/Items/Dual_Handed/Block/Climb/Climb_Idle_FPS.blockyanim","1669","47823BD53D8A69A05006302890618AB286B6E05B12BFB2FEED3EF0F80F5A5482"
"character-animations","Climb_Left","Items/Dual_Handed/Block/Climb/Climb_Left","Common/Characters/Animations/Items/Dual_Handed/Block/Climb/Climb_Left.blockyanim","1437","C34AC8F8EE4EF1622509C254C7AF0AEE359855DA7534A035E34278B78BDE499F"
"character-animations","Climb_Left_FPS","Items/Dual_Handed/Block/Climb/Climb_Left_FPS","Common/Characters/Animations/Items/Dual_Handed/Block/Climb/Climb_Left_FPS.blockyanim","2673","7F6CDF3E60A3BAA543EC04B0AF6F3C8F7E0AC00590BDA9217C0558BC9AC0DF81"
"character-animations","Climb_Right","Items/Dual_Handed/Block/Climb/Climb_Right","Common/Characters/Animations/Items/Dual_Handed/Block/Climb/Climb_Right.blockyanim","1437","6D231AF47BA2EF4CF21073B349F48F1DDAD4241CA5C0200A7C5118C96E592444"
"character-animations","Climb_Right_FPS","Items/Dual_Handed/Block/Climb/Climb_Right_FPS","Common/Characters/Animations/Items/Dual_Handed/Block/Climb/Climb_Right_FPS.blockyanim","2673","37FEADCEAF05E7BF6AAB2422DC0FE908D2D9409D19BCF37220D0307EFDF18D59"
"character-animations","Climb_Up","Items/Dual_Handed/Block/Climb/Climb_Up","Common/Characters/Animations/Items/Dual_Handed/Block/Climb/Climb_Up.blockyanim","1434","D9D63FF23C436EF4D4F1BB311A5692FDE931DD423A72A091A1D124E780072EB9"
"character-animations","Climb_Up_FPS","Items/Dual_Handed/Block/Climb/Climb_Up_FPS","Common/Characters/Animations/Items/Dual_Handed/Block/Climb/Climb_Up_FPS.blockyanim","2667","41417575F50084B266370F17A8A3EB1E51405E2A98270B9D072888A79AF9A864"
"character-animations","Crouch","Items/Dual_Handed/Block/Crouch","Common/Characters/Animations/Items/Dual_Handed/Block/Crouch.blockyanim","6859","3A766BFD2C55ADB73663EE4FFE38AC4A691CC93DF2A343D4D93FB0A17E71233C"
"character-animations","Crouch_FPS","Items/Dual_Handed/Block/Crouch_FPS","Common/Characters/Animations/Items/Dual_Handed/Block/Crouch_FPS.blockyanim","2285","03B33E64D4E21B8FFFACB94B183B04121251E894355402E5D1299D1C605BAFDA"
"character-animations","Crouch_Walk","Items/Dual_Handed/Block/Crouch_Walk","Common/Characters/Animations/Items/Dual_Handed/Block/Crouch_Walk.blockyanim","8833","3CD5FD59D8B3A060A946C4E2CE4B606727A5C6294A183434488BA73721EBF64B"
"character-animations","Crouch_Walk_Backward","Items/Dual_Handed/Block/Crouch_Walk_Backward","Common/Characters/Animations/Items/Dual_Handed/Block/Crouch_Walk_Backward.blockyanim","8833","3CD5FD59D8B3A060A946C4E2CE4B606727A5C6294A183434488BA73721EBF64B"
"character-animations","Crouch_Walk_Backward_FPS","Items/Dual_Handed/Block/Crouch_Walk_Backward_FPS","Common/Characters/Animations/Items/Dual_Handed/Block/Crouch_Walk_Backward_FPS.blockyanim","2284","238E538B55A49BE0AA612BE4EA23AF535708C8A06ABE6AE58F4530DC7FBCE7D2"
"character-animations","Crouch_Walk_FPS","Items/Dual_Handed/Block/Crouch_Walk_FPS","Common/Characters/Animations/Items/Dual_Handed/Block/Crouch_Walk_FPS.blockyanim","2284","238E538B55A49BE0AA612BE4EA23AF535708C8A06ABE6AE58F4530DC7FBCE7D2"
"character-animations","Fall","Items/Dual_Handed/Block/Fall","Common/Characters/Animations/Items/Dual_Handed/Block/Fall.blockyanim","3944","13DEA8D77C6AFCFBE50AD126E58FA1896A09F6A9B570475F67BF5873AC37780F"
"character-animations","Fall_Far","Items/Dual_Handed/Block/Fall_Far","Common/Characters/Animations/Items/Dual_Handed/Block/Fall_Far.blockyanim","3160","47CD59EAE487655717BF52F13B57F0A757B77BDA3003EA6ACC0C507A6EDCC74A"
"character-animations","Fall_Far_FPS","Items/Dual_Handed/Block/Fall_Far_FPS","Common/Characters/Animations/Items/Dual_Handed/Block/Fall_Far_FPS.blockyanim","2083","C49C22F2340489E711C02559830D451C2C88A449417347234899D96EAE21251D"
"character-animations","Fall_FPS","Items/Dual_Handed/Block/Fall_FPS","Common/Characters/Animations/Items/Dual_Handed/Block/Fall_FPS.blockyanim","2270","3BFA5006E01B71DEF7D81FD7FDAD3C5E75EDEA48D078969065535FECF151B798"
"character-animations","Fly","Items/Dual_Handed/Block/Fly/Fly","Common/Characters/Animations/Items/Dual_Handed/Block/Fly/Fly.blockyanim","6859","5B41A6037496F2D684789EE208EF6208D77721E709C3022C9A4EB7163CA9E228"
"character-animations","Fly_Backward","Items/Dual_Handed/Block/Fly/Fly_Backward","Common/Characters/Animations/Items/Dual_Handed/Block/Fly/Fly_Backward.blockyanim","6857","588DBB36CDA96C43578D6E49E63D9B379810C9163C76F7EBC3FF46EDEF56A9D7"
"character-animations","Fly_Backward_FPS","Items/Dual_Handed/Block/Fly/Fly_Backward_FPS","Common/Characters/Animations/Items/Dual_Handed/Block/Fly/Fly_Backward_FPS.blockyanim","2285","03B33E64D4E21B8FFFACB94B183B04121251E894355402E5D1299D1C605BAFDA"
"character-animations","Fly_Fast","Items/Dual_Handed/Block/Fly/Fly_Fast","Common/Characters/Animations/Items/Dual_Handed/Block/Fly/Fly_Fast.blockyanim","6857","D80181C6511A469E2110DA2C7DC8B9C08DF4488B2DA0314B5C4C0010A996A8E4"
"character-animations","Fly_Fast_FPS","Items/Dual_Handed/Block/Fly/Fly_Fast_FPS","Common/Characters/Animations/Items/Dual_Handed/Block/Fly/Fly_Fast_FPS.blockyanim","2285","03B33E64D4E21B8FFFACB94B183B04121251E894355402E5D1299D1C605BAFDA"
"character-animations","Fly_FPS","Items/Dual_Handed/Block/Fly/Fly_FPS","Common/Characters/Animations/Items/Dual_Handed/Block/Fly/Fly_FPS.blockyanim","2285","03B33E64D4E21B8FFFACB94B183B04121251E894355402E5D1299D1C605BAFDA"
"character-animations","Fly_Idle","Items/Dual_Handed/Block/Fly/Fly_Idle","Common/Characters/Animations/Items/Dual_Handed/Block/Fly/Fly_Idle.blockyanim","6859","3A766BFD2C55ADB73663EE4FFE38AC4A691CC93DF2A343D4D93FB0A17E71233C"
"character-animations","Fly_Idle_FPS","Items/Dual_Handed/Block/Fly/Fly_Idle_FPS","Common/Characters/Animations/Items/Dual_Handed/Block/Fly/Fly_Idle_FPS.blockyanim","2285","03B33E64D4E21B8FFFACB94B183B04121251E894355402E5D1299D1C605BAFDA"
"character-animations","Idle","Items/Dual_Handed/Block/Idle","Common/Characters/Animations/Items/Dual_Handed/Block/Idle.blockyanim","6829","BDFAF80DF852403509D5544CFE9846098E38EAD3F29248D1BB126CA415057047"
"character-animations","Idle_FPS","Items/Dual_Handed/Block/Idle_FPS","Common/Characters/Animations/Items/Dual_Handed/Block/Idle_FPS.blockyanim","2287","13697FD0AA9E738BDBF10E969F60712E8B5711081E453809839236ED3C5F63C7"
"character-animations","Interact","Items/Dual_Handed/Block/Interact","Common/Characters/Animations/Items/Dual_Handed/Block/Interact.blockyanim","9558","A3C464914A6881AA0540BC8AE3858CB78BB2C19F98DF28EF709B88C0E580B98C"
"character-animations","Interact_FPS","Items/Dual_Handed/Block/Interact_FPS","Common/Characters/Animations/Items/Dual_Handed/Block/Interact_FPS.blockyanim","4315","057EB3AA7BECF0D7603F8C2393AA5F8924C61D3EDA144B6FA1B6B59DF8DB9EF1"
"character-animations","Jump","Items/Dual_Handed/Block/Jump","Common/Characters/Animations/Items/Dual_Handed/Block/Jump.blockyanim","3162","0F35C46056F8BE42EAA4D3BAF9A58630A46AB02F31C770E9D7DA961AEA71DFBD"
"character-animations","Jump_Far","Items/Dual_Handed/Block/Jump_Far","Common/Characters/Animations/Items/Dual_Handed/Block/Jump_Far.blockyanim","3596","54A2DD442B008F7C8B4A708D79E32901147F9CDC9EB0AB481D23E5DC944BE6AB"
"character-animations","Jump_Far_FPS","Items/Dual_Handed/Block/Jump_Far_FPS","Common/Characters/Animations/Items/Dual_Handed/Block/Jump_Far_FPS.blockyanim","2300","D2948E8590E350BE5DA3EF9BC291F3F24B1E206A63828A8B223AF4177923EE2E"
"character-animations","Jump_FPS","Items/Dual_Handed/Block/Jump_FPS","Common/Characters/Animations/Items/Dual_Handed/Block/Jump_FPS.blockyanim","2300","D2948E8590E350BE5DA3EF9BC291F3F24B1E206A63828A8B223AF4177923EE2E"
"character-animations","Run","Items/Dual_Handed/Block/Run","Common/Characters/Animations/Items/Dual_Handed/Block/Run.blockyanim","8828","C515186F8DAF58F4404EB1BA5A43EB48B9B0D4D56888D1EC78FFB42D653EFF45"
"character-animations","Run_Backward","Items/Dual_Handed/Block/Run_Backward","Common/Characters/Animations/Items/Dual_Handed/Block/Run_Backward.blockyanim","8828","C515186F8DAF58F4404EB1BA5A43EB48B9B0D4D56888D1EC78FFB42D653EFF45"
"character-animations","Run_Backward_FPS","Items/Dual_Handed/Block/Run_Backward_FPS","Common/Characters/Animations/Items/Dual_Handed/Block/Run_Backward_FPS.blockyanim","2289","98D4B930FABBA3456A871E391F836B72CB114DC11909143FFAFF77E02BF4500F"
"character-animations","Run_FPS","Items/Dual_Handed/Block/Run_FPS","Common/Characters/Animations/Items/Dual_Handed/Block/Run_FPS.blockyanim","2285","C2380C68BF3ABD538C41BAA8227501DDC5FA1A1C4427ECF58E9491054548A527"
"character-animations","Sprint","Items/Dual_Handed/Block/Sprint","Common/Characters/Animations/Items/Dual_Handed/Block/Sprint.blockyanim","8425","AE38EE7536A02912AE9AF707606327CA1F4A696E90744B9122AC5447819739F9"
"character-animations","Sprint_FPS","Items/Dual_Handed/Block/Sprint_FPS","Common/Characters/Animations/Items/Dual_Handed/Block/Sprint_FPS.blockyanim","2280","D7DC196B266DCED1DEB3DE7EC63BE6C3A9AF04DCBF687EE68188C8412E5BA19F"
"character-animations","Swim","Items/Dual_Handed/Block/Swim/Swim","Common/Characters/Animations/Items/Dual_Handed/Block/Swim/Swim.blockyanim","2346","FA986DA0A9A5D0307247452B3ABF4A86ADAEE5B1443E5888E0047B4A3BC26FB8"
"character-animations","Swim_Backward","Items/Dual_Handed/Block/Swim/Swim_Backward","Common/Characters/Animations/Items/Dual_Handed/Block/Swim/Swim_Backward.blockyanim","1436","EBF412AD2D812325DED58F20808E00D4FF95FCBD20971FD24B7DCFD539B5687F"
"character-animations","Swim_Backward_FPS","Items/Dual_Handed/Block/Swim/Swim_Backward_FPS","Common/Characters/Animations/Items/Dual_Handed/Block/Swim/Swim_Backward_FPS.blockyanim","3130","F0456E75A69EEE01D0680B10DBAAC6A3A6DCF99FDCBB8523E5D908BB94738746"
"character-animations","Swim_Dive","Items/Dual_Handed/Block/Swim/Swim_Dive","Common/Characters/Animations/Items/Dual_Handed/Block/Swim/Swim_Dive.blockyanim","2922","2E9A8FE48A718C7247B5549BFC3BB4A18687BCB1710BA9B6B468C24100A79E18"
"character-animations","Swim_Dive_Backward","Items/Dual_Handed/Block/Swim/Swim_Dive_Backward","Common/Characters/Animations/Items/Dual_Handed/Block/Swim/Swim_Dive_Backward.blockyanim","1434","BDF68942296960C38DD32421AE73F6E75D557080B2903F2B00AC6981EF93A797"
"character-animations","Swim_Dive_Backward_FPS","Items/Dual_Handed/Block/Swim/Swim_Dive_Backward_FPS","Common/Characters/Animations/Items/Dual_Handed/Block/Swim/Swim_Dive_Backward_FPS.blockyanim","3130","F0456E75A69EEE01D0680B10DBAAC6A3A6DCF99FDCBB8523E5D908BB94738746"
"character-animations","Swim_Dive_Fast","Items/Dual_Handed/Block/Swim/Swim_Dive_Fast","Common/Characters/Animations/Items/Dual_Handed/Block/Swim/Swim_Dive_Fast.blockyanim","2120","C260AED19A9C203866AC4E2EB08FC110CD5B74AE499F90AC2D40AF2FFC4241A6"
"character-animations","Swim_Dive_Fast_FPS","Items/Dual_Handed/Block/Swim/Swim_Dive_Fast_FPS","Common/Characters/Animations/Items/Dual_Handed/Block/Swim/Swim_Dive_Fast_FPS.blockyanim","2307","F9EDE7C63C6A44F8B54B8B61648834735B58AB684C1A848F36727FA630EF3264"
"character-animations","Swim_Dive_FPS","Items/Dual_Handed/Block/Swim/Swim_Dive_FPS","Common/Characters/Animations/Items/Dual_Handed/Block/Swim/Swim_Dive_FPS.blockyanim","2493","3132AD083A8333450A3CD5CAEC8CC8E5CD50F2AE646409B2CD786551A1C0BD1E"
"character-animations","Swim_Fast","Items/Dual_Handed/Block/Swim/Swim_Fast","Common/Characters/Animations/Items/Dual_Handed/Block/Swim/Swim_Fast.blockyanim","3520","82436D635D68F35F180E58C9251C8357CF757165D86441F499AB696CA84B86BA"
"character-animations","Swim_Fast_FPS","Items/Dual_Handed/Block/Swim/Swim_Fast_FPS","Common/Characters/Animations/Items/Dual_Handed/Block/Swim/Swim_Fast_FPS.blockyanim","2855","90F8389AAE21C5ADFA738E54446B1CEA2B8A26BE2EB68F258C2F3E7A86A00655"
"character-animations","Swim_Float","Items/Dual_Handed/Block/Swim/Swim_Float","Common/Characters/Animations/Items/Dual_Handed/Block/Swim/Swim_Float.blockyanim","3387","CCB047D8BC449DFA4A66A8BE30BC1EE32BF09E78FE195C6E085B99DC4F7A3927"
"character-animations","Swim_Float_FPS","Items/Dual_Handed/Block/Swim/Swim_Float_FPS","Common/Characters/Animations/Items/Dual_Handed/Block/Swim/Swim_Float_FPS.blockyanim","2493","3132AD083A8333450A3CD5CAEC8CC8E5CD50F2AE646409B2CD786551A1C0BD1E"
"character-animations","Swim_FPS","Items/Dual_Handed/Block/Swim/Swim_FPS","Common/Characters/Animations/Items/Dual_Handed/Block/Swim/Swim_FPS.blockyanim","2700","D961F8CA6E8D6FBC478C5037B637830EEC534D235241BE19DFECD9AEBB3B5F1A"
"character-animations","Swim_Idle","Items/Dual_Handed/Block/Swim/Swim_Idle","Common/Characters/Animations/Items/Dual_Handed/Block/Swim/Swim_Idle.blockyanim","1558","FF88F4A72B832BD98DEFFD93CEFD13A7EE666315678621147ACE23DB8C41C590"
"character-animations","Swim_Idle_FPS","Items/Dual_Handed/Block/Swim/Swim_Idle_FPS","Common/Characters/Animations/Items/Dual_Handed/Block/Swim/Swim_Idle_FPS.blockyanim","2061","8C20CDD237450BECBC2E051D2ABDD064375816E9E0538B8894452EDCCB630299"
"character-animations","Swim_Jump","Items/Dual_Handed/Block/Swim/Swim_Jump","Common/Characters/Animations/Items/Dual_Handed/Block/Swim/Swim_Jump.blockyanim","2948","5CF1419919113563279F9FD0CF31AA1781F4984510349474B50485F5281CFC13"
"character-animations","Swim_Jump_FPS","Items/Dual_Handed/Block/Swim/Swim_Jump_FPS","Common/Characters/Animations/Items/Dual_Handed/Block/Swim/Swim_Jump_FPS.blockyanim","2871","E604A7CBC4C98B46F7A80A85817D279C024DE1FEDEB2D3BBA644C7B7CE91869F"
"character-animations","Swim_Sink","Items/Dual_Handed/Block/Swim/Swim_Sink","Common/Characters/Animations/Items/Dual_Handed/Block/Swim/Swim_Sink.blockyanim","1001","3157E22A56091674C5980178A55D01B24F6220249DBF4C1B7B4F4E42B413F2C7"
"character-animations","Swim_Sink_FPS","Items/Dual_Handed/Block/Swim/Swim_Sink_FPS","Common/Characters/Animations/Items/Dual_Handed/Block/Swim/Swim_Sink_FPS.blockyanim","2306","7CD08ABA8CD766CA0839F5446FDFC2CC34E0F0AD4E277B74B627BE8D6B77FB60"
"character-animations","Walk","Items/Dual_Handed/Block/Walk","Common/Characters/Animations/Items/Dual_Handed/Block/Walk.blockyanim","5971","4F79D9A16A2EF40EB3516FAB428033A4BEE85A912EA54447CDD824E72C3D7378"
"character-animations","Walk_Backward","Items/Dual_Handed/Block/Walk_Backward","Common/Characters/Animations/Items/Dual_Handed/Block/Walk_Backward.blockyanim","5971","4F79D9A16A2EF40EB3516FAB428033A4BEE85A912EA54447CDD824E72C3D7378"
"character-animations","Walk_Backward_FPS","Items/Dual_Handed/Block/Walk_Backward_FPS","Common/Characters/Animations/Items/Dual_Handed/Block/Walk_Backward_FPS.blockyanim","2289","48C27F514BB28F74D7BCCACBC74C7B0605D4041FF0D9374B354142194DCEE936"
"character-animations","Walk_FPS","Items/Dual_Handed/Block/Walk_FPS","Common/Characters/Animations/Items/Dual_Handed/Block/Walk_FPS.blockyanim","2289","77AC472BC54E4248DD8D95418C2F71A93E64C506900BAAA0B332E124A98ABC61"
"character-animations","Guard_Bash","Items/Dual_Handed/Bow/Attacks/Guard_Bash/Guard_Bash","Common/Characters/Animations/Items/Dual_Handed/Bow/Attacks/Guard_Bash/Guard_Bash.blockyanim","22060","0D0FEE75899E8EAE41C6BCD5B947BEB83161C8C13A04DA92F18609ED28E4116E"
"character-animations","Guard_Bash_FPS","Items/Dual_Handed/Bow/Attacks/Guard_Bash/Guard_Bash_FPS","Common/Characters/Animations/Items/Dual_Handed/Bow/Attacks/Guard_Bash/Guard_Bash_FPS.blockyanim","9448","6DEAA8DD3E58229D5E738AFBA644D556B20B2D8A97AE84E45A64173C708B2292"
"character-animations","Guard_Bash_Moving","Items/Dual_Handed/Bow/Attacks/Guard_Bash/Guard_Bash_Moving","Common/Characters/Animations/Items/Dual_Handed/Bow/Attacks/Guard_Bash/Guard_Bash_Moving.blockyanim","15452","50D3668910B25AF2C3D9BA9A72A012FE32E8C138F9E8679AF959FB3643DF36A3"
"character-animations","Guard","Items/Dual_Handed/Bow/Attacks/Guard/Guard","Common/Characters/Animations/Items/Dual_Handed/Bow/Attacks/Guard/Guard.blockyanim","7212","2E0789C6BC5F9B9B3A19D426BF2F23C51DC8E2692374F24129D0A4348F52D77E"
"character-animations","Guard_FPS","Items/Dual_Handed/Bow/Attacks/Guard/Guard_FPS","Common/Characters/Animations/Items/Dual_Handed/Bow/Attacks/Guard/Guard_FPS.blockyanim","3133","3D7EDBA8D307A45974309950DF30E0154C1D57E432AEDFE65A3F940F4DEB1A35"
"character-animations","Guard_Moving","Items/Dual_Handed/Bow/Attacks/Guard/Guard_Moving","Common/Characters/Animations/Items/Dual_Handed/Bow/Attacks/Guard/Guard_Moving.blockyanim","4218","A0D057E385DE7AD4A5E3F931F4268A862462B314E3CC86220DE3B02AAD880DFC"
"character-animations","Shoot_Charged","Items/Dual_Handed/Bow/Attacks/Shoot_Charged/Shoot_Charged","Common/Characters/Animations/Items/Dual_Handed/Bow/Attacks/Shoot_Charged/Shoot_Charged.blockyanim","19246","0123D5216C2149636D55DC7D540CBF66D8412D765CEABFADBF29B3B9CDDBFCDD"
"character-animations","Shoot_Charged_FPS","Items/Dual_Handed/Bow/Attacks/Shoot_Charged/Shoot_Charged_FPS","Common/Characters/Animations/Items/Dual_Handed/Bow/Attacks/Shoot_Charged/Shoot_Charged_FPS.blockyanim","17168","4CE760D8543182852670B07843CBB20E144DBC854DEBA024A57FF24A450666CD"
"character-animations","Shoot_Charged_Moving","Items/Dual_Handed/Bow/Attacks/Shoot_Charged/Shoot_Charged_Moving","Common/Characters/Animations/Items/Dual_Handed/Bow/Attacks/Shoot_Charged/Shoot_Charged_Moving.blockyanim","18562","9FA5E0D24972575B1207B6552411300FD2A32320858F9F7D26AC249112E71741"
"character-animations","Shoot_Charging","Items/Dual_Handed/Bow/Attacks/Shoot_Charged/Shoot_Charging","Common/Characters/Animations/Items/Dual_Handed/Bow/Attacks/Shoot_Charged/Shoot_Charging.blockyanim","27870","DB2BE5DDD84CEF91D5E57FD98B68E37106084A3B5053678EA4CC68A9579F1170"
"character-animations","Shoot_Charging_FPS","Items/Dual_Handed/Bow/Attacks/Shoot_Charged/Shoot_Charging_FPS","Common/Characters/Animations/Items/Dual_Handed/Bow/Attacks/Shoot_Charged/Shoot_Charging_FPS.blockyanim","20532","6951DF18B950575C743D33EF71D66DFB061179F087D70876D8016D707A083690"
"character-animations","Shoot_Charging_Moving","Items/Dual_Handed/Bow/Attacks/Shoot_Charged/Shoot_Charging_Moving","Common/Characters/Animations/Items/Dual_Handed/Bow/Attacks/Shoot_Charged/Shoot_Charging_Moving.blockyanim","22124","115FADC798858D59A08CF98C3405442890BD489B7D3E3F0AB5C6B44BAF278602"
"character-animations","Shoot","Items/Dual_Handed/Bow/Attacks/Shoot/Shoot","Common/Characters/Animations/Items/Dual_Handed/Bow/Attacks/Shoot/Shoot.blockyanim","31970","12ADB5FB9BAA3E6F68B2B2C3F2183EF4843793DF3A751E0921E5E19E0AE6F8DF"
"character-animations","Shoot_FPS","Items/Dual_Handed/Bow/Attacks/Shoot/Shoot_FPS","Common/Characters/Animations/Items/Dual_Handed/Bow/Attacks/Shoot/Shoot_FPS.blockyanim","24429","867B4A01E3A8293E132459E4A4C962916AB672A6A0FDD992B79C63F7B233536E"
"character-animations","Shoot_Moving","Items/Dual_Handed/Bow/Attacks/Shoot/Shoot_Moving","Common/Characters/Animations/Items/Dual_Handed/Bow/Attacks/Shoot/Shoot_Moving.blockyanim","26224","8825A4234318FD86E25BF1D3E2A11F1DC72E1B50EF457FF135C9E9BBA2CEB4B7"
"character-animations","Swing_Right","Items/Dual_Handed/Bow/Attacks/Swing_Right/Swing_Right","Common/Characters/Animations/Items/Dual_Handed/Bow/Attacks/Swing_Right/Swing_Right.blockyanim","18272","A3187A6FD678BDEE5B3F9087E51A3BD68942291995304C1D342D4E00EF6BAACD"
"character-animations","Swing_Right_FPS","Items/Dual_Handed/Bow/Attacks/Swing_Right/Swing_Right_FPS","Common/Characters/Animations/Items/Dual_Handed/Bow/Attacks/Swing_Right/Swing_Right_FPS.blockyanim","9076","53187F7BBAF3370797A3FBCAE50816182329414297AC857EE02DB971A8E7DBDB"
"character-animations","Swing_Right_Moving","Items/Dual_Handed/Bow/Attacks/Swing_Right/Swing_Right_Moving","Common/Characters/Animations/Items/Dual_Handed/Bow/Attacks/Swing_Right/Swing_Right_Moving.blockyanim","12414","6F2D2C600748839E382A5520DE82E51652242978E5D127FB970335257C5C4646"
"character-animations","Climb_Down","Items/Dual_Handed/Bow/Climb/Climb_Down","Common/Characters/Animations/Items/Dual_Handed/Bow/Climb/Climb_Down.blockyanim","1419","91A3743C6B121D5A1CD9B41CEAA04F5FB37F730FA6E35A364C83597121651079"
"character-animations","Climb_Down_FPS","Items/Dual_Handed/Bow/Climb/Climb_Down_FPS","Common/Characters/Animations/Items/Dual_Handed/Bow/Climb/Climb_Down_FPS.blockyanim","2221","6CFF6CC5F6B524BEE00C9A421D38C3CE321853FAAD6F49E971E692C76CCD4994"
"character-animations","Climb_Idle","Items/Dual_Handed/Bow/Climb/Climb_Idle","Common/Characters/Animations/Items/Dual_Handed/Bow/Climb/Climb_Idle.blockyanim","1201","AFB59B5FE891CF436C913582B64A28ECE09DA5421235FD245BE0C36411922C0A"
"character-animations","Climb_Idle_FPS","Items/Dual_Handed/Bow/Climb/Climb_Idle_FPS","Common/Characters/Animations/Items/Dual_Handed/Bow/Climb/Climb_Idle_FPS.blockyanim","1873","A6C2C96340D7137E0425994E642E95CE8C3D953EB1F6F9999B9862D2A252B1CC"
"character-animations","Climb_Left","Items/Dual_Handed/Bow/Climb/Climb_Left","Common/Characters/Animations/Items/Dual_Handed/Bow/Climb/Climb_Left.blockyanim","11334","CA2729F79F62BB9B5B9F23081E5F12F05287A6624DEEF6007E56602EA49D7E83"
"character-animations","Climb_Left_FPS","Items/Dual_Handed/Bow/Climb/Climb_Left_FPS","Common/Characters/Animations/Items/Dual_Handed/Bow/Climb/Climb_Left_FPS.blockyanim","2223","0CEA3D21571EE5E806239EA2992078288412CC0691391725D7757EAE71E4BFFB"
"character-animations","Climb_Right","Items/Dual_Handed/Bow/Climb/Climb_Right","Common/Characters/Animations/Items/Dual_Handed/Bow/Climb/Climb_Right.blockyanim","11333","F622739CF63427D193192F6CA87073B97D688F2268964ADE4DCD2F0B40A3F2A7"
"character-animations","Climb_Right_FPS","Items/Dual_Handed/Bow/Climb/Climb_Right_FPS","Common/Characters/Animations/Items/Dual_Handed/Bow/Climb/Climb_Right_FPS.blockyanim","2223","7F5F68F1AC9F3E9BFA179D0E499CBFFECED6F172D4C5A7B770F18FCC05AF5FB3"
"character-animations","Climb_Up","Items/Dual_Handed/Bow/Climb/Climb_Up","Common/Characters/Animations/Items/Dual_Handed/Bow/Climb/Climb_Up.blockyanim","1419","C7784FC8966566D411AF82723DAE8EE4EA97AD18089B7564771729BE679E0150"
"character-animations","Climb_Up_FPS","Items/Dual_Handed/Bow/Climb/Climb_Up_FPS","Common/Characters/Animations/Items/Dual_Handed/Bow/Climb/Climb_Up_FPS.blockyanim","2221","061B18AFF6681E517875E9D4F32C2FE1C2B21500FC3E2F5DA56A387822C39ACD"
"character-animations","Crouch","Items/Dual_Handed/Bow/Crouch","Common/Characters/Animations/Items/Dual_Handed/Bow/Crouch.blockyanim","3866","E909198E7D51E0FA1CE5972DD1D79833A1B5BCA308A23BF4465DE566D64C6F4F"
"character-animations","Crouch_FPS","Items/Dual_Handed/Bow/Crouch_FPS","Common/Characters/Animations/Items/Dual_Handed/Bow/Crouch_FPS.blockyanim","2088","DEFD5DBCCD49BC9F6489E5C99BF17748DC560B2ADF31493EBFE24AC24BEE0877"
"character-animations","Crouch_Walk","Items/Dual_Handed/Bow/Crouch_Walk","Common/Characters/Animations/Items/Dual_Handed/Bow/Crouch_Walk.blockyanim","2337","766C392C18DA083592543E0CA611C07BF2EBE9C25339EE3DEE64B401A7700D81"
"character-animations","Crouch_Walk_Backward","Items/Dual_Handed/Bow/Crouch_Walk_Backward","Common/Characters/Animations/Items/Dual_Handed/Bow/Crouch_Walk_Backward.blockyanim","2337","766C392C18DA083592543E0CA611C07BF2EBE9C25339EE3DEE64B401A7700D81"
"character-animations","Crouch_Walk_Backward_FPS","Items/Dual_Handed/Bow/Crouch_Walk_Backward_FPS","Common/Characters/Animations/Items/Dual_Handed/Bow/Crouch_Walk_Backward_FPS.blockyanim","2085","C73F69F5C0327362282FF9B41F69B5974023E4D55F2B473DED4A0F38DC617911"
"character-animations","Crouch_Walk_FPS","Items/Dual_Handed/Bow/Crouch_Walk_FPS","Common/Characters/Animations/Items/Dual_Handed/Bow/Crouch_Walk_FPS.blockyanim","2085","C73F69F5C0327362282FF9B41F69B5974023E4D55F2B473DED4A0F38DC617911"
"character-animations","Fall","Items/Dual_Handed/Bow/Fall","Common/Characters/Animations/Items/Dual_Handed/Bow/Fall.blockyanim","2339","EBC457EC675E9F8D945E244A5795C1FFAF3CE8EE9DE3E49F261786D0581CF2F2"
"character-animations","Fall_Far","Items/Dual_Handed/Bow/Fall_Far","Common/Characters/Animations/Items/Dual_Handed/Bow/Fall_Far.blockyanim","2340","09C0264D2495DE71D1E088427F3416A898B32EE837660F2CE8400FE9F21CDF82"
"character-animations","Fall_Far_FPS","Items/Dual_Handed/Bow/Fall_Far_FPS","Common/Characters/Animations/Items/Dual_Handed/Bow/Fall_Far_FPS.blockyanim","2097","75B747C9092AC1EC786B4A747111F44112A4D024715BA02488517E1ADD3FC3BC"
"character-animations","Fall_FPS","Items/Dual_Handed/Bow/Fall_FPS","Common/Characters/Animations/Items/Dual_Handed/Bow/Fall_FPS.blockyanim","2510","385DE20DAE541A848D6798430A5A59235F896AE2FA3AE3E6997D4E9F74110226"
"character-animations","Fly","Items/Dual_Handed/Bow/Fly/Fly","Common/Characters/Animations/Items/Dual_Handed/Bow/Fly/Fly.blockyanim","3867","E1B74784176D323BBF22D0538453134D76BCD4A98F9CCBCE6E16D6B269CEF908"
"character-animations","Fly_Backward","Items/Dual_Handed/Bow/Fly/Fly_Backward","Common/Characters/Animations/Items/Dual_Handed/Bow/Fly/Fly_Backward.blockyanim","3866","A05EB6240C460330008C4FA1FCB004B26C7A095BC69FC03953920070283C3940"
"character-animations","Fly_Backward_FPS","Items/Dual_Handed/Bow/Fly/Fly_Backward_FPS","Common/Characters/Animations/Items/Dual_Handed/Bow/Fly/Fly_Backward_FPS.blockyanim","2085","C73F69F5C0327362282FF9B41F69B5974023E4D55F2B473DED4A0F38DC617911"
"character-animations","Fly_Fast","Items/Dual_Handed/Bow/Fly/Fly_Fast","Common/Characters/Animations/Items/Dual_Handed/Bow/Fly/Fly_Fast.blockyanim","3868","106B8C6878D74A6B2592068802DAD7003AB6933D7A0A48ECEFD8994424D45D9E"
"character-animations","Fly_Fast_FPS","Items/Dual_Handed/Bow/Fly/Fly_Fast_FPS","Common/Characters/Animations/Items/Dual_Handed/Bow/Fly/Fly_Fast_FPS.blockyanim","2090","78D6B6541FD871FECB0EC9713F80F58FACD6A19D202D4CDC7E6B534ED901C2FF"
"character-animations","Fly_FPS","Items/Dual_Handed/Bow/Fly/Fly_FPS","Common/Characters/Animations/Items/Dual_Handed/Bow/Fly/Fly_FPS.blockyanim","2085","C73F69F5C0327362282FF9B41F69B5974023E4D55F2B473DED4A0F38DC617911"
"character-animations","Fly_Idle","Items/Dual_Handed/Bow/Fly/Fly_Idle","Common/Characters/Animations/Items/Dual_Handed/Bow/Fly/Fly_Idle.blockyanim","3865","E2204E40C58372784E32CFCEE99A2CF94B3CF9F64FB17ED12C10587502035C21"
"character-animations","Fly_Idle_FPS","Items/Dual_Handed/Bow/Fly/Fly_Idle_FPS","Common/Characters/Animations/Items/Dual_Handed/Bow/Fly/Fly_Idle_FPS.blockyanim","2088","DEFD5DBCCD49BC9F6489E5C99BF17748DC560B2ADF31493EBFE24AC24BEE0877"
"character-animations","Idle","Items/Dual_Handed/Bow/Idle","Common/Characters/Animations/Items/Dual_Handed/Bow/Idle.blockyanim","15121","2250558BCFEF310C0C30C9F5D88F3E08783043A7BB3F1667BF4EA21294681C4C"
"character-animations","Idle_FPS","Items/Dual_Handed/Bow/Idle_FPS","Common/Characters/Animations/Items/Dual_Handed/Bow/Idle_FPS.blockyanim","2088","DEFD5DBCCD49BC9F6489E5C99BF17748DC560B2ADF31493EBFE24AC24BEE0877"
"character-animations","Interact","Items/Dual_Handed/Bow/Interact","Common/Characters/Animations/Items/Dual_Handed/Bow/Interact.blockyanim","9054","720F55978FC68AB942B5E052DA59732A3DCEE6D95299C3BB15C8507D105C10C7"
"character-animations","Interact_FPS","Items/Dual_Handed/Bow/Interact_FPS","Common/Characters/Animations/Items/Dual_Handed/Bow/Interact_FPS.blockyanim","5073","241CAC1DD1D3DB33A77A671C052C2E719037040A92FD4EA182AEC00C1E1A019D"
"character-animations","Jump","Items/Dual_Handed/Bow/Jump","Common/Characters/Animations/Items/Dual_Handed/Bow/Jump.blockyanim","2339","06BC45832D3986130098BC378532BE90AD3B3C2D4CAC970907DA013E58143B2C"
"character-animations","Jump_Far","Items/Dual_Handed/Bow/Jump_Far","Common/Characters/Animations/Items/Dual_Handed/Bow/Jump_Far.blockyanim","2977","BA743FA2C9C4CFCA103A03E6E17DD969047562C6F8584F93A5974186D0304B9D"
"character-animations","Jump_Far_FPS","Items/Dual_Handed/Bow/Jump_Far_FPS","Common/Characters/Animations/Items/Dual_Handed/Bow/Jump_Far_FPS.blockyanim","2303","68FF1A753754AF22E27757FC210ADA2F977DE1B4119817D778DFDF2E7776FFBE"
"character-animations","Jump_FPS","Items/Dual_Handed/Bow/Jump_FPS","Common/Characters/Animations/Items/Dual_Handed/Bow/Jump_FPS.blockyanim","2088","47F715BCBED5E939F54CF670563329A3A88D82B2031D6FF83DB4E254FC487035"
"character-animations","Run","Items/Dual_Handed/Bow/Run","Common/Characters/Animations/Items/Dual_Handed/Bow/Run.blockyanim","2338","364B75B64371093D81565E61388AFE258C7358B8C12A818D9C4BC9408FF14F99"
"character-animations","Run_Backward","Items/Dual_Handed/Bow/Run_Backward","Common/Characters/Animations/Items/Dual_Handed/Bow/Run_Backward.blockyanim","2338","782CEC58D7574F8BBDFAB66F96D6169AA61E7388F88541DD3CA0D332877A437F"
"character-animations","Run_Backward_FPS","Items/Dual_Handed/Bow/Run_Backward_FPS","Common/Characters/Animations/Items/Dual_Handed/Bow/Run_Backward_FPS.blockyanim","2090","61B54456FEBD322C7F7958CDE424AA463DF7CE67DD3E30BC4AB9364CC719D680"
"character-animations","Run_FPS","Items/Dual_Handed/Bow/Run_FPS","Common/Characters/Animations/Items/Dual_Handed/Bow/Run_FPS.blockyanim","2091","6B8FD7261A74A6C4D11DB53464056B224B4A5982CCB6E69B5FD05DD3C1FE56AB"
"character-animations","Sprint","Items/Dual_Handed/Bow/Sprint","Common/Characters/Animations/Items/Dual_Handed/Bow/Sprint.blockyanim","2339","92638683E53219CD8E82A9A5D91B74D75365EFB60B0B26288F9229F1ACE5ABBE"
"character-animations","Sprint_FPS","Items/Dual_Handed/Bow/Sprint_FPS","Common/Characters/Animations/Items/Dual_Handed/Bow/Sprint_FPS.blockyanim","2089","9C2C44733ED7F7CE6A4A667F81CD911201991040EBC922CB1A14BDA172D0328A"
"character-animations","Swim","Items/Dual_Handed/Bow/Swim/Swim","Common/Characters/Animations/Items/Dual_Handed/Bow/Swim/Swim.blockyanim","2926","9B448A14B333C47747B10CF6E95D4130FC9195366F3D3C202745E0C608FD432E"
"character-animations","Swim_Backward","Items/Dual_Handed/Bow/Swim/Swim_Backward","Common/Characters/Animations/Items/Dual_Handed/Bow/Swim/Swim_Backward.blockyanim","2940","C2046E08799FE0339CDA6C8C12161B0EA0F8C4736168A22BD9659FF89AE5D80C"
"character-animations","Swim_Backward_FPS","Items/Dual_Handed/Bow/Swim/Swim_Backward_FPS","Common/Characters/Animations/Items/Dual_Handed/Bow/Swim/Swim_Backward_FPS.blockyanim","2896","0A781ECA900D3866D489A9727B83E1840610C8450D16523E2B51B0E25F48F375"
"character-animations","Swim_Dive","Items/Dual_Handed/Bow/Swim/Swim_Dive","Common/Characters/Animations/Items/Dual_Handed/Bow/Swim/Swim_Dive.blockyanim","3334","B81C5A9F292B22767DE2A51E2CE41B1C65C2C18C15035A1290C73A6811CD8E94"
"character-animations","Swim_Dive_Backward","Items/Dual_Handed/Bow/Swim/Swim_Dive_Backward","Common/Characters/Animations/Items/Dual_Handed/Bow/Swim/Swim_Dive_Backward.blockyanim","2939","C0F567F6CEF306B24C1AC7D05FE41D80AAF73715CCCA25A65FF87D929F17DF2C"
"character-animations","Swim_Dive_Backward_FPS","Items/Dual_Handed/Bow/Swim/Swim_Dive_Backward_FPS","Common/Characters/Animations/Items/Dual_Handed/Bow/Swim/Swim_Dive_Backward_FPS.blockyanim","2896","0A781ECA900D3866D489A9727B83E1840610C8450D16523E2B51B0E25F48F375"
"character-animations","Swim_Dive_Fast","Items/Dual_Handed/Bow/Swim/Swim_Dive_Fast","Common/Characters/Animations/Items/Dual_Handed/Bow/Swim/Swim_Dive_Fast.blockyanim","2321","14192F00CF913039E8538000C3614C26061134C2E2549A6EDEDC6D457BECABE8"
"character-animations","Swim_Dive_Fast_FPS","Items/Dual_Handed/Bow/Swim/Swim_Dive_Fast_FPS","Common/Characters/Animations/Items/Dual_Handed/Bow/Swim/Swim_Dive_Fast_FPS.blockyanim","2261","F43B9D2EA4E40516B2AB8389264A666196B4DB24D7F854B149EB2139B04E0F5A"
"character-animations","Swim_Dive_FPS","Items/Dual_Handed/Bow/Swim/Swim_Dive_FPS","Common/Characters/Animations/Items/Dual_Handed/Bow/Swim/Swim_Dive_FPS.blockyanim","2900","834D2A98E960A875ED428C15A3BF80C73A67B9093C130CDCDE111086236E029C"
"character-animations","Swim_Fast","Items/Dual_Handed/Bow/Swim/Swim_Fast","Common/Characters/Animations/Items/Dual_Handed/Bow/Swim/Swim_Fast.blockyanim","3569","BA80BE93C22CA442EF2A8CA7A6231394D7C19BC17B50BC9DDB3CB04AC0741B64"
"character-animations","Swim_Fast_FPS","Items/Dual_Handed/Bow/Swim/Swim_Fast_FPS","Common/Characters/Animations/Items/Dual_Handed/Bow/Swim/Swim_Fast_FPS.blockyanim","3097","9CA9AC98F67CBC9DD3929B3DA9582B1F08DC7F304E6ED4610118BAA0704117B3"
"character-animations","Swim_Float","Items/Dual_Handed/Bow/Swim/Swim_Float","Common/Characters/Animations/Items/Dual_Handed/Bow/Swim/Swim_Float.blockyanim","3579","1ACF5BE0030A1FC5A9E1AAA30EFF48A70945742FA25BAA9DE0F4639B257CA6BA"
"character-animations","Swim_Float_FPS","Items/Dual_Handed/Bow/Swim/Swim_Float_FPS","Common/Characters/Animations/Items/Dual_Handed/Bow/Swim/Swim_Float_FPS.blockyanim","2896","D1AA3EB25AD03C98758CCDF59C31FE3895473236B9222B7C450F613EBDAEEA61"
"character-animations","Swim_FPS","Items/Dual_Handed/Bow/Swim/Swim_FPS","Common/Characters/Animations/Items/Dual_Handed/Bow/Swim/Swim_FPS.blockyanim","2900","834D2A98E960A875ED428C15A3BF80C73A67B9093C130CDCDE111086236E029C"
"character-animations","Swim_Idle","Items/Dual_Handed/Bow/Swim/Swim_Idle","Common/Characters/Animations/Items/Dual_Handed/Bow/Swim/Swim_Idle.blockyanim","2339","B74DF75B071264501D852DE0822796E4DC7A2179A10129680B9B0FE4E850102A"
"character-animations","Swim_Idle_FPS","Items/Dual_Handed/Bow/Swim/Swim_Idle_FPS","Common/Characters/Animations/Items/Dual_Handed/Bow/Swim/Swim_Idle_FPS.blockyanim","2259","1239DEE7E3BC4F509AE05F4EAA4E92327F445AE28ADC1760468AD21C96C92998"
"character-animations","Swim_Jump","Items/Dual_Handed/Bow/Swim/Swim_Jump","Common/Characters/Animations/Items/Dual_Handed/Bow/Swim/Swim_Jump.blockyanim","3164","53C8B6066805878BA05CA309DF04F6A5831B2F2663ADB07E3689C73801D6B509"
"character-animations","Swim_Jump_FPS","Items/Dual_Handed/Bow/Swim/Swim_Jump_FPS","Common/Characters/Animations/Items/Dual_Handed/Bow/Swim/Swim_Jump_FPS.blockyanim","2089","2081998E9F993F45F32D83DB40B26A43982D0A272307D0F7B35F7822DD2644C8"
"character-animations","Swim_Sink","Items/Dual_Handed/Bow/Swim/Swim_Sink","Common/Characters/Animations/Items/Dual_Handed/Bow/Swim/Swim_Sink.blockyanim","2336","825B1449417EBB3F501F4F6E5C09263E5B3F2C7D119A21EF3EAD9F56245BE844"
"character-animations","Swim_Sink_FPS","Items/Dual_Handed/Bow/Swim/Swim_Sink_FPS","Common/Characters/Animations/Items/Dual_Handed/Bow/Swim/Swim_Sink_FPS.blockyanim","2262","FD04D10B5CA5095054E6B30C3F0B5C121CD36C6F8C50DB1BF64A988FC0681FF9"
"character-animations","Walk","Items/Dual_Handed/Bow/Walk","Common/Characters/Animations/Items/Dual_Handed/Bow/Walk.blockyanim","2342","591832949A5DCCC3B766D3CA0B862308D4E249190557563145ED92A26146BD0F"
"character-animations","Walk_Backward","Items/Dual_Handed/Bow/Walk_Backward","Common/Characters/Animations/Items/Dual_Handed/Bow/Walk_Backward.blockyanim","2342","48042D9F5F8D44C4FEA5A3EB27CB1E949B500DE023FF438B0CFEBF715B476C46"
"character-animations","Walk_Backward_FPS","Items/Dual_Handed/Bow/Walk_Backward_FPS","Common/Characters/Animations/Items/Dual_Handed/Bow/Walk_Backward_FPS.blockyanim","2094","5881819D7FEFB534F70138C49A36567E8233A753AEA52BC53153878C28E1EC9D"
"character-animations","Walk_FPS","Items/Dual_Handed/Bow/Walk_FPS","Common/Characters/Animations/Items/Dual_Handed/Bow/Walk_FPS.blockyanim","2094","205CB12F8AA1F1BBFC84D957C8C2826C1D2193A91153F6D16AFC2A35265CAD84"
"character-animations","Shoot_Charged","Items/Dual_Handed/Crossbow_Heavy/Attacks/Shoot_Charged/Shoot_Charged","Common/Characters/Animations/Items/Dual_Handed/Crossbow_Heavy/Attacks/Shoot_Charged/Shoot_Charged.blockyanim","16421","753E883DAB9272DAA78798351CAA6CF8E47A24E41AD6FA2AD3B013782FAA7968"
"character-animations","Shoot_Charged_FPS","Items/Dual_Handed/Crossbow_Heavy/Attacks/Shoot_Charged/Shoot_Charged_FPS","Common/Characters/Animations/Items/Dual_Handed/Crossbow_Heavy/Attacks/Shoot_Charged/Shoot_Charged_FPS.blockyanim","10467","E79B34DCD8136FFD879A22651BD48B50D4DA0484BB33317F0016B40293A8D3DF"
"character-animations","Shoot_Charged_Moving","Items/Dual_Handed/Crossbow_Heavy/Attacks/Shoot_Charged/Shoot_Charged_Moving","Common/Characters/Animations/Items/Dual_Handed/Crossbow_Heavy/Attacks/Shoot_Charged/Shoot_Charged_Moving.blockyanim","12211","738E4D8D9BF080A86E0997FD7CD51971042E8069A172E45B844CA6DE4DF5885D"
"character-animations","Shoot_Charging","Items/Dual_Handed/Crossbow_Heavy/Attacks/Shoot_Charged/Shoot_Charging","Common/Characters/Animations/Items/Dual_Handed/Crossbow_Heavy/Attacks/Shoot_Charged/Shoot_Charging.blockyanim","25650","E81F0C79AB3F4C30DFB10DB7D917E2AAEB784CA9F5C96E42843B722CA1388484"
"character-animations","Shoot_Charging_FPS","Items/Dual_Handed/Crossbow_Heavy/Attacks/Shoot_Charged/Shoot_Charging_FPS","Common/Characters/Animations/Items/Dual_Handed/Crossbow_Heavy/Attacks/Shoot_Charged/Shoot_Charging_FPS.blockyanim","19268","1387F61931D7B23994E35C50DEA974EDFAB5E8FB304682B8A94B88D1E9B46194"
"character-animations","Shoot_Charging_Moving","Items/Dual_Handed/Crossbow_Heavy/Attacks/Shoot_Charged/Shoot_Charging_Moving","Common/Characters/Animations/Items/Dual_Handed/Crossbow_Heavy/Attacks/Shoot_Charged/Shoot_Charging_Moving.blockyanim","20083","235B28AB08E944593E67AB9B6BF096D337618D0FEBDD870E9A7C1FBB5257D5A0"
"character-animations","Shoot","Items/Dual_Handed/Crossbow_Heavy/Attacks/Shoot/Shoot","Common/Characters/Animations/Items/Dual_Handed/Crossbow_Heavy/Attacks/Shoot/Shoot.blockyanim","30885","A2023585282B2A826E15F51599FF6F1F4EC58DA91836897687DC9C26F977F090"
"character-animations","Shoot_FPS","Items/Dual_Handed/Crossbow_Heavy/Attacks/Shoot/Shoot_FPS","Common/Characters/Animations/Items/Dual_Handed/Crossbow_Heavy/Attacks/Shoot/Shoot_FPS.blockyanim","22157","5272D1A2F208916663E525B26763B144ECFB06EF5322B3195F1F6369BA0785C8"
"character-animations","Shoot_Moving","Items/Dual_Handed/Crossbow_Heavy/Attacks/Shoot/Shoot_Moving","Common/Characters/Animations/Items/Dual_Handed/Crossbow_Heavy/Attacks/Shoot/Shoot_Moving.blockyanim","23683","3507F6D7D4F7E7C696A35EB140D2458E22893304B93371DCC22A555EEDFA3019"
"character-animations","Swing_Left","Items/Dual_Handed/Crossbow_Heavy/Attacks/Swing_Left/Swing_Left","Common/Characters/Animations/Items/Dual_Handed/Crossbow_Heavy/Attacks/Swing_Left/Swing_Left.blockyanim","16284","8801BDDA8B8B005F523D1BBA0D1301A1C2593F5A837A4851708ED77B6D0008DE"
"character-animations","Swing_Left_FPS","Items/Dual_Handed/Crossbow_Heavy/Attacks/Swing_Left/Swing_Left_FPS","Common/Characters/Animations/Items/Dual_Handed/Crossbow_Heavy/Attacks/Swing_Left/Swing_Left_FPS.blockyanim","8838","DB3F4DC8A840028908A9CF076B3F659E93DF86EA3AEB7362D4FB5FB50FEC051E"
"character-animations","Swing_Left_Moving","Items/Dual_Handed/Crossbow_Heavy/Attacks/Swing_Left/Swing_Left_Moving","Common/Characters/Animations/Items/Dual_Handed/Crossbow_Heavy/Attacks/Swing_Left/Swing_Left_Moving.blockyanim","10366","BFE3D859C1B554E506F17F2AD7EFE5319F3CE8FC7AE0EAE39C66C7100B2ED672"
"character-animations","Climb_Down","Items/Dual_Handed/Crossbow_Heavy/Climb/Climb_Down","Common/Characters/Animations/Items/Dual_Handed/Crossbow_Heavy/Climb/Climb_Down.blockyanim","5142","0FB83ED3947935654B8CA3FD0C8551C08D0E48CB77FE259286EEB26739A5836B"
"character-animations","Climb_Down_FPS","Items/Dual_Handed/Crossbow_Heavy/Climb/Climb_Down_FPS","Common/Characters/Animations/Items/Dual_Handed/Crossbow_Heavy/Climb/Climb_Down_FPS.blockyanim","4571","0DD338DC280649242A74212F6809250DBC3E89AA68202BE2904D80495746A92A"
"character-animations","Climb_Idle","Items/Dual_Handed/Crossbow_Heavy/Climb/Climb_Idle","Common/Characters/Animations/Items/Dual_Handed/Crossbow_Heavy/Climb/Climb_Idle.blockyanim","2594","FAFD17D9DCAFF3ED6B557F444648FF2025C8776033C14360C82E13B326828A6A"
"character-animations","Climb_Idle_FPS","Items/Dual_Handed/Crossbow_Heavy/Climb/Climb_Idle_FPS","Common/Characters/Animations/Items/Dual_Handed/Crossbow_Heavy/Climb/Climb_Idle_FPS.blockyanim","2602","9F4CF04BB888BFB7AF6E7513A75D493AA32DC153936CBDC441F0CDEB83BCD1B6"
"character-animations","Climb_Left","Items/Dual_Handed/Crossbow_Heavy/Climb/Climb_Left","Common/Characters/Animations/Items/Dual_Handed/Crossbow_Heavy/Climb/Climb_Left.blockyanim","5470","2042EB494E1545FD185234626CD3BF9EC41E6EBF21E07B17187852EFC3F263F8"
"character-animations","Climb_Left_FPS","Items/Dual_Handed/Crossbow_Heavy/Climb/Climb_Left_FPS","Common/Characters/Animations/Items/Dual_Handed/Crossbow_Heavy/Climb/Climb_Left_FPS.blockyanim","4583","3E95F4593F0A96B5D8DBD5FBEFFE8BDC165BFF7CB756044071D21D6684C004D2"
"character-animations","Climb_Right","Items/Dual_Handed/Crossbow_Heavy/Climb/Climb_Right","Common/Characters/Animations/Items/Dual_Handed/Crossbow_Heavy/Climb/Climb_Right.blockyanim","5470","813BDD121914D9AB56E8DF38FD1F608AF000F0241650D6E12807DB8FA07706E1"
"character-animations","Climb_Right_FPS","Items/Dual_Handed/Crossbow_Heavy/Climb/Climb_Right_FPS","Common/Characters/Animations/Items/Dual_Handed/Crossbow_Heavy/Climb/Climb_Right_FPS.blockyanim","4583","35D2AF618B276E72B6D7837FD20316089F44CFD98C0E8ED76D2E232070CFA379"
"character-animations","Climb_Up","Items/Dual_Handed/Crossbow_Heavy/Climb/Climb_Up","Common/Characters/Animations/Items/Dual_Handed/Crossbow_Heavy/Climb/Climb_Up.blockyanim","5142","49C0D195C14CA069E6E3D29AEE52272B33FD56517BEFB5EB234BF0080F5E6605"
"character-animations","Climb_Up_FPS","Items/Dual_Handed/Crossbow_Heavy/Climb/Climb_Up_FPS","Common/Characters/Animations/Items/Dual_Handed/Crossbow_Heavy/Climb/Climb_Up_FPS.blockyanim","4571","6D1AA21B04752E114218E82D8D7427F3461CBC970307E63D580548F08AD646F8"
"character-animations","Crouch","Items/Dual_Handed/Crossbow_Heavy/Crouch","Common/Characters/Animations/Items/Dual_Handed/Crossbow_Heavy/Crouch.blockyanim","4336","B6691A17E5F97AF3C08FE9277F74B6DD67E14D89D17D5E9A5A432DA95239614B"
"character-animations","Crouch_FPS","Items/Dual_Handed/Crossbow_Heavy/Crouch_FPS","Common/Characters/Animations/Items/Dual_Handed/Crossbow_Heavy/Crouch_FPS.blockyanim","2947","FD89CD6803BE2C151051AC06D8579CF4835CDC577E026CDDB880F8E4A2FA5D08"
"character-animations","Crouch_Walk","Items/Dual_Handed/Crossbow_Heavy/Crouch_Walk","Common/Characters/Animations/Items/Dual_Handed/Crossbow_Heavy/Crouch_Walk.blockyanim","2594","A33B402408BB1E10440F5B3C7F3573B965A3870F96669BD839EAA9CAAFD71941"
"character-animations","Crouch_Walk_Backward","Items/Dual_Handed/Crossbow_Heavy/Crouch_Walk_Backward","Common/Characters/Animations/Items/Dual_Handed/Crossbow_Heavy/Crouch_Walk_Backward.blockyanim","2594","A33B402408BB1E10440F5B3C7F3573B965A3870F96669BD839EAA9CAAFD71941"
"character-animations","Crouch_Walk_Backward_FPS","Items/Dual_Handed/Crossbow_Heavy/Crouch_Walk_Backward_FPS","Common/Characters/Animations/Items/Dual_Handed/Crossbow_Heavy/Crouch_Walk_Backward_FPS.blockyanim","2947","506E88C14F8C6D1E74D1FBB2F11D635A1343B6DBE895B381F355496C4115B6B6"
"character-animations","Crouch_Walk_FPS","Items/Dual_Handed/Crossbow_Heavy/Crouch_Walk_FPS","Common/Characters/Animations/Items/Dual_Handed/Crossbow_Heavy/Crouch_Walk_FPS.blockyanim","2947","506E88C14F8C6D1E74D1FBB2F11D635A1343B6DBE895B381F355496C4115B6B6"
"character-animations","Fall","Items/Dual_Handed/Crossbow_Heavy/Fall","Common/Characters/Animations/Items/Dual_Handed/Crossbow_Heavy/Fall.blockyanim","2693","71FB1121A5E550365DBBC63636D7CF8FD9FEA46ADDC9EF3044B8CA2C2105D46C"
"character-animations","Fall_Far","Items/Dual_Handed/Crossbow_Heavy/Fall_Far","Common/Characters/Animations/Items/Dual_Handed/Crossbow_Heavy/Fall_Far.blockyanim","2693","71FB1121A5E550365DBBC63636D7CF8FD9FEA46ADDC9EF3044B8CA2C2105D46C"
"character-animations","Fall_Far_FPS","Items/Dual_Handed/Crossbow_Heavy/Fall_Far_FPS","Common/Characters/Animations/Items/Dual_Handed/Crossbow_Heavy/Fall_Far_FPS.blockyanim","3393","2EDD254C37F447315B1708C513586F5CA1E2E4E3961160BFC27BEDF9B104280A"
"character-animations","Fall_FPS","Items/Dual_Handed/Crossbow_Heavy/Fall_FPS","Common/Characters/Animations/Items/Dual_Handed/Crossbow_Heavy/Fall_FPS.blockyanim","3393","2EDD254C37F447315B1708C513586F5CA1E2E4E3961160BFC27BEDF9B104280A"
"character-animations","Fly","Items/Dual_Handed/Crossbow_Heavy/Fly/Fly","Common/Characters/Animations/Items/Dual_Handed/Crossbow_Heavy/Fly/Fly.blockyanim","4306","3DC6D882DBC463F6489D0357EA474C5BA5A489D5DDCF55E9B30C726F9F7B5073"
"character-animations","Fly_Backward","Items/Dual_Handed/Crossbow_Heavy/Fly/Fly_Backward","Common/Characters/Animations/Items/Dual_Handed/Crossbow_Heavy/Fly/Fly_Backward.blockyanim","4305","B7BA058057CC9083EC23EAAC1B342EEE770E5EBC04E70AE77A2598E372657155"
"character-animations","Fly_Backward_FPS","Items/Dual_Handed/Crossbow_Heavy/Fly/Fly_Backward_FPS","Common/Characters/Animations/Items/Dual_Handed/Crossbow_Heavy/Fly/Fly_Backward_FPS.blockyanim","2947","6FAC73B6EA9D24D02647197A89450B08256256ABCB1C7D9F207425D4C3820637"
"character-animations","Fly_Fast","Items/Dual_Handed/Crossbow_Heavy/Fly/Fly_Fast","Common/Characters/Animations/Items/Dual_Handed/Crossbow_Heavy/Fly/Fly_Fast.blockyanim","4304","ADF84430D2766B8E8B2A3D951A4B5EE5EB4D6C8867BD1C9E02B1B8FC07CD6C25"
"character-animations","Fly_Fast_FPS","Items/Dual_Handed/Crossbow_Heavy/Fly/Fly_Fast_FPS","Common/Characters/Animations/Items/Dual_Handed/Crossbow_Heavy/Fly/Fly_Fast_FPS.blockyanim","2947","81780B015C599D385322D75BE0A0CB32011BE8770E0743A37095B7B121EAD03B"
"character-animations","Fly_FPS","Items/Dual_Handed/Crossbow_Heavy/Fly/Fly_FPS","Common/Characters/Animations/Items/Dual_Handed/Crossbow_Heavy/Fly/Fly_FPS.blockyanim","2947","6FAC73B6EA9D24D02647197A89450B08256256ABCB1C7D9F207425D4C3820637"
"character-animations","Fly_Idle","Items/Dual_Handed/Crossbow_Heavy/Fly/Fly_Idle","Common/Characters/Animations/Items/Dual_Handed/Crossbow_Heavy/Fly/Fly_Idle.blockyanim","4290","774E612D9117DF42B821F0409CAF10E95CA51D3C29BD8616D12460079E60494D"
"character-animations","Fly_Idle_FPS","Items/Dual_Handed/Crossbow_Heavy/Fly/Fly_Idle_FPS","Common/Characters/Animations/Items/Dual_Handed/Crossbow_Heavy/Fly/Fly_Idle_FPS.blockyanim","2947","FD89CD6803BE2C151051AC06D8579CF4835CDC577E026CDDB880F8E4A2FA5D08"
"character-animations","Idle","Items/Dual_Handed/Crossbow_Heavy/Idle","Common/Characters/Animations/Items/Dual_Handed/Crossbow_Heavy/Idle.blockyanim","4290","774E612D9117DF42B821F0409CAF10E95CA51D3C29BD8616D12460079E60494D"
"character-animations","Idle_FPS","Items/Dual_Handed/Crossbow_Heavy/Idle_FPS","Common/Characters/Animations/Items/Dual_Handed/Crossbow_Heavy/Idle_FPS.blockyanim","2947","FD89CD6803BE2C151051AC06D8579CF4835CDC577E026CDDB880F8E4A2FA5D08"
"character-animations","Interact","Items/Dual_Handed/Crossbow_Heavy/Interact","Common/Characters/Animations/Items/Dual_Handed/Crossbow_Heavy/Interact.blockyanim","9351","6216E7FC43F3EA9C5487AE1A68D6CE186A778A7C0A2DFC049390ECF1B23CA6A5"
"character-animations","Interact_FPS","Items/Dual_Handed/Crossbow_Heavy/Interact_FPS","Common/Characters/Animations/Items/Dual_Handed/Crossbow_Heavy/Interact_FPS.blockyanim","4250","D4342AC6E825069D0CB9E5AB01A11B418265E5C35F63DE0B57949A4A29D72C79"
"character-animations","Jump","Items/Dual_Handed/Crossbow_Heavy/Jump","Common/Characters/Animations/Items/Dual_Handed/Crossbow_Heavy/Jump.blockyanim","3031","EF2BC58B80CE447418E192B8E66FFE8677FE80B7F39D8DB6A68F001FEE97C60C"
"character-animations","Jump_Far","Items/Dual_Handed/Crossbow_Heavy/Jump_Far","Common/Characters/Animations/Items/Dual_Handed/Crossbow_Heavy/Jump_Far.blockyanim","3467","D5062634E58A9B1479D76AA2620785547731C1C23E48E6AA2F0053619D661632"
"character-animations","Jump_Far_FPS","Items/Dual_Handed/Crossbow_Heavy/Jump_Far_FPS","Common/Characters/Animations/Items/Dual_Handed/Crossbow_Heavy/Jump_Far_FPS.blockyanim","4161","3621E3FA1C570388CEF3BDC19524679177B3B11E0F29CAC033B67D9718CF0EDE"
"character-animations","Jump_FPS","Items/Dual_Handed/Crossbow_Heavy/Jump_FPS","Common/Characters/Animations/Items/Dual_Handed/Crossbow_Heavy/Jump_FPS.blockyanim","3381","2CBCE64A330277C4760ABD222CD7929A137E9F4ABCC87D03A6FB3FBFC9423296"
"character-animations","Run","Items/Dual_Handed/Crossbow_Heavy/Run","Common/Characters/Animations/Items/Dual_Handed/Crossbow_Heavy/Run.blockyanim","2594","E4955B8B227E0A8FE77964FA7AA33DA07FCE2844AC196A7B3091527C0BE02F7B"
"character-animations","Run_Backward","Items/Dual_Handed/Crossbow_Heavy/Run_Backward","Common/Characters/Animations/Items/Dual_Handed/Crossbow_Heavy/Run_Backward.blockyanim","2594","E4955B8B227E0A8FE77964FA7AA33DA07FCE2844AC196A7B3091527C0BE02F7B"
"character-animations","Run_Backward_FPS","Items/Dual_Handed/Crossbow_Heavy/Run_Backward_FPS","Common/Characters/Animations/Items/Dual_Handed/Crossbow_Heavy/Run_Backward_FPS.blockyanim","3396","EE31D5C6427042FB7CE41F980DCBF36D425E50FE1362D9A33F4D2982A5D4B880"
"character-animations","Run_FPS","Items/Dual_Handed/Crossbow_Heavy/Run_FPS","Common/Characters/Animations/Items/Dual_Handed/Crossbow_Heavy/Run_FPS.blockyanim","3396","EE31D5C6427042FB7CE41F980DCBF36D425E50FE1362D9A33F4D2982A5D4B880"
"character-animations","Sprint","Items/Dual_Handed/Crossbow_Heavy/Sprint","Common/Characters/Animations/Items/Dual_Handed/Crossbow_Heavy/Sprint.blockyanim","2593","02D039E065536908975B0912789D31F59907D895859473DC13EFFF611591C4F1"
"character-animations","Sprint_FPS","Items/Dual_Handed/Crossbow_Heavy/Sprint_FPS","Common/Characters/Animations/Items/Dual_Handed/Crossbow_Heavy/Sprint_FPS.blockyanim","3389","44CCDFE80A146272A51B513B3FB29758D40DDF172A8A8F5C6BA982BC61247057"
"character-animations","Swim","Items/Dual_Handed/Crossbow_Heavy/Swim/Swim","Common/Characters/Animations/Items/Dual_Handed/Crossbow_Heavy/Swim/Swim.blockyanim","4437","4D83022A92B5A79FDE005B000B49D859B51F75AF3367DF091963B3859AAA3B33"
"character-animations","Swim_Backward","Items/Dual_Handed/Crossbow_Heavy/Swim/Swim_Backward","Common/Characters/Animations/Items/Dual_Handed/Crossbow_Heavy/Swim/Swim_Backward.blockyanim","4429","B6807779389B84C37187AA1B62C6435054005416BF7ECE4F66ACC344A0953391"
"character-animations","Swim_Backward_FPS","Items/Dual_Handed/Crossbow_Heavy/Swim/Swim_Backward_FPS","Common/Characters/Animations/Items/Dual_Handed/Crossbow_Heavy/Swim/Swim_Backward_FPS.blockyanim","4875","A86BFCF9A470162FE83AB81E67A9E1FF392FC1725664436E80E9A271D10A5904"
"character-animations","Swim_Dive","Items/Dual_Handed/Crossbow_Heavy/Swim/Swim_Dive","Common/Characters/Animations/Items/Dual_Handed/Crossbow_Heavy/Swim/Swim_Dive.blockyanim","4437","4D83022A92B5A79FDE005B000B49D859B51F75AF3367DF091963B3859AAA3B33"
"character-animations","Swim_Dive_Backward","Items/Dual_Handed/Crossbow_Heavy/Swim/Swim_Dive_Backward","Common/Characters/Animations/Items/Dual_Handed/Crossbow_Heavy/Swim/Swim_Dive_Backward.blockyanim","4429","B6807779389B84C37187AA1B62C6435054005416BF7ECE4F66ACC344A0953391"
"character-animations","Swim_Dive_Backward_FPS","Items/Dual_Handed/Crossbow_Heavy/Swim/Swim_Dive_Backward_FPS","Common/Characters/Animations/Items/Dual_Handed/Crossbow_Heavy/Swim/Swim_Dive_Backward_FPS.blockyanim","4875","A86BFCF9A470162FE83AB81E67A9E1FF392FC1725664436E80E9A271D10A5904"
"character-animations","Swim_Dive_Fast","Items/Dual_Handed/Crossbow_Heavy/Swim/Swim_Dive_Fast","Common/Characters/Animations/Items/Dual_Handed/Crossbow_Heavy/Swim/Swim_Dive_Fast.blockyanim","3028","F23DAD00A65F08904F9101CC3941534A8E9F9E990CDD7130396BE6CFED25D8E9"
"character-animations","Swim_Dive_Fast_FPS","Items/Dual_Handed/Crossbow_Heavy/Swim/Swim_Dive_Fast_FPS","Common/Characters/Animations/Items/Dual_Handed/Crossbow_Heavy/Swim/Swim_Dive_Fast_FPS.blockyanim","4875","56596D67960006056FC7758D46A5DA5D1C5FBDA68D0D6412560C0B49FCBDD864"
"character-animations","Swim_Dive_FPS","Items/Dual_Handed/Crossbow_Heavy/Swim/Swim_Dive_FPS","Common/Characters/Animations/Items/Dual_Handed/Crossbow_Heavy/Swim/Swim_Dive_FPS.blockyanim","4883","E5F38F2E10A036C6E37931DAE0E771F157C3EC01EC9FBDD6E179DFDC4C578572"
"character-animations","Swim_Fast","Items/Dual_Handed/Crossbow_Heavy/Swim/Swim_Fast","Common/Characters/Animations/Items/Dual_Handed/Crossbow_Heavy/Swim/Swim_Fast.blockyanim","6531","ECC23F86C095B09EEEFEC64851D2839DE359E0B56EC6E2DD172A168D5C3F0C8A"
"character-animations","Swim_Fast_FPS","Items/Dual_Handed/Crossbow_Heavy/Swim/Swim_Fast_FPS","Common/Characters/Animations/Items/Dual_Handed/Crossbow_Heavy/Swim/Swim_Fast_FPS.blockyanim","4875","56596D67960006056FC7758D46A5DA5D1C5FBDA68D0D6412560C0B49FCBDD864"
"character-animations","Swim_Float","Items/Dual_Handed/Crossbow_Heavy/Swim/Swim_Float","Common/Characters/Animations/Items/Dual_Handed/Crossbow_Heavy/Swim/Swim_Float.blockyanim","4431","DA1D60CE3BB3911042F74B20A6F6D24A55FB4BF79C63583AD3351F5CB38E81A9"
"character-animations","Swim_Float_FPS","Items/Dual_Handed/Crossbow_Heavy/Swim/Swim_Float_FPS","Common/Characters/Animations/Items/Dual_Handed/Crossbow_Heavy/Swim/Swim_Float_FPS.blockyanim","4875","B512465B9A532BCF7846F02A4392FC573BB894148D2EE6DF09FEA3B5DFFB27A4"
"character-animations","Swim_FPS","Items/Dual_Handed/Crossbow_Heavy/Swim/Swim_FPS","Common/Characters/Animations/Items/Dual_Handed/Crossbow_Heavy/Swim/Swim_FPS.blockyanim","4883","E5F38F2E10A036C6E37931DAE0E771F157C3EC01EC9FBDD6E179DFDC4C578572"
"character-animations","Swim_Idle","Items/Dual_Handed/Crossbow_Heavy/Swim/Swim_Idle","Common/Characters/Animations/Items/Dual_Handed/Crossbow_Heavy/Swim/Swim_Idle.blockyanim","3030","09B5C699C7028FE1FDE69C40E57E7DDD2C7764E9214D78EA28AFFF15F874BD04"
"character-animations","Swim_Idle_FPS","Items/Dual_Handed/Crossbow_Heavy/Swim/Swim_Idle_FPS","Common/Characters/Animations/Items/Dual_Handed/Crossbow_Heavy/Swim/Swim_Idle_FPS.blockyanim","2947","FD89CD6803BE2C151051AC06D8579CF4835CDC577E026CDDB880F8E4A2FA5D08"
"character-animations","Swim_Jump","Items/Dual_Handed/Crossbow_Heavy/Swim/Swim_Jump","Common/Characters/Animations/Items/Dual_Handed/Crossbow_Heavy/Swim/Swim_Jump.blockyanim","3032","AA2503D62B3E485DFCCB26D4EF131E5835E9875274B5B9E6DBB01CA553C84FAD"
"character-animations","Swim_Jump_FPS","Items/Dual_Handed/Crossbow_Heavy/Swim/Swim_Jump_FPS","Common/Characters/Animations/Items/Dual_Handed/Crossbow_Heavy/Swim/Swim_Jump_FPS.blockyanim","3381","8460707CA116EF3F5850AB2BE442920FA99BFA597D1784319715FEA6054F9330"
"character-animations","Swim_Sink","Items/Dual_Handed/Crossbow_Heavy/Swim/Swim_Sink","Common/Characters/Animations/Items/Dual_Handed/Crossbow_Heavy/Swim/Swim_Sink.blockyanim","3028","C96FF7C88DBCAE56166650A3DD5EC5F2894557DE387B7603464A6E0C5C5AA8C6"
"character-animations","Swim_Sink_FPS","Items/Dual_Handed/Crossbow_Heavy/Swim/Swim_Sink_FPS","Common/Characters/Animations/Items/Dual_Handed/Crossbow_Heavy/Swim/Swim_Sink_FPS.blockyanim","2947","FD89CD6803BE2C151051AC06D8579CF4835CDC577E026CDDB880F8E4A2FA5D08"
"character-animations","Walk","Items/Dual_Handed/Crossbow_Heavy/Walk","Common/Characters/Animations/Items/Dual_Handed/Crossbow_Heavy/Walk.blockyanim","2594","FAFD17D9DCAFF3ED6B557F444648FF2025C8776033C14360C82E13B326828A6A"
"character-animations","Walk_Backward","Items/Dual_Handed/Crossbow_Heavy/Walk_Backward","Common/Characters/Animations/Items/Dual_Handed/Crossbow_Heavy/Walk_Backward.blockyanim","2594","FAFD17D9DCAFF3ED6B557F444648FF2025C8776033C14360C82E13B326828A6A"
"character-animations","Walk_Backward_FPS","Items/Dual_Handed/Crossbow_Heavy/Walk_Backward_FPS","Common/Characters/Animations/Items/Dual_Handed/Crossbow_Heavy/Walk_Backward_FPS.blockyanim","2949","80E35CDD6B90E490EBBE8387ED26B3603AF18807F550F420A52F66BBCBF2C376"
"character-animations","Walk_FPS","Items/Dual_Handed/Crossbow_Heavy/Walk_FPS","Common/Characters/Animations/Items/Dual_Handed/Crossbow_Heavy/Walk_FPS.blockyanim","2947","FD89CD6803BE2C151051AC06D8579CF4835CDC577E026CDDB880F8E4A2FA5D08"
"character-animations","Guard","Items/Dual_Handed/Daggers_Claw/Attacks/Guard/Guard","Common/Characters/Animations/Items/Dual_Handed/Daggers_Claw/Attacks/Guard/Guard.blockyanim","3677","C9413502AF09DA3F183363463E9E82EADCB356373944D3BEF993890179812F7A"
"character-animations","Guard_FPS","Items/Dual_Handed/Daggers_Claw/Attacks/Guard/Guard_FPS","Common/Characters/Animations/Items/Dual_Handed/Daggers_Claw/Attacks/Guard/Guard_FPS.blockyanim","2599","F5B676C1FB287E6651191389CB483D6A3853201A012066C6241FDA80CDA887B9"
"character-animations","Swing_Left_Right","Items/Dual_Handed/Daggers_Claw/Attacks/Swing_Left_Right/Swing_Left_Right","Common/Characters/Animations/Items/Dual_Handed/Daggers_Claw/Attacks/Swing_Left_Right/Swing_Left_Right.blockyanim","28997","1451D50FDBDA4F309DC51DD3258F5FC342681C1521BC27480C91443B283E8EB2"
"character-animations","Swing_Left_Right_FPS","Items/Dual_Handed/Daggers_Claw/Attacks/Swing_Left_Right/Swing_Left_Right_FPS","Common/Characters/Animations/Items/Dual_Handed/Daggers_Claw/Attacks/Swing_Left_Right/Swing_Left_Right_FPS.blockyanim","10703","61451EFAD09DBBDB50A707F14DEDAA0CA8C4D7BF71AD02C51953C54D9B251EC2"
"character-animations","Swing_Left_Right_Moving","Items/Dual_Handed/Daggers_Claw/Attacks/Swing_Left_Right/Swing_Left_Right_Moving","Common/Characters/Animations/Items/Dual_Handed/Daggers_Claw/Attacks/Swing_Left_Right/Swing_Left_Right_Moving.blockyanim","17420","790BC7BF206864FA91DA3E8D3A6AF7484AD99B6290078162E39967689189E3CA"
"character-animations","Swing_Right_Left","Items/Dual_Handed/Daggers_Claw/Attacks/Swing_Right_Left/Swing_Right_Left","Common/Characters/Animations/Items/Dual_Handed/Daggers_Claw/Attacks/Swing_Right_Left/Swing_Right_Left.blockyanim","28333","839CFB6D2A5EA10FF07B1FF9A20BFF0A95B892B43B75BCA4ACAF6860E15864B7"
"character-animations","Swing_Right_Left_FPS","Items/Dual_Handed/Daggers_Claw/Attacks/Swing_Right_Left/Swing_Right_Left_FPS","Common/Characters/Animations/Items/Dual_Handed/Daggers_Claw/Attacks/Swing_Right_Left/Swing_Right_Left_FPS.blockyanim","10698","6C5142869F6C8BDB4BC69B9BFB4BC09EA4B0D7A8EDC3C08A3E7B815B7050BA75"
"character-animations","Swing_Right_Left_Moving","Items/Dual_Handed/Daggers_Claw/Attacks/Swing_Right_Left/Swing_Right_Left_Moving","Common/Characters/Animations/Items/Dual_Handed/Daggers_Claw/Attacks/Swing_Right_Left/Swing_Right_Left_Moving.blockyanim","17414","AD4881E439B6B61D11395DA47D6A846F8143694148F7A67099D85B882EA0AE17"
"character-animations","Guard","Items/Dual_Handed/Daggers_Push/Attacks/Guard/Guard","Common/Characters/Animations/Items/Dual_Handed/Daggers_Push/Attacks/Guard/Guard.blockyanim","3679","AD7BFFA61847B0679A689B7D33B6F8BE3236959C20FC06042925F5E167617EA6"
"character-animations","Guard_FPS","Items/Dual_Handed/Daggers_Push/Attacks/Guard/Guard_FPS","Common/Characters/Animations/Items/Dual_Handed/Daggers_Push/Attacks/Guard/Guard_FPS.blockyanim","2598","6CBB3D3A6FCDCDD5B1008F9EA51A08DF715883EDDC027DD785061292E52CD8AF"
"character-animations","Lunge_Double_Charged","Items/Dual_Handed/Daggers_Push/Attacks/Lunge_Double_Charged/Lunge_Double_Charged","Common/Characters/Animations/Items/Dual_Handed/Daggers_Push/Attacks/Lunge_Double_Charged/Lunge_Double_Charged.blockyanim","15323","99FFD6D6D7667219C43F0E79EFB600D3FEE81D8B1D970F783539E13A6DEDBA9E"
"character-animations","Lunge_Double_Charged_FPS","Items/Dual_Handed/Daggers_Push/Attacks/Lunge_Double_Charged/Lunge_Double_Charged_FPS","Common/Characters/Animations/Items/Dual_Handed/Daggers_Push/Attacks/Lunge_Double_Charged/Lunge_Double_Charged_FPS.blockyanim","5841","D872EF945510E4D5E7393D34F056CF4334B66986AF6FC509B500663592D91B32"
"character-animations","Lunge_Double_Charged_Moving","Items/Dual_Handed/Daggers_Push/Attacks/Lunge_Double_Charged/Lunge_Double_Charged_Moving","Common/Characters/Animations/Items/Dual_Handed/Daggers_Push/Attacks/Lunge_Double_Charged/Lunge_Double_Charged_Moving.blockyanim","9354","A64895C0EACF2B9D08C05E4FE06D43191F7615A0174556E708254E66435FDC3B"
"character-animations","Lunge_Double_Charging","Items/Dual_Handed/Daggers_Push/Attacks/Lunge_Double_Charged/Lunge_Double_Charging","Common/Characters/Animations/Items/Dual_Handed/Daggers_Push/Attacks/Lunge_Double_Charged/Lunge_Double_Charging.blockyanim","12440","10ECB7781906014B316EA0E090E5029E118340E9A1BF4B4F702BE0A2442DD150"
"character-animations","Lunge_Double_Charging_FPS","Items/Dual_Handed/Daggers_Push/Attacks/Lunge_Double_Charged/Lunge_Double_Charging_FPS","Common/Characters/Animations/Items/Dual_Handed/Daggers_Push/Attacks/Lunge_Double_Charged/Lunge_Double_Charging_FPS.blockyanim","4226","122D7B0ABC45AFE1DCECD6EFC35D89EA9E66D85F685F6F70E9D118E466168BCF"
"character-animations","Lunge_Double_Charging_Moving","Items/Dual_Handed/Daggers_Push/Attacks/Lunge_Double_Charged/Lunge_Double_Charging_Moving","Common/Characters/Animations/Items/Dual_Handed/Daggers_Push/Attacks/Lunge_Double_Charged/Lunge_Double_Charging_Moving.blockyanim","5871","65F4AEECC4D03F3CE4BB9DD8A2DCEF1F70A603B94B6EEC2D9F114660E8E0A35A"
"character-animations","Lunge_Double","Items/Dual_Handed/Daggers_Push/Attacks/Lunge_Double/Lunge_Double","Common/Characters/Animations/Items/Dual_Handed/Daggers_Push/Attacks/Lunge_Double/Lunge_Double.blockyanim","19777","3C1E34E8484C1FEBA544465AA8801019081536043113837F4652E130EA5436B0"
"character-animations","Lunge_Double_FPS","Items/Dual_Handed/Daggers_Push/Attacks/Lunge_Double/Lunge_Double_FPS","Common/Characters/Animations/Items/Dual_Handed/Daggers_Push/Attacks/Lunge_Double/Lunge_Double_FPS.blockyanim","7487","1B9BDF96E5725AD76AB17D0A75D7FCF350996DB1518011E881EAC4AB77D248E4"
"character-animations","Lunge_Double_Moving","Items/Dual_Handed/Daggers_Push/Attacks/Lunge_Double/Lunge_Double_Moving","Common/Characters/Animations/Items/Dual_Handed/Daggers_Push/Attacks/Lunge_Double/Lunge_Double_Moving.blockyanim","11823","11C11E11726D8A1847D65E738EBF112BB49B9BB20364B563124E251A011D4DA7"
"character-animations","Stab_Double_Charged","Items/Dual_Handed/Daggers_Push/Attacks/Stab_Double_Charged/Stab_Double_Charged","Common/Characters/Animations/Items/Dual_Handed/Daggers_Push/Attacks/Stab_Double_Charged/Stab_Double_Charged.blockyanim","15292","2BC2847A99D571B80B5ED8E7413585CB7C2FF0EE7D3DF078A3DE071C9183BC09"
"character-animations","Stab_Double_Charged_FPS","Items/Dual_Handed/Daggers_Push/Attacks/Stab_Double_Charged/Stab_Double_Charged_FPS","Common/Characters/Animations/Items/Dual_Handed/Daggers_Push/Attacks/Stab_Double_Charged/Stab_Double_Charged_FPS.blockyanim","5843","2EB810FA846F29B2345CDF8DCCBAF374450F0E6AE9A88BB111932B774374CB80"
"character-animations","Stab_Double_Charged_Moving","Items/Dual_Handed/Daggers_Push/Attacks/Stab_Double_Charged/Stab_Double_Charged_Moving","Common/Characters/Animations/Items/Dual_Handed/Daggers_Push/Attacks/Stab_Double_Charged/Stab_Double_Charged_Moving.blockyanim","9323","D5EA1B6C43DCF9645D538827D93C6FA7ABD3FD9E8A0FE6F540DA41C20908C558"
"character-animations","Stab_Double_Charging","Items/Dual_Handed/Daggers_Push/Attacks/Stab_Double_Charged/Stab_Double_Charging","Common/Characters/Animations/Items/Dual_Handed/Daggers_Push/Attacks/Stab_Double_Charged/Stab_Double_Charging.blockyanim","11321","DF97D14455DE7809382780E384DB7B78DA6A45393E61F42F424E3C7BA3ACC85D"
"character-animations","Stab_Double_Charging_FPS","Items/Dual_Handed/Daggers_Push/Attacks/Stab_Double_Charged/Stab_Double_Charging_FPS","Common/Characters/Animations/Items/Dual_Handed/Daggers_Push/Attacks/Stab_Double_Charged/Stab_Double_Charging_FPS.blockyanim","4201","71F38A70BFCE61205CC5E4A1658B1217B470BCDCECAAC589599C36DB6B7FA988"
"character-animations","Stab_Double_Charging_Moving","Items/Dual_Handed/Daggers_Push/Attacks/Stab_Double_Charged/Stab_Double_Charging_Moving","Common/Characters/Animations/Items/Dual_Handed/Daggers_Push/Attacks/Stab_Double_Charged/Stab_Double_Charging_Moving.blockyanim","5395","D555BD562494513E30837233D090D00DA9C6E2446C9F69C70F21F1A19F54F4AB"
"character-animations","Stab_Double","Items/Dual_Handed/Daggers_Push/Attacks/Stab_Double/Stab_Double","Common/Characters/Animations/Items/Dual_Handed/Daggers_Push/Attacks/Stab_Double/Stab_Double.blockyanim","19748","BB1A9FB0586767B5040A60E791FEA8CDE5CCBDBE1DFF8B659BC7D1C33EC7C409"
"character-animations","Stab_Double_FPS","Items/Dual_Handed/Daggers_Push/Attacks/Stab_Double/Stab_Double_FPS","Common/Characters/Animations/Items/Dual_Handed/Daggers_Push/Attacks/Stab_Double/Stab_Double_FPS.blockyanim","7505","58D8775F4201068FD23304C19A44786C4F35E4359706CF4E44A8680DE253245C"
"character-animations","Stab_Double_Moving","Items/Dual_Handed/Daggers_Push/Attacks/Stab_Double/Stab_Double_Moving","Common/Characters/Animations/Items/Dual_Handed/Daggers_Push/Attacks/Stab_Double/Stab_Double_Moving.blockyanim","11794","D4964F95121F821FC6F7D7A1D79E275609239D21A3086A9BF854BF3D04128BFF"
"character-animations","Swing_Down_Left_Right","Items/Dual_Handed/Daggers_Push/Attacks/Swing_Down_Left_Right/Swing_Down_Left_Right","Common/Characters/Animations/Items/Dual_Handed/Daggers_Push/Attacks/Swing_Down_Left_Right/Swing_Down_Left_Right.blockyanim","29093","5C33C7D3E14746EA25AEBB5BB11F34336CBA441CAFAEDC8C95E4BD3634A04198"
"character-animations","Swing_Down_Left_Right_FPS","Items/Dual_Handed/Daggers_Push/Attacks/Swing_Down_Left_Right/Swing_Down_Left_Right_FPS","Common/Characters/Animations/Items/Dual_Handed/Daggers_Push/Attacks/Swing_Down_Left_Right/Swing_Down_Left_Right_FPS.blockyanim","10685","9776B230F5FBBA01352155780A50638E42FF65F2C95F21B192358459F16297A7"
"character-animations","Swing_Down_Left_Right_Moving","Items/Dual_Handed/Daggers_Push/Attacks/Swing_Down_Left_Right/Swing_Down_Left_Right_Moving","Common/Characters/Animations/Items/Dual_Handed/Daggers_Push/Attacks/Swing_Down_Left_Right/Swing_Down_Left_Right_Moving.blockyanim","17516","8986B12627FA30800E7413F265CA35107557F65B1775EEE879D94540B206BFA8"
"character-animations","Swing_Down_Right_Left","Items/Dual_Handed/Daggers_Push/Attacks/Swing_Down_Right_Left/Swing_Down_Right_Left","Common/Characters/Animations/Items/Dual_Handed/Daggers_Push/Attacks/Swing_Down_Right_Left/Swing_Down_Right_Left.blockyanim","28427","ABD4A09A95DDAE61D3F0FE6F8243845A3ED6CFF72DF38FF9843E689DE7BE6BF4"
"character-animations","Swing_Down_Right_Left_FPS","Items/Dual_Handed/Daggers_Push/Attacks/Swing_Down_Right_Left/Swing_Down_Right_Left_FPS","Common/Characters/Animations/Items/Dual_Handed/Daggers_Push/Attacks/Swing_Down_Right_Left/Swing_Down_Right_Left_FPS.blockyanim","10683","17208CBBD291189A15203817D4B3C7D256C29283AF4E8A279F6796AFAC0B2D20"
"character-animations","Swing_Down_Right_Left_Moving","Items/Dual_Handed/Daggers_Push/Attacks/Swing_Down_Right_Left/Swing_Down_Right_Left_Moving","Common/Characters/Animations/Items/Dual_Handed/Daggers_Push/Attacks/Swing_Down_Right_Left/Swing_Down_Right_Left_Moving.blockyanim","17508","51BB7254AF3D88B111AC71F351A54963E0B9EB74D64232A101E5066F645781B2"
"character-animations","Swing_Left_Right","Items/Dual_Handed/Daggers_Push/Attacks/Swing_Left_Right/Swing_Left_Right","Common/Characters/Animations/Items/Dual_Handed/Daggers_Push/Attacks/Swing_Left_Right/Swing_Left_Right.blockyanim","28637","5BFF116748D0B831F46B48606FF8F465D64BA3B320648F532EFD62307FD1C590"
"character-animations","Swing_Left_Right_FPS","Items/Dual_Handed/Daggers_Push/Attacks/Swing_Left_Right/Swing_Left_Right_FPS","Common/Characters/Animations/Items/Dual_Handed/Daggers_Push/Attacks/Swing_Left_Right/Swing_Left_Right_FPS.blockyanim","10788","5D853557F3E24C3C6B0CA4EDB13AB9C837FD67D420E6AF673838F188BEC141C9"
"character-animations","Swing_Left_Right_Moving","Items/Dual_Handed/Daggers_Push/Attacks/Swing_Left_Right/Swing_Left_Right_Moving","Common/Characters/Animations/Items/Dual_Handed/Daggers_Push/Attacks/Swing_Left_Right/Swing_Left_Right_Moving.blockyanim","17060","3A493887D1BC2E2A42E11CC4745CA4158271F9A6FE5CD93E40D2A4ECB79F2B50"
"character-animations","Swing_Right_Left","Items/Dual_Handed/Daggers_Push/Attacks/Swing_Right_Left/Swing_Right_Left","Common/Characters/Animations/Items/Dual_Handed/Daggers_Push/Attacks/Swing_Right_Left/Swing_Right_Left.blockyanim","27969","AA5F8C997615E34DCD698E929C747D135C2280F0B78CC32B7664247B238A5B9F"
"character-animations","Swing_Right_Left_FPS","Items/Dual_Handed/Daggers_Push/Attacks/Swing_Right_Left/Swing_Right_Left_FPS","Common/Characters/Animations/Items/Dual_Handed/Daggers_Push/Attacks/Swing_Right_Left/Swing_Right_Left_FPS.blockyanim","10778","2A1ACC45CE34D71EECDCCC8EA4F07D891D5A317AEFA52593D730E183BD37697B"
"character-animations","Swing_Right_Left_Moving","Items/Dual_Handed/Daggers_Push/Attacks/Swing_Right_Left/Swing_Right_Left_Moving","Common/Characters/Animations/Items/Dual_Handed/Daggers_Push/Attacks/Swing_Right_Left/Swing_Right_Left_Moving.blockyanim","17050","7B1654A1FCEBE79579DF4E6CC35A1A8907C543E0D2CDCA6B080D09D53B73A810"
"character-animations","Climb_Down","Items/Dual_Handed/Daggers_Push/Climb/Climb_Down","Common/Characters/Animations/Items/Dual_Handed/Daggers_Push/Climb/Climb_Down.blockyanim","5619","05A2A892F27750E59D4A261120FF31D9069808D2B85A7B75CE73009F4C8E195E"
"character-animations","Climb_Down_FPS","Items/Dual_Handed/Daggers_Push/Climb/Climb_Down_FPS","Common/Characters/Animations/Items/Dual_Handed/Daggers_Push/Climb/Climb_Down_FPS.blockyanim","3777","0A70647F89FBB09BB81D191813623980D67E1BB30F68247DF7B48E37D9E97DE9"
"character-animations","Climb_Idle","Items/Dual_Handed/Daggers_Push/Climb/Climb_Idle","Common/Characters/Animations/Items/Dual_Handed/Daggers_Push/Climb/Climb_Idle.blockyanim","3529","1B15B11530C47DB5F1B784029B1D854222063734206A102CB6A0733B544A8B4F"
"character-animations","Climb_Idle_FPS","Items/Dual_Handed/Daggers_Push/Climb/Climb_Idle_FPS","Common/Characters/Animations/Items/Dual_Handed/Daggers_Push/Climb/Climb_Idle_FPS.blockyanim","2621","84350E7788CB41CDA96AD284337116E3B2DF453A97B05A370A59B1699157F08C"
"character-animations","Climb_Left","Items/Dual_Handed/Daggers_Push/Climb/Climb_Left","Common/Characters/Animations/Items/Dual_Handed/Daggers_Push/Climb/Climb_Left.blockyanim","6083","BDE1B9519F6F1E4089DC4AC55B6109B4842561692673C34C77515601DC2880C1"
"character-animations","Climb_Left_FPS","Items/Dual_Handed/Daggers_Push/Climb/Climb_Left_FPS","Common/Characters/Animations/Items/Dual_Handed/Daggers_Push/Climb/Climb_Left_FPS.blockyanim","5044","A2B88CE93D1CAAFD6468D3A65DE7AAF542F33B9E7A3B3757A1BE54C24E6808EE"
"character-animations","Climb_Right","Items/Dual_Handed/Daggers_Push/Climb/Climb_Right","Common/Characters/Animations/Items/Dual_Handed/Daggers_Push/Climb/Climb_Right.blockyanim","6083","9ECB3A85BCA3E1664C46C091285A4BED380E16B24CB2F713CA39F38880202AFB"
"character-animations","Climb_Right_FPS","Items/Dual_Handed/Daggers_Push/Climb/Climb_Right_FPS","Common/Characters/Animations/Items/Dual_Handed/Daggers_Push/Climb/Climb_Right_FPS.blockyanim","5046","C41BA133BEBD56443376720FBCD24A872DF9630EC38F8F7CEEA726E509356272"
"character-animations","Climb_Up","Items/Dual_Handed/Daggers_Push/Climb/Climb_Up","Common/Characters/Animations/Items/Dual_Handed/Daggers_Push/Climb/Climb_Up.blockyanim","5619","541B5658D0CEC273EDDB3177D1532A8EB583E03A9E2B2C2D873BD78C61009BB5"
"character-animations","Climb_Up_FPS","Items/Dual_Handed/Daggers_Push/Climb/Climb_Up_FPS","Common/Characters/Animations/Items/Dual_Handed/Daggers_Push/Climb/Climb_Up_FPS.blockyanim","3777","73518F541E392B02ABD1ED04DE84AFA729335C168BD515A264B6468D0E171E61"
"character-animations","Crouch","Items/Dual_Handed/Daggers_Push/Crouch","Common/Characters/Animations/Items/Dual_Handed/Daggers_Push/Crouch.blockyanim","4801","0A68548B40CF85E89DD395F1ABE6B19CAA32840F2EE1C146EDA00C258B4D6B2F"
"character-animations","Crouch_FPS","Items/Dual_Handed/Daggers_Push/Crouch_FPS","Common/Characters/Animations/Items/Dual_Handed/Daggers_Push/Crouch_FPS.blockyanim","3898","696F52DB57EDA1FAAF37B9ABF666D824B99C8AE30C933714F952171F9DC1F9FE"
"character-animations","Crouch_Walk","Items/Dual_Handed/Daggers_Push/Crouch_Walk","Common/Characters/Animations/Items/Dual_Handed/Daggers_Push/Crouch_Walk.blockyanim","3477","E7C74AA00B1CA085A660D9DF8BEB273BAA09A4A81F455A6C8BBA7E9A60BB0654"
"character-animations","Crouch_Walk_Backward","Items/Dual_Handed/Daggers_Push/Crouch_Walk_Backward","Common/Characters/Animations/Items/Dual_Handed/Daggers_Push/Crouch_Walk_Backward.blockyanim","3477","AA7B2152869C99DD8FCD9E7E9D29D3545E7C996FE20CE7E130FB53356F679DE9"
"character-animations","Crouch_Walk_Backward_FPS","Items/Dual_Handed/Daggers_Push/Crouch_Walk_Backward_FPS","Common/Characters/Animations/Items/Dual_Handed/Daggers_Push/Crouch_Walk_Backward_FPS.blockyanim","4251","38EC3182B34D3413E70A22E577B9FA747902DF27007911CE76E2E3F694370EAA"
"character-animations","Crouch_Walk_FPS","Items/Dual_Handed/Daggers_Push/Crouch_Walk_FPS","Common/Characters/Animations/Items/Dual_Handed/Daggers_Push/Crouch_Walk_FPS.blockyanim","4233","DF5273D5F3FC0E51C666DE55D78527B51E1CAE5F9CB8469986DD845CB8871A04"
"character-animations","Fall","Items/Dual_Handed/Daggers_Push/Fall","Common/Characters/Animations/Items/Dual_Handed/Daggers_Push/Fall.blockyanim","767","B80F6ECB9CC09BE42F24DF920CCB76CEA3D1783AE8C85A4509E20F941FA723EC"
"character-animations","Fall_Far","Items/Dual_Handed/Daggers_Push/Fall_Far","Common/Characters/Animations/Items/Dual_Handed/Daggers_Push/Fall_Far.blockyanim","3533","2AB250620597A6C254C639A6AE71244E101972D988E77B4E67977D36EE072EB0"
"character-animations","Fly","Items/Dual_Handed/Daggers_Push/Fly/Fly","Common/Characters/Animations/Items/Dual_Handed/Daggers_Push/Fly/Fly.blockyanim","4796","4DD0FFE959FDC069C7150551CEE6EE0FFC3D30ED0E36328836644164DFCF4A4D"
"character-animations","Fly_Backward","Items/Dual_Handed/Daggers_Push/Fly/Fly_Backward","Common/Characters/Animations/Items/Dual_Handed/Daggers_Push/Fly/Fly_Backward.blockyanim","4812","78C9F5BA83D6ED18FDCC73BA25A30FEE61F7A66546F45249AC4D33BB9ED71268"
"character-animations","Fly_Backward_FPS","Items/Dual_Handed/Daggers_Push/Fly/Fly_Backward_FPS","Common/Characters/Animations/Items/Dual_Handed/Daggers_Push/Fly/Fly_Backward_FPS.blockyanim","3875","6D0BC4F78B28F3ED8C561F968437441FF403A5F8122D1E4859CC783856D8732B"
"character-animations","Fly_Fast","Items/Dual_Handed/Daggers_Push/Fly/Fly_Fast","Common/Characters/Animations/Items/Dual_Handed/Daggers_Push/Fly/Fly_Fast.blockyanim","4808","E3DB07D7CA8939DE1804871356BDE31ED5AC941E67541FF734E7B42DDE792A9F"
"character-animations","Fly_Fast_FPS","Items/Dual_Handed/Daggers_Push/Fly/Fly_Fast_FPS","Common/Characters/Animations/Items/Dual_Handed/Daggers_Push/Fly/Fly_Fast_FPS.blockyanim","3898","5F81373B95F5526001BFD4869B964C42DA6DDB7BD271D0DA3ECD8297ECF0DCEC"
"character-animations","Fly_FPS","Items/Dual_Handed/Daggers_Push/Fly/Fly_FPS","Common/Characters/Animations/Items/Dual_Handed/Daggers_Push/Fly/Fly_FPS.blockyanim","3897","F8ED49F20303E51729B92B1076DC158C2B53538A78CEEE5E8F9102CF198EA888"
"character-animations","Fly_Idle","Items/Dual_Handed/Daggers_Push/Fly/Fly_Idle","Common/Characters/Animations/Items/Dual_Handed/Daggers_Push/Fly/Fly_Idle.blockyanim","4795","E94F2FD40473322CAA39B3062DDC3D40353468C6129E9B0820CDAF83BC469605"
"character-animations","Fly_Idle_FPS","Items/Dual_Handed/Daggers_Push/Fly/Fly_Idle_FPS","Common/Characters/Animations/Items/Dual_Handed/Daggers_Push/Fly/Fly_Idle_FPS.blockyanim","3898","696F52DB57EDA1FAAF37B9ABF666D824B99C8AE30C933714F952171F9DC1F9FE"
"character-animations","Idle","Items/Dual_Handed/Daggers_Push/Idle","Common/Characters/Animations/Items/Dual_Handed/Daggers_Push/Idle.blockyanim","13616","1701EFA907BDCABBB7054B98B0AEC0F46A3CCADC022C94D64114D805E5DAB5FA"
"character-animations","Idle_FPS","Items/Dual_Handed/Daggers_Push/Idle_FPS","Common/Characters/Animations/Items/Dual_Handed/Daggers_Push/Idle_FPS.blockyanim","3898","696F52DB57EDA1FAAF37B9ABF666D824B99C8AE30C933714F952171F9DC1F9FE"
"character-animations","Interact","Items/Dual_Handed/Daggers_Push/Interact","Common/Characters/Animations/Items/Dual_Handed/Daggers_Push/Interact.blockyanim","9008","A630D39CC938AA587410B6A3BE2467DE475E5D780A4C70988C413F94C11E73DD"
"character-animations","Interact_FPS","Items/Dual_Handed/Daggers_Push/Interact_FPS","Common/Characters/Animations/Items/Dual_Handed/Daggers_Push/Interact_FPS.blockyanim","4665","C6051428B75AF2E0DE85641981FD3C5D61400FB95E95B782D538EDC20A607544"
"character-animations","Jump","Items/Dual_Handed/Daggers_Push/Jump","Common/Characters/Animations/Items/Dual_Handed/Daggers_Push/Jump.blockyanim","3067","8CE777161BAE9B2A9E4FF925C9240BD4B5BC2CA4FF433E1A0C25D10500540368"
"character-animations","Jump_Far","Items/Dual_Handed/Daggers_Push/Jump_Far","Common/Characters/Animations/Items/Dual_Handed/Daggers_Push/Jump_Far.blockyanim","1473","E1732CE0E8A688792C08A4FADE4F865806F08A92122A2EA0F70EA2F197970835"
"character-animations","Run","Items/Dual_Handed/Daggers_Push/Run","Common/Characters/Animations/Items/Dual_Handed/Daggers_Push/Run.blockyanim","20600","E584E73BF5764E1235A0BD4861541B61D9740062841C1CC1A122779EA8135ADA"
"character-animations","Run_FPS","Items/Dual_Handed/Daggers_Push/Run_FPS","Common/Characters/Animations/Items/Dual_Handed/Daggers_Push/Run_FPS.blockyanim","4235","C07D1ACDDC08C98DFDFBA94FA6B8D2595EC49484566F690984407EEB08E4A9B4"
"character-animations","Sprint","Items/Dual_Handed/Daggers_Push/Sprint","Common/Characters/Animations/Items/Dual_Handed/Daggers_Push/Sprint.blockyanim","21314","F9FFDE0B4092668B275243138951333598E3579EFB6C102FED312CD51D4ED305"
"character-animations","Sprint_FPS","Items/Dual_Handed/Daggers_Push/Sprint_FPS","Common/Characters/Animations/Items/Dual_Handed/Daggers_Push/Sprint_FPS.blockyanim","5357","A5113D4C0B95B1E64343AE48FB45169F90F2975B76CA1E45D80F4DAC9AEAF2D7"
"character-animations","Swim","Items/Dual_Handed/Daggers_Push/Swim/Swim","Common/Characters/Animations/Items/Dual_Handed/Daggers_Push/Swim/Swim.blockyanim","5567","6F600D19899384E578FFEAEE8BA02537BDF4B3901C1CB8B32FC56D1B6F797B9F"
"character-animations","Swim_Backward","Items/Dual_Handed/Daggers_Push/Swim/Swim_Backward","Common/Characters/Animations/Items/Dual_Handed/Daggers_Push/Swim/Swim_Backward.blockyanim","4751","DA466C51933615D73F31A9439E17A4B676180B7169B2A85B59258D71BA9D43FE"
"character-animations","Swim_Backward_FPS","Items/Dual_Handed/Daggers_Push/Swim/Swim_Backward_FPS","Common/Characters/Animations/Items/Dual_Handed/Daggers_Push/Swim/Swim_Backward_FPS.blockyanim","4683","A102702CDA1EC2F2439A49071BF39CFA71C9798B41EB41B9DC5D8B7D298AD226"
"character-animations","Swim_Dive","Items/Dual_Handed/Daggers_Push/Swim/Swim_Dive","Common/Characters/Animations/Items/Dual_Handed/Daggers_Push/Swim/Swim_Dive.blockyanim","5567","6F600D19899384E578FFEAEE8BA02537BDF4B3901C1CB8B32FC56D1B6F797B9F"
"character-animations","Swim_Dive_Backward","Items/Dual_Handed/Daggers_Push/Swim/Swim_Dive_Backward","Common/Characters/Animations/Items/Dual_Handed/Daggers_Push/Swim/Swim_Dive_Backward.blockyanim","4751","DA466C51933615D73F31A9439E17A4B676180B7169B2A85B59258D71BA9D43FE"
"character-animations","Swim_Dive_Backward_FPS","Items/Dual_Handed/Daggers_Push/Swim/Swim_Dive_Backward_FPS","Common/Characters/Animations/Items/Dual_Handed/Daggers_Push/Swim/Swim_Dive_Backward_FPS.blockyanim","4683","A102702CDA1EC2F2439A49071BF39CFA71C9798B41EB41B9DC5D8B7D298AD226"
"character-animations","Swim_Dive_Fast","Items/Dual_Handed/Daggers_Push/Swim/Swim_Dive_Fast","Common/Characters/Animations/Items/Dual_Handed/Daggers_Push/Swim/Swim_Dive_Fast.blockyanim","3507","A9431AB387708F5E903694075B33F1AF0758969C33528039F2A913C7C6FEC2E7"
"character-animations","Swim_Dive_Fast_FPS","Items/Dual_Handed/Daggers_Push/Swim/Swim_Dive_Fast_FPS","Common/Characters/Animations/Items/Dual_Handed/Daggers_Push/Swim/Swim_Dive_Fast_FPS.blockyanim","3888","05FCCEAA3E7610EBA5F943E6E00EA6C6C4E05D501F433D1A824288B13EFCCA41"
"character-animations","Swim_Dive_FPS","Items/Dual_Handed/Daggers_Push/Swim/Swim_Dive_FPS","Common/Characters/Animations/Items/Dual_Handed/Daggers_Push/Swim/Swim_Dive_FPS.blockyanim","5838","97D9550CAA1109B21586BEF63AA7C3135BF50D0378F8C9691AF5390943645976"
"character-animations","Swim_Fast","Items/Dual_Handed/Daggers_Push/Swim/Swim_Fast","Common/Characters/Animations/Items/Dual_Handed/Daggers_Push/Swim/Swim_Fast.blockyanim","6324","BB6BF274E06A97380CC6100831982133C57524AFF9F17559823DE3A62A035523"
"character-animations","Swim_Fast_FPS","Items/Dual_Handed/Daggers_Push/Swim/Swim_Fast_FPS","Common/Characters/Animations/Items/Dual_Handed/Daggers_Push/Swim/Swim_Fast_FPS.blockyanim","5121","02F7EFA0B9C6940FAD32571D9598E30625A3F29D909DB81FA314AFFD5A2C5A9B"
"character-animations","Swim_Float","Items/Dual_Handed/Daggers_Push/Swim/Swim_Float","Common/Characters/Animations/Items/Dual_Handed/Daggers_Push/Swim/Swim_Float.blockyanim","5589","F2FFC5678F957B7B66F0866A12816CB3AF359E7F51725F8FC75BBBF6BCE5F126"
"character-animations","Swim_Float_FPS","Items/Dual_Handed/Daggers_Push/Swim/Swim_Float_FPS","Common/Characters/Animations/Items/Dual_Handed/Daggers_Push/Swim/Swim_Float_FPS.blockyanim","5117","319EE74391759BA8EB7FD388D8FADA593199852EB0F62572496C74DD1CE3DF31"
"character-animations","Swim_FPS","Items/Dual_Handed/Daggers_Push/Swim/Swim_FPS","Common/Characters/Animations/Items/Dual_Handed/Daggers_Push/Swim/Swim_FPS.blockyanim","5124","591DB52B9849EA894C3C465FAFC89FCB3147264F61D9A79480BC6C6E525ACD78"
"character-animations","Swim_Idle","Items/Dual_Handed/Daggers_Push/Swim/Swim_Idle","Common/Characters/Animations/Items/Dual_Handed/Daggers_Push/Swim/Swim_Idle.blockyanim","3519","7FB37BC918592969373F490B51F46441144EFF2182BC0ADAD779CB320C6FF299"
"character-animations","Swim_Idle_FPS","Items/Dual_Handed/Daggers_Push/Swim/Swim_Idle_FPS","Common/Characters/Animations/Items/Dual_Handed/Daggers_Push/Swim/Swim_Idle_FPS.blockyanim","3897","D9C5FE5E3282AC3FC355BF92C5559C747F1C98F5D7C5719BFCC96310C97C68BF"
"character-animations","Swim_Jump","Items/Dual_Handed/Daggers_Push/Swim/Swim_Jump","Common/Characters/Animations/Items/Dual_Handed/Daggers_Push/Swim/Swim_Jump.blockyanim","5165","6E6AB183747EE4A371FFC3A9EC8AF4D1D7D43C5118BECC761EF7E07C69CCFAF3"
"character-animations","Swim_Jump_FPS","Items/Dual_Handed/Daggers_Push/Swim/Swim_Jump_FPS","Common/Characters/Animations/Items/Dual_Handed/Daggers_Push/Swim/Swim_Jump_FPS.blockyanim","4255","7A580DBAB7D86D01E43414FAA0CF90BA5A4A4E8873DB60DA022090163BDB90D6"
"character-animations","Swim_Sink","Items/Dual_Handed/Daggers_Push/Swim/Swim_Sink","Common/Characters/Animations/Items/Dual_Handed/Daggers_Push/Swim/Swim_Sink.blockyanim","3527","CEE22CF3BC3743EC3C79AE8A27252B9ED9033439A056C057F42B5EC94BECBEC1"
"character-animations","Swim_Sink_FPS","Items/Dual_Handed/Daggers_Push/Swim/Swim_Sink_FPS","Common/Characters/Animations/Items/Dual_Handed/Daggers_Push/Swim/Swim_Sink_FPS.blockyanim","3898","F806B46AF9AF13102C13FF169D68962D662047CE3F540CDD21DE0B353540F31A"
"character-animations","Walk","Items/Dual_Handed/Daggers_Push/Walk","Common/Characters/Animations/Items/Dual_Handed/Daggers_Push/Walk.blockyanim","3434","56F343EEF8106D9A493515D42199E8FE3ACE494C9300FF09DDFD6D31E9AAF863"
"character-animations","Walk_Backward","Items/Dual_Handed/Daggers_Push/Walk_Backward","Common/Characters/Animations/Items/Dual_Handed/Daggers_Push/Walk_Backward.blockyanim","3039","AEB9FEBC892821E2F4E08DA901628F34593146C9459E6D72E915415C48E64B57"
"character-animations","Walk_Backward_FPS","Items/Dual_Handed/Daggers_Push/Walk_Backward_FPS","Common/Characters/Animations/Items/Dual_Handed/Daggers_Push/Walk_Backward_FPS.blockyanim","4260","2A8042C5753624CBB767D18C5CB3E864E0A61A5A77B375DAA080FE71B152EF46"
"character-animations","Walk_FPS","Items/Dual_Handed/Daggers_Push/Walk_FPS","Common/Characters/Animations/Items/Dual_Handed/Daggers_Push/Walk_FPS.blockyanim","4261","E1FD3A694BEED065DD036EB5BC98B56FFF5EDEA3D336C38B50BFBC3761CD895A"
"character-animations","Guard_Bash","Items/Dual_Handed/Daggers/Attacks/Guard_Bash/Guard_Bash","Common/Characters/Animations/Items/Dual_Handed/Daggers/Attacks/Guard_Bash/Guard_Bash.blockyanim","21240","281FDE94F31144546C44F64C81CCDB12D97FBECA0D642F1EE23AC3D8EF714476"
"character-animations","Guard_Bash_FPS","Items/Dual_Handed/Daggers/Attacks/Guard_Bash/Guard_Bash_FPS","Common/Characters/Animations/Items/Dual_Handed/Daggers/Attacks/Guard_Bash/Guard_Bash_FPS.blockyanim","8878","394261AABF4705ECCAA6E7B3995FDCFD7DB98EFDEB5E2385702E5AAC2BE38838"
"character-animations","Guard_Bash_Moving","Items/Dual_Handed/Daggers/Attacks/Guard_Bash/Guard_Bash_Moving","Common/Characters/Animations/Items/Dual_Handed/Daggers/Attacks/Guard_Bash/Guard_Bash_Moving.blockyanim","13290","788AE1819EEB06D20BFB1BBB18707740E6A9398F4132BD2A28C43C9901322688"
"character-animations","Guard","Items/Dual_Handed/Daggers/Attacks/Guard/Guard","Common/Characters/Animations/Items/Dual_Handed/Daggers/Attacks/Guard/Guard.blockyanim","4391","28A2785E98F65805165026D78E6B539BB521C17801C4190721BE5D20CDDC8065"
"character-animations","Guard_FPS","Items/Dual_Handed/Daggers/Attacks/Guard/Guard_FPS","Common/Characters/Animations/Items/Dual_Handed/Daggers/Attacks/Guard/Guard_FPS.blockyanim","3311","374604E253204BF9B18B0C465363237C55D23D5DB7A93F6C78211719916A04CF"
"character-animations","Guard_Moving","Items/Dual_Handed/Daggers/Attacks/Guard/Guard_Moving","Common/Characters/Animations/Items/Dual_Handed/Daggers/Attacks/Guard/Guard_Moving.blockyanim","4391","28A2785E98F65805165026D78E6B539BB521C17801C4190721BE5D20CDDC8065"
"character-animations","Kick_Tornado_Right","Items/Dual_Handed/Daggers/Attacks/Kick_Tornado_Right/Kick_Tornado_Right","Common/Characters/Animations/Items/Dual_Handed/Daggers/Attacks/Kick_Tornado_Right/Kick_Tornado_Right.blockyanim","18039","52EF00A4948D5321C708D90F710B73D76B7B6A49D48CAC0208C2A5471D551896"
"character-animations","Kick_Tornado_Right_FPS","Items/Dual_Handed/Daggers/Attacks/Kick_Tornado_Right/Kick_Tornado_Right_FPS","Common/Characters/Animations/Items/Dual_Handed/Daggers/Attacks/Kick_Tornado_Right/Kick_Tornado_Right_FPS.blockyanim","10813","F90C763F90EE82CA222551B22CC49C9CC055D3F21E36966646151E0444E14EB8"
"character-animations","Kick_Tornado_Right_Moving","Items/Dual_Handed/Daggers/Attacks/Kick_Tornado_Right/Kick_Tornado_Right_Moving","Common/Characters/Animations/Items/Dual_Handed/Daggers/Attacks/Kick_Tornado_Right/Kick_Tornado_Right_Moving.blockyanim","18041","AA0A10AD6D8D7235FC45F34E20E7384C59137258F07DFF99616711D3DD22C327"
"character-animations","Lunge_Double_Charged","Items/Dual_Handed/Daggers/Attacks/Lunge_Double_Charged/Lunge_Double_Charged","Common/Characters/Animations/Items/Dual_Handed/Daggers/Attacks/Lunge_Double_Charged/Lunge_Double_Charged.blockyanim","15997","1506F7705C3B56432778E10850BD13234C5BA3B02BDF6632D20B9E55BF6416A2"
"character-animations","Lunge_Double_Charged_FPS","Items/Dual_Handed/Daggers/Attacks/Lunge_Double_Charged/Lunge_Double_Charged_FPS","Common/Characters/Animations/Items/Dual_Handed/Daggers/Attacks/Lunge_Double_Charged/Lunge_Double_Charged_FPS.blockyanim","6518","E46929DE79DD16AFEE84C49AA9C2BD5B094FCF24BB34C9C8FD8DE465909F28DB"
"character-animations","Lunge_Double_Charged_Moving","Items/Dual_Handed/Daggers/Attacks/Lunge_Double_Charged/Lunge_Double_Charged_Moving","Common/Characters/Animations/Items/Dual_Handed/Daggers/Attacks/Lunge_Double_Charged/Lunge_Double_Charged_Moving.blockyanim","10028","F6F9FBFF80C32428941B0894CF8D8D07EB266D1A9EB71D3C55539CF559A51FFF"
"character-animations","Lunge_Double_Charging","Items/Dual_Handed/Daggers/Attacks/Lunge_Double_Charged/Lunge_Double_Charging","Common/Characters/Animations/Items/Dual_Handed/Daggers/Attacks/Lunge_Double_Charged/Lunge_Double_Charging.blockyanim","13920","5D14178DFCD24B0AD2667EDDEFD14CE6E5FAEA9A6A8DA10C1775FB33847146CB"
"character-animations","Lunge_Double_Charging_FPS","Items/Dual_Handed/Daggers/Attacks/Lunge_Double_Charged/Lunge_Double_Charging_FPS","Common/Characters/Animations/Items/Dual_Handed/Daggers/Attacks/Lunge_Double_Charged/Lunge_Double_Charging_FPS.blockyanim","5717","CDDE6E5FF2A97BDA63715721FCD61976D6CD797545DF73B86C2DFFC20CAB37D1"
"character-animations","Lunge_Double_Charging_Moving","Items/Dual_Handed/Daggers/Attacks/Lunge_Double_Charged/Lunge_Double_Charging_Moving","Common/Characters/Animations/Items/Dual_Handed/Daggers/Attacks/Lunge_Double_Charged/Lunge_Double_Charging_Moving.blockyanim","7351","2D903E239BDE8B02DFFB8A73146C8AB395A031FA2422C0B1FC514CB0E7E5F764"
"character-animations","Lunge_Double_Spin_Charging","Items/Dual_Handed/Daggers/Attacks/Lunge_Double_Charged/Lunge_Double_Spin_Charging","Common/Characters/Animations/Items/Dual_Handed/Daggers/Attacks/Lunge_Double_Charged/Lunge_Double_Spin_Charging.blockyanim","19344","5AC0A49F6150100CD01F461E31A0410E5622913DDA2FF275EDAAC909EC867178"
"character-animations","Lunge_Double_Spin_Charging_FPS","Items/Dual_Handed/Daggers/Attacks/Lunge_Double_Charged/Lunge_Double_Spin_Charging_FPS","Common/Characters/Animations/Items/Dual_Handed/Daggers/Attacks/Lunge_Double_Charged/Lunge_Double_Spin_Charging_FPS.blockyanim","11145","77CEB4482A396FC4D2B7BC041D98AE25A3F125F82042AD397B9650F9D0ACDE48"
"character-animations","Lunge_Double_Spin_Charging_Moving","Items/Dual_Handed/Daggers/Attacks/Lunge_Double_Charged/Lunge_Double_Spin_Charging_Moving","Common/Characters/Animations/Items/Dual_Handed/Daggers/Attacks/Lunge_Double_Charged/Lunge_Double_Spin_Charging_Moving.blockyanim","12775","5ABF85CE0ABB972D84419532F29BACBFACB46D98A6A646CFB662DD66120772FB"
"character-animations","Lunge_Double","Items/Dual_Handed/Daggers/Attacks/Lunge_Double/Lunge_Double","Common/Characters/Animations/Items/Dual_Handed/Daggers/Attacks/Lunge_Double/Lunge_Double.blockyanim","20448","73BF24E3155BBDC31F3B5A82C56E9B2F148C54E08BA968378D110300CDCCAA62"
"character-animations","Lunge_Double_FPS","Items/Dual_Handed/Daggers/Attacks/Lunge_Double/Lunge_Double_FPS","Common/Characters/Animations/Items/Dual_Handed/Daggers/Attacks/Lunge_Double/Lunge_Double_FPS.blockyanim","7820","75649B3D212CAED4956A5CA5F79229A616785153242C126D6EC2A51DAA946EA8"
"character-animations","Lunge_Double_Moving","Items/Dual_Handed/Daggers/Attacks/Lunge_Double/Lunge_Double_Moving","Common/Characters/Animations/Items/Dual_Handed/Daggers/Attacks/Lunge_Double/Lunge_Double_Moving.blockyanim","12494","F7AC638E2F24DB80C232AD0634AB4996048AC72190B5C79652F13D5881D51075"
"character-animations","Pounce_Stab","Items/Dual_Handed/Daggers/Attacks/Pounce_Stab/Pounce_Stab","Common/Characters/Animations/Items/Dual_Handed/Daggers/Attacks/Pounce_Stab/Pounce_Stab.blockyanim","19342","9FE7D06464DF7EC3711468E7B093889C1C3299D328F98EBF64D980A3F0674FAF"
"character-animations","Pounce_Stab_Charging","Items/Dual_Handed/Daggers/Attacks/Pounce_Stab/Pounce_Stab_Charging","Common/Characters/Animations/Items/Dual_Handed/Daggers/Attacks/Pounce_Stab/Pounce_Stab_Charging.blockyanim","22359","B8AC455DAAEDFA3B45FEE4F1F7B629077A539223B46A53EFCDA41F352452D6DE"
"character-animations","Pounce_Stab_Charging_Charging_FPS","Items/Dual_Handed/Daggers/Attacks/Pounce_Stab/Pounce_Stab_Charging_Charging_FPS","Common/Characters/Animations/Items/Dual_Handed/Daggers/Attacks/Pounce_Stab/Pounce_Stab_Charging_Charging_FPS.blockyanim","8079","462E31BD7345FC395422782606F09AA5727BBD0369723DF7CDB609CA768B7F81"
"character-animations","Pounce_Stab_Charging_Moving","Items/Dual_Handed/Daggers/Attacks/Pounce_Stab/Pounce_Stab_Charging_Moving","Common/Characters/Animations/Items/Dual_Handed/Daggers/Attacks/Pounce_Stab/Pounce_Stab_Charging_Moving.blockyanim","9024","A6970E3D30F7484E62D59E629849AB41F37A47C22938B018AB82E0122E32418A"
"character-animations","Pounce_Stab_FPS","Items/Dual_Handed/Daggers/Attacks/Pounce_Stab/Pounce_Stab_FPS","Common/Characters/Animations/Items/Dual_Handed/Daggers/Attacks/Pounce_Stab/Pounce_Stab_FPS.blockyanim","4573","A3A3DD96F980DFBA66E9D3E99F2E8F748F4945F6E29A3D0312C366200F94BF05"
"character-animations","Pounce_Stab2","Items/Dual_Handed/Daggers/Attacks/Pounce_Stab/Pounce_Stab2","Common/Characters/Animations/Items/Dual_Handed/Daggers/Attacks/Pounce_Stab/Pounce_Stab2.blockyanim","34019","AAE8301C9884F2CD1B8EF58D981DA1B5AD67963EDCE89F79A098E9F1B99B8D51"
"character-animations","Pounce_Stab2_FPS","Items/Dual_Handed/Daggers/Attacks/Pounce_Stab/Pounce_Stab2_FPS","Common/Characters/Animations/Items/Dual_Handed/Daggers/Attacks/Pounce_Stab/Pounce_Stab2_FPS.blockyanim","9849","FD6EB83D66DA2838F260753A6907387863BCAF26D4E98F5C2214D369A659CF0B"
"character-animations","Pounce_Stab3","Items/Dual_Handed/Daggers/Attacks/Pounce_Stab/Pounce_Stab3","Common/Characters/Animations/Items/Dual_Handed/Daggers/Attacks/Pounce_Stab/Pounce_Stab3.blockyanim","30332","FBF589A79AAE78122681F14A64D300BEB89B33FE1BEAEB2BF7DD109281B7CCD4"
"character-animations","Pounce_Stab3_FPS","Items/Dual_Handed/Daggers/Attacks/Pounce_Stab/Pounce_Stab3_FPS","Common/Characters/Animations/Items/Dual_Handed/Daggers/Attacks/Pounce_Stab/Pounce_Stab3_FPS.blockyanim","8415","BA2E843A54060D5D96F8F923594691129899793DF852C66345BABD8C90CE6F00"
"character-animations","Pounce_Stab3_Moving","Items/Dual_Handed/Daggers/Attacks/Pounce_Stab/Pounce_Stab3_Moving","Common/Characters/Animations/Items/Dual_Handed/Daggers/Attacks/Pounce_Stab/Pounce_Stab3_Moving.blockyanim","10553","DF96831A7B913CBA79A4609BA0A395127AAC8D60F157EFBF8AD975B11713223D"
"character-animations","Pounce","Items/Dual_Handed/Daggers/Attacks/Pounce/Pounce","Common/Characters/Animations/Items/Dual_Handed/Daggers/Attacks/Pounce/Pounce.blockyanim","19337","89855BF70F01ED3974939BE4AE40BCF3135BB26188AC97365236CE17B056F836"
"character-animations","Pounce_FPS","Items/Dual_Handed/Daggers/Attacks/Pounce/Pounce_FPS","Common/Characters/Animations/Items/Dual_Handed/Daggers/Attacks/Pounce/Pounce_FPS.blockyanim","4573","A3A3DD96F980DFBA66E9D3E99F2E8F748F4945F6E29A3D0312C366200F94BF05"
"character-animations","Razorstrike_Charging","Items/Dual_Handed/Daggers/Attacks/Razorstrike/Razorstrike_Charging","Common/Characters/Animations/Items/Dual_Handed/Daggers/Attacks/Razorstrike/Razorstrike_Charging.blockyanim","24381","D7FCCB8C5951082A0158890466F39893956850E8C600E30AE91022CBC48F37A3"
"character-animations","Razorstrike_Charging_FPS","Items/Dual_Handed/Daggers/Attacks/Razorstrike/Razorstrike_Charging_FPS","Common/Characters/Animations/Items/Dual_Handed/Daggers/Attacks/Razorstrike/Razorstrike_Charging_FPS.blockyanim","7173","EB84D16638E53565979754ADA9E9ED066C4D1DD60D3579BFF219D6F5CAA862C2"
"character-animations","Razorstrike_Charging_Moving","Items/Dual_Handed/Daggers/Attacks/Razorstrike/Razorstrike_Charging_Moving","Common/Characters/Animations/Items/Dual_Handed/Daggers/Attacks/Razorstrike/Razorstrike_Charging_Moving.blockyanim","9978","B3840497443B8359FE8C9FD4D1DDD4779E7A673CEF269335454C9642A9D71359"
"character-animations","Razorstrike_Lunge","Items/Dual_Handed/Daggers/Attacks/Razorstrike/Razorstrike_Lunge","Common/Characters/Animations/Items/Dual_Handed/Daggers/Attacks/Razorstrike/Razorstrike_Lunge.blockyanim","35949","82F56C76E0ED43BE095A4019D1D12D51A1AEC7082422DFB951198A8866C4FEA8"
"character-animations","Razorstrike_Lunge_FPS","Items/Dual_Handed/Daggers/Attacks/Razorstrike/Razorstrike_Lunge_FPS","Common/Characters/Animations/Items/Dual_Handed/Daggers/Attacks/Razorstrike/Razorstrike_Lunge_FPS.blockyanim","10618","20570CA17C93CA8530A8258C1245FD177CB49268C1A708F762A1193EC78D4D1C"
"character-animations","Razorstrike_Lunge_Moving","Items/Dual_Handed/Daggers/Attacks/Razorstrike/Razorstrike_Lunge_Moving","Common/Characters/Animations/Items/Dual_Handed/Daggers/Attacks/Razorstrike/Razorstrike_Lunge_Moving.blockyanim","16259","7D7BF21F12B68CBEBE6403501DC40977DA2AA8E9C2C185061424596D78B3DF60"
"character-animations","Razorstrike_Slash","Items/Dual_Handed/Daggers/Attacks/Razorstrike/Razorstrike_Slash","Common/Characters/Animations/Items/Dual_Handed/Daggers/Attacks/Razorstrike/Razorstrike_Slash.blockyanim","26666","912C9187E68C419ACA8FFF5C5C3BA9D27D4386C1F0926857FBD2F061E1A92498"
"character-animations","Razorstrike_Slash_FPS","Items/Dual_Handed/Daggers/Attacks/Razorstrike/Razorstrike_Slash_FPS","Common/Characters/Animations/Items/Dual_Handed/Daggers/Attacks/Razorstrike/Razorstrike_Slash_FPS.blockyanim","5985","081E2FD93AA95610602FC2DD8426265779ECE82D428529DD4BC6C727F6E6411E"
"character-animations","Razorstrike_Slash_Moving","Items/Dual_Handed/Daggers/Attacks/Razorstrike/Razorstrike_Slash_Moving","Common/Characters/Animations/Items/Dual_Handed/Daggers/Attacks/Razorstrike/Razorstrike_Slash_Moving.blockyanim","12407","0CEBE866F22C0BF04DA6AA13B922B778943DA6DE431C9E33282F1600373E72F3"
"character-animations","Razorstrike_Sweep","Items/Dual_Handed/Daggers/Attacks/Razorstrike/Razorstrike_Sweep","Common/Characters/Animations/Items/Dual_Handed/Daggers/Attacks/Razorstrike/Razorstrike_Sweep.blockyanim","31290","02189BCE40B11203874B47292028FD36257A2E74DC694CBC157C6EDFE3FCA470"
"character-animations","Razorstrike_Sweep_FPS","Items/Dual_Handed/Daggers/Attacks/Razorstrike/Razorstrike_Sweep_FPS","Common/Characters/Animations/Items/Dual_Handed/Daggers/Attacks/Razorstrike/Razorstrike_Sweep_FPS.blockyanim","9060","0E494A80849331B49FEF5A1003276C563297DFD27EB9C8A3B4D6716A8A507A39"
"character-animations","Razorstrike_Sweep_Moving","Items/Dual_Handed/Daggers/Attacks/Razorstrike/Razorstrike_Sweep_Moving","Common/Characters/Animations/Items/Dual_Handed/Daggers/Attacks/Razorstrike/Razorstrike_Sweep_Moving.blockyanim","13682","6D2CBF0C00C13FB2C9CF59F93A25FFD170632AB213D0F9C0EF256BBA979D6467"
"character-animations","Stab_Double_Charged","Items/Dual_Handed/Daggers/Attacks/Stab_Double_Charged/Stab_Double_Charged","Common/Characters/Animations/Items/Dual_Handed/Daggers/Attacks/Stab_Double_Charged/Stab_Double_Charged.blockyanim","16336","22D80944308EFAD057B59F97E5842E6FCD040B29186CC51C72E491F6BE956BA7"
"character-animations","Stab_Double_Charged_FPS","Items/Dual_Handed/Daggers/Attacks/Stab_Double_Charged/Stab_Double_Charged_FPS","Common/Characters/Animations/Items/Dual_Handed/Daggers/Attacks/Stab_Double_Charged/Stab_Double_Charged_FPS.blockyanim","7382","3326E077D529E21443E53C277F5DBEB2B0AAB8E6B83F20EFCC2E5D005761C91B"
"character-animations","Stab_Double_Charged_Moving","Items/Dual_Handed/Daggers/Attacks/Stab_Double_Charged/Stab_Double_Charged_Moving","Common/Characters/Animations/Items/Dual_Handed/Daggers/Attacks/Stab_Double_Charged/Stab_Double_Charged_Moving.blockyanim","10033","C4DCDEC2F53223726DAC31256CDB3A8A66E86B9A4215FCDEAF3D232DBAE5E539"
"character-animations","Stab_Double_Charging","Items/Dual_Handed/Daggers/Attacks/Stab_Double_Charged/Stab_Double_Charging","Common/Characters/Animations/Items/Dual_Handed/Daggers/Attacks/Stab_Double_Charged/Stab_Double_Charging.blockyanim","13977","BDCE2CC23C2020832BA353F995DE2AEFC0EF139443365B0EA7C400CA146959CB"
"character-animations","Stab_Double_Charging_FPS","Items/Dual_Handed/Daggers/Attacks/Stab_Double_Charged/Stab_Double_Charging_FPS","Common/Characters/Animations/Items/Dual_Handed/Daggers/Attacks/Stab_Double_Charged/Stab_Double_Charging_FPS.blockyanim","5384","353AAB2908A7CFB0B2B0832FA6AC1AF75340AA49F880A68ACA864DFFE7994FF9"
"character-animations","Stab_Double_Charging_Moving","Items/Dual_Handed/Daggers/Attacks/Stab_Double_Charged/Stab_Double_Charging_Moving","Common/Characters/Animations/Items/Dual_Handed/Daggers/Attacks/Stab_Double_Charged/Stab_Double_Charging_Moving.blockyanim","7408","14B4F8E85ED4BBD93461393088722933C8784199B82A6DB5011DC85E19DB68AD"
"character-animations","Stab_Double_Spin_Charging","Items/Dual_Handed/Daggers/Attacks/Stab_Double_Charged/Stab_Double_Spin_Charging","Common/Characters/Animations/Items/Dual_Handed/Daggers/Attacks/Stab_Double_Charged/Stab_Double_Spin_Charging.blockyanim","15754","E25CD5A837D590F09553D66E03B8A1D26332F3EC58DCB11EC6EF75A003DAEB7E"
"character-animations","Stab_Double_Spin_Charging_FPS","Items/Dual_Handed/Daggers/Attacks/Stab_Double_Charged/Stab_Double_Spin_Charging_FPS","Common/Characters/Animations/Items/Dual_Handed/Daggers/Attacks/Stab_Double_Charged/Stab_Double_Spin_Charging_FPS.blockyanim","7538","A2F09E5BA708F849089EF2FA49E7A2E7BCABCD82FD18C9AB800F47D581FC4B02"
"character-animations","Stab_Double_Spin_Charging_Moving","Items/Dual_Handed/Daggers/Attacks/Stab_Double_Charged/Stab_Double_Spin_Charging_Moving","Common/Characters/Animations/Items/Dual_Handed/Daggers/Attacks/Stab_Double_Charged/Stab_Double_Spin_Charging_Moving.blockyanim","9153","E364F165D5CFA9A5AAEE4127EBD56BF89A3E7D7AF10B51D6385DBC5C83F244C9"
"character-animations","Stab_Double_Spin_Double_Charging","Items/Dual_Handed/Daggers/Attacks/Stab_Double_Charged/Stab_Double_Spin_Double_Charging","Common/Characters/Animations/Items/Dual_Handed/Daggers/Attacks/Stab_Double_Charged/Stab_Double_Spin_Double_Charging.blockyanim","16277","97E9EFB0E9D1FB35F04FBB272126569AD051C66FB8843A6466686D3EE756B45F"
"character-animations","Stab_Double_Spin_Double_Charging_FPS","Items/Dual_Handed/Daggers/Attacks/Stab_Double_Charged/Stab_Double_Spin_Double_Charging_FPS","Common/Characters/Animations/Items/Dual_Handed/Daggers/Attacks/Stab_Double_Charged/Stab_Double_Spin_Double_Charging_FPS.blockyanim","8081","B49F8685E08210765902B1D3E0A56D4E9E3CB1AA79F559AEBED030C2312BCE01"
"character-animations","Stab_Double_Spin_Double_Charging_Moving","Items/Dual_Handed/Daggers/Attacks/Stab_Double_Charged/Stab_Double_Spin_Double_Charging_Moving","Common/Characters/Animations/Items/Dual_Handed/Daggers/Attacks/Stab_Double_Charged/Stab_Double_Spin_Double_Charging_Moving.blockyanim","9692","527D834BCB37C00EEFA916A310F198D4F622A3D12EED25E4877713D1738A9B5D"
"character-animations","Stab_Double","Items/Dual_Handed/Daggers/Attacks/Stab_Double/Stab_Double","Common/Characters/Animations/Items/Dual_Handed/Daggers/Attacks/Stab_Double/Stab_Double.blockyanim","20460","269C0F6F89A87FB2844F462E1ED7D1617CE7B3411B5E04C5A5166361A0198C2F"
"character-animations","Stab_Double_FPS","Items/Dual_Handed/Daggers/Attacks/Stab_Double/Stab_Double_FPS","Common/Characters/Animations/Items/Dual_Handed/Daggers/Attacks/Stab_Double/Stab_Double_FPS.blockyanim","9459","CCAD2991D0F4B7E2CCED8408669A46BDDE51CA5BA9C8E896DED8D2BCCA9B26B4"
"character-animations","Stab_Double_Moving","Items/Dual_Handed/Daggers/Attacks/Stab_Double/Stab_Double_Moving","Common/Characters/Animations/Items/Dual_Handed/Daggers/Attacks/Stab_Double/Stab_Double_Moving.blockyanim","12506","F431FC9B02A7349B7AC70D41293C581BDA3DAF415FB97A47B7652A619B2126AC"
"character-animations","Stab_Left_Right_Hold_Charged","Items/Dual_Handed/Daggers/Attacks/Stab_Left_Right_Hold_Charged/Stab_Left_Right_Hold_Charged","Common/Characters/Animations/Items/Dual_Handed/Daggers/Attacks/Stab_Left_Right_Hold_Charged/Stab_Left_Right_Hold_Charged.blockyanim","24963","4B37A3BD780E77ABC9C6B96F9531E6899A9BBCC3EE136E674AF51771BFB89A8E"
"character-animations","Stab_Left_Right_Hold_Charged_FPS","Items/Dual_Handed/Daggers/Attacks/Stab_Left_Right_Hold_Charged/Stab_Left_Right_Hold_Charged_FPS","Common/Characters/Animations/Items/Dual_Handed/Daggers/Attacks/Stab_Left_Right_Hold_Charged/Stab_Left_Right_Hold_Charged_FPS.blockyanim","9478","74B9D8229C5A98FA75EB276C9DB049F19E6D2D3A1F25B7132693987F6E3F3742"
"character-animations","Stab_Left_Right_Hold_Charged_Moving","Items/Dual_Handed/Daggers/Attacks/Stab_Left_Right_Hold_Charged/Stab_Left_Right_Hold_Charged_Moving","Common/Characters/Animations/Items/Dual_Handed/Daggers/Attacks/Stab_Left_Right_Hold_Charged/Stab_Left_Right_Hold_Charged_Moving.blockyanim","15049","AEF7B6D60581DF057B1FA60AFA09CC0678429452225FC8EA121AE4C86B9E7D85"
"character-animations","Stab_Left_Right_Hold","Items/Dual_Handed/Daggers/Attacks/Stab_Left_Right_Hold/Stab_Left_Right_Hold","Common/Characters/Animations/Items/Dual_Handed/Daggers/Attacks/Stab_Left_Right_Hold/Stab_Left_Right_Hold.blockyanim","29102","E22DE6A81BB5E477253DD856B60CF19423A085D61B6FCF09D97E4E9BD9C33B64"
"character-animations","Stab_Left_Right_Hold_FPS","Items/Dual_Handed/Daggers/Attacks/Stab_Left_Right_Hold/Stab_Left_Right_Hold_FPS","Common/Characters/Animations/Items/Dual_Handed/Daggers/Attacks/Stab_Left_Right_Hold/Stab_Left_Right_Hold_FPS.blockyanim","11558","FA56E416E1B4F222D43DC0520846A930D7641985E8F1A5097F0FF80C02368AA4"
"character-animations","Stab_Left_Right_Hold_Moving","Items/Dual_Handed/Daggers/Attacks/Stab_Left_Right_Hold/Stab_Left_Right_Hold_Moving","Common/Characters/Animations/Items/Dual_Handed/Daggers/Attacks/Stab_Left_Right_Hold/Stab_Left_Right_Hold_Moving.blockyanim","17536","682E208C071DC0791F101671CD270E6002FC6E3AD2B5081296FA5609CA4534F0"
"character-animations","Stab_Left_Right","Items/Dual_Handed/Daggers/Attacks/Stab_Left_Right/Stab_Left_Right","Common/Characters/Animations/Items/Dual_Handed/Daggers/Attacks/Stab_Left_Right/Stab_Left_Right.blockyanim","29178","D3D50C1E1D435F9835659C2EC937C4E2E805641AE36684743A5E2D8BFF062E4A"
"character-animations","Stab_Left_Right_FPS","Items/Dual_Handed/Daggers/Attacks/Stab_Left_Right/Stab_Left_Right_FPS","Common/Characters/Animations/Items/Dual_Handed/Daggers/Attacks/Stab_Left_Right/Stab_Left_Right_FPS.blockyanim","13592","C264A9A8971B807B4AF0A38C7CC375576149D564D98F747E0FD302124AF16CB7"
"character-animations","Stab_Left_Right_Moving","Items/Dual_Handed/Daggers/Attacks/Stab_Left_Right/Stab_Left_Right_Moving","Common/Characters/Animations/Items/Dual_Handed/Daggers/Attacks/Stab_Left_Right/Stab_Left_Right_Moving.blockyanim","17601","813C0139BCE29BB841C2F7C0EF302EEB9409F84618FE881F35CF902FB831034D"
"character-animations","Stab_Left","Items/Dual_Handed/Daggers/Attacks/Stab_Left/Stab_Left","Common/Characters/Animations/Items/Dual_Handed/Daggers/Attacks/Stab_Left/Stab_Left.blockyanim","20505","878672805C7A46AE2967D11FC4BAD90F7728CDD6003D9FA8780AEF3397FA9D3D"
"character-animations","Stab_Left_FPS","Items/Dual_Handed/Daggers/Attacks/Stab_Left/Stab_Left_FPS","Common/Characters/Animations/Items/Dual_Handed/Daggers/Attacks/Stab_Left/Stab_Left_FPS.blockyanim","9492","5154A2CDBF6F87521A2AE98C359B91BC401DD71BA959B00C8470C0610C091210"
"character-animations","Stab_Left_Moving","Items/Dual_Handed/Daggers/Attacks/Stab_Left/Stab_Left_Moving","Common/Characters/Animations/Items/Dual_Handed/Daggers/Attacks/Stab_Left/Stab_Left_Moving.blockyanim","12560","6CBEACF76A36F84F64A3D01E59592F53E9FA3EE909AD16EC4B4B4E19F66CEE9E"
"character-animations","Stab_Right_Left","Items/Dual_Handed/Daggers/Attacks/Stab_Right_Left/Stab_Right_Left","Common/Characters/Animations/Items/Dual_Handed/Daggers/Attacks/Stab_Right_Left/Stab_Right_Left.blockyanim","28521","D74E7177892699F77C18CD259B62707CD3DE539FB615ACA7CE6F318966CE6337"
"character-animations","Stab_Right_Left_FPS","Items/Dual_Handed/Daggers/Attacks/Stab_Right_Left/Stab_Right_Left_FPS","Common/Characters/Animations/Items/Dual_Handed/Daggers/Attacks/Stab_Right_Left/Stab_Right_Left_FPS.blockyanim","13582","EB1AE675F24DE9B3DB34750AAE340C140C2BBD18ADC8A0095FC28F5CAB2216BF"
"character-animations","Stab_Right_Left_Moving","Items/Dual_Handed/Daggers/Attacks/Stab_Right_Left/Stab_Right_Left_Moving","Common/Characters/Animations/Items/Dual_Handed/Daggers/Attacks/Stab_Right_Left/Stab_Right_Left_Moving.blockyanim","17601","FD2F94667BD3DD722B0685BA23F9449C05CD5C946EE557DB4C790FDA1CE35BE8"
"character-animations","Stab_Right","Items/Dual_Handed/Daggers/Attacks/Stab_Right/Stab_Right","Common/Characters/Animations/Items/Dual_Handed/Daggers/Attacks/Stab_Right/Stab_Right.blockyanim","20184","6F3D088B5D1F509D5A622FC214EF2A6633486B49C3CFFB4D6C8225DA82716A1C"
"character-animations","Stab_Right_FPS","Items/Dual_Handed/Daggers/Attacks/Stab_Right/Stab_Right_FPS","Common/Characters/Animations/Items/Dual_Handed/Daggers/Attacks/Stab_Right/Stab_Right_FPS.blockyanim","9490","973A746F001096421CE11F420514C2E7320924BFDB4599FF692C385B507AAA9B"
"character-animations","Stab_Right_Moving","Items/Dual_Handed/Daggers/Attacks/Stab_Right/Stab_Right_Moving","Common/Characters/Animations/Items/Dual_Handed/Daggers/Attacks/Stab_Right/Stab_Right_Moving.blockyanim","12572","55CBD563B4CB960BC9D7E01DEC04EB0FA4D85315BAB26239F2F64DBCC816DD98"
"character-animations","Swing_Left_Right","Items/Dual_Handed/Daggers/Attacks/Swing_Left_Right/Swing_Left_Right","Common/Characters/Animations/Items/Dual_Handed/Daggers/Attacks/Swing_Left_Right/Swing_Left_Right.blockyanim","29344","8A2DA95A9FB64366126833FC8AAF96D6DB8F0E92265D8A1B2798AD3D51981436"
"character-animations","Swing_Left_Right_FPS","Items/Dual_Handed/Daggers/Attacks/Swing_Left_Right/Swing_Left_Right_FPS","Common/Characters/Animations/Items/Dual_Handed/Daggers/Attacks/Swing_Left_Right/Swing_Left_Right_FPS.blockyanim","13479","772C9F4070151FE3E07CA81A09E2FD6F32B4F07DC47D5040BF3C2B2B90133FCC"
"character-animations","Swing_Left_Right_Moving","Items/Dual_Handed/Daggers/Attacks/Swing_Left_Right/Swing_Left_Right_Moving","Common/Characters/Animations/Items/Dual_Handed/Daggers/Attacks/Swing_Left_Right/Swing_Left_Right_Moving.blockyanim","17771","E0B2C55E5D8609848ABCEC3B1DA0D436437D8C7BE1542720990DD38BCB1FD444"
"character-animations","Swing_Left","Items/Dual_Handed/Daggers/Attacks/Swing_Left/Swing_Left","Common/Characters/Animations/Items/Dual_Handed/Daggers/Attacks/Swing_Left/Swing_Left.blockyanim","20675","C402FA972355D2D0F64DC093205B8A0A369832ED7579C4DEB05DFAC40381C799"
"character-animations","Swing_Left_FPS","Items/Dual_Handed/Daggers/Attacks/Swing_Left/Swing_Left_FPS","Common/Characters/Animations/Items/Dual_Handed/Daggers/Attacks/Swing_Left/Swing_Left_FPS.blockyanim","9425","96034E9DD3EA29B5936BE60AA0717A302DB9FED292FF0632E555D4C131DEE4D0"
"character-animations","Swing_Left_Moving","Items/Dual_Handed/Daggers/Attacks/Swing_Left/Swing_Left_Moving","Common/Characters/Animations/Items/Dual_Handed/Daggers/Attacks/Swing_Left/Swing_Left_Moving.blockyanim","12731","C979315F0468D72E138E75863617F41B563DEDDCB3EEABD341FFA9DBD7CCB4B0"
"character-animations","Swing_Right_Left","Items/Dual_Handed/Daggers/Attacks/Swing_Right_Left/Swing_Right_Left","Common/Characters/Animations/Items/Dual_Handed/Daggers/Attacks/Swing_Right_Left/Swing_Right_Left.blockyanim","28681","6F918A42FEC09D5EF45ABD0CA7E6719618CF1455F08CA236BCE107D1A33B3199"
"character-animations","Swing_Right_Left_FPS","Items/Dual_Handed/Daggers/Attacks/Swing_Right_Left/Swing_Right_Left_FPS","Common/Characters/Animations/Items/Dual_Handed/Daggers/Attacks/Swing_Right_Left/Swing_Right_Left_FPS.blockyanim","13471","5EA76385C8C41C303757B5DFD3FD20067E2E0F8D872ED5E74682251CE45B65E9"
"character-animations","Swing_Right_Left_Moving","Items/Dual_Handed/Daggers/Attacks/Swing_Right_Left/Swing_Right_Left_Moving","Common/Characters/Animations/Items/Dual_Handed/Daggers/Attacks/Swing_Right_Left/Swing_Right_Left_Moving.blockyanim","17761","C6DDB7466F10DF0E8C855544AB2A332CAD9BE57F4E0C2CE3C02CFBE5DADB0922"
"character-animations","Swing_Right","Items/Dual_Handed/Daggers/Attacks/Swing_Right/Swing_Right","Common/Characters/Animations/Items/Dual_Handed/Daggers/Attacks/Swing_Right/Swing_Right.blockyanim","20344","A68A856A730AA782053312055A4984765548887540DFEF97D55FEEC0EABA6F7A"
"character-animations","Swing_Right_FPS","Items/Dual_Handed/Daggers/Attacks/Swing_Right/Swing_Right_FPS","Common/Characters/Animations/Items/Dual_Handed/Daggers/Attacks/Swing_Right/Swing_Right_FPS.blockyanim","9424","9C724BE13BD3C11CC989AA9DEABB0063EACF6B540B8B9664B862351A7F6BD6B0"
"character-animations","Swing_Right_Moving","Items/Dual_Handed/Daggers/Attacks/Swing_Right/Swing_Right_Moving","Common/Characters/Animations/Items/Dual_Handed/Daggers/Attacks/Swing_Right/Swing_Right_Moving.blockyanim","12733","C63818333AD2A5067F69D255886F2D2F4B19B80B36923F354E10DD06C1055BFC"
"character-animations","Swipe_Double_Dash","Items/Dual_Handed/Daggers/Attacks/Swipe_Double_Dash/Swipe_Double_Dash","Common/Characters/Animations/Items/Dual_Handed/Daggers/Attacks/Swipe_Double_Dash/Swipe_Double_Dash.blockyanim","30012","09D34B53B820FC024929CB4D7770F698629FD877EBAC73E3CCFA25CAC2D92235"
"character-animations","Swipe_Double_Dash_FPS","Items/Dual_Handed/Daggers/Attacks/Swipe_Double_Dash/Swipe_Double_Dash_FPS","Common/Characters/Animations/Items/Dual_Handed/Daggers/Attacks/Swipe_Double_Dash/Swipe_Double_Dash_FPS.blockyanim","7605","D92A4770EC7CEA72369B8B9E2CFAF96EC947C8D23C0E8B6C29E594C131DF9587"
"character-animations","Throw","Items/Dual_Handed/Daggers/Attacks/Throw/Throw","Common/Characters/Animations/Items/Dual_Handed/Daggers/Attacks/Throw/Throw.blockyanim","17947","5B6861BBD6072A768072CDD622CAF5BCE1A1E81752792CB37A41684304D64999"
"character-animations","Throw_FPS","Items/Dual_Handed/Daggers/Attacks/Throw/Throw_FPS","Common/Characters/Animations/Items/Dual_Handed/Daggers/Attacks/Throw/Throw_FPS.blockyanim","6281","7599231EEA4A6A219011A572D397BD671B27BCFE4E134DDC3AB50DAAA7EFE2D7"
"character-animations","Throw_Moving","Items/Dual_Handed/Daggers/Attacks/Throw/Throw_Moving","Common/Characters/Animations/Items/Dual_Handed/Daggers/Attacks/Throw/Throw_Moving.blockyanim","11687","F2DC0F8385D612F77D206F2B7318A35D12DDDAC51F0045CE724721D107896E4A"
"character-animations","Backflip","Items/Dual_Handed/Daggers/Backflip","Common/Characters/Animations/Items/Dual_Handed/Daggers/Backflip.blockyanim","22222","3EA8EEB2998FB558A6A9D5E1BC12DA91FE6F2477E609D756E493837B3E461031"
"character-animations","Backflip_FPS","Items/Dual_Handed/Daggers/Backflip_FPS","Common/Characters/Animations/Items/Dual_Handed/Daggers/Backflip_FPS.blockyanim","6153","AE6FB8301A1CA72B4A4030A2AF8AAD7E53825479CE74A756F197FF8825632B48"
"character-animations","Climb_Down","Items/Dual_Handed/Daggers/Climb/Climb_Down","Common/Characters/Animations/Items/Dual_Handed/Daggers/Climb/Climb_Down.blockyanim","6331","7440F5C543506378592664F4333B82305E89DB313CC3A24F050C1A6229109580"
"character-animations","Climb_Down_FPS","Items/Dual_Handed/Daggers/Climb/Climb_Down_FPS","Common/Characters/Animations/Items/Dual_Handed/Daggers/Climb/Climb_Down_FPS.blockyanim","4491","97A99FE5D2C0A093BA2456020C3A138965E5E18847FF9B82C2C717A9403E5173"
"character-animations","Climb_Idle","Items/Dual_Handed/Daggers/Climb/Climb_Idle","Common/Characters/Animations/Items/Dual_Handed/Daggers/Climb/Climb_Idle.blockyanim","4243","214A7B45771034C80F0FD250CDA564D1301686113941E6D42E5BA57817ED1E02"
"character-animations","Climb_Idle_FPS","Items/Dual_Handed/Daggers/Climb/Climb_Idle_FPS","Common/Characters/Animations/Items/Dual_Handed/Daggers/Climb/Climb_Idle_FPS.blockyanim","3335","CD657EA59FA87DC6911197EB2767E08C427BD603A30645C61B85A6246029F923"
"character-animations","Climb_Left","Items/Dual_Handed/Daggers/Climb/Climb_Left","Common/Characters/Animations/Items/Dual_Handed/Daggers/Climb/Climb_Left.blockyanim","6795","62F009937B00F586D196472F71E1BD877BEDA6D584C8FFF84207FC2E512EEBBD"
"character-animations","Climb_Left_FPS","Items/Dual_Handed/Daggers/Climb/Climb_Left_FPS","Common/Characters/Animations/Items/Dual_Handed/Daggers/Climb/Climb_Left_FPS.blockyanim","5758","BC9167DBF046C1A51399E1768CF569F21EE83099069D373C6C851FE07F3A1BEC"
"character-animations","Climb_Right","Items/Dual_Handed/Daggers/Climb/Climb_Right","Common/Characters/Animations/Items/Dual_Handed/Daggers/Climb/Climb_Right.blockyanim","6797","BFA15A2A2D30E52BD1FC24969F992306FB1ABE0D36DC5465953F3B0D305EB49B"
"character-animations","Climb_Right_FPS","Items/Dual_Handed/Daggers/Climb/Climb_Right_FPS","Common/Characters/Animations/Items/Dual_Handed/Daggers/Climb/Climb_Right_FPS.blockyanim","5760","5AED729770292B658352E28C5DD51303C48B3EB11C95DEE14FF439E33D87F0D6"
"character-animations","Climb_Up","Items/Dual_Handed/Daggers/Climb/Climb_Up","Common/Characters/Animations/Items/Dual_Handed/Daggers/Climb/Climb_Up.blockyanim","6331","2360ADFBF181856C7EB96DF1B38B94CEAD1371CA4AE0AF2EB1FED792380E1C89"
"character-animations","Climb_Up_FPS","Items/Dual_Handed/Daggers/Climb/Climb_Up_FPS","Common/Characters/Animations/Items/Dual_Handed/Daggers/Climb/Climb_Up_FPS.blockyanim","4491","871D61F2CE1E964D8979ACA6F47321A67A6A24B7A15673ED112ECE5E2218E2B5"
"character-animations","Crouch","Items/Dual_Handed/Daggers/Crouch","Common/Characters/Animations/Items/Dual_Handed/Daggers/Crouch.blockyanim","5512","ACDEDDEF706DD89617254A4E3C910CB822A3107F41AEAC51C7ABDF564EC28FFC"
"character-animations","Crouch_FPS","Items/Dual_Handed/Daggers/Crouch_FPS","Common/Characters/Animations/Items/Dual_Handed/Daggers/Crouch_FPS.blockyanim","4612","FFFFAC34951F843B2258CF4A5AE44EE3E24AB7415FF14EFD472BC2674B9D3C97"
"character-animations","Crouch_Walk","Items/Dual_Handed/Daggers/Crouch_Walk","Common/Characters/Animations/Items/Dual_Handed/Daggers/Crouch_Walk.blockyanim","4187","C495E4B1271128CAC87625379A12C4D8BEF150A5F630EDF343AB88EE7666A3B6"
"character-animations","Crouch_Walk_Backward","Items/Dual_Handed/Daggers/Crouch_Walk_Backward","Common/Characters/Animations/Items/Dual_Handed/Daggers/Crouch_Walk_Backward.blockyanim","4185","1E5A9497B1F4D4E09FA1B4502C2D78EF614E1CDF452619CD9FED4481525DEAEB"
"character-animations","Crouch_Walk_Backward_FPS","Items/Dual_Handed/Daggers/Crouch_Walk_Backward_FPS","Common/Characters/Animations/Items/Dual_Handed/Daggers/Crouch_Walk_Backward_FPS.blockyanim","5375","6D0572F3CDF84D1440075EE0CD7E9BBF712EC352FCC07455096CF06C81887175"
"character-animations","Crouch_Walk_FPS","Items/Dual_Handed/Daggers/Crouch_Walk_FPS","Common/Characters/Animations/Items/Dual_Handed/Daggers/Crouch_Walk_FPS.blockyanim","5357","089F58A7FA1C631F1E6176BDAAC9C1A94379C3D557CC212C1B2966108E45C09D"
"character-animations","Dash_Backward","Items/Dual_Handed/Daggers/Dash/Dash_Backward","Common/Characters/Animations/Items/Dual_Handed/Daggers/Dash/Dash_Backward.blockyanim","16622","7AE0092CDD8354BFECDC98F97A4A4311AF9AE87BFEADB238B92051CEE0A68767"
"character-animations","Dash_Backward_FPS","Items/Dual_Handed/Daggers/Dash/Dash_Backward_FPS","Common/Characters/Animations/Items/Dual_Handed/Daggers/Dash/Dash_Backward_FPS.blockyanim","4596","B04D5F9FFAA3F6773C0425C4AAEC4CC35727D9270EB8657E333A8C7AC55FCFB3"
"character-animations","Dash_Backward2","Items/Dual_Handed/Daggers/Dash/Dash_Backward2","Common/Characters/Animations/Items/Dual_Handed/Daggers/Dash/Dash_Backward2.blockyanim","16610","F2D31BA0A411D863400C6A9970F9953B1AA878D0650754779DBFEC5C63436E53"
"character-animations","Dash_Forward","Items/Dual_Handed/Daggers/Dash/Dash_Forward","Common/Characters/Animations/Items/Dual_Handed/Daggers/Dash/Dash_Forward.blockyanim","16696","AA0C47625A77321128A25E77CEFED126F3630698146EBA7EA1E9C8BC424DFBF0"
"character-animations","Dash_Forward_FPS","Items/Dual_Handed/Daggers/Dash/Dash_Forward_FPS","Common/Characters/Animations/Items/Dual_Handed/Daggers/Dash/Dash_Forward_FPS.blockyanim","4598","819F6C0C386EF22FEF7E46F442A43F95AC56CD0E4BBCDE462EF761CA3F9027E3"
"character-animations","Dash_Forward2","Items/Dual_Handed/Daggers/Dash/Dash_Forward2","Common/Characters/Animations/Items/Dual_Handed/Daggers/Dash/Dash_Forward2.blockyanim","16693","1FBFE6FFBE59EE97A681A0310BF62EBA76DE8EA386C29EE01EC34D103A64DCD3"
"character-animations","Dash_Left","Items/Dual_Handed/Daggers/Dash/Dash_Left","Common/Characters/Animations/Items/Dual_Handed/Daggers/Dash/Dash_Left.blockyanim","18190","A01729AA75968FA914512CBDD49644A3484FCCCBC12E5C946407EA5D53A7777D"
"character-animations","Dash_Left_FPS","Items/Dual_Handed/Daggers/Dash/Dash_Left_FPS","Common/Characters/Animations/Items/Dual_Handed/Daggers/Dash/Dash_Left_FPS.blockyanim","4597","B1B3674480BEAAF6D25D6F47167991DFA39553D16BD0328FEB3FC0ADECE0B845"
"character-animations","Dash_Right","Items/Dual_Handed/Daggers/Dash/Dash_Right","Common/Characters/Animations/Items/Dual_Handed/Daggers/Dash/Dash_Right.blockyanim","17478","93944690ED76546F5EDE243E68A7BF175CB848954E17C6D35C2568E6873EE340"
"character-animations","Dash_Right_FPS","Items/Dual_Handed/Daggers/Dash/Dash_Right_FPS","Common/Characters/Animations/Items/Dual_Handed/Daggers/Dash/Dash_Right_FPS.blockyanim","4599","C1DCB9FB2B02C5369E18EDC1461226B7C1112FB735015D4D61DE297944BBACFE"
"character-animations","Fall","Items/Dual_Handed/Daggers/Fall","Common/Characters/Animations/Items/Dual_Handed/Daggers/Fall.blockyanim","1509","F40088B2961020D6113184904A1731385F32AA5F793C2D1C173F97832B45C9F7"
"character-animations","Fall_Far","Items/Dual_Handed/Daggers/Fall_Far","Common/Characters/Animations/Items/Dual_Handed/Daggers/Fall_Far.blockyanim","4242","B1CE1E2B4BBF5CF553985148A1942C810E8C2D9C753EC16F4B99325715534D04"
"character-animations","Fall_Far_FPS","Items/Dual_Handed/Daggers/Fall_Far_FPS","Common/Characters/Animations/Items/Dual_Handed/Daggers/Fall_Far_FPS.blockyanim","4045","711FF0EC360CA7928366F1C246FFC88BB7E6485EAFCA3043CF2671E3F6358E94"
"character-animations","Fall_FPS","Items/Dual_Handed/Daggers/Fall_FPS","Common/Characters/Animations/Items/Dual_Handed/Daggers/Fall_FPS.blockyanim","3725","20F5542C1CF02DB830489E32BFFB4A1712CE60906D5292690B8A4002B3428D64"
"character-animations","Fly","Items/Dual_Handed/Daggers/Fly/Fly","Common/Characters/Animations/Items/Dual_Handed/Daggers/Fly/Fly.blockyanim","5520","7009816ACA42AE6FF34D333694B2551DCA15A883B63DA76643DB597948CCFD9B"
"character-animations","Fly_Backward","Items/Dual_Handed/Daggers/Fly/Fly_Backward","Common/Characters/Animations/Items/Dual_Handed/Daggers/Fly/Fly_Backward.blockyanim","5522","57986D5C46BB6FB0C2FEAF7E259E5AB6EA38A77CFB8D7F6929B09F11771D6118"
"character-animations","Fly_Backward_FPS","Items/Dual_Handed/Daggers/Fly/Fly_Backward_FPS","Common/Characters/Animations/Items/Dual_Handed/Daggers/Fly/Fly_Backward_FPS.blockyanim","4589","577452F4AE291EAD1009D88363562DA01AAC6FA722F447EF27EC5FECAE97703E"
"character-animations","Fly_Fast","Items/Dual_Handed/Daggers/Fly/Fly_Fast","Common/Characters/Animations/Items/Dual_Handed/Daggers/Fly/Fly_Fast.blockyanim","5520","CE74972C5D7DB4039D57719552C082C73D170D6B9A3C3B8E2982ABDF511B08E4"
"character-animations","Fly_Fast_FPS","Items/Dual_Handed/Daggers/Fly/Fly_Fast_FPS","Common/Characters/Animations/Items/Dual_Handed/Daggers/Fly/Fly_Fast_FPS.blockyanim","4612","8CC5760E75C72316FF544C240F93C134BBA57373B5E1C1483C0D1A5D69232CB5"
"character-animations","Fly_Fast2","Items/Dual_Handed/Daggers/Fly/Fly_Fast2","Common/Characters/Animations/Items/Dual_Handed/Daggers/Fly/Fly_Fast2.blockyanim","5869","D40E11F0191D0375BBEBEA690D436BEBAB786489CEED70B834D8E8B7AC97E8E9"
"character-animations","Fly_FPS","Items/Dual_Handed/Daggers/Fly/Fly_FPS","Common/Characters/Animations/Items/Dual_Handed/Daggers/Fly/Fly_FPS.blockyanim","4611","7692088CB18254B2216B1CC8568010560C992FDBC05A8498043DF729516206A1"
"character-animations","Fly_Idle","Items/Dual_Handed/Daggers/Fly/Fly_Idle","Common/Characters/Animations/Items/Dual_Handed/Daggers/Fly/Fly_Idle.blockyanim","5519","E9EDD2355B83127A1AEACBB01FC7BCD8B9272C3F4282D0AFDA524D08FCC50B07"
"character-animations","Fly_Idle_FPS","Items/Dual_Handed/Daggers/Fly/Fly_Idle_FPS","Common/Characters/Animations/Items/Dual_Handed/Daggers/Fly/Fly_Idle_FPS.blockyanim","4612","FFFFAC34951F843B2258CF4A5AE44EE3E24AB7415FF14EFD472BC2674B9D3C97"
"character-animations","Idle","Items/Dual_Handed/Daggers/Idle","Common/Characters/Animations/Items/Dual_Handed/Daggers/Idle.blockyanim","14339","7D0CC49FBD94B68E47015A2DF1F5DA274E746A1A62C398E02FD45F0970CBB56C"
"character-animations","Idle_FPS","Items/Dual_Handed/Daggers/Idle_FPS","Common/Characters/Animations/Items/Dual_Handed/Daggers/Idle_FPS.blockyanim","4612","FFFFAC34951F843B2258CF4A5AE44EE3E24AB7415FF14EFD472BC2674B9D3C97"
"character-animations","Interact","Items/Dual_Handed/Daggers/Interact","Common/Characters/Animations/Items/Dual_Handed/Daggers/Interact.blockyanim","9735","11DD63C8C241609C2C15D943C8150A36DFA61CFCBCCCFD79DDBD4460AC4A30EA"
"character-animations","Interact_FPS","Items/Dual_Handed/Daggers/Interact_FPS","Common/Characters/Animations/Items/Dual_Handed/Daggers/Interact_FPS.blockyanim","5787","6DE100BE2EB7E873779D825D64101B531CE98978E4D378D0F9712F220494022F"
"character-animations","Jump","Items/Dual_Handed/Daggers/Jump","Common/Characters/Animations/Items/Dual_Handed/Daggers/Jump.blockyanim","3778","AB13BA8DF63052BFCFBCB0D1F65AF7FA0F050723CE9A6B048532B6647249DDBF"
"character-animations","Jump_Far","Items/Dual_Handed/Daggers/Jump_Far","Common/Characters/Animations/Items/Dual_Handed/Daggers/Jump_Far.blockyanim","2215","2309E9FD0E2815554478F29A5E4A1923031B2A31BD761C4E7D293FACF2F4FD59"
"character-animations","Jump_Far_FPS","Items/Dual_Handed/Daggers/Jump_Far_FPS","Common/Characters/Animations/Items/Dual_Handed/Daggers/Jump_Far_FPS.blockyanim","3755","A83432796D29B1713A704305FB0725858A38685E48E2E26F90ACD032DB641C27"
"character-animations","Jump_FPS","Items/Dual_Handed/Daggers/Jump_FPS","Common/Characters/Animations/Items/Dual_Handed/Daggers/Jump_FPS.blockyanim","3325","F1287CEFAB64BF3A9123C64DEDB333B8BA37BC3B21A0DF1402F13CC0408BF450"
"character-animations","Run","Items/Dual_Handed/Daggers/Run","Common/Characters/Animations/Items/Dual_Handed/Daggers/Run.blockyanim","4174","3E71CE90641F857110C8C8AB8F53C3A5225EE820929305837A189563F75DB898"
"character-animations","Run_Backward","Items/Dual_Handed/Daggers/Run_Backward","Common/Characters/Animations/Items/Dual_Handed/Daggers/Run_Backward.blockyanim","3777","6E9EAB352C94AFBC519499AED64381E30F5B2390BECADDDDB6038FDC75C2D9F0"
"character-animations","Run_Backward_FPS","Items/Dual_Handed/Daggers/Run_Backward_FPS","Common/Characters/Animations/Items/Dual_Handed/Daggers/Run_Backward_FPS.blockyanim","5382","72E0B0350332D3DE09F7C627EC959A9BADE8A9BEC057462BF6CEA0B4C77D644D"
"character-animations","Run_FPS","Items/Dual_Handed/Daggers/Run_FPS","Common/Characters/Animations/Items/Dual_Handed/Daggers/Run_FPS.blockyanim","5383","EB32C9E144342424C98EFB80BC3C70E8452194CC7EF5FBFAF34B8DDCA60E5842"
"character-animations","Sprint","Items/Dual_Handed/Daggers/Sprint","Common/Characters/Animations/Items/Dual_Handed/Daggers/Sprint.blockyanim","21370","D98A247247E76882AF48EC65C7670A9D88CD332DB492BEDC988339AC3CED510D"
"character-animations","Sprint_FPS","Items/Dual_Handed/Daggers/Sprint_FPS","Common/Characters/Animations/Items/Dual_Handed/Daggers/Sprint_FPS.blockyanim","5357","A5113D4C0B95B1E64343AE48FB45169F90F2975B76CA1E45D80F4DAC9AEAF2D7"
"character-animations","Swim","Items/Dual_Handed/Daggers/Swim/Swim","Common/Characters/Animations/Items/Dual_Handed/Daggers/Swim/Swim.blockyanim","6281","56CE0034151DFFB122969867100EA56349146EC9432C6C9890ECBE89E2C3EB23"
"character-animations","Swim_Backward","Items/Dual_Handed/Daggers/Swim/Swim_Backward","Common/Characters/Animations/Items/Dual_Handed/Daggers/Swim/Swim_Backward.blockyanim","5461","7B8847FC0DA8528C84A7D6E507547D71B80D4ECD605AD0B144CA9BE3E7A92DAE"
"character-animations","Swim_Backward_FPS","Items/Dual_Handed/Daggers/Swim/Swim_Backward_FPS","Common/Characters/Animations/Items/Dual_Handed/Daggers/Swim/Swim_Backward_FPS.blockyanim","5397","2671E3827B509D26F03B8827ABABCD086D060AC0199F4365BCAD9FCC1341C12B"
"character-animations","Swim_Dive","Items/Dual_Handed/Daggers/Swim/Swim_Dive","Common/Characters/Animations/Items/Dual_Handed/Daggers/Swim/Swim_Dive.blockyanim","6281","56CE0034151DFFB122969867100EA56349146EC9432C6C9890ECBE89E2C3EB23"
"character-animations","Swim_Dive_Backward","Items/Dual_Handed/Daggers/Swim/Swim_Dive_Backward","Common/Characters/Animations/Items/Dual_Handed/Daggers/Swim/Swim_Dive_Backward.blockyanim","5461","7B8847FC0DA8528C84A7D6E507547D71B80D4ECD605AD0B144CA9BE3E7A92DAE"
"character-animations","Swim_Dive_Backward_FPS","Items/Dual_Handed/Daggers/Swim/Swim_Dive_Backward_FPS","Common/Characters/Animations/Items/Dual_Handed/Daggers/Swim/Swim_Dive_Backward_FPS.blockyanim","5397","2671E3827B509D26F03B8827ABABCD086D060AC0199F4365BCAD9FCC1341C12B"
"character-animations","Swim_Dive_Fast","Items/Dual_Handed/Daggers/Swim/Swim_Dive_Fast","Common/Characters/Animations/Items/Dual_Handed/Daggers/Swim/Swim_Dive_Fast.blockyanim","4213","4DFD03A35EFB1898CCCB2F741363D779D3550DF2FCCAB62433B14637883A0F54"
"character-animations","Swim_Dive_Fast_FPS","Items/Dual_Handed/Daggers/Swim/Swim_Dive_Fast_FPS","Common/Characters/Animations/Items/Dual_Handed/Daggers/Swim/Swim_Dive_Fast_FPS.blockyanim","4602","A75D421BB8850BB77E7985D7ECA78C190AFFF48D362CC2B1BEDECC27CB0451D9"
"character-animations","Swim_Dive_FPS","Items/Dual_Handed/Daggers/Swim/Swim_Dive_FPS","Common/Characters/Animations/Items/Dual_Handed/Daggers/Swim/Swim_Dive_FPS.blockyanim","5838","97D9550CAA1109B21586BEF63AA7C3135BF50D0378F8C9691AF5390943645976"
"character-animations","Swim_Fast","Items/Dual_Handed/Daggers/Swim/Swim_Fast","Common/Characters/Animations/Items/Dual_Handed/Daggers/Swim/Swim_Fast.blockyanim","7103","D4712EE72B99A2734A88B5486E902EAE6021AC96466ADD3755C70FEE07D5E766"
"character-animations","Swim_Fast_FPS","Items/Dual_Handed/Daggers/Swim/Swim_Fast_FPS","Common/Characters/Animations/Items/Dual_Handed/Daggers/Swim/Swim_Fast_FPS.blockyanim","5835","DCAD8E238908BB084B7831F04D7504AA632543164BCB43F7EF5E0D2D87466795"
"character-animations","Swim_Float","Items/Dual_Handed/Daggers/Swim/Swim_Float","Common/Characters/Animations/Items/Dual_Handed/Daggers/Swim/Swim_Float.blockyanim","6297","87AF7DECBE44370CFD22C7AF90DB17702C559484EBE5B89F1357A1EACB336094"
"character-animations","Swim_Float_FPS","Items/Dual_Handed/Daggers/Swim/Swim_Float_FPS","Common/Characters/Animations/Items/Dual_Handed/Daggers/Swim/Swim_Float_FPS.blockyanim","5831","731A3EBFCD1D16D588E3E0842D17F4534779937E3C353316A4DA09465E707C29"
"character-animations","Swim_FPS","Items/Dual_Handed/Daggers/Swim/Swim_FPS","Common/Characters/Animations/Items/Dual_Handed/Daggers/Swim/Swim_FPS.blockyanim","5838","97D9550CAA1109B21586BEF63AA7C3135BF50D0378F8C9691AF5390943645976"
"character-animations","Swim_Idle","Items/Dual_Handed/Daggers/Swim/Swim_Idle","Common/Characters/Animations/Items/Dual_Handed/Daggers/Swim/Swim_Idle.blockyanim","4228","58969662F094B790305B506BE9998AA98E80B13B736B23E099F09E7C237EC538"
"character-animations","Swim_Idle_FPS","Items/Dual_Handed/Daggers/Swim/Swim_Idle_FPS","Common/Characters/Animations/Items/Dual_Handed/Daggers/Swim/Swim_Idle_FPS.blockyanim","4611","ABE8E3EED8B7117990B0178DE2320F2045033A430F882C509006067B7ADE0CB2"
"character-animations","Swim_Jump","Items/Dual_Handed/Daggers/Swim/Swim_Jump","Common/Characters/Animations/Items/Dual_Handed/Daggers/Swim/Swim_Jump.blockyanim","5873","39108A8F9DE8786097221445C222F94AE82EB3CFE4A3065ABD40AE6FD10E28C9"
"character-animations","Swim_Jump_FPS","Items/Dual_Handed/Daggers/Swim/Swim_Jump_FPS","Common/Characters/Animations/Items/Dual_Handed/Daggers/Swim/Swim_Jump_FPS.blockyanim","4969","26FEDFC1FFF71D190C586825457D048E1A4771B3CD0DDB3D41C1A4576D2F0356"
"character-animations","Swim_Sink","Items/Dual_Handed/Daggers/Swim/Swim_Sink","Common/Characters/Animations/Items/Dual_Handed/Daggers/Swim/Swim_Sink.blockyanim","4237","DE9A97FA024EC7B9A7B11FCA1C2D5AB80D6B01F844BF7D413C900A38D1830799"
"character-animations","Swim_Sink_FPS","Items/Dual_Handed/Daggers/Swim/Swim_Sink_FPS","Common/Characters/Animations/Items/Dual_Handed/Daggers/Swim/Swim_Sink_FPS.blockyanim","4612","F03ED9FD265054810E74E043879FD640688164D8CA0AEFC90067B844E997B7E7"
"character-animations","Walk","Items/Dual_Handed/Daggers/Walk","Common/Characters/Animations/Items/Dual_Handed/Daggers/Walk.blockyanim","4186","D0A5EF45FD491FAB42A60379F54BFD10A5AD740A01730AD0A4EDE1C54698980E"
"character-animations","Walk_Backward","Items/Dual_Handed/Daggers/Walk_Backward","Common/Characters/Animations/Items/Dual_Handed/Daggers/Walk_Backward.blockyanim","4154","14612B3C073276DFAC61D983D53A4D42E86B0F7227C240E97BCF558161729AB2"
"character-animations","Walk_Backward_FPS","Items/Dual_Handed/Daggers/Walk_Backward_FPS","Common/Characters/Animations/Items/Dual_Handed/Daggers/Walk_Backward_FPS.blockyanim","4619","57B842C047E7F38FBA991B0C7CF7D85F078ECD8AAA4AED845BBF8663C2A4D9E8"
"character-animations","Walk_FPS","Items/Dual_Handed/Daggers/Walk_FPS","Common/Characters/Animations/Items/Dual_Handed/Daggers/Walk_FPS.blockyanim","4619","D227103367789A43E6E8E05E27CF363689EE748EDC7DDEFEB0718F1380C8F904"
"character-animations","Guard_Bash","Items/Dual_Handed/Longsword/Attacks/Guard_Bash/Guard_Bash","Common/Characters/Animations/Items/Dual_Handed/Longsword/Attacks/Guard_Bash/Guard_Bash.blockyanim","6026","53D15CC1091E2EA56C0401B8AE85826E5238149C26487B91905A8629D4E2639E"
"character-animations","Guard_Bash_FPS","Items/Dual_Handed/Longsword/Attacks/Guard_Bash/Guard_Bash_FPS","Common/Characters/Animations/Items/Dual_Handed/Longsword/Attacks/Guard_Bash/Guard_Bash_FPS.blockyanim","2642","29DB3CBD0A375CA66A1CD48E5FB66A9C5089DB9C5B63FA73A72B8B9CEE47824E"
"character-animations","Guard_Bash_Moving","Items/Dual_Handed/Longsword/Attacks/Guard_Bash/Guard_Bash_Moving","Common/Characters/Animations/Items/Dual_Handed/Longsword/Attacks/Guard_Bash/Guard_Bash_Moving.blockyanim","6026","53D15CC1091E2EA56C0401B8AE85826E5238149C26487B91905A8629D4E2639E"
"character-animations","Guard","Items/Dual_Handed/Longsword/Attacks/Guard/Guard","Common/Characters/Animations/Items/Dual_Handed/Longsword/Attacks/Guard/Guard.blockyanim","6026","53D15CC1091E2EA56C0401B8AE85826E5238149C26487B91905A8629D4E2639E"
"character-animations","Guard_FPS","Items/Dual_Handed/Longsword/Attacks/Guard/Guard_FPS","Common/Characters/Animations/Items/Dual_Handed/Longsword/Attacks/Guard/Guard_FPS.blockyanim","2642","29DB3CBD0A375CA66A1CD48E5FB66A9C5089DB9C5B63FA73A72B8B9CEE47824E"
"character-animations","Guard_Moving","Items/Dual_Handed/Longsword/Attacks/Guard/Guard_Moving","Common/Characters/Animations/Items/Dual_Handed/Longsword/Attacks/Guard/Guard_Moving.blockyanim","3349","469EAA54035D29971162935AEFA72BB5FA3D4EF41C4128A43399AE9627129D91"
"character-animations","Stab_Charged","Items/Dual_Handed/Longsword/Attacks/Stab_Charged/Stab_Charged","Common/Characters/Animations/Items/Dual_Handed/Longsword/Attacks/Stab_Charged/Stab_Charged.blockyanim","17734","661F3921C7F3961B36C493997FEC860EF3442D8F9A93F78D333C9AA64317DA75"
"character-animations","Stab_Charged_FPS","Items/Dual_Handed/Longsword/Attacks/Stab_Charged/Stab_Charged_FPS","Common/Characters/Animations/Items/Dual_Handed/Longsword/Attacks/Stab_Charged/Stab_Charged_FPS.blockyanim","5798","FE6486C4732D0E92A5EC5ECF29BAE134E5EE1865958E1B7051F5E06F8AB8B9CB"
"character-animations","Stab_Charged_Moving","Items/Dual_Handed/Longsword/Attacks/Stab_Charged/Stab_Charged_Moving","Common/Characters/Animations/Items/Dual_Handed/Longsword/Attacks/Stab_Charged/Stab_Charged_Moving.blockyanim","10772","90D51866430D3CBB5B3C27BF166E69F97EB6BD93F66205468C9F18697376ADA2"
"character-animations","Stab_Charging","Items/Dual_Handed/Longsword/Attacks/Stab_Charged/Stab_Charging","Common/Characters/Animations/Items/Dual_Handed/Longsword/Attacks/Stab_Charged/Stab_Charging.blockyanim","10914","7D49D940A3DD9584515B4DB8863B1BADD275E9A92955E52380C496DFF16835FC"
"character-animations","Stab_Charging_FPS","Items/Dual_Handed/Longsword/Attacks/Stab_Charged/Stab_Charging_FPS","Common/Characters/Animations/Items/Dual_Handed/Longsword/Attacks/Stab_Charged/Stab_Charging_FPS.blockyanim","4235","B60253EADE785B6BE733679BC3EB1907A4ADAB1C24FAF29A0B8339DB4D69C80D"
"character-animations","Stab_Charging_Moving","Items/Dual_Handed/Longsword/Attacks/Stab_Charged/Stab_Charging_Moving","Common/Characters/Animations/Items/Dual_Handed/Longsword/Attacks/Stab_Charged/Stab_Charging_Moving.blockyanim","5936","B8160A6BE2122A58888F66018A2EF64E007502AAF4FF5CECD16E763641D77669"
"character-animations","Stab","Items/Dual_Handed/Longsword/Attacks/Stab/Stab","Common/Characters/Animations/Items/Dual_Handed/Longsword/Attacks/Stab/Stab.blockyanim","22581","145B7D908FA5C91A2CC0D1CB49F508063E914CAA8E9F717BBF26D094CA2D6124"
"character-animations","Stab_FPS","Items/Dual_Handed/Longsword/Attacks/Stab/Stab_FPS","Common/Characters/Animations/Items/Dual_Handed/Longsword/Attacks/Stab/Stab_FPS.blockyanim","7444","08CD9D6E761F40348E239F13F8574D20F151A83CFCA2B2C02478CBBC5157B879"
"character-animations","Stab_Moving","Items/Dual_Handed/Longsword/Attacks/Stab/Stab_Moving","Common/Characters/Animations/Items/Dual_Handed/Longsword/Attacks/Stab/Stab_Moving.blockyanim","13626","E5D7D2CF65B477B9B535FAF4BC1787A62151638D9142148AFBBADFE21127D9F4"
"character-animations","Swing_Down","Items/Dual_Handed/Longsword/Attacks/Swing_Down/Swing_Down","Common/Characters/Animations/Items/Dual_Handed/Longsword/Attacks/Swing_Down/Swing_Down.blockyanim","18064","39EACCBF6A88F01210406A27DBFA61BFAD1A2FF9839FBEC79460F11BAFB92548"
"character-animations","Swing_Down_FPS","Items/Dual_Handed/Longsword/Attacks/Swing_Down/Swing_Down_FPS","Common/Characters/Animations/Items/Dual_Handed/Longsword/Attacks/Swing_Down/Swing_Down_FPS.blockyanim","7488","C3EEA0206F671795F89C0DCBC00FB49F8F3CCD5F705AD214BE3A94AE6349397A"
"character-animations","Swing_Down_Moving","Items/Dual_Handed/Longsword/Attacks/Swing_Down/Swing_Down_Moving","Common/Characters/Animations/Items/Dual_Handed/Longsword/Attacks/Swing_Down/Swing_Down_Moving.blockyanim","11778","7FF46900C2FA9FF612AA310CBB7E8D47589188151A82B1CE495E5D46469557C7"
"character-animations","Swing_Left_Charged","Items/Dual_Handed/Longsword/Attacks/Swing_Left_Charged/Swing_Left_Charged","Common/Characters/Animations/Items/Dual_Handed/Longsword/Attacks/Swing_Left_Charged/Swing_Left_Charged.blockyanim","17435","7F9CEA6E8926B787EF91E84294D8672D556869D8E27E8FF1516A02F7E53D0FE8"
"character-animations","Swing_Left_Charged_FPS","Items/Dual_Handed/Longsword/Attacks/Swing_Left_Charged/Swing_Left_Charged_FPS","Common/Characters/Animations/Items/Dual_Handed/Longsword/Attacks/Swing_Left_Charged/Swing_Left_Charged_FPS.blockyanim","6244","95187D0DCA7129B864DE90E8700B88E8F06F0CA144AE68E67C09790CED0DE3FB"
"character-animations","Swing_Left_Charged_Moving","Items/Dual_Handed/Longsword/Attacks/Swing_Left_Charged/Swing_Left_Charged_Moving","Common/Characters/Animations/Items/Dual_Handed/Longsword/Attacks/Swing_Left_Charged/Swing_Left_Charged_Moving.blockyanim","10471","CDE019B24B4390BBD349589A017B10F5843145E9A093E1A573E5C63AED7E3D42"
"character-animations","Swing_Left_Charging","Items/Dual_Handed/Longsword/Attacks/Swing_Left_Charged/Swing_Left_Charging","Common/Characters/Animations/Items/Dual_Handed/Longsword/Attacks/Swing_Left_Charged/Swing_Left_Charging.blockyanim","10926","5F29FED4ADEDD59FDEB74DCADAED6F18AC49B4DDD9B2F21C120F8B39624AF27B"
"character-animations","Swing_Left_Charging_FPS","Items/Dual_Handed/Longsword/Attacks/Swing_Left_Charged/Swing_Left_Charging_FPS","Common/Characters/Animations/Items/Dual_Handed/Longsword/Attacks/Swing_Left_Charged/Swing_Left_Charging_FPS.blockyanim","4239","4D35CE379861E6E9A92AC1F6F6CEE8C3A6F975081670FA8EF74011DA394C2117"
"character-animations","Swing_Left_Charging_Moving","Items/Dual_Handed/Longsword/Attacks/Swing_Left_Charged/Swing_Left_Charging_Moving","Common/Characters/Animations/Items/Dual_Handed/Longsword/Attacks/Swing_Left_Charged/Swing_Left_Charging_Moving.blockyanim","5950","81E6DA8BAA07D25606B60B37083DEC32C2C2DF4750215A284CD36B4FF65C831F"
"character-animations","Swing_Left","Items/Dual_Handed/Longsword/Attacks/Swing_Left/Swing_Left","Common/Characters/Animations/Items/Dual_Handed/Longsword/Attacks/Swing_Left/Swing_Left.blockyanim","22303","EA4E5E9B5D5CFEF2225431C3E0B77BA71DD79AF0FA363F0E75A8C5B5ACCABD04"
"character-animations","Swing_Left_FPS","Items/Dual_Handed/Longsword/Attacks/Swing_Left/Swing_Left_FPS","Common/Characters/Animations/Items/Dual_Handed/Longsword/Attacks/Swing_Left/Swing_Left_FPS.blockyanim","7884","7162BCDD5474032CE84E585578F5CCE25CF743CE7C56B92268FBF50BDC8D90FF"
"character-animations","Swing_Left_Moving","Items/Dual_Handed/Longsword/Attacks/Swing_Left/Swing_Left_Moving","Common/Characters/Animations/Items/Dual_Handed/Longsword/Attacks/Swing_Left/Swing_Left_Moving.blockyanim","13344","54DD3EF11A11BBF27500D2C1D2A711788F6A15130FB94E19240705EE9BFE5CCA"
"character-animations","Swing_Right","Items/Dual_Handed/Longsword/Attacks/Swing_Right/Swing_Right","Common/Characters/Animations/Items/Dual_Handed/Longsword/Attacks/Swing_Right/Swing_Right.blockyanim","22352","CA57660532FA0E4B294C8A38A799CDC9A637DD7FF2EC75EE2D9768E5F89300E5"
"character-animations","Swing_Right_FPS","Items/Dual_Handed/Longsword/Attacks/Swing_Right/Swing_Right_FPS","Common/Characters/Animations/Items/Dual_Handed/Longsword/Attacks/Swing_Right/Swing_Right_FPS.blockyanim","7785","EA398ADC27C4CBEFD8E30CE7F378826A6D1A02FACC6711EB10FAB580207BF305"
"character-animations","Swing_Right_Moving","Items/Dual_Handed/Longsword/Attacks/Swing_Right/Swing_Right_Moving","Common/Characters/Animations/Items/Dual_Handed/Longsword/Attacks/Swing_Right/Swing_Right_Moving.blockyanim","13452","D23591378E1E10196EA2386D6FA5BB7731964AF4097BC066B6F8E2C4653F8E6F"
"character-animations","Swing_Up_Left","Items/Dual_Handed/Longsword/Attacks/Swing_Up_Left/Swing_Up_Left","Common/Characters/Animations/Items/Dual_Handed/Longsword/Attacks/Swing_Up_Left/Swing_Up_Left.blockyanim","22377","88A3D74F1D96E0414695AB9005E0B50B276FEE89A0A38F29D479A212C4E0F73B"
"character-animations","Swing_Up_Left_FPS","Items/Dual_Handed/Longsword/Attacks/Swing_Up_Left/Swing_Up_Left_FPS","Common/Characters/Animations/Items/Dual_Handed/Longsword/Attacks/Swing_Up_Left/Swing_Up_Left_FPS.blockyanim","6584","5465D30ED42AE55513D416DCEAFA8C0CE193EA8F2F8F83DE475F1B316B7AD85F"
"character-animations","Swing_Up_Left_Moving","Items/Dual_Handed/Longsword/Attacks/Swing_Up_Left/Swing_Up_Left_Moving","Common/Characters/Animations/Items/Dual_Handed/Longsword/Attacks/Swing_Up_Left/Swing_Up_Left_Moving.blockyanim","13471","3895ED144F709C449AD7A317C7116A249AE518E9AA2F3346551EBFCC653B44C1"
"character-animations","Climb_Down","Items/Dual_Handed/Longsword/Climb/Climb_Down","Common/Characters/Animations/Items/Dual_Handed/Longsword/Climb/Climb_Down.blockyanim","1115","B72E15A636FE6B20A4CE15B6F19B0A11ACE8D1853515DAE7F2F5F0FB07B9215A"
"character-animations","Climb_Down_FPS","Items/Dual_Handed/Longsword/Climb/Climb_Down_FPS","Common/Characters/Animations/Items/Dual_Handed/Longsword/Climb/Climb_Down_FPS.blockyanim","2346","F196A885ABEE7D1F3F241CA8FC21502FCF4F7360E77FEAC21F9B43F1A0C31347"
"character-animations","Climb_Idle","Items/Dual_Handed/Longsword/Climb/Climb_Idle","Common/Characters/Animations/Items/Dual_Handed/Longsword/Climb/Climb_Idle.blockyanim","682","EBCFA184FF44AE53FF788BDE5349BF43084C34EC84A3D6B31EA3F71CE6EA931F"
"character-animations","Climb_Idle_FPS","Items/Dual_Handed/Longsword/Climb/Climb_Idle_FPS","Common/Characters/Animations/Items/Dual_Handed/Longsword/Climb/Climb_Idle_FPS.blockyanim","1348","5102F7BA6522802D353BBD9D9C0AC96D1001932204A49F58F7E2E164E9D64723"
"character-animations","Climb_Left","Items/Dual_Handed/Longsword/Climb/Climb_Left","Common/Characters/Animations/Items/Dual_Handed/Longsword/Climb/Climb_Left.blockyanim","1116","2F01816089FD364BC2EAE1A8643C6364EA5B8BF81BAF3501E10E1198013741C9"
"character-animations","Climb_Left_FPS","Items/Dual_Handed/Longsword/Climb/Climb_Left_FPS","Common/Characters/Animations/Items/Dual_Handed/Longsword/Climb/Climb_Left_FPS.blockyanim","2352","FB4AAFAEEBB83D5AB1C3D70D8199F71EB376C9299903A265E904FAD7D3C2E94C"
"character-animations","Climb_Right","Items/Dual_Handed/Longsword/Climb/Climb_Right","Common/Characters/Animations/Items/Dual_Handed/Longsword/Climb/Climb_Right.blockyanim","1116","F0AD29A4984EFC02479BF089FA31701A3031F1321951E3BDBF1E004C4AA464FD"
"character-animations","Climb_Right_FPS","Items/Dual_Handed/Longsword/Climb/Climb_Right_FPS","Common/Characters/Animations/Items/Dual_Handed/Longsword/Climb/Climb_Right_FPS.blockyanim","2352","B1D6DC14B56ADD389B1C59E870AA24252AB5AE93C4B5CD3C4BE14E6687C4E7CF"
"character-animations","Climb_Up","Items/Dual_Handed/Longsword/Climb/Climb_Up","Common/Characters/Animations/Items/Dual_Handed/Longsword/Climb/Climb_Up.blockyanim","1115","A21D2735B694B96C4805E38BF818F26EB95ABB0A137EBF89A144EF45A4B58DE1"
"character-animations","Climb_Up_FPS","Items/Dual_Handed/Longsword/Climb/Climb_Up_FPS","Common/Characters/Animations/Items/Dual_Handed/Longsword/Climb/Climb_Up_FPS.blockyanim","2346","F6A57DA5B51F29841E8A9D6D3A109C3B0A803141DDB820AA08323F999691201C"
"character-animations","Crouch","Items/Dual_Handed/Longsword/Crouch","Common/Characters/Animations/Items/Dual_Handed/Longsword/Crouch.blockyanim","4372","6A3BE314087988F31B46AC1F15C7F66D1D6D838813C5D6FF848A8CFCEEF42B92"
"character-animations","Crouch_FPS","Items/Dual_Handed/Longsword/Crouch_FPS","Common/Characters/Animations/Items/Dual_Handed/Longsword/Crouch_FPS.blockyanim","4048","62E5A3056E3166C9335B82BC0C553BB8BA95586E9FC8BD11DAE0FE25B15B4647"
"character-animations","Crouch_Passive_Look_Around","Items/Dual_Handed/Longsword/Crouch_Passive/Crouch_Passive_Look_Around","Common/Characters/Animations/Items/Dual_Handed/Longsword/Crouch_Passive/Crouch_Passive_Look_Around.blockyanim","12501","D51F1BA35135CF4A3E3F98F5D557B631C2B2C9D0972AC8E6F00D5E4E13FB540B"
"character-animations","Crouch_Walk","Items/Dual_Handed/Longsword/Crouch_Walk","Common/Characters/Animations/Items/Dual_Handed/Longsword/Crouch_Walk.blockyanim","5789","FAB05E6FF8BDD2B7A2AD746491A44CDEE24A1F01AE61AEF7815CCF2BF7B5F784"
"character-animations","Crouch_Walk_Backward","Items/Dual_Handed/Longsword/Crouch_Walk_Backward","Common/Characters/Animations/Items/Dual_Handed/Longsword/Crouch_Walk_Backward.blockyanim","5789","002F0D50A0D2610533F112C243E5E9406DEB5468DFCE54459BF133913703432E"
"character-animations","Crouch_Walk_Backward_FPS","Items/Dual_Handed/Longsword/Crouch_Walk_Backward_FPS","Common/Characters/Animations/Items/Dual_Handed/Longsword/Crouch_Walk_Backward_FPS.blockyanim","4050","57FE5597D62555D25E330DCC2A979A5C4DD342175985955B52A251E1380FFD3E"
"character-animations","Crouch_Walk_FPS","Items/Dual_Handed/Longsword/Crouch_Walk_FPS","Common/Characters/Animations/Items/Dual_Handed/Longsword/Crouch_Walk_FPS.blockyanim","4050","AD9AEBEC901332F18D09DCF3600C7066323F1C1EDCE4C434B727E80617C02248"
"character-animations","Fall","Items/Dual_Handed/Longsword/Fall","Common/Characters/Animations/Items/Dual_Handed/Longsword/Fall.blockyanim","5645","473E2484DB9E5BF34D63152F1E0C35D485456193B11D90147EB2C429D35185A2"
"character-animations","Fall_Far","Items/Dual_Handed/Longsword/Fall_Far","Common/Characters/Animations/Items/Dual_Handed/Longsword/Fall_Far.blockyanim","5660","6C377D48BFB2DFC79A7550ACEDC2BAB138CE1C302716CE1B1BEA3FBAA03CF37E"
"character-animations","Fall_Far_FPS","Items/Dual_Handed/Longsword/Fall_Far_FPS","Common/Characters/Animations/Items/Dual_Handed/Longsword/Fall_Far_FPS.blockyanim","3889","E51100EE82434BCF8D9B8DC51E85A153DF56CEC67EDCBF5EA79AFA3C676FC145"
"character-animations","Fall_FPS","Items/Dual_Handed/Longsword/Fall_FPS","Common/Characters/Animations/Items/Dual_Handed/Longsword/Fall_FPS.blockyanim","3881","913ABC911C28CD3AB285D49E71C8D9BEA7F618A1CF75BEAD91C0CED6FA2B3550"
"character-animations","Fly_Idle_Passive_Look_Around","Items/Dual_Handed/Longsword/Fly_Idle_Passive/Fly_Idle_Passive_Look_Around","Common/Characters/Animations/Items/Dual_Handed/Longsword/Fly_Idle_Passive/Fly_Idle_Passive_Look_Around.blockyanim","12494","36AFD5FA3E250B6814A3CB20AD295DDDB3615001D2DFFD88D59C72359CB35091"
"character-animations","Fly","Items/Dual_Handed/Longsword/Fly/Fly","Common/Characters/Animations/Items/Dual_Handed/Longsword/Fly/Fly.blockyanim","4367","E4B0001CA8CA20889D6613A78E79B65E6672CD2BDCA9898BAD6D1A684AA0B5D7"
"character-animations","Fly_Backward","Items/Dual_Handed/Longsword/Fly/Fly_Backward","Common/Characters/Animations/Items/Dual_Handed/Longsword/Fly/Fly_Backward.blockyanim","4368","5B7CFA967375D1C56C81A85EECEE23CDB978FDCB3B5553291D0950A5B625FDE7"
"character-animations","Fly_Backward_FPS","Items/Dual_Handed/Longsword/Fly/Fly_Backward_FPS","Common/Characters/Animations/Items/Dual_Handed/Longsword/Fly/Fly_Backward_FPS.blockyanim","4050","D3432EA096479856C638FDA93275C36BC8FF48278A57F46B590E59F841069E33"
"character-animations","Fly_Fast","Items/Dual_Handed/Longsword/Fly/Fly_Fast","Common/Characters/Animations/Items/Dual_Handed/Longsword/Fly/Fly_Fast.blockyanim","4367","E4E77BE39B8F231BF6654B85AED01331025075B11C0D6F5E7CAAE2680568A9E2"
"character-animations","Fly_Fast_FPS","Items/Dual_Handed/Longsword/Fly/Fly_Fast_FPS","Common/Characters/Animations/Items/Dual_Handed/Longsword/Fly/Fly_Fast_FPS.blockyanim","4049","4B2953C2BD04A2D686811020F8E2F7CD8DCBD38F8D24EA095C18F3BA4C34D73B"
"character-animations","Fly_FPS","Items/Dual_Handed/Longsword/Fly/Fly_FPS","Common/Characters/Animations/Items/Dual_Handed/Longsword/Fly/Fly_FPS.blockyanim","4050","D3432EA096479856C638FDA93275C36BC8FF48278A57F46B590E59F841069E33"
"character-animations","Fly_Idle","Items/Dual_Handed/Longsword/Fly/Fly_Idle","Common/Characters/Animations/Items/Dual_Handed/Longsword/Fly/Fly_Idle.blockyanim","4367","7A52831403DDEBFA77289EA016A5AFF72C89DCF5D17BAF45D58FD47182E8C3BC"
"character-animations","Fly_Idle_FPS","Items/Dual_Handed/Longsword/Fly/Fly_Idle_FPS","Common/Characters/Animations/Items/Dual_Handed/Longsword/Fly/Fly_Idle_FPS.blockyanim","4048","62E5A3056E3166C9335B82BC0C553BB8BA95586E9FC8BD11DAE0FE25B15B4647"
"character-animations","Idle","Items/Dual_Handed/Longsword/Idle","Common/Characters/Animations/Items/Dual_Handed/Longsword/Idle.blockyanim","13192","140DA37965C8EA9C7F6A3A88D882552C4671BD6C49660544452208C50B1C7266"
"character-animations","Idle_FPS","Items/Dual_Handed/Longsword/Idle_FPS","Common/Characters/Animations/Items/Dual_Handed/Longsword/Idle_FPS.blockyanim","4046","94E57D325848BE107F64DD980A86AED1D282258FA39B376F550C182160297F4C"
"character-animations","Idle_Passive","Items/Dual_Handed/Longsword/Idle_Passive/Idle_Passive","Common/Characters/Animations/Items/Dual_Handed/Longsword/Idle_Passive/Idle_Passive.blockyanim","4367","7A52831403DDEBFA77289EA016A5AFF72C89DCF5D17BAF45D58FD47182E8C3BC"
"character-animations","Interact","Items/Dual_Handed/Longsword/Interact","Common/Characters/Animations/Items/Dual_Handed/Longsword/Interact.blockyanim","10217","609C78C60EEBB0CDF79F349AAF14BC564E7E71D9FE91432327A190A45CE1044F"
"character-animations","Interact_FPS","Items/Dual_Handed/Longsword/Interact_FPS","Common/Characters/Animations/Items/Dual_Handed/Longsword/Interact_FPS.blockyanim","4393","EE2DA56A76007DD776E5E7D6ADD9A81F1CDF280E1DC62C9FBB00CF7578AFD4A3"
"character-animations","Jump","Items/Dual_Handed/Longsword/Jump","Common/Characters/Animations/Items/Dual_Handed/Longsword/Jump.blockyanim","5465","A7665C548B4D60F862B38428E647C61A8CC33598D42405F2DDEC81383C342556"
"character-animations","Jump_Far","Items/Dual_Handed/Longsword/Jump_Far","Common/Characters/Animations/Items/Dual_Handed/Longsword/Jump_Far.blockyanim","7396","2482EAD7AD54B96E28D4CA6856C738D0871F9D101B891B8527BB9FDD5DA43A8B"
"character-animations","Jump_Far_FPS","Items/Dual_Handed/Longsword/Jump_Far_FPS","Common/Characters/Animations/Items/Dual_Handed/Longsword/Jump_Far_FPS.blockyanim","5153","151A49C4C1A200488CB43A5C5B85861C0A268A9E2006D79850EB34B6A9EEEAB9"
"character-animations","Jump_FPS","Items/Dual_Handed/Longsword/Jump_FPS","Common/Characters/Animations/Items/Dual_Handed/Longsword/Jump_FPS.blockyanim","5145","86E820159067C22D63A985C8E42135F35A028BF6F94A254D352AC4A403E7A968"
"character-animations","Run","Items/Dual_Handed/Longsword/Run","Common/Characters/Animations/Items/Dual_Handed/Longsword/Run.blockyanim","6036","949705B3165F87CEE51D3AAEF774813D3B38CA63F3783A450C8C332BDF86CDE9"
"character-animations","Run_Backward","Items/Dual_Handed/Longsword/Run_Backward","Common/Characters/Animations/Items/Dual_Handed/Longsword/Run_Backward.blockyanim","6036","949705B3165F87CEE51D3AAEF774813D3B38CA63F3783A450C8C332BDF86CDE9"
"character-animations","Run_Backward_FPS","Items/Dual_Handed/Longsword/Run_Backward_FPS","Common/Characters/Animations/Items/Dual_Handed/Longsword/Run_Backward_FPS.blockyanim","4050","61E69BC92CF1F30D7E0F1900C6F6A0F324E95C09E9669AE4207EFE2AD3825F6A"
"character-animations","Run_FPS","Items/Dual_Handed/Longsword/Run_FPS","Common/Characters/Animations/Items/Dual_Handed/Longsword/Run_FPS.blockyanim","4049","D3AC747E0736B3F4AA99CDD356A86A13B83834290A0939EBFBE183C36687319E"
"character-animations","Sprint","Items/Dual_Handed/Longsword/Sprint","Common/Characters/Animations/Items/Dual_Handed/Longsword/Sprint.blockyanim","5824","73B0F64D7D125D340699C2EF678BD8DD6BE9FC4FF4B22625068AFE02B3904639"
"character-animations","Sprint_FPS","Items/Dual_Handed/Longsword/Sprint_FPS","Common/Characters/Animations/Items/Dual_Handed/Longsword/Sprint_FPS.blockyanim","4051","360716FE49595565F556BA2ED799B5085F1F7A7D930AE83B9A7A02259BBA7CD5"
"character-animations","Swim","Items/Dual_Handed/Longsword/Swim/Swim","Common/Characters/Animations/Items/Dual_Handed/Longsword/Swim/Swim.blockyanim","2022","DCBD0063AA29118086F19ECE674D79A6D9221246E493CF2C0BBFDFF8B1B448E8"
"character-animations","Swim_Backward","Items/Dual_Handed/Longsword/Swim/Swim_Backward","Common/Characters/Animations/Items/Dual_Handed/Longsword/Swim/Swim_Backward.blockyanim","1114","79487932B8452530ACD9343B075549D97A3E2609F4023608A10D1BFC6D3BAA54"
"character-animations","Swim_Backward_FPS","Items/Dual_Handed/Longsword/Swim/Swim_Backward_FPS","Common/Characters/Animations/Items/Dual_Handed/Longsword/Swim/Swim_Backward_FPS.blockyanim","2807","382013B4335B7C543FA1119541417DFB191EE1EB2F82D7876BA1F6784B73C781"
"character-animations","Swim_Dive","Items/Dual_Handed/Longsword/Swim/Swim_Dive","Common/Characters/Animations/Items/Dual_Handed/Longsword/Swim/Swim_Dive.blockyanim","2601","84F2A2201AF27983933CE63729BBF9C85348E7A1A4F0F4C4257ECDFB458CD238"
"character-animations","Swim_Dive_Backward","Items/Dual_Handed/Longsword/Swim/Swim_Dive_Backward","Common/Characters/Animations/Items/Dual_Handed/Longsword/Swim/Swim_Dive_Backward.blockyanim","1114","CBDE28E29E4E603B7F546ABE8EA53E0D14A04024FDDBA57FDD04522A702B37C3"
"character-animations","Swim_Dive_Backward_FPS","Items/Dual_Handed/Longsword/Swim/Swim_Dive_Backward_FPS","Common/Characters/Animations/Items/Dual_Handed/Longsword/Swim/Swim_Dive_Backward_FPS.blockyanim","2807","382013B4335B7C543FA1119541417DFB191EE1EB2F82D7876BA1F6784B73C781"
"character-animations","Swim_Dive_Fast","Items/Dual_Handed/Longsword/Swim/Swim_Dive_Fast","Common/Characters/Animations/Items/Dual_Handed/Longsword/Swim/Swim_Dive_Fast.blockyanim","1770","DC187F3BDAB50335EB1E0708EC4EAC7193CE9309273F8B19E38546CC574F6A1E"
"character-animations","Swim_Dive_Fast_FPS","Items/Dual_Handed/Longsword/Swim/Swim_Dive_Fast_FPS","Common/Characters/Animations/Items/Dual_Handed/Longsword/Swim/Swim_Dive_Fast_FPS.blockyanim","1984","9F55A40C7F7F675D7EF493AE10B8215975334DBC73E21271376D17A0D2FB7A34"
"character-animations","Swim_Dive_FPS","Items/Dual_Handed/Longsword/Swim/Swim_Dive_FPS","Common/Characters/Animations/Items/Dual_Handed/Longsword/Swim/Swim_Dive_FPS.blockyanim","2158","2B692635B23934E674FD5CBE6FCE8A9042526766CDF5A6D7FA13D7CE85D5515E"
"character-animations","Swim_Fast","Items/Dual_Handed/Longsword/Swim/Swim_Fast","Common/Characters/Animations/Items/Dual_Handed/Longsword/Swim/Swim_Fast.blockyanim","3220","086ECE971D4F0406094AB5C2AD56AF9AE76F1847590161C441C7496D5F6AB906"
"character-animations","Swim_Fast_FPS","Items/Dual_Handed/Longsword/Swim/Swim_Fast_FPS","Common/Characters/Animations/Items/Dual_Handed/Longsword/Swim/Swim_Fast_FPS.blockyanim","2504","46C4476A5447F7ACB3A7840534F5B7473AB3A62D26ACDCFB0F3D05F45CABE473"
"character-animations","Swim_Float","Items/Dual_Handed/Longsword/Swim/Swim_Float","Common/Characters/Animations/Items/Dual_Handed/Longsword/Swim/Swim_Float.blockyanim","3064","A570DE4CA9921791EA82D97D54ED91E1D45A222A6A208B785B28DB86EBC0BFAA"
"character-animations","Swim_Float_FPS","Items/Dual_Handed/Longsword/Swim/Swim_Float_FPS","Common/Characters/Animations/Items/Dual_Handed/Longsword/Swim/Swim_Float_FPS.blockyanim","2158","2B692635B23934E674FD5CBE6FCE8A9042526766CDF5A6D7FA13D7CE85D5515E"
"character-animations","Swim_FPS","Items/Dual_Handed/Longsword/Swim/Swim_FPS","Common/Characters/Animations/Items/Dual_Handed/Longsword/Swim/Swim_FPS.blockyanim","2377","E9E7209074828BCFEE2CE63C041E3A2A5D49987E7192AA75A42E5BFB1950EB49"
"character-animations","Swim_Idle","Items/Dual_Handed/Longsword/Swim/Swim_Idle","Common/Characters/Animations/Items/Dual_Handed/Longsword/Swim/Swim_Idle.blockyanim","1236","90E6CA96C0FE5CDE177AEC5A97980FB3C080E544500709533855D65F61B1D33D"
"character-animations","Swim_Idle_FPS","Items/Dual_Handed/Longsword/Swim/Swim_Idle_FPS","Common/Characters/Animations/Items/Dual_Handed/Longsword/Swim/Swim_Idle_FPS.blockyanim","1739","9E8DEE125D4C780664A8D0225AFFFF038934D68BF771D56287B325C62129692F"
"character-animations","Swim_Jump","Items/Dual_Handed/Longsword/Swim/Swim_Jump","Common/Characters/Animations/Items/Dual_Handed/Longsword/Swim/Swim_Jump.blockyanim","2610","BABE068270689ABF736FE38178155A2D68A64706827D0745DD7596AD51AEC4B2"
"character-animations","Swim_Jump_FPS","Items/Dual_Handed/Longsword/Swim/Swim_Jump_FPS","Common/Characters/Animations/Items/Dual_Handed/Longsword/Swim/Swim_Jump_FPS.blockyanim","2548","2412FD46E0A4A77285738AED2A846C3D634FF5A84487DFA80E6104F0D1B91393"
"character-animations","Swim_Sink","Items/Dual_Handed/Longsword/Swim/Swim_Sink","Common/Characters/Animations/Items/Dual_Handed/Longsword/Swim/Swim_Sink.blockyanim","678","8473498558FB71EBF5167C7399E5FB5BB1A21B84E5763E09009B35E121A9D7FA"
"character-animations","Swim_Sink_FPS","Items/Dual_Handed/Longsword/Swim/Swim_Sink_FPS","Common/Characters/Animations/Items/Dual_Handed/Longsword/Swim/Swim_Sink_FPS.blockyanim","1983","DB18F15BCE1935155B0E6950463FA8147D978D06618BABEB9238A9A9F5549B96"
"character-animations","Walk","Items/Dual_Handed/Longsword/Walk","Common/Characters/Animations/Items/Dual_Handed/Longsword/Walk.blockyanim","6024","CA4AC2F29AB5A9ED952AA52EE607DC0754316B37B984B444DA818AC4CF96EC40"
"character-animations","Walk_Backward","Items/Dual_Handed/Longsword/Walk_Backward","Common/Characters/Animations/Items/Dual_Handed/Longsword/Walk_Backward.blockyanim","6024","59B7FC21AE3D8628D72BA4F40ECF6AF446C0A5D491AE7C726D47BAECE989D580"
"character-animations","Walk_Backward_FPS","Items/Dual_Handed/Longsword/Walk_Backward_FPS","Common/Characters/Animations/Items/Dual_Handed/Longsword/Walk_Backward_FPS.blockyanim","3415","2BBB068055BA9A1651094D305E83D8799757C371800835355E9AF4372BC981F6"
"character-animations","Walk_FPS","Items/Dual_Handed/Longsword/Walk_FPS","Common/Characters/Animations/Items/Dual_Handed/Longsword/Walk_FPS.blockyanim","3415","FAFF08FE389592CCCC38A59F9F34757CF5808C4EA94B316041278C0649D66845"
"character-animations","Guard_Bash","Items/Dual_Handed/Mace/Attacks/Guard_Bash/Guard_Bash","Common/Characters/Animations/Items/Dual_Handed/Mace/Attacks/Guard_Bash/Guard_Bash.blockyanim","19528","FD80C64774EA69EAE15B939077B01CF72026596A5BF10911FFD676DD67E36143"
"character-animations","Guard_Bash_FPS","Items/Dual_Handed/Mace/Attacks/Guard_Bash/Guard_Bash_FPS","Common/Characters/Animations/Items/Dual_Handed/Mace/Attacks/Guard_Bash/Guard_Bash_FPS.blockyanim","8982","7C204733E4A53B7D13F2377E2203DA64CCC74827DA8782E1812CAA99D47B0D58"
"character-animations","Guard_Bash_Moving","Items/Dual_Handed/Mace/Attacks/Guard_Bash/Guard_Bash_Moving","Common/Characters/Animations/Items/Dual_Handed/Mace/Attacks/Guard_Bash/Guard_Bash_Moving.blockyanim","13774","D6F81BED2A3E51C48771259F3BE8FBD02E2D71B9144747EE8E989E1C60C6DF0B"
"character-animations","Guard","Items/Dual_Handed/Mace/Attacks/Guard/Guard","Common/Characters/Animations/Items/Dual_Handed/Mace/Attacks/Guard/Guard.blockyanim","6539","7F974B464DAE7E0C66C3FFFFA809147F32FE7722D94898C4ABC1D81AA09B6F9D"
"character-animations","Guard_FPS","Items/Dual_Handed/Mace/Attacks/Guard/Guard_FPS","Common/Characters/Animations/Items/Dual_Handed/Mace/Attacks/Guard/Guard_FPS.blockyanim","3270","0B106D08F4A490D3B7506E82D2E172FF779E21155745CAA6CF20D03BFE149AA0"
"character-animations","Guard_Moving","Items/Dual_Handed/Mace/Attacks/Guard/Guard_Moving","Common/Characters/Animations/Items/Dual_Handed/Mace/Attacks/Guard/Guard_Moving.blockyanim","3866","74B585A46AD5BA2367F750BABBD9BE5D99598EAA5B91516A6E567BC3EB853CFC"
"character-animations","Swing_Down_Charged","Items/Dual_Handed/Mace/Attacks/Swing_Down_Charged/Swing_Down_Charged","Common/Characters/Animations/Items/Dual_Handed/Mace/Attacks/Swing_Down_Charged/Swing_Down_Charged.blockyanim","22283","405BA112246610E5CA4349DED0BBDF832F5EE9A7EEFA73ECC08DB3E4E65A0600"
"character-animations","Swing_Down_Charged_FPS","Items/Dual_Handed/Mace/Attacks/Swing_Down_Charged/Swing_Down_Charged_FPS","Common/Characters/Animations/Items/Dual_Handed/Mace/Attacks/Swing_Down_Charged/Swing_Down_Charged_FPS.blockyanim","10213","B01EBED4C2C3B2E1544253A1ACB2779F9EEE2171E95E847BA1F6FB493EF81EFF"
"character-animations","Swing_Down_Charged_Moving","Items/Dual_Handed/Mace/Attacks/Swing_Down_Charged/Swing_Down_Charged_Moving","Common/Characters/Animations/Items/Dual_Handed/Mace/Attacks/Swing_Down_Charged/Swing_Down_Charged_Moving.blockyanim","16336","2B90A0BE8B5E343FB48F102D2104FA1A9EDF15E33DDF98F39336D03A54058A4F"
"character-animations","Swing_Down_Charging","Items/Dual_Handed/Mace/Attacks/Swing_Down_Charged/Swing_Down_Charging","Common/Characters/Animations/Items/Dual_Handed/Mace/Attacks/Swing_Down_Charged/Swing_Down_Charging.blockyanim","12815","46CF630CF110C121DBAB961A5F70AF2E7556DEEFD5B6E7304B6EC1D847BB233C"
"character-animations","Swing_Down_Charging_FPS","Items/Dual_Handed/Mace/Attacks/Swing_Down_Charged/Swing_Down_Charging_FPS","Common/Characters/Animations/Items/Dual_Handed/Mace/Attacks/Swing_Down_Charged/Swing_Down_Charging_FPS.blockyanim","4931","5F8E06E6C942A3444E7F18E1BD2E0B14ABDFAE9C7B33FABB429B32791CE51C61"
"character-animations","Swing_Down_Charging_Moving","Items/Dual_Handed/Mace/Attacks/Swing_Down_Charged/Swing_Down_Charging_Moving","Common/Characters/Animations/Items/Dual_Handed/Mace/Attacks/Swing_Down_Charged/Swing_Down_Charging_Moving.blockyanim","6888","11663D992D604A5BC44D2FD44F4A68AD3EB0806C3E41F21E3FF1FC975658053F"
"character-animations","Swing_Down_Falling","Items/Dual_Handed/Mace/Attacks/Swing_Down_Charged/Swing_Down_Falling","Common/Characters/Animations/Items/Dual_Handed/Mace/Attacks/Swing_Down_Charged/Swing_Down_Falling.blockyanim","14973","CD0EEFB04EC5A1D72B9F0AA9925B129C78836263C0653686A65AF2362D189FD6"
"character-animations","Swing_Down_Falling_FPS","Items/Dual_Handed/Mace/Attacks/Swing_Down_Charged/Swing_Down_Falling_FPS","Common/Characters/Animations/Items/Dual_Handed/Mace/Attacks/Swing_Down_Charged/Swing_Down_Falling_FPS.blockyanim","2932","01679808D59929896FBF39001E954E3833CDAFAAC1AB617B947831EB84FB59DC"
"character-animations","Swing_Down","Items/Dual_Handed/Mace/Attacks/Swing_Down/Swing_Down","Common/Characters/Animations/Items/Dual_Handed/Mace/Attacks/Swing_Down/Swing_Down.blockyanim","20590","1B1CEBC8F00A5542797CA49760CC6F1C74EA8A74DB386E683E5A5BB591D69638"
"character-animations","Swing_Down_FPS","Items/Dual_Handed/Mace/Attacks/Swing_Down/Swing_Down_FPS","Common/Characters/Animations/Items/Dual_Handed/Mace/Attacks/Swing_Down/Swing_Down_FPS.blockyanim","7822","395A4F431E02916387A6D5D0E4F7A33434E4071E964D4E560FBFD8BE4F08FF08"
"character-animations","Swing_Down_Moving","Items/Dual_Handed/Mace/Attacks/Swing_Down/Swing_Down_Moving","Common/Characters/Animations/Items/Dual_Handed/Mace/Attacks/Swing_Down/Swing_Down_Moving.blockyanim","14627","C6CD275E468DC4649C61780FA0665F97278282F9965C0A6230CB630DB2C3D3D7"
"character-animations","Swing_Left_Charged","Items/Dual_Handed/Mace/Attacks/Swing_Left_Charged/Swing_Left_Charged","Common/Characters/Animations/Items/Dual_Handed/Mace/Attacks/Swing_Left_Charged/Swing_Left_Charged.blockyanim","20870","33642AD108E09988EEDCB7F3DB82FA44F32B5ED6AB4E37A993F62C30F600D4FB"
"character-animations","Swing_Left_Charged_FPS","Items/Dual_Handed/Mace/Attacks/Swing_Left_Charged/Swing_Left_Charged_FPS","Common/Characters/Animations/Items/Dual_Handed/Mace/Attacks/Swing_Left_Charged/Swing_Left_Charged_FPS.blockyanim","7093","B6B514A3D71ED09E765889FFE5A51C9F8294E457AF91AFAF17294BC5B5B8CC9C"
"character-animations","Swing_Left_Charged_Moving","Items/Dual_Handed/Mace/Attacks/Swing_Left_Charged/Swing_Left_Charged_Moving","Common/Characters/Animations/Items/Dual_Handed/Mace/Attacks/Swing_Left_Charged/Swing_Left_Charged_Moving.blockyanim","9937","79271BD86DED6BA0D2D03585112990A16C03D460FFDF217A8A4898DFFFADD002"
"character-animations","Swing_Left_Charging","Items/Dual_Handed/Mace/Attacks/Swing_Left_Charged/Swing_Left_Charging","Common/Characters/Animations/Items/Dual_Handed/Mace/Attacks/Swing_Left_Charged/Swing_Left_Charging.blockyanim","18106","EE0E6210A1D0B8550C0D694A6D4CC4009FA7EB1EA8F41121903E3F749CC55413"
"character-animations","Swing_Left_Charging_FPS","Items/Dual_Handed/Mace/Attacks/Swing_Left_Charged/Swing_Left_Charging_FPS","Common/Characters/Animations/Items/Dual_Handed/Mace/Attacks/Swing_Left_Charged/Swing_Left_Charging_FPS.blockyanim","4919","1FB89D909D691F8FA787C3B66F74406144DBC9B7F4CE7B66B99330F3A6F4AA7A"
"character-animations","Swing_Left_Charging_Moving","Items/Dual_Handed/Mace/Attacks/Swing_Left_Charged/Swing_Left_Charging_Moving","Common/Characters/Animations/Items/Dual_Handed/Mace/Attacks/Swing_Left_Charged/Swing_Left_Charging_Moving.blockyanim","7766","82D6D9C401EC7797FBCD33953C4F8762AF96E058731E12E7FC8355ADA76B3D8A"
"character-animations","Swing_Left","Items/Dual_Handed/Mace/Attacks/Swing_Left/Swing_Left","Common/Characters/Animations/Items/Dual_Handed/Mace/Attacks/Swing_Left/Swing_Left.blockyanim","19332","A2D5C31D304E78AF969FC600E40F0F870EB5ED32E33865E927B95FE90AAE9B5C"
"character-animations","Swing_Left_FPS","Items/Dual_Handed/Mace/Attacks/Swing_Left/Swing_Left_FPS","Common/Characters/Animations/Items/Dual_Handed/Mace/Attacks/Swing_Left/Swing_Left_FPS.blockyanim","8992","244597430B338D903E1580038C9A8F477C4F9E847C439A1143230F2EE3D6B5F6"
"character-animations","Swing_Left_Moving","Items/Dual_Handed/Mace/Attacks/Swing_Left/Swing_Left_Moving","Common/Characters/Animations/Items/Dual_Handed/Mace/Attacks/Swing_Left/Swing_Left_Moving.blockyanim","10559","358ADCA1D960899C1CDAD0F00DAE29EAA3F4DF422C1EE2EEF74BB32ABCBD5CAA"
"character-animations","Swing_Right_Charged","Items/Dual_Handed/Mace/Attacks/Swing_Right_Charged/Swing_Right_Charged","Common/Characters/Animations/Items/Dual_Handed/Mace/Attacks/Swing_Right_Charged/Swing_Right_Charged.blockyanim","18004","72337BD7EE841F7BC7C80C347623EAFC91626EAACA19491EE9C510D269180E51"
"character-animations","Swing_Right_Charged_FPS","Items/Dual_Handed/Mace/Attacks/Swing_Right_Charged/Swing_Right_Charged_FPS","Common/Characters/Animations/Items/Dual_Handed/Mace/Attacks/Swing_Right_Charged/Swing_Right_Charged_FPS.blockyanim","6097","807AAAE3A7F39E2484D80419211AA7EC269AED50C53807938157D9BAFD9BD599"
"character-animations","Swing_Right_Charged_Moving","Items/Dual_Handed/Mace/Attacks/Swing_Right_Charged/Swing_Right_Charged_Moving","Common/Characters/Animations/Items/Dual_Handed/Mace/Attacks/Swing_Right_Charged/Swing_Right_Charged_Moving.blockyanim","7070","DD6F560B3C66E1CD3B8B2D853C9DE84D60461E0F9EA985D1772BEF2B369F31B8"
"character-animations","Swing_Right_Charging","Items/Dual_Handed/Mace/Attacks/Swing_Right_Charged/Swing_Right_Charging","Common/Characters/Animations/Items/Dual_Handed/Mace/Attacks/Swing_Right_Charged/Swing_Right_Charging.blockyanim","15299","D1588C9C64A95C371C8FA90896F959E42071A696337DB51A88D31674BDEFC369"
"character-animations","Swing_Right_Charging_FPS","Items/Dual_Handed/Mace/Attacks/Swing_Right_Charged/Swing_Right_Charging_FPS","Common/Characters/Animations/Items/Dual_Handed/Mace/Attacks/Swing_Right_Charged/Swing_Right_Charging_FPS.blockyanim","5327","F3609CE3017DA3C8DEE59BEDC9ED12ADCF1A3C74B3CEF5E502A52E71CBB0F0F6"
"character-animations","Swing_Right_Charging_Moving","Items/Dual_Handed/Mace/Attacks/Swing_Right_Charged/Swing_Right_Charging_Moving","Common/Characters/Animations/Items/Dual_Handed/Mace/Attacks/Swing_Right_Charged/Swing_Right_Charging_Moving.blockyanim","7140","A62B4E9C60C200C51F6C73AF320BBEE5DFDBAEA3517532A05C99E7525F6DC45B"
"character-animations","Swing_Right","Items/Dual_Handed/Mace/Attacks/Swing_Right/Swing_Right","Common/Characters/Animations/Items/Dual_Handed/Mace/Attacks/Swing_Right/Swing_Right.blockyanim","16946","89957453E1BEE721F95DE93377B59549F6C340CB144018491A27CFAA2B58182F"
"character-animations","Swing_Right_FPS","Items/Dual_Handed/Mace/Attacks/Swing_Right/Swing_Right_FPS","Common/Characters/Animations/Items/Dual_Handed/Mace/Attacks/Swing_Right/Swing_Right_FPS.blockyanim","8420","B8A8B124D94043CCEAC2698F10AD2FB4F649109CA1FAB4EFAB3FC97DCE33419A"
"character-animations","Swing_Right_Moving","Items/Dual_Handed/Mace/Attacks/Swing_Right/Swing_Right_Moving","Common/Characters/Animations/Items/Dual_Handed/Mace/Attacks/Swing_Right/Swing_Right_Moving.blockyanim","11040","E846F2D78B358846DC0B3E785AF930D9BF881826BD271DD8760741EA74048661"
"character-animations","Swing_Up_Left_Charged","Items/Dual_Handed/Mace/Attacks/Swing_Up_Left_Charged/Swing_Up_Left_Charged","Common/Characters/Animations/Items/Dual_Handed/Mace/Attacks/Swing_Up_Left_Charged/Swing_Up_Left_Charged.blockyanim","16192","D640FA896CA38756A27577AD7BB7F461E584A2BFF0DAB1101D678B5C5578EF9F"
"character-animations","Swing_Up_Left_Charged_FPS","Items/Dual_Handed/Mace/Attacks/Swing_Up_Left_Charged/Swing_Up_Left_Charged_FPS","Common/Characters/Animations/Items/Dual_Handed/Mace/Attacks/Swing_Up_Left_Charged/Swing_Up_Left_Charged_FPS.blockyanim","7337","2794CFA377C2623B961D640BA658773B46C41CA9FF5C3E56DC658BEAD3DB7A7F"
"character-animations","Swing_Up_Left_Charged_Moving","Items/Dual_Handed/Mace/Attacks/Swing_Up_Left_Charged/Swing_Up_Left_Charged_Moving","Common/Characters/Animations/Items/Dual_Handed/Mace/Attacks/Swing_Up_Left_Charged/Swing_Up_Left_Charged_Moving.blockyanim","11871","81654C97C5244E6180B77CC24301967ACC57932733C1C9EEC6F908CC82B450E4"
"character-animations","Swing_Up_Left_Charging","Items/Dual_Handed/Mace/Attacks/Swing_Up_Left_Charged/Swing_Up_Left_Charging","Common/Characters/Animations/Items/Dual_Handed/Mace/Attacks/Swing_Up_Left_Charged/Swing_Up_Left_Charging.blockyanim","12780","853C512AF1E7486D712255B2978105E0CAD02E78AFDC60603A68219E21D7E6A1"
"character-animations","Swing_Up_Left_Charging_FPS","Items/Dual_Handed/Mace/Attacks/Swing_Up_Left_Charged/Swing_Up_Left_Charging_FPS","Common/Characters/Animations/Items/Dual_Handed/Mace/Attacks/Swing_Up_Left_Charged/Swing_Up_Left_Charging_FPS.blockyanim","5115","6D147BDF4722FA666262729BE84A3FE74D556A8BD3AB266E8E3E5273F93BDBD0"
"character-animations","Swing_Up_Left_Charging_Moving","Items/Dual_Handed/Mace/Attacks/Swing_Up_Left_Charged/Swing_Up_Left_Charging_Moving","Common/Characters/Animations/Items/Dual_Handed/Mace/Attacks/Swing_Up_Left_Charged/Swing_Up_Left_Charging_Moving.blockyanim","8447","53B2A5A76C31338AC9A204C6602BDC7A0A106F1638F56234418B5853C653C0F5"
"character-animations","Swing_Up_Left","Items/Dual_Handed/Mace/Attacks/Swing_Up_Left/Swing_Up_Left","Common/Characters/Animations/Items/Dual_Handed/Mace/Attacks/Swing_Up_Left/Swing_Up_Left.blockyanim","20897","66A0D7BF918729748CF536B7DFF222FC5AC0FEE4263E17A51E8594BE0A671D59"
"character-animations","Swing_Up_Left_FPS","Items/Dual_Handed/Mace/Attacks/Swing_Up_Left/Swing_Up_Left_FPS","Common/Characters/Animations/Items/Dual_Handed/Mace/Attacks/Swing_Up_Left/Swing_Up_Left_FPS.blockyanim","8979","F69E7E3494E225A24D0C1F6F58C6B4684B70A1BE648F1346EF5F00BA2422C902"
"character-animations","Swing_Up_Left_Moving","Items/Dual_Handed/Mace/Attacks/Swing_Up_Left/Swing_Up_Left_Moving","Common/Characters/Animations/Items/Dual_Handed/Mace/Attacks/Swing_Up_Left/Swing_Up_Left_Moving.blockyanim","12127","3CCF0316E67F0E788D89E8CC81971EC4ABAF95FBBE2BECA9DDEE28303605957E"
"character-animations","Swing_Up_Right","Items/Dual_Handed/Mace/Attacks/Swing_Up_Right/Swing_Up_Right","Common/Characters/Animations/Items/Dual_Handed/Mace/Attacks/Swing_Up_Right/Swing_Up_Right.blockyanim","20697","97BCA3E9729843CDFA54A42DD434225338C822860E8C118C243CDA1BCE5F5288"
"character-animations","Swing_Up_Right_FPS","Items/Dual_Handed/Mace/Attacks/Swing_Up_Right/Swing_Up_Right_FPS","Common/Characters/Animations/Items/Dual_Handed/Mace/Attacks/Swing_Up_Right/Swing_Up_Right_FPS.blockyanim","8588","7BF6FD19DD1A86EEADD5AB48832DC1D19D18C46F752288E4BFB2C187A00D807F"
"character-animations","Swing_Up_Right_Moving","Items/Dual_Handed/Mace/Attacks/Swing_Up_Right/Swing_Up_Right_Moving","Common/Characters/Animations/Items/Dual_Handed/Mace/Attacks/Swing_Up_Right/Swing_Up_Right_Moving.blockyanim","14733","6D3462D49DD623FC71F50E53354A9002C11952024B7679726B413A651B55BF93"
"character-animations","Guard_Bash","Items/Dual_Handed/Rifle/Attacks/Guard_Bash/Guard_Bash","Common/Characters/Animations/Items/Dual_Handed/Rifle/Attacks/Guard_Bash/Guard_Bash.blockyanim","16288","DAC0FBBD514E6BDCC9318CF04587D88A8E316BDEAA3C8DC173DEC8517B3D4A70"
"character-animations","Guard_Bash_FPS","Items/Dual_Handed/Rifle/Attacks/Guard_Bash/Guard_Bash_FPS","Common/Characters/Animations/Items/Dual_Handed/Rifle/Attacks/Guard_Bash/Guard_Bash_FPS.blockyanim","7878","968A62B224C71627D47876B932DF5E0CD6801D5E59658A3EE313AAC3006B0523"
"character-animations","Guard_Bash_Moving","Items/Dual_Handed/Rifle/Attacks/Guard_Bash/Guard_Bash_Moving","Common/Characters/Animations/Items/Dual_Handed/Rifle/Attacks/Guard_Bash/Guard_Bash_Moving.blockyanim","8170","0B6F9D1134956FDAFD85F7E3C2E49425CA759B36AC9893FE32BA858C23CF2150"
"character-animations","Shoot_Flintlock_Charged","Items/Dual_Handed/Rifle/Attacks/Shoot_Flintlock_Charged/Shoot_Flintlock_Charged","Common/Characters/Animations/Items/Dual_Handed/Rifle/Attacks/Shoot_Flintlock_Charged/Shoot_Flintlock_Charged.blockyanim","13387","EA2FF8281EE5CAC30D0E07C8FB20956A650BABECAFC5FB2A972E863510A12373"
"character-animations","Shoot_Flintlock_Charged_FPS","Items/Dual_Handed/Rifle/Attacks/Shoot_Flintlock_Charged/Shoot_Flintlock_Charged_FPS","Common/Characters/Animations/Items/Dual_Handed/Rifle/Attacks/Shoot_Flintlock_Charged/Shoot_Flintlock_Charged_FPS.blockyanim","4478","529A5FCB7C9FCB97D4D0AF97E26569843EF071CF07E0DF636E066561A0B43EFF"
"character-animations","Shoot_Flintlock_Charged_Moving","Items/Dual_Handed/Rifle/Attacks/Shoot_Flintlock_Charged/Shoot_Flintlock_Charged_Moving","Common/Characters/Animations/Items/Dual_Handed/Rifle/Attacks/Shoot_Flintlock_Charged/Shoot_Flintlock_Charged_Moving.blockyanim","9184","B59DA91AFC98B82A34364CE6C4DCC894AA31F8CDE6C5DD650592EAAC3A5E3378"
"character-animations","Shoot_Flintlock_Charging","Items/Dual_Handed/Rifle/Attacks/Shoot_Flintlock_Charged/Shoot_Flintlock_Charging","Common/Characters/Animations/Items/Dual_Handed/Rifle/Attacks/Shoot_Flintlock_Charged/Shoot_Flintlock_Charging.blockyanim","37316","A8E491B9110D8B388635005B44D50D1C1CAD105897BE9BC2B810B65DC43A3C94"
"character-animations","Shoot_Flintlock_Charging_FPS","Items/Dual_Handed/Rifle/Attacks/Shoot_Flintlock_Charged/Shoot_Flintlock_Charging_FPS","Common/Characters/Animations/Items/Dual_Handed/Rifle/Attacks/Shoot_Flintlock_Charged/Shoot_Flintlock_Charging_FPS.blockyanim","19718","03492469422EE69E138A0E8DF41CBFD54D82F47C0745334F9BD985CF657602C2"
"character-animations","Shoot_Flintlock_Charging_Moving","Items/Dual_Handed/Rifle/Attacks/Shoot_Flintlock_Charged/Shoot_Flintlock_Charging_Moving","Common/Characters/Animations/Items/Dual_Handed/Rifle/Attacks/Shoot_Flintlock_Charged/Shoot_Flintlock_Charging_Moving.blockyanim","31553","43D908E1362AB32EA67B545CE6AB02D75A2A4077F12501B5745946EFF834DEA1"
"character-animations","Shoot_Flintlock","Items/Dual_Handed/Rifle/Attacks/Shoot_Flintlock/Shoot_Flintlock","Common/Characters/Animations/Items/Dual_Handed/Rifle/Attacks/Shoot_Flintlock/Shoot_Flintlock.blockyanim","42846","C2B06C063C326F7BC26C57943776A96074440F677E9D096B77909EBD745EA3E1"
"character-animations","Shoot_Flintlock_FPS","Items/Dual_Handed/Rifle/Attacks/Shoot_Flintlock/Shoot_Flintlock_FPS","Common/Characters/Animations/Items/Dual_Handed/Rifle/Attacks/Shoot_Flintlock/Shoot_Flintlock_FPS.blockyanim","21067","FAD4A86B319A8C1734FAD0A21263AA05339F6A2BBE2B2B2618077A1009F3264A"
"character-animations","Shoot_Flintlock_Moving","Items/Dual_Handed/Rifle/Attacks/Shoot_Flintlock/Shoot_Flintlock_Moving","Common/Characters/Animations/Items/Dual_Handed/Rifle/Attacks/Shoot_Flintlock/Shoot_Flintlock_Moving.blockyanim","35439","3DB2D545F76B5E513841A37CEACE42E1FEF105A8707D93587C834FA065FD05E2"
"character-animations","Shoot","Items/Dual_Handed/Rifle/Attacks/Shoot/Shoot","Common/Characters/Animations/Items/Dual_Handed/Rifle/Attacks/Shoot/Shoot.blockyanim","11325","BCDCC4629080325337AD0D8A0D5B649AFC933AB9F436B0B7702E7AB5098574B7"
"character-animations","Shoot_FPS","Items/Dual_Handed/Rifle/Attacks/Shoot/Shoot_FPS","Common/Characters/Animations/Items/Dual_Handed/Rifle/Attacks/Shoot/Shoot_FPS.blockyanim","3552","0479814F44F83510656E657098BBC2458DA885EC5439B6C339DE0E09444A9738"
"character-animations","Shoot_Moving","Items/Dual_Handed/Rifle/Attacks/Shoot/Shoot_Moving","Common/Characters/Animations/Items/Dual_Handed/Rifle/Attacks/Shoot/Shoot_Moving.blockyanim","7122","7E185C771F519D2F81BD0D22EE11A826953D5874B62D4D1EADB14E641EC33530"
"character-animations","Swing_Left","Items/Dual_Handed/Rifle/Attacks/Swing_Left/Swing_Left","Common/Characters/Animations/Items/Dual_Handed/Rifle/Attacks/Swing_Left/Swing_Left.blockyanim","16288","DAC0FBBD514E6BDCC9318CF04587D88A8E316BDEAA3C8DC173DEC8517B3D4A70"
"character-animations","Swing_Left_FPS","Items/Dual_Handed/Rifle/Attacks/Swing_Left/Swing_Left_FPS","Common/Characters/Animations/Items/Dual_Handed/Rifle/Attacks/Swing_Left/Swing_Left_FPS.blockyanim","7878","968A62B224C71627D47876B932DF5E0CD6801D5E59658A3EE313AAC3006B0523"
"character-animations","Swing_Left_Moving","Items/Dual_Handed/Rifle/Attacks/Swing_Left/Swing_Left_Moving","Common/Characters/Animations/Items/Dual_Handed/Rifle/Attacks/Swing_Left/Swing_Left_Moving.blockyanim","8170","0B6F9D1134956FDAFD85F7E3C2E49425CA759B36AC9893FE32BA858C23CF2150"
"character-animations","Climb_Down","Items/Dual_Handed/Rifle/Climb/Climb_Down","Common/Characters/Animations/Items/Dual_Handed/Rifle/Climb/Climb_Down.blockyanim","10430","9EF24F3ADE8C3A53C96D5FEDD876B8E6AF025DB727F998ABC6DB257DB3AEB2CC"
"character-animations","Climb_Down_FPS","Items/Dual_Handed/Rifle/Climb/Climb_Down_FPS","Common/Characters/Animations/Items/Dual_Handed/Rifle/Climb/Climb_Down_FPS.blockyanim","4571","7CA2356963606037698BC9088D69806EF26991575806BA1B5265B7DEA6FEB7EB"
"character-animations","Climb_Idle","Items/Dual_Handed/Rifle/Climb/Climb_Idle","Common/Characters/Animations/Items/Dual_Handed/Rifle/Climb/Climb_Idle.blockyanim","3655","65723B79B00D6F93565FA5ACBD254D1AE9EB7F361065F4422A4E5676958A8281"
"character-animations","Climb_Idle_FPS","Items/Dual_Handed/Rifle/Climb/Climb_Idle_FPS","Common/Characters/Animations/Items/Dual_Handed/Rifle/Climb/Climb_Idle_FPS.blockyanim","2602","88F2B29E13813E715364158B7453737001D79C545046FCCF36AFBB519ABB1A1C"
"character-animations","Climb_Left","Items/Dual_Handed/Rifle/Climb/Climb_Left","Common/Characters/Animations/Items/Dual_Handed/Rifle/Climb/Climb_Left.blockyanim","5943","2CAFAF551510899FB73B09FB0C147CC14B84C362DDB3BD6F9B94BC93F4AFD91B"
"character-animations","Climb_Left_FPS","Items/Dual_Handed/Rifle/Climb/Climb_Left_FPS","Common/Characters/Animations/Items/Dual_Handed/Rifle/Climb/Climb_Left_FPS.blockyanim","4583","C5ACA3A13BFD810C01A1D44312A098E8770C26C5B858470E4FA01774BEC047A4"
"character-animations","Climb_Right","Items/Dual_Handed/Rifle/Climb/Climb_Right","Common/Characters/Animations/Items/Dual_Handed/Rifle/Climb/Climb_Right.blockyanim","5943","3B865749225A835B7467A8B77A4FD27E5264C3341A8AE7D69256D7CE6A427F15"
"character-animations","Climb_Right_FPS","Items/Dual_Handed/Rifle/Climb/Climb_Right_FPS","Common/Characters/Animations/Items/Dual_Handed/Rifle/Climb/Climb_Right_FPS.blockyanim","4583","886D549E2BFA16D592B9895037DF28AA7C8C617CE93980B636EFBE322DEA6F2C"
"character-animations","Climb_Up","Items/Dual_Handed/Rifle/Climb/Climb_Up","Common/Characters/Animations/Items/Dual_Handed/Rifle/Climb/Climb_Up.blockyanim","10430","9EF24F3ADE8C3A53C96D5FEDD876B8E6AF025DB727F998ABC6DB257DB3AEB2CC"
"character-animations","Climb_Up_FPS","Items/Dual_Handed/Rifle/Climb/Climb_Up_FPS","Common/Characters/Animations/Items/Dual_Handed/Rifle/Climb/Climb_Up_FPS.blockyanim","4571","EB70D799E8172B8C476CBC2BE24F7F51F112B25DE20F0BE9AEE55FB94FF97BBB"
"character-animations","Crouch","Items/Dual_Handed/Rifle/Crouch","Common/Characters/Animations/Items/Dual_Handed/Rifle/Crouch.blockyanim","4333","85BC224888F8649B26E56C37B11B0755FD78DAC3935C59C763C03CAFA32E6AF9"
"character-animations","Crouch_FPS","Items/Dual_Handed/Rifle/Crouch_FPS","Common/Characters/Animations/Items/Dual_Handed/Rifle/Crouch_FPS.blockyanim","2947","7851692F88F2085675E977869184ED138AB5A6172E7070F79244884A7F440710"
"character-animations","Crouch_Walk","Items/Dual_Handed/Rifle/Crouch_Walk","Common/Characters/Animations/Items/Dual_Handed/Rifle/Crouch_Walk.blockyanim","3685","0399FE59466E523EDCBF90A48E5093487D13C170A2AD1FE7CF8ACCAB355031E5"
"character-animations","Crouch_Walk_Backward","Items/Dual_Handed/Rifle/Crouch_Walk_Backward","Common/Characters/Animations/Items/Dual_Handed/Rifle/Crouch_Walk_Backward.blockyanim","3684","4FD7F254D48B30FEC61BE6DA8BE40F82004BF55455289FE9CCA3EE1764288C9F"
"character-animations","Crouch_Walk_Backward_FPS","Items/Dual_Handed/Rifle/Crouch_Walk_Backward_FPS","Common/Characters/Animations/Items/Dual_Handed/Rifle/Crouch_Walk_Backward_FPS.blockyanim","2947","F9EB0B82973C15A88CA2B00B87BB8D86668E23DED158641AC1B2252024B5418B"
"character-animations","Crouch_Walk_FPS","Items/Dual_Handed/Rifle/Crouch_Walk_FPS","Common/Characters/Animations/Items/Dual_Handed/Rifle/Crouch_Walk_FPS.blockyanim","2947","F9EB0B82973C15A88CA2B00B87BB8D86668E23DED158641AC1B2252024B5418B"
"character-animations","Fall","Items/Dual_Handed/Rifle/Fall","Common/Characters/Animations/Items/Dual_Handed/Rifle/Fall.blockyanim","5938","3C315DF136CED988406F85EE93FE9B1CF14B2514F8D38B72D38004226E9ACD48"
"character-animations","Fall_Far","Items/Dual_Handed/Rifle/Fall_Far","Common/Characters/Animations/Items/Dual_Handed/Rifle/Fall_Far.blockyanim","5939","953C7A4BA77028B9DF02E3CF6A57554896C3692A4B63056FE4998474CFCFE4AF"
"character-animations","Fall_Far_FPS","Items/Dual_Handed/Rifle/Fall_Far_FPS","Common/Characters/Animations/Items/Dual_Handed/Rifle/Fall_Far_FPS.blockyanim","3387","34AF118904798DF1A1B4E64641467CE5A64A9CC47165F17FFFF9024763024A97"
"character-animations","Fall_FPS","Items/Dual_Handed/Rifle/Fall_FPS","Common/Characters/Animations/Items/Dual_Handed/Rifle/Fall_FPS.blockyanim","3387","34AF118904798DF1A1B4E64641467CE5A64A9CC47165F17FFFF9024763024A97"
"character-animations","Fly","Items/Dual_Handed/Rifle/Fly/Fly","Common/Characters/Animations/Items/Dual_Handed/Rifle/Fly/Fly.blockyanim","4309","AF2B149F7F52E7FF419719D35040B1F4DCA6A40E06FF5AC9B5211489D28A9432"
"character-animations","Fly_Backward","Items/Dual_Handed/Rifle/Fly/Fly_Backward","Common/Characters/Animations/Items/Dual_Handed/Rifle/Fly/Fly_Backward.blockyanim","4308","B1013368DEEBA48BA969B7D3DD06F14ABF2226ACF7B8381671298B69E834A4BD"
"character-animations","Fly_Backward_FPS","Items/Dual_Handed/Rifle/Fly/Fly_Backward_FPS","Common/Characters/Animations/Items/Dual_Handed/Rifle/Fly/Fly_Backward_FPS.blockyanim","2947","F9EB0B82973C15A88CA2B00B87BB8D86668E23DED158641AC1B2252024B5418B"
"character-animations","Fly_Fast","Items/Dual_Handed/Rifle/Fly/Fly_Fast","Common/Characters/Animations/Items/Dual_Handed/Rifle/Fly/Fly_Fast.blockyanim","4308","B728F6E1F19103E835FFE495FCEB092D56B1C93481D44A90C6BEBA0DD35B5F28"
"character-animations","Fly_Fast_FPS","Items/Dual_Handed/Rifle/Fly/Fly_Fast_FPS","Common/Characters/Animations/Items/Dual_Handed/Rifle/Fly/Fly_Fast_FPS.blockyanim","2947","74B1E71812BEB098CCC799EF9EC7C9B3E4F879BEE7C3029BCBFF9663CC1D62C0"
"character-animations","Fly_FPS","Items/Dual_Handed/Rifle/Fly/Fly_FPS","Common/Characters/Animations/Items/Dual_Handed/Rifle/Fly/Fly_FPS.blockyanim","2947","F9EB0B82973C15A88CA2B00B87BB8D86668E23DED158641AC1B2252024B5418B"
"character-animations","Fly_Idle","Items/Dual_Handed/Rifle/Fly/Fly_Idle","Common/Characters/Animations/Items/Dual_Handed/Rifle/Fly/Fly_Idle.blockyanim","4307","99C2D140CFED839CDEE62EB3F37DB6F6FD26DB18BCA2C516B773D6C9BEF669EB"
"character-animations","Fly_Idle_FPS","Items/Dual_Handed/Rifle/Fly/Fly_Idle_FPS","Common/Characters/Animations/Items/Dual_Handed/Rifle/Fly/Fly_Idle_FPS.blockyanim","2947","7851692F88F2085675E977869184ED138AB5A6172E7070F79244884A7F440710"
"character-animations","Idle","Items/Dual_Handed/Rifle/Idle","Common/Characters/Animations/Items/Dual_Handed/Rifle/Idle.blockyanim","4309","71B257C5CF4084046F2074BF2A6BCABCDE9F2C9F9F2B33C660502797DA2D7C71"
"character-animations","Idle_FPS","Items/Dual_Handed/Rifle/Idle_FPS","Common/Characters/Animations/Items/Dual_Handed/Rifle/Idle_FPS.blockyanim","2947","7851692F88F2085675E977869184ED138AB5A6172E7070F79244884A7F440710"
"character-animations","Interact","Items/Dual_Handed/Rifle/Interact","Common/Characters/Animations/Items/Dual_Handed/Rifle/Interact.blockyanim","9402","A4D4443F6FAE665A13E48B0A848E60829D1D47CB9771C5E59DA07B1C32373D72"
"character-animations","Interact_FPS","Items/Dual_Handed/Rifle/Interact_FPS","Common/Characters/Animations/Items/Dual_Handed/Rifle/Interact_FPS.blockyanim","4251","BD1851F280DAD985A5F0CC22561DE1C4B72FEA191195DC526507F79C4B9A7B3A"
"character-animations","Jump","Items/Dual_Handed/Rifle/Jump","Common/Characters/Animations/Items/Dual_Handed/Rifle/Jump.blockyanim","5919","3C2A8B7C6FCF611E63EF82FA59954FA2E271172BD965A9869A7791F746BD35BC"
"character-animations","Jump_Far","Items/Dual_Handed/Rifle/Jump_Far","Common/Characters/Animations/Items/Dual_Handed/Rifle/Jump_Far.blockyanim","10440","C7686476331EF29A0C31CC5DCE29318674E454D459B704253DEB0C14E0C070C2"
"character-animations","Jump_Far_FPS","Items/Dual_Handed/Rifle/Jump_Far_FPS","Common/Characters/Animations/Items/Dual_Handed/Rifle/Jump_Far_FPS.blockyanim","4161","5E6546E67801A7AC21BC790EDBED17E6C3DB751121BF2A1EFF746BDF1E46B57F"
"character-animations","Jump_FPS","Items/Dual_Handed/Rifle/Jump_FPS","Common/Characters/Animations/Items/Dual_Handed/Rifle/Jump_FPS.blockyanim","3381","D60B114173D57D940D03BDDB3B6B3BB4ADA71B13F1A3F0ACEF5BB4CE06B2BE2C"
"character-animations","Run","Items/Dual_Handed/Rifle/Run","Common/Characters/Animations/Items/Dual_Handed/Rifle/Run.blockyanim","3657","07E9AA7F255A0D1E221460BF2608BE490C5F982E65FBAF6E36D06543D1FA407C"
"character-animations","Run_Backward","Items/Dual_Handed/Rifle/Run_Backward","Common/Characters/Animations/Items/Dual_Handed/Rifle/Run_Backward.blockyanim","3684","807EAA1FF82E44481F5EE0AA59ED9F7107872ADFDFD2AC175B86007A2344A064"
"character-animations","Run_Backward_FPS","Items/Dual_Handed/Rifle/Run_Backward_FPS","Common/Characters/Animations/Items/Dual_Handed/Rifle/Run_Backward_FPS.blockyanim","3389","C56A4AED7DD4BBC3BC5D48BEB97F4D9EB887B1729D4F273BC2517694E8086BBE"
"character-animations","Run_FPS","Items/Dual_Handed/Rifle/Run_FPS","Common/Characters/Animations/Items/Dual_Handed/Rifle/Run_FPS.blockyanim","3389","C56A4AED7DD4BBC3BC5D48BEB97F4D9EB887B1729D4F273BC2517694E8086BBE"
"character-animations","Sprint","Items/Dual_Handed/Rifle/Sprint","Common/Characters/Animations/Items/Dual_Handed/Rifle/Sprint.blockyanim","3671","AF718ABBA17FF977AB039A483DA73387FDBF59D2ED7B2A0E0CF5D42A53879671"
"character-animations","Sprint_FPS","Items/Dual_Handed/Rifle/Sprint_FPS","Common/Characters/Animations/Items/Dual_Handed/Rifle/Sprint_FPS.blockyanim","3389","63AA67F9626E161C11FAA8A3AB891A1377811528D3A04EAFFCC26D61AF3064D2"
"character-animations","Swim","Items/Dual_Handed/Rifle/Swim/Swim","Common/Characters/Animations/Items/Dual_Handed/Rifle/Swim/Swim.blockyanim","5961","F98C5082943A725303DB5023B4D352FB5F53507B7C8E5BFEF060EC044B15D40D"
"character-animations","Swim_Backward","Items/Dual_Handed/Rifle/Swim/Swim_Backward","Common/Characters/Animations/Items/Dual_Handed/Rifle/Swim/Swim_Backward.blockyanim","5923","78BBE3BC740D4475A70D8178C6E5349878DB73CDBFB18A57BF10C6A6C34FBE6E"
"character-animations","Swim_Backward_FPS","Items/Dual_Handed/Rifle/Swim/Swim_Backward_FPS","Common/Characters/Animations/Items/Dual_Handed/Rifle/Swim/Swim_Backward_FPS.blockyanim","4875","42D53C45D04E3128DC46D3C2ADEE4C05FFCFC82CDEE123CEB7C9E904C11DE295"
"character-animations","Swim_Dive","Items/Dual_Handed/Rifle/Swim/Swim_Dive","Common/Characters/Animations/Items/Dual_Handed/Rifle/Swim/Swim_Dive.blockyanim","5961","0DAE61D2DA06CDF3859FD4B9AA6A902BC4EA7C5D235DB14E435F0F2AE25B3F17"
"character-animations","Swim_Dive_Backward","Items/Dual_Handed/Rifle/Swim/Swim_Dive_Backward","Common/Characters/Animations/Items/Dual_Handed/Rifle/Swim/Swim_Dive_Backward.blockyanim","5923","13C419E2C59E6624AFBF973FF9A771AEFCD0BC6E5E378A254516119832F6D05A"
"character-animations","Swim_Dive_Backward_FPS","Items/Dual_Handed/Rifle/Swim/Swim_Dive_Backward_FPS","Common/Characters/Animations/Items/Dual_Handed/Rifle/Swim/Swim_Dive_Backward_FPS.blockyanim","4875","42D53C45D04E3128DC46D3C2ADEE4C05FFCFC82CDEE123CEB7C9E904C11DE295"
"character-animations","Swim_Dive_Fast","Items/Dual_Handed/Rifle/Swim/Swim_Dive_Fast","Common/Characters/Animations/Items/Dual_Handed/Rifle/Swim/Swim_Dive_Fast.blockyanim","4338","16564B783686C15434285DBEE2364E60F1E974A20DBCC68AC2C33C32B50E7FF0"
"character-animations","Swim_Dive_Fast_FPS","Items/Dual_Handed/Rifle/Swim/Swim_Dive_Fast_FPS","Common/Characters/Animations/Items/Dual_Handed/Rifle/Swim/Swim_Dive_Fast_FPS.blockyanim","4875","D2C6BD7AC86C8C00D6FADE0BB20DCC293571D98EDC71AEB02DD7745C94CDAD49"
"character-animations","Swim_Dive_FPS","Items/Dual_Handed/Rifle/Swim/Swim_Dive_FPS","Common/Characters/Animations/Items/Dual_Handed/Rifle/Swim/Swim_Dive_FPS.blockyanim","4883","E9AC71024B8135A7AEE81714E49486751E21147398C861D10F270F2298094EAC"
"character-animations","Swim_Fast","Items/Dual_Handed/Rifle/Swim/Swim_Fast","Common/Characters/Animations/Items/Dual_Handed/Rifle/Swim/Swim_Fast.blockyanim","5955","07631BE3E23C8EAAD27A47724B750DA8F627BE59D03E1FA18EC8833E5429496F"
"character-animations","Swim_Fast_FPS","Items/Dual_Handed/Rifle/Swim/Swim_Fast_FPS","Common/Characters/Animations/Items/Dual_Handed/Rifle/Swim/Swim_Fast_FPS.blockyanim","4875","D2C6BD7AC86C8C00D6FADE0BB20DCC293571D98EDC71AEB02DD7745C94CDAD49"
"character-animations","Swim_Float","Items/Dual_Handed/Rifle/Swim/Swim_Float","Common/Characters/Animations/Items/Dual_Handed/Rifle/Swim/Swim_Float.blockyanim","5955","11BE7C6E57B767200A473E9F70E02FA6D40CF190BD28AA9440E3C4763402C06E"
"character-animations","Swim_Float_FPS","Items/Dual_Handed/Rifle/Swim/Swim_Float_FPS","Common/Characters/Animations/Items/Dual_Handed/Rifle/Swim/Swim_Float_FPS.blockyanim","4875","BFE1C53C027157135E33F41947AB98FFFB1E75B79FA528DB7BFE36D5B64E54B6"
"character-animations","Swim_FPS","Items/Dual_Handed/Rifle/Swim/Swim_FPS","Common/Characters/Animations/Items/Dual_Handed/Rifle/Swim/Swim_FPS.blockyanim","4883","E9AC71024B8135A7AEE81714E49486751E21147398C861D10F270F2298094EAC"
"character-animations","Swim_Idle","Items/Dual_Handed/Rifle/Swim/Swim_Idle","Common/Characters/Animations/Items/Dual_Handed/Rifle/Swim/Swim_Idle.blockyanim","4307","5E01B319B5646996E48DB313B9DD9B2A665A73BCE0E24FBFA575F3A38DDE5CFA"
"character-animations","Swim_Idle_FPS","Items/Dual_Handed/Rifle/Swim/Swim_Idle_FPS","Common/Characters/Animations/Items/Dual_Handed/Rifle/Swim/Swim_Idle_FPS.blockyanim","2947","6109F4A99DA5A38EFB35257C4A0EEC39A7336A50A65C34DB5876D9769B5A801E"
"character-animations","Swim_Jump","Items/Dual_Handed/Rifle/Swim/Swim_Jump","Common/Characters/Animations/Items/Dual_Handed/Rifle/Swim/Swim_Jump.blockyanim","8219","DBB9E55F1FC578F71F429D35915B63BC380A180CF55466490FDFB76DBAF2D974"
"character-animations","Swim_Jump_FPS","Items/Dual_Handed/Rifle/Swim/Swim_Jump_FPS","Common/Characters/Animations/Items/Dual_Handed/Rifle/Swim/Swim_Jump_FPS.blockyanim","3381","D32D324EEE362E4F98710BE4A1F42F90705F06D3972145F9DE73B5ACC5F6F7B0"
"character-animations","Swim_Sink","Items/Dual_Handed/Rifle/Swim/Swim_Sink","Common/Characters/Animations/Items/Dual_Handed/Rifle/Swim/Swim_Sink.blockyanim","4308","DDE328B923BF02D132EA3B7F38F1CFADC2FD0191B829AC3AC4E6DDD7EC60FCAE"
"character-animations","Swim_Sink_FPS","Items/Dual_Handed/Rifle/Swim/Swim_Sink_FPS","Common/Characters/Animations/Items/Dual_Handed/Rifle/Swim/Swim_Sink_FPS.blockyanim","2947","6109F4A99DA5A38EFB35257C4A0EEC39A7336A50A65C34DB5876D9769B5A801E"
"character-animations","Walk","Items/Dual_Handed/Rifle/Walk","Common/Characters/Animations/Items/Dual_Handed/Rifle/Walk.blockyanim","3657","0FDE45EF32FE3D18B878270B20FF89599454E4D94DC87847B75EF01065715EAB"
"character-animations","Walk_Backward","Items/Dual_Handed/Rifle/Walk_Backward","Common/Characters/Animations/Items/Dual_Handed/Rifle/Walk_Backward.blockyanim","3657","0FDE45EF32FE3D18B878270B20FF89599454E4D94DC87847B75EF01065715EAB"
"character-animations","Walk_Backward_FPS","Items/Dual_Handed/Rifle/Walk_Backward_FPS","Common/Characters/Animations/Items/Dual_Handed/Rifle/Walk_Backward_FPS.blockyanim","2947","7851692F88F2085675E977869184ED138AB5A6172E7070F79244884A7F440710"
"character-animations","Walk_FPS","Items/Dual_Handed/Rifle/Walk_FPS","Common/Characters/Animations/Items/Dual_Handed/Rifle/Walk_FPS.blockyanim","2947","7851692F88F2085675E977869184ED138AB5A6172E7070F79244884A7F440710"
"character-animations","Shear","Items/Dual_Handed/Shears/Attacks/Shear/Shear","Common/Characters/Animations/Items/Dual_Handed/Shears/Attacks/Shear/Shear.blockyanim","14713","23938F8981873209FF4AB70B3751B513D48FD8DCEF53A0027AD64EBA2C54C4FA"
"character-animations","Shear_FPS","Items/Dual_Handed/Shears/Attacks/Shear/Shear_FPS","Common/Characters/Animations/Items/Dual_Handed/Shears/Attacks/Shear/Shear_FPS.blockyanim","14174","F6C54D7E84DA492FE6AF5A3D8ACAE5FEC6E0AA59DBE60F53887A921F29B3AC5C"
"character-animations","Backflip","Items/Dual_Handed/Shortbow/Attacks/Backflip/Backflip","Common/Characters/Animations/Items/Dual_Handed/Shortbow/Attacks/Backflip/Backflip.blockyanim","15444","5FC0EF25D7614965EE569C34518B9167FA19B2DCCA023AEA9B0EE355640EA527"
"character-animations","Backflip_FPS","Items/Dual_Handed/Shortbow/Attacks/Backflip/Backflip_FPS","Common/Characters/Animations/Items/Dual_Handed/Shortbow/Attacks/Backflip/Backflip_FPS.blockyanim","7005","30287F0D7975893605E701C826E732AF813BC1BB4A432ACF67A9429DF04B7579"
"character-animations","Guard_Bash","Items/Dual_Handed/Shortbow/Attacks/Guard_Bash/Guard_Bash","Common/Characters/Animations/Items/Dual_Handed/Shortbow/Attacks/Guard_Bash/Guard_Bash.blockyanim","22060","0D0FEE75899E8EAE41C6BCD5B947BEB83161C8C13A04DA92F18609ED28E4116E"
"character-animations","Guard_Bash_FPS","Items/Dual_Handed/Shortbow/Attacks/Guard_Bash/Guard_Bash_FPS","Common/Characters/Animations/Items/Dual_Handed/Shortbow/Attacks/Guard_Bash/Guard_Bash_FPS.blockyanim","9448","6DEAA8DD3E58229D5E738AFBA644D556B20B2D8A97AE84E45A64173C708B2292"
"character-animations","Guard_Bash_Moving","Items/Dual_Handed/Shortbow/Attacks/Guard_Bash/Guard_Bash_Moving","Common/Characters/Animations/Items/Dual_Handed/Shortbow/Attacks/Guard_Bash/Guard_Bash_Moving.blockyanim","15452","50D3668910B25AF2C3D9BA9A72A012FE32E8C138F9E8679AF959FB3643DF36A3"
"character-animations","Guard","Items/Dual_Handed/Shortbow/Attacks/Guard/Guard","Common/Characters/Animations/Items/Dual_Handed/Shortbow/Attacks/Guard/Guard.blockyanim","7212","2E0789C6BC5F9B9B3A19D426BF2F23C51DC8E2692374F24129D0A4348F52D77E"
"character-animations","Guard_FPS","Items/Dual_Handed/Shortbow/Attacks/Guard/Guard_FPS","Common/Characters/Animations/Items/Dual_Handed/Shortbow/Attacks/Guard/Guard_FPS.blockyanim","3133","3D7EDBA8D307A45974309950DF30E0154C1D57E432AEDFE65A3F940F4DEB1A35"
"character-animations","Guard_Moving","Items/Dual_Handed/Shortbow/Attacks/Guard/Guard_Moving","Common/Characters/Animations/Items/Dual_Handed/Shortbow/Attacks/Guard/Guard_Moving.blockyanim","4218","A0D057E385DE7AD4A5E3F931F4268A862462B314E3CC86220DE3B02AAD880DFC"
"character-animations","Reload","Items/Dual_Handed/Shortbow/Attacks/Reload/Reload","Common/Characters/Animations/Items/Dual_Handed/Shortbow/Attacks/Reload/Reload.blockyanim","23416","AF0FC2E3528CD74F1137F2163E1A2333259AFB0DC0251613A88CA4F48564E8E9"
"character-animations","Reload_FPS","Items/Dual_Handed/Shortbow/Attacks/Reload/Reload_FPS","Common/Characters/Animations/Items/Dual_Handed/Shortbow/Attacks/Reload/Reload_FPS.blockyanim","16987","33F0E9280D8610DF2CC9E85CA1FD94ACE17CAE12E70001CCDD774D7EA03C7635"
"character-animations","Reload_Moving","Items/Dual_Handed/Shortbow/Attacks/Reload/Reload_Moving","Common/Characters/Animations/Items/Dual_Handed/Shortbow/Attacks/Reload/Reload_Moving.blockyanim","19097","ADDFF54C15C9343374B685C7DE3795F4475ED5190E8EA7D367897B9CB45029E2"
"character-animations","Shoot_Burst","Items/Dual_Handed/Shortbow/Attacks/Shoot_Burst/Shoot_Burst","Common/Characters/Animations/Items/Dual_Handed/Shortbow/Attacks/Shoot_Burst/Shoot_Burst.blockyanim","25612","87C6B306E48C5F6DFCA385F9E982C1F578F9B47B028FB21FCF1C16E06342E624"
"character-animations","Shoot_Burst_FPS","Items/Dual_Handed/Shortbow/Attacks/Shoot_Burst/Shoot_Burst_FPS","Common/Characters/Animations/Items/Dual_Handed/Shortbow/Attacks/Shoot_Burst/Shoot_Burst_FPS.blockyanim","19912","A3059A727951BAD9BFB5D9AD533A74A0B3302E6BE6C02EBDD3275C2777E25AE9"
"character-animations","Shoot_Burst_Moving","Items/Dual_Handed/Shortbow/Attacks/Shoot_Burst/Shoot_Burst_Moving","Common/Characters/Animations/Items/Dual_Handed/Shortbow/Attacks/Shoot_Burst/Shoot_Burst_Moving.blockyanim","21132","AEA0755592C5D101C65ECA1C4D67CA5494D9DC97C9FA442C9CD51A537A6F4A32"
"character-animations","Shoot_Charged","Items/Dual_Handed/Shortbow/Attacks/Shoot_Charged/Shoot_Charged","Common/Characters/Animations/Items/Dual_Handed/Shortbow/Attacks/Shoot_Charged/Shoot_Charged.blockyanim","25257","A3BCDE191A44356420A142020E09936FD64271DB093F9E17EA0A733C898C5381"
"character-animations","Shoot_Charged_FPS","Items/Dual_Handed/Shortbow/Attacks/Shoot_Charged/Shoot_Charged_FPS","Common/Characters/Animations/Items/Dual_Handed/Shortbow/Attacks/Shoot_Charged/Shoot_Charged_FPS.blockyanim","19555","CFE5ADAC8DD81CDAAF220D741CFC21D631C2423CA42BE6670682ACF6E2AA0C43"
"character-animations","Shoot_Charged_Moving","Items/Dual_Handed/Shortbow/Attacks/Shoot_Charged/Shoot_Charged_Moving","Common/Characters/Animations/Items/Dual_Handed/Shortbow/Attacks/Shoot_Charged/Shoot_Charged_Moving.blockyanim","20774","85B129B7A030178070C3739F2B112227AD539CFFF268CFCDCC151038E8445136"
"character-animations","Shoot_Charging","Items/Dual_Handed/Shortbow/Attacks/Shoot_Charged/Shoot_Charging","Common/Characters/Animations/Items/Dual_Handed/Shortbow/Attacks/Shoot_Charged/Shoot_Charging.blockyanim","21023","782B8471F850F7352277A9EB003864515E65BFE2007221D50CDC6FD56E810AF9"
"character-animations","Shoot_Charging_FPS","Items/Dual_Handed/Shortbow/Attacks/Shoot_Charged/Shoot_Charging_FPS","Common/Characters/Animations/Items/Dual_Handed/Shortbow/Attacks/Shoot_Charged/Shoot_Charging_FPS.blockyanim","15089","69E20F517F0AEDB6182E0E6CBA60A573B2D9E02033365761CB2D164AB61EB98A"
"character-animations","Shoot_Charging_Hold","Items/Dual_Handed/Shortbow/Attacks/Shoot_Charged/Shoot_Charging_Hold","Common/Characters/Animations/Items/Dual_Handed/Shortbow/Attacks/Shoot_Charged/Shoot_Charging_Hold.blockyanim","15310","5B09674A551D450A2351589DC8DDE3C32D45443E32C305B72210136AB844D014"
"character-animations","Shoot_Charging_Hold_FPS","Items/Dual_Handed/Shortbow/Attacks/Shoot_Charged/Shoot_Charging_Hold_FPS","Common/Characters/Animations/Items/Dual_Handed/Shortbow/Attacks/Shoot_Charged/Shoot_Charging_Hold_FPS.blockyanim","10407","E07A4C97A62E57A5C945B56D3DC6A9A1EA5D8EC5FCF3CFF71318EE8473EED3C0"
"character-animations","Shoot_Charging_Hold_Moving","Items/Dual_Handed/Shortbow/Attacks/Shoot_Charged/Shoot_Charging_Hold_Moving","Common/Characters/Animations/Items/Dual_Handed/Shortbow/Attacks/Shoot_Charged/Shoot_Charging_Hold_Moving.blockyanim","12639","065AA89A709197E41E97B356B9C17DF8A02B6B604C3F67B087D3C3AEE8AAF938"
"character-animations","Shoot_Charging_Moving","Items/Dual_Handed/Shortbow/Attacks/Shoot_Charged/Shoot_Charging_Moving","Common/Characters/Animations/Items/Dual_Handed/Shortbow/Attacks/Shoot_Charged/Shoot_Charging_Moving.blockyanim","16543","5777056AF794C86E6822BADE87A84F3D1DF1BBF3BE01AC26CA3B0D7F3440857C"
"character-animations","Shoot","Items/Dual_Handed/Shortbow/Attacks/Shoot/Shoot","Common/Characters/Animations/Items/Dual_Handed/Shortbow/Attacks/Shoot/Shoot.blockyanim","25614","B2E302F84DEB2FE000B649464762D44CBF0FC16CFC1499C02BCDEBDD302BE986"
"character-animations","Shoot_FPS","Items/Dual_Handed/Shortbow/Attacks/Shoot/Shoot_FPS","Common/Characters/Animations/Items/Dual_Handed/Shortbow/Attacks/Shoot/Shoot_FPS.blockyanim","19914","FEA8413EACD9A2B66C07F73B8FCE79BE16AE7306084D85D5DA08D205EBC789CC"
"character-animations","Shoot_Moving","Items/Dual_Handed/Shortbow/Attacks/Shoot/Shoot_Moving","Common/Characters/Animations/Items/Dual_Handed/Shortbow/Attacks/Shoot/Shoot_Moving.blockyanim","21134","9EF6521022ED6CA7F235533BB873787BAEA4837679ABB488C1797778C281B26B"
"character-animations","Sideflip_Left","Items/Dual_Handed/Shortbow/Attacks/Sideflip_Left/Sideflip_Left","Common/Characters/Animations/Items/Dual_Handed/Shortbow/Attacks/Sideflip_Left/Sideflip_Left.blockyanim","16044","EF5BD260198D4CE333289B6C72616EE824E5193CFF7D036EBF226D8F1F73CE40"
"character-animations","Sideflip_Left_FPS","Items/Dual_Handed/Shortbow/Attacks/Sideflip_Left/Sideflip_Left_FPS","Common/Characters/Animations/Items/Dual_Handed/Shortbow/Attacks/Sideflip_Left/Sideflip_Left_FPS.blockyanim","7438","056C50CCF6945D59D912CFDDD6B898831380BE2E80B4490F761C8078C85923B0"
"character-animations","Sideflip_Right","Items/Dual_Handed/Shortbow/Attacks/Sideflip_Right/Sideflip_Right","Common/Characters/Animations/Items/Dual_Handed/Shortbow/Attacks/Sideflip_Right/Sideflip_Right.blockyanim","16044","0C9F6051744130E7C753A52DC7F0975E359150CF4D18F08320DD1F6BB119070F"
"character-animations","Sideflip_Right_FPS","Items/Dual_Handed/Shortbow/Attacks/Sideflip_Right/Sideflip_Right_FPS","Common/Characters/Animations/Items/Dual_Handed/Shortbow/Attacks/Sideflip_Right/Sideflip_Right_FPS.blockyanim","7441","0E434828BA3210D47DC07FBF9BA46719781AFCEDF23B531A57E8A4A831A28DA2"
"character-animations","Climb_Down","Items/Dual_Handed/Shortbow/Climb/Climb_Down","Common/Characters/Animations/Items/Dual_Handed/Shortbow/Climb/Climb_Down.blockyanim","4986","761804956A0BE71AB25BFDD76C67EA00466BC7610C631E6DBAA34397AA3056DF"
"character-animations","Climb_Down_FPS","Items/Dual_Handed/Shortbow/Climb/Climb_Down_FPS","Common/Characters/Animations/Items/Dual_Handed/Shortbow/Climb/Climb_Down_FPS.blockyanim","6926","FCE58511241B1D8175F9AE9EA6391E1190FD3FB20577C3D07FD29F9E22E2C9D2"
"character-animations","Climb_Idle","Items/Dual_Handed/Shortbow/Climb/Climb_Idle","Common/Characters/Animations/Items/Dual_Handed/Shortbow/Climb/Climb_Idle.blockyanim","3680","CF3535FA910E5FD4C49836EFA3D9614C997D1EFA804EEFDD6875A7B89D0523D7"
"character-animations","Climb_Idle_FPS","Items/Dual_Handed/Shortbow/Climb/Climb_Idle_FPS","Common/Characters/Animations/Items/Dual_Handed/Shortbow/Climb/Climb_Idle_FPS.blockyanim","5794","85F3AA668FB780BEAD9452D446F314E13A2B8EBD4E41469149E45E2F31D32A4C"
"character-animations","Climb_Left","Items/Dual_Handed/Shortbow/Climb/Climb_Left","Common/Characters/Animations/Items/Dual_Handed/Shortbow/Climb/Climb_Left.blockyanim","4551","83598DC60466A8F66FA9DE8130540BEE7827BDE2895983BBFC6634EFDF987B1F"
"character-animations","Climb_Left_FPS","Items/Dual_Handed/Shortbow/Climb/Climb_Left_FPS","Common/Characters/Animations/Items/Dual_Handed/Shortbow/Climb/Climb_Left_FPS.blockyanim","7030","3A72DFB6CA37FF7B4FE8C37FEB6E8DA0619FDFAF19A7459537D843A57ED7FE6F"
"character-animations","Climb_Right","Items/Dual_Handed/Shortbow/Climb/Climb_Right","Common/Characters/Animations/Items/Dual_Handed/Shortbow/Climb/Climb_Right.blockyanim","4551","B4AC26BD91CED103B04EBD2AF4063C7C819FAEFE0457876E07FECDD11E97A15D"
"character-animations","Climb_Right_FPS","Items/Dual_Handed/Shortbow/Climb/Climb_Right_FPS","Common/Characters/Animations/Items/Dual_Handed/Shortbow/Climb/Climb_Right_FPS.blockyanim","7030","91FD161511AFE9D220451DF641F39E4B2108ED8FCF8539F5A832656EA4445C7A"
"character-animations","Climb_Up","Items/Dual_Handed/Shortbow/Climb/Climb_Up","Common/Characters/Animations/Items/Dual_Handed/Shortbow/Climb/Climb_Up.blockyanim","4986","761804956A0BE71AB25BFDD76C67EA00466BC7610C631E6DBAA34397AA3056DF"
"character-animations","Climb_Up_FPS","Items/Dual_Handed/Shortbow/Climb/Climb_Up_FPS","Common/Characters/Animations/Items/Dual_Handed/Shortbow/Climb/Climb_Up_FPS.blockyanim","6926","00260432FE43D7833700422B46F71D1582B3C26ED7C70312F50A0C7D8E66461F"
"character-animations","Crouch","Items/Dual_Handed/Shortbow/Crouch","Common/Characters/Animations/Items/Dual_Handed/Shortbow/Crouch.blockyanim","4116","90633E700B60FFAE775D6EDF8ED4D96B76FB75AEA0A50B3FCE9B003D33DE9954"
"character-animations","Crouch_FPS","Items/Dual_Handed/Shortbow/Crouch_FPS","Common/Characters/Animations/Items/Dual_Handed/Shortbow/Crouch_FPS.blockyanim","6228","2316FD41314B38FEF3D2C63514FBA1CBCD280C2801FA2D6A353FAFF0A83DAED2"
"character-animations","Crouch_Walk","Items/Dual_Handed/Shortbow/Crouch_Walk","Common/Characters/Animations/Items/Dual_Handed/Shortbow/Crouch_Walk.blockyanim","4117","F2BF756A9E9EF74815ED8164C5E1E3C9D4ACE50FC7146CC1412F796644F8B449"
"character-animations","Crouch_Walk_Backward","Items/Dual_Handed/Shortbow/Crouch_Walk_Backward","Common/Characters/Animations/Items/Dual_Handed/Shortbow/Crouch_Walk_Backward.blockyanim","4117","F2BF756A9E9EF74815ED8164C5E1E3C9D4ACE50FC7146CC1412F796644F8B449"
"character-animations","Crouch_Walk_Backward_FPS","Items/Dual_Handed/Shortbow/Crouch_Walk_Backward_FPS","Common/Characters/Animations/Items/Dual_Handed/Shortbow/Crouch_Walk_Backward_FPS.blockyanim","6625","6D0F3533831665F426E10F8CBB506ACA6F87656D52E27C299D5E49ACB051F6FD"
"character-animations","Crouch_Walk_FPS","Items/Dual_Handed/Shortbow/Crouch_Walk_FPS","Common/Characters/Animations/Items/Dual_Handed/Shortbow/Crouch_Walk_FPS.blockyanim","6620","19320E2D2CD180B00DDA3FB6DA277534E0E43CF5C5C4B75956AF1C8377283E1F"
"character-animations","Fall","Items/Dual_Handed/Shortbow/Fall","Common/Characters/Animations/Items/Dual_Handed/Shortbow/Fall.blockyanim","4117","32AA8A363ADF823F84444C58F5CA76FD6E51C987B27070CF11D75843A0CE69B4"
"character-animations","Fall_Far","Items/Dual_Handed/Shortbow/Fall_Far","Common/Characters/Animations/Items/Dual_Handed/Shortbow/Fall_Far.blockyanim","4115","4F71EEB5B6B5402BAF7A9D260EE1E50D14B3F3429D749BB066777080637CC7C3"
"character-animations","Fall_Far_FPS","Items/Dual_Handed/Shortbow/Fall_Far_FPS","Common/Characters/Animations/Items/Dual_Handed/Shortbow/Fall_Far_FPS.blockyanim","6230","BB25B4BCDE8791CAF38F6FE8E810C325320869AFF13B9D2FE1F83B7E0ECD77BE"
"character-animations","Fly","Items/Dual_Handed/Shortbow/Fly/Fly","Common/Characters/Animations/Items/Dual_Handed/Shortbow/Fly/Fly.blockyanim","5433","ECD5B63D5F5CDFD880098FF87689B74CF7EBF70BA582D84D0BCA99CD89225A1B"
"character-animations","Fly_Backward","Items/Dual_Handed/Shortbow/Fly/Fly_Backward","Common/Characters/Animations/Items/Dual_Handed/Shortbow/Fly/Fly_Backward.blockyanim","5432","0F9AA7DC94472DBF719B432FA7ACF3B200CF41844103A3644145FC19D94DB892"
"character-animations","Fly_Backward_FPS","Items/Dual_Handed/Shortbow/Fly/Fly_Backward_FPS","Common/Characters/Animations/Items/Dual_Handed/Shortbow/Fly/Fly_Backward_FPS.blockyanim","6230","1FB5959E0B39147C81531C55D8CEF647DE2F031BB178B8BB82F0594C59074197"
"character-animations","Fly_Fast","Items/Dual_Handed/Shortbow/Fly/Fly_Fast","Common/Characters/Animations/Items/Dual_Handed/Shortbow/Fly/Fly_Fast.blockyanim","5431","06D27EBA29720AACAC4E7AC79B2FB6CDF71BF127665A11E5E9C27E5DA1D456B8"
"character-animations","Fly_Fast_FPS","Items/Dual_Handed/Shortbow/Fly/Fly_Fast_FPS","Common/Characters/Animations/Items/Dual_Handed/Shortbow/Fly/Fly_Fast_FPS.blockyanim","6230","57F2E1C65CAE640D2AA6AD062012A35C03DAE298575E4C39CBD0CB8EB63CA782"
"character-animations","Fly_FPS","Items/Dual_Handed/Shortbow/Fly/Fly_FPS","Common/Characters/Animations/Items/Dual_Handed/Shortbow/Fly/Fly_FPS.blockyanim","6230","1FB5959E0B39147C81531C55D8CEF647DE2F031BB178B8BB82F0594C59074197"
"character-animations","Fly_Idle","Items/Dual_Handed/Shortbow/Fly/Fly_Idle","Common/Characters/Animations/Items/Dual_Handed/Shortbow/Fly/Fly_Idle.blockyanim","5430","DDD47E6F0C3FD0BBE8C557FCE905B319EB210D5EF7C43D9C0BC827930A1C6954"
"character-animations","Fly_Idle_FPS","Items/Dual_Handed/Shortbow/Fly/Fly_Idle_FPS","Common/Characters/Animations/Items/Dual_Handed/Shortbow/Fly/Fly_Idle_FPS.blockyanim","6228","2316FD41314B38FEF3D2C63514FBA1CBCD280C2801FA2D6A353FAFF0A83DAED2"
"character-animations","Idle","Items/Dual_Handed/Shortbow/Idle","Common/Characters/Animations/Items/Dual_Handed/Shortbow/Idle.blockyanim","14996","62BA3C8D8067D42D7AB6AB0C6E990D618D55D24FEDA60A53354F29FD90EC29DD"
"character-animations","Idle_FPS","Items/Dual_Handed/Shortbow/Idle_FPS","Common/Characters/Animations/Items/Dual_Handed/Shortbow/Idle_FPS.blockyanim","6228","2316FD41314B38FEF3D2C63514FBA1CBCD280C2801FA2D6A353FAFF0A83DAED2"
"character-animations","Interact","Items/Dual_Handed/Shortbow/Interact","Common/Characters/Animations/Items/Dual_Handed/Shortbow/Interact.blockyanim","9117","31D13D77DA655BDD14274FF07F227B3A89E48ED98D4FEB4135B05E8A82F94BCB"
"character-animations","Interact_FPS","Items/Dual_Handed/Shortbow/Interact_FPS","Common/Characters/Animations/Items/Dual_Handed/Shortbow/Interact_FPS.blockyanim","7179","3E2CE41D3CAE5068D41BDA62BA0ADE735C0AA1CBD747F74F2B8443B9F4EF4F65"
"character-animations","Jump","Items/Dual_Handed/Shortbow/Jump","Common/Characters/Animations/Items/Dual_Handed/Shortbow/Jump.blockyanim","4116","13B48C6245E407F2493C3260636D32FCC674D70520F7E865E535D4DAED93B67E"
"character-animations","Jump_Far","Items/Dual_Handed/Shortbow/Jump_Far","Common/Characters/Animations/Items/Dual_Handed/Shortbow/Jump_Far.blockyanim","4551","76C95F5C942CEDEE694668B00C1E0794B84D1A3BB99DD73C0DEA3E2DE015C123"
"character-animations","Run","Items/Dual_Handed/Shortbow/Run","Common/Characters/Animations/Items/Dual_Handed/Shortbow/Run.blockyanim","4115","B6C9193F58FB1CF60A21A48FCBA6D37A7E87185574745D4A1788012D8EBB1B18"
"character-animations","Run_Backward","Items/Dual_Handed/Shortbow/Run_Backward","Common/Characters/Animations/Items/Dual_Handed/Shortbow/Run_Backward.blockyanim","4118","2CE23B8704269B56ED11D6E94B3177430F4B0AC007D6857F4402592C08E49D56"
"character-animations","Run_Backward_FPS","Items/Dual_Handed/Shortbow/Run_Backward_FPS","Common/Characters/Animations/Items/Dual_Handed/Shortbow/Run_Backward_FPS.blockyanim","6625","660B72279C1C06D520EFA47BCB38E727F864F9BE05CB73F272235F5D2BC1A4CE"
"character-animations","Run_FPS","Items/Dual_Handed/Shortbow/Run_FPS","Common/Characters/Animations/Items/Dual_Handed/Shortbow/Run_FPS.blockyanim","6620","BE4CAEE3C80CED7D1E5AB13D977718CEF7D9E56C29630DD075B700A9408551D0"
"character-animations","Sprint","Items/Dual_Handed/Shortbow/Sprint","Common/Characters/Animations/Items/Dual_Handed/Shortbow/Sprint.blockyanim","4115","B6C9193F58FB1CF60A21A48FCBA6D37A7E87185574745D4A1788012D8EBB1B18"
"character-animations","Sprint_FPS","Items/Dual_Handed/Shortbow/Sprint_FPS","Common/Characters/Animations/Items/Dual_Handed/Shortbow/Sprint_FPS.blockyanim","6618","55116B6F18CFEFBA27BED19A0B8EF1C3012486559B58C47278F660C335A1AFCD"
"character-animations","Swim","Items/Dual_Handed/Shortbow/Swim/Swim","Common/Characters/Animations/Items/Dual_Handed/Shortbow/Swim/Swim.blockyanim","4129","4DCE675E95CE1C43A9C0FE31456F34F876214FB94B514F29D3D2D414AC831112"
"character-animations","Swim_Backward","Items/Dual_Handed/Shortbow/Swim/Swim_Backward","Common/Characters/Animations/Items/Dual_Handed/Shortbow/Swim/Swim_Backward.blockyanim","4116","90AD716CB872A307E99B3D8949D52A2CABA175DBE8974BAB03B2FE813F0079AD"
"character-animations","Swim_Backward_FPS","Items/Dual_Handed/Shortbow/Swim/Swim_Backward_FPS","Common/Characters/Animations/Items/Dual_Handed/Shortbow/Swim/Swim_Backward_FPS.blockyanim","8024","F36C0735CF03F2D6A2F165DA53894A22E899105006D8141C169952B664401D14"
"character-animations","Swim_Dive","Items/Dual_Handed/Shortbow/Swim/Swim_Dive","Common/Characters/Animations/Items/Dual_Handed/Shortbow/Swim/Swim_Dive.blockyanim","4129","4DCE675E95CE1C43A9C0FE31456F34F876214FB94B514F29D3D2D414AC831112"
"character-animations","Swim_Dive_Backward","Items/Dual_Handed/Shortbow/Swim/Swim_Dive_Backward","Common/Characters/Animations/Items/Dual_Handed/Shortbow/Swim/Swim_Dive_Backward.blockyanim","4116","90AD716CB872A307E99B3D8949D52A2CABA175DBE8974BAB03B2FE813F0079AD"
"character-animations","Swim_Dive_Backward_FPS","Items/Dual_Handed/Shortbow/Swim/Swim_Dive_Backward_FPS","Common/Characters/Animations/Items/Dual_Handed/Shortbow/Swim/Swim_Dive_Backward_FPS.blockyanim","8024","F36C0735CF03F2D6A2F165DA53894A22E899105006D8141C169952B664401D14"
"character-animations","Swim_Dive_Fast","Items/Dual_Handed/Shortbow/Swim/Swim_Dive_Fast","Common/Characters/Animations/Items/Dual_Handed/Shortbow/Swim/Swim_Dive_Fast.blockyanim","3682","BAAF0182D04322BA81FA4308988ADCB924A4936AE03D356BF1FE0263DD20DA72"
"character-animations","Swim_Dive_Fast_FPS","Items/Dual_Handed/Shortbow/Swim/Swim_Dive_Fast_FPS","Common/Characters/Animations/Items/Dual_Handed/Shortbow/Swim/Swim_Dive_Fast_FPS.blockyanim","7444","0E25F97AFB6150DE98551C9E492AD7D6F2617D2065A2241E814B3F9D3A16985C"
"character-animations","Swim_Dive_FPS","Items/Dual_Handed/Shortbow/Swim/Swim_Dive_FPS","Common/Characters/Animations/Items/Dual_Handed/Shortbow/Swim/Swim_Dive_FPS.blockyanim","7029","596D4F0D73FFE4776C01EFA7988DBD6E4BBA9F7666B792AC21040347D2699FFE"
"character-animations","Swim_Fast","Items/Dual_Handed/Shortbow/Swim/Swim_Fast","Common/Characters/Animations/Items/Dual_Handed/Shortbow/Swim/Swim_Fast.blockyanim","3681","F2C97273001510A7E553AF3BEF977DC6E95803350B2D9D87266A3EDAA6FD3647"
"character-animations","Swim_Fast_FPS","Items/Dual_Handed/Shortbow/Swim/Swim_Fast_FPS","Common/Characters/Animations/Items/Dual_Handed/Shortbow/Swim/Swim_Fast_FPS.blockyanim","7444","0E25F97AFB6150DE98551C9E492AD7D6F2617D2065A2241E814B3F9D3A16985C"
"character-animations","Swim_Float","Items/Dual_Handed/Shortbow/Swim/Swim_Float","Common/Characters/Animations/Items/Dual_Handed/Shortbow/Swim/Swim_Float.blockyanim","4117","2DA14445C3D854332984B32A7093E4131893280D5B923E75D3BE0F232E985DE5"
"character-animations","Swim_Float_FPS","Items/Dual_Handed/Shortbow/Swim/Swim_Float_FPS","Common/Characters/Animations/Items/Dual_Handed/Shortbow/Swim/Swim_Float_FPS.blockyanim","7012","C502B4C3D127080B1D6C44F6F294B84D510D193EBC3B51287F734F9C6A856AE6"
"character-animations","Swim_FPS","Items/Dual_Handed/Shortbow/Swim/Swim_FPS","Common/Characters/Animations/Items/Dual_Handed/Shortbow/Swim/Swim_FPS.blockyanim","7029","596D4F0D73FFE4776C01EFA7988DBD6E4BBA9F7666B792AC21040347D2699FFE"
"character-animations","Swim_Idle","Items/Dual_Handed/Shortbow/Swim/Swim_Idle","Common/Characters/Animations/Items/Dual_Handed/Shortbow/Swim/Swim_Idle.blockyanim","3680","CF3535FA910E5FD4C49836EFA3D9614C997D1EFA804EEFDD6875A7B89D0523D7"
"character-animations","Swim_Idle_FPS","Items/Dual_Handed/Shortbow/Swim/Swim_Idle_FPS","Common/Characters/Animations/Items/Dual_Handed/Shortbow/Swim/Swim_Idle_FPS.blockyanim","6228","52CAF8AB12D08E3945376D617E8FD10EA45ECAB77DB4DB677BD06E2BB5499A58"
"character-animations","Swim_Jump","Items/Dual_Handed/Shortbow/Swim/Swim_Jump","Common/Characters/Animations/Items/Dual_Handed/Shortbow/Swim/Swim_Jump.blockyanim","4551","B340EED50331C04526FA4F0EFF0A14844C05C38AC1FCADD8B0BB0E5515CFEBB8"
"character-animations","Swim_Jump_FPS","Items/Dual_Handed/Shortbow/Swim/Swim_Jump_FPS","Common/Characters/Animations/Items/Dual_Handed/Shortbow/Swim/Swim_Jump_FPS.blockyanim","6620","8432D97749F9294D1CFD9F230E200CDC0A375AC1C9CD6F5793D350FBDD2CE291"
"character-animations","Swim_Sink","Items/Dual_Handed/Shortbow/Swim/Swim_Sink","Common/Characters/Animations/Items/Dual_Handed/Shortbow/Swim/Swim_Sink.blockyanim","3682","DFD915251A6584EB35975ED9F79DD7360BE858F2772E859661C2CF3D94B200C7"
"character-animations","Swim_Sink_FPS","Items/Dual_Handed/Shortbow/Swim/Swim_Sink_FPS","Common/Characters/Animations/Items/Dual_Handed/Shortbow/Swim/Swim_Sink_FPS.blockyanim","6227","FBF018AB21C0630F74AC1DE3B3A942864B26CCBC6D0EAA87C717053336EF50CD"
"character-animations","Walk","Items/Dual_Handed/Shortbow/Walk","Common/Characters/Animations/Items/Dual_Handed/Shortbow/Walk.blockyanim","4115","36DAE7FD0DD36C1188803B43721217ADC9B2B2087CF1440036D0A83D4FDB0F33"
"character-animations","Walk_Backward","Items/Dual_Handed/Shortbow/Walk_Backward","Common/Characters/Animations/Items/Dual_Handed/Shortbow/Walk_Backward.blockyanim","4117","FC1789C74E156EEAB1555F3CB295F167C535557DC5F4D08C6D898240CB2623E4"
"character-animations","Walk_Backward_FPS","Items/Dual_Handed/Shortbow/Walk_Backward_FPS","Common/Characters/Animations/Items/Dual_Handed/Shortbow/Walk_Backward_FPS.blockyanim","6230","8FA041E806B61CC6EF2E075F900867E95D53D2813E192431D53CEE53E8CFC29B"
"character-animations","Walk_FPS","Items/Dual_Handed/Shortbow/Walk_FPS","Common/Characters/Animations/Items/Dual_Handed/Shortbow/Walk_FPS.blockyanim","6228","2316FD41314B38FEF3D2C63514FBA1CBCD280C2801FA2D6A353FAFF0A83DAED2"
"character-animations","Dig","Items/Dual_Handed/Shovel/Attacks/Dig","Common/Characters/Animations/Items/Dual_Handed/Shovel/Attacks/Dig.blockyanim","23465","BA70FC4B351DFEB5F610C51C0EB0BC57EE7B5D1C691C3CC2EB08A152FBB08241"
"character-animations","Dig_FPS","Items/Dual_Handed/Shovel/Attacks/Dig_FPS","Common/Characters/Animations/Items/Dual_Handed/Shovel/Attacks/Dig_FPS.blockyanim","9430","42318A2D05D9F27308969EF67A5520B95B4CFE14A5D15C473F32E5F532CFA67C"
"character-animations","Dig_Moving","Items/Dual_Handed/Shovel/Attacks/Dig_Moving","Common/Characters/Animations/Items/Dual_Handed/Shovel/Attacks/Dig_Moving.blockyanim","15221","00E22AF91C5F7994E523885B019B2549A0026F2413AAC282928D7441E319FDB1"
"character-animations","Climb_Down","Items/Dual_Handed/Shovel/Climb/Climb_Down","Common/Characters/Animations/Items/Dual_Handed/Shovel/Climb/Climb_Down.blockyanim","1442","CCDF21DDBD8094CE67FDA73D1550C6608AF37204ADC7C47FEC570C47296EEB6C"
"character-animations","Climb_Down_FPS","Items/Dual_Handed/Shovel/Climb/Climb_Down_FPS","Common/Characters/Animations/Items/Dual_Handed/Shovel/Climb/Climb_Down_FPS.blockyanim","3778","9BACB48B726E75706344CB945478DC5C34C50B7F8CA7DDC3131294BED4255CCD"
"character-animations","Climb_Idle","Items/Dual_Handed/Shovel/Climb/Climb_Idle","Common/Characters/Animations/Items/Dual_Handed/Shovel/Climb/Climb_Idle.blockyanim","971","8F5A90AEC35A5F18227FD68932B792B4CDA778B30E93B68C4590C3136705B1A0"
"character-animations","Climb_Idle_FPS","Items/Dual_Handed/Shovel/Climb/Climb_Idle_FPS","Common/Characters/Animations/Items/Dual_Handed/Shovel/Climb/Climb_Idle_FPS.blockyanim","2623","DB4C10DF5630BA4C24D5C88BFEA0A11F3787107CACD6CE550ECC94C52521A493"
"character-animations","Climb_Left","Items/Dual_Handed/Shovel/Climb/Climb_Left","Common/Characters/Animations/Items/Dual_Handed/Shovel/Climb/Climb_Left.blockyanim","1430","25422D13531577A3C8C09D2E540895D785723CE61E21717F36CA48E0B0AE8077"
"character-animations","Climb_Left_FPS","Items/Dual_Handed/Shovel/Climb/Climb_Left_FPS","Common/Characters/Animations/Items/Dual_Handed/Shovel/Climb/Climb_Left_FPS.blockyanim","3341","E6B5B94A2BF19AD5C90EDBF6E11749183C23437715EF81B585642C97B0CB0DAF"
"character-animations","Climb_Right","Items/Dual_Handed/Shovel/Climb/Climb_Right","Common/Characters/Animations/Items/Dual_Handed/Shovel/Climb/Climb_Right.blockyanim","1430","F7EFE30673608CCE53B33676169391FFBAF28BCAAE2B4C7B23103C3BB9D634C7"
"character-animations","Climb_Right_FPS","Items/Dual_Handed/Shovel/Climb/Climb_Right_FPS","Common/Characters/Animations/Items/Dual_Handed/Shovel/Climb/Climb_Right_FPS.blockyanim","3341","E6B5B94A2BF19AD5C90EDBF6E11749183C23437715EF81B585642C97B0CB0DAF"
"character-animations","Climb_Up","Items/Dual_Handed/Shovel/Climb/Climb_Up","Common/Characters/Animations/Items/Dual_Handed/Shovel/Climb/Climb_Up.blockyanim","1442","D715CBEEBD14D5E32BB64BB54CE28D022CCCA615EB93ADAAF00B5AAAED844070"
"character-animations","Climb_Up_FPS","Items/Dual_Handed/Shovel/Climb/Climb_Up_FPS","Common/Characters/Animations/Items/Dual_Handed/Shovel/Climb/Climb_Up_FPS.blockyanim","3778","66D99BCEB72332FEF5E00BE32F5EF3FC89FFC7736AB9235A593E7622269C6AA3"
"character-animations","Crouch","Items/Dual_Handed/Shovel/Crouch","Common/Characters/Animations/Items/Dual_Handed/Shovel/Crouch.blockyanim","4821","614C0B3261E8E48EC44A9FBCE75F1A40980B5E4C9F8E2A8293CCF87B14F16827"
"character-animations","Crouch_FPS","Items/Dual_Handed/Shovel/Crouch_FPS","Common/Characters/Animations/Items/Dual_Handed/Shovel/Crouch_FPS.blockyanim","3060","0AFC09CA4093DD9F9CFE3AC80ED90ADC0E8B7FD9242521FE2B82D5BC4F3A4FC2"
"character-animations","Crouch_Walk","Items/Dual_Handed/Shovel/Crouch_Walk","Common/Characters/Animations/Items/Dual_Handed/Shovel/Crouch_Walk.blockyanim","3527","38C3C3FA2CF30D795AC373A4016F7B06DFFFC0E3F4416636FB82FA03ACA2691C"
"character-animations","Crouch_Walk_Backward","Items/Dual_Handed/Shovel/Crouch_Walk_Backward","Common/Characters/Animations/Items/Dual_Handed/Shovel/Crouch_Walk_Backward.blockyanim","3527","38C3C3FA2CF30D795AC373A4016F7B06DFFFC0E3F4416636FB82FA03ACA2691C"
"character-animations","Crouch_Walk_Backward_FPS","Items/Dual_Handed/Shovel/Crouch_Walk_Backward_FPS","Common/Characters/Animations/Items/Dual_Handed/Shovel/Crouch_Walk_Backward_FPS.blockyanim","3057","5434E64D283C0CDDE5CD4AFCBEAB4D730C3ACBFF6E8BBB32C92318AC162E4E91"
"character-animations","Crouch_Walk_FPS","Items/Dual_Handed/Shovel/Crouch_Walk_FPS","Common/Characters/Animations/Items/Dual_Handed/Shovel/Crouch_Walk_FPS.blockyanim","3057","5434E64D283C0CDDE5CD4AFCBEAB4D730C3ACBFF6E8BBB32C92318AC162E4E91"
"character-animations","Fall","Items/Dual_Handed/Shovel/Fall","Common/Characters/Animations/Items/Dual_Handed/Shovel/Fall.blockyanim","3848","EC46338DEE8048355D26CE2F297E1252AAA405D352BA42DFF265950BC8843E2D"
"character-animations","Fall_Far","Items/Dual_Handed/Shovel/Fall_Far","Common/Characters/Animations/Items/Dual_Handed/Shovel/Fall_Far.blockyanim","3512","C173D0C019716E9F1B9FE302133D0C035C9D2398B1558B0852859CB1BCCDC905"
"character-animations","Fall_Far_FPS","Items/Dual_Handed/Shovel/Fall_Far_FPS","Common/Characters/Animations/Items/Dual_Handed/Shovel/Fall_Far_FPS.blockyanim","3250","894E4F98CE1CFA1A06DE45E45DCCCEAE337216C3E6B4CE092AC00FC78E1D37D3"
"character-animations","Fall_FPS","Items/Dual_Handed/Shovel/Fall_FPS","Common/Characters/Animations/Items/Dual_Handed/Shovel/Fall_FPS.blockyanim","3429","F435C24D00F8FCBCCCED8F5CF868B309732C9522BE1321AA1285BFA7EF882B47"
"character-animations","Fly","Items/Dual_Handed/Shovel/Fly/Fly","Common/Characters/Animations/Items/Dual_Handed/Shovel/Fly/Fly.blockyanim","4762","15D4F83228D47B9FA72F71FA0BC07D24E6E6177CB828A8356104707050A98A2D"
"character-animations","Fly_Backward","Items/Dual_Handed/Shovel/Fly/Fly_Backward","Common/Characters/Animations/Items/Dual_Handed/Shovel/Fly/Fly_Backward.blockyanim","4761","7F73C1531A2E1DA8B675D80E84C816F6471646515B800F9453604F9729EFA764"
"character-animations","Fly_Backward_FPS","Items/Dual_Handed/Shovel/Fly/Fly_Backward_FPS","Common/Characters/Animations/Items/Dual_Handed/Shovel/Fly/Fly_Backward_FPS.blockyanim","3057","5434E64D283C0CDDE5CD4AFCBEAB4D730C3ACBFF6E8BBB32C92318AC162E4E91"
"character-animations","Fly_Fast","Items/Dual_Handed/Shovel/Fly/Fly_Fast","Common/Characters/Animations/Items/Dual_Handed/Shovel/Fly/Fly_Fast.blockyanim","4763","EEE3F4298EBA4C36C9BBFEB0EE4C2D91A905683C6E06934E8089B2C1F5681E85"
"character-animations","Fly_Fast_FPS","Items/Dual_Handed/Shovel/Fly/Fly_Fast_FPS","Common/Characters/Animations/Items/Dual_Handed/Shovel/Fly/Fly_Fast_FPS.blockyanim","3061","BAD9B6C75DC6697021D41BEF6D465AE0A03E778494961A8FD842625BE9911608"
"character-animations","Fly_FPS","Items/Dual_Handed/Shovel/Fly/Fly_FPS","Common/Characters/Animations/Items/Dual_Handed/Shovel/Fly/Fly_FPS.blockyanim","3057","5434E64D283C0CDDE5CD4AFCBEAB4D730C3ACBFF6E8BBB32C92318AC162E4E91"
"character-animations","Fly_Idle","Items/Dual_Handed/Shovel/Fly/Fly_Idle","Common/Characters/Animations/Items/Dual_Handed/Shovel/Fly/Fly_Idle.blockyanim","4761","339F4448C2CB51738700AEA45C492355598961822ACCD61F30DC417D43253EBC"
"character-animations","Fly_Idle_FPS","Items/Dual_Handed/Shovel/Fly/Fly_Idle_FPS","Common/Characters/Animations/Items/Dual_Handed/Shovel/Fly/Fly_Idle_FPS.blockyanim","3060","0AFC09CA4093DD9F9CFE3AC80ED90ADC0E8B7FD9242521FE2B82D5BC4F3A4FC2"
"character-animations","Idle","Items/Dual_Handed/Shovel/Idle","Common/Characters/Animations/Items/Dual_Handed/Shovel/Idle.blockyanim","14451","4BAF4078C2F82B17C547B32DD99D44178D3313FCE7266CB55A9E8E88EFF8EAC6"
"character-animations","Idle_FPS","Items/Dual_Handed/Shovel/Idle_FPS","Common/Characters/Animations/Items/Dual_Handed/Shovel/Idle_FPS.blockyanim","3051","8CB57ED26590AFBAEB270BE126D699676E8D27C407065F8E53B73DC86ACAA807"
"character-animations","Interact","Items/Dual_Handed/Shovel/Interact","Common/Characters/Animations/Items/Dual_Handed/Shovel/Interact.blockyanim","7490","633287FAD837315CFA89D581E63FA45197DA4AD61F9B9D995999E0E2C0794247"
"character-animations","Interact_FPS","Items/Dual_Handed/Shovel/Interact_FPS","Common/Characters/Animations/Items/Dual_Handed/Shovel/Interact_FPS.blockyanim","3591","BC67E1164BFD5C9037DAC4F02676BDC871BD69BCC9FAAB06848B277D080891BD"
"character-animations","Jump","Items/Dual_Handed/Shovel/Jump","Common/Characters/Animations/Items/Dual_Handed/Shovel/Jump.blockyanim","3511","B88170AD9C5A22C8663E96E8A4C84CE98C37CE953E5414F1D96820B39BC1C4C3"
"character-animations","Jump_Far","Items/Dual_Handed/Shovel/Jump_Far","Common/Characters/Animations/Items/Dual_Handed/Shovel/Jump_Far.blockyanim","4283","386E56EA297A0ACF1301E5CC2861FB28F05EE452C973DAF6646FD4347846A68C"
"character-animations","Jump_Far_FPS","Items/Dual_Handed/Shovel/Jump_Far_FPS","Common/Characters/Animations/Items/Dual_Handed/Shovel/Jump_Far_FPS.blockyanim","4047","B8BE3B5973660EA9B8441851EA632254F1456F84F881B28ACA0E33BC9E44659F"
"character-animations","Jump_FPS","Items/Dual_Handed/Shovel/Jump_FPS","Common/Characters/Animations/Items/Dual_Handed/Shovel/Jump_FPS.blockyanim","3422","30F5FB348D5E5B4B874D760C18B05DECFC98319221FD02D09F8F5EA8A42A2C07"
"character-animations","Run","Items/Dual_Handed/Shovel/Run","Common/Characters/Animations/Items/Dual_Handed/Shovel/Run.blockyanim","3527","E1B7E4D39F75E4B86EA635A60243A2AD63C0D7EB564FEA8A6E1FE76F41F2EEF1"
"character-animations","Run_Backward","Items/Dual_Handed/Shovel/Run_Backward","Common/Characters/Animations/Items/Dual_Handed/Shovel/Run_Backward.blockyanim","3527","E1B7E4D39F75E4B86EA635A60243A2AD63C0D7EB564FEA8A6E1FE76F41F2EEF1"
"character-animations","Run_Backward_FPS","Items/Dual_Handed/Shovel/Run_Backward_FPS","Common/Characters/Animations/Items/Dual_Handed/Shovel/Run_Backward_FPS.blockyanim","3040","18238A35732F971EB4FD1D5325FFBEC6C45803940C99FF9EB5BBB2D11300C073"
"character-animations","Run_FPS","Items/Dual_Handed/Shovel/Run_FPS","Common/Characters/Animations/Items/Dual_Handed/Shovel/Run_FPS.blockyanim","3040","18238A35732F971EB4FD1D5325FFBEC6C45803940C99FF9EB5BBB2D11300C073"
"character-animations","Sprint","Items/Dual_Handed/Shovel/Sprint","Common/Characters/Animations/Items/Dual_Handed/Shovel/Sprint.blockyanim","3527","63ECEEA8023C32AD149719C35D951FE6BE029ABA40EE05CBF44B7E66D4EA992C"
"character-animations","Sprint_FPS","Items/Dual_Handed/Shovel/Sprint_FPS","Common/Characters/Animations/Items/Dual_Handed/Shovel/Sprint_FPS.blockyanim","3038","B2191268C5CDE3B1ECD46E9A84D33EA286D0C376D7AA9DF244FABE6D65A8EBC5"
"character-animations","Swim","Items/Dual_Handed/Shovel/Swim/Swim","Common/Characters/Animations/Items/Dual_Handed/Shovel/Swim/Swim.blockyanim","3129","1BF542109462D69C246F640993DD596176E0CFF2268B49467A7D3103306E8181"
"character-animations","Swim_Backward","Items/Dual_Handed/Shovel/Swim/Swim_Backward","Common/Characters/Animations/Items/Dual_Handed/Shovel/Swim/Swim_Backward.blockyanim","2743","DF1F313E961EBB2600B30A487587544AA55AE769EAA173FD4B8156AC399868B9"
"character-animations","Swim_Backward_FPS","Items/Dual_Handed/Shovel/Swim/Swim_Backward_FPS","Common/Characters/Animations/Items/Dual_Handed/Shovel/Swim/Swim_Backward_FPS.blockyanim","3398","E917BF678EE2B49D032EDE7A05EC874325F4F7F514C1768CBA51AB675426A17D"
"character-animations","Swim_Dive","Items/Dual_Handed/Shovel/Swim/Swim_Dive","Common/Characters/Animations/Items/Dual_Handed/Shovel/Swim/Swim_Dive.blockyanim","3356","47153FEDCD603F602BDC09696718E3DE218BBBD8693086B6F6D70FDA628F7723"
"character-animations","Swim_Dive_Backward","Items/Dual_Handed/Shovel/Swim/Swim_Dive_Backward","Common/Characters/Animations/Items/Dual_Handed/Shovel/Swim/Swim_Dive_Backward.blockyanim","2528","B799E2BAFD8D10E8FED4B267B111A547593C8F07FFE05F171F84A016D54830F4"
"character-animations","Swim_Dive_Backward_FPS","Items/Dual_Handed/Shovel/Swim/Swim_Dive_Backward_FPS","Common/Characters/Animations/Items/Dual_Handed/Shovel/Swim/Swim_Dive_Backward_FPS.blockyanim","3398","E917BF678EE2B49D032EDE7A05EC874325F4F7F514C1768CBA51AB675426A17D"
"character-animations","Swim_Dive_Fast","Items/Dual_Handed/Shovel/Swim/Swim_Dive_Fast","Common/Characters/Animations/Items/Dual_Handed/Shovel/Swim/Swim_Dive_Fast.blockyanim","2093","2A0871279CC991B208F2194A00E53E62113EB3F977CAFECE15B20742525FCDEB"
"character-animations","Swim_Dive_Fast_FPS","Items/Dual_Handed/Shovel/Swim/Swim_Dive_Fast_FPS","Common/Characters/Animations/Items/Dual_Handed/Shovel/Swim/Swim_Dive_Fast_FPS.blockyanim","3399","2B6FDDEAECD9CA393CE901430CCFDBBA83660405B62D07B34F572C50DD415E79"
"character-animations","Swim_Dive_FPS","Items/Dual_Handed/Shovel/Swim/Swim_Dive_FPS","Common/Characters/Animations/Items/Dual_Handed/Shovel/Swim/Swim_Dive_FPS.blockyanim","3398","CE41EE097D93A6789F60A339EE639F722CE4725320CF2A8D4F36744D08A24416"
"character-animations","Swim_Fast","Items/Dual_Handed/Shovel/Swim/Swim_Fast","Common/Characters/Animations/Items/Dual_Handed/Shovel/Swim/Swim_Fast.blockyanim","30911","62FD409730009A4ABC7E22AD6BF146ED8EACA7B40EE77C58243216F5998CED85"
"character-animations","Swim_Fast_FPS","Items/Dual_Handed/Shovel/Swim/Swim_Fast_FPS","Common/Characters/Animations/Items/Dual_Handed/Shovel/Swim/Swim_Fast_FPS.blockyanim","4266","04FB05F94D372BC4BDE04D6ABF65948A5FA2F820FD580DF055863FE9D1A0C703"
"character-animations","Swim_Float","Items/Dual_Handed/Shovel/Swim/Swim_Float","Common/Characters/Animations/Items/Dual_Handed/Shovel/Swim/Swim_Float.blockyanim","3170","6969F30FBD7CF6DF96ECD75BCB9348293146BB929D23FDE276B9A54734D30C71"
"character-animations","Swim_Float_FPS","Items/Dual_Handed/Shovel/Swim/Swim_Float_FPS","Common/Characters/Animations/Items/Dual_Handed/Shovel/Swim/Swim_Float_FPS.blockyanim","3398","C398B66D2C651CE647F55ED7893E37DDB3023578460EB86C3527E4CCA0389065"
"character-animations","Swim_FPS","Items/Dual_Handed/Shovel/Swim/Swim_FPS","Common/Characters/Animations/Items/Dual_Handed/Shovel/Swim/Swim_FPS.blockyanim","3398","CE41EE097D93A6789F60A339EE639F722CE4725320CF2A8D4F36744D08A24416"
"character-animations","Swim_Idle","Items/Dual_Handed/Shovel/Swim/Swim_Idle","Common/Characters/Animations/Items/Dual_Handed/Shovel/Swim/Swim_Idle.blockyanim","2137","79883814CE39B353F77CA65579EAEA4FE3EDEF7643295ADAEEA6C6DDF450A663"
"character-animations","Swim_Idle_FPS","Items/Dual_Handed/Shovel/Swim/Swim_Idle_FPS","Common/Characters/Animations/Items/Dual_Handed/Shovel/Swim/Swim_Idle_FPS.blockyanim","3399","6ECB31D6DE003A49ABB6C8CDFF4D89887862BD7A10CFA79BF61431AF1D87C170"
"character-animations","Swim_Jump","Items/Dual_Handed/Shovel/Swim/Swim_Jump","Common/Characters/Animations/Items/Dual_Handed/Shovel/Swim/Swim_Jump.blockyanim","2957","4AA97D7296B546A06348A871D4E531E46A696FA8BF9D8FC958AB2ADBCDE3A2E6"
"character-animations","Swim_Jump_FPS","Items/Dual_Handed/Shovel/Swim/Swim_Jump_FPS","Common/Characters/Animations/Items/Dual_Handed/Shovel/Swim/Swim_Jump_FPS.blockyanim","3396","51EC88018E5542BC950448DAE557B48D8C1143E346ADD81D6FFBDCF85D9154D3"
"character-animations","Swim_Sink","Items/Dual_Handed/Shovel/Swim/Swim_Sink","Common/Characters/Animations/Items/Dual_Handed/Shovel/Swim/Swim_Sink.blockyanim","2136","3C8DEFFC48EE5BEAFA6784C77E74F4585AF517C35131603E77ADA27E31292218"
"character-animations","Swim_Sink_FPS","Items/Dual_Handed/Shovel/Swim/Swim_Sink_FPS","Common/Characters/Animations/Items/Dual_Handed/Shovel/Swim/Swim_Sink_FPS.blockyanim","3400","70E750ACA3C74CEEB56347C50A7F1E19D324A533E639DABA400E51262A31BBAA"
"character-animations","Walk","Items/Dual_Handed/Shovel/Walk","Common/Characters/Animations/Items/Dual_Handed/Shovel/Walk.blockyanim","3527","00BA9A31D6F57DFE1D86F709FEE8F2E6963E8C5BD9A9DC6FE9FF422E5F99617F"
"character-animations","Walk_Backward","Items/Dual_Handed/Shovel/Walk_Backward","Common/Characters/Animations/Items/Dual_Handed/Shovel/Walk_Backward.blockyanim","3527","00BA9A31D6F57DFE1D86F709FEE8F2E6963E8C5BD9A9DC6FE9FF422E5F99617F"
"character-animations","Walk_Backward_FPS","Items/Dual_Handed/Shovel/Walk_Backward_FPS","Common/Characters/Animations/Items/Dual_Handed/Shovel/Walk_Backward_FPS.blockyanim","3050","8ABE762B708730B8C92ED42B18759AB9BC211ED1856873289BFA07A786A3B658"
"character-animations","Walk_FPS","Items/Dual_Handed/Shovel/Walk_FPS","Common/Characters/Animations/Items/Dual_Handed/Shovel/Walk_FPS.blockyanim","3048","9D93DC171C9F32300524499A3A943656795B9D1D17163D41C1E360D5620A5AE7"
"character-animations","Guard_Bash","Items/Dual_Handed/Spear/Attacks/Guard_Bash/Guard_Bash","Common/Characters/Animations/Items/Dual_Handed/Spear/Attacks/Guard_Bash/Guard_Bash.blockyanim","21847","994D0D1953453F41968D7DF3BEEE2CAFF191E6595CD91CE8E8BD823871A766F8"
"character-animations","Guard_Bash_FPS","Items/Dual_Handed/Spear/Attacks/Guard_Bash/Guard_Bash_FPS","Common/Characters/Animations/Items/Dual_Handed/Spear/Attacks/Guard_Bash/Guard_Bash_FPS.blockyanim","11025","2A57B7F619BD933F192251DA7DDC2391164105A9C40571FBD73E63F275964CF6"
"character-animations","Guard_Bash_Moving","Items/Dual_Handed/Spear/Attacks/Guard_Bash/Guard_Bash_Moving","Common/Characters/Animations/Items/Dual_Handed/Spear/Attacks/Guard_Bash/Guard_Bash_Moving.blockyanim","15886","D91BE4992C4CD31B2EE267CA67FE12F52267EE483D42A9A2C43E6EB16FA0C32B"
"character-animations","Guard","Items/Dual_Handed/Spear/Attacks/Guard/Guard","Common/Characters/Animations/Items/Dual_Handed/Spear/Attacks/Guard/Guard.blockyanim","6536","15DC36197607F22957A7B0CC32A52F181A6712C44C7F5A2C0C1452103375FBCD"
"character-animations","Guard_FPS","Items/Dual_Handed/Spear/Attacks/Guard/Guard_FPS","Common/Characters/Animations/Items/Dual_Handed/Spear/Attacks/Guard/Guard_FPS.blockyanim","3108","79572CC25CBD74F843457D83FA1D9CD5EC995EDF59A57292FC48864C3FCC05E0"
"character-animations","Guard_Moving","Items/Dual_Handed/Spear/Attacks/Guard/Guard_Moving","Common/Characters/Animations/Items/Dual_Handed/Spear/Attacks/Guard/Guard_Moving.blockyanim","3863","F43DB79887D18C26CA445409C842A7A580A3E7B9014CA7FDC667E1E15006EC07"
"character-animations","Spin_Swing_Left_Heavy","Items/Dual_Handed/Spear/Attacks/Spin_Swing_Left_Heavy/Spin_Swing_Left_Heavy","Common/Characters/Animations/Items/Dual_Handed/Spear/Attacks/Spin_Swing_Left_Heavy/Spin_Swing_Left_Heavy.blockyanim","34540","7B1572DC864A43E2882276244554944C1C1B0B473634D7FA8D68CF0018B149BD"
"character-animations","Spin_Swing_Left_Heavy_FPS","Items/Dual_Handed/Spear/Attacks/Spin_Swing_Left_Heavy/Spin_Swing_Left_Heavy_FPS","Common/Characters/Animations/Items/Dual_Handed/Spear/Attacks/Spin_Swing_Left_Heavy/Spin_Swing_Left_Heavy_FPS.blockyanim","22243","996224DA2C7569673D3F70CDE4492811A4D06A9FB35D36337F39FECDDEE4565D"
"character-animations","Spin_Swing_Left_Heavy_Moving","Items/Dual_Handed/Spear/Attacks/Spin_Swing_Left_Heavy/Spin_Swing_Left_Heavy_Moving","Common/Characters/Animations/Items/Dual_Handed/Spear/Attacks/Spin_Swing_Left_Heavy/Spin_Swing_Left_Heavy_Moving.blockyanim","29197","5DBB572DE80E9290EC81DD108337CD8B4C64A61FCB55E1AF7A3F7B2D271F69E9"
"character-animations","Spin_Swing_Left","Items/Dual_Handed/Spear/Attacks/Spin_Swing_Left/Spin_Swing_Left","Common/Characters/Animations/Items/Dual_Handed/Spear/Attacks/Spin_Swing_Left/Spin_Swing_Left.blockyanim","23464","0AD1CE8FBE2E13774002BF9E63AAB70594E0157C6EE7A5BCDB58E4D59293957C"
"character-animations","Spin_Swing_Left_FPS","Items/Dual_Handed/Spear/Attacks/Spin_Swing_Left/Spin_Swing_Left_FPS","Common/Characters/Animations/Items/Dual_Handed/Spear/Attacks/Spin_Swing_Left/Spin_Swing_Left_FPS.blockyanim","11413","E0B098D3C01D2D04B20FDD5A51532EF175E2AC304AD8E0E1EFDCEF3C3CB18907"
"character-animations","Spin_Swing_Left_Moving","Items/Dual_Handed/Spear/Attacks/Spin_Swing_Left/Spin_Swing_Left_Moving","Common/Characters/Animations/Items/Dual_Handed/Spear/Attacks/Spin_Swing_Left/Spin_Swing_Left_Moving.blockyanim","17517","0E379C26CFAF8FFBA28E43827F974E22C0746314EFD6AF3605BD5BF4CD28275E"
"character-animations","Spin_Swing_Right_Heavy","Items/Dual_Handed/Spear/Attacks/Spin_Swing_Right_Heavy/Spin_Swing_Right_Heavy","Common/Characters/Animations/Items/Dual_Handed/Spear/Attacks/Spin_Swing_Right_Heavy/Spin_Swing_Right_Heavy.blockyanim","34696","BFAADBA280D34F68807C8CAB768F6E860E67458DA188E959C7D028CC3B08FCFF"
"character-animations","Spin_Swing_Right_Heavy_FPS","Items/Dual_Handed/Spear/Attacks/Spin_Swing_Right_Heavy/Spin_Swing_Right_Heavy_FPS","Common/Characters/Animations/Items/Dual_Handed/Spear/Attacks/Spin_Swing_Right_Heavy/Spin_Swing_Right_Heavy_FPS.blockyanim","22730","1C4398A735997ABC914C8A0D912807A61F1BF1F21DB15D94BC097DDB608B9848"
"character-animations","Spin_Swing_Right_Heavy_Moving","Items/Dual_Handed/Spear/Attacks/Spin_Swing_Right_Heavy/Spin_Swing_Right_Heavy_Moving","Common/Characters/Animations/Items/Dual_Handed/Spear/Attacks/Spin_Swing_Right_Heavy/Spin_Swing_Right_Heavy_Moving.blockyanim","29147","0611977A3F125C8219620D0978D372223574982BD71C286066C052C7587D1283"
"character-animations","Spin_Swing_Right","Items/Dual_Handed/Spear/Attacks/Spin_Swing_Right/Spin_Swing_Right","Common/Characters/Animations/Items/Dual_Handed/Spear/Attacks/Spin_Swing_Right/Spin_Swing_Right.blockyanim","24038","E76B3CA110F9D6BB331350657BE3C83BD7CF9107946B37DD62A4E16061568BF2"
"character-animations","Spin_Swing_Right_FPS","Items/Dual_Handed/Spear/Attacks/Spin_Swing_Right/Spin_Swing_Right_FPS","Common/Characters/Animations/Items/Dual_Handed/Spear/Attacks/Spin_Swing_Right/Spin_Swing_Right_FPS.blockyanim","11937","7D43C06E4ED19375C123C0F2557421B41C49C9D23CED09920677698CE7D375AA"
"character-animations","Spin_Swing_Right_Moving","Items/Dual_Handed/Spear/Attacks/Spin_Swing_Right/Spin_Swing_Right_Moving","Common/Characters/Animations/Items/Dual_Handed/Spear/Attacks/Spin_Swing_Right/Spin_Swing_Right_Moving.blockyanim","18086","10E5CC52AF820CA47833865AAA71C9881A438AEFFDE51453AC036FCD08BDD384"
"character-animations","Stab","Items/Dual_Handed/Spear/Attacks/Stab/Stab","Common/Characters/Animations/Items/Dual_Handed/Spear/Attacks/Stab/Stab.blockyanim","20045","F29C395DCDB9A3D74767EED054690AF1023EB5D52325DFF2DA8AC6CB6F60755E"
"character-animations","Stab_FPS","Items/Dual_Handed/Spear/Attacks/Stab/Stab_FPS","Common/Characters/Animations/Items/Dual_Handed/Spear/Attacks/Stab/Stab_FPS.blockyanim","8151","8068FFED0F1911FD953706E5E3F0B70C1117BD8EA340F392648666E5AE237BBA"
"character-animations","Stab_Moving","Items/Dual_Handed/Spear/Attacks/Stab/Stab_Moving","Common/Characters/Animations/Items/Dual_Handed/Spear/Attacks/Stab/Stab_Moving.blockyanim","14082","AEE1DE27727EBF3E3D41BCA399579150F64AD85B48C3B23B405A413C3B7DA027"
"character-animations","Swing_Left","Items/Dual_Handed/Spear/Attacks/Swing_Left/Swing_Left","Common/Characters/Animations/Items/Dual_Handed/Spear/Attacks/Swing_Left/Swing_Left.blockyanim","18704","D09057378D96B67D4FC11E40793E663FC1CC338EF48426B48126E40104A88DB9"
"character-animations","Swing_Left_FPS","Items/Dual_Handed/Spear/Attacks/Swing_Left/Swing_Left_FPS","Common/Characters/Animations/Items/Dual_Handed/Spear/Attacks/Swing_Left/Swing_Left_FPS.blockyanim","7793","C58EAEAAC0FB2B6FBE290A68591CF04C2B06E3F39790FF3BED5A7DE2E7777FBF"
"character-animations","Swing_Left_Moving","Items/Dual_Handed/Spear/Attacks/Swing_Left/Swing_Left_Moving","Common/Characters/Animations/Items/Dual_Handed/Spear/Attacks/Swing_Left/Swing_Left_Moving.blockyanim","12795","62DDABFBCDDFC06604C24AEFDD05EA4DE623F7973283D9CBE53B76A3C1933CAC"
"character-animations","Swing_Right","Items/Dual_Handed/Spear/Attacks/Swing_Right/Swing_Right","Common/Characters/Animations/Items/Dual_Handed/Spear/Attacks/Swing_Right/Swing_Right.blockyanim","17802","76AC3DE56B47C4B09ACCA995DC8EDFEB6BF8F0C989D7F259729A8864B828AF8B"
"character-animations","Swing_Right_FPS","Items/Dual_Handed/Spear/Attacks/Swing_Right/Swing_Right_FPS","Common/Characters/Animations/Items/Dual_Handed/Spear/Attacks/Swing_Right/Swing_Right_FPS.blockyanim","8167","4C65CCF26CAD76D27127BAAFA4895D70001ADFA328A15DDA45DAC228078E1FC4"
"character-animations","Swing_Right_Moving","Items/Dual_Handed/Spear/Attacks/Swing_Right/Swing_Right_Moving","Common/Characters/Animations/Items/Dual_Handed/Spear/Attacks/Swing_Right/Swing_Right_Moving.blockyanim","11889","A7EA8F96CECDC41133241796B87024C566DDC081CC671A92CA6096196039CB09"
"character-animations","Swing_Up_Left","Items/Dual_Handed/Spear/Attacks/Swing_Up_Left/Swing_Up_Left","Common/Characters/Animations/Items/Dual_Handed/Spear/Attacks/Swing_Up_Left/Swing_Up_Left.blockyanim","20672","54968BE6A59976520C1CDE3B7AAB2509EDE2B7919E98F8F27A98CC04BDC10834"
"character-animations","Swing_Up_Left_FPS","Items/Dual_Handed/Spear/Attacks/Swing_Up_Left/Swing_Up_Left_FPS","Common/Characters/Animations/Items/Dual_Handed/Spear/Attacks/Swing_Up_Left/Swing_Up_Left_FPS.blockyanim","9100","B0566F26D5568D48AB83072CBD7CE44D254113AD59966ECC8EBEF85324567D74"
"character-animations","Swing_Up_Left_Moving","Items/Dual_Handed/Spear/Attacks/Swing_Up_Left/Swing_Up_Left_Moving","Common/Characters/Animations/Items/Dual_Handed/Spear/Attacks/Swing_Up_Left/Swing_Up_Left_Moving.blockyanim","14773","7FA4EFFEDF8E744E07D4CC2D92996236BD36E4F3861A70A06E14AF844F658392"
"character-animations","Throw_Charged","Items/Dual_Handed/Spear/Attacks/Throw_Charged/Throw_Charged","Common/Characters/Animations/Items/Dual_Handed/Spear/Attacks/Throw_Charged/Throw_Charged.blockyanim","13482","07041D15744ACD83E487F0E3C3A53707E1150BA9FF746FFC6CE33DEC2934BE73"
"character-animations","Throw_Charged_FPS","Items/Dual_Handed/Spear/Attacks/Throw_Charged/Throw_Charged_FPS","Common/Characters/Animations/Items/Dual_Handed/Spear/Attacks/Throw_Charged/Throw_Charged_FPS.blockyanim","5838","7678FF54461230E30EC31379FAE23408CB2915F88CD22C47E8C3430224570AC8"
"character-animations","Throw_Charged_Moving","Items/Dual_Handed/Spear/Attacks/Throw_Charged/Throw_Charged_Moving","Common/Characters/Animations/Items/Dual_Handed/Spear/Attacks/Throw_Charged/Throw_Charged_Moving.blockyanim","9173","95B5FECEB49FE0A3454C8868071B4EF6A58C46DD3E35556C971B7CD2A94B9724"
"character-animations","Throw_Charging","Items/Dual_Handed/Spear/Attacks/Throw_Charged/Throw_Charging","Common/Characters/Animations/Items/Dual_Handed/Spear/Attacks/Throw_Charged/Throw_Charging.blockyanim","10403","FB4B75494EE3B68EF65767680EC50911D9F5BBB59553D9CD6CDEA6A303BE5F74"
"character-animations","Throw_Charging_FPS","Items/Dual_Handed/Spear/Attacks/Throw_Charged/Throw_Charging_FPS","Common/Characters/Animations/Items/Dual_Handed/Spear/Attacks/Throw_Charged/Throw_Charging_FPS.blockyanim","4532","ECA26181DD34D2C9C5E09CC2DA81E6091E96C0DFF623E6DD9D38EA58442814BD"
"character-animations","Throw_Charging_Moving","Items/Dual_Handed/Spear/Attacks/Throw_Charged/Throw_Charging_Moving","Common/Characters/Animations/Items/Dual_Handed/Spear/Attacks/Throw_Charged/Throw_Charging_Moving.blockyanim","6100","01AF6514A8880039E61F27333AE03DC677A4B61B315FE4327C5CFB663D0770D7"
"character-animations","Throw","Items/Dual_Handed/Spear/Attacks/Throw/Throw","Common/Characters/Animations/Items/Dual_Handed/Spear/Attacks/Throw/Throw.blockyanim","17427","2B79A99CCCA0C5BC5F0CE922A33D8F56E42C42B6EA6BF8356DF4CE98521389FE"
"character-animations","Throw_FPS","Items/Dual_Handed/Spear/Attacks/Throw/Throw_FPS","Common/Characters/Animations/Items/Dual_Handed/Spear/Attacks/Throw/Throw_FPS.blockyanim","7446","121241E67B3476FB506579528F1D2BAEABD720D26993A0E7EDB7FA4DE94474FB"
"character-animations","Throw_Moving","Items/Dual_Handed/Spear/Attacks/Throw/Throw_Moving","Common/Characters/Animations/Items/Dual_Handed/Spear/Attacks/Throw/Throw_Moving.blockyanim","11464","EBB340C3147CCE6E3C1968996EB3CA705A6142BF3663EFC78BF449F1926A863F"
"character-animations","Cast_Hurl_Charged","Items/Dual_Handed/Spellbook/Attacks/Cast_Hurl_Charged/Cast_Hurl_Charged","Common/Characters/Animations/Items/Dual_Handed/Spellbook/Attacks/Cast_Hurl_Charged/Cast_Hurl_Charged.blockyanim","19545","FD68F032B27A3708124047FAF9D1CD85897B75D77A52736EF0B673E9E54FBA60"
"character-animations","Cast_Hurl_Charged_FPS","Items/Dual_Handed/Spellbook/Attacks/Cast_Hurl_Charged/Cast_Hurl_Charged_FPS","Common/Characters/Animations/Items/Dual_Handed/Spellbook/Attacks/Cast_Hurl_Charged/Cast_Hurl_Charged_FPS.blockyanim","10188","61569ECAB4B51E1194D92AFBD419CAABBDBBEEAE6DBEC3275B49DA926B7F44EB"
"character-animations","Cast_Hurl_Charged_Moving","Items/Dual_Handed/Spellbook/Attacks/Cast_Hurl_Charged/Cast_Hurl_Charged_Moving","Common/Characters/Animations/Items/Dual_Handed/Spellbook/Attacks/Cast_Hurl_Charged/Cast_Hurl_Charged_Moving.blockyanim","15249","761E028A5EE5DBA99D60BA1445E3D83E57F5A054CB515EF14FCAC0CD02AF91DC"
"character-animations","Cast_Hurl_Charging","Items/Dual_Handed/Spellbook/Attacks/Cast_Hurl_Charged/Cast_Hurl_Charging","Common/Characters/Animations/Items/Dual_Handed/Spellbook/Attacks/Cast_Hurl_Charged/Cast_Hurl_Charging.blockyanim","23318","BA5A99C419975E46BD73C1F75149B9424CDE76E4594E7ABF6593119902CAB2F3"
"character-animations","Cast_Hurl_Charging_FPS","Items/Dual_Handed/Spellbook/Attacks/Cast_Hurl_Charged/Cast_Hurl_Charging_FPS","Common/Characters/Animations/Items/Dual_Handed/Spellbook/Attacks/Cast_Hurl_Charged/Cast_Hurl_Charging_FPS.blockyanim","14635","D28F01579C3450FE3642786F2D171F0A92BFDA9DB24D2DA1C599FEE32FA086B6"
"character-animations","Cast_Hurl_Charging_Moving","Items/Dual_Handed/Spellbook/Attacks/Cast_Hurl_Charged/Cast_Hurl_Charging_Moving","Common/Characters/Animations/Items/Dual_Handed/Spellbook/Attacks/Cast_Hurl_Charged/Cast_Hurl_Charging_Moving.blockyanim","15412","37E8B3C7BB33B0549232D069F200FF29095BE3883596253D67D21E5BD2FDA1DA"
"character-animations","Cast_Hurl","Items/Dual_Handed/Spellbook/Attacks/Cast_Hurl/Cast_Hurl","Common/Characters/Animations/Items/Dual_Handed/Spellbook/Attacks/Cast_Hurl/Cast_Hurl.blockyanim","33161","5823041B0C651CD4E313BD9CB52CDBBDB56E0CFE142C7287872398381F70DD7D"
"character-animations","Cast_Hurl_FPS","Items/Dual_Handed/Spellbook/Attacks/Cast_Hurl/Cast_Hurl_FPS","Common/Characters/Animations/Items/Dual_Handed/Spellbook/Attacks/Cast_Hurl/Cast_Hurl_FPS.blockyanim","19485","D083F172E8224E9B4FD1727956929D82EF5C98C19BF1F915F587E9F8D8A664FA"
"character-animations","Cast_Hurl_Moving","Items/Dual_Handed/Spellbook/Attacks/Cast_Hurl/Cast_Hurl_Moving","Common/Characters/Animations/Items/Dual_Handed/Spellbook/Attacks/Cast_Hurl/Cast_Hurl_Moving.blockyanim","25830","C79BA80D56ECD99FB79289DDB62C845EE9065768092169EAC2E6C7A5172183D2"
"character-animations","Cast_Push_Charged","Items/Dual_Handed/Spellbook/Attacks/Cast_Push_Charged/Cast_Push_Charged","Common/Characters/Animations/Items/Dual_Handed/Spellbook/Attacks/Cast_Push_Charged/Cast_Push_Charged.blockyanim","19962","E3176479039A9AEB5DA5666DE26BF7FD601FCDE8D9995E5E87F7508F5CDFC0AA"
"character-animations","Cast_Push_Charged_FPS","Items/Dual_Handed/Spellbook/Attacks/Cast_Push_Charged/Cast_Push_Charged_FPS","Common/Characters/Animations/Items/Dual_Handed/Spellbook/Attacks/Cast_Push_Charged/Cast_Push_Charged_FPS.blockyanim","10419","C3D20E92541DD5770DE6E6EAD335C7648649BEB6D98D94BCEBC8CFEEBF13ECD3"
"character-animations","Cast_Push_Charged_Moving","Items/Dual_Handed/Spellbook/Attacks/Cast_Push_Charged/Cast_Push_Charged_Moving","Common/Characters/Animations/Items/Dual_Handed/Spellbook/Attacks/Cast_Push_Charged/Cast_Push_Charged_Moving.blockyanim","15666","81720F54AF2662419C677A42FA6C9C12264661DCC5569E70BC86ADE6ED49B386"
"character-animations","Cast_Push_Charging","Items/Dual_Handed/Spellbook/Attacks/Cast_Push_Charged/Cast_Push_Charging","Common/Characters/Animations/Items/Dual_Handed/Spellbook/Attacks/Cast_Push_Charged/Cast_Push_Charging.blockyanim","23471","EBE4999687776E1902DCB887716A81C88AF006962595AEB4665DEF70CF8F0B83"
"character-animations","Cast_Push_Charging_FPS","Items/Dual_Handed/Spellbook/Attacks/Cast_Push_Charged/Cast_Push_Charging_FPS","Common/Characters/Animations/Items/Dual_Handed/Spellbook/Attacks/Cast_Push_Charged/Cast_Push_Charging_FPS.blockyanim","13829","42E40CA75417B8DCDC0D842CCC9BE27B79DA3B46F813D0DDC73F7CC07D114A87"
"character-animations","Cast_Push_Charging_Moving","Items/Dual_Handed/Spellbook/Attacks/Cast_Push_Charged/Cast_Push_Charging_Moving","Common/Characters/Animations/Items/Dual_Handed/Spellbook/Attacks/Cast_Push_Charged/Cast_Push_Charging_Moving.blockyanim","15566","0F6C2B2D7EA9666DDEE8400870E6BB29C2E849FEBEEDB2A3017753EC74D2F977"
"character-animations","Cast_Push","Items/Dual_Handed/Spellbook/Attacks/Cast_Push/Cast_Push","Common/Characters/Animations/Items/Dual_Handed/Spellbook/Attacks/Cast_Push/Cast_Push.blockyanim","33573","83F7FB5F8B7975BAFEE656B8DAFEB29D9A2424D21C03E0890E82550A8AD836DE"
"character-animations","Cast_Push_FPS","Items/Dual_Handed/Spellbook/Attacks/Cast_Push/Cast_Push_FPS","Common/Characters/Animations/Items/Dual_Handed/Spellbook/Attacks/Cast_Push/Cast_Push_FPS.blockyanim","18912","8C5CC244027554DDCA1DE0DE7E683CD776EC8304FB68865B80E03108C4586B14"
"character-animations","Cast_Push_Moving","Items/Dual_Handed/Spellbook/Attacks/Cast_Push/Cast_Push_Moving","Common/Characters/Animations/Items/Dual_Handed/Spellbook/Attacks/Cast_Push/Cast_Push_Moving.blockyanim","26242","BFEF204EB883F6A1962262BFBE8956EE0EB4562C9FCEE1392E893E7D90FAEAFE"
"character-animations","Cast_Summon_Charged","Items/Dual_Handed/Staff/Attacks/Cast_Summon_Charged/Cast_Summon_Charged","Common/Characters/Animations/Items/Dual_Handed/Staff/Attacks/Cast_Summon_Charged/Cast_Summon_Charged.blockyanim","14134","66C0AF25433B9A98925768E731C073F4E99B36A09447C0D96AC74B6ED73DD3C9"
"character-animations","Cast_Summon_Charged_FPS","Items/Dual_Handed/Staff/Attacks/Cast_Summon_Charged/Cast_Summon_Charged_FPS","Common/Characters/Animations/Items/Dual_Handed/Staff/Attacks/Cast_Summon_Charged/Cast_Summon_Charged_FPS.blockyanim","6012","57E6F5C1A67B777E43EBB1DDCA448E071BA95303BE216A6B49FA5B16BE680D47"
"character-animations","Cast_Summon_Charged_Moving","Items/Dual_Handed/Staff/Attacks/Cast_Summon_Charged/Cast_Summon_Charged_Moving","Common/Characters/Animations/Items/Dual_Handed/Staff/Attacks/Cast_Summon_Charged/Cast_Summon_Charged_Moving.blockyanim","9842","1D0B3B44BA7A8D663C6FF206936A45F264080202AD2376D45C0727B5680EDBC5"
"character-animations","Cast_Summon_Charging","Items/Dual_Handed/Staff/Attacks/Cast_Summon_Charged/Cast_Summon_Charging","Common/Characters/Animations/Items/Dual_Handed/Staff/Attacks/Cast_Summon_Charged/Cast_Summon_Charging.blockyanim","8612","44EBF6D795C779847F0A7053D3C64BEA688360319C83048A5166FAFC80D566E5"
"character-animations","Cast_Summon_Charging_FPS","Items/Dual_Handed/Staff/Attacks/Cast_Summon_Charged/Cast_Summon_Charging_FPS","Common/Characters/Animations/Items/Dual_Handed/Staff/Attacks/Cast_Summon_Charged/Cast_Summon_Charging_FPS.blockyanim","4163","58E50685E6C867A7321C1C4E67F7E8A32C3865363AC0789C979A280D9696E953"
"character-animations","Cast_Summon_Charging_Moving","Items/Dual_Handed/Staff/Attacks/Cast_Summon_Charged/Cast_Summon_Charging_Moving","Common/Characters/Animations/Items/Dual_Handed/Staff/Attacks/Cast_Summon_Charged/Cast_Summon_Charging_Moving.blockyanim","5602","F43E4F1676D8A187187A861097DA5F3C31900A82F5825E1F804849EFEAABBEC2"
"character-animations","Cast_Summon","Items/Dual_Handed/Staff/Attacks/Cast_Summon/Cast_Summon","Common/Characters/Animations/Items/Dual_Handed/Staff/Attacks/Cast_Summon/Cast_Summon.blockyanim","19271","14FF68E42878842B171FDF1C296333FBF6507E54C82B1713D67AB511AC75AF30"
"character-animations","Cast_Summon_FPS","Items/Dual_Handed/Staff/Attacks/Cast_Summon/Cast_Summon_FPS","Common/Characters/Animations/Items/Dual_Handed/Staff/Attacks/Cast_Summon/Cast_Summon_FPS.blockyanim","8830","F1174166721175346E5E6C4ECAD842B321AEC3266D59BDC11CCCF57896F7A2B7"
"character-animations","Cast_Summon_Moving","Items/Dual_Handed/Staff/Attacks/Cast_Summon/Cast_Summon_Moving","Common/Characters/Animations/Items/Dual_Handed/Staff/Attacks/Cast_Summon/Cast_Summon_Moving.blockyanim","10672","0F6F18EAB4C5D4DF9A60382AD01767655572C407D4714086C085296B53AD56F7"
"character-animations","Climb_Down","Items/Dual_Handed/Staff/Climb/Climb_Down","Common/Characters/Animations/Items/Dual_Handed/Staff/Climb/Climb_Down.blockyanim","1218","653BAEBBAA279FEF86EF4CDFE9B603D00BE7016D20767C49D3E6BAC579B58226"
"character-animations","Climb_Down_FPS","Items/Dual_Handed/Staff/Climb/Climb_Down_FPS","Common/Characters/Animations/Items/Dual_Handed/Staff/Climb/Climb_Down_FPS.blockyanim","2669","A2376BFF45F659D17EEA6C35A3768859CA0E44E11B279D512FC971995C80806E"
"character-animations","Climb_Idle","Items/Dual_Handed/Staff/Climb/Climb_Idle","Common/Characters/Animations/Items/Dual_Handed/Staff/Climb/Climb_Idle.blockyanim","783","8E4892D901E8896D2CE3EF616568F9F967E2551A1B1A8188DCA842372DB5E062"
"character-animations","Climb_Idle_FPS","Items/Dual_Handed/Staff/Climb/Climb_Idle_FPS","Common/Characters/Animations/Items/Dual_Handed/Staff/Climb/Climb_Idle_FPS.blockyanim","1671","F56F3619242EC2565491E135011D1D3CA4595F269E4F695B018E6156576AC971"
"character-animations","Climb_Left","Items/Dual_Handed/Staff/Climb/Climb_Left","Common/Characters/Animations/Items/Dual_Handed/Staff/Climb/Climb_Left.blockyanim","1436","853779C2C74DE52195757A26D1A44D9EBC8DE9FDB5AA02A765CDA4D9A6089B2A"
"character-animations","Climb_Left_FPS","Items/Dual_Handed/Staff/Climb/Climb_Left_FPS","Common/Characters/Animations/Items/Dual_Handed/Staff/Climb/Climb_Left_FPS.blockyanim","2675","6976BAE8E1D6BF2FC0446E56B0ADE3EF1AF2F6A0645D6BBF6FD265496A947BA5"
"character-animations","Climb_Right","Items/Dual_Handed/Staff/Climb/Climb_Right","Common/Characters/Animations/Items/Dual_Handed/Staff/Climb/Climb_Right.blockyanim","1436","0DC55074376B2846AA4E7E7622F53C1B8037D2AC16E6EC3F8A0A316AA87951E8"
"character-animations","Climb_Right_FPS","Items/Dual_Handed/Staff/Climb/Climb_Right_FPS","Common/Characters/Animations/Items/Dual_Handed/Staff/Climb/Climb_Right_FPS.blockyanim","2675","08762F407F8A36E64E16AF806BA2F1F3A84517D0991E9EF7B4618E38F75FF2AA"
"character-animations","Climb_Up","Items/Dual_Handed/Staff/Climb/Climb_Up","Common/Characters/Animations/Items/Dual_Handed/Staff/Climb/Climb_Up.blockyanim","1219","22F8E18C330273B529EEE7F1EF7490DCC8A00DE8AF4CF2D750ED463B3905EB38"
"character-animations","Climb_Up_FPS","Items/Dual_Handed/Staff/Climb/Climb_Up_FPS","Common/Characters/Animations/Items/Dual_Handed/Staff/Climb/Climb_Up_FPS.blockyanim","2669","CCAD79CAB0C6C705CE2B9BAE17638C8761925BCFDCD863025EABB9FB8FCEF477"
"character-animations","Crouch","Items/Dual_Handed/Staff/Crouch","Common/Characters/Animations/Items/Dual_Handed/Staff/Crouch.blockyanim","1502","552FEB06672E9EBFC623F6E92D8A44B5E3C2BD340EB8B46905048D52C383E41A"
"character-animations","Crouch_FPS","Items/Dual_Handed/Staff/Crouch_FPS","Common/Characters/Animations/Items/Dual_Handed/Staff/Crouch_FPS.blockyanim","2107","7EBE0C1DED100DA042C7FD9EB974B90F0430B011D620C2FFFC20C4E779B0E2D0"
"character-animations","Crouch_Walk","Items/Dual_Handed/Staff/Crouch_Walk","Common/Characters/Animations/Items/Dual_Handed/Staff/Crouch_Walk.blockyanim","3411","9C2BD6D616E16655D1CE165937150ACD7B4D5C5058C7B44C273328CC52F8389F"
"character-animations","Crouch_Walk_Backward","Items/Dual_Handed/Staff/Crouch_Walk_Backward","Common/Characters/Animations/Items/Dual_Handed/Staff/Crouch_Walk_Backward.blockyanim","3411","25FAA150678EE39834AC05AFC92BF08C5FE337D2FF993343DBE61FD63ED9FA7D"
"character-animations","Crouch_Walk_Backward_FPS","Items/Dual_Handed/Staff/Crouch_Walk_Backward_FPS","Common/Characters/Animations/Items/Dual_Handed/Staff/Crouch_Walk_Backward_FPS.blockyanim","2503","6C327915F4E49E9DF372B19AAEB62B88217B95A279EB2E1977E8969B604F2E1C"
"character-animations","Crouch_Walk_FPS","Items/Dual_Handed/Staff/Crouch_Walk_FPS","Common/Characters/Animations/Items/Dual_Handed/Staff/Crouch_Walk_FPS.blockyanim","2503","9548A31071B1E3B318FA6ABFCD07CF7E9BCB337F03CF7A75908ECC266C96EE8D"
"character-animations","Fall","Items/Dual_Handed/Staff/Fall","Common/Characters/Animations/Items/Dual_Handed/Staff/Fall.blockyanim","1918","E2831F7B3D07DD51D3FDE32D832FF46CF315FA485EE6F2DDB46520A357E69696"
"character-animations","Fall_Far","Items/Dual_Handed/Staff/Fall_Far","Common/Characters/Animations/Items/Dual_Handed/Staff/Fall_Far.blockyanim","2139","641BB80D6761AB85AE6C576DC3E8F045107FC65F6A253CA8F9B0D08C2042F0B4"
"character-animations","Fall_Far_FPS","Items/Dual_Handed/Staff/Fall_Far_FPS","Common/Characters/Animations/Items/Dual_Handed/Staff/Fall_Far_FPS.blockyanim","2312","FF916F99BD772AB3C8DBF2E46D4A525E28DC1D5F9F2451808CF08AD6D722B6F7"
"character-animations","Fall_FPS","Items/Dual_Handed/Staff/Fall_FPS","Common/Characters/Animations/Items/Dual_Handed/Staff/Fall_FPS.blockyanim","1867","03E1C5AB63595BD5145D4832D6A138E5084839115C72F958D6D3C038944AD8C9"
"character-animations","Fly","Items/Dual_Handed/Staff/Fly/Fly","Common/Characters/Animations/Items/Dual_Handed/Staff/Fly/Fly.blockyanim","1501","EA731B265CB1905A38CD6F25106319538D325274E318C03B80A396DF44042056"
"character-animations","Fly_Backward","Items/Dual_Handed/Staff/Fly/Fly_Backward","Common/Characters/Animations/Items/Dual_Handed/Staff/Fly/Fly_Backward.blockyanim","1500","AA31C708CFD815A52332DDFDF489D022488BA6D86473492FDD7A88FFF157522F"
"character-animations","Fly_Backward_FPS","Items/Dual_Handed/Staff/Fly/Fly_Backward_FPS","Common/Characters/Animations/Items/Dual_Handed/Staff/Fly/Fly_Backward_FPS.blockyanim","2107","DFF35D631176959E26F130C909837B930475DA95B4B96D93E2734A37D7CA0821"
"character-animations","Fly_Fast","Items/Dual_Handed/Staff/Fly/Fly_Fast","Common/Characters/Animations/Items/Dual_Handed/Staff/Fly/Fly_Fast.blockyanim","1500","7970E25F7555EB98143322A972017D2349DCEB64D99FD1E8B6225C8203ED657A"
"character-animations","Fly_Fast_FPS","Items/Dual_Handed/Staff/Fly/Fly_Fast_FPS","Common/Characters/Animations/Items/Dual_Handed/Staff/Fly/Fly_Fast_FPS.blockyanim","2106","CB31A568275FE996BCCFC679E6DD444120FB0A8F87302E6403B5E356A1D74048"
"character-animations","Fly_FPS","Items/Dual_Handed/Staff/Fly/Fly_FPS","Common/Characters/Animations/Items/Dual_Handed/Staff/Fly/Fly_FPS.blockyanim","2107","DFF35D631176959E26F130C909837B930475DA95B4B96D93E2734A37D7CA0821"
"character-animations","Fly_Idle","Items/Dual_Handed/Staff/Fly/Fly_Idle","Common/Characters/Animations/Items/Dual_Handed/Staff/Fly/Fly_Idle.blockyanim","1501","21943DBBE6BC86759B4988C508736F2567D9C639714B0EA77DFDD840F3EB5F20"
"character-animations","Fly_Idle_FPS","Items/Dual_Handed/Staff/Fly/Fly_Idle_FPS","Common/Characters/Animations/Items/Dual_Handed/Staff/Fly/Fly_Idle_FPS.blockyanim","2107","7EBE0C1DED100DA042C7FD9EB974B90F0430B011D620C2FFFC20C4E779B0E2D0"
"character-animations","Idle","Items/Dual_Handed/Staff/Idle","Common/Characters/Animations/Items/Dual_Handed/Staff/Idle.blockyanim","1501","21943DBBE6BC86759B4988C508736F2567D9C639714B0EA77DFDD840F3EB5F20"
"character-animations","Idle_FPS","Items/Dual_Handed/Staff/Idle_FPS","Common/Characters/Animations/Items/Dual_Handed/Staff/Idle_FPS.blockyanim","2107","7EBE0C1DED100DA042C7FD9EB974B90F0430B011D620C2FFFC20C4E779B0E2D0"
"character-animations","Interact","Items/Dual_Handed/Staff/Interact","Common/Characters/Animations/Items/Dual_Handed/Staff/Interact.blockyanim","8338","0C2F07420FF078A3C69922AD6839C5717F7A7559C997F8FE867C5445E69CBD8E"
"character-animations","Interact_FPS","Items/Dual_Handed/Staff/Interact_FPS","Common/Characters/Animations/Items/Dual_Handed/Staff/Interact_FPS.blockyanim","4636","D307629E0CB8C4A104C6CD0DB6E15992849D8F01F2DA490F0347292548ED941F"
"character-animations","Jump","Items/Dual_Handed/Staff/Jump","Common/Characters/Animations/Items/Dual_Handed/Staff/Jump.blockyanim","2094","72422D76E9D8C011D3C953BF2A9787FE190476A65CE0E835DC360DD4E69C9350"
"character-animations","Jump_Far","Items/Dual_Handed/Staff/Jump_Far","Common/Characters/Animations/Items/Dual_Handed/Staff/Jump_Far.blockyanim","2715","3B79229B6F9A23BE350A0C5C76BF85DB9FD87DB68075DDC611A6ACECBC0D390F"
"character-animations","Jump_Far_FPS","Items/Dual_Handed/Staff/Jump_Far_FPS","Common/Characters/Animations/Items/Dual_Handed/Staff/Jump_Far_FPS.blockyanim","2947","BD763010BE41ACC46483A371163089203A7B1975B902BF20DA13620FCFCF2D23"
"character-animations","Jump_FPS","Items/Dual_Handed/Staff/Jump_FPS","Common/Characters/Animations/Items/Dual_Handed/Staff/Jump_FPS.blockyanim","2943","82C7992A338244B4EB34A2533F877C6BD6C670B6EF410B8867E3C372580322C9"
"character-animations","Run","Items/Dual_Handed/Staff/Run","Common/Characters/Animations/Items/Dual_Handed/Staff/Run.blockyanim","2103","8DAEA535AE726CE1A4EDE7C3D540AD95CF431960DD59B8EA79984C89E130226F"
"character-animations","Run_Backward","Items/Dual_Handed/Staff/Run_Backward","Common/Characters/Animations/Items/Dual_Handed/Staff/Run_Backward.blockyanim","2108","950684AE9773C0F4FAB723406E3F239658648F4B35ED680317ACE25EF3F476C0"
"character-animations","Run_Backward_FPS","Items/Dual_Handed/Staff/Run_Backward_FPS","Common/Characters/Animations/Items/Dual_Handed/Staff/Run_Backward_FPS.blockyanim","2287","B4321FF012DBEE7C9D5002695B8866963B7B412C77A4277E24BD2B38BFA97A84"
"character-animations","Run_FPS","Items/Dual_Handed/Staff/Run_FPS","Common/Characters/Animations/Items/Dual_Handed/Staff/Run_FPS.blockyanim","2284","F3357B27B471B891C22D0DFC8F3B27F3A5ADBE4548FE3A432CD79DB07BAD8737"
"character-animations","Sprint","Items/Dual_Handed/Staff/Sprint","Common/Characters/Animations/Items/Dual_Handed/Staff/Sprint.blockyanim","2109","8EC926E5FB795BCC758647C9EE271DD76C75641BAFC9594F327EDD182686C5C2"
"character-animations","Sprint_FPS","Items/Dual_Handed/Staff/Sprint_FPS","Common/Characters/Animations/Items/Dual_Handed/Staff/Sprint_FPS.blockyanim","2284","14B9EA252CDA2984A5E7A30AC7D9DB7BD308CCA62E8FA8ECA39C2B3C31F69F1B"
"character-animations","Swim","Items/Dual_Handed/Staff/Swim/Swim","Common/Characters/Animations/Items/Dual_Handed/Staff/Swim/Swim.blockyanim","2345","861D19D307AD3817553A5249625E16DE56FBF800E92A852E54B31BC62ADC1A68"
"character-animations","Swim_Backward","Items/Dual_Handed/Staff/Swim/Swim_Backward","Common/Characters/Animations/Items/Dual_Handed/Staff/Swim/Swim_Backward.blockyanim","1437","6B68FD7D5090556D25A2CC8C51900573013BEE6C6A3E84F95209E2B603202084"
"character-animations","Swim_Backward_FPS","Items/Dual_Handed/Staff/Swim/Swim_Backward_FPS","Common/Characters/Animations/Items/Dual_Handed/Staff/Swim/Swim_Backward_FPS.blockyanim","6240","18320FC07BEAA307203240158D74E9E1671AAC8BD348ECFE5338358F19FECABE"
"character-animations","Swim_Dive","Items/Dual_Handed/Staff/Swim/Swim_Dive","Common/Characters/Animations/Items/Dual_Handed/Staff/Swim/Swim_Dive.blockyanim","2924","A6B2787E48252F80172A3B2CD3C7007EAE586FE65498189C0F5C842FB0058958"
"character-animations","Swim_Dive_Backward","Items/Dual_Handed/Staff/Swim/Swim_Dive_Backward","Common/Characters/Animations/Items/Dual_Handed/Staff/Swim/Swim_Dive_Backward.blockyanim","1437","10A77883CB501A04CB7D744CA7A489D73D1FF6B57CE91513B3FD2D1E1F531353"
"character-animations","Swim_Dive_Backward_FPS","Items/Dual_Handed/Staff/Swim/Swim_Dive_Backward_FPS","Common/Characters/Animations/Items/Dual_Handed/Staff/Swim/Swim_Dive_Backward_FPS.blockyanim","6240","18320FC07BEAA307203240158D74E9E1671AAC8BD348ECFE5338358F19FECABE"
"character-animations","Swim_Dive_Fast","Items/Dual_Handed/Staff/Swim/Swim_Dive_Fast","Common/Characters/Animations/Items/Dual_Handed/Staff/Swim/Swim_Dive_Fast.blockyanim","2093","11B1B7420D5C015AAADBB2EEBCB609BF9A44AF3EC41C17DCC9905E16D0BFA640"
"character-animations","Swim_Dive_Fast_FPS","Items/Dual_Handed/Staff/Swim/Swim_Dive_Fast_FPS","Common/Characters/Animations/Items/Dual_Handed/Staff/Swim/Swim_Dive_Fast_FPS.blockyanim","4182","C82C54804896E8F8F02975ED2C03110933A83983F324975E69DB52BD80614B34"
"character-animations","Swim_Dive_FPS","Items/Dual_Handed/Staff/Swim/Swim_Dive_FPS","Common/Characters/Animations/Items/Dual_Handed/Staff/Swim/Swim_Dive_FPS.blockyanim","5984","DFBC3500F183F3342E4441E46B65B05D63B6A5F8F34428D1B1BD84A13B9D261D"
"character-animations","Swim_Fast","Items/Dual_Handed/Staff/Swim/Swim_Fast","Common/Characters/Animations/Items/Dual_Handed/Staff/Swim/Swim_Fast.blockyanim","3543","F10E9BE8E9871938B3D361E576D9DBBAF23D3D8C9807FB8A59DAA0F75ACD5486"
"character-animations","Swim_Fast_FPS","Items/Dual_Handed/Staff/Swim/Swim_Fast_FPS","Common/Characters/Animations/Items/Dual_Handed/Staff/Swim/Swim_Fast_FPS.blockyanim","5002","DA69B3613FA47B3CCF42AEF3506C0F5B5B9C04D0A8843E132996A15D872B4648"
"character-animations","Swim_Float","Items/Dual_Handed/Staff/Swim/Swim_Float","Common/Characters/Animations/Items/Dual_Handed/Staff/Swim/Swim_Float.blockyanim","3387","B0F74979D5F89E41E4FD95B2FBB81E08A49F15449EC14C0FC93FFC6E9F814A53"
"character-animations","Swim_Float_FPS","Items/Dual_Handed/Staff/Swim/Swim_Float_FPS","Common/Characters/Animations/Items/Dual_Handed/Staff/Swim/Swim_Float_FPS.blockyanim","4541","A76752338535A186039C8A1BC9218BDBF157AB5FAA26E5268F25B815A64EBEC9"
"character-animations","Swim_FPS","Items/Dual_Handed/Staff/Swim/Swim_FPS","Common/Characters/Animations/Items/Dual_Handed/Staff/Swim/Swim_FPS.blockyanim","4826","5F9346591F8F5A2630FD3F1BB35CA548108719031BC01A769DF4C5A306ED62F1"
"character-animations","Swim_Idle","Items/Dual_Handed/Staff/Swim/Swim_Idle","Common/Characters/Animations/Items/Dual_Handed/Staff/Swim/Swim_Idle.blockyanim","1559","EFC5A4A82CA32A3CFB1632000B0D923A3337F6B631C5D3DC2DCEAB24BA7317E1"
"character-animations","Swim_Idle_FPS","Items/Dual_Handed/Staff/Swim/Swim_Idle_FPS","Common/Characters/Animations/Items/Dual_Handed/Staff/Swim/Swim_Idle_FPS.blockyanim","3749","4762149A5E2017F687A673FBCD40D38E89C6713012C1AF135F70FCE3D93191FB"
"character-animations","Swim_Jump","Items/Dual_Handed/Staff/Swim/Swim_Jump","Common/Characters/Animations/Items/Dual_Handed/Staff/Swim/Swim_Jump.blockyanim","2933","B7805A47DAC978118FA77C74718BDB2F3237E3C511599C4E073F8B4B919083BB"
"character-animations","Swim_Jump_FPS","Items/Dual_Handed/Staff/Swim/Swim_Jump_FPS","Common/Characters/Animations/Items/Dual_Handed/Staff/Swim/Swim_Jump_FPS.blockyanim","3949","F24584FFB4F598782FC9AFF71E4C3997E55F7D6B9D49AE45B6886B113C9542F8"
"character-animations","Swim_Sink","Items/Dual_Handed/Staff/Swim/Swim_Sink","Common/Characters/Animations/Items/Dual_Handed/Staff/Swim/Swim_Sink.blockyanim","1001","3700010EEDC315A2A564FF49CAC05D07D9AE0C7279B81D18B2E94CFD8E879BF0"
"character-animations","Swim_Sink_FPS","Items/Dual_Handed/Staff/Swim/Swim_Sink_FPS","Common/Characters/Animations/Items/Dual_Handed/Staff/Swim/Swim_Sink_FPS.blockyanim","3980","DFBFA693EBCFC4C9F56CA6F3B928F317477F71D1608DFAA49CD48A1986621FF9"
"character-animations","Walk","Items/Dual_Handed/Staff/Walk","Common/Characters/Animations/Items/Dual_Handed/Staff/Walk.blockyanim","3417","92F24EC2F401950A77DD0ABFEF18C53F6909F54B4FADD324E49B2F373085268F"
"character-animations","Walk_Backward","Items/Dual_Handed/Staff/Walk_Backward","Common/Characters/Animations/Items/Dual_Handed/Staff/Walk_Backward.blockyanim","3588","1B4FD62ACAECBD4F22E167BB79EFD0CAC9DBAD5467832261AAC6881E1FB5C704"
"character-animations","Walk_Backward_FPS","Items/Dual_Handed/Staff/Walk_Backward_FPS","Common/Characters/Animations/Items/Dual_Handed/Staff/Walk_Backward_FPS.blockyanim","2721","E0CF92C615511E55B5428BEB814B5664AE42A6139885B9CF8F7770C8CC412CB5"
"character-animations","Walk_FPS","Items/Dual_Handed/Staff/Walk_FPS","Common/Characters/Animations/Items/Dual_Handed/Staff/Walk_FPS.blockyanim","2719","DFEA1A44EF45344ED9C490AF09610D9DCFC3806CA6B013ABBEC92DBFC10DC4B9"
"character-animations","Guard","Items/Dual_Handed/Unarmed/Attacks/Guard/Guard","Common/Characters/Animations/Items/Dual_Handed/Unarmed/Attacks/Guard/Guard.blockyanim","3721","A24A9380D0421E84D9BDAED5ABA4D983D3271A833848AB195360A7FB263CA108"
"character-animations","Guard_FPS","Items/Dual_Handed/Unarmed/Attacks/Guard/Guard_FPS","Common/Characters/Animations/Items/Dual_Handed/Unarmed/Attacks/Guard/Guard_FPS.blockyanim","2601","BA83A99BE0A10A42F39D291963BB69CF7498B822609942ED44723E2ADDBA469B"
"character-animations","Guard_Moving","Items/Dual_Handed/Unarmed/Attacks/Guard/Guard_Moving","Common/Characters/Animations/Items/Dual_Handed/Unarmed/Attacks/Guard/Guard_Moving.blockyanim","3721","A24A9380D0421E84D9BDAED5ABA4D983D3271A833848AB195360A7FB263CA108"
"character-animations","Hook_Left","Items/Dual_Handed/Unarmed/Attacks/Hook_Left/Hook_Left","Common/Characters/Animations/Items/Dual_Handed/Unarmed/Attacks/Hook_Left/Hook_Left.blockyanim","16862","3D21F9F9C80B858653E49C53131A3DA0ADD91D8DC4BCE14921150C0A69A37A5C"
"character-animations","Hook_Left_FPS","Items/Dual_Handed/Unarmed/Attacks/Hook_Left/Hook_Left_FPS","Common/Characters/Animations/Items/Dual_Handed/Unarmed/Attacks/Hook_Left/Hook_Left_FPS.blockyanim","7754","70F31545BF0A472E75EC661831953DF5363B552E71E0AF3E0D1D3B9E9AC1C8C3"
"character-animations","Hook_Left_Moving","Items/Dual_Handed/Unarmed/Attacks/Hook_Left/Hook_Left_Moving","Common/Characters/Animations/Items/Dual_Handed/Unarmed/Attacks/Hook_Left/Hook_Left_Moving.blockyanim","10909","734464740193FF06153CAECD75D1F79292B453619658E2E5D35A317BEC87E7F8"
"character-animations","Hook_Right","Items/Dual_Handed/Unarmed/Attacks/Hook_Right/Hook_Right","Common/Characters/Animations/Items/Dual_Handed/Unarmed/Attacks/Hook_Right/Hook_Right.blockyanim","15941","A5CBF100F8A592E0E8A17F9FA045D2DDF7CEA2C3C9391FE3E6CA3F48ECCB28E3"
"character-animations","Hook_Right_FPS","Items/Dual_Handed/Unarmed/Attacks/Hook_Right/Hook_Right_FPS","Common/Characters/Animations/Items/Dual_Handed/Unarmed/Attacks/Hook_Right/Hook_Right_FPS.blockyanim","7761","D99F079220AA445EC607FEE2F90603CAF23D54B14A6DCABC65CD20321B4E3ED6"
"character-animations","Hook_Right_Moving","Items/Dual_Handed/Unarmed/Attacks/Hook_Right/Hook_Right_Moving","Common/Characters/Animations/Items/Dual_Handed/Unarmed/Attacks/Hook_Right/Hook_Right_Moving.blockyanim","9982","E7E04E3FD7F2A0D05D9317C0D45C19CE8227FF87071B0D5884B2F2265DB267E5"
"character-animations","Kick_Roundhouse_Left","Items/Dual_Handed/Unarmed/Attacks/Kick_Roundhouse_Left/Kick_Roundhouse_Left","Common/Characters/Animations/Items/Dual_Handed/Unarmed/Attacks/Kick_Roundhouse_Left/Kick_Roundhouse_Left.blockyanim","18157","639DA742C9B23840E775620801C292F2EBE5BBD0971BD0A3F217B5FED51C7A53"
"character-animations","Kick_Roundhouse_Left_FPS","Items/Dual_Handed/Unarmed/Attacks/Kick_Roundhouse_Left/Kick_Roundhouse_Left_FPS","Common/Characters/Animations/Items/Dual_Handed/Unarmed/Attacks/Kick_Roundhouse_Left/Kick_Roundhouse_Left_FPS.blockyanim","9011","77939F175A0BF8C88BF43E442EAB06F7D86E9CD18732A7630296883C0A032A47"
"character-animations","Kick_Roundhouse_Left_Moving","Items/Dual_Handed/Unarmed/Attacks/Kick_Roundhouse_Left/Kick_Roundhouse_Left_Moving","Common/Characters/Animations/Items/Dual_Handed/Unarmed/Attacks/Kick_Roundhouse_Left/Kick_Roundhouse_Left_Moving.blockyanim","18158","791A09A55762C7465543B73CFA5FC66761D8C8A500A79EBAC8B033E6A5C42C3A"
"character-animations","Kick_Spinning_Right","Items/Dual_Handed/Unarmed/Attacks/Kick_Spinning_Right/Kick_Spinning_Right","Common/Characters/Animations/Items/Dual_Handed/Unarmed/Attacks/Kick_Spinning_Right/Kick_Spinning_Right.blockyanim","14510","68E899DB831862C67104F42373A63501E0E7C63C32F7EC139BE1B201A055D319"
"character-animations","Kick_Spinning_Right_FPS","Items/Dual_Handed/Unarmed/Attacks/Kick_Spinning_Right/Kick_Spinning_Right_FPS","Common/Characters/Animations/Items/Dual_Handed/Unarmed/Attacks/Kick_Spinning_Right/Kick_Spinning_Right_FPS.blockyanim","6106","AD1CFDF1EFDDD079C6B1C3C0A10E9A3A8318BD30397D37705AFF88CBC093D74B"
"character-animations","Kick_Spinning_Right_Moving","Items/Dual_Handed/Unarmed/Attacks/Kick_Spinning_Right/Kick_Spinning_Right_Moving","Common/Characters/Animations/Items/Dual_Handed/Unarmed/Attacks/Kick_Spinning_Right/Kick_Spinning_Right_Moving.blockyanim","14520","B50C83A22DDD0E1AB77771EFBB8C97341B1D19CB4C8D3935D20D3136D2886FAF"
"character-animations","Kick_Tornado_Right","Items/Dual_Handed/Unarmed/Attacks/Kick_Tornado_Right/Kick_Tornado_Right","Common/Characters/Animations/Items/Dual_Handed/Unarmed/Attacks/Kick_Tornado_Right/Kick_Tornado_Right.blockyanim","16359","DAF9A18A699285A3BE39D78FDF413559DCF985CE63AE623FDE1FE79A58D235D2"
"character-animations","Kick_Tornado_Right_FPS","Items/Dual_Handed/Unarmed/Attacks/Kick_Tornado_Right/Kick_Tornado_Right_FPS","Common/Characters/Animations/Items/Dual_Handed/Unarmed/Attacks/Kick_Tornado_Right/Kick_Tornado_Right_FPS.blockyanim","10070","E0A59BC8BABB7E27F7DC8BF0EC81DDAF00488C5EC0D0EF1332994C0064FB88E5"
"character-animations","Kick_Tornado_Right_Moving","Items/Dual_Handed/Unarmed/Attacks/Kick_Tornado_Right/Kick_Tornado_Right_Moving","Common/Characters/Animations/Items/Dual_Handed/Unarmed/Attacks/Kick_Tornado_Right/Kick_Tornado_Right_Moving.blockyanim","16361","FB9F558338023DFE8B2E14A1AA09EB1D8AB12B92E0A2D6A67C0B25BB2AFA3C5D"
"character-animations","Swing_Down_Left","Items/Dual_Handed/Unarmed/Attacks/Swing_Down_Left/Swing_Down_Left","Common/Characters/Animations/Items/Dual_Handed/Unarmed/Attacks/Swing_Down_Left/Swing_Down_Left.blockyanim","10714","D0BEFA0DCADD584A7FDCB3E2D9578230DCC5134294562DE059D3112959D43AB0"
"character-animations","Swing_Down_Left_FPS","Items/Dual_Handed/Unarmed/Attacks/Swing_Down_Left/Swing_Down_Left_FPS","Common/Characters/Animations/Items/Dual_Handed/Unarmed/Attacks/Swing_Down_Left/Swing_Down_Left_FPS.blockyanim","6155","D8C0118CFECABA742BB1CF54F1DB49BE7825E70C41C3ADBAB80B6BEAF1DB4599"
"character-animations","Swing_Down_Left_Moving","Items/Dual_Handed/Unarmed/Attacks/Swing_Down_Left/Swing_Down_Left_Moving","Common/Characters/Animations/Items/Dual_Handed/Unarmed/Attacks/Swing_Down_Left/Swing_Down_Left_Moving.blockyanim","10712","099F3AA2B50B78B8DFA4C3BDF71124C5C19AA6EC01F7CF90A33A2B1767FD10E3"
"character-animations","Swing_Left","Items/Dual_Handed/Unarmed/Attacks/Swing_Left/Swing_Left","Common/Characters/Animations/Items/Dual_Handed/Unarmed/Attacks/Swing_Left/Swing_Left.blockyanim","10909","01C9C55E10A3B3A1B84EB549162BC3BFF978AFE8DF5D68CF5C406E2DC9421CE1"
"character-animations","Swing_Left_FPS","Items/Dual_Handed/Unarmed/Attacks/Swing_Left/Swing_Left_FPS","Common/Characters/Animations/Items/Dual_Handed/Unarmed/Attacks/Swing_Left/Swing_Left_FPS.blockyanim","6766","79CB098B173BCE647975A2EE062C68DBE9BF10435F8051EBD29BE297C91CB684"
"character-animations","Swing_Left_Moving","Items/Dual_Handed/Unarmed/Attacks/Swing_Left/Swing_Left_Moving","Common/Characters/Animations/Items/Dual_Handed/Unarmed/Attacks/Swing_Left/Swing_Left_Moving.blockyanim","10907","3D894B10A5EED0BCA70A9DBC0DEF447F2B3694ECAABE86BB9FE67A9058264345"
"character-animations","Swing_Right","Items/Dual_Handed/Unarmed/Attacks/Swing_Right/Swing_Right","Common/Characters/Animations/Items/Dual_Handed/Unarmed/Attacks/Swing_Right/Swing_Right.blockyanim","10138","A24A04EC62445799CBC87811F6FEE2F58CE007F4EDFE28E494B281D0868869D0"
"character-animations","Swing_Right_FPS","Items/Dual_Handed/Unarmed/Attacks/Swing_Right/Swing_Right_FPS","Common/Characters/Animations/Items/Dual_Handed/Unarmed/Attacks/Swing_Right/Swing_Right_FPS.blockyanim","6755","8FAB5BF471947C0A1FFE6330F48B9FD1627B436E8DC8742A2CCA2A8EA862ECF7"
"character-animations","Swing_Right_Moving","Items/Dual_Handed/Unarmed/Attacks/Swing_Right/Swing_Right_Moving","Common/Characters/Animations/Items/Dual_Handed/Unarmed/Attacks/Swing_Right/Swing_Right_Moving.blockyanim","10136","57F0E7789E9F21544185504663BD24BCBDB53AA6047571C94F5016D24939A69D"
"character-animations","Swing_Up_Left","Items/Dual_Handed/Unarmed/Attacks/Swing_Up_Left/Swing_Up_Left","Common/Characters/Animations/Items/Dual_Handed/Unarmed/Attacks/Swing_Up_Left/Swing_Up_Left.blockyanim","10731","25A369FDDBF95E4ED697959331423B0DABA6DC05C0938C0AD2BB28CB6EC3855A"
"character-animations","Swing_Up_Left_FPS","Items/Dual_Handed/Unarmed/Attacks/Swing_Up_Left/Swing_Up_Left_FPS","Common/Characters/Animations/Items/Dual_Handed/Unarmed/Attacks/Swing_Up_Left/Swing_Up_Left_FPS.blockyanim","4540","F66672F977285F07756B69B43DB4BE8D7844138B55FFB6DE8568A7A9DA9EE09D"
"character-animations","Swing_Up_Left_Moving","Items/Dual_Handed/Unarmed/Attacks/Swing_Up_Left/Swing_Up_Left_Moving","Common/Characters/Animations/Items/Dual_Handed/Unarmed/Attacks/Swing_Up_Left/Swing_Up_Left_Moving.blockyanim","10729","E8D397DD5DDB9889ADB3642BB3741F03E93EDD8FB7C76FF9AB845C5B051DFBC0"
"character-animations","Uppercut_Left","Items/Dual_Handed/Unarmed/Attacks/Uppercut_Left/Uppercut_Left","Common/Characters/Animations/Items/Dual_Handed/Unarmed/Attacks/Uppercut_Left/Uppercut_Left.blockyanim","16690","B75DE75CA37D15ABCCA89125F1383DEF6E64BA499F1AE89FA507CC8148DE20DF"
"character-animations","Uppercut_Left_FPS","Items/Dual_Handed/Unarmed/Attacks/Uppercut_Left/Uppercut_Left_FPS","Common/Characters/Animations/Items/Dual_Handed/Unarmed/Attacks/Uppercut_Left/Uppercut_Left_FPS.blockyanim","8331","3288E79AE4647D0DD80B8E0CBB1F9794DF6B1C328D3B8FF4B679272E078A9385"
"character-animations","Uppercut_Left_Moving","Items/Dual_Handed/Unarmed/Attacks/Uppercut_Left/Uppercut_Left_Moving","Common/Characters/Animations/Items/Dual_Handed/Unarmed/Attacks/Uppercut_Left/Uppercut_Left_Moving.blockyanim","10735","F975166A2CD7EFED3C3A7D9B36968AAE9E92D3D7B34CA746F383D98D2501B035"
"character-animations","Uppercut_Right","Items/Dual_Handed/Unarmed/Attacks/Uppercut_Right/Uppercut_Right","Common/Characters/Animations/Items/Dual_Handed/Unarmed/Attacks/Uppercut_Right/Uppercut_Right.blockyanim","16700","821D42AD6DB54C031C85086E48DE197989EC4F6FFAAA5EA14298FFB7C925A853"
"character-animations","Uppercut_Right_FPS","Items/Dual_Handed/Unarmed/Attacks/Uppercut_Right/Uppercut_Right_FPS","Common/Characters/Animations/Items/Dual_Handed/Unarmed/Attacks/Uppercut_Right/Uppercut_Right_FPS.blockyanim","8338","302490B16083DFA996D8AE88A21F5DFA62381D1AF9A3B8C3327E67F148157291"
"character-animations","Uppercut_Right_Moving","Items/Dual_Handed/Unarmed/Attacks/Uppercut_Right/Uppercut_Right_Moving","Common/Characters/Animations/Items/Dual_Handed/Unarmed/Attacks/Uppercut_Right/Uppercut_Right_Moving.blockyanim","10734","69F34743F600FA191C280F8EFC109946857BCCCE48088A18A4FC5BB58D346CE1"
"character-animations","Fly_Idle","Items/Dual_Handed/Unarmed/Fly/Fly_Idle","Common/Characters/Animations/Items/Dual_Handed/Unarmed/Fly/Fly_Idle.blockyanim","13419","4EA91137E7C7CF258F08D9DC62EC5812854E6FEE5760C4392B02D0AF48650BDE"
"character-animations","Idle","Items/Dual_Handed/Unarmed/Idle","Common/Characters/Animations/Items/Dual_Handed/Unarmed/Idle.blockyanim","18399","3142C02B1BC211E4E2BFFCE557ABD5B230A28AB5ABA4719BE2D4EDC223B5B87C"
"character-animations","Idle_FPS","Items/Dual_Handed/Unarmed/Idle_FPS","Common/Characters/Animations/Items/Dual_Handed/Unarmed/Idle_FPS.blockyanim","3381","1631B26A20FAE494C13D12690C91C2A77C5958F88B29F795C284A8444645664B"
"character-animations","Swing_Left","Items/Dual_Handed/Watering_Can/Attacks/Swing_Left/Swing_Left","Common/Characters/Animations/Items/Dual_Handed/Watering_Can/Attacks/Swing_Left/Swing_Left.blockyanim","18156","D5B73279F4C6FB1715A49730B08FA0818C02D7BD23780D1BABF76CC88B5D1047"
"character-animations","Swing_Left_FPS","Items/Dual_Handed/Watering_Can/Attacks/Swing_Left/Swing_Left_FPS","Common/Characters/Animations/Items/Dual_Handed/Watering_Can/Attacks/Swing_Left/Swing_Left_FPS.blockyanim","7278","BF490AFA77FCE5BA1ABD10BE762280DE9C2DE93235531C4075CC2911ED737B99"
"character-animations","Swing_Left_Moving","Items/Dual_Handed/Watering_Can/Attacks/Swing_Left/Swing_Left_Moving","Common/Characters/Animations/Items/Dual_Handed/Watering_Can/Attacks/Swing_Left/Swing_Left_Moving.blockyanim","12201","3654E633800BEBC0ECF3362639E14960D0B8863462FF93EE30A0D67EFE26B3FE"
"character-animations","Water","Items/Dual_Handed/Watering_Can/Attacks/Water/Water","Common/Characters/Animations/Items/Dual_Handed/Watering_Can/Attacks/Water/Water.blockyanim","7336","7EFA0C50EE89B922AC2F68E3D0B839FCDFE7DD982A0B753DE9F6F608EF771A5A"
"character-animations","Water_FPS","Items/Dual_Handed/Watering_Can/Attacks/Water/Water_FPS","Common/Characters/Animations/Items/Dual_Handed/Watering_Can/Attacks/Water/Water_FPS.blockyanim","3085","8BAE07C5E51F91CBCF4B6CB31848224CBFE7D73BB48996FD8A39E39A75784E4C"
"character-animations","Water_Moving","Items/Dual_Handed/Watering_Can/Attacks/Water/Water_Moving","Common/Characters/Animations/Items/Dual_Handed/Watering_Can/Attacks/Water/Water_Moving.blockyanim","4651","ACA585E74D81FF516EE459A847087BA07741DFF81ABDD2E9E0B426A3EFCB126B"
"character-animations","Climb_Down","Items/Dual_Handed/Watering_Can/Climb/Climb_Down","Common/Characters/Animations/Items/Dual_Handed/Watering_Can/Climb/Climb_Down.blockyanim","1620","99683155D5C5B62B28766A74FECD3E3BD8F2BC1C50440AC191EC15642B5B6044"
"character-animations","Climb_Down_FPS","Items/Dual_Handed/Watering_Can/Climb/Climb_Down_FPS","Common/Characters/Animations/Items/Dual_Handed/Watering_Can/Climb/Climb_Down_FPS.blockyanim","2855","42DDF21B76CAD1393E5D67B19C3E6227FE60F4A944992DA57C4EE9D7B71C094A"
"character-animations","Climb_Idle","Items/Dual_Handed/Watering_Can/Climb/Climb_Idle","Common/Characters/Animations/Items/Dual_Handed/Watering_Can/Climb/Climb_Idle.blockyanim","1188","6F13DA334D3020B42E5B23E05A9F07D0EF91DF27DDA526AA1E34EDD4A34779B0"
"character-animations","Climb_Idle_FPS","Items/Dual_Handed/Watering_Can/Climb/Climb_Idle_FPS","Common/Characters/Animations/Items/Dual_Handed/Watering_Can/Climb/Climb_Idle_FPS.blockyanim","1858","27E50FBD798D0761F2F866A5B1872DA729DD43F41352E5734F9793989800919A"
"character-animations","Climb_Left","Items/Dual_Handed/Watering_Can/Climb/Climb_Left","Common/Characters/Animations/Items/Dual_Handed/Watering_Can/Climb/Climb_Left.blockyanim","1623","95B5157E227EFD483764C316E8C35E0FB716A6A0C10EA11F1CE4C4A831E8C7BD"
"character-animations","Climb_Left_FPS","Items/Dual_Handed/Watering_Can/Climb/Climb_Left_FPS","Common/Characters/Animations/Items/Dual_Handed/Watering_Can/Climb/Climb_Left_FPS.blockyanim","2865","5737B29E48184E791952A133C123E7AA1EC8FDA47EB26BA31919A8FA55A786D7"
"character-animations","Climb_Right","Items/Dual_Handed/Watering_Can/Climb/Climb_Right","Common/Characters/Animations/Items/Dual_Handed/Watering_Can/Climb/Climb_Right.blockyanim","1623","0B40F7E2991545E2EAF01E0981D423F9AF0742F3C13EF77EA9CECD2E070854A3"
"character-animations","Climb_Right_FPS","Items/Dual_Handed/Watering_Can/Climb/Climb_Right_FPS","Common/Characters/Animations/Items/Dual_Handed/Watering_Can/Climb/Climb_Right_FPS.blockyanim","2865","045796E1883FE39D075A04324DAD86479BC20B8FB22697224EEE5692FEE42579"
"character-animations","Climb_Up","Items/Dual_Handed/Watering_Can/Climb/Climb_Up","Common/Characters/Animations/Items/Dual_Handed/Watering_Can/Climb/Climb_Up.blockyanim","1620","11D20337ED3E0A666A31D529AD12080BBE5B870706ABC00609858984E99100EA"
"character-animations","Climb_Up_FPS","Items/Dual_Handed/Watering_Can/Climb/Climb_Up_FPS","Common/Characters/Animations/Items/Dual_Handed/Watering_Can/Climb/Climb_Up_FPS.blockyanim","2857","F5893B3CDA09890E653851D6EE2020437BDAFAB53BE8D0E0641877491621C3A6"
"character-animations","Crouch","Items/Dual_Handed/Watering_Can/Crouch","Common/Characters/Animations/Items/Dual_Handed/Watering_Can/Crouch.blockyanim","4498","17738A17B75763FF4A535D03E48549C3B960F11985CE2404E5E1243165C50CB2"
"character-animations","Crouch_FPS","Items/Dual_Handed/Watering_Can/Crouch_FPS","Common/Characters/Animations/Items/Dual_Handed/Watering_Can/Crouch_FPS.blockyanim","2284","A01DC48BE7A1164AF2E0030C3ED53D7ED44B3E5AA25DF4466D456DAC8D058A69"
"character-animations","Crouch_Walk","Items/Dual_Handed/Watering_Can/Crouch_Walk","Common/Characters/Animations/Items/Dual_Handed/Watering_Can/Crouch_Walk.blockyanim","3384","F51656ED36637A125626D54205E443C15D111C0DFCBE6CA4B19216D3B3C770BE"
"character-animations","Crouch_Walk_Backward","Items/Dual_Handed/Watering_Can/Crouch_Walk_Backward","Common/Characters/Animations/Items/Dual_Handed/Watering_Can/Crouch_Walk_Backward.blockyanim","3384","F51656ED36637A125626D54205E443C15D111C0DFCBE6CA4B19216D3B3C770BE"
"character-animations","Crouch_Walk_Backward_FPS","Items/Dual_Handed/Watering_Can/Crouch_Walk_Backward_FPS","Common/Characters/Animations/Items/Dual_Handed/Watering_Can/Crouch_Walk_Backward_FPS.blockyanim","2284","A01DC48BE7A1164AF2E0030C3ED53D7ED44B3E5AA25DF4466D456DAC8D058A69"
"character-animations","Crouch_Walk_FPS","Items/Dual_Handed/Watering_Can/Crouch_Walk_FPS","Common/Characters/Animations/Items/Dual_Handed/Watering_Can/Crouch_Walk_FPS.blockyanim","2284","A01DC48BE7A1164AF2E0030C3ED53D7ED44B3E5AA25DF4466D456DAC8D058A69"
"character-animations","Fall","Items/Dual_Handed/Watering_Can/Fall","Common/Characters/Animations/Items/Dual_Handed/Watering_Can/Fall.blockyanim","3384","7DB0092B790FAA5E3D3D8CA31BA9A884C665426D8C2841E2462B7B7F3B1EE7D1"
"character-animations","Fall_Far","Items/Dual_Handed/Watering_Can/Fall_Far","Common/Characters/Animations/Items/Dual_Handed/Watering_Can/Fall_Far.blockyanim","3383","32FF363CE99EE853940D020B8C5D37E232458EF30BFC1F938633BC628E8ED7A0"
"character-animations","Fall_Far_FPS","Items/Dual_Handed/Watering_Can/Fall_Far_FPS","Common/Characters/Animations/Items/Dual_Handed/Watering_Can/Fall_Far_FPS.blockyanim","2082","30F6579B7C1DFA9530AAA6A7BADAB07E5473F0A0BC996101E86C2DEC500AD927"
"character-animations","Fall_FPS","Items/Dual_Handed/Watering_Can/Fall_FPS","Common/Characters/Animations/Items/Dual_Handed/Watering_Can/Fall_FPS.blockyanim","2269","C28D48D6A6CC71878DA0B9999ACFC9BF7A68617B325404FD70B5E6F968FBCEE3"
"character-animations","Fly","Items/Dual_Handed/Watering_Can/Fly/Fly","Common/Characters/Animations/Items/Dual_Handed/Watering_Can/Fly/Fly.blockyanim","4473","744DE293F07F5346A69D4BDBEB216ABCC3166753B4F253424B3CA86ECFD802C7"
"character-animations","Fly_Backward","Items/Dual_Handed/Watering_Can/Fly/Fly_Backward","Common/Characters/Animations/Items/Dual_Handed/Watering_Can/Fly/Fly_Backward.blockyanim","4474","2FF0B8400DB63D4E08E317D2004AA8D30A131738A835CDFB64138DBEDA0A693F"
"character-animations","Fly_Backward_FPS","Items/Dual_Handed/Watering_Can/Fly/Fly_Backward_FPS","Common/Characters/Animations/Items/Dual_Handed/Watering_Can/Fly/Fly_Backward_FPS.blockyanim","2283","872894C3D9FBC4852706E089C737352C2FC0E6F44258CF70D86DFB277F8CF01E"
"character-animations","Fly_Fast","Items/Dual_Handed/Watering_Can/Fly/Fly_Fast","Common/Characters/Animations/Items/Dual_Handed/Watering_Can/Fly/Fly_Fast.blockyanim","4474","7B73532AE400402A3FC850F43C99D235984B74345915AEDAF426A35D98E5A876"
"character-animations","Fly_Fast_FPS","Items/Dual_Handed/Watering_Can/Fly/Fly_Fast_FPS","Common/Characters/Animations/Items/Dual_Handed/Watering_Can/Fly/Fly_Fast_FPS.blockyanim","2283","91E852D41F83E66097D9D40B109577985124D457583BCD04B36174AC20132CDA"
"character-animations","Fly_FPS","Items/Dual_Handed/Watering_Can/Fly/Fly_FPS","Common/Characters/Animations/Items/Dual_Handed/Watering_Can/Fly/Fly_FPS.blockyanim","2283","872894C3D9FBC4852706E089C737352C2FC0E6F44258CF70D86DFB277F8CF01E"
"character-animations","Fly_Idle","Items/Dual_Handed/Watering_Can/Fly/Fly_Idle","Common/Characters/Animations/Items/Dual_Handed/Watering_Can/Fly/Fly_Idle.blockyanim","4471","DF7DD87F43FB58B65B7819D96AA572A6174149BB79C8535EF4E2D0F2A1BFC350"
"character-animations","Fly_Idle_FPS","Items/Dual_Handed/Watering_Can/Fly/Fly_Idle_FPS","Common/Characters/Animations/Items/Dual_Handed/Watering_Can/Fly/Fly_Idle_FPS.blockyanim","2284","A01DC48BE7A1164AF2E0030C3ED53D7ED44B3E5AA25DF4466D456DAC8D058A69"
"character-animations","Idle","Items/Dual_Handed/Watering_Can/Idle","Common/Characters/Animations/Items/Dual_Handed/Watering_Can/Idle.blockyanim","4473","139B5E9E6B2FC1C3F243A1EEBD941F5CAF49851927F0BC59073849E49BB52D27"
"character-animations","Idle_FPS","Items/Dual_Handed/Watering_Can/Idle_FPS","Common/Characters/Animations/Items/Dual_Handed/Watering_Can/Idle_FPS.blockyanim","2284","A01DC48BE7A1164AF2E0030C3ED53D7ED44B3E5AA25DF4466D456DAC8D058A69"
"character-animations","Interact","Items/Dual_Handed/Watering_Can/Interact","Common/Characters/Animations/Items/Dual_Handed/Watering_Can/Interact.blockyanim","8284","171B8F9F5BAF2CAED758DA2AB6B4B7B97D0A071B0D620263E393AA1E90E44837"
"character-animations","Interact_FPS","Items/Dual_Handed/Watering_Can/Interact_FPS","Common/Characters/Animations/Items/Dual_Handed/Watering_Can/Interact_FPS.blockyanim","2663","582ADB9A67CCC105B6AC4F6F71C9A626E415264BA270824F8A469DC2B5FDBCB5"
"character-animations","Jump","Items/Dual_Handed/Watering_Can/Jump","Common/Characters/Animations/Items/Dual_Handed/Watering_Can/Jump.blockyanim","3384","AED6280AFACBE098881FC2DBB29F56062953B29DE0C8ECAA2695E1011CB0AB82"
"character-animations","Jump_Far","Items/Dual_Handed/Watering_Can/Jump_Far","Common/Characters/Animations/Items/Dual_Handed/Watering_Can/Jump_Far.blockyanim","3820","97B173FB2E29FBF66FDD4F6055D2D829BC1840B21447DA177A269464A2C9AE4C"
"character-animations","Jump_Far_FPS","Items/Dual_Handed/Watering_Can/Jump_Far_FPS","Common/Characters/Animations/Items/Dual_Handed/Watering_Can/Jump_Far_FPS.blockyanim","2299","73F5C9648FAE1E725EA018F31631163A66FF550D652E493DBB71E7C8F9A653F6"
"character-animations","Jump_FPS","Items/Dual_Handed/Watering_Can/Jump_FPS","Common/Characters/Animations/Items/Dual_Handed/Watering_Can/Jump_FPS.blockyanim","2299","73F5C9648FAE1E725EA018F31631163A66FF550D652E493DBB71E7C8F9A653F6"
"character-animations","Run","Items/Dual_Handed/Watering_Can/Run","Common/Characters/Animations/Items/Dual_Handed/Watering_Can/Run.blockyanim","3384","90EE31D1DD71E00129989DD8FD4729C6168FFCC3EA31EBCBCA3EBA97731898E3"
"character-animations","Run_Backward","Items/Dual_Handed/Watering_Can/Run_Backward","Common/Characters/Animations/Items/Dual_Handed/Watering_Can/Run_Backward.blockyanim","3386","4BC3525D785372E54D321FC32524F32C082451FF29E65FA5A98CA3FD737DC371"
"character-animations","Run_Backward_FPS","Items/Dual_Handed/Watering_Can/Run_Backward_FPS","Common/Characters/Animations/Items/Dual_Handed/Watering_Can/Run_Backward_FPS.blockyanim","2285","CD7FCFBDB3E12245290DC8F201D2C7D2680FA89C0A4DBE131EFBFC41945BC11C"
"character-animations","Run_FPS","Items/Dual_Handed/Watering_Can/Run_FPS","Common/Characters/Animations/Items/Dual_Handed/Watering_Can/Run_FPS.blockyanim","2285","CD7FCFBDB3E12245290DC8F201D2C7D2680FA89C0A4DBE131EFBFC41945BC11C"
"character-animations","Sprint","Items/Dual_Handed/Watering_Can/Sprint","Common/Characters/Animations/Items/Dual_Handed/Watering_Can/Sprint.blockyanim","3384","8D03E862905305C47348D4DB0A080FEC4894AAA2ADFCB2649F5D6A1E934F2881"
"character-animations","Sprint_FPS","Items/Dual_Handed/Watering_Can/Sprint_FPS","Common/Characters/Animations/Items/Dual_Handed/Watering_Can/Sprint_FPS.blockyanim","2286","DADFA849B4FC8906896B670FC738A422922A81EB4E7834EAA93A37821A494925"
"character-animations","Swim","Items/Dual_Handed/Watering_Can/Swim/Swim","Common/Characters/Animations/Items/Dual_Handed/Watering_Can/Swim/Swim.blockyanim","3547","1D83D96F2EBE148980EC9F2C6C48D4CB1D57657D6F827D07935D84F1E243EC51"
"character-animations","Swim_Backward","Items/Dual_Handed/Watering_Can/Swim/Swim_Backward","Common/Characters/Animations/Items/Dual_Handed/Watering_Can/Swim/Swim_Backward.blockyanim","2718","C1212CE331225CB6EA9377626F338188FF72127E09EDF690AC4588548542704D"
"character-animations","Swim_Backward_FPS","Items/Dual_Handed/Watering_Can/Swim/Swim_Backward_FPS","Common/Characters/Animations/Items/Dual_Handed/Watering_Can/Swim/Swim_Backward_FPS.blockyanim","3321","CCD4CF4ADA5C172BB705A0532618EFDB27D3226667B7699AEFC043E8C02728B8"
"character-animations","Swim_Dive","Items/Dual_Handed/Watering_Can/Swim/Swim_Dive","Common/Characters/Animations/Items/Dual_Handed/Watering_Can/Swim/Swim_Dive.blockyanim","3547","1D83D96F2EBE148980EC9F2C6C48D4CB1D57657D6F827D07935D84F1E243EC51"
"character-animations","Swim_Dive_Backward","Items/Dual_Handed/Watering_Can/Swim/Swim_Dive_Backward","Common/Characters/Animations/Items/Dual_Handed/Watering_Can/Swim/Swim_Dive_Backward.blockyanim","2718","C1212CE331225CB6EA9377626F338188FF72127E09EDF690AC4588548542704D"
"character-animations","Swim_Dive_Backward_FPS","Items/Dual_Handed/Watering_Can/Swim/Swim_Dive_Backward_FPS","Common/Characters/Animations/Items/Dual_Handed/Watering_Can/Swim/Swim_Dive_Backward_FPS.blockyanim","3321","CCD4CF4ADA5C172BB705A0532618EFDB27D3226667B7699AEFC043E8C02728B8"
"character-animations","Swim_Dive_Fast","Items/Dual_Handed/Watering_Can/Swim/Swim_Dive_Fast","Common/Characters/Animations/Items/Dual_Handed/Watering_Can/Swim/Swim_Dive_Fast.blockyanim","2308","4C448A850AB509C210F0516BFF615D6C5E4DDA02CE31B56E40AC24DD831220DA"
"character-animations","Swim_Dive_Fast_FPS","Items/Dual_Handed/Watering_Can/Swim/Swim_Dive_Fast_FPS","Common/Characters/Animations/Items/Dual_Handed/Watering_Can/Swim/Swim_Dive_Fast_FPS.blockyanim","2495","8F5FA900104FBEE3CEE1C54A3EAB1EB8A3713A5A04FE7AAC2033FB83FC6011CB"
"character-animations","Swim_Dive_FPS","Items/Dual_Handed/Watering_Can/Swim/Swim_Dive_FPS","Common/Characters/Animations/Items/Dual_Handed/Watering_Can/Swim/Swim_Dive_FPS.blockyanim","2695","F1E53F7512095D3ED6A7D3B91FC70CD5F95446D9A77BC3391A25521906541E21"
"character-animations","Swim_Fast","Items/Dual_Handed/Watering_Can/Swim/Swim_Fast","Common/Characters/Animations/Items/Dual_Handed/Watering_Can/Swim/Swim_Fast.blockyanim","3962","01669C3CA98665FF76BC7D8AF18AC7AC63B3B2B6A4923970248FBE8833D62568"
"character-animations","Swim_Fast_FPS","Items/Dual_Handed/Watering_Can/Swim/Swim_Fast_FPS","Common/Characters/Animations/Items/Dual_Handed/Watering_Can/Swim/Swim_Fast_FPS.blockyanim","3066","D4DFAEF68338C0284BC18E7BCA175AF74CEBCE19C3BB68608FFFD3E6642D6D58"
"character-animations","Swim_Float","Items/Dual_Handed/Watering_Can/Swim/Swim_Float","Common/Characters/Animations/Items/Dual_Handed/Watering_Can/Swim/Swim_Float.blockyanim","3573","6E432CDC7558E8CAFC9ADE8093A5F48CB1D6847BFD49EE48D3971248957947BB"
"character-animations","Swim_Float_FPS","Items/Dual_Handed/Watering_Can/Swim/Swim_Float_FPS","Common/Characters/Animations/Items/Dual_Handed/Watering_Can/Swim/Swim_Float_FPS.blockyanim","2695","F1E53F7512095D3ED6A7D3B91FC70CD5F95446D9A77BC3391A25521906541E21"
"character-animations","Swim_FPS","Items/Dual_Handed/Watering_Can/Swim/Swim_FPS","Common/Characters/Animations/Items/Dual_Handed/Watering_Can/Swim/Swim_FPS.blockyanim","2889","A33D28411C6B5525FAEA4658E3819E49EE7CF44CA409D0D15877B311ACE8A44D"
"character-animations","Swim_Idle","Items/Dual_Handed/Watering_Can/Swim/Swim_Idle","Common/Characters/Animations/Items/Dual_Handed/Watering_Can/Swim/Swim_Idle.blockyanim","2321","3EA44FE980477034C2CF7409B175CDB6E5E1A886630AB4B21E6CA910B4B63F11"
"character-animations","Swim_Idle_FPS","Items/Dual_Handed/Watering_Can/Swim/Swim_Idle_FPS","Common/Characters/Animations/Items/Dual_Handed/Watering_Can/Swim/Swim_Idle_FPS.blockyanim","2249","3F2D1326B9083791E765B22E96FBC885D7BB5760FD3F6335FAD1080931DBBB46"
"character-animations","Swim_Jump","Items/Dual_Handed/Watering_Can/Swim/Swim_Jump","Common/Characters/Animations/Items/Dual_Handed/Watering_Can/Swim/Swim_Jump.blockyanim","3369","05567BDE9530FDD913C3EBEFF13039004E579E3556E96BA9661511EAAEB4E651"
"character-animations","Swim_Jump_FPS","Items/Dual_Handed/Watering_Can/Swim/Swim_Jump_FPS","Common/Characters/Animations/Items/Dual_Handed/Watering_Can/Swim/Swim_Jump_FPS.blockyanim","3060","CDFB7AF9DB004F6283FBC6CE523CC50C61D3A471AB793B928A891AE224B531F0"
"character-animations","Swim_Sink","Items/Dual_Handed/Watering_Can/Swim/Swim_Sink","Common/Characters/Animations/Items/Dual_Handed/Watering_Can/Swim/Swim_Sink.blockyanim","2324","0093B20C43F8EEB90481E4B8182C036E05A554317A1EF146B0F47A8821FE93CB"
"character-animations","Swim_Sink_FPS","Items/Dual_Handed/Watering_Can/Swim/Swim_Sink_FPS","Common/Characters/Animations/Items/Dual_Handed/Watering_Can/Swim/Swim_Sink_FPS.blockyanim","2494","9BB2860B3B94A68DFF37A5B1A596F36E411E801DB5680BE97C714A299D577F9E"
"character-animations","Walk","Items/Dual_Handed/Watering_Can/Walk","Common/Characters/Animations/Items/Dual_Handed/Watering_Can/Walk.blockyanim","3384","7B7FDC4A7D589FDCD1F763DA37AAD64769CB05CF309C4E60D8501DC96B0389EE"
"character-animations","Walk_Backward","Items/Dual_Handed/Watering_Can/Walk_Backward","Common/Characters/Animations/Items/Dual_Handed/Watering_Can/Walk_Backward.blockyanim","3386","51F98B8F4D89F6914CDFE48A65316D893CF60F562D6C1B129C90071B63F5876F"
"character-animations","Walk_Backward_FPS","Items/Dual_Handed/Watering_Can/Walk_Backward_FPS","Common/Characters/Animations/Items/Dual_Handed/Watering_Can/Walk_Backward_FPS.blockyanim","2288","4DEFCB5CFEAA61FB2E11ADD68A167AE54874E4783BC986E659E66DAFD260A272"
"character-animations","Walk_FPS","Items/Dual_Handed/Watering_Can/Walk_FPS","Common/Characters/Animations/Items/Dual_Handed/Watering_Can/Walk_FPS.blockyanim","2288","789A21C41B73E50D62F7FD17F5576F0336909F1B3E90CDAC8352560778BAEAAA"
"character-animations","Guard_Bash","Items/Main_Handed/Axe/Attacks/Guard_Bash/Guard_Bash","Common/Characters/Animations/Items/Main_Handed/Axe/Attacks/Guard_Bash/Guard_Bash.blockyanim","18626","45337B982673AFEE09D49845B68DCFC44A85157FFF700476311B10446466B0E4"
"character-animations","Guard_Bash_FPS","Items/Main_Handed/Axe/Attacks/Guard_Bash/Guard_Bash_FPS","Common/Characters/Animations/Items/Main_Handed/Axe/Attacks/Guard_Bash/Guard_Bash_FPS.blockyanim","7967","178B908C11207A2178301C42DBEAFCA68016DA25A91CFEEF51C7605026D4EA4F"
"character-animations","Guard_Bash_Moving","Items/Main_Handed/Axe/Attacks/Guard_Bash/Guard_Bash_Moving","Common/Characters/Animations/Items/Main_Handed/Axe/Attacks/Guard_Bash/Guard_Bash_Moving.blockyanim","12324","4BC349ED36C67C7B9CB91C9A23C43461E21650EB00914FBB959BB61D557CC743"
"character-animations","Guard","Items/Main_Handed/Axe/Attacks/Guard/Guard","Common/Characters/Animations/Items/Main_Handed/Axe/Attacks/Guard/Guard.blockyanim","3528","2097641088BFE159477FDBAC8A372ACBE5DCEBC9FF13BD95C4531B0D7201AD5D"
"character-animations","Guard_FPS","Items/Main_Handed/Axe/Attacks/Guard/Guard_FPS","Common/Characters/Animations/Items/Main_Handed/Axe/Attacks/Guard/Guard_FPS.blockyanim","2589","9EC10EC9CBFD3ACB8519520B262BF69023BDC2EB698EA86F9E7AB5177E8D6AE9"
"character-animations","Guard_Moving","Items/Main_Handed/Axe/Attacks/Guard/Guard_Moving","Common/Characters/Animations/Items/Main_Handed/Axe/Attacks/Guard/Guard_Moving.blockyanim","3527","62EC7BA7F39685AA7BB08918EAAAA729627738A2EA68F40D7317DCFD1B27B885"
"character-animations","Swing_Down_Left","Items/Main_Handed/Axe/Attacks/Swing_Down_Left/Swing_Down_Left","Common/Characters/Animations/Items/Main_Handed/Axe/Attacks/Swing_Down_Left/Swing_Down_Left.blockyanim","17154","7D1C180F762BEC9D02135EA15527933B2D6A6BAABC80D9C98B66D06791E645D1"
"character-animations","Swing_Down_Left_FPS","Items/Main_Handed/Axe/Attacks/Swing_Down_Left/Swing_Down_Left_FPS","Common/Characters/Animations/Items/Main_Handed/Axe/Attacks/Swing_Down_Left/Swing_Down_Left_FPS.blockyanim","6306","9DE1962B546684DE706ABBC6E423C63667E161067BBB13473AAF0BB7F081306A"
"character-animations","Swing_Down_Left_Moving","Items/Main_Handed/Axe/Attacks/Swing_Down_Left/Swing_Down_Left_Moving","Common/Characters/Animations/Items/Main_Handed/Axe/Attacks/Swing_Down_Left/Swing_Down_Left_Moving.blockyanim","10863","D6061F4128FBD9D1279401629DDECEDBEDE625B4E01183D72EA74F08217BB3A8"
"character-animations","Swing_Down","Items/Main_Handed/Axe/Attacks/Swing_Down/Swing_Down","Common/Characters/Animations/Items/Main_Handed/Axe/Attacks/Swing_Down/Swing_Down.blockyanim","16456","E1734EC9F7EFF78F33212AEC07743447145A7CB5843CD9CEC399B1EE741BC029"
"character-animations","Swing_Down_FPS","Items/Main_Handed/Axe/Attacks/Swing_Down/Swing_Down_FPS","Common/Characters/Animations/Items/Main_Handed/Axe/Attacks/Swing_Down/Swing_Down_FPS.blockyanim","6146","E5A4B4CA01413F5497DECA6BAEA84FBBB6EB4BA850AA4FA8BF4346FF48646CDA"
"character-animations","Swing_Down_Moving","Items/Main_Handed/Axe/Attacks/Swing_Down/Swing_Down_Moving","Common/Characters/Animations/Items/Main_Handed/Axe/Attacks/Swing_Down/Swing_Down_Moving.blockyanim","10165","6A4FBD7A151CABABE388506A09821CED49562B239232CF88C87E1C6DC25CF030"
"character-animations","Swing_Left_Charged","Items/Main_Handed/Axe/Attacks/Swing_Left_Charged/Swing_Left_Charged","Common/Characters/Animations/Items/Main_Handed/Axe/Attacks/Swing_Left_Charged/Swing_Left_Charged.blockyanim","12956","035EA1AE811AD1E1DA8D935744AE7E63EB899D908ACE13D73B8D44049CE361DA"
"character-animations","Swing_Left_Charged_FPS","Items/Main_Handed/Axe/Attacks/Swing_Left_Charged/Swing_Left_Charged_FPS","Common/Characters/Animations/Items/Main_Handed/Axe/Attacks/Swing_Left_Charged/Swing_Left_Charged_FPS.blockyanim","4525","302CF40192A93F4BDE682E0A9AB9D744FCF45B7AD225B482C918F84731FC5197"
"character-animations","Swing_Left_Charged_Moving","Items/Main_Handed/Axe/Attacks/Swing_Left_Charged/Swing_Left_Charged_Moving","Common/Characters/Animations/Items/Main_Handed/Axe/Attacks/Swing_Left_Charged/Swing_Left_Charged_Moving.blockyanim","8631","1EF5E6F5CAF239BF28F66412F4CFF91DF308AB0DBA9EC56EA51671E112CE404A"
"character-animations","Swing_Left_Charging","Items/Main_Handed/Axe/Attacks/Swing_Left_Charged/Swing_Left_Charging","Common/Characters/Animations/Items/Main_Handed/Axe/Attacks/Swing_Left_Charged/Swing_Left_Charging.blockyanim","11412","94E6374A76CB28E45CB8FA9C2D1F0A8F16A0CA94C6D6D2D3D0792F0BFC450C38"
"character-animations","Swing_Left_Charging_FPS","Items/Main_Handed/Axe/Attacks/Swing_Left_Charged/Swing_Left_Charging_FPS","Common/Characters/Animations/Items/Main_Handed/Axe/Attacks/Swing_Left_Charged/Swing_Left_Charging_FPS.blockyanim","4174","31D39CB5CB5D55A26F546597D74DA59D39B8FCCA00F272883D4814D6C9257DC8"
"character-animations","Swing_Left_Charging_Moving","Items/Main_Handed/Axe/Attacks/Swing_Left_Charged/Swing_Left_Charging_Moving","Common/Characters/Animations/Items/Main_Handed/Axe/Attacks/Swing_Left_Charged/Swing_Left_Charging_Moving.blockyanim","5481","7DC2052000FDF9145865C8B05963790D24C13A3CDE45272079B281E63B6D971D"
"character-animations","Swing_Left","Items/Main_Handed/Axe/Attacks/Swing_Left/Swing_Left","Common/Characters/Animations/Items/Main_Handed/Axe/Attacks/Swing_Left/Swing_Left.blockyanim","16620","125B33A6ABC0EC12828439BC32DEDAC70745370ACA5C46E2FEDCC0441843F888"
"character-animations","Swing_Left_FPS","Items/Main_Handed/Axe/Attacks/Swing_Left/Swing_Left_FPS","Common/Characters/Animations/Items/Main_Handed/Axe/Attacks/Swing_Left/Swing_Left_FPS.blockyanim","6324","0655D9C43FBCB805216DEE0FFF0E6775A3DE19AF1EB1A5CB518410D14221852F"
"character-animations","Swing_Left_Moving","Items/Main_Handed/Axe/Attacks/Swing_Left/Swing_Left_Moving","Common/Characters/Animations/Items/Main_Handed/Axe/Attacks/Swing_Left/Swing_Left_Moving.blockyanim","10643","B1A70D5646F79EABC369193C7A5060ECD32A63A3B85D4448B3D46A43092E8446"
"character-animations","Swing_Right","Items/Main_Handed/Axe/Attacks/Swing_Right/Swing_Right","Common/Characters/Animations/Items/Main_Handed/Axe/Attacks/Swing_Right/Swing_Right.blockyanim","17455","5AA4E72BD980EF55AE150AEDFC96D8155EF01F1B185887A3FF9E1C6E1B348446"
"character-animations","Swing_Right_FPS","Items/Main_Handed/Axe/Attacks/Swing_Right/Swing_Right_FPS","Common/Characters/Animations/Items/Main_Handed/Axe/Attacks/Swing_Right/Swing_Right_FPS.blockyanim","5746","BFE5677D25323A4D24EACBE71313ABF56AC56892224AEF9E3DCBAF2F7998B898"
"character-animations","Swing_Right_Moving","Items/Main_Handed/Axe/Attacks/Swing_Right/Swing_Right_Moving","Common/Characters/Animations/Items/Main_Handed/Axe/Attacks/Swing_Right/Swing_Right_Moving.blockyanim","11198","52401BD543DB94B80B66964ACF11CCF3815AD9B7665B147DB7895CFBD3FDB83B"
"character-animations","Swing_Up_Left","Items/Main_Handed/Axe/Attacks/Swing_Up_Left/Swing_Up_Left","Common/Characters/Animations/Items/Main_Handed/Axe/Attacks/Swing_Up_Left/Swing_Up_Left.blockyanim","17418","CCBA03A43128B0A48B260798EE773AB63DB08324822850B2BED8D3181989F79F"
"character-animations","Swing_Up_Left_FPS","Items/Main_Handed/Axe/Attacks/Swing_Up_Left/Swing_Up_Left_FPS","Common/Characters/Animations/Items/Main_Handed/Axe/Attacks/Swing_Up_Left/Swing_Up_Left_FPS.blockyanim","5954","92F52C8024538497B7DBFDDA1D9B0C380606CA1DF94197E6B90104926C80D5E8"
"character-animations","Swing_Up_Left_Moving","Items/Main_Handed/Axe/Attacks/Swing_Up_Left/Swing_Up_Left_Moving","Common/Characters/Animations/Items/Main_Handed/Axe/Attacks/Swing_Up_Left/Swing_Up_Left_Moving.blockyanim","11111","32F225C823880555A463E1E9CBD86A09AC64AE5DD7D85158FF21C3741C2793E8"
"character-animations","Swing_Up_Right","Items/Main_Handed/Axe/Attacks/Swing_Up_Right/Swing_Up_Right","Common/Characters/Animations/Items/Main_Handed/Axe/Attacks/Swing_Up_Right/Swing_Up_Right.blockyanim","17894","E89CEC97C4F33E8DD07852D1BAC4590EBADA3F6E27D3272082718DC7AF9CCDC7"
"character-animations","Swing_Up_Right_FPS","Items/Main_Handed/Axe/Attacks/Swing_Up_Right/Swing_Up_Right_FPS","Common/Characters/Animations/Items/Main_Handed/Axe/Attacks/Swing_Up_Right/Swing_Up_Right_FPS.blockyanim","5732","1B177074A987180EACF6099B72635D7BBF5B36E588DC6D610058DA931A1AD4A4"
"character-animations","Swing_Up_Right_Moving","Items/Main_Handed/Axe/Attacks/Swing_Up_Right/Swing_Up_Right_Moving","Common/Characters/Animations/Items/Main_Handed/Axe/Attacks/Swing_Up_Right/Swing_Up_Right_Moving.blockyanim","11637","EAE90B4D1E350192BB64682A8447F5325D8CEE68B3591ABA2BECCD700E45C882"
"character-animations","Throw","Items/Main_Handed/Axe/Attacks/Throw/Throw","Common/Characters/Animations/Items/Main_Handed/Axe/Attacks/Throw/Throw.blockyanim","17800","DB5D925A687B6B290D5A4B5DBDA8E39E9DB36FB4F2EE08425452CB6ACE567EB3"
"character-animations","Throw_FPS","Items/Main_Handed/Axe/Attacks/Throw/Throw_FPS","Common/Characters/Animations/Items/Main_Handed/Axe/Attacks/Throw/Throw_FPS.blockyanim","3713","0D716E64EF5F70D9BC8675F71118C61F98CB8A82F4B7F39DA355494D25C5E936"
"character-animations","Throw_Moving","Items/Main_Handed/Axe/Attacks/Throw/Throw_Moving","Common/Characters/Animations/Items/Main_Handed/Axe/Attacks/Throw/Throw_Moving.blockyanim","11497","BA8891897856ED4F1BB36CA16B074B4CE538620EAB53BEECC9BD15A9B3C0E5E8"
"character-animations","Guard_Bash","Items/Main_Handed/Club_Flail/Attacks/Guard_Bash/Guard_Bash","Common/Characters/Animations/Items/Main_Handed/Club_Flail/Attacks/Guard_Bash/Guard_Bash.blockyanim","22681","70CF19F1D9E42DF89477E7479FA77C5D2B0165008E50F2966C97BDCA6F5B3D10"
"character-animations","Guard_Bash_FPS","Items/Main_Handed/Club_Flail/Attacks/Guard_Bash/Guard_Bash_FPS","Common/Characters/Animations/Items/Main_Handed/Club_Flail/Attacks/Guard_Bash/Guard_Bash_FPS.blockyanim","11971","C6768B974F051DB1DC19D7AB54B7568883F6B2ADCB735D0718B7EC37E59292AC"
"character-animations","Guard_Bash_Moving","Items/Main_Handed/Club_Flail/Attacks/Guard_Bash/Guard_Bash_Moving","Common/Characters/Animations/Items/Main_Handed/Club_Flail/Attacks/Guard_Bash/Guard_Bash_Moving.blockyanim","16379","725B1D3A4EE6E90584D7EAB790161353836F7D47C574A0C3429BE19DB6B2C9DD"
"character-animations","Guard","Items/Main_Handed/Club_Flail/Attacks/Guard/Guard","Common/Characters/Animations/Items/Main_Handed/Club_Flail/Attacks/Guard/Guard.blockyanim","9945","DE90B60208B4DF5327542601145EFE58480DD5C9829DCEC1C5B6054544A3E574"
"character-animations","Guard_FPS","Items/Main_Handed/Club_Flail/Attacks/Guard/Guard_FPS","Common/Characters/Animations/Items/Main_Handed/Club_Flail/Attacks/Guard/Guard_FPS.blockyanim","5061","0FD21ABBC7D0C07C1967FC799D8CB66BB65BE7D6AA3206871118A560E9AFD494"
"character-animations","Guard_Moving","Items/Main_Handed/Club_Flail/Attacks/Guard/Guard_Moving","Common/Characters/Animations/Items/Main_Handed/Club_Flail/Attacks/Guard/Guard_Moving.blockyanim","7272","86F32C24B29060B986163B18E54DB9BCA8A835ABAC732B7DBDD5A1AC2B147316"
"character-animations","Spin_Swing_Left_Charged","Items/Main_Handed/Club_Flail/Attacks/Spin_Swing_Left_Charged/Spin_Swing_Left_Charged","Common/Characters/Animations/Items/Main_Handed/Club_Flail/Attacks/Spin_Swing_Left_Charged/Spin_Swing_Left_Charged.blockyanim","16310","DA6F9B3AEC7CB7882B8FD4967903775DE7D7D0794E1FC88428196AD425BADFDC"
"character-animations","Spin_Swing_Left_Charged_FPS","Items/Main_Handed/Club_Flail/Attacks/Spin_Swing_Left_Charged/Spin_Swing_Left_Charged_FPS","Common/Characters/Animations/Items/Main_Handed/Club_Flail/Attacks/Spin_Swing_Left_Charged/Spin_Swing_Left_Charged_FPS.blockyanim","7591","BF85B32BF84E151E4144E95427531F1020755093A501EF81B6C39FFBB2F1CEB9"
"character-animations","Spin_Swing_Left_Charged_Moving","Items/Main_Handed/Club_Flail/Attacks/Spin_Swing_Left_Charged/Spin_Swing_Left_Charged_Moving","Common/Characters/Animations/Items/Main_Handed/Club_Flail/Attacks/Spin_Swing_Left_Charged/Spin_Swing_Left_Charged_Moving.blockyanim","11649","7C4B904FE797337D98C8EB7093962E22E59DCAE31AD456635821B2BA5C55A823"
"character-animations","Spin_Swing_Left_Charging","Items/Main_Handed/Club_Flail/Attacks/Spin_Swing_Left_Charged/Spin_Swing_Left_Charging","Common/Characters/Animations/Items/Main_Handed/Club_Flail/Attacks/Spin_Swing_Left_Charged/Spin_Swing_Left_Charging.blockyanim","11212","71544FE0EBE6323A4E616CA94A9671A6D8EF5DDD49E28A67833FB839404C8C19"
"character-animations","Spin_Swing_Left_Charging_FPS","Items/Main_Handed/Club_Flail/Attacks/Spin_Swing_Left_Charged/Spin_Swing_Left_Charging_FPS","Common/Characters/Animations/Items/Main_Handed/Club_Flail/Attacks/Spin_Swing_Left_Charged/Spin_Swing_Left_Charging_FPS.blockyanim","5456","031F1A50498B91F20549931A8415B5EF0F774D0AB4D659EDF33CE02A1295AC4F"
"character-animations","Spin_Swing_Left_Charging_Moving","Items/Main_Handed/Club_Flail/Attacks/Spin_Swing_Left_Charged/Spin_Swing_Left_Charging_Moving","Common/Characters/Animations/Items/Main_Handed/Club_Flail/Attacks/Spin_Swing_Left_Charged/Spin_Swing_Left_Charging_Moving.blockyanim","7189","259BE0713D0FC3C3637839A092603AAB3F80394787B6B05C49728376EEA079E4"
"character-animations","Spin_Swing_Left","Items/Main_Handed/Club_Flail/Attacks/Spin_Swing_Left/Spin_Swing_Left","Common/Characters/Animations/Items/Main_Handed/Club_Flail/Attacks/Spin_Swing_Left/Spin_Swing_Left.blockyanim","25197","AAA9D16A9B4C75FF899F6CB6B3AFBF3E6AD0BB01133A742364B0178BA855FD54"
"character-animations","Spin_Swing_Left_FPS","Items/Main_Handed/Club_Flail/Attacks/Spin_Swing_Left/Spin_Swing_Left_FPS","Common/Characters/Animations/Items/Main_Handed/Club_Flail/Attacks/Spin_Swing_Left/Spin_Swing_Left_FPS.blockyanim","14891","8D4A464936B2FBF5D0F443335E90FE4EE99EC8F9EE3861B35FC550B594C05D55"
"character-animations","Spin_Swing_Left_Moving","Items/Main_Handed/Club_Flail/Attacks/Spin_Swing_Left/Spin_Swing_Left_Moving","Common/Characters/Animations/Items/Main_Handed/Club_Flail/Attacks/Spin_Swing_Left/Spin_Swing_Left_Moving.blockyanim","19176","34446CA38F1D0F14D0691BBF4C3AC4FE73AC8951404E088B99BEEFBBC79C5919"
"character-animations","Spin_Swing_Right","Items/Main_Handed/Club_Flail/Attacks/Spin_Swing_Right/Spin_Swing_Right","Common/Characters/Animations/Items/Main_Handed/Club_Flail/Attacks/Spin_Swing_Right/Spin_Swing_Right.blockyanim","24234","6B1F3187B8E969C90EB40751A7939E8E62BF3A10A7D09CCDE0A9CD3594EB9670"
"character-animations","Spin_Swing_Right_FPS","Items/Main_Handed/Club_Flail/Attacks/Spin_Swing_Right/Spin_Swing_Right_FPS","Common/Characters/Animations/Items/Main_Handed/Club_Flail/Attacks/Spin_Swing_Right/Spin_Swing_Right_FPS.blockyanim","12659","53FBAA32558F93625C46B5B721124BE57CCF34D93EE49723A93CC6C25A965EF5"
"character-animations","Spin_Swing_Right_Moving","Items/Main_Handed/Club_Flail/Attacks/Spin_Swing_Right/Spin_Swing_Right_Moving","Common/Characters/Animations/Items/Main_Handed/Club_Flail/Attacks/Spin_Swing_Right/Spin_Swing_Right_Moving.blockyanim","18581","E63BA1F8721BC0567DB556969636FE2EB3224800BD1749E965FB80BAAD7D5F3F"
"character-animations","Swing_Left","Items/Main_Handed/Club_Flail/Attacks/Swing_Left/Swing_Left","Common/Characters/Animations/Items/Main_Handed/Club_Flail/Attacks/Swing_Left/Swing_Left.blockyanim","20733","1DDCB97CA95C0B35865783F8878A302D68AF5BFBFF135F63C62612A89A6F823F"
"character-animations","Swing_Left_FPS","Items/Main_Handed/Club_Flail/Attacks/Swing_Left/Swing_Left_FPS","Common/Characters/Animations/Items/Main_Handed/Club_Flail/Attacks/Swing_Left/Swing_Left_FPS.blockyanim","9998","7F28F4C49FD024666A90994631C00F3B47B8E928F5B9098F36D66D9D60358CB2"
"character-animations","Swing_Left_Moving","Items/Main_Handed/Club_Flail/Attacks/Swing_Left/Swing_Left_Moving","Common/Characters/Animations/Items/Main_Handed/Club_Flail/Attacks/Swing_Left/Swing_Left_Moving.blockyanim","14429","1CD40BD2A9C6028610B1C4BDCEC0CE3F14725DBF0974011403675CA9BB859C74"
"character-animations","Swing_Right","Items/Main_Handed/Club_Flail/Attacks/Swing_Right/Swing_Right","Common/Characters/Animations/Items/Main_Handed/Club_Flail/Attacks/Swing_Right/Swing_Right.blockyanim","21131","92BFAC6012DB79F3041C6F5F5A0B925E6EDB0961E531D9FB0025970FD04EA119"
"character-animations","Swing_Right_FPS","Items/Main_Handed/Club_Flail/Attacks/Swing_Right/Swing_Right_FPS","Common/Characters/Animations/Items/Main_Handed/Club_Flail/Attacks/Swing_Right/Swing_Right_FPS.blockyanim","9557","26F430182BC3C4D955A1A2BB580E9D83E25695E1F38DC97A61F4784A14BDCB96"
"character-animations","Swing_Right_Moving","Items/Main_Handed/Club_Flail/Attacks/Swing_Right/Swing_Right_Moving","Common/Characters/Animations/Items/Main_Handed/Club_Flail/Attacks/Swing_Right/Swing_Right_Moving.blockyanim","14874","0BC157B7F35793DF98FBEF601C56F2F494823C6443F9D1ADE6DADBE29023E6D0"
"character-animations","Guard_Bash","Items/Main_Handed/Club/Attacks/Guard_Bash/Guard_Bash","Common/Characters/Animations/Items/Main_Handed/Club/Attacks/Guard_Bash/Guard_Bash.blockyanim","18626","45337B982673AFEE09D49845B68DCFC44A85157FFF700476311B10446466B0E4"
"character-animations","Guard_Bash_FPS","Items/Main_Handed/Club/Attacks/Guard_Bash/Guard_Bash_FPS","Common/Characters/Animations/Items/Main_Handed/Club/Attacks/Guard_Bash/Guard_Bash_FPS.blockyanim","7967","178B908C11207A2178301C42DBEAFCA68016DA25A91CFEEF51C7605026D4EA4F"
"character-animations","Guard_Bash_Moving","Items/Main_Handed/Club/Attacks/Guard_Bash/Guard_Bash_Moving","Common/Characters/Animations/Items/Main_Handed/Club/Attacks/Guard_Bash/Guard_Bash_Moving.blockyanim","12324","4BC349ED36C67C7B9CB91C9A23C43461E21650EB00914FBB959BB61D557CC743"
"character-animations","Guard","Items/Main_Handed/Club/Attacks/Guard/Guard","Common/Characters/Animations/Items/Main_Handed/Club/Attacks/Guard/Guard.blockyanim","6201","BA01FEB11390820A20192E014C26451DEB6199529C30C7384779411EC33EED42"
"character-animations","Guard_FPS","Items/Main_Handed/Club/Attacks/Guard/Guard_FPS","Common/Characters/Animations/Items/Main_Handed/Club/Attacks/Guard/Guard_FPS.blockyanim","2589","9EC10EC9CBFD3ACB8519520B262BF69023BDC2EB698EA86F9E7AB5177E8D6AE9"
"character-animations","Guard_Moving","Items/Main_Handed/Club/Attacks/Guard/Guard_Moving","Common/Characters/Animations/Items/Main_Handed/Club/Attacks/Guard/Guard_Moving.blockyanim","3527","B6D51BFDB0360C7BD83D9B0C4D4A324D192D51BBCF4C1986FD7833E5B6EB9301"
"character-animations","Swing_Down_Charged","Items/Main_Handed/Club/Attacks/Swing_Down_Charged/Swing_Down_Charged","Common/Characters/Animations/Items/Main_Handed/Club/Attacks/Swing_Down_Charged/Swing_Down_Charged.blockyanim","13357","26AF59C77BDBF370D4C9959FB0483C05EC0B7C228F7A34C0369B00287B264991"
"character-animations","Swing_Down_Charged_FPS","Items/Main_Handed/Club/Attacks/Swing_Down_Charged/Swing_Down_Charged_FPS","Common/Characters/Animations/Items/Main_Handed/Club/Attacks/Swing_Down_Charged/Swing_Down_Charged_FPS.blockyanim","4527","0B45D2E05494EC91DA1414E54203A41D5A43D1D3C45378A4D11E4D0E43D78696"
"character-animations","Swing_Down_Charged_Moving","Items/Main_Handed/Club/Attacks/Swing_Down_Charged/Swing_Down_Charged_Moving","Common/Characters/Animations/Items/Main_Handed/Club/Attacks/Swing_Down_Charged/Swing_Down_Charged_Moving.blockyanim","9053","D09FE2D83A38B391D1EFB42B67465E0D1A554105315D7ADEA896D7A07075FE7A"
"character-animations","Swing_Down_Charging","Items/Main_Handed/Club/Attacks/Swing_Down_Charged/Swing_Down_Charging","Common/Characters/Animations/Items/Main_Handed/Club/Attacks/Swing_Down_Charged/Swing_Down_Charging.blockyanim","11154","1E5A26FC5C1BAABD59307F7B1333A82BF7B935A05E7934F8FAC1A38ABEA031A7"
"character-animations","Swing_Down_Charging_FPS","Items/Main_Handed/Club/Attacks/Swing_Down_Charged/Swing_Down_Charging_FPS","Common/Characters/Animations/Items/Main_Handed/Club/Attacks/Swing_Down_Charged/Swing_Down_Charging_FPS.blockyanim","4198","60C63DBBA4A757FA0F68934D3479558118256C3BD43F3070567180DCF85DF3B9"
"character-animations","Swing_Down_Charging_Moving","Items/Main_Handed/Club/Attacks/Swing_Down_Charged/Swing_Down_Charging_Moving","Common/Characters/Animations/Items/Main_Handed/Club/Attacks/Swing_Down_Charged/Swing_Down_Charging_Moving.blockyanim","5225","91D4BB7414BD0FB5CB291561ECFFCBDDE2FE69B43E84856FEC83AD8206F940B0"
"character-animations","Swing_Down","Items/Main_Handed/Club/Attacks/Swing_Down/Swing_Down","Common/Characters/Animations/Items/Main_Handed/Club/Attacks/Swing_Down/Swing_Down.blockyanim","17508","79A768FDB50AD68D166D7D4C0E715AB42D4E51395D71EC935292B5D46FD895C9"
"character-animations","Swing_Down_FPS","Items/Main_Handed/Club/Attacks/Swing_Down/Swing_Down_FPS","Common/Characters/Animations/Items/Main_Handed/Club/Attacks/Swing_Down/Swing_Down_FPS.blockyanim","6146","CB632A3A95E5F645E852CF0F8D621EA0451DFAB9E9287CC93909F18BAD7487DD"
"character-animations","Swing_Down_Moving","Items/Main_Handed/Club/Attacks/Swing_Down/Swing_Down_Moving","Common/Characters/Animations/Items/Main_Handed/Club/Attacks/Swing_Down/Swing_Down_Moving.blockyanim","11216","C21929D4171D4F6288934A1FEB1030FE4FF116F2EEF4D8F4F3C57BA6A648B8FE"
"character-animations","Swing_Left","Items/Main_Handed/Club/Attacks/Swing_Left/Swing_Left","Common/Characters/Animations/Items/Main_Handed/Club/Attacks/Swing_Left/Swing_Left.blockyanim","17183","30EF3474AAAB44240885BD14861000406C7ED64F0BBCAFAC23DBCA936859110E"
"character-animations","Swing_Left_FPS","Items/Main_Handed/Club/Attacks/Swing_Left/Swing_Left_FPS","Common/Characters/Animations/Items/Main_Handed/Club/Attacks/Swing_Left/Swing_Left_FPS.blockyanim","6321","6E8B74FC60EAA2B65FAD9E76077DCE622509BF289D7BD6FBC6C552F160C4B342"
"character-animations","Swing_Left_Moving","Items/Main_Handed/Club/Attacks/Swing_Left/Swing_Left_Moving","Common/Characters/Animations/Items/Main_Handed/Club/Attacks/Swing_Left/Swing_Left_Moving.blockyanim","10878","667CDB23A3D9F5237E06DFCF0749A3B09D9C00046A064A3C458CB9037961961B"
"character-animations","Swing_Right","Items/Main_Handed/Club/Attacks/Swing_Right/Swing_Right","Common/Characters/Animations/Items/Main_Handed/Club/Attacks/Swing_Right/Swing_Right.blockyanim","18035","DA2A5D896840EFA56C57EA6D13DCA2BEBE5CFCE6DF6E32A433FEA93AF3C0FC7D"
"character-animations","Swing_Right_FPS","Items/Main_Handed/Club/Attacks/Swing_Right/Swing_Right_FPS","Common/Characters/Animations/Items/Main_Handed/Club/Attacks/Swing_Right/Swing_Right_FPS.blockyanim","6134","DD1F5233F0297940907A63CF4D30E11F0C6E4BB3B0746A87A8CBF01BDF6F802E"
"character-animations","Swing_Right_Moving","Items/Main_Handed/Club/Attacks/Swing_Right/Swing_Right_Moving","Common/Characters/Animations/Items/Main_Handed/Club/Attacks/Swing_Right/Swing_Right_Moving.blockyanim","11761","9CA868B8B1BEE0EDD7B97DE18BA47C188860D81C9878E18D323ADC2FEF21DA80"
"character-animations","Swing_Up_Left","Items/Main_Handed/Club/Attacks/Swing_Up_Left/Swing_Up_Left","Common/Characters/Animations/Items/Main_Handed/Club/Attacks/Swing_Up_Left/Swing_Up_Left.blockyanim","18042","883A81A81DB22591967642F238BE09E495062DD59DD59DCE84FFFC8B411799C3"
"character-animations","Swing_Up_Left_FPS","Items/Main_Handed/Club/Attacks/Swing_Up_Left/Swing_Up_Left_FPS","Common/Characters/Animations/Items/Main_Handed/Club/Attacks/Swing_Up_Left/Swing_Up_Left_FPS.blockyanim","6143","9B47162D4139A4B38783BF1648564723858ADE08B2F080790D9B754F133F1A8D"
"character-animations","Swing_Up_Left_Moving","Items/Main_Handed/Club/Attacks/Swing_Up_Left/Swing_Up_Left_Moving","Common/Characters/Animations/Items/Main_Handed/Club/Attacks/Swing_Up_Left/Swing_Up_Left_Moving.blockyanim","11736","99F97E7E1A12518A247EF71AD0855EA4914462F917E887EAFC96B12E2778E0A8"
"character-animations","Climb_Down","Items/Main_Handed/Club/Climb/Climb_Down","Common/Characters/Animations/Items/Main_Handed/Club/Climb/Climb_Down.blockyanim","1115","B72E15A636FE6B20A4CE15B6F19B0A11ACE8D1853515DAE7F2F5F0FB07B9215A"
"character-animations","Climb_Down_FPS","Items/Main_Handed/Club/Climb/Climb_Down_FPS","Common/Characters/Animations/Items/Main_Handed/Club/Climb/Climb_Down_FPS.blockyanim","2346","F196A885ABEE7D1F3F241CA8FC21502FCF4F7360E77FEAC21F9B43F1A0C31347"
"character-animations","Climb_Idle","Items/Main_Handed/Club/Climb/Climb_Idle","Common/Characters/Animations/Items/Main_Handed/Club/Climb/Climb_Idle.blockyanim","682","EBCFA184FF44AE53FF788BDE5349BF43084C34EC84A3D6B31EA3F71CE6EA931F"
"character-animations","Climb_Idle_FPS","Items/Main_Handed/Club/Climb/Climb_Idle_FPS","Common/Characters/Animations/Items/Main_Handed/Club/Climb/Climb_Idle_FPS.blockyanim","1348","5102F7BA6522802D353BBD9D9C0AC96D1001932204A49F58F7E2E164E9D64723"
"character-animations","Climb_Left","Items/Main_Handed/Club/Climb/Climb_Left","Common/Characters/Animations/Items/Main_Handed/Club/Climb/Climb_Left.blockyanim","1117","2421687835D0E77AE6D8E5262B9E7360B79B19B3A106232B6FE7FF88E5A8E1B0"
"character-animations","Climb_Left_FPS","Items/Main_Handed/Club/Climb/Climb_Left_FPS","Common/Characters/Animations/Items/Main_Handed/Club/Climb/Climb_Left_FPS.blockyanim","2352","FB4AAFAEEBB83D5AB1C3D70D8199F71EB376C9299903A265E904FAD7D3C2E94C"
"character-animations","Climb_Right","Items/Main_Handed/Club/Climb/Climb_Right","Common/Characters/Animations/Items/Main_Handed/Club/Climb/Climb_Right.blockyanim","1117","29FDF539AC95FCA348B8BDFCDEE0A831650D133258FF0F2E9351F72B2055452A"
"character-animations","Climb_Right_FPS","Items/Main_Handed/Club/Climb/Climb_Right_FPS","Common/Characters/Animations/Items/Main_Handed/Club/Climb/Climb_Right_FPS.blockyanim","2352","B1D6DC14B56ADD389B1C59E870AA24252AB5AE93C4B5CD3C4BE14E6687C4E7CF"
"character-animations","Climb_Up","Items/Main_Handed/Club/Climb/Climb_Up","Common/Characters/Animations/Items/Main_Handed/Club/Climb/Climb_Up.blockyanim","1115","A21D2735B694B96C4805E38BF818F26EB95ABB0A137EBF89A144EF45A4B58DE1"
"character-animations","Climb_Up_FPS","Items/Main_Handed/Club/Climb/Climb_Up_FPS","Common/Characters/Animations/Items/Main_Handed/Club/Climb/Climb_Up_FPS.blockyanim","2346","F6A57DA5B51F29841E8A9D6D3A109C3B0A803141DDB820AA08323F999691201C"
"character-animations","Crouch","Items/Main_Handed/Club/Crouch","Common/Characters/Animations/Items/Main_Handed/Club/Crouch.blockyanim","3557","E4C9AA47482C395B3EE891A623792021F9BB8A494F39DC1C4CD26D8E873E48B0"
"character-animations","Crouch_FPS","Items/Main_Handed/Club/Crouch_FPS","Common/Characters/Animations/Items/Main_Handed/Club/Crouch_FPS.blockyanim","1982","E729A2F9C115EB8FFA519DA7692CC910786B03EEC5FDAF6F83F5C4353BCAF3CC"
"character-animations","Crouch_Walk","Items/Main_Handed/Club/Crouch_Walk","Common/Characters/Animations/Items/Main_Handed/Club/Crouch_Walk.blockyanim","1772","6DAED318F6F574EBDFBAE7FA288B2CC134D701DA81C65FC5834B52E417148CF5"
"character-animations","Crouch_Walk_Backward","Items/Main_Handed/Club/Crouch_Walk_Backward","Common/Characters/Animations/Items/Main_Handed/Club/Crouch_Walk_Backward.blockyanim","1772","AE1C40EC520F61F1DE81345F784F54E83C338FEAA0E37A19FF51767CCC658633"
"character-animations","Crouch_Walk_Backward_FPS","Items/Main_Handed/Club/Crouch_Walk_Backward_FPS","Common/Characters/Animations/Items/Main_Handed/Club/Crouch_Walk_Backward_FPS.blockyanim","1983","0B6D5D353A11F1E4625EFDAF9AC870C7F8DBDF3C2C63BFC33606D28E0F65290E"
"character-animations","Crouch_Walk_FPS","Items/Main_Handed/Club/Crouch_Walk_FPS","Common/Characters/Animations/Items/Main_Handed/Club/Crouch_Walk_FPS.blockyanim","1983","69642058E69FC73B1DB4E36360B5F661CFFFE19D3C908379C6876580839B4D46"
"character-animations","Fall","Items/Main_Handed/Club/Fall","Common/Characters/Animations/Items/Main_Handed/Club/Fall.blockyanim","1596","720044DC360CB63884DE5507D242DFF699ED2297717D0ACEE0B073308179BBB7"
"character-animations","Fall_Far","Items/Main_Handed/Club/Fall_Far","Common/Characters/Animations/Items/Main_Handed/Club/Fall_Far.blockyanim","10584","EAC98A227B8CC83396CEEFC740C55C1B50F00202339AD3F57A1B2AD97A0516DB"
"character-animations","Fall_Far_FPS","Items/Main_Handed/Club/Fall_Far_FPS","Common/Characters/Animations/Items/Main_Handed/Club/Fall_Far_FPS.blockyanim","1992","ECAE8323B13F82590B35654F0EB3172981D3B54B6DF7D6050616F2FCC9EA7F6E"
"character-animations","Fall_FPS","Items/Main_Handed/Club/Fall_FPS","Common/Characters/Animations/Items/Main_Handed/Club/Fall_FPS.blockyanim","1208","4EA9755D2023600C79926141573CA85863982B0EB929F4C761BDC81A8853D120"
"character-animations","Fly","Items/Main_Handed/Club/Fly/Fly","Common/Characters/Animations/Items/Main_Handed/Club/Fly/Fly.blockyanim","3548","8029FA95463BC3D7A6FB1E3A9F8AF566B4D3AE498D4C4BE573C6C2A3051493EB"
"character-animations","Fly_Backward","Items/Main_Handed/Club/Fly/Fly_Backward","Common/Characters/Animations/Items/Main_Handed/Club/Fly/Fly_Backward.blockyanim","3542","178E0FEC0F5ADFBB69FDE99AD3D71F8AF90F200CE96A845355D142AFCACCF01F"
"character-animations","Fly_Backward_FPS","Items/Main_Handed/Club/Fly/Fly_Backward_FPS","Common/Characters/Animations/Items/Main_Handed/Club/Fly/Fly_Backward_FPS.blockyanim","1983","69642058E69FC73B1DB4E36360B5F661CFFFE19D3C908379C6876580839B4D46"
"character-animations","Fly_Fast","Items/Main_Handed/Club/Fly/Fly_Fast","Common/Characters/Animations/Items/Main_Handed/Club/Fly/Fly_Fast.blockyanim","3543","277C5811A5295E9DFC1A37013DEF6F69B6F002DEF10D9F8A05B82EA45E774499"
"character-animations","Fly_Fast_FPS","Items/Main_Handed/Club/Fly/Fly_Fast_FPS","Common/Characters/Animations/Items/Main_Handed/Club/Fly/Fly_Fast_FPS.blockyanim","1982","64E3084D719720968CBE4CFAF8C0A33232889046B37D6A26EA0076C6741A42E7"
"character-animations","Fly_FPS","Items/Main_Handed/Club/Fly/Fly_FPS","Common/Characters/Animations/Items/Main_Handed/Club/Fly/Fly_FPS.blockyanim","1983","69642058E69FC73B1DB4E36360B5F661CFFFE19D3C908379C6876580839B4D46"
"character-animations","Fly_Idle","Items/Main_Handed/Club/Fly/Fly_Idle","Common/Characters/Animations/Items/Main_Handed/Club/Fly/Fly_Idle.blockyanim","3542","037F7D1840B8B7FCFDECF8307104F25ACCE1B5E349E576C440C9B79DC9723AE0"
"character-animations","Fly_Idle_FPS","Items/Main_Handed/Club/Fly/Fly_Idle_FPS","Common/Characters/Animations/Items/Main_Handed/Club/Fly/Fly_Idle_FPS.blockyanim","1982","E729A2F9C115EB8FFA519DA7692CC910786B03EEC5FDAF6F83F5C4353BCAF3CC"
"character-animations","Idle","Items/Main_Handed/Club/Idle","Common/Characters/Animations/Items/Main_Handed/Club/Idle.blockyanim","14053","78F768360613DB479648D61B4FE587EDA5EF43798AAAF2B6C637AEFA332CE5AC"
"character-animations","Idle_FPS","Items/Main_Handed/Club/Idle_FPS","Common/Characters/Animations/Items/Main_Handed/Club/Idle_FPS.blockyanim","1982","E729A2F9C115EB8FFA519DA7692CC910786B03EEC5FDAF6F83F5C4353BCAF3CC"
"character-animations","Interact","Items/Main_Handed/Club/Interact","Common/Characters/Animations/Items/Main_Handed/Club/Interact.blockyanim","7981","A36C2BF956A29A4D2AF5BD1EB2DF63355B00EF17B86B58FA7E4598F86E48F486"
"character-animations","Interact_FPS","Items/Main_Handed/Club/Interact_FPS","Common/Characters/Animations/Items/Main_Handed/Club/Interact_FPS.blockyanim","2342","E8CD8BA03E6136784F60D02BE44D7A13C6E1D2DD7DFDB0912A660EEB173AB9F0"
"character-animations","Jump","Items/Main_Handed/Club/Jump","Common/Characters/Animations/Items/Main_Handed/Club/Jump.blockyanim","1725","7C8BDDFE59738141979B6D78A5AC8EA2C9011C0C5F85514FFA070E0A4E70B165"
"character-animations","Jump_Far","Items/Main_Handed/Club/Jump_Far","Common/Characters/Animations/Items/Main_Handed/Club/Jump_Far.blockyanim","2347","A1A5245E1C464B451483333D92FF6233263E1537900D3407F5F5C76D8A6113EC"
"character-animations","Jump_Far_FPS","Items/Main_Handed/Club/Jump_Far_FPS","Common/Characters/Animations/Items/Main_Handed/Club/Jump_Far_FPS.blockyanim","2619","58BBFE3AD68AC7FCE152132114081A01D0B86511D060912AE422BCC3AC74B9E6"
"character-animations","Jump_FPS","Items/Main_Handed/Club/Jump_FPS","Common/Characters/Animations/Items/Main_Handed/Club/Jump_FPS.blockyanim","2621","B57CFE00D266FAE228806F1A7FCC2477186118C2B3CEEE169F57DB8245EC0EF6"
"character-animations","Run","Items/Main_Handed/Club/Run","Common/Characters/Animations/Items/Main_Handed/Club/Run.blockyanim","1771","F518C930B242432B1EB2CB9413FECE6FC9229D2EA597D2E96F67120B689DEFB0"
"character-animations","Run_Backward","Items/Main_Handed/Club/Run_Backward","Common/Characters/Animations/Items/Main_Handed/Club/Run_Backward.blockyanim","1771","F518C930B242432B1EB2CB9413FECE6FC9229D2EA597D2E96F67120B689DEFB0"
"character-animations","Run_Backward_FPS","Items/Main_Handed/Club/Run_Backward_FPS","Common/Characters/Animations/Items/Main_Handed/Club/Run_Backward_FPS.blockyanim","1962","C55CDEEE182BE749257834A8C71B50A54AE963EF237E5DFD2CE41296D9B1A620"
"character-animations","Run_FPS","Items/Main_Handed/Club/Run_FPS","Common/Characters/Animations/Items/Main_Handed/Club/Run_FPS.blockyanim","1962","A322619D0CEA18792170FB55B06F0872C47AA3180FEB93D50CBF6EC0628087C3"
"character-animations","Sprint","Items/Main_Handed/Club/Sprint","Common/Characters/Animations/Items/Main_Handed/Club/Sprint.blockyanim","1785","44A80ED4F580381C41FAFF4741D8D8349EECA8E82376A9003E30FDA89B3599D4"
"character-animations","Sprint_FPS","Items/Main_Handed/Club/Sprint_FPS","Common/Characters/Animations/Items/Main_Handed/Club/Sprint_FPS.blockyanim","1960","314F9598D6681301AEC1E96D0CFB9644038CC62C1B1B44F38CB8E46B6E6743EF"
"character-animations","Swim","Items/Main_Handed/Club/Swim/Swim","Common/Characters/Animations/Items/Main_Handed/Club/Swim/Swim.blockyanim","2022","DCBD0063AA29118086F19ECE674D79A6D9221246E493CF2C0BBFDFF8B1B448E8"
"character-animations","Swim_Backward","Items/Main_Handed/Club/Swim/Swim_Backward","Common/Characters/Animations/Items/Main_Handed/Club/Swim/Swim_Backward.blockyanim","1114","79487932B8452530ACD9343B075549D97A3E2609F4023608A10D1BFC6D3BAA54"
"character-animations","Swim_Backward_FPS","Items/Main_Handed/Club/Swim/Swim_Backward_FPS","Common/Characters/Animations/Items/Main_Handed/Club/Swim/Swim_Backward_FPS.blockyanim","2811","C80927A4B922D01F0370E4EA04882533A3E3DB1893D7828B6483DF788B994206"
"character-animations","Swim_Dive","Items/Main_Handed/Club/Swim/Swim_Dive","Common/Characters/Animations/Items/Main_Handed/Club/Swim/Swim_Dive.blockyanim","2601","84F2A2201AF27983933CE63729BBF9C85348E7A1A4F0F4C4257ECDFB458CD238"
"character-animations","Swim_Dive_Backward","Items/Main_Handed/Club/Swim/Swim_Dive_Backward","Common/Characters/Animations/Items/Main_Handed/Club/Swim/Swim_Dive_Backward.blockyanim","1114","CBDE28E29E4E603B7F546ABE8EA53E0D14A04024FDDBA57FDD04522A702B37C3"
"character-animations","Swim_Dive_Backward_FPS","Items/Main_Handed/Club/Swim/Swim_Dive_Backward_FPS","Common/Characters/Animations/Items/Main_Handed/Club/Swim/Swim_Dive_Backward_FPS.blockyanim","2811","C80927A4B922D01F0370E4EA04882533A3E3DB1893D7828B6483DF788B994206"
"character-animations","Swim_Dive_Fast","Items/Main_Handed/Club/Swim/Swim_Dive_Fast","Common/Characters/Animations/Items/Main_Handed/Club/Swim/Swim_Dive_Fast.blockyanim","1770","DC187F3BDAB50335EB1E0708EC4EAC7193CE9309273F8B19E38546CC574F6A1E"
"character-animations","Swim_Dive_Fast_FPS","Items/Main_Handed/Club/Swim/Swim_Dive_Fast_FPS","Common/Characters/Animations/Items/Main_Handed/Club/Swim/Swim_Dive_Fast_FPS.blockyanim","1987","765C85C93C9C6A42513A42474A4C0D14DA3D7DB780C482B019727673DEBC3CD6"
"character-animations","Swim_Dive_FPS","Items/Main_Handed/Club/Swim/Swim_Dive_FPS","Common/Characters/Animations/Items/Main_Handed/Club/Swim/Swim_Dive_FPS.blockyanim","2175","5019486ABD0731638F9C1094B001581C7BAA9545301D6D6AEEEEFDA0C8D4E68D"
"character-animations","Swim_Fast","Items/Main_Handed/Club/Swim/Swim_Fast","Common/Characters/Animations/Items/Main_Handed/Club/Swim/Swim_Fast.blockyanim","3220","086ECE971D4F0406094AB5C2AD56AF9AE76F1847590161C441C7496D5F6AB906"
"character-animations","Swim_Fast_FPS","Items/Main_Handed/Club/Swim/Swim_Fast_FPS","Common/Characters/Animations/Items/Main_Handed/Club/Swim/Swim_Fast_FPS.blockyanim","2534","B38494255DB1E7C2DBB3ED763E6616513462A624BDB9D8AC9D6A3DDCD9891A09"
"character-animations","Swim_Float","Items/Main_Handed/Club/Swim/Swim_Float","Common/Characters/Animations/Items/Main_Handed/Club/Swim/Swim_Float.blockyanim","3064","A570DE4CA9921791EA82D97D54ED91E1D45A222A6A208B785B28DB86EBC0BFAA"
"character-animations","Swim_Float_FPS","Items/Main_Handed/Club/Swim/Swim_Float_FPS","Common/Characters/Animations/Items/Main_Handed/Club/Swim/Swim_Float_FPS.blockyanim","2175","5019486ABD0731638F9C1094B001581C7BAA9545301D6D6AEEEEFDA0C8D4E68D"
"character-animations","Swim_FPS","Items/Main_Handed/Club/Swim/Swim_FPS","Common/Characters/Animations/Items/Main_Handed/Club/Swim/Swim_FPS.blockyanim","2380","72CB29B8E266F1E289C4E42AD4C1B4387FFD4A415F0120D94B5CC1BF727445FD"
"character-animations","Swim_Idle","Items/Main_Handed/Club/Swim/Swim_Idle","Common/Characters/Animations/Items/Main_Handed/Club/Swim/Swim_Idle.blockyanim","1236","90E6CA96C0FE5CDE177AEC5A97980FB3C080E544500709533855D65F61B1D33D"
"character-animations","Swim_Idle_FPS","Items/Main_Handed/Club/Swim/Swim_Idle_FPS","Common/Characters/Animations/Items/Main_Handed/Club/Swim/Swim_Idle_FPS.blockyanim","1740","328BE468D27736B854FB9812B2E54D94E9D5226DD94E0DE2BF642A5126971B13"
"character-animations","Swim_Jump","Items/Main_Handed/Club/Swim/Swim_Jump","Common/Characters/Animations/Items/Main_Handed/Club/Swim/Swim_Jump.blockyanim","2610","BABE068270689ABF736FE38178155A2D68A64706827D0745DD7596AD51AEC4B2"
"character-animations","Swim_Jump_FPS","Items/Main_Handed/Club/Swim/Swim_Jump_FPS","Common/Characters/Animations/Items/Main_Handed/Club/Swim/Swim_Jump_FPS.blockyanim","2550","115FA6996D4B2AAD7D4CFC98B806511361AF5C55FB96D84156FF4B1D6E8FF51C"
"character-animations","Swim_Sink","Items/Main_Handed/Club/Swim/Swim_Sink","Common/Characters/Animations/Items/Main_Handed/Club/Swim/Swim_Sink.blockyanim","678","8473498558FB71EBF5167C7399E5FB5BB1A21B84E5763E09009B35E121A9D7FA"
"character-animations","Swim_Sink_FPS","Items/Main_Handed/Club/Swim/Swim_Sink_FPS","Common/Characters/Animations/Items/Main_Handed/Club/Swim/Swim_Sink_FPS.blockyanim","1986","178D5254F93538B38C3B575FF804F77EA194546DC6FA1239EC3D681F19E9D9DD"
"character-animations","Walk","Items/Main_Handed/Club/Walk","Common/Characters/Animations/Items/Main_Handed/Club/Walk.blockyanim","1773","D16C80EA2F6C6916C5E50815323DCE5D10EE708A5E4785F6B8E2940D21CD7EA1"
"character-animations","Walk_Backward","Items/Main_Handed/Club/Walk_Backward","Common/Characters/Animations/Items/Main_Handed/Club/Walk_Backward.blockyanim","1773","8312B53BF6F1AC2CFDB8FB0581615C99D4633904811920052B285DD84BB0EE3C"
"character-animations","Walk_Backward_FPS","Items/Main_Handed/Club/Walk_Backward_FPS","Common/Characters/Animations/Items/Main_Handed/Club/Walk_Backward_FPS.blockyanim","1988","DF8B0D3FC447AFDA93E47689A4EF980E3299638F4A0365894A9472B87541CFAD"
"character-animations","Walk_FPS","Items/Main_Handed/Club/Walk_FPS","Common/Characters/Animations/Items/Main_Handed/Club/Walk_FPS.blockyanim","1987","DEE9C01E916677BB91B361C8C6B6DA8EE59E92E4E56897B41DFDD7FB5EA125E2"
"character-animations","Reload_Ready","Items/Main_Handed/Crossbow/Reload_Ready/Reload_Ready","Common/Characters/Animations/Items/Main_Handed/Crossbow/Reload_Ready/Reload_Ready.blockyanim","9414","9BD50FFFE598D7D586038603A536E4F296CFFF9A4F8F4A11B0F966945B57E380"
"character-animations","Reload_Ready_FPS","Items/Main_Handed/Crossbow/Reload_Ready/Reload_Ready_FPS","Common/Characters/Animations/Items/Main_Handed/Crossbow/Reload_Ready/Reload_Ready_FPS.blockyanim","6186","CE76900F28DE376C16F774942384CE7CF440068EE9010B6CA2F2969C0B181CBA"
"character-animations","Reload","Items/Main_Handed/Crossbow/Reload/Reload","Common/Characters/Animations/Items/Main_Handed/Crossbow/Reload/Reload.blockyanim","6232","778E822778D3C33FA6A68A1FC6C921543CEEED280F8D66ACA6C061E089840E44"
"character-animations","Reload_FPS","Items/Main_Handed/Crossbow/Reload/Reload_FPS","Common/Characters/Animations/Items/Main_Handed/Crossbow/Reload/Reload_FPS.blockyanim","5003","D0909596DA04F41AE5A87C75589AB2567D84DB177554B896BEB4F8EF1324F6CB"
"character-animations","Shoot_Charged","Items/Main_Handed/Crossbow/Shoot_Charged/Shoot_Charged","Common/Characters/Animations/Items/Main_Handed/Crossbow/Shoot_Charged/Shoot_Charged.blockyanim","8071","0D38DDD1F6AD723D17E52BC521EDCB9F4498D26B6BBDABD0C8A5116EC9053F5D"
"character-animations","Shoot_Charged_FPS","Items/Main_Handed/Crossbow/Shoot_Charged/Shoot_Charged_FPS","Common/Characters/Animations/Items/Main_Handed/Crossbow/Shoot_Charged/Shoot_Charged_FPS.blockyanim","1952","C0ACAE66979DFB4473D34C5F02038449FAA69B676C8D6309977A1B91FF349F50"
"character-animations","Shoot_Charged_Moving","Items/Main_Handed/Crossbow/Shoot_Charged/Shoot_Charged_Moving","Common/Characters/Animations/Items/Main_Handed/Crossbow/Shoot_Charged/Shoot_Charged_Moving.blockyanim","3857","AFBC952BDDD735AC553ACF0FDDFB177A29E67894BFAE3988B066908836200059"
"character-animations","Shoot","Items/Main_Handed/Crossbow/Shoot/Shoot","Common/Characters/Animations/Items/Main_Handed/Crossbow/Shoot/Shoot.blockyanim","8073","9965885CA8B90AB67F2DE892304D230D36097DF1656BE20ACEEEDC3D5F524DA3"
"character-animations","Shoot_FPS","Items/Main_Handed/Crossbow/Shoot/Shoot_FPS","Common/Characters/Animations/Items/Main_Handed/Crossbow/Shoot/Shoot_FPS.blockyanim","1952","EE01EB6A6C63D2687B4877F0B059415B37D577582D31BE0567864BC95808989B"
"character-animations","Shoot_Moving","Items/Main_Handed/Crossbow/Shoot/Shoot_Moving","Common/Characters/Animations/Items/Main_Handed/Crossbow/Shoot/Shoot_Moving.blockyanim","3857","9B4E3875A83B9B44DE17FF75C7186AC478E59D87C57CE783AD144D5CD5C11C1B"
"character-animations","Stick_Magic_Cast","Items/Main_Handed/Fire_Stick/Magic_Cast/Stick_Magic_Cast","Common/Characters/Animations/Items/Main_Handed/Fire_Stick/Magic_Cast/Stick_Magic_Cast.blockyanim","3560","2FD90F270BAAA8340C6F541E72AACA5666295D0F0278562A580A3FB04992DE7D"
"character-animations","Stick_Magic_Cast_FPS","Items/Main_Handed/Fire_Stick/Magic_Cast/Stick_Magic_Cast_FPS","Common/Characters/Animations/Items/Main_Handed/Fire_Stick/Magic_Cast/Stick_Magic_Cast_FPS.blockyanim","3193","B49020BA46B1E3E4E4D98A2E93C89C8B48D08B22F6967FDC2A7BF365D3A63A53"
"character-animations","Soak_0","Items/Main_Handed/Fire_Stick/Soak_0/Soak_0","Common/Characters/Animations/Items/Main_Handed/Fire_Stick/Soak_0/Soak_0.blockyanim","61385","55202E37CDCDBEF0BEC2F3DF72440AD10C670431293BC77011A3DCB8E89625CF"
"character-animations","Soak_0_FPS","Items/Main_Handed/Fire_Stick/Soak_0/Soak_0_FPS","Common/Characters/Animations/Items/Main_Handed/Fire_Stick/Soak_0/Soak_0_FPS.blockyanim","32829","D9F31AE9058277BC592A7B55904C3C43789A39EDED5CDBC83792299A11C75FE7"
"character-animations","Soak_0_Moving","Items/Main_Handed/Fire_Stick/Soak_0/Soak_0_Moving","Common/Characters/Animations/Items/Main_Handed/Fire_Stick/Soak_0/Soak_0_Moving.blockyanim","43861","521E71E907EC33D8A58F957E78A664673C518905EEB720657C9A3332A47D00C5"
"character-animations","Soak_1","Items/Main_Handed/Fire_Stick/Soak_1/Soak_1","Common/Characters/Animations/Items/Main_Handed/Fire_Stick/Soak_1/Soak_1.blockyanim","61553","C4C181DEB422D3AE63C85A6053D7BB4395B91D56E245C7DB532386750101DC94"
"character-animations","Soak_1_FPS","Items/Main_Handed/Fire_Stick/Soak_1/Soak_1_FPS","Common/Characters/Animations/Items/Main_Handed/Fire_Stick/Soak_1/Soak_1_FPS.blockyanim","32997","051C4970BA47B5D5F039189C2B068FF88CB0A9BAB3CC18872CD3CED21F904493"
"character-animations","Soak_1_Moving","Items/Main_Handed/Fire_Stick/Soak_1/Soak_1_Moving","Common/Characters/Animations/Items/Main_Handed/Fire_Stick/Soak_1/Soak_1_Moving.blockyanim","44029","E1D5004BE207E2CC371FA22C4F630C64911F90DEA27F0BB22DDD5B2B159D3DE6"
"character-animations","Soak_2","Items/Main_Handed/Fire_Stick/Soak_2/Soak_2","Common/Characters/Animations/Items/Main_Handed/Fire_Stick/Soak_2/Soak_2.blockyanim","61889","DEEA93DBADA5656C35E3360D6E439DBDED081CC3A27D05FAD165DE1BB779D7AF"
"character-animations","Soak_2_FPS","Items/Main_Handed/Fire_Stick/Soak_2/Soak_2_FPS","Common/Characters/Animations/Items/Main_Handed/Fire_Stick/Soak_2/Soak_2_FPS.blockyanim","33333","47A41F6A252A91B8324C11D827840569A28C54D75095EAF7BD3A6D394A93F0BC"
"character-animations","Soak_2_Moving","Items/Main_Handed/Fire_Stick/Soak_2/Soak_2_Moving","Common/Characters/Animations/Items/Main_Handed/Fire_Stick/Soak_2/Soak_2_Moving.blockyanim","44365","99CC8FF47F1B6FCCBF0CA598EA94F249ABB9A5D1DDA755343BCBBFD9A7B0ECAF"
"character-animations","Soak_3","Items/Main_Handed/Fire_Stick/Soak_3/Soak_3","Common/Characters/Animations/Items/Main_Handed/Fire_Stick/Soak_3/Soak_3.blockyanim","62225","DD042D1FC37A09ED55759920B3AA8AB0946657A4E13EF9A176C9A54641634C17"
"character-animations","Soak_3_FPS","Items/Main_Handed/Fire_Stick/Soak_3/Soak_3_FPS","Common/Characters/Animations/Items/Main_Handed/Fire_Stick/Soak_3/Soak_3_FPS.blockyanim","33669","FBD936DB7AE6EB43E6D8AA4287F2A6F63F5CA01041EDD8C46595EE90CF6D8067"
"character-animations","Soak_3_Moving","Items/Main_Handed/Fire_Stick/Soak_3/Soak_3_Moving","Common/Characters/Animations/Items/Main_Handed/Fire_Stick/Soak_3/Soak_3_Moving.blockyanim","44701","78AA3DFB36C328AECF509325DAD0B8A3561F160F256C668F25F6111459397953"
"character-animations","Soak_4","Items/Main_Handed/Fire_Stick/Soak_4/Soak_4","Common/Characters/Animations/Items/Main_Handed/Fire_Stick/Soak_4/Soak_4.blockyanim","62561","FF0D606866202D8C43E420EEDCB6F69C5CCFA4DA7B10BB5A1FD94A87F04F97FD"
"character-animations","Soak_4_FPS","Items/Main_Handed/Fire_Stick/Soak_4/Soak_4_FPS","Common/Characters/Animations/Items/Main_Handed/Fire_Stick/Soak_4/Soak_4_FPS.blockyanim","34005","E6919FAE8607F7C2FA987379D99AB7731A1F9CA55CB4A9005EC40BFB28FB153D"
"character-animations","Soak_4_Moving","Items/Main_Handed/Fire_Stick/Soak_4/Soak_4_Moving","Common/Characters/Animations/Items/Main_Handed/Fire_Stick/Soak_4/Soak_4_Moving.blockyanim","45037","A0584CD79AD25E60070555940E9ACB1565B899A76C0B88816BDCC330AB62883D"
"character-animations","SpinningFire4_Soak0","Items/Main_Handed/Fire_Stick/SpinningFire4_Soak0","Common/Characters/Animations/Items/Main_Handed/Fire_Stick/SpinningFire4_Soak0.blockyanim","1933","0B3B74EF98A223D6CD060FC64B14FDB8BB477C51562C313B5B53D6A0BD83DC08"
"character-animations","SpinningFire4_Soak1","Items/Main_Handed/Fire_Stick/SpinningFire4_Soak1","Common/Characters/Animations/Items/Main_Handed/Fire_Stick/SpinningFire4_Soak1.blockyanim","1932","740CE045476DA2EC8895B4E3E965CA06CADE947C1E8701B04554BE132E9832F6"
"character-animations","SpinningFire4_Soak2","Items/Main_Handed/Fire_Stick/SpinningFire4_Soak2","Common/Characters/Animations/Items/Main_Handed/Fire_Stick/SpinningFire4_Soak2.blockyanim","2265","50ABF0C0B675592FD74736BFE2E548256C8879075B32A43730BC4EA6407D5FD4"
"character-animations","SpinningFire4_Soak3","Items/Main_Handed/Fire_Stick/SpinningFire4_Soak3","Common/Characters/Animations/Items/Main_Handed/Fire_Stick/SpinningFire4_Soak3.blockyanim","2601","F868525142DB1165AF04707DD8349DA1D13A394D22F979D1D730E35F7E7E76EA"
"character-animations","SpinningFire4_Soak4","Items/Main_Handed/Fire_Stick/SpinningFire4_Soak4","Common/Characters/Animations/Items/Main_Handed/Fire_Stick/SpinningFire4_Soak4.blockyanim","2937","B94003B6F88376E86981F2F4775C170B9FEE971567753FBC8643F7F59A735966"
"character-animations","Guard_Bash","Items/Main_Handed/Handgun/Attacks/Guard_Bash/Guard_Bash","Common/Characters/Animations/Items/Main_Handed/Handgun/Attacks/Guard_Bash/Guard_Bash.blockyanim","15070","7FD1BFC04E5EFC136EF8119544BC5251ECC90D10A0B2A1A237A62EF18BF63DE5"
"character-animations","Guard_Bash_FPS","Items/Main_Handed/Handgun/Attacks/Guard_Bash/Guard_Bash_FPS","Common/Characters/Animations/Items/Main_Handed/Handgun/Attacks/Guard_Bash/Guard_Bash_FPS.blockyanim","6003","2B75DED42E7FEE024371F03C992D20F6768C88033661CE713AB12A093B6DFCF1"
"character-animations","Guard_Bash_Moving","Items/Main_Handed/Handgun/Attacks/Guard_Bash/Guard_Bash_Moving","Common/Characters/Animations/Items/Main_Handed/Handgun/Attacks/Guard_Bash/Guard_Bash_Moving.blockyanim","9227","CEC0DA051E5B0DBB9076A8DB229B753CC954937D191B522284D670341F4BA60F"
"character-animations","Guard","Items/Main_Handed/Handgun/Attacks/Guard/Guard","Common/Characters/Animations/Items/Main_Handed/Handgun/Attacks/Guard/Guard.blockyanim","3512","8364CD5237370FA5A3366C47AD0E8234A0E218B50A2C27BB220B1C546E93FF1E"
"character-animations","Guard_FPS","Items/Main_Handed/Handgun/Attacks/Guard/Guard_FPS","Common/Characters/Animations/Items/Main_Handed/Handgun/Attacks/Guard/Guard_FPS.blockyanim","2602","5BCF8B445059535276E46B60556842EC195F23D5015E7042BCE2619A35451469"
"character-animations","Guard_Moving","Items/Main_Handed/Handgun/Attacks/Guard/Guard_Moving","Common/Characters/Animations/Items/Main_Handed/Handgun/Attacks/Guard/Guard_Moving.blockyanim","3527","5E4F94916055ACFCD1FA36BF237750F0EACA612AF0657F8E4096465E8A768D69"
"character-animations","Shoot","Items/Main_Handed/Handgun/Attacks/Shoot/Shoot","Common/Characters/Animations/Items/Main_Handed/Handgun/Attacks/Shoot/Shoot.blockyanim","8073","9965885CA8B90AB67F2DE892304D230D36097DF1656BE20ACEEEDC3D5F524DA3"
"character-animations","Shoot_FPS","Items/Main_Handed/Handgun/Attacks/Shoot/Shoot_FPS","Common/Characters/Animations/Items/Main_Handed/Handgun/Attacks/Shoot/Shoot_FPS.blockyanim","1952","EE01EB6A6C63D2687B4877F0B059415B37D577582D31BE0567864BC95808989B"
"character-animations","Shoot_Moving","Items/Main_Handed/Handgun/Attacks/Shoot/Shoot_Moving","Common/Characters/Animations/Items/Main_Handed/Handgun/Attacks/Shoot/Shoot_Moving.blockyanim","3857","9B4E3875A83B9B44DE17FF75C7186AC478E59D87C57CE783AD144D5CD5C11C1B"
"character-animations","Swing_Left","Items/Main_Handed/Handgun/Attacks/Swing_Left/Swing_Left","Common/Characters/Animations/Items/Main_Handed/Handgun/Attacks/Swing_Left/Swing_Left.blockyanim","15070","7FD1BFC04E5EFC136EF8119544BC5251ECC90D10A0B2A1A237A62EF18BF63DE5"
"character-animations","Swing_Left_FPS","Items/Main_Handed/Handgun/Attacks/Swing_Left/Swing_Left_FPS","Common/Characters/Animations/Items/Main_Handed/Handgun/Attacks/Swing_Left/Swing_Left_FPS.blockyanim","6003","2B75DED42E7FEE024371F03C992D20F6768C88033661CE713AB12A093B6DFCF1"
"character-animations","Swing_Left_Moving","Items/Main_Handed/Handgun/Attacks/Swing_Left/Swing_Left_Moving","Common/Characters/Animations/Items/Main_Handed/Handgun/Attacks/Swing_Left/Swing_Left_Moving.blockyanim","9227","CEC0DA051E5B0DBB9076A8DB229B753CC954937D191B522284D670341F4BA60F"
"character-animations","Climb_Down","Items/Main_Handed/Handgun/Climb/Climb_Down","Common/Characters/Animations/Items/Main_Handed/Handgun/Climb/Climb_Down.blockyanim","2450","CA41E427551D0DCFE08A0904352DC4121FABA6512FB7B86DFA5C599DBDF3060B"
"character-animations","Climb_Down_FPS","Items/Main_Handed/Handgun/Climb/Climb_Down_FPS","Common/Characters/Animations/Items/Main_Handed/Handgun/Climb/Climb_Down_FPS.blockyanim","2334","F72A414FF58CE0D1BF3C336FAA45A0A11A729B1D1664831CF3C2B4EBD69461E1"
"character-animations","Climb_Idle","Items/Main_Handed/Handgun/Climb/Climb_Idle","Common/Characters/Animations/Items/Main_Handed/Handgun/Climb/Climb_Idle.blockyanim","1816","2C7B87A974514A0EE31E50547A70FCEF99F5EE18BF718D2536E49E26F90457B1"
"character-animations","Climb_Idle_FPS","Items/Main_Handed/Handgun/Climb/Climb_Idle_FPS","Common/Characters/Animations/Items/Main_Handed/Handgun/Climb/Climb_Idle_FPS.blockyanim","1348","2E9A4D635B4819DFAFAB97CBFBA0CC94B2B5F80271740FE55EF110F60A5A40FB"
"character-animations","Climb_Left","Items/Main_Handed/Handgun/Climb/Climb_Left","Common/Characters/Animations/Items/Main_Handed/Handgun/Climb/Climb_Left.blockyanim","2457","FB0B27A67416001DE56DEB7F7F2394D05CAD0FCA8B92E92CAB19801FD9918618"
"character-animations","Climb_Left_FPS","Items/Main_Handed/Handgun/Climb/Climb_Left_FPS","Common/Characters/Animations/Items/Main_Handed/Handgun/Climb/Climb_Left_FPS.blockyanim","2340","0D2BD33F2C6E2997BAA363B2EA993DE8E48E5FB65226ED19130C5E101681C938"
"character-animations","Climb_Right","Items/Main_Handed/Handgun/Climb/Climb_Right","Common/Characters/Animations/Items/Main_Handed/Handgun/Climb/Climb_Right.blockyanim","2457","FA0B9A6C3661B5A03B64405385F9F407DB4416A5E78F4C993488AEEAB187CD45"
"character-animations","Climb_Right_FPS","Items/Main_Handed/Handgun/Climb/Climb_Right_FPS","Common/Characters/Animations/Items/Main_Handed/Handgun/Climb/Climb_Right_FPS.blockyanim","2340","3A8E6BB6733C504275D3F856AB4DF8206709E7CE2E415C2D19A528365CAD0D48"
"character-animations","Climb_Up","Items/Main_Handed/Handgun/Climb/Climb_Up","Common/Characters/Animations/Items/Main_Handed/Handgun/Climb/Climb_Up.blockyanim","2450","D875DEDBE6A4231233ABA1E8B8A2140B618938D35D5A597C4740AE102C14BC8D"
"character-animations","Climb_Up_FPS","Items/Main_Handed/Handgun/Climb/Climb_Up_FPS","Common/Characters/Animations/Items/Main_Handed/Handgun/Climb/Climb_Up_FPS.blockyanim","2334","D9DFD68BE753C29616F16883322AF7F57AB98C4129902ECE95FDA83EBAD53108"
"character-animations","Crouch","Items/Main_Handed/Handgun/Crouch","Common/Characters/Animations/Items/Main_Handed/Handgun/Crouch.blockyanim","1814","973BAAA4BC19FCB6F88E30F5042BBEF65325CC23769B36FF1E88857EFB1AFC57"
"character-animations","Crouch_FPS","Items/Main_Handed/Handgun/Crouch_FPS","Common/Characters/Animations/Items/Main_Handed/Handgun/Crouch_FPS.blockyanim","1521","F0870A7CBB5B22F03AB8D18CF2B4A2163FE58B1EF4B955FE83D45190290950A0"
"character-animations","Crouch_Walk","Items/Main_Handed/Handgun/Crouch_Walk","Common/Characters/Animations/Items/Main_Handed/Handgun/Crouch_Walk.blockyanim","1817","7B2DAB40C56E9B5C3F6F9FCC63E5B0FC5A65890D3C40BA648E1C09E8A198AF74"
"character-animations","Crouch_Walk_Backward","Items/Main_Handed/Handgun/Crouch_Walk_Backward","Common/Characters/Animations/Items/Main_Handed/Handgun/Crouch_Walk_Backward.blockyanim","1817","7B2DAB40C56E9B5C3F6F9FCC63E5B0FC5A65890D3C40BA648E1C09E8A198AF74"
"character-animations","Crouch_Walk_Backward_FPS","Items/Main_Handed/Handgun/Crouch_Walk_Backward_FPS","Common/Characters/Animations/Items/Main_Handed/Handgun/Crouch_Walk_Backward_FPS.blockyanim","1521","F0870A7CBB5B22F03AB8D18CF2B4A2163FE58B1EF4B955FE83D45190290950A0"
"character-animations","Crouch_Walk_FPS","Items/Main_Handed/Handgun/Crouch_Walk_FPS","Common/Characters/Animations/Items/Main_Handed/Handgun/Crouch_Walk_FPS.blockyanim","1521","F0870A7CBB5B22F03AB8D18CF2B4A2163FE58B1EF4B955FE83D45190290950A0"
"character-animations","Fall","Items/Main_Handed/Handgun/Fall","Common/Characters/Animations/Items/Main_Handed/Handgun/Fall.blockyanim","1816","87816AFB356A4E66C1F150350F345117AB2699AED767EC39C32143A5A0A0C70C"
"character-animations","Fall_Far","Items/Main_Handed/Handgun/Fall_Far","Common/Characters/Animations/Items/Main_Handed/Handgun/Fall_Far.blockyanim","1816","F427ECF47D649CE993FF06AF755DACD6E2461AEEC917FAB0A2D8431BD355F1A6"
"character-animations","Fall_Far_FPS","Items/Main_Handed/Handgun/Fall_Far_FPS","Common/Characters/Animations/Items/Main_Handed/Handgun/Fall_Far_FPS.blockyanim","1737","C87584824238D5951F68CAE0BB4125824ABDAFC6728335214349F8C9D721AC55"
"character-animations","Fall_FPS","Items/Main_Handed/Handgun/Fall_FPS","Common/Characters/Animations/Items/Main_Handed/Handgun/Fall_FPS.blockyanim","1740","03936F73CB041DDA792C7FC8EA29A5D7DA6DAFD246FB03B4AC4A197E6FC4255F"
"character-animations","Fly","Items/Main_Handed/Handgun/Fly/Fly","Common/Characters/Animations/Items/Main_Handed/Handgun/Fly/Fly.blockyanim","1817","3A58FF929363D790E0AA94B042D93037C4179371B42E7892E9D9BF7378A0CE3D"
"character-animations","Fly_Backward","Items/Main_Handed/Handgun/Fly/Fly_Backward","Common/Characters/Animations/Items/Main_Handed/Handgun/Fly/Fly_Backward.blockyanim","1817","314C147902D11C2430895211B9DB53EDF14E6F3BD3B86DB0AB0BCB2061866C22"
"character-animations","Fly_Backward_FPS","Items/Main_Handed/Handgun/Fly/Fly_Backward_FPS","Common/Characters/Animations/Items/Main_Handed/Handgun/Fly/Fly_Backward_FPS.blockyanim","1521","B5E79A1383105A000C6F448922DB9D8301AF37B4F4FFBCFF83EDEB7CB76F40C1"
"character-animations","Fly_Fast","Items/Main_Handed/Handgun/Fly/Fly_Fast","Common/Characters/Animations/Items/Main_Handed/Handgun/Fly/Fly_Fast.blockyanim","1817","92EFA62874BEED2C1D9464488D76C35EDAD3E85D854547A4DB41E49350537A13"
"character-animations","Fly_Fast_FPS","Items/Main_Handed/Handgun/Fly/Fly_Fast_FPS","Common/Characters/Animations/Items/Main_Handed/Handgun/Fly/Fly_Fast_FPS.blockyanim","1522","76E5E468A6E4DFED3364AA14C06C5D5A5FFD9EF26CC3D4D23015C21621E70A0F"
"character-animations","Fly_FPS","Items/Main_Handed/Handgun/Fly/Fly_FPS","Common/Characters/Animations/Items/Main_Handed/Handgun/Fly/Fly_FPS.blockyanim","1521","B5E79A1383105A000C6F448922DB9D8301AF37B4F4FFBCFF83EDEB7CB76F40C1"
"character-animations","Fly_Idle","Items/Main_Handed/Handgun/Fly/Fly_Idle","Common/Characters/Animations/Items/Main_Handed/Handgun/Fly/Fly_Idle.blockyanim","1814","3833BABD41D1D0BACD57A36C505EBAEDA0F3BB3C991E06A6F4E0A6C0D2768D1E"
"character-animations","Fly_Idle_FPS","Items/Main_Handed/Handgun/Fly/Fly_Idle_FPS","Common/Characters/Animations/Items/Main_Handed/Handgun/Fly/Fly_Idle_FPS.blockyanim","1521","F0870A7CBB5B22F03AB8D18CF2B4A2163FE58B1EF4B955FE83D45190290950A0"
"character-animations","Idle","Items/Main_Handed/Handgun/Idle","Common/Characters/Animations/Items/Main_Handed/Handgun/Idle.blockyanim","1814","3833BABD41D1D0BACD57A36C505EBAEDA0F3BB3C991E06A6F4E0A6C0D2768D1E"
"character-animations","Idle_FPS","Items/Main_Handed/Handgun/Idle_FPS","Common/Characters/Animations/Items/Main_Handed/Handgun/Idle_FPS.blockyanim","1521","F0870A7CBB5B22F03AB8D18CF2B4A2163FE58B1EF4B955FE83D45190290950A0"
"character-animations","Interact","Items/Main_Handed/Handgun/Interact","Common/Characters/Animations/Items/Main_Handed/Handgun/Interact.blockyanim","8207","70C9731F7BB03229869DADCA3A6A9DFFC5756199C459FF0A3FCCD683B57B31F4"
"character-animations","Interact_FPS","Items/Main_Handed/Handgun/Interact_FPS","Common/Characters/Animations/Items/Main_Handed/Handgun/Interact_FPS.blockyanim","4316","12ECA01AEF7B356EEDF3F63F62E2486F27391BA2DFFEB1FF62CDD32669EC5CDF"
"character-animations","Jump","Items/Main_Handed/Handgun/Jump","Common/Characters/Animations/Items/Main_Handed/Handgun/Jump.blockyanim","1818","F8B992DB08EA36B08869C8F89492D3E81B68CE370232DABD77F6DA7AD8CB5A73"
"character-animations","Jump_Far","Items/Main_Handed/Handgun/Jump_Far","Common/Characters/Animations/Items/Main_Handed/Handgun/Jump_Far.blockyanim","3092","097786A0FC499FCA44DE0B48AB48E3E47093ED0679457D80DAD90CFBDC40FCC1"
"character-animations","Jump_Far_FPS","Items/Main_Handed/Handgun/Jump_Far_FPS","Common/Characters/Animations/Items/Main_Handed/Handgun/Jump_Far_FPS.blockyanim","2128","9DE75924C3F1789A037B8374BF17C9FEBC77EF6EC41AAFA1DC777030EDB46990"
"character-animations","Jump_FPS","Items/Main_Handed/Handgun/Jump_FPS","Common/Characters/Animations/Items/Main_Handed/Handgun/Jump_FPS.blockyanim","2128","9DE75924C3F1789A037B8374BF17C9FEBC77EF6EC41AAFA1DC777030EDB46990"
"character-animations","Run","Items/Main_Handed/Handgun/Run","Common/Characters/Animations/Items/Main_Handed/Handgun/Run.blockyanim","1815","24281D9AC552ED337E79F95C966F6C7B8AD264517E8918EEF00D95660852FA9B"
"character-animations","Run_Backward","Items/Main_Handed/Handgun/Run_Backward","Common/Characters/Animations/Items/Main_Handed/Handgun/Run_Backward.blockyanim","1815","24281D9AC552ED337E79F95C966F6C7B8AD264517E8918EEF00D95660852FA9B"
"character-animations","Run_Backward_FPS","Items/Main_Handed/Handgun/Run_Backward_FPS","Common/Characters/Animations/Items/Main_Handed/Handgun/Run_Backward_FPS.blockyanim","1738","4D8684CF0AF1C8EE46B15D980DB15C14B3C900F2E6931EA9CCDE2E98680D4C12"
"character-animations","Run_FPS","Items/Main_Handed/Handgun/Run_FPS","Common/Characters/Animations/Items/Main_Handed/Handgun/Run_FPS.blockyanim","1738","948A2F0F8F170DA5F894661BA16E588D43413ECC1CC5ED4CEA9EB76E35660406"
"character-animations","Sprint","Items/Main_Handed/Handgun/Sprint","Common/Characters/Animations/Items/Main_Handed/Handgun/Sprint.blockyanim","1815","5A15DB52521909FAE1CC6D3348C35017628FA5BF917DB21C7BE0C5341FA567D7"
"character-animations","Sprint_FPS","Items/Main_Handed/Handgun/Sprint_FPS","Common/Characters/Animations/Items/Main_Handed/Handgun/Sprint_FPS.blockyanim","1739","B6456CB94AB674D1ADFC8BA5527E4003CD67518EA9FED8DA6456C63EB4D6390E"
"character-animations","Swim","Items/Main_Handed/Handgun/Swim/Swim","Common/Characters/Animations/Items/Main_Handed/Handgun/Swim/Swim.blockyanim","1810","DC3160A49057F95AA1A3DA0D479F9BBF29171E93B45284460213AD0039C9FD0A"
"character-animations","Swim_Backward","Items/Main_Handed/Handgun/Swim/Swim_Backward","Common/Characters/Animations/Items/Main_Handed/Handgun/Swim/Swim_Backward.blockyanim","2206","3DED5142939A3F0B0E118DDE621159C576E1F3385CF7E3938A2B747EEC3CCAB1"
"character-animations","Swim_Backward_FPS","Items/Main_Handed/Handgun/Swim/Swim_Backward_FPS","Common/Characters/Animations/Items/Main_Handed/Handgun/Swim/Swim_Backward_FPS.blockyanim","2610","F77A546A0537318AA8CE966368D58E47422264BDCAC05FEC6460F48155D29E83"
"character-animations","Swim_Dive","Items/Main_Handed/Handgun/Swim/Swim_Dive","Common/Characters/Animations/Items/Main_Handed/Handgun/Swim/Swim_Dive.blockyanim","1810","DC3160A49057F95AA1A3DA0D479F9BBF29171E93B45284460213AD0039C9FD0A"
"character-animations","Swim_Dive_Backward","Items/Main_Handed/Handgun/Swim/Swim_Dive_Backward","Common/Characters/Animations/Items/Main_Handed/Handgun/Swim/Swim_Dive_Backward.blockyanim","2206","3DED5142939A3F0B0E118DDE621159C576E1F3385CF7E3938A2B747EEC3CCAB1"
"character-animations","Swim_Dive_Backward_FPS","Items/Main_Handed/Handgun/Swim/Swim_Dive_Backward_FPS","Common/Characters/Animations/Items/Main_Handed/Handgun/Swim/Swim_Dive_Backward_FPS.blockyanim","2610","F77A546A0537318AA8CE966368D58E47422264BDCAC05FEC6460F48155D29E83"
"character-animations","Swim_Dive_Fast","Items/Main_Handed/Handgun/Swim/Swim_Dive_Fast","Common/Characters/Animations/Items/Main_Handed/Handgun/Swim/Swim_Dive_Fast.blockyanim","1585","4BE9E5084709E44D58B617369E6FAA2903D7EBB768D147801BC75415AE4D60ED"
"character-animations","Swim_Dive_Fast_FPS","Items/Main_Handed/Handgun/Swim/Swim_Dive_Fast_FPS","Common/Characters/Animations/Items/Main_Handed/Handgun/Swim/Swim_Dive_Fast_FPS.blockyanim","1959","F6C60E57016BD4768265FF0A43C7B7017D435CF54F6455905F431A4E687476FF"
"character-animations","Swim_Dive_FPS","Items/Main_Handed/Handgun/Swim/Swim_Dive_FPS","Common/Characters/Animations/Items/Main_Handed/Handgun/Swim/Swim_Dive_FPS.blockyanim","2377","5D9358CDB5878AB058545310623C25AF3228A6CC0E92FA4720A286CEBC7C8902"
"character-animations","Swim_Fast","Items/Main_Handed/Handgun/Swim/Swim_Fast","Common/Characters/Animations/Items/Main_Handed/Handgun/Swim/Swim_Fast.blockyanim","3091","67AA55BCAEA5E42BCF43FA4C94A9D629488DB6C80B729E3FFE5DE6598E80CFED"
"character-animations","Swim_Fast_FPS","Items/Main_Handed/Handgun/Swim/Swim_Fast_FPS","Common/Characters/Animations/Items/Main_Handed/Handgun/Swim/Swim_Fast_FPS.blockyanim","2815","5D8DB13ABA9D5854762AE1423ECD18FC83F730A60524957244CB5B092C5B6C24"
"character-animations","Swim_Float","Items/Main_Handed/Handgun/Swim/Swim_Float","Common/Characters/Animations/Items/Main_Handed/Handgun/Swim/Swim_Float.blockyanim","2425","030FFBA41561C59FD38B6DA91C7CD805D215F95FD18A31EA441AF38C641ECE41"
"character-animations","Swim_Float_FPS","Items/Main_Handed/Handgun/Swim/Swim_Float_FPS","Common/Characters/Animations/Items/Main_Handed/Handgun/Swim/Swim_Float_FPS.blockyanim","2376","398293767AEC3645B41E8B6917583F2FF39FB5F2A6FD66E985C712B30177CF1E"
"character-animations","Swim_FPS","Items/Main_Handed/Handgun/Swim/Swim_FPS","Common/Characters/Animations/Items/Main_Handed/Handgun/Swim/Swim_FPS.blockyanim","2380","DED3809C68A1299A89AFDB0BD3885FF09763D80070A795EFA34619BC60E15C1E"
"character-animations","Swim_Idle","Items/Main_Handed/Handgun/Swim/Swim_Idle","Common/Characters/Animations/Items/Main_Handed/Handgun/Swim/Swim_Idle.blockyanim","1815","FCF1FD19281AB8F7C84165518AF2A392CDD7DF1285C1E2E3AD120D7F24E9EAC6"
"character-animations","Swim_Idle_FPS","Items/Main_Handed/Handgun/Swim/Swim_Idle_FPS","Common/Characters/Animations/Items/Main_Handed/Handgun/Swim/Swim_Idle_FPS.blockyanim","1959","C166DC36A973D346F7917C5FF5000378CBE201BCB134C45A408622875FC55365"
"character-animations","Swim_Jump","Items/Main_Handed/Handgun/Swim/Swim_Jump","Common/Characters/Animations/Items/Main_Handed/Handgun/Swim/Swim_Jump.blockyanim","2421","F07486F7672BE32C12C78F1EFBDE87A2C96360B690735F780C06879FD44E011A"
"character-animations","Swim_Jump_FPS","Items/Main_Handed/Handgun/Swim/Swim_Jump_FPS","Common/Characters/Animations/Items/Main_Handed/Handgun/Swim/Swim_Jump_FPS.blockyanim","2765","F426E5DF1BCC46E5B22C60E1B89B037F72776EC0E49971252FB21F6A3ADAD5DE"
"character-animations","Swim_Sink","Items/Main_Handed/Handgun/Swim/Swim_Sink","Common/Characters/Animations/Items/Main_Handed/Handgun/Swim/Swim_Sink.blockyanim","1815","FCF1FD19281AB8F7C84165518AF2A392CDD7DF1285C1E2E3AD120D7F24E9EAC6"
"character-animations","Swim_Sink_FPS","Items/Main_Handed/Handgun/Swim/Swim_Sink_FPS","Common/Characters/Animations/Items/Main_Handed/Handgun/Swim/Swim_Sink_FPS.blockyanim","1959","DDDED0A17AC640EE8840A87E24D603F3D0450C12F4863396305597277341C2AB"
"character-animations","Walk","Items/Main_Handed/Handgun/Walk","Common/Characters/Animations/Items/Main_Handed/Handgun/Walk.blockyanim","1818","16DB83CCBBBD34B94DBFD1CB15F68305C876DE28313A9955CDBB3C4A6F39E7E3"
"character-animations","Walk_Backward","Items/Main_Handed/Handgun/Walk_Backward","Common/Characters/Animations/Items/Main_Handed/Handgun/Walk_Backward.blockyanim","1815","24281D9AC552ED337E79F95C966F6C7B8AD264517E8918EEF00D95660852FA9B"
"character-animations","Walk_Backward_FPS","Items/Main_Handed/Handgun/Walk_Backward_FPS","Common/Characters/Animations/Items/Main_Handed/Handgun/Walk_Backward_FPS.blockyanim","1738","4D8684CF0AF1C8EE46B15D980DB15C14B3C900F2E6931EA9CCDE2E98680D4C12"
"character-animations","Walk_FPS","Items/Main_Handed/Handgun/Walk_FPS","Common/Characters/Animations/Items/Main_Handed/Handgun/Walk_FPS.blockyanim","1739","635D09272017EEC5CE8EC3444B754E760CC3A3A6A0448F3302E3110836198C0B"
"character-animations","Chop","Items/Main_Handed/Hatchet/Attacks/Chop/Chop","Common/Characters/Animations/Items/Main_Handed/Hatchet/Attacks/Chop/Chop.blockyanim","18880","89B58B104287382A32E6D912538D33555CC9CCB570BCCBEB4EA7C94DCC6E05B0"
"character-animations","Chop_FPS","Items/Main_Handed/Hatchet/Attacks/Chop/Chop_FPS","Common/Characters/Animations/Items/Main_Handed/Hatchet/Attacks/Chop/Chop_FPS.blockyanim","6565","D4259A35E21D6A146B298C474F7725315FAFC10CF55816280DC6CB6A20BC91D4"
"character-animations","Chop_Moving","Items/Main_Handed/Hatchet/Attacks/Chop/Chop_Moving","Common/Characters/Animations/Items/Main_Handed/Hatchet/Attacks/Chop/Chop_Moving.blockyanim","12593","73F8DA4DD565F2CB87D1D22CCC1D0B574F0D476A814840BA4AFBFBF70BDCC640"
"character-animations","Till","Items/Main_Handed/Hoe/Attacks/Till/Till","Common/Characters/Animations/Items/Main_Handed/Hoe/Attacks/Till/Till.blockyanim","18858","85C5C6FB5A339BD41F777111583FD724AB7F50C9777BC9532FD31DE66EDF320D"
"character-animations","Till_FPS","Items/Main_Handed/Hoe/Attacks/Till/Till_FPS","Common/Characters/Animations/Items/Main_Handed/Hoe/Attacks/Till/Till_FPS.blockyanim","6557","C7D13479F55558F721ADC7216AE3B85BB555B4155B6EAAD35A2EE3EB7933CF11"
"character-animations","Till_Moving","Items/Main_Handed/Hoe/Attacks/Till/Till_Moving","Common/Characters/Animations/Items/Main_Handed/Hoe/Attacks/Till/Till_Moving.blockyanim","12569","A8CB1EE0C09C0CE79A5944683CDB77EDE9A36FF1B77BADA46BAA4B4168DCC09A"
"character-animations","Build","Items/Main_Handed/Item/Attacks/Build/Build","Common/Characters/Animations/Items/Main_Handed/Item/Attacks/Build/Build.blockyanim","22379","C9594AF9D78EB53E770C4094A49ADA79E636859AC8A74F648B33D6FC55934830"
"character-animations","Build_FPS","Items/Main_Handed/Item/Attacks/Build/Build_FPS","Common/Characters/Animations/Items/Main_Handed/Item/Attacks/Build/Build_FPS.blockyanim","6706","B8EDDED7F6A34C7C46074EB0BD45C7828FFDEAA61BAD8C107FFBED2D6373E8AF"
"character-animations","Build_Moving","Items/Main_Handed/Item/Attacks/Build/Build_Moving","Common/Characters/Animations/Items/Main_Handed/Item/Attacks/Build/Build_Moving.blockyanim","11035","DF565F55E4C07A3D78279F3B0194D4CF211FEB1789B3A76521391B0FC1DCDB0A"
"character-animations","Drink","Items/Main_Handed/Item/Attacks/Drink/Drink","Common/Characters/Animations/Items/Main_Handed/Item/Attacks/Drink/Drink.blockyanim","4131","4C008721ED513A4A81C2FFCFB9FADA1EE9C361F606CF54DF7C2626FC1E21C094"
"character-animations","Drink_FPS","Items/Main_Handed/Item/Attacks/Drink/Drink_FPS","Common/Characters/Animations/Items/Main_Handed/Item/Attacks/Drink/Drink_FPS.blockyanim","2522","E18DB3A49357809CD0C4880019E15E7FDC26532EF3F5A35043B140A50015E49B"
"character-animations","Eat_Side","Items/Main_Handed/Item/Attacks/Eat_Side/Eat_Side","Common/Characters/Animations/Items/Main_Handed/Item/Attacks/Eat_Side/Eat_Side.blockyanim","5005","372C69FEDC91756508EC2478D59C795EBB354B56AC10F9BD5C1B2F51CABDEBCE"
"character-animations","Eat_Side_FPS","Items/Main_Handed/Item/Attacks/Eat_Side/Eat_Side_FPS","Common/Characters/Animations/Items/Main_Handed/Item/Attacks/Eat_Side/Eat_Side_FPS.blockyanim","2497","41A6414C7D76DB523923292FDAF391917B1987A1F1836BB37695EB7E0F6D5F2E"
"character-animations","Eat","Items/Main_Handed/Item/Attacks/Eat/Eat","Common/Characters/Animations/Items/Main_Handed/Item/Attacks/Eat/Eat.blockyanim","5003","1346FD10FD46395301A38FA34C6EEFC47E19C9783E9A0B067C5A2B0D936522C7"
"character-animations","Eat_FPS","Items/Main_Handed/Item/Attacks/Eat/Eat_FPS","Common/Characters/Animations/Items/Main_Handed/Item/Attacks/Eat/Eat_FPS.blockyanim","2497","20B0D7A143767F956CD942150BC40238A4609BC541D0CB3CEE91B3CAAE6A24BC"
"character-animations","Swing_Down","Items/Main_Handed/Item/Attacks/Swing_Down/Swing_Down","Common/Characters/Animations/Items/Main_Handed/Item/Attacks/Swing_Down/Swing_Down.blockyanim","16325","0F7C365C646074F99F1EAA6D7C1E2FBC5B2D8E51E0255D29CCE039766D341674"
"character-animations","Swing_Down_FPS","Items/Main_Handed/Item/Attacks/Swing_Down/Swing_Down_FPS","Common/Characters/Animations/Items/Main_Handed/Item/Attacks/Swing_Down/Swing_Down_FPS.blockyanim","6729","42815396BE6BBD4645A83B58C094AD87EBCAEE2FD95F8D2EFE6DECB8C24B620F"
"character-animations","Swing_Down_Moving","Items/Main_Handed/Item/Attacks/Swing_Down/Swing_Down_Moving","Common/Characters/Animations/Items/Main_Handed/Item/Attacks/Swing_Down/Swing_Down_Moving.blockyanim","10454","6FC616AE15C42FC3E98B702218995C6FCC9C0177BD9D9819C224784F73910449"
"character-animations","Swing_Left","Items/Main_Handed/Item/Attacks/Swing_Left/Swing_Left","Common/Characters/Animations/Items/Main_Handed/Item/Attacks/Swing_Left/Swing_Left.blockyanim","15979","CC0A26625C56FE303DA24B31CE9772B063D6805CDF82960F3733FBEF7D899BB4"
"character-animations","Swing_Left_FPS","Items/Main_Handed/Item/Attacks/Swing_Left/Swing_Left_FPS","Common/Characters/Animations/Items/Main_Handed/Item/Attacks/Swing_Left/Swing_Left_FPS.blockyanim","6620","E82DCDFA9324664E37F7CDAC6D8AB88DB482BD3481BBA9CE8E6BEE6D445A42F9"
"character-animations","Swing_Left_Moving","Items/Main_Handed/Item/Attacks/Swing_Left/Swing_Left_Moving","Common/Characters/Animations/Items/Main_Handed/Item/Attacks/Swing_Left/Swing_Left_Moving.blockyanim","9979","A8941C26E07227CD50F94E556489D6B6D72984498AFAD271B16EF5E5F9C5F754"
"character-animations","Swing_Right","Items/Main_Handed/Item/Attacks/Swing_Right/Swing_Right","Common/Characters/Animations/Items/Main_Handed/Item/Attacks/Swing_Right/Swing_Right.blockyanim","16428","2B47C4A258D19B1E2F5C2ECFA05815EA261426D69399B4E6F4235F13D5B1BF3E"
"character-animations","Swing_Right_FPS","Items/Main_Handed/Item/Attacks/Swing_Right/Swing_Right_FPS","Common/Characters/Animations/Items/Main_Handed/Item/Attacks/Swing_Right/Swing_Right_FPS.blockyanim","6460","7B60E24C360911E1515D4A8DB88E9A53CC9CBF1D68B9A52456272FB25686559C"
"character-animations","Swing_Right_Moving","Items/Main_Handed/Item/Attacks/Swing_Right/Swing_Right_Moving","Common/Characters/Animations/Items/Main_Handed/Item/Attacks/Swing_Right/Swing_Right_Moving.blockyanim","10432","D27AF5A37093853BBCBB60A30851E76DA58D0190A4A38DF781E986FF9829F37F"
"character-animations","Throw","Items/Main_Handed/Item/Attacks/Throw/Throw","Common/Characters/Animations/Items/Main_Handed/Item/Attacks/Throw/Throw.blockyanim","17666","E6D873143BD110333CE2E95E73618595CC7598E8721D8BAFEBAF88F76AEE241A"
"character-animations","Throw_FPS","Items/Main_Handed/Item/Attacks/Throw/Throw_FPS","Common/Characters/Animations/Items/Main_Handed/Item/Attacks/Throw/Throw_FPS.blockyanim","6480","A327C8A40EE84C797014476936C4561383E0FA16E3D8356D7E98AC0DCC1BAE1F"
"character-animations","Throw_Moving","Items/Main_Handed/Item/Attacks/Throw/Throw_Moving","Common/Characters/Animations/Items/Main_Handed/Item/Attacks/Throw/Throw_Moving.blockyanim","11735","8137055F11C799EF4BA95AFBF210A8FFA22A7DB18BB1FF4984A2DC437C773337"
"character-animations","Climb_Down","Items/Main_Handed/Item/Climb/Climb_Down","Common/Characters/Animations/Items/Main_Handed/Item/Climb/Climb_Down.blockyanim","1436","E36AABD3FFCB0BED24BE0DB21EF7B92E731BF88A19636060D84D781D157E08ED"
"character-animations","Climb_Down_FPS","Items/Main_Handed/Item/Climb/Climb_Down_FPS","Common/Characters/Animations/Items/Main_Handed/Item/Climb/Climb_Down_FPS.blockyanim","2669","2233514F40E0D72C4A0E40BE0A7DFA7242BEBF1B6890D94B66124CB80E5068B9"
"character-animations","Climb_Idle","Items/Main_Handed/Item/Climb/Climb_Idle","Common/Characters/Animations/Items/Main_Handed/Item/Climb/Climb_Idle.blockyanim","1004","75668E9F6E914DCF1ABD045135015C4D6F2DBD292E8CB6AAA7454795B3E6CE04"
"character-animations","Climb_Idle_FPS","Items/Main_Handed/Item/Climb/Climb_Idle_FPS","Common/Characters/Animations/Items/Main_Handed/Item/Climb/Climb_Idle_FPS.blockyanim","1671","08D7F7B2445589B72F63770C6EE227F847C9D7A25F641CA9ED03CDF092656E2F"
"character-animations","Climb_Left","Items/Main_Handed/Item/Climb/Climb_Left","Common/Characters/Animations/Items/Main_Handed/Item/Climb/Climb_Left.blockyanim","1439","8DB9157DA12BDD6A9BFB8D2A7FBB266896A4EDEDA9E4B6580E35A73B3BC0BF6C"
"character-animations","Climb_Left_FPS","Items/Main_Handed/Item/Climb/Climb_Left_FPS","Common/Characters/Animations/Items/Main_Handed/Item/Climb/Climb_Left_FPS.blockyanim","2675","DD58675AA24713B9AC02BC793BB7A738BFED7C9471ED431166CBB9636FBF9686"
"character-animations","Climb_Right","Items/Main_Handed/Item/Climb/Climb_Right","Common/Characters/Animations/Items/Main_Handed/Item/Climb/Climb_Right.blockyanim","1439","256728CAB1C3E2FB3033946B9E6EB61634C806DD39376A0674E021C4E99440E2"
"character-animations","Climb_Right_FPS","Items/Main_Handed/Item/Climb/Climb_Right_FPS","Common/Characters/Animations/Items/Main_Handed/Item/Climb/Climb_Right_FPS.blockyanim","2675","E5F7A4A842C59A91A939167233BC6FA6182C09052415DC9E958BC4991EF488FD"
"character-animations","Climb_Up","Items/Main_Handed/Item/Climb/Climb_Up","Common/Characters/Animations/Items/Main_Handed/Item/Climb/Climb_Up.blockyanim","1436","F874B03A41A075F81C711B9C1CADE4E2F695054861BCD0DDF811769CA10D2A77"
"character-animations","Climb_Up_FPS","Items/Main_Handed/Item/Climb/Climb_Up_FPS","Common/Characters/Animations/Items/Main_Handed/Item/Climb/Climb_Up_FPS.blockyanim","2669","86F785F2B8C40B7B683D7DCA861EEC555C586D650386C3BB3CDC4E4750ED76CC"
"character-animations","Crouch","Items/Main_Handed/Item/Crouch","Common/Characters/Animations/Items/Main_Handed/Item/Crouch.blockyanim","1898","C4BA27200F546FFDBEBD351CD129EF34C2F4965D55D58D63E9A05EA7FAFE1EBD"
"character-animations","Crouch_FPS","Items/Main_Handed/Item/Crouch_FPS","Common/Characters/Animations/Items/Main_Handed/Item/Crouch_FPS.blockyanim","2100","98CD00E4A24E39CE16CB522038E80281CAA16B8997D189726FAA194775942CB1"
"character-animations","Crouch_Walk","Items/Main_Handed/Item/Crouch_Walk","Common/Characters/Animations/Items/Main_Handed/Item/Crouch_Walk.blockyanim","1904","0EE8AD844BFCDB0C23798A62CD063292BB99DC11F0B3144AAA03262D3E358F01"
"character-animations","Crouch_Walk_Backward","Items/Main_Handed/Item/Crouch_Walk_Backward","Common/Characters/Animations/Items/Main_Handed/Item/Crouch_Walk_Backward.blockyanim","1904","AF03A2B15DD69EA10B94EC1FF4AC756896ECAF2755B46DD60A7564045B0928EA"
"character-animations","Crouch_Walk_Backward_FPS","Items/Main_Handed/Item/Crouch_Walk_Backward_FPS","Common/Characters/Animations/Items/Main_Handed/Item/Crouch_Walk_Backward_FPS.blockyanim","2099","174A2136D53881E63BB60F4775351B0207B3735F44324B66281DD0FF5E3BB617"
"character-animations","Crouch_Walk_FPS","Items/Main_Handed/Item/Crouch_Walk_FPS","Common/Characters/Animations/Items/Main_Handed/Item/Crouch_Walk_FPS.blockyanim","2099","174A2136D53881E63BB60F4775351B0207B3735F44324B66281DD0FF5E3BB617"
"character-animations","Hurt","Items/Main_Handed/Item/Damage/Hurt","Common/Characters/Animations/Items/Main_Handed/Item/Damage/Hurt.blockyanim","2125","52854D7E298A9E7AB7BD15D929787E62516BFDB447D17F9BD9DC76B19A829271"
"character-animations","Hurt_Drown","Items/Main_Handed/Item/Damage/Hurt_Drown","Common/Characters/Animations/Items/Main_Handed/Item/Damage/Hurt_Drown.blockyanim","1504","9A125F79CA183E39B29373FAFAE87DA5252D0295292502645A88BB073BF7A6D7"
"character-animations","Hurt_Drown_FPS","Items/Main_Handed/Item/Damage/Hurt_Drown_FPS","Common/Characters/Animations/Items/Main_Handed/Item/Damage/Hurt_Drown_FPS.blockyanim","2319","0F87B5CB30FBEA78065BA830B1B43944A1794AF7AADE20CECDB316BC071EBD18"
"character-animations","Hurt_Fall","Items/Main_Handed/Item/Damage/Hurt_Fall","Common/Characters/Animations/Items/Main_Handed/Item/Damage/Hurt_Fall.blockyanim","1907","8D410387EE8F28F7293290F662137A1C8C75A056C05BF4D708DD0023D27261F0"
"character-animations","Hurt_Fall_FPS","Items/Main_Handed/Item/Damage/Hurt_Fall_FPS","Common/Characters/Animations/Items/Main_Handed/Item/Damage/Hurt_Fall_FPS.blockyanim","2317","2CEB3BEFA09F9D464B4EB0DE84B627645974D85F0909D06C7C38FBBCA3B31019"
"character-animations","Hurt_FPS","Items/Main_Handed/Item/Damage/Hurt_FPS","Common/Characters/Animations/Items/Main_Handed/Item/Damage/Hurt_FPS.blockyanim","2316","3871D56D47B72400C6ED0E05065180D918FBC89FE62273689D0932C208079845"
"character-animations","Fall","Items/Main_Handed/Item/Fall","Common/Characters/Animations/Items/Main_Handed/Item/Fall.blockyanim","1706","0AC6AEFC03B5749C3D6D12727D60A6712461060759836FAC43F90F41DE5EF270"
"character-animations","Fall_Far","Items/Main_Handed/Item/Fall_Far","Common/Characters/Animations/Items/Main_Handed/Item/Fall_Far.blockyanim","1706","8F3F42CD37A0F4056DC072F101F17F9F498338BCFA0D7A0B191E5AE12341DDC1"
"character-animations","Fall_Far_FPS","Items/Main_Handed/Item/Fall_Far_FPS","Common/Characters/Animations/Items/Main_Handed/Item/Fall_Far_FPS.blockyanim","1898","6389C216727EC28E647CD1CC22F39CF23D477A9165FE748F9145537401731175"
"character-animations","Fall_FPS","Items/Main_Handed/Item/Fall_FPS","Common/Characters/Animations/Items/Main_Handed/Item/Fall_FPS.blockyanim","2085","8397AA5AE1F72CD8E4A6E9F4A7DAFA95EF88D5F1A91E9567D7B2674BAE83337E"
"character-animations","Fly","Items/Main_Handed/Item/Fly/Fly","Common/Characters/Animations/Items/Main_Handed/Item/Fly/Fly.blockyanim","1915","BE5A4B14C48D56FDFDC4E6E9908D3925E5FC9EB9A22F8103C6A6723F03D54CFA"
"character-animations","Fly_Backward","Items/Main_Handed/Item/Fly/Fly_Backward","Common/Characters/Animations/Items/Main_Handed/Item/Fly/Fly_Backward.blockyanim","1915","0B5338D412601452AAA030D688997E31C8A76090EAE99ABD2E0A5236863B9C4F"
"character-animations","Fly_Backward_FPS","Items/Main_Handed/Item/Fly/Fly_Backward_FPS","Common/Characters/Animations/Items/Main_Handed/Item/Fly/Fly_Backward_FPS.blockyanim","2099","174A2136D53881E63BB60F4775351B0207B3735F44324B66281DD0FF5E3BB617"
"character-animations","Fly_Fast","Items/Main_Handed/Item/Fly/Fly_Fast","Common/Characters/Animations/Items/Main_Handed/Item/Fly/Fly_Fast.blockyanim","1905","F4FD673372ABCE05B5EB29D6968C84F4C32D6E667EB0AA89D8FE4EA3C154AB70"
"character-animations","Fly_Fast_FPS","Items/Main_Handed/Item/Fly/Fly_Fast_FPS","Common/Characters/Animations/Items/Main_Handed/Item/Fly/Fly_Fast_FPS.blockyanim","2099","B8D455E47CC2B1CCBA3BC94C4B6C414B4D918F3C2F91C12F0EB3073565DB28A7"
"character-animations","Fly_FPS","Items/Main_Handed/Item/Fly/Fly_FPS","Common/Characters/Animations/Items/Main_Handed/Item/Fly/Fly_FPS.blockyanim","2099","174A2136D53881E63BB60F4775351B0207B3735F44324B66281DD0FF5E3BB617"
"character-animations","Fly_Idle","Items/Main_Handed/Item/Fly/Fly_Idle","Common/Characters/Animations/Items/Main_Handed/Item/Fly/Fly_Idle.blockyanim","1908","D8A67289D61EBD7B7F9E95D817AE5FDE3F959C1B0175F194596D826E52E23FA2"
"character-animations","Fly_Idle_FPS","Items/Main_Handed/Item/Fly/Fly_Idle_FPS","Common/Characters/Animations/Items/Main_Handed/Item/Fly/Fly_Idle_FPS.blockyanim","2100","98CD00E4A24E39CE16CB522038E80281CAA16B8997D189726FAA194775942CB1"
"character-animations","Idle","Items/Main_Handed/Item/Idle","Common/Characters/Animations/Items/Main_Handed/Item/Idle.blockyanim","1908","2A1E431AF45916A0919498B50A35D22A1CBCCF7B8788763F26E5B687A47DEA7A"
"character-animations","Idle_FPS","Items/Main_Handed/Item/Idle_FPS","Common/Characters/Animations/Items/Main_Handed/Item/Idle_FPS.blockyanim","2100","98CD00E4A24E39CE16CB522038E80281CAA16B8997D189726FAA194775942CB1"
"character-animations","Interact","Items/Main_Handed/Item/Interact","Common/Characters/Animations/Items/Main_Handed/Item/Interact.blockyanim","8668","D1D3048C24FF009C4CE1EBE9E9CA2A304C039DE5B8DB9B9D53A0839F3E89B75A"
"character-animations","Interact_FPS","Items/Main_Handed/Item/Interact_FPS","Common/Characters/Animations/Items/Main_Handed/Item/Interact_FPS.blockyanim","4638","58BCBED9BDBDD38C82954710A25F969C6080A5F2AA4177DD983A25F9B750E555"
"character-animations","Jump","Items/Main_Handed/Item/Jump","Common/Characters/Animations/Items/Main_Handed/Item/Jump.blockyanim","1705","46FB69835934E6193250B0E25E2EA628D70827DB4620A99DF57F80B871E44D7D"
"character-animations","Jump_Far","Items/Main_Handed/Item/Jump_Far","Common/Characters/Animations/Items/Main_Handed/Item/Jump_Far.blockyanim","1923","88E33B51F33767CB305391E1D1CA697E449A2D819A9197ECA13B480C3F893892"
"character-animations","Jump_Far_FPS","Items/Main_Handed/Item/Jump_Far_FPS","Common/Characters/Animations/Items/Main_Handed/Item/Jump_Far_FPS.blockyanim","2115","9A1AFCD0F37578DD02B0BF5022A71F9FD7AF63DB4A2CA42019481A0EC816836E"
"character-animations","Jump_FPS","Items/Main_Handed/Item/Jump_FPS","Common/Characters/Animations/Items/Main_Handed/Item/Jump_FPS.blockyanim","2115","9A1AFCD0F37578DD02B0BF5022A71F9FD7AF63DB4A2CA42019481A0EC816836E"
"character-animations","Run","Items/Main_Handed/Item/Run","Common/Characters/Animations/Items/Main_Handed/Item/Run.blockyanim","1907","961DA49DCACC430C8F73A6C0A7F5CFB6292CA8694AA856B1A9451859C412C177"
"character-animations","Run_Backward","Items/Main_Handed/Item/Run_Backward","Common/Characters/Animations/Items/Main_Handed/Item/Run_Backward.blockyanim","1907","961DA49DCACC430C8F73A6C0A7F5CFB6292CA8694AA856B1A9451859C412C177"
"character-animations","Run_Backward_FPS","Items/Main_Handed/Item/Run_Backward_FPS","Common/Characters/Animations/Items/Main_Handed/Item/Run_Backward_FPS.blockyanim","2102","EB6EAA49FD5DA4140E6253352217CE3C4A4D26D3EECB28B7C9B18C2974AC16F7"
"character-animations","Run_FPS","Items/Main_Handed/Item/Run_FPS","Common/Characters/Animations/Items/Main_Handed/Item/Run_FPS.blockyanim","2101","35E85575FC12048B844197BA7B62EFB7FEA898086B19834D00705C1E2F168CFF"
"character-animations","Sprint","Items/Main_Handed/Item/Sprint","Common/Characters/Animations/Items/Main_Handed/Item/Sprint.blockyanim","1907","50F18131522F20D4203FCD55783064ECDED1A8FE578A684F587FB98511D9728E"
"character-animations","Sprint_FPS","Items/Main_Handed/Item/Sprint_FPS","Common/Characters/Animations/Items/Main_Handed/Item/Sprint_FPS.blockyanim","2102","457351C1ABE097A3B3E0D88C1EAC645D96D1F03185840E1BD1B36F24DA589C4C"
"character-animations","Swim","Items/Main_Handed/Item/Swim/Swim","Common/Characters/Animations/Items/Main_Handed/Item/Swim/Swim.blockyanim","2348","6C24E768BB6051E07DF846BC0E7363926B7F144AF6C5090BBE8F6936F302350E"
"character-animations","Swim_Backward","Items/Main_Handed/Item/Swim/Swim_Backward","Common/Characters/Animations/Items/Main_Handed/Item/Swim/Swim_Backward.blockyanim","1438","87506B7ABAFDDEE5E99C644262B10B137DC9334DB7E6AEC196E40722FD7FE5D0"
"character-animations","Swim_Backward_FPS","Items/Main_Handed/Item/Swim/Swim_Backward_FPS","Common/Characters/Animations/Items/Main_Handed/Item/Swim/Swim_Backward_FPS.blockyanim","3132","55F25EDF63676D47422D296C6FBA6C047E32D09808DCB0F234FDDF6459BFA4FC"
"character-animations","Swim_Dive","Items/Main_Handed/Item/Swim/Swim_Dive","Common/Characters/Animations/Items/Main_Handed/Item/Swim/Swim_Dive.blockyanim","2924","8A8C249D8CC34CCE4DCBA6873C528B8D0D1A6DA650CD81BD09F1421B3F9F2D31"
"character-animations","Swim_Dive_Backward","Items/Main_Handed/Item/Swim/Swim_Dive_Backward","Common/Characters/Animations/Items/Main_Handed/Item/Swim/Swim_Dive_Backward.blockyanim","1436","28788F8A61A65A7FEB1278E2D17B8D1DD0F1B69AC8FDE2AE10C6FF6AB41A35A4"
"character-animations","Swim_Dive_Backward_FPS","Items/Main_Handed/Item/Swim/Swim_Dive_Backward_FPS","Common/Characters/Animations/Items/Main_Handed/Item/Swim/Swim_Dive_Backward_FPS.blockyanim","3132","55F25EDF63676D47422D296C6FBA6C047E32D09808DCB0F234FDDF6459BFA4FC"
"character-animations","Swim_Dive_Fast","Items/Main_Handed/Item/Swim/Swim_Dive_Fast","Common/Characters/Animations/Items/Main_Handed/Item/Swim/Swim_Dive_Fast.blockyanim","2122","9A2989DB01BEEDBC844E38BB9B6C8B1E078643FE22BBCEC1DBE038EEF9064785"
"character-animations","Swim_Dive_Fast_FPS","Items/Main_Handed/Item/Swim/Swim_Dive_Fast_FPS","Common/Characters/Animations/Items/Main_Handed/Item/Swim/Swim_Dive_Fast_FPS.blockyanim","2309","21F95C9EFF78565D44F6BD3EBF55280100E2CA54D7CE0251F0283C6D475242A7"
"character-animations","Swim_Dive_FPS","Items/Main_Handed/Item/Swim/Swim_Dive_FPS","Common/Characters/Animations/Items/Main_Handed/Item/Swim/Swim_Dive_FPS.blockyanim","2495","4F3DD3CB5858E19E44B6B26858A22DF0C1FE4651F6FECB1F8178329090BCC7E9"
"character-animations","Swim_Fast","Items/Main_Handed/Item/Swim/Swim_Fast","Common/Characters/Animations/Items/Main_Handed/Item/Swim/Swim_Fast.blockyanim","3522","ECD7E99C80277AF197C3F66245CE8546E679D52B7EE74A3E555D04657652682C"
"character-animations","Swim_Fast_FPS","Items/Main_Handed/Item/Swim/Swim_Fast_FPS","Common/Characters/Animations/Items/Main_Handed/Item/Swim/Swim_Fast_FPS.blockyanim","2857","455ABAA7F8E875BC5721C28089666F76A581970B12D351A83EA86D9E324E166A"
"character-animations","Swim_Float","Items/Main_Handed/Item/Swim/Swim_Float","Common/Characters/Animations/Items/Main_Handed/Item/Swim/Swim_Float.blockyanim","3389","3BC6FB2E3C39E3DF05679B296B0A0EFF8364669B062340D108954074CB7F3E65"
"character-animations","Swim_Float_FPS","Items/Main_Handed/Item/Swim/Swim_Float_FPS","Common/Characters/Animations/Items/Main_Handed/Item/Swim/Swim_Float_FPS.blockyanim","2495","4F3DD3CB5858E19E44B6B26858A22DF0C1FE4651F6FECB1F8178329090BCC7E9"
"character-animations","Swim_FPS","Items/Main_Handed/Item/Swim/Swim_FPS","Common/Characters/Animations/Items/Main_Handed/Item/Swim/Swim_FPS.blockyanim","2702","09F33A1DE6196A27530F189B82E1CEE8C4A77E19243E5E4CF76762B2E9123DE4"
"character-animations","Swim_Idle","Items/Main_Handed/Item/Swim/Swim_Idle","Common/Characters/Animations/Items/Main_Handed/Item/Swim/Swim_Idle.blockyanim","1560","BC53F8B0D799F00F5BE9B64B7FFA46273B96F5030D5F93BEB7A6A9D59F3CD3F9"
"character-animations","Swim_Idle_FPS","Items/Main_Handed/Item/Swim/Swim_Idle_FPS","Common/Characters/Animations/Items/Main_Handed/Item/Swim/Swim_Idle_FPS.blockyanim","2063","F6CC1F95DDC9FE17897BB4994D1C72EABD1440F23EF36AEAEEF91A73F749F9CD"
"character-animations","Swim_Jump","Items/Main_Handed/Item/Swim/Swim_Jump","Common/Characters/Animations/Items/Main_Handed/Item/Swim/Swim_Jump.blockyanim","2950","2B6A8EF3BD6D9C64EB5EF31A34A79054CA1BD3082C17A62C2EDB95E2AB578036"
"character-animations","Swim_Jump_FPS","Items/Main_Handed/Item/Swim/Swim_Jump_FPS","Common/Characters/Animations/Items/Main_Handed/Item/Swim/Swim_Jump_FPS.blockyanim","2873","DC32B621BDF591E2DB560B30C6EB83149784398F1FAC6F10D7D6080CF354F750"
"character-animations","Swim_Sink","Items/Main_Handed/Item/Swim/Swim_Sink","Common/Characters/Animations/Items/Main_Handed/Item/Swim/Swim_Sink.blockyanim","1003","CA98F2E415ADE348AB776883731B8816335BE5A4979F058835E375930168BCC9"
"character-animations","Swim_Sink_FPS","Items/Main_Handed/Item/Swim/Swim_Sink_FPS","Common/Characters/Animations/Items/Main_Handed/Item/Swim/Swim_Sink_FPS.blockyanim","2308","FE0F7B728FE54E2B3131C7A8FAC8EA081A4D8815975CA3F96A6C63B8FEE2DDE9"
"character-animations","Walk","Items/Main_Handed/Item/Walk","Common/Characters/Animations/Items/Main_Handed/Item/Walk.blockyanim","1910","80560246DF97CF6DE1C1F03B475812FA9C4C6117BE58B98B491CC0548F0530A2"
"character-animations","Walk_Backward","Items/Main_Handed/Item/Walk_Backward","Common/Characters/Animations/Items/Main_Handed/Item/Walk_Backward.blockyanim","1910","80560246DF97CF6DE1C1F03B475812FA9C4C6117BE58B98B491CC0548F0530A2"
"character-animations","Walk_Backward_FPS","Items/Main_Handed/Item/Walk_Backward_FPS","Common/Characters/Animations/Items/Main_Handed/Item/Walk_Backward_FPS.blockyanim","2105","18305A337114B19442B73C806BC6DD233899C0226679846B88CCC2645B9A37DE"
"character-animations","Walk_FPS","Items/Main_Handed/Item/Walk_FPS","Common/Characters/Animations/Items/Main_Handed/Item/Walk_FPS.blockyanim","2103","71800D4DF80702DAA32663F8D3EA312B96F9CCBE144DF057B96105D67BA8A334"
"character-animations","Lunge","Items/Main_Handed/Knife_Push/Attacks/Lunge/Lunge","Common/Characters/Animations/Items/Main_Handed/Knife_Push/Attacks/Lunge/Lunge.blockyanim","17334","F983A7B89E72316EF8C41BF56DD4EF1EA06CAA9A7CAF10306E99C0CFF82D403C"
"character-animations","Lunge_FPS","Items/Main_Handed/Knife_Push/Attacks/Lunge/Lunge_FPS","Common/Characters/Animations/Items/Main_Handed/Knife_Push/Attacks/Lunge/Lunge_FPS.blockyanim","6494","3CAC33A155EE6489154FA73DB065E7A87C675A66B08CB7DECCD5E649EF8F31AD"
"character-animations","Lunge_Moving","Items/Main_Handed/Knife_Push/Attacks/Lunge/Lunge_Moving","Common/Characters/Animations/Items/Main_Handed/Knife_Push/Attacks/Lunge/Lunge_Moving.blockyanim","10979","F50ACAB20214512E5A974B960606230D6127EA48416A7DA11F4672AE71D2BE18"
"character-animations","Swing_Left","Items/Main_Handed/Knife_Push/Attacks/Swing_Left/Swing_Left","Common/Characters/Animations/Items/Main_Handed/Knife_Push/Attacks/Swing_Left/Swing_Left.blockyanim","17556","C3948327C1E8FB779AF7FED6C773A5937608898990A739AA4EE6836B54B67602"
"character-animations","Swing_Left_FPS","Items/Main_Handed/Knife_Push/Attacks/Swing_Left/Swing_Left_FPS","Common/Characters/Animations/Items/Main_Handed/Knife_Push/Attacks/Swing_Left/Swing_Left_FPS.blockyanim","5965","45A578393AF25893FAB25CA6B7D53BE48402FF5639B388FDFD39E296152E5118"
"character-animations","Swing_Left_Moving","Items/Main_Handed/Knife_Push/Attacks/Swing_Left/Swing_Left_Moving","Common/Characters/Animations/Items/Main_Handed/Knife_Push/Attacks/Swing_Left/Swing_Left_Moving.blockyanim","11190","194E4D0C4F2B86B1D6D324551803F5B92FE6472DC34350B6045F0749A41C5716"
"character-animations","Swing_Right","Items/Main_Handed/Knife_Push/Attacks/Swing_Right/Swing_Right","Common/Characters/Animations/Items/Main_Handed/Knife_Push/Attacks/Swing_Right/Swing_Right.blockyanim","17599","112DA3A1561E96B7E10C290417FF70B1A3E1F8E588C2AA81FD2EB665BFDD8811"
"character-animations","Swing_Right_FPS","Items/Main_Handed/Knife_Push/Attacks/Swing_Right/Swing_Right_FPS","Common/Characters/Animations/Items/Main_Handed/Knife_Push/Attacks/Swing_Right/Swing_Right_FPS.blockyanim","6101","25F4F4167C57B49D2467F7D6B4032E5E3B2938AD8C3F1BA5197E0BAAC029B7BC"
"character-animations","Swing_Right_Moving","Items/Main_Handed/Knife_Push/Attacks/Swing_Right/Swing_Right_Moving","Common/Characters/Animations/Items/Main_Handed/Knife_Push/Attacks/Swing_Right/Swing_Right_Moving.blockyanim","11279","3D34CCA5CE5027C766FA046D6F3C6EEAF443921ED0B63BF1E374EEEA3747C1AE"
"character-animations","Guard","Items/Main_Handed/Knife/Attacks/Guard/Guard","Common/Characters/Animations/Items/Main_Handed/Knife/Attacks/Guard/Guard.blockyanim","3872","E049669F04F4A6C2EAF286281C4292442F22F150042934B530AC31B580413A4D"
"character-animations","Guard_FPS","Items/Main_Handed/Knife/Attacks/Guard/Guard_FPS","Common/Characters/Animations/Items/Main_Handed/Knife/Attacks/Guard/Guard_FPS.blockyanim","2925","1D25C1A5C05C03B83B7EBA663F416DA618AEA4B0EA9E2CB5E613ECDF32EF72DB"
"character-animations","Guard_Moving","Items/Main_Handed/Knife/Attacks/Guard/Guard_Moving","Common/Characters/Animations/Items/Main_Handed/Knife/Attacks/Guard/Guard_Moving.blockyanim","3873","64AF98DF957021F5A0EEBEF5F0BA24B7997019C2410F8B77B15CCA8B3ABBB6C1"
"character-animations","Lunge","Items/Main_Handed/Knife/Attacks/Lunge/Lunge","Common/Characters/Animations/Items/Main_Handed/Knife/Attacks/Lunge/Lunge.blockyanim","17329","17110DFBC6E8528BB4C2EF64DB326FBD7242CADAE5DC78005C456A6A4D57B950"
"character-animations","Lunge_FPS","Items/Main_Handed/Knife/Attacks/Lunge/Lunge_FPS","Common/Characters/Animations/Items/Main_Handed/Knife/Attacks/Lunge/Lunge_FPS.blockyanim","6494","EFCC572E1E4371E483D0D3DBB6C9150145AF8290C7EB39A9B630ACA4C349674A"
"character-animations","Lunge_Moving","Items/Main_Handed/Knife/Attacks/Lunge/Lunge_Moving","Common/Characters/Animations/Items/Main_Handed/Knife/Attacks/Lunge/Lunge_Moving.blockyanim","10976","203BA59542B0A69C99D5E1A75CDEF5F257189E1481365C6F20F80E46AC5EEAC3"
"character-animations","Stab","Items/Main_Handed/Knife/Attacks/Stab/Stab","Common/Characters/Animations/Items/Main_Handed/Knife/Attacks/Stab/Stab.blockyanim","17779","7A52DFFEB2894113DBD13533033EE90D4C1EB1972236CEA59E45298152F7C761"
"character-animations","Stab_FPS","Items/Main_Handed/Knife/Attacks/Stab/Stab_FPS","Common/Characters/Animations/Items/Main_Handed/Knife/Attacks/Stab/Stab_FPS.blockyanim","6916","FE06DE6D12BCA79D0CA500689C127507BB0E40703BAC26162E217B430C5B2214"
"character-animations","Stab_Moving","Items/Main_Handed/Knife/Attacks/Stab/Stab_Moving","Common/Characters/Animations/Items/Main_Handed/Knife/Attacks/Stab/Stab_Moving.blockyanim","11486","76D9ABFD8871D08E5B639F72CE27B96D408352E2200D8218937AF9F8DA6AF686"
"character-animations","Swing_Left","Items/Main_Handed/Knife/Attacks/Swing_Left/Swing_Left","Common/Characters/Animations/Items/Main_Handed/Knife/Attacks/Swing_Left/Swing_Left.blockyanim","17773","63D08478428230E251CB855A5221DD0853727EC4F241F51253A2810F86685807"
"character-animations","Swing_Left_FPS","Items/Main_Handed/Knife/Attacks/Swing_Left/Swing_Left_FPS","Common/Characters/Animations/Items/Main_Handed/Knife/Attacks/Swing_Left/Swing_Left_FPS.blockyanim","6524","B1F97D35437453C6B67AF0D8531EBFDA44A88382EE206AD5FB80DBF986A38AC7"
"character-animations","Swing_Left_Moving","Items/Main_Handed/Knife/Attacks/Swing_Left/Swing_Left_Moving","Common/Characters/Animations/Items/Main_Handed/Knife/Attacks/Swing_Left/Swing_Left_Moving.blockyanim","11407","67977B89520715A3D5A17823BC82D30396BE5EA59AC9DDA2A52B5BE00D9B87BF"
"character-animations","Swing_Right","Items/Main_Handed/Knife/Attacks/Swing_Right/Swing_Right","Common/Characters/Animations/Items/Main_Handed/Knife/Attacks/Swing_Right/Swing_Right.blockyanim","17818","CBCCC27242401409923C195E6A352BCA53581009DEDAC61EA0E06526962A7FD1"
"character-animations","Swing_Right_FPS","Items/Main_Handed/Knife/Attacks/Swing_Right/Swing_Right_FPS","Common/Characters/Animations/Items/Main_Handed/Knife/Attacks/Swing_Right/Swing_Right_FPS.blockyanim","6116","BD83699A575D40E20E321B11F2B239146B52948B5773862204234CA464363EA3"
"character-animations","Swing_Right_Moving","Items/Main_Handed/Knife/Attacks/Swing_Right/Swing_Right_Moving","Common/Characters/Animations/Items/Main_Handed/Knife/Attacks/Swing_Right/Swing_Right_Moving.blockyanim","11498","D87C305E6A1DF0D4A8BC48E62310B7AD9EB5F761DB5D076B3CF50396D8F86F50"
"character-animations","Throw_Charged","Items/Main_Handed/Knife/Attacks/Throw_Charged/Throw_Charged","Common/Characters/Animations/Items/Main_Handed/Knife/Attacks/Throw_Charged/Throw_Charged.blockyanim","13833","F592C23787FCCE25A05F95E0852F883AEADA8DF5E1F4FD50DDA60C4DEFB2048B"
"character-animations","Throw_Charged_FPS","Items/Main_Handed/Knife/Attacks/Throw_Charged/Throw_Charged_FPS","Common/Characters/Animations/Items/Main_Handed/Knife/Attacks/Throw_Charged/Throw_Charged_FPS.blockyanim","5070","B2D68CD4849D96938916EB90ADBD01D2E64C4B38DC665401BA528CFCAB6BAAB9"
"character-animations","Throw_Charged_Moving","Items/Main_Handed/Knife/Attacks/Throw_Charged/Throw_Charged_Moving","Common/Characters/Animations/Items/Main_Handed/Knife/Attacks/Throw_Charged/Throw_Charged_Moving.blockyanim","9183","4A6D249D380B74A8E813CB6CC624E6C6D7B8CE884B8EC433FAE25EBA69C26BDD"
"character-animations","Throw_Charging","Items/Main_Handed/Knife/Attacks/Throw_Charged/Throw_Charging","Common/Characters/Animations/Items/Main_Handed/Knife/Attacks/Throw_Charged/Throw_Charging.blockyanim","11066","601413005AA199BF99EE75C302E8BDF0D19ACCD3E71DF3942AC4B88C976DD799"
"character-animations","Throw_Charging_FPS","Items/Main_Handed/Knife/Attacks/Throw_Charged/Throw_Charging_FPS","Common/Characters/Animations/Items/Main_Handed/Knife/Attacks/Throw_Charged/Throw_Charging_FPS.blockyanim","4990","E3BDED2D48F16B11DD380E37BB7532118DAEE06276D4F5673C93347E1C8199B5"
"character-animations","Throw_Charging_Moving","Items/Main_Handed/Knife/Attacks/Throw_Charged/Throw_Charging_Moving","Common/Characters/Animations/Items/Main_Handed/Knife/Attacks/Throw_Charged/Throw_Charging_Moving.blockyanim","6431","1641DE404F90F1D22C86DD51D0FAE487B303941E00E32536ED5176760117F969"
"character-animations","Throw","Items/Main_Handed/Knife/Attacks/Throw/Throw","Common/Characters/Animations/Items/Main_Handed/Knife/Attacks/Throw/Throw.blockyanim","17947","5B6861BBD6072A768072CDD622CAF5BCE1A1E81752792CB37A41684304D64999"
"character-animations","Throw_FPS","Items/Main_Handed/Knife/Attacks/Throw/Throw_FPS","Common/Characters/Animations/Items/Main_Handed/Knife/Attacks/Throw/Throw_FPS.blockyanim","6281","7599231EEA4A6A219011A572D397BD671B27BCFE4E134DDC3AB50DAAA7EFE2D7"
"character-animations","Throw_Moving","Items/Main_Handed/Knife/Attacks/Throw/Throw_Moving","Common/Characters/Animations/Items/Main_Handed/Knife/Attacks/Throw/Throw_Moving.blockyanim","11687","F2DC0F8385D612F77D206F2B7318A35D12DDDAC51F0045CE724721D107896E4A"
"character-animations","Mine","Items/Main_Handed/Pickaxe/Attacks/Mine/Mine","Common/Characters/Animations/Items/Main_Handed/Pickaxe/Attacks/Mine/Mine.blockyanim","18863","9FCE820AF9372DC0BA4ECDC8B940622C64EF5CC5604A34596D60258699DAF738"
"character-animations","Mine_FPS","Items/Main_Handed/Pickaxe/Attacks/Mine/Mine_FPS","Common/Characters/Animations/Items/Main_Handed/Pickaxe/Attacks/Mine/Mine_FPS.blockyanim","6774","832FB5A90639BB3397DFD3F830CC5257D9F58CFA8906F8D620917501D7F9D03B"
"character-animations","Mine_Moving","Items/Main_Handed/Pickaxe/Attacks/Mine/Mine_Moving","Common/Characters/Animations/Items/Main_Handed/Pickaxe/Attacks/Mine/Mine_Moving.blockyanim","12574","3521580C627424673C7FFBFC457725E3A805BEB49F30468DC48E78D93D82A82D"
"character-animations","Swing_Left","Items/Main_Handed/Sickle/Attacks/Swing_Left/Swing_Left","Common/Characters/Animations/Items/Main_Handed/Sickle/Attacks/Swing_Left/Swing_Left.blockyanim","16952","3672CB170B88795AC12F706304F837E30FB643DF0489F6168754A0EC4EDC7119"
"character-animations","Swing_Left_FPS","Items/Main_Handed/Sickle/Attacks/Swing_Left/Swing_Left_FPS","Common/Characters/Animations/Items/Main_Handed/Sickle/Attacks/Swing_Left/Swing_Left_FPS.blockyanim","6323","CECE98F8B0E3C783D7D9C7B7B71216C8184AEA909DEF9AB506B2E2D024232FAF"
"character-animations","Swing_Left_Moving","Items/Main_Handed/Sickle/Attacks/Swing_Left/Swing_Left_Moving","Common/Characters/Animations/Items/Main_Handed/Sickle/Attacks/Swing_Left/Swing_Left_Moving.blockyanim","10641","84B610CA921C2B260E3279682A5613EA0E6D184B591B9DBAB2B109189CC0CF57"
"character-animations","Swing_Right","Items/Main_Handed/Sickle/Attacks/Swing_Right/Swing_Right","Common/Characters/Animations/Items/Main_Handed/Sickle/Attacks/Swing_Right/Swing_Right.blockyanim","17455","5AA4E72BD980EF55AE150AEDFC96D8155EF01F1B185887A3FF9E1C6E1B348446"
"character-animations","Swing_Right_FPS","Items/Main_Handed/Sickle/Attacks/Swing_Right/Swing_Right_FPS","Common/Characters/Animations/Items/Main_Handed/Sickle/Attacks/Swing_Right/Swing_Right_FPS.blockyanim","5747","2A0A6FBA77E1761C25BF39BAC1259DA84B810D1682782F5303AF11D54A9B8DFE"
"character-animations","Swing_Right_Moving","Items/Main_Handed/Sickle/Attacks/Swing_Right/Swing_Right_Moving","Common/Characters/Animations/Items/Main_Handed/Sickle/Attacks/Swing_Right/Swing_Right_Moving.blockyanim","11198","52401BD543DB94B80B66964ACF11CCF3815AD9B7665B147DB7895CFBD3FDB83B"
"character-animations","Guard_Bash","Items/Main_Handed/Sword/Attacks/Guard_Bash/Guard_Bash","Common/Characters/Animations/Items/Main_Handed/Sword/Attacks/Guard_Bash/Guard_Bash.blockyanim","18626","45337B982673AFEE09D49845B68DCFC44A85157FFF700476311B10446466B0E4"
"character-animations","Guard_Bash_FPS","Items/Main_Handed/Sword/Attacks/Guard_Bash/Guard_Bash_FPS","Common/Characters/Animations/Items/Main_Handed/Sword/Attacks/Guard_Bash/Guard_Bash_FPS.blockyanim","7967","178B908C11207A2178301C42DBEAFCA68016DA25A91CFEEF51C7605026D4EA4F"
"character-animations","Guard_Bash_Moving","Items/Main_Handed/Sword/Attacks/Guard_Bash/Guard_Bash_Moving","Common/Characters/Animations/Items/Main_Handed/Sword/Attacks/Guard_Bash/Guard_Bash_Moving.blockyanim","12324","4BC349ED36C67C7B9CB91C9A23C43461E21650EB00914FBB959BB61D557CC743"
"character-animations","Guard","Items/Main_Handed/Sword/Attacks/Guard/Guard","Common/Characters/Animations/Items/Main_Handed/Sword/Attacks/Guard/Guard.blockyanim","6199","8D56B4D6D6F8801F641A0290C564CB429C28035341AE3513F93C4B6F59FF33AE"
"character-animations","Guard_FPS","Items/Main_Handed/Sword/Attacks/Guard/Guard_FPS","Common/Characters/Animations/Items/Main_Handed/Sword/Attacks/Guard/Guard_FPS.blockyanim","2588","90035D1B78F116EC4CADB8CBBF88E5456C0722FF06F17E771778F13F733F788A"
"character-animations","Guard_Moving","Items/Main_Handed/Sword/Attacks/Guard/Guard_Moving","Common/Characters/Animations/Items/Main_Handed/Sword/Attacks/Guard/Guard_Moving.blockyanim","3525","21C0767A768B7CE8EC1C1A54CBB92DA6A01DAF536ECC231645377F571BD4EE0E"
"character-animations","Spin_Left_Stab_Charged","Items/Main_Handed/Sword/Attacks/Spin_Left_Stab_Charged/Spin_Left_Stab_Charged","Common/Characters/Animations/Items/Main_Handed/Sword/Attacks/Spin_Left_Stab_Charged/Spin_Left_Stab_Charged.blockyanim","32710","04B6F95E70996E179769608548116581E23A75B19C956598CA2A0F5679DA8E34"
"character-animations","Spin_Left_Stab_Charged_FPS","Items/Main_Handed/Sword/Attacks/Spin_Left_Stab_Charged/Spin_Left_Stab_Charged_FPS","Common/Characters/Animations/Items/Main_Handed/Sword/Attacks/Spin_Left_Stab_Charged/Spin_Left_Stab_Charged_FPS.blockyanim","8810","4F287A0E1E6729E020CD0CC531FFFA374548F629EF5348AE74AC2027DDB58C53"
"character-animations","Spin_Left_Stab_Charged_Moving","Items/Main_Handed/Sword/Attacks/Spin_Left_Stab_Charged/Spin_Left_Stab_Charged_Moving","Common/Characters/Animations/Items/Main_Handed/Sword/Attacks/Spin_Left_Stab_Charged/Spin_Left_Stab_Charged_Moving.blockyanim","32850","8F6BB384401E4D7578A26DE1DB630DD4AC1F6A7B0DD80799FA1668671AEF91A1"
"character-animations","Spin_Left_Stab_Charging","Items/Main_Handed/Sword/Attacks/Spin_Left_Stab_Charged/Spin_Left_Stab_Charging","Common/Characters/Animations/Items/Main_Handed/Sword/Attacks/Spin_Left_Stab_Charged/Spin_Left_Stab_Charging.blockyanim","14407","F7F08BD2C97488A74A80DEEEBC1BA6F69F9BCE203A12ACD04D731E322EE0C7AA"
"character-animations","Spin_Left_Stab_Charging_FPS","Items/Main_Handed/Sword/Attacks/Spin_Left_Stab_Charged/Spin_Left_Stab_Charging_FPS","Common/Characters/Animations/Items/Main_Handed/Sword/Attacks/Spin_Left_Stab_Charged/Spin_Left_Stab_Charging_FPS.blockyanim","4133","69A8ED9A9DE0CB1CB231DFB0931B5334150BAD7DF14B09896F0F4498B2B9765E"
"character-animations","Spin_Left_Stab_Charging_Moving","Items/Main_Handed/Sword/Attacks/Spin_Left_Stab_Charged/Spin_Left_Stab_Charging_Moving","Common/Characters/Animations/Items/Main_Handed/Sword/Attacks/Spin_Left_Stab_Charged/Spin_Left_Stab_Charging_Moving.blockyanim","5644","324E9791C067A9DA5E4190A834170C0D7902470484E987A0CEE73A068C26FBDF"
"character-animations","Spin_Right_Charged","Items/Main_Handed/Sword/Attacks/Spin_Right_Stab_Dash_Charged/Spin_Right_Charged","Common/Characters/Animations/Items/Main_Handed/Sword/Attacks/Spin_Right_Stab_Dash_Charged/Spin_Right_Charged.blockyanim","27814","5266AC184AD41FFECC02AACCD2F75C9806EEAC3DB79F13FC82CEBA31B9BAA393"
"character-animations","Spin_Right_Charged_FPS","Items/Main_Handed/Sword/Attacks/Spin_Right_Stab_Dash_Charged/Spin_Right_Charged_FPS","Common/Characters/Animations/Items/Main_Handed/Sword/Attacks/Spin_Right_Stab_Dash_Charged/Spin_Right_Charged_FPS.blockyanim","6843","4E1F2CEFCB3F95FF0F1FA7E0517CABD1E438918C9516E45CEABD7EEFE50C9652"
"character-animations","Spin_Right_Charged_Moving","Items/Main_Handed/Sword/Attacks/Spin_Right_Stab_Dash_Charged/Spin_Right_Charged_Moving","Common/Characters/Animations/Items/Main_Handed/Sword/Attacks/Spin_Right_Stab_Dash_Charged/Spin_Right_Charged_Moving.blockyanim","27894","D7DAB96CA91B4E01F8753A1601A046EE7F15A15AC71C9C1137CD2455AD9E0CFA"
"character-animations","Spin_Right_Charging","Items/Main_Handed/Sword/Attacks/Spin_Right_Stab_Dash_Charged/Spin_Right_Charging","Common/Characters/Animations/Items/Main_Handed/Sword/Attacks/Spin_Right_Stab_Dash_Charged/Spin_Right_Charging.blockyanim","19756","0627E09259D56197843AF36230752C64C93E883C9075B7286F973BA8CC627F1B"
"character-animations","Spin_Right_Charging_FPS","Items/Main_Handed/Sword/Attacks/Spin_Right_Stab_Dash_Charged/Spin_Right_Charging_FPS","Common/Characters/Animations/Items/Main_Handed/Sword/Attacks/Spin_Right_Stab_Dash_Charged/Spin_Right_Charging_FPS.blockyanim","4129","A1CD78191865267955611885183FFF49D4C315D960131EA00FEBE769D5BB555B"
"character-animations","Spin_Right_Charging_Moving","Items/Main_Handed/Sword/Attacks/Spin_Right_Stab_Dash_Charged/Spin_Right_Charging_Moving","Common/Characters/Animations/Items/Main_Handed/Sword/Attacks/Spin_Right_Stab_Dash_Charged/Spin_Right_Charging_Moving.blockyanim","5208","1D29CC58514007916868B09A28B6CD691C1A6379DED2DB3F64840E01B5C5EFEE"
"character-animations","Stab_Dash_Charged","Items/Main_Handed/Sword/Attacks/Spin_Right_Stab_Dash_Charged/Stab_Dash_Charged/Stab_Dash_Charged","Common/Characters/Animations/Items/Main_Handed/Sword/Attacks/Spin_Right_Stab_Dash_Charged/Stab_Dash_Charged/Stab_Dash_Charged.blockyanim","27390","363D494634808199FC4CE0B00F91AB122C309EF646E1FC548B12DABB334DFE25"
"character-animations","Stab_Dash_Charged_FPS","Items/Main_Handed/Sword/Attacks/Spin_Right_Stab_Dash_Charged/Stab_Dash_Charged/Stab_Dash_Charged_FPS","Common/Characters/Animations/Items/Main_Handed/Sword/Attacks/Spin_Right_Stab_Dash_Charged/Stab_Dash_Charged/Stab_Dash_Charged_FPS.blockyanim","4569","CCB081C330957305BC1625D66C88E351029FCC20F01234C33B439B359BA1AAF2"
"character-animations","Stab_Dash_Charged_Moving","Items/Main_Handed/Sword/Attacks/Spin_Right_Stab_Dash_Charged/Stab_Dash_Charged/Stab_Dash_Charged_Moving","Common/Characters/Animations/Items/Main_Handed/Sword/Attacks/Spin_Right_Stab_Dash_Charged/Stab_Dash_Charged/Stab_Dash_Charged_Moving.blockyanim","10157","99A91B2CA8B3CE775F4FF895496E7416AFE2DDF3C4583930E67537B8035BE005"
"character-animations","Stab_Dash_Charging","Items/Main_Handed/Sword/Attacks/Spin_Right_Stab_Dash_Charged/Stab_Dash_Charged/Stab_Dash_Charging","Common/Characters/Animations/Items/Main_Handed/Sword/Attacks/Spin_Right_Stab_Dash_Charged/Stab_Dash_Charged/Stab_Dash_Charging.blockyanim","11508","F27400CA13EDF2D5E351E29557AEFE3A945DDE1FA68C4953CA6D511FBC17918B"
"character-animations","Stab_Dash_Charging_FPS","Items/Main_Handed/Sword/Attacks/Spin_Right_Stab_Dash_Charged/Stab_Dash_Charged/Stab_Dash_Charging_FPS","Common/Characters/Animations/Items/Main_Handed/Sword/Attacks/Spin_Right_Stab_Dash_Charged/Stab_Dash_Charged/Stab_Dash_Charging_FPS.blockyanim","4184","40C21285FF059CF5FB07AD612A18DDDE68A310E9AD4ED6AA29F2E0D66DA34EAD"
"character-animations","Stab_Dash_Charging_Moving","Items/Main_Handed/Sword/Attacks/Spin_Right_Stab_Dash_Charged/Stab_Dash_Charged/Stab_Dash_Charging_Moving","Common/Characters/Animations/Items/Main_Handed/Sword/Attacks/Spin_Right_Stab_Dash_Charged/Stab_Dash_Charged/Stab_Dash_Charging_Moving.blockyanim","5498","4423C9FF6CBB9E850637BDA0A09C71FEC44A31A5CCCDEAF520B138C414EA92E8"
"character-animations","Stab_Dash_Charged","Items/Main_Handed/Sword/Attacks/Stab_Dash_Charged/Stab_Dash_Charged","Common/Characters/Animations/Items/Main_Handed/Sword/Attacks/Stab_Dash_Charged/Stab_Dash_Charged.blockyanim","27606","456C5C1A5B015B056DA85E691B35A21D8266B06D8E7A83497F1D9C90B17316BE"
"character-animations","Stab_Dash_Charged_FPS","Items/Main_Handed/Sword/Attacks/Stab_Dash_Charged/Stab_Dash_Charged_FPS","Common/Characters/Animations/Items/Main_Handed/Sword/Attacks/Stab_Dash_Charged/Stab_Dash_Charged_FPS.blockyanim","4567","02AAF71DB0083877DFEB6B4147F1C9463862BA54DA5F1B69F4D3BCCE3B51DC92"
"character-animations","Stab_Dash_Charged_Moving","Items/Main_Handed/Sword/Attacks/Stab_Dash_Charged/Stab_Dash_Charged_Moving","Common/Characters/Animations/Items/Main_Handed/Sword/Attacks/Stab_Dash_Charged/Stab_Dash_Charged_Moving.blockyanim","10378","43BD08B3E84912C474E282913BD42C65F48B590906A3A4F1F980608EA5324DDE"
"character-animations","Stab_Dash_Charging","Items/Main_Handed/Sword/Attacks/Stab_Dash_Charged/Stab_Dash_Charging","Common/Characters/Animations/Items/Main_Handed/Sword/Attacks/Stab_Dash_Charged/Stab_Dash_Charging.blockyanim","11405","C31E2C7A9F2951D6BA1BCCEB5ACA8854B3513563FAFE0C219708ED7648603A96"
"character-animations","Stab_Dash_Charging_FPS","Items/Main_Handed/Sword/Attacks/Stab_Dash_Charged/Stab_Dash_Charging_FPS","Common/Characters/Animations/Items/Main_Handed/Sword/Attacks/Stab_Dash_Charged/Stab_Dash_Charging_FPS.blockyanim","4143","F7E3533B1A15A9B26A9FEE101778D12BEC4302A0889E5B07282ECDED71AC0ACB"
"character-animations","Stab_Dash_Charging_Moving","Items/Main_Handed/Sword/Attacks/Stab_Dash_Charged/Stab_Dash_Charging_Moving","Common/Characters/Animations/Items/Main_Handed/Sword/Attacks/Stab_Dash_Charged/Stab_Dash_Charging_Moving.blockyanim","5478","B514DF4C19FADC42B08251B8607BABEBE8EC0504B40971F98D74AC5B6B05D051"
"character-animations","Stab","Items/Main_Handed/Sword/Attacks/Stab/Stab","Common/Characters/Animations/Items/Main_Handed/Sword/Attacks/Stab/Stab.blockyanim","19421","8DE2F9909D2283CCA85E5F17F480CF0EA9B0FAC8EAA73BFB67BD91196393AC02"
"character-animations","Stab_FPS","Items/Main_Handed/Sword/Attacks/Stab/Stab_FPS","Common/Characters/Animations/Items/Main_Handed/Sword/Attacks/Stab/Stab_FPS.blockyanim","6159","162790AD7BB2DAE0F45DA8519794BF9EC8E9354C9175607321BCD887BE40D589"
"character-animations","Stab_Moving","Items/Main_Handed/Sword/Attacks/Stab/Stab_Moving","Common/Characters/Animations/Items/Main_Handed/Sword/Attacks/Stab/Stab_Moving.blockyanim","11636","444115BC95F12723D192093625124E2F64E430D6F7AE65592F3C4770EBD012A0"
"character-animations","Swing_Down_Strong","Items/Main_Handed/Sword/Attacks/Swing_Down_Strong/Swing_Down_Strong","Common/Characters/Animations/Items/Main_Handed/Sword/Attacks/Swing_Down_Strong/Swing_Down_Strong.blockyanim","18670","452CC84D0B359DC52110A4BA4AB71744D567B08A0668CC181CBB65BA46CFD673"
"character-animations","Swing_Down_Strong_FPS","Items/Main_Handed/Sword/Attacks/Swing_Down_Strong/Swing_Down_Strong_FPS","Common/Characters/Animations/Items/Main_Handed/Sword/Attacks/Swing_Down_Strong/Swing_Down_Strong_FPS.blockyanim","6139","75A589EF57ECFFB36FC6BFF3E07256B05428D226CFB34242BCE2210F1A277163"
"character-animations","Swing_Down_Strong_Moving","Items/Main_Handed/Sword/Attacks/Swing_Down_Strong/Swing_Down_Strong_Moving","Common/Characters/Animations/Items/Main_Handed/Sword/Attacks/Swing_Down_Strong/Swing_Down_Strong_Moving.blockyanim","12057","AB5823165D0C1C22C2B65C87BB0BF0690D27D9E5CF44A2C1A6A18B83700858BD"
"character-animations","Swing_Down","Items/Main_Handed/Sword/Attacks/Swing_Down/Swing_Down","Common/Characters/Animations/Items/Main_Handed/Sword/Attacks/Swing_Down/Swing_Down.blockyanim","18235","0E70AF29A02F0644D5116C0DDB3C9E94E606ACA73BE69B6691BBE96F29CE1DCD"
"character-animations","Swing_Down_FPS","Items/Main_Handed/Sword/Attacks/Swing_Down/Swing_Down_FPS","Common/Characters/Animations/Items/Main_Handed/Sword/Attacks/Swing_Down/Swing_Down_FPS.blockyanim","6146","C33195550B39F88C3E6E4877591630D1BEFA7A26A1C251EA7AE6816489CA0EEF"
"character-animations","Swing_Down_Moving","Items/Main_Handed/Sword/Attacks/Swing_Down/Swing_Down_Moving","Common/Characters/Animations/Items/Main_Handed/Sword/Attacks/Swing_Down/Swing_Down_Moving.blockyanim","11621","AB69C382C8471C040718F15138F946032BDAB31408D562AE49AEBECB6D8638AC"
"character-animations","Swing_Left_Charged","Items/Main_Handed/Sword/Attacks/Swing_Left_Charged/Swing_Left_Charged","Common/Characters/Animations/Items/Main_Handed/Sword/Attacks/Swing_Left_Charged/Swing_Left_Charged.blockyanim","13087","5C63A0BBA3C086D67E256247F210335B68A6DF6AB320036828D4AA2F9ED9A920"
"character-animations","Swing_Left_Charged_FPS","Items/Main_Handed/Sword/Attacks/Swing_Left_Charged/Swing_Left_Charged_FPS","Common/Characters/Animations/Items/Main_Handed/Sword/Attacks/Swing_Left_Charged/Swing_Left_Charged_FPS.blockyanim","4523","2A8D055C5894A91CC9CA802ABB311F936920E8F1D324B038457EA78273CA2879"
"character-animations","Swing_Left_Charged_Moving","Items/Main_Handed/Sword/Attacks/Swing_Left_Charged/Swing_Left_Charged_Moving","Common/Characters/Animations/Items/Main_Handed/Sword/Attacks/Swing_Left_Charged/Swing_Left_Charged_Moving.blockyanim","8767","C227D27A42BBB5561851D00B15DFBBD4D5B2D5F8315A269DCA183C10AD2B6B6C"
"character-animations","Swing_Left_Charging","Items/Main_Handed/Sword/Attacks/Swing_Left_Charged/Swing_Left_Charging","Common/Characters/Animations/Items/Main_Handed/Sword/Attacks/Swing_Left_Charged/Swing_Left_Charging.blockyanim","11428","A1880F892A9895EBCF4BEEABB73BDB415B12D12B933F482274709956BA3BF415"
"character-animations","Swing_Left_Charging_FPS","Items/Main_Handed/Sword/Attacks/Swing_Left_Charged/Swing_Left_Charging_FPS","Common/Characters/Animations/Items/Main_Handed/Sword/Attacks/Swing_Left_Charged/Swing_Left_Charging_FPS.blockyanim","4159","AEF06431513181223FCEEBFB6D4E989E4F692DEBBC578492E2866A3B0D36F9FA"
"character-animations","Swing_Left_Charging_Moving","Items/Main_Handed/Sword/Attacks/Swing_Left_Charged/Swing_Left_Charging_Moving","Common/Characters/Animations/Items/Main_Handed/Sword/Attacks/Swing_Left_Charged/Swing_Left_Charging_Moving.blockyanim","5501","B588BA532485176ABC3890A198957CA4C37510C60F5F189E9CC2B7C0DA80738D"
"character-animations","Swing_Left_Fast","Items/Main_Handed/Sword/Attacks/Swing_Left_Fast/Swing_Left_Fast","Common/Characters/Animations/Items/Main_Handed/Sword/Attacks/Swing_Left_Fast/Swing_Left_Fast.blockyanim","16906","6B2208D1DA9B6A300C372F8C59609C514F383902FA14A49139AED63F1F016739"
"character-animations","Swing_Left_Fast_FPS","Items/Main_Handed/Sword/Attacks/Swing_Left_Fast/Swing_Left_Fast_FPS","Common/Characters/Animations/Items/Main_Handed/Sword/Attacks/Swing_Left_Fast/Swing_Left_Fast_FPS.blockyanim","6127","3DFC932925F8F17E823DB2D90EFF2F39A7E7F30B022889086BA80D4BBFE9AD7D"
"character-animations","Swing_Left_Fast_Moving","Items/Main_Handed/Sword/Attacks/Swing_Left_Fast/Swing_Left_Fast_Moving","Common/Characters/Animations/Items/Main_Handed/Sword/Attacks/Swing_Left_Fast/Swing_Left_Fast_Moving.blockyanim","10608","4E9AF5053EDFB85CF67A2B831A5149AA7D4D10D5B5D9ED4E3D348424ED326CD9"
"character-animations","Swing_Left_Spin_Jump_Charged","Items/Main_Handed/Sword/Attacks/Swing_Left_Spin_Jump_Charged/Swing_Left_Spin_Jump_Charged","Common/Characters/Animations/Items/Main_Handed/Sword/Attacks/Swing_Left_Spin_Jump_Charged/Swing_Left_Spin_Jump_Charged.blockyanim","37015","9C55C6AAEB1CE8C261E919DB9EA561D1D11D27101CD0AAE895F923ABAC1C242D"
"character-animations","Swing_Left_Spin_Jump_Charged_FPS","Items/Main_Handed/Sword/Attacks/Swing_Left_Spin_Jump_Charged/Swing_Left_Spin_Jump_Charged_FPS","Common/Characters/Animations/Items/Main_Handed/Sword/Attacks/Swing_Left_Spin_Jump_Charged/Swing_Left_Spin_Jump_Charged_FPS.blockyanim","10607","D3DFED474F553DCEBBB431B98E626796CE8B519FF6F500EEE8A8DD91F45BC93C"
"character-animations","Swing_Left_Spin_Jump_Charging","Items/Main_Handed/Sword/Attacks/Swing_Left_Spin_Jump_Charged/Swing_Left_Spin_Jump_Charging","Common/Characters/Animations/Items/Main_Handed/Sword/Attacks/Swing_Left_Spin_Jump_Charged/Swing_Left_Spin_Jump_Charging.blockyanim","20687","FC9F086A0A28C6021AE615BE5C2B6FC965B905D99044F122258116C5710C3487"
"character-animations","Swing_Left_Spin_Jump_Charging_FPS","Items/Main_Handed/Sword/Attacks/Swing_Left_Spin_Jump_Charged/Swing_Left_Spin_Jump_Charging_FPS","Common/Characters/Animations/Items/Main_Handed/Sword/Attacks/Swing_Left_Spin_Jump_Charged/Swing_Left_Spin_Jump_Charging_FPS.blockyanim","4133","9642A83C03DC3C76FB0256453702ADC40DC3603E280CB6F6601ABD03974CDBE8"
"character-animations","Swing_Left_Spin_Jump_Charging_Moving","Items/Main_Handed/Sword/Attacks/Swing_Left_Spin_Jump_Charged/Swing_Left_Spin_Jump_Charging_Moving","Common/Characters/Animations/Items/Main_Handed/Sword/Attacks/Swing_Left_Spin_Jump_Charged/Swing_Left_Spin_Jump_Charging_Moving.blockyanim","6157","F9707C34BE20D1420D6EC989A07E9AE54BC2FF5945266893B5590963C18C9146"
"character-animations","Swing_Left","Items/Main_Handed/Sword/Attacks/Swing_Left/Swing_Left","Common/Characters/Animations/Items/Main_Handed/Sword/Attacks/Swing_Left/Swing_Left.blockyanim","17128","ABFA3122991F01188137E292888BD15AF1E77FCCA5C67AB72D01117A310814E3"
"character-animations","Swing_Left_FPS","Items/Main_Handed/Sword/Attacks/Swing_Left/Swing_Left_FPS","Common/Characters/Animations/Items/Main_Handed/Sword/Attacks/Swing_Left/Swing_Left_FPS.blockyanim","6135","4728DCA0D56B11B91ED9FC85EAFA2A3A22D6D50F101EDDE1F2C806AEC48EF946"
"character-animations","Swing_Left_Moving","Items/Main_Handed/Sword/Attacks/Swing_Left/Swing_Left_Moving","Common/Characters/Animations/Items/Main_Handed/Sword/Attacks/Swing_Left/Swing_Left_Moving.blockyanim","10822","54CD1BD72CB608A8C3CFCD22D7876BC857EF1F2276927E1F8819640DD10D5E66"
"character-animations","Swing_Right_Fast","Items/Main_Handed/Sword/Attacks/Swing_Right_Fast/Swing_Right_Fast","Common/Characters/Animations/Items/Main_Handed/Sword/Attacks/Swing_Right_Fast/Swing_Right_Fast.blockyanim","17218","71451DB6EC948C7764F8112F6E10B26DE48FCB3E43E5B2D0326B7294A24F4F35"
"character-animations","Swing_Right_Fast_FPS","Items/Main_Handed/Sword/Attacks/Swing_Right_Fast/Swing_Right_Fast_FPS","Common/Characters/Animations/Items/Main_Handed/Sword/Attacks/Swing_Right_Fast/Swing_Right_Fast_FPS.blockyanim","5941","0F8F83DC2456396839D7970D579CC50601B397666A708180744735E743B96D89"
"character-animations","Swing_Right_Fast_Moving","Items/Main_Handed/Sword/Attacks/Swing_Right_Fast/Swing_Right_Fast_Moving","Common/Characters/Animations/Items/Main_Handed/Sword/Attacks/Swing_Right_Fast/Swing_Right_Fast_Moving.blockyanim","10908","34138317F1ACCD94BF582B4E546D595AD369991114F9E4E8853CCCE5C40F88FA"
"character-animations","Swing_Right","Items/Main_Handed/Sword/Attacks/Swing_Right/Swing_Right","Common/Characters/Animations/Items/Main_Handed/Sword/Attacks/Swing_Right/Swing_Right.blockyanim","17238","55DA399D013D269D1B43B8969B26D699A2BA2527BA3C1C1D03A9C9D6FABDB7FE"
"character-animations","Swing_Right_FPS","Items/Main_Handed/Sword/Attacks/Swing_Right/Swing_Right_FPS","Common/Characters/Animations/Items/Main_Handed/Sword/Attacks/Swing_Right/Swing_Right_FPS.blockyanim","5947","7F00EA7B8EF1113FEC67C8B7086CCEEC19C3CB532F8C80ED153BBD6CAA927366"
"character-animations","Swing_Right_Moving","Items/Main_Handed/Sword/Attacks/Swing_Right/Swing_Right_Moving","Common/Characters/Animations/Items/Main_Handed/Sword/Attacks/Swing_Right/Swing_Right_Moving.blockyanim","10920","3B933A21B69568038468D4F1F0889645C84BC579810D49DDF54D01F43C683BC8"
"character-animations","Climb_Down","Items/Main_Handed/Sword/Climb/Climb_Down","Common/Characters/Animations/Items/Main_Handed/Sword/Climb/Climb_Down.blockyanim","4281","CC9BDCAF92EF128547A004713A5B3EFE5CAD922335756D22C6E44F747DBFB031"
"character-animations","Climb_Down_FPS","Items/Main_Handed/Sword/Climb/Climb_Down_FPS","Common/Characters/Animations/Items/Main_Handed/Sword/Climb/Climb_Down_FPS.blockyanim","2346","F196A885ABEE7D1F3F241CA8FC21502FCF4F7360E77FEAC21F9B43F1A0C31347"
"character-animations","Climb_Idle","Items/Main_Handed/Sword/Climb/Climb_Idle","Common/Characters/Animations/Items/Main_Handed/Sword/Climb/Climb_Idle.blockyanim","2139","E8D4865F67F25D9149655A6262F095EB1F790A8828EE195DD97EB0C3BC4474B1"
"character-animations","Climb_Idle_FPS","Items/Main_Handed/Sword/Climb/Climb_Idle_FPS","Common/Characters/Animations/Items/Main_Handed/Sword/Climb/Climb_Idle_FPS.blockyanim","1348","5102F7BA6522802D353BBD9D9C0AC96D1001932204A49F58F7E2E164E9D64723"
"character-animations","Climb_Left","Items/Main_Handed/Sword/Climb/Climb_Left","Common/Characters/Animations/Items/Main_Handed/Sword/Climb/Climb_Left.blockyanim","4289","312BFE902526E0826842AFCBB8D5A4AD41929AA975E5CF48DC69C2C30402D3C1"
"character-animations","Climb_Left_FPS","Items/Main_Handed/Sword/Climb/Climb_Left_FPS","Common/Characters/Animations/Items/Main_Handed/Sword/Climb/Climb_Left_FPS.blockyanim","2352","FB4AAFAEEBB83D5AB1C3D70D8199F71EB376C9299903A265E904FAD7D3C2E94C"
"character-animations","Climb_Right","Items/Main_Handed/Sword/Climb/Climb_Right","Common/Characters/Animations/Items/Main_Handed/Sword/Climb/Climb_Right.blockyanim","17291","65DEA6ADE3D49346B25F164FEFA60754B46F49ACC321A53BAA5E432A45C1BF13"
"character-animations","Climb_Right_FPS","Items/Main_Handed/Sword/Climb/Climb_Right_FPS","Common/Characters/Animations/Items/Main_Handed/Sword/Climb/Climb_Right_FPS.blockyanim","2352","B1D6DC14B56ADD389B1C59E870AA24252AB5AE93C4B5CD3C4BE14E6687C4E7CF"
"character-animations","Climb_Up","Items/Main_Handed/Sword/Climb/Climb_Up","Common/Characters/Animations/Items/Main_Handed/Sword/Climb/Climb_Up.blockyanim","4314","491798EA4B59049F1238BFA927EEBFD95101DE7A516AC501EC37CAA102936F3A"
"character-animations","Climb_Up_FPS","Items/Main_Handed/Sword/Climb/Climb_Up_FPS","Common/Characters/Animations/Items/Main_Handed/Sword/Climb/Climb_Up_FPS.blockyanim","2346","F6A57DA5B51F29841E8A9D6D3A109C3B0A803141DDB820AA08323F999691201C"
"character-animations","Crouch","Items/Main_Handed/Sword/Crouch","Common/Characters/Animations/Items/Main_Handed/Sword/Crouch.blockyanim","5862","3C504A3FAD74CADF6427E4A99DB0CF75DE742471003168273BD751579EA7F97C"
"character-animations","Crouch_FPS","Items/Main_Handed/Sword/Crouch_FPS","Common/Characters/Animations/Items/Main_Handed/Sword/Crouch_FPS.blockyanim","1985","A2A19D506B73809A3697AF5DEEEA3088F5F279F221EBC004541A2FE53320ABE9"
"character-animations","Crouch_Walk","Items/Main_Handed/Sword/Crouch_Walk","Common/Characters/Animations/Items/Main_Handed/Sword/Crouch_Walk.blockyanim","4092","62A8F610836D6F1C901722A042404844904D590F904E97FA46FF251744BF1CD7"
"character-animations","Crouch_Walk_Backward","Items/Main_Handed/Sword/Crouch_Walk_Backward","Common/Characters/Animations/Items/Main_Handed/Sword/Crouch_Walk_Backward.blockyanim","4092","7FA4771E4901B93332655FD458FE517DDA447B3F037E00080E8D457D6A48719F"
"character-animations","Crouch_Walk_Backward_FPS","Items/Main_Handed/Sword/Crouch_Walk_Backward_FPS","Common/Characters/Animations/Items/Main_Handed/Sword/Crouch_Walk_Backward_FPS.blockyanim","1984","6DBD4C9EEA9DBAD0ECCB21FF11562FA86D090EAE39EA7902064DAC8562E645A5"
"character-animations","Crouch_Walk_FPS","Items/Main_Handed/Sword/Crouch_Walk_FPS","Common/Characters/Animations/Items/Main_Handed/Sword/Crouch_Walk_FPS.blockyanim","1984","4524C583EDB604302DF075E44FE1DE0CE520E3323CC448C9037C87DB4BAD3732"
"character-animations","Fall","Items/Main_Handed/Sword/Fall","Common/Characters/Animations/Items/Main_Handed/Sword/Fall.blockyanim","3925","B5C91E456F262B001D243235342AD6A43491D9F028711BB632DD79F296CE88BB"
"character-animations","Fall_Far","Items/Main_Handed/Sword/Fall_Far","Common/Characters/Animations/Items/Main_Handed/Sword/Fall_Far.blockyanim","12916","06A464D50CFC351D6B4EA136E259344003EAD24E960E07D667F20339C29EDE1D"
"character-animations","Fall_Far_FPS","Items/Main_Handed/Sword/Fall_Far_FPS","Common/Characters/Animations/Items/Main_Handed/Sword/Fall_Far_FPS.blockyanim","1992","B3F115FEA6DD595455C3EBC604D7B7AC66A9355FD7768538241680544AEC14D7"
"character-animations","Fall_FPS","Items/Main_Handed/Sword/Fall_FPS","Common/Characters/Animations/Items/Main_Handed/Sword/Fall_FPS.blockyanim","1207","D6FD574BAF8177A60830D9AC21212A9F55C8961AD05DE5FED4C8C25C3DE67EB1"
"character-animations","Fly","Items/Main_Handed/Sword/Fly/Fly","Common/Characters/Animations/Items/Main_Handed/Sword/Fly/Fly.blockyanim","5853","4EEC8AF9E68BDD4470922860C7B75A71EF39F233CF60E5E38FAA3C2A6C5B0FD4"
"character-animations","Fly_Backward","Items/Main_Handed/Sword/Fly/Fly_Backward","Common/Characters/Animations/Items/Main_Handed/Sword/Fly/Fly_Backward.blockyanim","5855","F2DA0AAC085E73EBBF2B48EC94DD4F128990306DA01B9126D548BDCC6DBC0013"
"character-animations","Fly_Backward_FPS","Items/Main_Handed/Sword/Fly/Fly_Backward_FPS","Common/Characters/Animations/Items/Main_Handed/Sword/Fly/Fly_Backward_FPS.blockyanim","1984","4524C583EDB604302DF075E44FE1DE0CE520E3323CC448C9037C87DB4BAD3732"
"character-animations","Fly_Fast","Items/Main_Handed/Sword/Fly/Fly_Fast","Common/Characters/Animations/Items/Main_Handed/Sword/Fly/Fly_Fast.blockyanim","5869","D40E11F0191D0375BBEBEA690D436BEBAB786489CEED70B834D8E8B7AC97E8E9"
"character-animations","Fly_Fast_FPS","Items/Main_Handed/Sword/Fly/Fly_Fast_FPS","Common/Characters/Animations/Items/Main_Handed/Sword/Fly/Fly_Fast_FPS.blockyanim","1980","46BBA26D9CC1334FB9CEDB13BEF8DB219787EE059E3999E13B338056EEF17EE1"
"character-animations","Fly_FPS","Items/Main_Handed/Sword/Fly/Fly_FPS","Common/Characters/Animations/Items/Main_Handed/Sword/Fly/Fly_FPS.blockyanim","1984","4524C583EDB604302DF075E44FE1DE0CE520E3323CC448C9037C87DB4BAD3732"
"character-animations","Fly_Idle","Items/Main_Handed/Sword/Fly/Fly_Idle","Common/Characters/Animations/Items/Main_Handed/Sword/Fly/Fly_Idle.blockyanim","5850","FEC45F3F4CA56FDDFEF92CB191B029252EE2C5F9686F0771643BD7AB8E08BC86"
"character-animations","Fly_Idle_FPS","Items/Main_Handed/Sword/Fly/Fly_Idle_FPS","Common/Characters/Animations/Items/Main_Handed/Sword/Fly/Fly_Idle_FPS.blockyanim","1985","A2A19D506B73809A3697AF5DEEEA3088F5F279F221EBC004541A2FE53320ABE9"
"character-animations","Idle","Items/Main_Handed/Sword/Idle","Common/Characters/Animations/Items/Main_Handed/Sword/Idle.blockyanim","16102","8095E43E61505142394803A5E6AC00130903D5B0809A624EC3213EFC899B488A"
"character-animations","Idle_FPS","Items/Main_Handed/Sword/Idle_FPS","Common/Characters/Animations/Items/Main_Handed/Sword/Idle_FPS.blockyanim","1985","A2A19D506B73809A3697AF5DEEEA3088F5F279F221EBC004541A2FE53320ABE9"
"character-animations","Interact","Items/Main_Handed/Sword/Interact","Common/Characters/Animations/Items/Main_Handed/Sword/Interact.blockyanim","12050","9FA1FCFE167104B20EF2D0D4023CD4A09D1832CFDE5101DB774809F907CA1095"
"character-animations","Interact_FPS","Items/Main_Handed/Sword/Interact_FPS","Common/Characters/Animations/Items/Main_Handed/Sword/Interact_FPS.blockyanim","4313","8B4E9241E2F91F1C6728FDD9A0DEA74CD153E9D31442D399A6E3C39D7EF237FE"
"character-animations","Jump","Items/Main_Handed/Sword/Jump","Common/Characters/Animations/Items/Main_Handed/Sword/Jump.blockyanim","4056","D30C49CB1A6F34B37B4F331B4649F7FD3801F1ACB8B21BDDCE0068FF9567348E"
"character-animations","Jump_Far","Items/Main_Handed/Sword/Jump_Far","Common/Characters/Animations/Items/Main_Handed/Sword/Jump_Far.blockyanim","4641","3D8BBB61625A96AE36D79D1F94E17BDE08023E4E5C34962C887819ADDB6A1F4F"
"character-animations","Jump_Far_FPS","Items/Main_Handed/Sword/Jump_Far_FPS","Common/Characters/Animations/Items/Main_Handed/Sword/Jump_Far_FPS.blockyanim","2623","D006F4B1AE0486A4C846A9718F589748779B99D97FAA125945E1C320CC82B23F"
"character-animations","Jump_FPS","Items/Main_Handed/Sword/Jump_FPS","Common/Characters/Animations/Items/Main_Handed/Sword/Jump_FPS.blockyanim","2623","AE57A4313A586BB3A60EF5DEB3B1832B14FD1401D9A16311F02AA55ECC801452"
"character-animations","Mantle_Up","Items/Main_Handed/Sword/Mantle/Mantle_Up","Common/Characters/Animations/Items/Main_Handed/Sword/Mantle/Mantle_Up.blockyanim","1109","A3A85C3FBB747C5ED433FA63509CA976A66A94510064BE641D97C12B987F7BBB"
"character-animations","Mantle_Up_FPS","Items/Main_Handed/Sword/Mantle/Mantle_Up_FPS","Common/Characters/Animations/Items/Main_Handed/Sword/Mantle/Mantle_Up_FPS.blockyanim","8592","8237387C71B0459EC14EA45DF5BD202A0F8CE71DA9BE62F63D98FFE2CEEB2B6B"
"character-animations","Run","Items/Main_Handed/Sword/Run","Common/Characters/Animations/Items/Main_Handed/Sword/Run.blockyanim","4087","10684BF7D9D0969EC401BE0CCA2F8CF9A24FC2EAE374FC3934810094DC6A2F24"
"character-animations","Run_Backward","Items/Main_Handed/Sword/Run_Backward","Common/Characters/Animations/Items/Main_Handed/Sword/Run_Backward.blockyanim","4087","60FA8CE34DC22CADBC44BFC0662D824D945A96A7124A5DC73F5FF34C187CE65A"
"character-animations","Run_Backward_FPS","Items/Main_Handed/Sword/Run_Backward_FPS","Common/Characters/Animations/Items/Main_Handed/Sword/Run_Backward_FPS.blockyanim","1960","ACED9B90011334936580BFE4866D14945D9519CB052D5791BE1552EBFE0F8127"
"character-animations","Run_FPS","Items/Main_Handed/Sword/Run_FPS","Common/Characters/Animations/Items/Main_Handed/Sword/Run_FPS.blockyanim","1960","DE7A37BBCE822050EC3FE51D5E80805BA7F5D96A31953379D8E9060AB6B0650A"
"character-animations","Sprint","Items/Main_Handed/Sword/Sprint","Common/Characters/Animations/Items/Main_Handed/Sword/Sprint.blockyanim","4110","BD27FF7EAD0B686566370DEEDD127ED67C6B2735AD8BD14AB635D4548B7E6333"
"character-animations","Sprint_FPS","Items/Main_Handed/Sword/Sprint_FPS","Common/Characters/Animations/Items/Main_Handed/Sword/Sprint_FPS.blockyanim","1961","76A2621CFF121C8111EF823EB08B4709F355DE970D5AC7F379B96A9B46E155C7"
"character-animations","Swim","Items/Main_Handed/Sword/Swim/Swim","Common/Characters/Animations/Items/Main_Handed/Sword/Swim/Swim.blockyanim","4348","50A89D4C233DF4272A6A0A6DC10CCCA3BBB42EB0F00176F38291190624B4FDD5"
"character-animations","Swim_Backward","Items/Main_Handed/Sword/Swim/Swim_Backward","Common/Characters/Animations/Items/Main_Handed/Sword/Swim/Swim_Backward.blockyanim","3381","48CC7DFAA53447D7ABEE6E92E228D0CE61BE07D6148E05A355DDD60CC044D3E1"
"character-animations","Swim_Backward_FPS","Items/Main_Handed/Sword/Swim/Swim_Backward_FPS","Common/Characters/Animations/Items/Main_Handed/Sword/Swim/Swim_Backward_FPS.blockyanim","2807","382013B4335B7C543FA1119541417DFB191EE1EB2F82D7876BA1F6784B73C781"
"character-animations","Swim_Dive","Items/Main_Handed/Sword/Swim/Swim_Dive","Common/Characters/Animations/Items/Main_Handed/Sword/Swim/Swim_Dive.blockyanim","4927","83CF8CCEE90ED201FAEC56A5304D0808386479EF2C9A7CFF3111439D9A214CBA"
"character-animations","Swim_Dive_Backward","Items/Main_Handed/Sword/Swim/Swim_Dive_Backward","Common/Characters/Animations/Items/Main_Handed/Sword/Swim/Swim_Dive_Backward.blockyanim","3381","48CC7DFAA53447D7ABEE6E92E228D0CE61BE07D6148E05A355DDD60CC044D3E1"
"character-animations","Swim_Dive_Backward_FPS","Items/Main_Handed/Sword/Swim/Swim_Dive_Backward_FPS","Common/Characters/Animations/Items/Main_Handed/Sword/Swim/Swim_Dive_Backward_FPS.blockyanim","2807","382013B4335B7C543FA1119541417DFB191EE1EB2F82D7876BA1F6784B73C781"
"character-animations","Swim_Dive_Fast","Items/Main_Handed/Sword/Swim/Swim_Dive_Fast","Common/Characters/Animations/Items/Main_Handed/Sword/Swim/Swim_Dive_Fast.blockyanim","4092","A77DADC18BB7C3D4A9D34FBB4834A46D72479095D4A8CECD8AB44B2C7A45D23A"
"character-animations","Swim_Dive_Fast_FPS","Items/Main_Handed/Sword/Swim/Swim_Dive_Fast_FPS","Common/Characters/Animations/Items/Main_Handed/Sword/Swim/Swim_Dive_Fast_FPS.blockyanim","1984","9F55A40C7F7F675D7EF493AE10B8215975334DBC73E21271376D17A0D2FB7A34"
"character-animations","Swim_Dive_FPS","Items/Main_Handed/Sword/Swim/Swim_Dive_FPS","Common/Characters/Animations/Items/Main_Handed/Sword/Swim/Swim_Dive_FPS.blockyanim","2158","2B692635B23934E674FD5CBE6FCE8A9042526766CDF5A6D7FA13D7CE85D5515E"
"character-animations","Swim_Fast","Items/Main_Handed/Sword/Swim/Swim_Fast","Common/Characters/Animations/Items/Main_Handed/Sword/Swim/Swim_Fast.blockyanim","5980","188C6E0E603014FA7DAABBA5A9CA3394C7857945E632B87B1808F28CCEB951E1"
"character-animations","Swim_Fast_FPS","Items/Main_Handed/Sword/Swim/Swim_Fast_FPS","Common/Characters/Animations/Items/Main_Handed/Sword/Swim/Swim_Fast_FPS.blockyanim","2504","46C4476A5447F7ACB3A7840534F5B7473AB3A62D26ACDCFB0F3D05F45CABE473"
"character-animations","Swim_Float","Items/Main_Handed/Sword/Swim/Swim_Float","Common/Characters/Animations/Items/Main_Handed/Sword/Swim/Swim_Float.blockyanim","5389","48037EE9655F2E3560AB791CFAC74DA6991F918F9D1EF91EB8073E64F1777126"
"character-animations","Swim_Float_FPS","Items/Main_Handed/Sword/Swim/Swim_Float_FPS","Common/Characters/Animations/Items/Main_Handed/Sword/Swim/Swim_Float_FPS.blockyanim","2158","2B692635B23934E674FD5CBE6FCE8A9042526766CDF5A6D7FA13D7CE85D5515E"
"character-animations","Swim_FPS","Items/Main_Handed/Sword/Swim/Swim_FPS","Common/Characters/Animations/Items/Main_Handed/Sword/Swim/Swim_FPS.blockyanim","2377","E9E7209074828BCFEE2CE63C041E3A2A5D49987E7192AA75A42E5BFB1950EB49"
"character-animations","Swim_Idle","Items/Main_Handed/Sword/Swim/Swim_Idle","Common/Characters/Animations/Items/Main_Handed/Sword/Swim/Swim_Idle.blockyanim","3562","FFB118B7CB71CE99C2FC1184FBE91F770E5636EA4E3BBCE2D4119E029845B80D"
"character-animations","Swim_Idle_FPS","Items/Main_Handed/Sword/Swim/Swim_Idle_FPS","Common/Characters/Animations/Items/Main_Handed/Sword/Swim/Swim_Idle_FPS.blockyanim","1739","9E8DEE125D4C780664A8D0225AFFFF038934D68BF771D56287B325C62129692F"
"character-animations","Swim_Jump","Items/Main_Handed/Sword/Swim/Swim_Jump","Common/Characters/Animations/Items/Main_Handed/Sword/Swim/Swim_Jump.blockyanim","5657","5598405F48CFA5EFCF9FD0E6E0D11AFFFB1082A31EA8EE8B6BB080791A511414"
"character-animations","Swim_Jump_FPS","Items/Main_Handed/Sword/Swim/Swim_Jump_FPS","Common/Characters/Animations/Items/Main_Handed/Sword/Swim/Swim_Jump_FPS.blockyanim","2548","2412FD46E0A4A77285738AED2A846C3D634FF5A84487DFA80E6104F0D1B91393"
"character-animations","Swim_Sink","Items/Main_Handed/Sword/Swim/Swim_Sink","Common/Characters/Animations/Items/Main_Handed/Sword/Swim/Swim_Sink.blockyanim","3585","4EBA5E66438FCB1A934C4E95F692D32DE9F7387990CEC106A1419B8410D9B6E1"
"character-animations","Swim_Sink_FPS","Items/Main_Handed/Sword/Swim/Swim_Sink_FPS","Common/Characters/Animations/Items/Main_Handed/Sword/Swim/Swim_Sink_FPS.blockyanim","1983","DB18F15BCE1935155B0E6950463FA8147D978D06618BABEB9238A9A9F5549B96"
"character-animations","Walk","Items/Main_Handed/Sword/Walk","Common/Characters/Animations/Items/Main_Handed/Sword/Walk.blockyanim","4092","02B90F67C22D45DCBBF27124BAA447542090EA76983F8814B078CD6FF293F3A9"
"character-animations","Walk_Backward","Items/Main_Handed/Sword/Walk_Backward","Common/Characters/Animations/Items/Main_Handed/Sword/Walk_Backward.blockyanim","4099","12058FE1104A10642761070D1DCF8A548E3265E2FB75ED0BDEE043881E22991B"
"character-animations","Walk_Backward_FPS","Items/Main_Handed/Sword/Walk_Backward_FPS","Common/Characters/Animations/Items/Main_Handed/Sword/Walk_Backward_FPS.blockyanim","1984","E84BD37BA1265D0CF1B38DCFC0C58312C100F31D5F65D1501FED48D9F1F2C194"
"character-animations","Walk_FPS","Items/Main_Handed/Sword/Walk_FPS","Common/Characters/Animations/Items/Main_Handed/Sword/Walk_FPS.blockyanim","1982","A32FDE0294A6C8C0CF499C413F5FA76EF13453CAEDC7806193F814DD8E1A84C0"
"character-animations","Cast_Left_Charged","Items/Main_Handed/Wand/Attacks/Cast_Left_Charged/Cast_Left_Charged","Common/Characters/Animations/Items/Main_Handed/Wand/Attacks/Cast_Left_Charged/Cast_Left_Charged.blockyanim","13348","9BA02F2824C34E922B3501A38CFC87FE547310148F1D9ACC5D03758A4967A097"
"character-animations","Cast_Left_Charged_FPS","Items/Main_Handed/Wand/Attacks/Cast_Left_Charged/Cast_Left_Charged_FPS","Common/Characters/Animations/Items/Main_Handed/Wand/Attacks/Cast_Left_Charged/Cast_Left_Charged_FPS.blockyanim","4764","8ABCFD64E7E78FB4ED39D89E199922F81414A10A2923084D307C3E7B23D781B6"
"character-animations","Cast_Left_Charged_Moving","Items/Main_Handed/Wand/Attacks/Cast_Left_Charged/Cast_Left_Charged_Moving","Common/Characters/Animations/Items/Main_Handed/Wand/Attacks/Cast_Left_Charged/Cast_Left_Charged_Moving.blockyanim","9025","1720894F519185C6A265ADA9855D71663DDE6FE15D11BA607CB8BB6DE680498F"
"character-animations","Cast_Left_Charging","Items/Main_Handed/Wand/Attacks/Cast_Left_Charged/Cast_Left_Charging","Common/Characters/Animations/Items/Main_Handed/Wand/Attacks/Cast_Left_Charged/Cast_Left_Charging.blockyanim","8032","9D3AD0B7D4FCD2E6A897E983BE8BEA6934E52CC053B6F6BDA99CCF257AB2A703"
"character-animations","Cast_Left_Charging_FPS","Items/Main_Handed/Wand/Attacks/Cast_Left_Charged/Cast_Left_Charging_FPS","Common/Characters/Animations/Items/Main_Handed/Wand/Attacks/Cast_Left_Charged/Cast_Left_Charging_FPS.blockyanim","3864","57CE0D98E34C715CBBEDA9B0CA2616FD0CA55E122AF2F36F133EB712EE752F9B"
"character-animations","Cast_Left_Charging_Moving","Items/Main_Handed/Wand/Attacks/Cast_Left_Charged/Cast_Left_Charging_Moving","Common/Characters/Animations/Items/Main_Handed/Wand/Attacks/Cast_Left_Charged/Cast_Left_Charging_Moving.blockyanim","5359","BA0A51D698FE048B3AF137029E8ED56E47FB5FEE0C904D7FC819C9BCE9EF6F9A"
"character-animations","Cast_Left","Items/Main_Handed/Wand/Attacks/Cast_Left/Cast_Left","Common/Characters/Animations/Items/Main_Handed/Wand/Attacks/Cast_Left/Cast_Left.blockyanim","18362","7065F94433DB21AC07C660DB95D0924EDD4E5090D28D2866D3BAC32F8A55BC62"
"character-animations","Cast_Left_FPS","Items/Main_Handed/Wand/Attacks/Cast_Left/Cast_Left_FPS","Common/Characters/Animations/Items/Main_Handed/Wand/Attacks/Cast_Left/Cast_Left_FPS.blockyanim","6355","79338E6A61E19214B9C1F139DB176C89E787BEC21A11DB14965C2971B8DECC3A"
"character-animations","Cast_Left_Moving","Items/Main_Handed/Wand/Attacks/Cast_Left/Cast_Left_Moving","Common/Characters/Animations/Items/Main_Handed/Wand/Attacks/Cast_Left/Cast_Left_Moving.blockyanim","12681","CA636B77FE2937134CB741BB3B7015953C7155D9895031EC69742B2D4872964F"
"character-animations","Guard_Bash","Items/Off_Handed/Shield/Attacks/Guard_Bash/Guard_Bash","Common/Characters/Animations/Items/Off_Handed/Shield/Attacks/Guard_Bash/Guard_Bash.blockyanim","12086","DF9289AC328937EBF6CFFD4B5655A1E6C5435FB8332BBAEE023100AD51696EAE"
"character-animations","Guard_Bash_FPS","Items/Off_Handed/Shield/Attacks/Guard_Bash/Guard_Bash_FPS","Common/Characters/Animations/Items/Off_Handed/Shield/Attacks/Guard_Bash/Guard_Bash_FPS.blockyanim","7696","0788EA7761B6FD46FEADBFA40DF67DC80D9E88827465A2D6324B30F059071F69"
"character-animations","Guard_Bash_Moving","Items/Off_Handed/Shield/Attacks/Guard_Bash/Guard_Bash_Moving","Common/Characters/Animations/Items/Off_Handed/Shield/Attacks/Guard_Bash/Guard_Bash_Moving.blockyanim","12080","8794E4A4C6B7F55CD6F7DB952ED8CCFA48E4B6F969A0994C989CC8011F102B54"
"character-animations","Guard_Hurt","Items/Off_Handed/Shield/Attacks/Guard_Hurt/Guard_Hurt","Common/Characters/Animations/Items/Off_Handed/Shield/Attacks/Guard_Hurt/Guard_Hurt.blockyanim","5481","880F768BD0FE7869D7154B42CE2AA4DFE977E8D69A61332D0A8A0E2107E4E911"
"character-animations","Guard_Hurt_FPS","Items/Off_Handed/Shield/Attacks/Guard_Hurt/Guard_Hurt_FPS","Common/Characters/Animations/Items/Off_Handed/Shield/Attacks/Guard_Hurt/Guard_Hurt_FPS.blockyanim","4046","162536AC49C1E0A43E852C855544F633BC6B3056C99A04BBE79E0DD51B17A224"
"character-animations","Guard_Hurt_Moving","Items/Off_Handed/Shield/Attacks/Guard_Hurt/Guard_Hurt_Moving","Common/Characters/Animations/Items/Off_Handed/Shield/Attacks/Guard_Hurt/Guard_Hurt_Moving.blockyanim","5481","880F768BD0FE7869D7154B42CE2AA4DFE977E8D69A61332D0A8A0E2107E4E911"
"character-animations","Guard","Items/Off_Handed/Shield/Attacks/Guard/Guard","Common/Characters/Animations/Items/Off_Handed/Shield/Attacks/Guard/Guard.blockyanim","3340","670F68B4634E0E522FA01F133B75FFB8895A9F238E95129ACA1A95C958DD6606"
"character-animations","Guard_FPS","Items/Off_Handed/Shield/Attacks/Guard/Guard_FPS","Common/Characters/Animations/Items/Off_Handed/Shield/Attacks/Guard/Guard_FPS.blockyanim","2572","DC3288A4C5B5C2797B494A689B233CFC623C9BD55187C368CBD2559009E059F0"
"character-animations","Guard_Moving","Items/Off_Handed/Shield/Attacks/Guard/Guard_Moving","Common/Characters/Animations/Items/Off_Handed/Shield/Attacks/Guard/Guard_Moving.blockyanim","3336","AA45271C782FE3C3F0DD071F8FB8D58C1D1089220974AD743CF967DE43C51557"
"character-animations","Swing_Left","Items/Off_Handed/Shield/Attacks/Swing_Left/Swing_Left","Common/Characters/Animations/Items/Off_Handed/Shield/Attacks/Swing_Left/Swing_Left.blockyanim","13531","9373A86EDEC021F419E7F400C8DE9D976CC9145BADA538A596AB8ECC8A115A5A"
"character-animations","Swing_Left_FPS","Items/Off_Handed/Shield/Attacks/Swing_Left/Swing_Left_FPS","Common/Characters/Animations/Items/Off_Handed/Shield/Attacks/Swing_Left/Swing_Left_FPS.blockyanim","5900","68674CA4280C0DC1F8FC423D581D55B79CDE0980F6FF3641E9E9889AA2E3F71A"
"character-animations","Swing_Left_Moving","Items/Off_Handed/Shield/Attacks/Swing_Left/Swing_Left_Moving","Common/Characters/Animations/Items/Off_Handed/Shield/Attacks/Swing_Left/Swing_Left_Moving.blockyanim","13568","4A0564ADB125C352D3E3D6975A61DA598148CDEAB68841E0606B3B15D43BF2A6"
"character-animations","Climb_Down","Items/Off_Handed/Shield/Climb/Climb_Down","Common/Characters/Animations/Items/Off_Handed/Shield/Climb/Climb_Down.blockyanim","1852","81015E443FCC562D41C3D3A7942063F874F6655CDB66E2FC59F5721F59711C1E"
"character-animations","Climb_Down_FPS","Items/Off_Handed/Shield/Climb/Climb_Down_FPS","Common/Characters/Animations/Items/Off_Handed/Shield/Climb/Climb_Down_FPS.blockyanim","1912","F45248683A0F8A5DC1DA9A625FF6924C680B721819D356CFAC710C06116BD140"
"character-animations","Climb_Idle","Items/Off_Handed/Shield/Climb/Climb_Idle","Common/Characters/Animations/Items/Off_Handed/Shield/Climb/Climb_Idle.blockyanim","819","EBB2CADEDAD325C2EC29FB94BE7745E3AB94EF57ED849EE44F1B544BC72FAC13"
"character-animations","Climb_Idle_FPS","Items/Off_Handed/Shield/Climb/Climb_Idle_FPS","Common/Characters/Animations/Items/Off_Handed/Shield/Climb/Climb_Idle_FPS.blockyanim","1985","4D6C87184E834DF8D7FDE1C9E78B883112EAD22FCA982963BCCF10B2B1AA1E2C"
"character-animations","Climb_Left","Items/Off_Handed/Shield/Climb/Climb_Left","Common/Characters/Animations/Items/Off_Handed/Shield/Climb/Climb_Left.blockyanim","1473","3847123D77D05E8DE99325D91C2F2D9849D4FD3AF571E5830907BBFD56D87A88"
"character-animations","Climb_Left_FPS","Items/Off_Handed/Shield/Climb/Climb_Left_FPS","Common/Characters/Animations/Items/Off_Handed/Shield/Climb/Climb_Left_FPS.blockyanim","1695","CBBAFE08456EC53E507C4D7E678D235050458C40F1DD6C8AD90755F74854BF2E"
"character-animations","Climb_Right","Items/Off_Handed/Shield/Climb/Climb_Right","Common/Characters/Animations/Items/Off_Handed/Shield/Climb/Climb_Right.blockyanim","1473","DF31743B793E6F822B095BF53EC63DA5626885D929E65FE29D007D9EFF82D7C0"
"character-animations","Climb_Right_FPS","Items/Off_Handed/Shield/Climb/Climb_Right_FPS","Common/Characters/Animations/Items/Off_Handed/Shield/Climb/Climb_Right_FPS.blockyanim","1695","4A565BD91CF30C3C76F0BEE4CEAFB5A821BC55767AD33FDA796DE5BBC3D9A5B5"
"character-animations","Climb_Up","Items/Off_Handed/Shield/Climb/Climb_Up","Common/Characters/Animations/Items/Off_Handed/Shield/Climb/Climb_Up.blockyanim","1852","19F8880FA66C20CC56896E2A0A9704E2E7B5222753ABE1ECB761AE76C535EE83"
"character-animations","Climb_Up_FPS","Items/Off_Handed/Shield/Climb/Climb_Up_FPS","Common/Characters/Animations/Items/Off_Handed/Shield/Climb/Climb_Up_FPS.blockyanim","1912","E0A9C306A6FB2717733350F3C958999952AC3FB981A2EE03017EDDCA2845ECD7"
"character-animations","Crouch","Items/Off_Handed/Shield/Crouch","Common/Characters/Animations/Items/Off_Handed/Shield/Crouch.blockyanim","1569","DD9C20D27BE5C63453DE75A311F1D11F802049A17EE8FD10750712E1FE3A7370"
"character-animations","Crouch_FPS","Items/Off_Handed/Shield/Crouch_FPS","Common/Characters/Animations/Items/Off_Handed/Shield/Crouch_FPS.blockyanim","1985","0EBAB02117B154D8E0CDDC60388B63BC5F0177E650A1308E24B5B0403A3BC5CD"
"character-animations","Crouch_Walk","Items/Off_Handed/Shield/Crouch_Walk","Common/Characters/Animations/Items/Off_Handed/Shield/Crouch_Walk.blockyanim","1797","62669AE40B0EACF4A00CA67F6A77D4955CBA7A1217123916D0D87A9347D8B92E"
"character-animations","Crouch_Walk_Backward","Items/Off_Handed/Shield/Crouch_Walk_Backward","Common/Characters/Animations/Items/Off_Handed/Shield/Crouch_Walk_Backward.blockyanim","1797","9E1445C8EC90EFEE1DDC0713EB42943E7E9B4BD03AE65AEFF5AD567FD6C7ED6A"
"character-animations","Crouch_Walk_Backward_FPS","Items/Off_Handed/Shield/Crouch_Walk_Backward_FPS","Common/Characters/Animations/Items/Off_Handed/Shield/Crouch_Walk_Backward_FPS.blockyanim","1986","B5C7B4168C5C7470839F8EF3DC5D594FEB608BCB8AD320962B6DAF15503426B2"
"character-animations","Crouch_Walk_FPS","Items/Off_Handed/Shield/Crouch_Walk_FPS","Common/Characters/Animations/Items/Off_Handed/Shield/Crouch_Walk_FPS.blockyanim","1986","C68C0D5BA59035AA0A8645FD491482AF4F8643A730388A73B19B5F74445B73E2"
"character-animations","Fall","Items/Off_Handed/Shield/Fall","Common/Characters/Animations/Items/Off_Handed/Shield/Fall.blockyanim","1812","428B285E6C6C47DCFEA0D8662BFF187034E2BCD24C28832310789D043C8492F5"
"character-animations","Fall_Far","Items/Off_Handed/Shield/Fall_Far","Common/Characters/Animations/Items/Off_Handed/Shield/Fall_Far.blockyanim","1812","947D60B1B61E950A637AFA237AFA176B478AA3AD581C18C2E07E413E8914281E"
"character-animations","Fall_Far_FPS","Items/Off_Handed/Shield/Fall_Far_FPS","Common/Characters/Animations/Items/Off_Handed/Shield/Fall_Far_FPS.blockyanim","2157","3B9F5C3B65B6CAE20BF38763DC7B6C619294FFBB99148092036AAD940C4260E2"
"character-animations","Fall_FPS","Items/Off_Handed/Shield/Fall_FPS","Common/Characters/Animations/Items/Off_Handed/Shield/Fall_FPS.blockyanim","1984","41DCFEB77124B4D75190455EAC5D674495B1B809F2DC4D4758F800C13A24FF2C"
"character-animations","Fly","Items/Off_Handed/Shield/Fly/Fly","Common/Characters/Animations/Items/Off_Handed/Shield/Fly/Fly.blockyanim","1571","F4BB4851075EA19071CD9B27865ADDFE33A0245C713A372959BC749F668F9AE0"
"character-animations","Fly_Backward","Items/Off_Handed/Shield/Fly/Fly_Backward","Common/Characters/Animations/Items/Off_Handed/Shield/Fly/Fly_Backward.blockyanim","1568","A516831FDBAE710C774B64337F8849F2D40F09FC593470AAEA806110FCC761F0"
"character-animations","Fly_Backward_FPS","Items/Off_Handed/Shield/Fly/Fly_Backward_FPS","Common/Characters/Animations/Items/Off_Handed/Shield/Fly/Fly_Backward_FPS.blockyanim","1986","C68C0D5BA59035AA0A8645FD491482AF4F8643A730388A73B19B5F74445B73E2"
"character-animations","Fly_Fast","Items/Off_Handed/Shield/Fly/Fly_Fast","Common/Characters/Animations/Items/Off_Handed/Shield/Fly/Fly_Fast.blockyanim","1568","FF3A374FA62ED02CD6C3A3C00CEB22FB43413F0117B9B1D4EEC4A940844F53DA"
"character-animations","Fly_Fast_FPS","Items/Off_Handed/Shield/Fly/Fly_Fast_FPS","Common/Characters/Animations/Items/Off_Handed/Shield/Fly/Fly_Fast_FPS.blockyanim","1984","F8DA9E02B0D2AD4367FEAE8AE9B9FA0C090338DCF0887CD04F32CAFECFB6E352"
"character-animations","Fly_FPS","Items/Off_Handed/Shield/Fly/Fly_FPS","Common/Characters/Animations/Items/Off_Handed/Shield/Fly/Fly_FPS.blockyanim","1986","C68C0D5BA59035AA0A8645FD491482AF4F8643A730388A73B19B5F74445B73E2"
"character-animations","Fly_Idle","Items/Off_Handed/Shield/Fly/Fly_Idle","Common/Characters/Animations/Items/Off_Handed/Shield/Fly/Fly_Idle.blockyanim","1569","5ACCDA27CC136DE886ACFC4C855650D2A6196B7CC3A36E21E9CCD897EB03922A"
"character-animations","Fly_Idle_FPS","Items/Off_Handed/Shield/Fly/Fly_Idle_FPS","Common/Characters/Animations/Items/Off_Handed/Shield/Fly/Fly_Idle_FPS.blockyanim","1985","0EBAB02117B154D8E0CDDC60388B63BC5F0177E650A1308E24B5B0403A3BC5CD"
"character-animations","Idle","Items/Off_Handed/Shield/Idle","Common/Characters/Animations/Items/Off_Handed/Shield/Idle.blockyanim","1569","5ACCDA27CC136DE886ACFC4C855650D2A6196B7CC3A36E21E9CCD897EB03922A"
"character-animations","Idle_FPS","Items/Off_Handed/Shield/Idle_FPS","Common/Characters/Animations/Items/Off_Handed/Shield/Idle_FPS.blockyanim","1985","0EBAB02117B154D8E0CDDC60388B63BC5F0177E650A1308E24B5B0403A3BC5CD"
"character-animations","Jump","Items/Off_Handed/Shield/Jump","Common/Characters/Animations/Items/Off_Handed/Shield/Jump.blockyanim","2239","5AD90D3D9B198CBE14D3E92152C11DEA9AA8224014C8D6082C95B2514BA64BD7"
"character-animations","Jump_Far","Items/Off_Handed/Shield/Jump_Far","Common/Characters/Animations/Items/Off_Handed/Shield/Jump_Far.blockyanim","2235","8C95E6DE3A7066496C573B3BB6911395C7CE3306898AE1651E1128B60597CF78"
"character-animations","Jump_Far_FPS","Items/Off_Handed/Shield/Jump_Far_FPS","Common/Characters/Animations/Items/Off_Handed/Shield/Jump_Far_FPS.blockyanim","2406","43014F67D9AA1E25AD89FFFB54B2EEF848184658443FB4AA3D34AD3CF867AD75"
"character-animations","Jump_FPS","Items/Off_Handed/Shield/Jump_FPS","Common/Characters/Animations/Items/Off_Handed/Shield/Jump_FPS.blockyanim","2407","0FB37D087513732A2A7D42FC87D72AFB8FB567F709ACDC2E113FB950B7F9B39C"
"character-animations","Run","Items/Off_Handed/Shield/Run","Common/Characters/Animations/Items/Off_Handed/Shield/Run.blockyanim","1800","6A575D9CF5F2FF623452CB563075B0074F33AD586430E70A466B2D8756CB6BDF"
"character-animations","Run_Backward","Items/Off_Handed/Shield/Run_Backward","Common/Characters/Animations/Items/Off_Handed/Shield/Run_Backward.blockyanim","1800","8B840287A9E01A8A3E47A4C8AD2DCC9B417DBC0DE5151868A56E28A9E2A98F82"
"character-animations","Run_Backward_FPS","Items/Off_Handed/Shield/Run_Backward_FPS","Common/Characters/Animations/Items/Off_Handed/Shield/Run_Backward_FPS.blockyanim","1986","D166454CACF205B3E9304046B13E21299F36D0AAB693F5E94B62078CA43678C3"
"character-animations","Run_FPS","Items/Off_Handed/Shield/Run_FPS","Common/Characters/Animations/Items/Off_Handed/Shield/Run_FPS.blockyanim","1986","A57872B5BC3B023923B6C99504B518AB193EE8A988270E2D1B940FAED7154DE0"
"character-animations","Sprint","Items/Off_Handed/Shield/Sprint","Common/Characters/Animations/Items/Off_Handed/Shield/Sprint.blockyanim","1800","94FA0A78235EEB0B8EEE63B3C7259CD07FAC60B4EBFA6810C91B9995FDD6AC28"
"character-animations","Sprint_FPS","Items/Off_Handed/Shield/Sprint_FPS","Common/Characters/Animations/Items/Off_Handed/Shield/Sprint_FPS.blockyanim","1984","CD15BC9337DDC7B8FD320C929002B365E21500E1223858E8C1439AA8DECDA291"
"character-animations","Swim","Items/Off_Handed/Shield/Swim/Swim","Common/Characters/Animations/Items/Off_Handed/Shield/Swim/Swim.blockyanim","2600","872EF3C20309AD79043973D6D0C650B72C45AFD87DF5346BA867EECE9FB8B40D"
"character-animations","Swim_Backward","Items/Off_Handed/Shield/Swim/Swim_Backward","Common/Characters/Animations/Items/Off_Handed/Shield/Swim/Swim_Backward.blockyanim","2425","6ADA220AE6C5A402284E2976A536B484F6F8FB913E0A2DF833AA81DE9FE91C7F"
"character-animations","Swim_Backward_FPS","Items/Off_Handed/Shield/Swim/Swim_Backward_FPS","Common/Characters/Animations/Items/Off_Handed/Shield/Swim/Swim_Backward_FPS.blockyanim","2588","3F36F1E7F24D58669CB47B54715C4C1EEEB9D5B85CFEB42EC42185B5AFB6728B"
"character-animations","Swim_Dive","Items/Off_Handed/Shield/Swim/Swim_Dive","Common/Characters/Animations/Items/Off_Handed/Shield/Swim/Swim_Dive.blockyanim","2805","C43C7951ECB46CE771AFBCC6C80B575E0679FFC30CB70C23879B5E22E385281D"
"character-animations","Swim_Dive_Backward","Items/Off_Handed/Shield/Swim/Swim_Dive_Backward","Common/Characters/Animations/Items/Off_Handed/Shield/Swim/Swim_Dive_Backward.blockyanim","2425","6ADA220AE6C5A402284E2976A536B484F6F8FB913E0A2DF833AA81DE9FE91C7F"
"character-animations","Swim_Dive_Backward_FPS","Items/Off_Handed/Shield/Swim/Swim_Dive_Backward_FPS","Common/Characters/Animations/Items/Off_Handed/Shield/Swim/Swim_Dive_Backward_FPS.blockyanim","2588","3F36F1E7F24D58669CB47B54715C4C1EEEB9D5B85CFEB42EC42185B5AFB6728B"
"character-animations","Swim_Dive_Fast","Items/Off_Handed/Shield/Swim/Swim_Dive_Fast","Common/Characters/Animations/Items/Off_Handed/Shield/Swim/Swim_Dive_Fast.blockyanim","1802","B60A6F389D817458597090900F30BE6212980A86C653158A96F97152874E0CD7"
"character-animations","Swim_Dive_Fast_FPS","Items/Off_Handed/Shield/Swim/Swim_Dive_Fast_FPS","Common/Characters/Animations/Items/Off_Handed/Shield/Swim/Swim_Dive_Fast_FPS.blockyanim","1985","A40A6ED5AE3D306F69A2D32524920DB8AF8A81D79D5B4450B4D1162248F51FE0"
"character-animations","Swim_Dive_FPS","Items/Off_Handed/Shield/Swim/Swim_Dive_FPS","Common/Characters/Animations/Items/Off_Handed/Shield/Swim/Swim_Dive_FPS.blockyanim","2592","3E9A8B33EACAF158CF37F71F09E8568584A22E3D20FFA0CB5FACD53983F411FC"
"character-animations","Swim_Fast","Items/Off_Handed/Shield/Swim/Swim_Fast","Common/Characters/Animations/Items/Off_Handed/Shield/Swim/Swim_Fast.blockyanim","3262","5E6A98A7B17F073FB1BD3E5B5D7E960C2BC4B8D7A6D626E99244C046E26FE635"
"character-animations","Swim_Fast_FPS","Items/Off_Handed/Shield/Swim/Swim_Fast_FPS","Common/Characters/Animations/Items/Off_Handed/Shield/Swim/Swim_Fast_FPS.blockyanim","3023","194D2C931BBD024C655A10BDBAD2FE6F59468A0F747D9EE65EA3102C0F807AE7"
"character-animations","Swim_Float","Items/Off_Handed/Shield/Swim/Swim_Float","Common/Characters/Animations/Items/Off_Handed/Shield/Swim/Swim_Float.blockyanim","3052","45AFE7DD5A5592269B2D17F185877E036B335496CA530D1A811083A0BD7AB246"
"character-animations","Swim_Float_FPS","Items/Off_Handed/Shield/Swim/Swim_Float_FPS","Common/Characters/Animations/Items/Off_Handed/Shield/Swim/Swim_Float_FPS.blockyanim","2588","28380B4CBD28FA166F70A43D996722900F32D387A01007AA2843CCD62D956AE7"
"character-animations","Swim_FPS","Items/Off_Handed/Shield/Swim/Swim_FPS","Common/Characters/Animations/Items/Off_Handed/Shield/Swim/Swim_FPS.blockyanim","2592","3E9A8B33EACAF158CF37F71F09E8568584A22E3D20FFA0CB5FACD53983F411FC"
"character-animations","Swim_Idle","Items/Off_Handed/Shield/Swim/Swim_Idle","Common/Characters/Animations/Items/Off_Handed/Shield/Swim/Swim_Idle.blockyanim","1812","6206F14932399CF75F280A5CB3D0F39F18E98E4C39C79F7583BB2177BCFE4265"
"character-animations","Swim_Idle_FPS","Items/Off_Handed/Shield/Swim/Swim_Idle_FPS","Common/Characters/Animations/Items/Off_Handed/Shield/Swim/Swim_Idle_FPS.blockyanim","1985","0EBAB02117B154D8E0CDDC60388B63BC5F0177E650A1308E24B5B0403A3BC5CD"
"character-animations","Swim_Jump","Items/Off_Handed/Shield/Swim/Swim_Jump","Common/Characters/Animations/Items/Off_Handed/Shield/Swim/Swim_Jump.blockyanim","2639","7B3C1E25DCD2FDA8AF864422B397E616F5CCFB418C1B23B7A856E9EBDD857095"
"character-animations","Swim_Jump_FPS","Items/Off_Handed/Shield/Swim/Swim_Jump_FPS","Common/Characters/Animations/Items/Off_Handed/Shield/Swim/Swim_Jump_FPS.blockyanim","1988","14A23F79DA2D6A3D30704F91720C1C7BE902720A0A696CC4A06AB300C70EB502"
"character-animations","Swim_Sink","Items/Off_Handed/Shield/Swim/Swim_Sink","Common/Characters/Animations/Items/Off_Handed/Shield/Swim/Swim_Sink.blockyanim","1811","19A9EF980DF69E8F67DED949D469BF6245AC8178A41664F82B8CFE0BE63A8FDB"
"character-animations","Swim_Sink_FPS","Items/Off_Handed/Shield/Swim/Swim_Sink_FPS","Common/Characters/Animations/Items/Off_Handed/Shield/Swim/Swim_Sink_FPS.blockyanim","1983","97B34C8701D4BF5E4F807FA906F7CCE9CAC7589C63E6352F0C9BB9257F80204C"
"character-animations","Walk","Items/Off_Handed/Shield/Walk","Common/Characters/Animations/Items/Off_Handed/Shield/Walk.blockyanim","1802","1E786DC214DE39FDAB8E747357B960118E43F9A735C7D9A22E7A8A808C203501"
"character-animations","Walk_Backward","Items/Off_Handed/Shield/Walk_Backward","Common/Characters/Animations/Items/Off_Handed/Shield/Walk_Backward.blockyanim","1802","9F34FAA8BBEE6AFF4176629DDD90FF2A3CCD3611AA7B73CC30D619302942D5B0"
"character-animations","Walk_Backward_FPS","Items/Off_Handed/Shield/Walk_Backward_FPS","Common/Characters/Animations/Items/Off_Handed/Shield/Walk_Backward_FPS.blockyanim","1986","CCCE3BC8E0A4335D3114E71378E37B820E9A26174D2418659874E6FAF7FF0A10"
"character-animations","Walk_FPS","Items/Off_Handed/Shield/Walk_FPS","Common/Characters/Animations/Items/Off_Handed/Shield/Walk_FPS.blockyanim","1986","011F021561408ED9902BA57EC9DC8A3DAA810B54EF8727290C80417D226C9CEE"
"character-animations","Throw","Items/Off_Handed/Throwing_Knife/Attacks/Throw/Throw","Common/Characters/Animations/Items/Off_Handed/Throwing_Knife/Attacks/Throw/Throw.blockyanim","11710","0E2229A33ED7B01AA9D43857B1E6FD07851B97A1EA1FE87D681C5182358B09E0"
"character-animations","Throw_FPS","Items/Off_Handed/Throwing_Knife/Attacks/Throw/Throw_FPS","Common/Characters/Animations/Items/Off_Handed/Throwing_Knife/Attacks/Throw/Throw_FPS.blockyanim","6306","34CE104A0254EBB9E875DFB1B3202935521179FD767560FDD7E778527E59E641"
"character-animations","Throw_Moving","Items/Off_Handed/Throwing_Knife/Attacks/Throw/Throw_Moving","Common/Characters/Animations/Items/Off_Handed/Throwing_Knife/Attacks/Throw/Throw_Moving.blockyanim","11707","0C9B8E2B0B863C03B910BAED1C6BFC101FA7773EA562FED19AA20A3DE0731FF7"
"character-animations","Climb_Down","Items/Off_Handed/Throwing_Knife/Climb/Climb_Down","Common/Characters/Animations/Items/Off_Handed/Throwing_Knife/Climb/Climb_Down.blockyanim","1636","F48690621881E7973FFFB72469F03C09074A7710418C64C931CB89E24AAA1C8F"
"character-animations","Climb_Down_FPS","Items/Off_Handed/Throwing_Knife/Climb/Climb_Down_FPS","Common/Characters/Animations/Items/Off_Handed/Throwing_Knife/Climb/Climb_Down_FPS.blockyanim","2710","3F51C4590150DD838380D4693A6A914E145D759784ECD3A2350E1F526A343DA8"
"character-animations","Climb_Idle","Items/Off_Handed/Throwing_Knife/Climb/Climb_Idle","Common/Characters/Animations/Items/Off_Handed/Throwing_Knife/Climb/Climb_Idle.blockyanim","1200","E9C3D3CDE7062219EE4C5C3CAD2842E8C702073AE2418D410F1B93EE5CA3FFD2"
"character-animations","Climb_Idle_FPS","Items/Off_Handed/Throwing_Knife/Climb/Climb_Idle_FPS","Common/Characters/Animations/Items/Off_Handed/Throwing_Knife/Climb/Climb_Idle_FPS.blockyanim","1713","FB0FFB7CE7068E834477F6C47D0609844A5EDDDAC1F04E74B65F0E833011706D"
"character-animations","Climb_Left","Items/Off_Handed/Throwing_Knife/Climb/Climb_Left","Common/Characters/Animations/Items/Off_Handed/Throwing_Knife/Climb/Climb_Left.blockyanim","1635","9D74D44D3DDE3A65DB673B5BDBB2A18FA2E2F02FBE8269F708C13D53E3C0C844"
"character-animations","Climb_Left_FPS","Items/Off_Handed/Throwing_Knife/Climb/Climb_Left_FPS","Common/Characters/Animations/Items/Off_Handed/Throwing_Knife/Climb/Climb_Left_FPS.blockyanim","3152","1E2A54D735B5F2A3113B20D7AE9E861E2C0F0AA510294D138F9F52E2702ED94A"
"character-animations","Climb_Right","Items/Off_Handed/Throwing_Knife/Climb/Climb_Right","Common/Characters/Animations/Items/Off_Handed/Throwing_Knife/Climb/Climb_Right.blockyanim","1635","BBAE0C542BCEACEC1C6B5E7C254D256993B77EED26CD4FF711E02E08CC07EFBD"
"character-animations","Climb_Right_FPS","Items/Off_Handed/Throwing_Knife/Climb/Climb_Right_FPS","Common/Characters/Animations/Items/Off_Handed/Throwing_Knife/Climb/Climb_Right_FPS.blockyanim","3152","F34CB19B53E31F385CC2264590F734E253F783FF4DA5E3266E4EB0C113760489"
"character-animations","Climb_Up","Items/Off_Handed/Throwing_Knife/Climb/Climb_Up","Common/Characters/Animations/Items/Off_Handed/Throwing_Knife/Climb/Climb_Up.blockyanim","1636","F4067291CA35968B56C5AAD1A5DC1E25328FA35C50A70F5D99CF8DA810782940"
"character-animations","Climb_Up_FPS","Items/Off_Handed/Throwing_Knife/Climb/Climb_Up_FPS","Common/Characters/Animations/Items/Off_Handed/Throwing_Knife/Climb/Climb_Up_FPS.blockyanim","2710","B78572AD6CF9ACD64989312F8CC98C9D028ECC7D44BCC93193DA3F46C00A4E6D"
"character-animations","Crouch","Items/Off_Handed/Throwing_Knife/Crouch","Common/Characters/Animations/Items/Off_Handed/Throwing_Knife/Crouch.blockyanim","2119","0DA8CD7A512CA4BEDD9EBC45D79B5EF439ACA99867D9EF1EB149BF3B4F0C6083"
"character-animations","Crouch_FPS","Items/Off_Handed/Throwing_Knife/Crouch_FPS","Common/Characters/Animations/Items/Off_Handed/Throwing_Knife/Crouch_FPS.blockyanim","2133","940B80194034D9EED1D20232C24CE4628B252C952E43F8281763CEE153064D75"
"character-animations","Crouch_Walk","Items/Off_Handed/Throwing_Knife/Crouch_Walk","Common/Characters/Animations/Items/Off_Handed/Throwing_Knife/Crouch_Walk.blockyanim","2125","E5F04E1DA2CB16AF8EB1E94F07561FADC444B1DBF33845B3B89B1CF31E342755"
"character-animations","Crouch_Walk_Backward","Items/Off_Handed/Throwing_Knife/Crouch_Walk_Backward","Common/Characters/Animations/Items/Off_Handed/Throwing_Knife/Crouch_Walk_Backward.blockyanim","2125","9AC58EC2992FDD65B9E9AAEAA09C8877CC7F5D84024E79FBDD2AFD7FEA6623F1"
"character-animations","Crouch_Walk_Backward_FPS","Items/Off_Handed/Throwing_Knife/Crouch_Walk_Backward_FPS","Common/Characters/Animations/Items/Off_Handed/Throwing_Knife/Crouch_Walk_Backward_FPS.blockyanim","2136","B553BF67F15FF21F65AB05BA5B7C8EC2746421550FBF53DB2C298346512CE5AD"
"character-animations","Crouch_Walk_FPS","Items/Off_Handed/Throwing_Knife/Crouch_Walk_FPS","Common/Characters/Animations/Items/Off_Handed/Throwing_Knife/Crouch_Walk_FPS.blockyanim","2136","616B7215C7423895BE4412A021304FF0FB2F06C9E9E094A4D7ACA19390A3046E"
"character-animations","Hurt","Items/Off_Handed/Throwing_Knife/Damage/Hurt","Common/Characters/Animations/Items/Off_Handed/Throwing_Knife/Damage/Hurt.blockyanim","2125","E741B5A0E6D4269DB80466FABA629EC1FA90B8DA8861DAEA4E9B42107DB662DC"
"character-animations","Hurt_Drown","Items/Off_Handed/Throwing_Knife/Damage/Hurt_Drown","Common/Characters/Animations/Items/Off_Handed/Throwing_Knife/Damage/Hurt_Drown.blockyanim","1505","9FA405C625F236D01B955A41974C457BD35D1715F77A5B5002B6EAE3B1B6D77A"
"character-animations","Hurt_Drown_FPS","Items/Off_Handed/Throwing_Knife/Damage/Hurt_Drown_FPS","Common/Characters/Animations/Items/Off_Handed/Throwing_Knife/Damage/Hurt_Drown_FPS.blockyanim","2318","44765FDA592EC1509B6D9DC251FD6E383AEB4C7E1DE565C9CD3697BFAF8848A8"
"character-animations","Hurt_Fall","Items/Off_Handed/Throwing_Knife/Damage/Hurt_Fall","Common/Characters/Animations/Items/Off_Handed/Throwing_Knife/Damage/Hurt_Fall.blockyanim","1909","7A66F5FC60DBD16BBB80618C662A027B73E62BF668CCD4F3EB81FDD247D047DD"
"character-animations","Hurt_Fall_FPS","Items/Off_Handed/Throwing_Knife/Damage/Hurt_Fall_FPS","Common/Characters/Animations/Items/Off_Handed/Throwing_Knife/Damage/Hurt_Fall_FPS.blockyanim","2312","EC88446535F756B37F7551ADB27C77FCE71AB5F808E8D235C3A9C95720E097E6"
"character-animations","Hurt_FPS","Items/Off_Handed/Throwing_Knife/Damage/Hurt_FPS","Common/Characters/Animations/Items/Off_Handed/Throwing_Knife/Damage/Hurt_FPS.blockyanim","2315","9E9C6370A94BCFC045C67F0AB806E1AE27E91B8F62CDAAD17935EFFAA31F1C9D"
"character-animations","Fall","Items/Off_Handed/Throwing_Knife/Fall","Common/Characters/Animations/Items/Off_Handed/Throwing_Knife/Fall.blockyanim","1916","B1A5D6D51A8351666D5CD9439EF09D5E4748F618E703A684C4442411E40EBECD"
"character-animations","Fall_Far","Items/Off_Handed/Throwing_Knife/Fall_Far","Common/Characters/Animations/Items/Off_Handed/Throwing_Knife/Fall_Far.blockyanim","1916","0FFEFD1323FFCA181BE5991A87B76BD4F23FB4AD1E90B52979329C8B0A53EE11"
"character-animations","Fall_Far_FPS","Items/Off_Handed/Throwing_Knife/Fall_Far_FPS","Common/Characters/Animations/Items/Off_Handed/Throwing_Knife/Fall_Far_FPS.blockyanim","2136","2201C8A0C64EE1DB99B439A1D4EC951E5A370C74734D7E2920F13EB5DB0F39A4"
"character-animations","Fall_FPS","Items/Off_Handed/Throwing_Knife/Fall_FPS","Common/Characters/Animations/Items/Off_Handed/Throwing_Knife/Fall_FPS.blockyanim","2134","F51B13C8CB8F4EBE7B4B299FACFA4FDB79359518A3E454EEEDEF69505945A30C"
"character-animations","Fly","Items/Off_Handed/Throwing_Knife/Fly/Fly","Common/Characters/Animations/Items/Off_Handed/Throwing_Knife/Fly/Fly.blockyanim","2110","10919F36680B7E6B3063D3CA346508E24A9B10AE72CDF3548CC576DBBDFE7E2D"
"character-animations","Fly_Backward","Items/Off_Handed/Throwing_Knife/Fly/Fly_Backward","Common/Characters/Animations/Items/Off_Handed/Throwing_Knife/Fly/Fly_Backward.blockyanim","2108","2C2FB244209B6F5885FBE1A59D92212438BF06C949FA58C6A58A69033E1B390B"
"character-animations","Fly_Backward_FPS","Items/Off_Handed/Throwing_Knife/Fly/Fly_Backward_FPS","Common/Characters/Animations/Items/Off_Handed/Throwing_Knife/Fly/Fly_Backward_FPS.blockyanim","2134","9BF08486298D7CCCCAEA26C6A4D400B9D14B6C9EACC4566A9D87788FC65F6049"
"character-animations","Fly_Fast","Items/Off_Handed/Throwing_Knife/Fly/Fly_Fast","Common/Characters/Animations/Items/Off_Handed/Throwing_Knife/Fly/Fly_Fast.blockyanim","2110","CE65AE5AA2E0FB605F1F678A135DF1AA2D02699F590B11CE915984141C414238"
"character-animations","Fly_Fast_FPS","Items/Off_Handed/Throwing_Knife/Fly/Fly_Fast_FPS","Common/Characters/Animations/Items/Off_Handed/Throwing_Knife/Fly/Fly_Fast_FPS.blockyanim","2133","0290C34F95518EE3930CD8B7F175B12B6CBFD730372257583EC91BAF6E8BC1EC"
"character-animations","Fly_FPS","Items/Off_Handed/Throwing_Knife/Fly/Fly_FPS","Common/Characters/Animations/Items/Off_Handed/Throwing_Knife/Fly/Fly_FPS.blockyanim","2133","6AAECB4591B8BB6BBF32B1324C937E99B99A12A6734E668EA00B2F0A106FCE1A"
"character-animations","Fly_Idle","Items/Off_Handed/Throwing_Knife/Fly/Fly_Idle","Common/Characters/Animations/Items/Off_Handed/Throwing_Knife/Fly/Fly_Idle.blockyanim","2110","A73F33F34B39E67323FFC6657A2013CA1CC26A60609BF41D8180DF6F287A2072"
"character-animations","Fly_Idle_FPS","Items/Off_Handed/Throwing_Knife/Fly/Fly_Idle_FPS","Common/Characters/Animations/Items/Off_Handed/Throwing_Knife/Fly/Fly_Idle_FPS.blockyanim","2133","940B80194034D9EED1D20232C24CE4628B252C952E43F8281763CEE153064D75"
"character-animations","Idle","Items/Off_Handed/Throwing_Knife/Idle","Common/Characters/Animations/Items/Off_Handed/Throwing_Knife/Idle.blockyanim","2111","93584F385E4546C633656D84255C5A4FBBCA8CAE270B641E505C13BE5B02CF68"
"character-animations","Idle_FPS","Items/Off_Handed/Throwing_Knife/Idle_FPS","Common/Characters/Animations/Items/Off_Handed/Throwing_Knife/Idle_FPS.blockyanim","2133","940B80194034D9EED1D20232C24CE4628B252C952E43F8281763CEE153064D75"
"character-animations","Interact","Items/Off_Handed/Throwing_Knife/Interact","Common/Characters/Animations/Items/Off_Handed/Throwing_Knife/Interact.blockyanim","8880","DF5D0AEF6ED4900AC04C257D1FBE97061D44E4F0B680813AF78863CA9BF7E36D"
"character-animations","Interact_FPS","Items/Off_Handed/Throwing_Knife/Interact_FPS","Common/Characters/Animations/Items/Off_Handed/Throwing_Knife/Interact_FPS.blockyanim","2715","BB89E3BE9C0366E0AC6BF232CBEAF76BA07E9FE0BD60C46DFDBC6C64A3447BF8"
"character-animations","Jump","Items/Off_Handed/Throwing_Knife/Jump","Common/Characters/Animations/Items/Off_Handed/Throwing_Knife/Jump.blockyanim","1915","03590D3BB31974F230FA832E73D11C79FF55A36CB32356832C529497C364FF7E"
"character-animations","Jump_Far","Items/Off_Handed/Throwing_Knife/Jump_Far","Common/Characters/Animations/Items/Off_Handed/Throwing_Knife/Jump_Far.blockyanim","2133","62163427B9858A8083B8341510D9E1EF8881B03F0494AEC43C84A6F3D7927EFA"
"character-animations","Jump_Far_FPS","Items/Off_Handed/Throwing_Knife/Jump_Far_FPS","Common/Characters/Animations/Items/Off_Handed/Throwing_Knife/Jump_Far_FPS.blockyanim","2112","C4E22735E034A65A8FACF98E62AC2386CF4A515BAEB2A54213EE1E70CF197354"
"character-animations","Jump_FPS","Items/Off_Handed/Throwing_Knife/Jump_FPS","Common/Characters/Animations/Items/Off_Handed/Throwing_Knife/Jump_FPS.blockyanim","2112","C4E22735E034A65A8FACF98E62AC2386CF4A515BAEB2A54213EE1E70CF197354"
"character-animations","Run","Items/Off_Handed/Throwing_Knife/Run","Common/Characters/Animations/Items/Off_Handed/Throwing_Knife/Run.blockyanim","2114","76CEC5E679AAB9296AB8FCB8DBE377B522D0659BA036655E0CD9C66156C79FA2"
"character-animations","Run_Backward","Items/Off_Handed/Throwing_Knife/Run_Backward","Common/Characters/Animations/Items/Off_Handed/Throwing_Knife/Run_Backward.blockyanim","2099","225E12F1EA7B927422B393D3D83BE5F3AF3AD1F0AE45C982EF8C01B0130A4A90"
"character-animations","Run_Backward_FPS","Items/Off_Handed/Throwing_Knife/Run_Backward_FPS","Common/Characters/Animations/Items/Off_Handed/Throwing_Knife/Run_Backward_FPS.blockyanim","2133","4F3F1CC9CE0129E490B7E10D9204853497626F32D2FB3064A44A97FC221FF531"
"character-animations","Run_FPS","Items/Off_Handed/Throwing_Knife/Run_FPS","Common/Characters/Animations/Items/Off_Handed/Throwing_Knife/Run_FPS.blockyanim","2133","11FE1A3C902B0ADDFEA88EC104B1BA5875C94AAB89048D68DC0BDCDB4804C6F1"
"character-animations","Sprint","Items/Off_Handed/Throwing_Knife/Sprint","Common/Characters/Animations/Items/Off_Handed/Throwing_Knife/Sprint.blockyanim","2113","C48E7EBFAB2B47876B9EFEC764EE9E2847E694067F6A22F538BD6A18473D3AAC"
"character-animations","Sprint_FPS","Items/Off_Handed/Throwing_Knife/Sprint_FPS","Common/Characters/Animations/Items/Off_Handed/Throwing_Knife/Sprint_FPS.blockyanim","2134","4E9AE22ED4968C4A27648542EDB8304C391DAA5BBCF45C0C34613175B669A863"
"character-animations","Swim","Items/Off_Handed/Throwing_Knife/Swim/Swim","Common/Characters/Animations/Items/Off_Handed/Throwing_Knife/Swim/Swim.blockyanim","2582","4D926F0E817FD24ACD6CEFB077E54D74F79727631EC8F11B5410240FCCA1E7EC"
"character-animations","Swim_Backward","Items/Off_Handed/Throwing_Knife/Swim/Swim_Backward","Common/Characters/Animations/Items/Off_Handed/Throwing_Knife/Swim/Swim_Backward.blockyanim","1634","FA1766BE86C869C37EA286A317377A3F8159D88DBB45F6F70D4531396F49EBE2"
"character-animations","Swim_Backward_FPS","Items/Off_Handed/Throwing_Knife/Swim/Swim_Backward_FPS","Common/Characters/Animations/Items/Off_Handed/Throwing_Knife/Swim/Swim_Backward_FPS.blockyanim","3390","AE22D45A6FBD8CE048BB7CFB6FAF4B417898EDE5F45B0AABCF8298A53A2A153D"
"character-animations","Swim_Dive","Items/Off_Handed/Throwing_Knife/Swim/Swim_Dive","Common/Characters/Animations/Items/Off_Handed/Throwing_Knife/Swim/Swim_Dive.blockyanim","2582","4D926F0E817FD24ACD6CEFB077E54D74F79727631EC8F11B5410240FCCA1E7EC"
"character-animations","Swim_Dive_Backward","Items/Off_Handed/Throwing_Knife/Swim/Swim_Dive_Backward","Common/Characters/Animations/Items/Off_Handed/Throwing_Knife/Swim/Swim_Dive_Backward.blockyanim","1632","DD573F2642CD2DF16CD5B500FD22573C4011A18A9234432518D8768E96A6C066"
"character-animations","Swim_Dive_Backward_FPS","Items/Off_Handed/Throwing_Knife/Swim/Swim_Dive_Backward_FPS","Common/Characters/Animations/Items/Off_Handed/Throwing_Knife/Swim/Swim_Dive_Backward_FPS.blockyanim","3390","AE22D45A6FBD8CE048BB7CFB6FAF4B417898EDE5F45B0AABCF8298A53A2A153D"
"character-animations","Swim_Dive_Fast","Items/Off_Handed/Throwing_Knife/Swim/Swim_Dive_Fast","Common/Characters/Animations/Items/Off_Handed/Throwing_Knife/Swim/Swim_Dive_Fast.blockyanim","2320","59304C7ED68FF15B5C13036894783DA645FF9503879BAEF1D46EECC8E0CFE806"
"character-animations","Swim_Dive_Fast_FPS","Items/Off_Handed/Throwing_Knife/Swim/Swim_Dive_Fast_FPS","Common/Characters/Animations/Items/Off_Handed/Throwing_Knife/Swim/Swim_Dive_Fast_FPS.blockyanim","2350","5383CA51F58B598E08DAB0AAC43C6841B80F3176549B024F5AA8E7C6B06BFCD0"
"character-animations","Swim_Dive_FPS","Items/Off_Handed/Throwing_Knife/Swim/Swim_Dive_FPS","Common/Characters/Animations/Items/Off_Handed/Throwing_Knife/Swim/Swim_Dive_FPS.blockyanim","2545","B00CC73F09F53628251BCB800CC8612F5E4B861799B2CDD233A7715719A522A3"
"character-animations","Swim_Fast","Items/Off_Handed/Throwing_Knife/Swim/Swim_Fast","Common/Characters/Animations/Items/Off_Handed/Throwing_Knife/Swim/Swim_Fast.blockyanim","3730","35D3A2AC25C317138CB63EB4BFCFB2D4E3D65A10259FE14C0E943DF1CB083EC0"
"character-animations","Swim_Fast_FPS","Items/Off_Handed/Throwing_Knife/Swim/Swim_Fast_FPS","Common/Characters/Animations/Items/Off_Handed/Throwing_Knife/Swim/Swim_Fast_FPS.blockyanim","2526","1013ADFC9F53B2A4181DF21BB8C032D6C37F756EDF4A880A25E1AC808A2B4204"
"character-animations","Swim_Float","Items/Off_Handed/Throwing_Knife/Swim/Swim_Float","Common/Characters/Animations/Items/Off_Handed/Throwing_Knife/Swim/Swim_Float.blockyanim","3582","D63045C596DBBC0A4FCE67853E25AA1CC6F53852AAD475C8540AC2AF03EE7287"
"character-animations","Swim_Float_FPS","Items/Off_Handed/Throwing_Knife/Swim/Swim_Float_FPS","Common/Characters/Animations/Items/Off_Handed/Throwing_Knife/Swim/Swim_Float_FPS.blockyanim","2545","B00CC73F09F53628251BCB800CC8612F5E4B861799B2CDD233A7715719A522A3"
"character-animations","Swim_FPS","Items/Off_Handed/Throwing_Knife/Swim/Swim_FPS","Common/Characters/Animations/Items/Off_Handed/Throwing_Knife/Swim/Swim_FPS.blockyanim","2528","1A0D1F2FC5A9D3D11714268E2E1D6764D681D2DB05192FCA2EE04479B16462CE"
"character-animations","Swim_Idle","Items/Off_Handed/Throwing_Knife/Swim/Swim_Idle","Common/Characters/Animations/Items/Off_Handed/Throwing_Knife/Swim/Swim_Idle.blockyanim","1753","01279B9261582FF4B5B621C8B584CAC5746BFC0044F967AD8596ACEE5377E521"
"character-animations","Swim_Idle_FPS","Items/Off_Handed/Throwing_Knife/Swim/Swim_Idle_FPS","Common/Characters/Animations/Items/Off_Handed/Throwing_Knife/Swim/Swim_Idle_FPS.blockyanim","2112","28563DA812F28EC8E06C5138BBC585F3EC02976340DC12C6172D89CD33B4C509"
"character-animations","Swim_Jump","Items/Off_Handed/Throwing_Knife/Swim/Swim_Jump","Common/Characters/Animations/Items/Off_Handed/Throwing_Knife/Swim/Swim_Jump.blockyanim","3145","342315A2A32A3365B5706249CC1A42CEBB78B3175865FD3EF7CA26047508FD6D"
"character-animations","Swim_Jump_FPS","Items/Off_Handed/Throwing_Knife/Swim/Swim_Jump_FPS","Common/Characters/Animations/Items/Off_Handed/Throwing_Knife/Swim/Swim_Jump_FPS.blockyanim","3186","C76218C67845071736BAAAF76B3CF633AA7A5DBF7D91BD251662C995D2C6828D"
"character-animations","Swim_Sink","Items/Off_Handed/Throwing_Knife/Swim/Swim_Sink","Common/Characters/Animations/Items/Off_Handed/Throwing_Knife/Swim/Swim_Sink.blockyanim","1199","D54935CA11FABFCAB4946C7214157A8DEEEDEE2725826A6094CC63AE942527B6"
"character-animations","Swim_Sink_FPS","Items/Off_Handed/Throwing_Knife/Swim/Swim_Sink_FPS","Common/Characters/Animations/Items/Off_Handed/Throwing_Knife/Swim/Swim_Sink_FPS.blockyanim","2327","11E34CA7F312956057D1F59290FB00C4289327214517DE5BBB65CBA7DAC46512"
"character-animations","Walk","Items/Off_Handed/Throwing_Knife/Walk","Common/Characters/Animations/Items/Off_Handed/Throwing_Knife/Walk.blockyanim","2122","0A3A6FF304B71453281AADD467CC2AE938BBF052A9F9DF1BF251B4598A9ABDFE"
"character-animations","Walk_Backward","Items/Off_Handed/Throwing_Knife/Walk_Backward","Common/Characters/Animations/Items/Off_Handed/Throwing_Knife/Walk_Backward.blockyanim","2122","1D563033859BEF80D237FDDDCE720B5038580127A0CF8A78F2AA9ACAFC5BFDF2"
"character-animations","Walk_Backward_FPS","Items/Off_Handed/Throwing_Knife/Walk_Backward_FPS","Common/Characters/Animations/Items/Off_Handed/Throwing_Knife/Walk_Backward_FPS.blockyanim","2137","04AEDE88F7E3C3E2710E34077C127A39BF1F45B2AF70D238C37824F0022F87A8"
"character-animations","Walk_FPS","Items/Off_Handed/Throwing_Knife/Walk_FPS","Common/Characters/Animations/Items/Off_Handed/Throwing_Knife/Walk_FPS.blockyanim","2137","EF28D1E91205297C931C3BA55AA99A3AC34200CE3E4283BFA5666A403B529A5F"
"character-animations","Build","Items/Off_Handed/Torch/Attacks/Build/Build","Common/Characters/Animations/Items/Off_Handed/Torch/Attacks/Build/Build.blockyanim","22587","69A448C8C364F0475FA3FD5C0FC4FB037F89ED6841A908AE9EC8CFB753DF9935"
"character-animations","Build_FPS","Items/Off_Handed/Torch/Attacks/Build/Build_FPS","Common/Characters/Animations/Items/Off_Handed/Torch/Attacks/Build/Build_FPS.blockyanim","7038","7D0DC7ECD2697E30D838FDE911B85641B4BE3DD9EBA4BC34A558DB9977025EE0"
"character-animations","Build_Moving","Items/Off_Handed/Torch/Attacks/Build/Build_Moving","Common/Characters/Animations/Items/Off_Handed/Torch/Attacks/Build/Build_Moving.blockyanim","11240","C1E95A3F49D4868095432F59CC262E0D1ADF24313F67A2A4B31300F89BF4509C"
"character-animations","Swing_Left","Items/Off_Handed/Torch/Attacks/Swing_Left/Swing_Left","Common/Characters/Animations/Items/Off_Handed/Torch/Attacks/Swing_Left/Swing_Left.blockyanim","17329","6780F4A8D8493FDDBFBE8A9185AEC3A81F47ACB7D5F88966209EE3A3F4B07E64"
"character-animations","Swing_Left_FPS","Items/Off_Handed/Torch/Attacks/Swing_Left/Swing_Left_FPS","Common/Characters/Animations/Items/Off_Handed/Torch/Attacks/Swing_Left/Swing_Left_FPS.blockyanim","6135","4C37BA48684A0E35C2A514F28C8C01F34B5F8E5200D263CAAE86857E1C9A4864"
"character-animations","Swing_Left_Moving","Items/Off_Handed/Torch/Attacks/Swing_Left/Swing_Left_Moving","Common/Characters/Animations/Items/Off_Handed/Torch/Attacks/Swing_Left/Swing_Left_Moving.blockyanim","11409","A158C84E37E50CC4B577DADB5C94A7C1CECFAB193180EC4A9127AC51A0CE9A92"
"character-animations","Swing_Right","Items/Off_Handed/Torch/Attacks/Swing_Right/Swing_Right","Common/Characters/Animations/Items/Off_Handed/Torch/Attacks/Swing_Right/Swing_Right.blockyanim","16737","8966FA50AE2CA3946541811802843538D5ED677238EFB98C948176F822BA06CD"
"character-animations","Swing_Right_FPS","Items/Off_Handed/Torch/Attacks/Swing_Right/Swing_Right_FPS","Common/Characters/Animations/Items/Off_Handed/Torch/Attacks/Swing_Right/Swing_Right_FPS.blockyanim","6527","4B5EDE721A3552635164AF65CC300AE670DE39ED4210DBC9DDE68639EE41FBDF"
"character-animations","Swing_Right_Moving","Items/Off_Handed/Torch/Attacks/Swing_Right/Swing_Right_Moving","Common/Characters/Animations/Items/Off_Handed/Torch/Attacks/Swing_Right/Swing_Right_Moving.blockyanim","10820","8CD45A78A6692CECB8841AA36B22AB581915FA5E62BD4796641581890ADF1076"
"character-animations","Climb_Down","Items/Off_Handed/Torch/Climb/Climb_Down","Common/Characters/Animations/Items/Off_Handed/Torch/Climb/Climb_Down.blockyanim","1110","C07C3BFCBCC6CED1D04E8ED9B35359F60792E42CB85C89916B5AE48F643D9AB1"
"character-animations","Climb_Down_FPS","Items/Off_Handed/Torch/Climb/Climb_Down_FPS","Common/Characters/Animations/Items/Off_Handed/Torch/Climb/Climb_Down_FPS.blockyanim","2349","F7FC0D3CFA2BFB372877062E5A3928B8A7E260117CC567F1AEA8BFE7D7A2FC06"
"character-animations","Climb_Idle","Items/Off_Handed/Torch/Climb/Climb_Idle","Common/Characters/Animations/Items/Off_Handed/Torch/Climb/Climb_Idle.blockyanim","678","9E72923ABD871B7FF0DCA732348B2CFCDC544D109331C6E6B3FEE395774FEF56"
"character-animations","Climb_Idle_FPS","Items/Off_Handed/Torch/Climb/Climb_Idle_FPS","Common/Characters/Animations/Items/Off_Handed/Torch/Climb/Climb_Idle_FPS.blockyanim","1346","B01CA104D5207AF982B3D946A1D20FBB9493AEB2DC875B2A3C157487AEA0017A"
"character-animations","Climb_Left","Items/Off_Handed/Torch/Climb/Climb_Left","Common/Characters/Animations/Items/Off_Handed/Torch/Climb/Climb_Left.blockyanim","1110","BDACC43BF899FD331D64506C848799A4849CDD6D3D410E6DEA4CFD18243EB678"
"character-animations","Climb_Left_FPS","Items/Off_Handed/Torch/Climb/Climb_Left_FPS","Common/Characters/Animations/Items/Off_Handed/Torch/Climb/Climb_Left_FPS.blockyanim","2349","130537B43B4F29DFAE443B9F92D30872B77D867FDF860012EA27482ADAC33B3C"
"character-animations","Climb_Right","Items/Off_Handed/Torch/Climb/Climb_Right","Common/Characters/Animations/Items/Off_Handed/Torch/Climb/Climb_Right.blockyanim","1110","C2316F3948910A7220548059CCCADCEFE59A0A0FC5D0398F621C1A108422B589"
"character-animations","Climb_Right_FPS","Items/Off_Handed/Torch/Climb/Climb_Right_FPS","Common/Characters/Animations/Items/Off_Handed/Torch/Climb/Climb_Right_FPS.blockyanim","2349","8F36C8D76AD0612EB97A4E586955A2ED1E9DD1F3BFEB1A8B88B48A7BD7B5DEFD"
"character-animations","Climb_Up","Items/Off_Handed/Torch/Climb/Climb_Up","Common/Characters/Animations/Items/Off_Handed/Torch/Climb/Climb_Up.blockyanim","1110","D3541102E517BE6718BBC4F23FB51F942283FF5838DB04F4D30E351EFFC187BE"
"character-animations","Climb_Up_FPS","Items/Off_Handed/Torch/Climb/Climb_Up_FPS","Common/Characters/Animations/Items/Off_Handed/Torch/Climb/Climb_Up_FPS.blockyanim","2349","5E1657308E3A8D220DCFAFECDBCE2B810E6B73AB57920E6D60F88BE7F20EEFE3"
"character-animations","Crouch","Items/Off_Handed/Torch/Crouch","Common/Characters/Animations/Items/Off_Handed/Torch/Crouch.blockyanim","1811","D3925D5C2904BA70CE5A942F148D9DDF0482BCB371BCBB948CBC5D35D3A2F319"
"character-animations","Crouch_FPS","Items/Off_Handed/Torch/Crouch_FPS","Common/Characters/Animations/Items/Off_Handed/Torch/Crouch_FPS.blockyanim","1984","92E9C920BC5ACC53C5A2E8F1238C7F16286422088287080546245727CC13B079"
"character-animations","Crouch_Walk","Items/Off_Handed/Torch/Crouch_Walk","Common/Characters/Animations/Items/Off_Handed/Torch/Crouch_Walk.blockyanim","1813","0574BCE538AA8004793D92C0A951E7144FD7A8B0EA2C1E2320CB7F4A37BBDED4"
"character-animations","Crouch_Walk_Backward","Items/Off_Handed/Torch/Crouch_Walk_Backward","Common/Characters/Animations/Items/Off_Handed/Torch/Crouch_Walk_Backward.blockyanim","1812","579340CDED3366A011482C0C65DEBB4E0BB9B4D42125E0BF6D6A070D4A981514"
"character-animations","Crouch_Walk_Backward_FPS","Items/Off_Handed/Torch/Crouch_Walk_Backward_FPS","Common/Characters/Animations/Items/Off_Handed/Torch/Crouch_Walk_Backward_FPS.blockyanim","1985","FD1F582B04F5F536E8ED1DCF6C79356090D01CAB8928AD6F3FF5E2E7229E046E"
"character-animations","Crouch_Walk_FPS","Items/Off_Handed/Torch/Crouch_Walk_FPS","Common/Characters/Animations/Items/Off_Handed/Torch/Crouch_Walk_FPS.blockyanim","1985","FD1F582B04F5F536E8ED1DCF6C79356090D01CAB8928AD6F3FF5E2E7229E046E"
"character-animations","Fall","Items/Off_Handed/Torch/Fall","Common/Characters/Animations/Items/Off_Handed/Torch/Fall.blockyanim","2445","8DBEA6E9F6977B56F90F2B672B31F37531A8B1E58DFF9D03C87E60FD51869914"
"character-animations","Fall_Far","Items/Off_Handed/Torch/Fall_Far","Common/Characters/Animations/Items/Off_Handed/Torch/Fall_Far.blockyanim","2445","8DBEA6E9F6977B56F90F2B672B31F37531A8B1E58DFF9D03C87E60FD51869914"
"character-animations","Fall_Far_FPS","Items/Off_Handed/Torch/Fall_Far_FPS","Common/Characters/Animations/Items/Off_Handed/Torch/Fall_Far_FPS.blockyanim","2215","EEA14A8F72A7E30C33DBA466F51D17B186F5B1F48BE6E1AAEB976EF250E6AC10"
"character-animations","Fall_FPS","Items/Off_Handed/Torch/Fall_FPS","Common/Characters/Animations/Items/Off_Handed/Torch/Fall_FPS.blockyanim","2215","EEA14A8F72A7E30C33DBA466F51D17B186F5B1F48BE6E1AAEB976EF250E6AC10"
"character-animations","Fly","Items/Off_Handed/Torch/Fly/Fly","Common/Characters/Animations/Items/Off_Handed/Torch/Fly/Fly.blockyanim","1809","03A48176F22B971B514A9AA3ADF37EAA084FB9B8CFC0881A84CCC3504867B764"
"character-animations","Fly_Backward","Items/Off_Handed/Torch/Fly/Fly_Backward","Common/Characters/Animations/Items/Off_Handed/Torch/Fly/Fly_Backward.blockyanim","1811","A01DC4956407B10591C43B648BE96B1F908AFAD85F43C7DBE34D5E846B0EA3AB"
"character-animations","Fly_Backward_FPS","Items/Off_Handed/Torch/Fly/Fly_Backward_FPS","Common/Characters/Animations/Items/Off_Handed/Torch/Fly/Fly_Backward_FPS.blockyanim","1985","FD1F582B04F5F536E8ED1DCF6C79356090D01CAB8928AD6F3FF5E2E7229E046E"
"character-animations","Fly_Fast","Items/Off_Handed/Torch/Fly/Fly_Fast","Common/Characters/Animations/Items/Off_Handed/Torch/Fly/Fly_Fast.blockyanim","1811","2AED8B489E478811EFDBC6EA014D0A72ABAAD830C7EC707959D11BB89413B418"
"character-animations","Fly_Fast_FPS","Items/Off_Handed/Torch/Fly/Fly_Fast_FPS","Common/Characters/Animations/Items/Off_Handed/Torch/Fly/Fly_Fast_FPS.blockyanim","1985","4931984CDC80313B94BBF2F48A86B7D5239402CF1BDF67AFFAC346288A5BA421"
"character-animations","Fly_FPS","Items/Off_Handed/Torch/Fly/Fly_FPS","Common/Characters/Animations/Items/Off_Handed/Torch/Fly/Fly_FPS.blockyanim","1985","FD1F582B04F5F536E8ED1DCF6C79356090D01CAB8928AD6F3FF5E2E7229E046E"
"character-animations","Fly_Idle","Items/Off_Handed/Torch/Fly/Fly_Idle","Common/Characters/Animations/Items/Off_Handed/Torch/Fly/Fly_Idle.blockyanim","1810","587C3D43A8679CA3F66426C34EB9C2359D1023E0632669A059C402B77EB1DDEE"
"character-animations","Fly_Idle_FPS","Items/Off_Handed/Torch/Fly/Fly_Idle_FPS","Common/Characters/Animations/Items/Off_Handed/Torch/Fly/Fly_Idle_FPS.blockyanim","1984","92E9C920BC5ACC53C5A2E8F1238C7F16286422088287080546245727CC13B079"
"character-animations","Idle","Items/Off_Handed/Torch/Idle","Common/Characters/Animations/Items/Off_Handed/Torch/Idle.blockyanim","1810","5504466EA82DA1E8016AFCE6BCA0A0B5EE2B0256C1FCF6B0D44BDECDF7CF427F"
"character-animations","Idle_FPS","Items/Off_Handed/Torch/Idle_FPS","Common/Characters/Animations/Items/Off_Handed/Torch/Idle_FPS.blockyanim","1985","FB41151167975E5DF8AF90F23215F5E6AFADAB5D55363FCE355CEE75DFAAD713"
"character-animations","Interact","Items/Off_Handed/Torch/Interact","Common/Characters/Animations/Items/Off_Handed/Torch/Interact.blockyanim","8391","A1EA07B67DAF9F95B82F821347B6F24F8B281426407024D0B1F1C692D277C8E8"
"character-animations","Interact_FPS","Items/Off_Handed/Torch/Interact_FPS","Common/Characters/Animations/Items/Off_Handed/Torch/Interact_FPS.blockyanim","4317","B8A5ADF884A237EAD505A368D7C74699C01ADAD8C2E248C425D08B524E308D0B"
"character-animations","Jump","Items/Off_Handed/Torch/Jump","Common/Characters/Animations/Items/Off_Handed/Torch/Jump.blockyanim","1611","276CDBD53BE98BFDFB568D9B7C1B2CE24F9C116D08DF6300159156F3C4216796"
"character-animations","Jump_Far","Items/Off_Handed/Torch/Jump_Far","Common/Characters/Animations/Items/Off_Handed/Torch/Jump_Far.blockyanim","1607","AF1AAB58B29A90FF89BEB5C6137E3BD5A7BBFCFC83E30F9B9792F27743F9F606"
"character-animations","Jump_Far_FPS","Items/Off_Handed/Torch/Jump_Far_FPS","Common/Characters/Animations/Items/Off_Handed/Torch/Jump_Far_FPS.blockyanim","2212","0E3B61310CDA5F04BD46B331FB7C469F2764EB344377EDE5B6CD3F484C8E7F0B"
"character-animations","Jump_FPS","Items/Off_Handed/Torch/Jump_FPS","Common/Characters/Animations/Items/Off_Handed/Torch/Jump_FPS.blockyanim","2215","E5B7B8C92D57B85E3198C8916201B073A528E646BE2334519648D67CDF2C941A"
"character-animations","Run","Items/Off_Handed/Torch/Run","Common/Characters/Animations/Items/Off_Handed/Torch/Run.blockyanim","1811","26B898B2A743D21E1451AAADA105A0E3946E46D1CEE1EBE264305AE6A825FD36"
"character-animations","Run_Backward","Items/Off_Handed/Torch/Run_Backward","Common/Characters/Animations/Items/Off_Handed/Torch/Run_Backward.blockyanim","1811","7ADEC633CEA6F9E9383FC46CEAF27641EF644067FB85F7BEFEE5C206AE751DEA"
"character-animations","Run_Backward_FPS","Items/Off_Handed/Torch/Run_Backward_FPS","Common/Characters/Animations/Items/Off_Handed/Torch/Run_Backward_FPS.blockyanim","1985","D7879BC8D8877D46117317B176622529557910D68ECCF5DA8BB6127125E34B80"
"character-animations","Run_FPS","Items/Off_Handed/Torch/Run_FPS","Common/Characters/Animations/Items/Off_Handed/Torch/Run_FPS.blockyanim","1985","20372DA1F676ABD2D0E3AAC6A51C82BE7F7D5E6966AC80BCDEDD2E3486FD3DFF"
"character-animations","Sprint","Items/Off_Handed/Torch/Sprint","Common/Characters/Animations/Items/Off_Handed/Torch/Sprint.blockyanim","1809","3352C8537C385940837F4A2D095CF1EADF4DE2F54590B276666789C3B8F8D587"
"character-animations","Sprint_FPS","Items/Off_Handed/Torch/Sprint_FPS","Common/Characters/Animations/Items/Off_Handed/Torch/Sprint_FPS.blockyanim","1987","E35845B3449011A7351D8E86F5406F541844CA6DBB67C13C29E03823CE61C954"
"character-animations","Swim","Items/Off_Handed/Torch/Swim/Swim","Common/Characters/Animations/Items/Off_Handed/Torch/Swim/Swim.blockyanim","3035","3C8175DDDCE03654DBACE2541CD380D7D568CD0AB3055E9FC70E618A82A0B894"
"character-animations","Swim_Backward","Items/Off_Handed/Torch/Swim/Swim_Backward","Common/Characters/Animations/Items/Off_Handed/Torch/Swim/Swim_Backward.blockyanim","2207","F8BA699F32E8F49820472E3F526E46F2EA43E35D03A67B5601CED84AB5B52176"
"character-animations","Swim_Backward_FPS","Items/Off_Handed/Torch/Swim/Swim_Backward_FPS","Common/Characters/Animations/Items/Off_Handed/Torch/Swim/Swim_Backward_FPS.blockyanim","2812","D1E8E9719873AF0BCDA9CCB8E42861AEB5AB9690517B1603E2182A7D79B201F7"
"character-animations","Swim_Dive","Items/Off_Handed/Torch/Swim/Swim_Dive","Common/Characters/Animations/Items/Off_Handed/Torch/Swim/Swim_Dive.blockyanim","3035","3C8175DDDCE03654DBACE2541CD380D7D568CD0AB3055E9FC70E618A82A0B894"
"character-animations","Swim_Dive_Backward","Items/Off_Handed/Torch/Swim/Swim_Dive_Backward","Common/Characters/Animations/Items/Off_Handed/Torch/Swim/Swim_Dive_Backward.blockyanim","2207","D099D488D420DC1823C910E6BF031D228481D1E2AF2DEB4B638879FCD3BF206C"
"character-animations","Swim_Dive_Backward_FPS","Items/Off_Handed/Torch/Swim/Swim_Dive_Backward_FPS","Common/Characters/Animations/Items/Off_Handed/Torch/Swim/Swim_Dive_Backward_FPS.blockyanim","2812","D1E8E9719873AF0BCDA9CCB8E42861AEB5AB9690517B1603E2182A7D79B201F7"
"character-animations","Swim_Dive_Fast","Items/Off_Handed/Torch/Swim/Swim_Dive_Fast","Common/Characters/Animations/Items/Off_Handed/Torch/Swim/Swim_Dive_Fast.blockyanim","1799","8C84C542D306B8B8C480A78E6B62935730EF3D8BC33E62BEA234B8298547E700"
"character-animations","Swim_Dive_Fast_FPS","Items/Off_Handed/Torch/Swim/Swim_Dive_Fast_FPS","Common/Characters/Animations/Items/Off_Handed/Torch/Swim/Swim_Dive_Fast_FPS.blockyanim","1987","BD83D9DB1718D4363FA53FE986CB8DB5B58AD0F336D48A4185D13809FC925433"
"character-animations","Swim_Dive_FPS","Items/Off_Handed/Torch/Swim/Swim_Dive_FPS","Common/Characters/Animations/Items/Off_Handed/Torch/Swim/Swim_Dive_FPS.blockyanim","2191","7DC0829D39F68655837D413ED1F94B10BA30FDE7C324C0A0225D4E2A7E1BDA23"
"character-animations","Swim_Fast","Items/Off_Handed/Torch/Swim/Swim_Fast","Common/Characters/Animations/Items/Off_Handed/Torch/Swim/Swim_Fast.blockyanim","3448","EB08E074EAEA2D1A3DD676E09B06E1B0BFC5174EFB934578CF4B2EBE49E50A56"
"character-animations","Swim_Fast_FPS","Items/Off_Handed/Torch/Swim/Swim_Fast_FPS","Common/Characters/Animations/Items/Off_Handed/Torch/Swim/Swim_Fast_FPS.blockyanim","2560","025D6011A52DE0987C3492B1910F07CCF56F499B6E2B91A1772B778ED709F19A"
"character-animations","Swim_Float","Items/Off_Handed/Torch/Swim/Swim_Float","Common/Characters/Animations/Items/Off_Handed/Torch/Swim/Swim_Float.blockyanim","3055","AE8E37F003151B8E1632F4473D6BE7E3B513833C5A8B36BB01C7482BDEC06847"
"character-animations","Swim_Float_FPS","Items/Off_Handed/Torch/Swim/Swim_Float_FPS","Common/Characters/Animations/Items/Off_Handed/Torch/Swim/Swim_Float_FPS.blockyanim","2191","7DC0829D39F68655837D413ED1F94B10BA30FDE7C324C0A0225D4E2A7E1BDA23"
"character-animations","Swim_FPS","Items/Off_Handed/Torch/Swim/Swim_FPS","Common/Characters/Animations/Items/Off_Handed/Torch/Swim/Swim_FPS.blockyanim","2381","210E0F47635CE48B865D86DD89FBB0C66D5E9783CD6B15E2F790D2A20486A976"
"character-animations","Swim_Idle","Items/Off_Handed/Torch/Swim/Swim_Idle","Common/Characters/Animations/Items/Off_Handed/Torch/Swim/Swim_Idle.blockyanim","1810","25A0ECB80039F0C06F3C6877D1263B527BE823C4352EFED3817D843B9798960C"
"character-animations","Swim_Idle_FPS","Items/Off_Handed/Torch/Swim/Swim_Idle_FPS","Common/Characters/Animations/Items/Off_Handed/Torch/Swim/Swim_Idle_FPS.blockyanim","1740","11E48EE4655A32CE10C423AF265D3EA9896C892C7DEE6276CA71A73CD5BB7135"
"character-animations","Swim_Jump","Items/Off_Handed/Torch/Swim/Swim_Jump","Common/Characters/Animations/Items/Off_Handed/Torch/Swim/Swim_Jump.blockyanim","2856","2369A3A31EBB67EBB64E53562201036EB6F804FADF32AED80EC6722BBE0C8DF4"
"character-animations","Swim_Jump_FPS","Items/Off_Handed/Torch/Swim/Swim_Jump_FPS","Common/Characters/Animations/Items/Off_Handed/Torch/Swim/Swim_Jump_FPS.blockyanim","2550","3897F7ED86C5ACB64708F0675CC97CD988964B5F514C7CCC742ACCDE84DB39F3"
"character-animations","Swim_Sink","Items/Off_Handed/Torch/Swim/Swim_Sink","Common/Characters/Animations/Items/Off_Handed/Torch/Swim/Swim_Sink.blockyanim","1815","BA428307FE4C5518D9E5745204E6C6ACBF12E2D459EC62FCA16907A624A6DA75"
"character-animations","Swim_Sink_FPS","Items/Off_Handed/Torch/Swim/Swim_Sink_FPS","Common/Characters/Animations/Items/Off_Handed/Torch/Swim/Swim_Sink_FPS.blockyanim","1988","5B38C061B979DD20E2D49B66748E5DD0B5F12247A7D22D019C66285BCB454193"
"character-animations","Walk","Items/Off_Handed/Torch/Walk","Common/Characters/Animations/Items/Off_Handed/Torch/Walk.blockyanim","1814","916E042F7249D5F806EBB74A31A3C72895217A078EB026006E56E3FCCB7FF236"
"character-animations","Walk_Backward","Items/Off_Handed/Torch/Walk_Backward","Common/Characters/Animations/Items/Off_Handed/Torch/Walk_Backward.blockyanim","1814","FA3F218277387F01385E5A9B1979107492DCA44D174FC7AFDAB3EE11F9A71D13"
"character-animations","Walk_Backward_FPS","Items/Off_Handed/Torch/Walk_Backward_FPS","Common/Characters/Animations/Items/Off_Handed/Torch/Walk_Backward_FPS.blockyanim","1986","E0656D574ADEDB75DC4493BDE5584DCD51FBFEA82A0D9654606D53217FA2B059"
"character-animations","Walk_FPS","Items/Off_Handed/Torch/Walk_FPS","Common/Characters/Animations/Items/Off_Handed/Torch/Walk_FPS.blockyanim","1986","644892362BC632F2528EC8356A6B5377E0370404B2C4754A35F1DA826B15461E"
"character-animations","Mantle_Idle","Mantle/Mantle_Idle","Common/Characters/Animations/Mantle/Mantle_Idle.blockyanim","12604","B9F46623737A763471FD4573040F71ECAD5F9842B0999F5B666BEA36031ACEA2"
"character-animations","Mantle_Idle_FPS","Mantle/Mantle_Idle_FPS","Common/Characters/Animations/Mantle/Mantle_Idle_FPS.blockyanim","2604","B775399C27A6BE1D9A0B2EB727725E0B2E0ED9D1806CE2D9F144673C3E3DEA8D"
"character-animations","Mantle_Left","Mantle/Mantle_Left","Common/Characters/Animations/Mantle/Mantle_Left.blockyanim","22293","D7157F96604BF040A585E87114EEC82196B4EDD729388AF679F36FC65B433660"
"character-animations","Mantle_Left_FPS","Mantle/Mantle_Left_FPS","Common/Characters/Animations/Mantle/Mantle_Left_FPS.blockyanim","4546","8BDC8117372F80DA368704CCAAC69207BA9BFD6DBC125C8AFF86BDB892EF507E"
"character-animations","Mantle_Right","Mantle/Mantle_Right","Common/Characters/Animations/Mantle/Mantle_Right.blockyanim","22282","2B84F5E2868E008C1EA0618E96DC0BA35B9B48C0C8088A1CBDBFA2B4B43294AD"
"character-animations","Mantle_Right_FPS","Mantle/Mantle_Right_FPS","Common/Characters/Animations/Mantle/Mantle_Right_FPS.blockyanim","4546","08ED49DC6E014CDBB30B9F8DA41CFB1FC36D586CCAA7A8B3253F1FF6352207E8"
"character-animations","Mantle_Up","Mantle/Mantle_Up","Common/Characters/Animations/Mantle/Mantle_Up.blockyanim","37617","3494990C26272994158DA975241F3E352176740C2A97386131A218D812C038FF"
"character-animations","Mantle_Up_FPS","Mantle/Mantle_Up_FPS","Common/Characters/Animations/Mantle/Mantle_Up_FPS.blockyanim","8592","BA861E70AFA04DAB701B7F1DCE09471AEB8415B74D418A7BDD56454A64478D35"
"character-animations","Mantle_Up2","Mantle/Mantle_Up2","Common/Characters/Animations/Mantle/Mantle_Up2.blockyanim","37616","F506EAC4021F6B112D7023270682DADB7E86514991FC2276BD59E716F55E8A7F"
"character-animations","Mount_Idle","Mount/Mount_Idle","Common/Characters/Animations/Mount/Mount_Idle.blockyanim","13490","8A3E1D058FB375EC4B5F5F67771E04D30E3BDE1DFDB1AEE4F124D6D39DF2F6A6"
"character-animations","Mount_Run","Mount/Mount_Run","Common/Characters/Animations/Mount/Mount_Run.blockyanim","13728","1DE659C1E7925A2875FC5A5F69114DCAA6836FAE29AB2730F88A7D50C7727AAE"
"character-animations","Mount_Run_Backward","Mount/Mount_Run_Backward","Common/Characters/Animations/Mount/Mount_Run_Backward.blockyanim","13080","138398B1AED9FE9C0756208E87EF40C797889B878BBF642B64E87EA943D1E009"
"character-animations","Mount_Sprint","Mount/Mount_Sprint","Common/Characters/Animations/Mount/Mount_Sprint.blockyanim","12294","C73D52E99446C1645D5372207197A845C05EF2A209FD08E7DE7EF031700A78E4"
"character-animations","Mount_Walk","Mount/Mount_Walk","Common/Characters/Animations/Mount/Mount_Walk.blockyanim","13707","84F0925801C2E73FE19790A756B345C466D7BD90156F58BB544429C29AE80D70"
"character-animations","Mount_Walk_Backward","Mount/Mount_Walk_Backward","Common/Characters/Animations/Mount/Mount_Walk_Backward.blockyanim","13073","CB74965EBD518D97AFF874E93F3857DEA1AB1E201A0A74686C513307BD4954FC"
"character-animations","BattleAxe","Poses/BattleAxe","Common/Characters/Animations/Poses/BattleAxe.blockyanim","13158","1094A81D72B688E61E242B8180A84B8049B285C93D2AB888498F76D76C5D2ABA"
"character-animations","Book_Read","Poses/Book_Read","Common/Characters/Animations/Poses/Book_Read.blockyanim","7747","E1769D873F0F90854CB45506B4A791B7A5A52D53D94D95662F63165564A7D2D5"
"character-animations","Dio_Walk","Poses/Dio_Walk","Common/Characters/Animations/Poses/Dio_Walk.blockyanim","5788","88187369C43C1D5239FAD1F66B8FBEB6936298C2819C0E2AE801CE46B20284B1"
"character-animations","Axe","Poses/Edge/Axe","Common/Characters/Animations/Poses/Edge/Axe.blockyanim","7768","D09BAAD81EA708434034A199386496EC780E49B394136E321A96FD65D9AF07DE"
"character-animations","Battleaxe","Poses/Edge/Battleaxe","Common/Characters/Animations/Poses/Edge/Battleaxe.blockyanim","9090","B68C546C0153AE68667F9AD6D69052236279801AB1E80456FFC8156FE0807C0B"
"character-animations","Spear","Poses/Edge/Spear","Common/Characters/Animations/Poses/Edge/Spear.blockyanim","7707","DAFA86A89D50419EE6AF4D68C72FD953CF956B4F701F0C5A616A420C12A2E4BD"
"character-animations","Fashion","Poses/Fashion","Common/Characters/Animations/Poses/Fashion.blockyanim","5963","5AEE85B270C2D894D7F9A9D739C326A6C15D8E9557AA05DA392F90EA3B4E34F1"
"character-animations","Fashion2","Poses/Fashion2","Common/Characters/Animations/Poses/Fashion2.blockyanim","5977","41FE2D7C1E93E95F5E69665AD692091E40489FCF60C96BE6D97CF155FF5ED739"
"character-animations","Fashion3","Poses/Fashion3","Common/Characters/Animations/Poses/Fashion3.blockyanim","6012","131D80E3C425AF2D9523ACEABE02B018C401CFA0B003EA42986CD648C0C3CB3A"
"character-animations","Fashion4","Poses/Fashion4","Common/Characters/Animations/Poses/Fashion4.blockyanim","5929","927B6DBB57E7CCCB1329AD9E54D894964828FD4133CF6E57FBA17C7DC96BFCC2"
"character-animations","Feran_Sharptooth","Poses/Feran_Sharptooth","Common/Characters/Animations/Poses/Feran_Sharptooth.blockyanim","7818","A0293454C1A6CD18DF77AB0099C2DEF9A78422D7C1CD5085E575C02A490B60DE"
"character-animations","Feran_Windwalker","Poses/Feran_Windwalker","Common/Characters/Animations/Poses/Feran_Windwalker.blockyanim","4934","CAB8E0F05EAA20BE63083036E36F8C6EF78E09A1565267D288F426D7107B6908"
"character-animations","Girly","Poses/Girly","Common/Characters/Animations/Poses/Girly.blockyanim","7386","69A4BF03D4160D0081217D6CE8749EC7DF70AF8F25357A6431DA3795CE555AF0"
"character-animations","Guardian","Poses/Guardian","Common/Characters/Animations/Poses/Guardian.blockyanim","8196","CF00ADBA2BBEE36B4FF3514091C2BF0C506BCCDB73AA8B51AC47AEA3D516A62B"
"character-animations","Hero_Bow","Poses/Hero/Hero_Bow","Common/Characters/Animations/Poses/Hero/Hero_Bow.blockyanim","13865","E126062CD9DD2F11DC9B149C6813797825E647A2DBFE49F6217551020370F8E6"
"character-animations","Hero_Long_Sword","Poses/Hero/Hero_Long_Sword","Common/Characters/Animations/Poses/Hero/Hero_Long_Sword.blockyanim","15214","7894D0B7CFBBE4CD95248D5DBB556DE09576A9E994B498372F64400D496B09A5"
"character-animations","Hero_Staff","Poses/Hero/Hero_Staff","Common/Characters/Animations/Poses/Hero/Hero_Staff.blockyanim","13532","F6E173395C63E04610DABF6455D59BBF5EA4D8FCBC79F3819A3687250A93C827"
"character-animations","Hero_Sword_Jump","Poses/Hero/Hero_Sword_Jump","Common/Characters/Animations/Poses/Hero/Hero_Sword_Jump.blockyanim","12524","41483D47DB8D77A83EBF83F1E827F25C3C2326656ADD274A9CC8EFF66516B8B8"
"character-animations","Hero_Sword_Shield","Poses/Hero/Hero_Sword_Shield","Common/Characters/Animations/Poses/Hero/Hero_Sword_Shield.blockyanim","13467","0BDD2BC77E5A9E83876CA0AAD8C5C2745511663CE2816B1901D2A829313B2747"
"character-animations","Hero_Sword_Slash","Poses/Hero/Hero_Sword_Slash","Common/Characters/Animations/Poses/Hero/Hero_Sword_Slash.blockyanim","13465","DB59FE383A15B3006B894FB6D9623CEB2CF64AE9AF09EC4E66A10893BB1DA6C8"
"character-animations","shieldbash_test","Poses/Hero/shieldbash_test","Common/Characters/Animations/Poses/Hero/shieldbash_test.blockyanim","14789","1438E95F83BC2B3C33204823FC5BAF707300CBABCAC6EF9FBCCDD9AE7E5CE651"
"character-animations","Jotaro_Walk","Poses/Jotaro_Walk","Common/Characters/Animations/Poses/Jotaro_Walk.blockyanim","5974","241845582220B470C5D89FDE696FED90DA5226C491C7F458D37EA8C28EF2C0CF"
"character-animations","Ninja","Poses/Ninja","Common/Characters/Animations/Poses/Ninja.blockyanim","7365","03A86B83804C4E1E4A71FB5BACA540B302DB0C5B20C29722F4A3FA725264EC4B"
"character-animations","Outlander_Archer_Bow_Charge","Poses/Outlander_Archer_Bow_Charge","Common/Characters/Animations/Poses/Outlander_Archer_Bow_Charge.blockyanim","17747","EF3D1158FF46CF6181982A097869800827B79AD6068F142C31356EF64A2245D6"
"character-animations","Outlander_Archer_Bow_Pose","Poses/Outlander_Archer_Bow_Pose","Common/Characters/Animations/Poses/Outlander_Archer_Bow_Pose.blockyanim","13186","502FCABC4A94F9516034FEB2F7B03D7011ACB9847D914FFE15265575E29F7BD1"
"character-animations","Outlander_Marauder_Pose","Poses/Outlander_Marauder_Pose","Common/Characters/Animations/Poses/Outlander_Marauder_Pose.blockyanim","7839","BE2B1D231072A6FE1260F1A3D880BE94DC2C86E4B3E4555538998B2F5230D202"
"character-animations","Outlander_Marauder_Pose_Previous","Poses/Outlander_Marauder_Pose_Previous","Common/Characters/Animations/Poses/Outlander_Marauder_Pose_Previous.blockyanim","6510","75499A557BF57D76738CD6C6CACCA9FA8B1CFA7DDFB2B6F1991BE897AF15B0A0"
"character-animations","Outlander_Sword Attack_Pose","Poses/Outlander_Sword Attack_Pose","Common/Characters/Animations/Poses/Outlander_Sword Attack_Pose.blockyanim","6339","523A6AF4F0AA452DEE138EEA498444A831F8C9B21DB41D64D327EEC3B2B29551"
"character-animations","Pickaxe","Poses/Pickaxe","Common/Characters/Animations/Poses/Pickaxe.blockyanim","8302","0ECCEC0A391B646D71936BA58338FD2137C8BECFF322BC4DC7C34D17E92E39AF"
"character-animations","Show_Block","Poses/Show_Block","Common/Characters/Animations/Poses/Show_Block.blockyanim","10911","233D0AD142D183E486CBD9B6D40E427B2F779945E37BF65866358A1A8EA3238B"
"character-animations","Show_Item","Poses/Show_Item","Common/Characters/Animations/Poses/Show_Item.blockyanim","11327","819F6ABA159CF53A2644AFB9A163C5ABEB4F5C74460869DFD361A706169EB9B1"
"character-animations","Staff","Poses/Staff","Common/Characters/Animations/Poses/Staff.blockyanim","15243","8C9A85826BAB2EF0A6B59DA49657C226788044DA7C8B35BB4923844284C370E9"
"character-animations","Strong","Poses/Strong","Common/Characters/Animations/Poses/Strong.blockyanim","5314","C776F2CDA66CF075048808C138458A56F2F91B49B72E5CC81ECBBC93CD9F4B32"
"character-animations","Sword","Poses/Sword","Common/Characters/Animations/Poses/Sword.blockyanim","12118","04D940EAE84BDBCF5D50C5D3A282DBFD152E9E5CDB997BEC2E29FAC4ED9BBE6C"
"character-animations","Warhammer","Poses/Warhammer","Common/Characters/Animations/Poses/Warhammer.blockyanim","7383","90BCDE83018697CC6AE22A5D8DB6B5F36E4962B8FD544EB783C1DFB937D2B9C7"
"character-animations","Roll","Roll/Roll","Common/Characters/Animations/Roll/Roll.blockyanim","7241","C0E40A53C2AE0C68B05D132B4AA8A2FB11BDE1CB184EFD0B34BCCB6D44FFAE1C"
"character-animations","Roll_Backward","Roll/Roll_Backward","Common/Characters/Animations/Roll/Roll_Backward.blockyanim","7241","612ADA8B3352E75B7029AC30511E3479A3603655AA085A3F816A156BFEA4649D"
"character-animations","Roll_Left","Roll/Roll_Left","Common/Characters/Animations/Roll/Roll_Left.blockyanim","6906","D92E084943EEE5F9E2178404222E2D665145FB8EA7FC8EB884127F870258F0E7"
"character-animations","Roll_Right","Roll/Roll_Right","Common/Characters/Animations/Roll/Roll_Right.blockyanim","6906","F810575FC090744F539BEE7370EB57378337DA316FB3A7B812AA319804019798"
"character-animations","Slide","Slide/Slide","Common/Characters/Animations/Slide/Slide.blockyanim","5925","84BE41A530738255D70F43C3277F62EC3761D91FAA858F9C907EC35E44128E63"
"character-animations","Slide_FPS","Slide/Slide_FPS","Common/Characters/Animations/Slide/Slide_FPS.blockyanim","2745","86400018B8C5FD443878DD5C6F00B7E76827B200CBD79681F8C830A0B69EB318"
"character-animations","Swim","Swim/Swim","Common/Characters/Animations/Swim/Swim.blockyanim","34378","506F4D689C92B55D752D9DEC180E1C363B474E4BC8C552354DA512E83CA7C87A"
"character-animations","Swim_Backward","Swim/Swim_Backward","Common/Characters/Animations/Swim/Swim_Backward.blockyanim","31288","40095B6B4FF2865CA9DDC1B0DC06811E3B94D7CB2FBB66C6E9DD730C1330244F"
"character-animations","Swim_Backward_FPS","Swim/Swim_Backward_FPS","Common/Characters/Animations/Swim/Swim_Backward_FPS.blockyanim","4518","28DC92B02337A5A7AC93F3CEFC480AB95FCE388F0C22BA9407B4DF1DF9810BC3"
"character-animations","Swim_Dive","Swim/Swim_Dive","Common/Characters/Animations/Swim/Swim_Dive.blockyanim","34065","A05B8ED745B11951A5914F8470CE15ED35E6275610ECCCB06E350270F478549A"
"character-animations","Swim_Dive_Backward","Swim/Swim_Dive_Backward","Common/Characters/Animations/Swim/Swim_Dive_Backward.blockyanim","31544","93D453D44953C6458260C341BC3A488256AF1A86143214D13B42E90BA2CEC9D3"
"character-animations","Swim_Dive_Backward_FPS","Swim/Swim_Dive_Backward_FPS","Common/Characters/Animations/Swim/Swim_Dive_Backward_FPS.blockyanim","4518","28DC92B02337A5A7AC93F3CEFC480AB95FCE388F0C22BA9407B4DF1DF9810BC3"
"character-animations","Swim_Dive_Fast","Swim/Swim_Dive_Fast","Common/Characters/Animations/Swim/Swim_Dive_Fast.blockyanim","35237","45407522E3152CCE9826ED605C575B8BB60663B0C809AB1D500ABEF4DCB6A992"
"character-animations","Swim_Dive_Fast_FPS","Swim/Swim_Dive_Fast_FPS","Common/Characters/Animations/Swim/Swim_Dive_Fast_FPS.blockyanim","3296","AE7B0E78780C9260425390A01EF88711D118800016908B07764D10A1DA142E2E"
"character-animations","Swim_Dive_Fast2","Swim/Swim_Dive_Fast2","Common/Characters/Animations/Swim/Swim_Dive_Fast2.blockyanim","35235","BE061FED4E73B019586E31B36FF6118AA7711B7CF9FD967C120314212B475941"
"character-animations","Swim_Dive_FPS","Swim/Swim_Dive_FPS","Common/Characters/Animations/Swim/Swim_Dive_FPS.blockyanim","4457","7A15471B2FC3352D7073C377F3B98926C23FC53A422C16B0ECE87A1C850F78EF"
"character-animations","Swim_Fast","Swim/Swim_Fast","Common/Characters/Animations/Swim/Swim_Fast.blockyanim","35297","E2DB22C6B6DA5A546522720C0A47D87DA2B8031B0160CF2EAF6D40BFECDD23BB"
"character-animations","Swim_Fast_FPS","Swim/Swim_Fast_FPS","Common/Characters/Animations/Swim/Swim_Fast_FPS.blockyanim","4481","1FDE19610CF7227331E44F172A617482849568B14AF17BDB3B94C566E472136B"
"character-animations","Swim_Float","Swim/Swim_Float","Common/Characters/Animations/Swim/Swim_Float.blockyanim","32320","89CCFE9E673BA93C1348F762EDB0542C51317EA6B4E3E11D2DE5418AE2EE2614"
"character-animations","Swim_Float_FPS","Swim/Swim_Float_FPS","Common/Characters/Animations/Swim/Swim_Float_FPS.blockyanim","4449","C687C3FF528BF405B984F3A92C1061BF2FC6D4E204F37B5F225FF006091D1597"
"character-animations","Swim_FPS","Swim/Swim_FPS","Common/Characters/Animations/Swim/Swim_FPS.blockyanim","4457","7A15471B2FC3352D7073C377F3B98926C23FC53A422C16B0ECE87A1C850F78EF"
"character-animations","Swim_Idle","Swim/Swim_Idle","Common/Characters/Animations/Swim/Swim_Idle.blockyanim","26511","2DBE448E4B8175658FFBFDADCF09EA1D55821A31D4C80828164F0A6503D7553F"
"character-animations","Swim_Idle_FPS","Swim/Swim_Idle_FPS","Common/Characters/Animations/Swim/Swim_Idle_FPS.blockyanim","3296","414EFD77B585C0939F828A415F77E36F972145CDE8704ACD1E8C189AAEB53F38"
"character-animations","Swim_Jump","Swim/Swim_Jump","Common/Characters/Animations/Swim/Swim_Jump.blockyanim","33263","440601FFE5D26A023B542B8B724A319ED66D8CA815840269B24A1DA383E6B265"
"character-animations","Swim_Jump_FPS","Swim/Swim_Jump_FPS","Common/Characters/Animations/Swim/Swim_Jump_FPS.blockyanim","4043","3FC7982CA461B8BE826A400D9546471AF67EC6A5173BCCB2CB75FC4A7A77C381"
"character-animations","Swim_Sink","Swim/Swim_Sink","Common/Characters/Animations/Swim/Swim_Sink.blockyanim","26865","EEF14ECDA07DFCA6ECFC42B88C4E63AFAA33A8DB654871A3A56D0ADF3DB59849"
"character-animations","Swim_Sink_FPS","Swim/Swim_Sink_FPS","Common/Characters/Animations/Swim/Swim_Sink_FPS.blockyanim","3294","7A57CCEF29B09D72D8675F3BBF56F918BC4DAD5D7B934354B55E1E6C95CFBAAC"
"character-animations","Chicken","Taunt/Chicken","Common/Characters/Animations/Taunt/Chicken.blockyanim","75159","95324A80F1FDDC90E6511D2F503407194BD76111CDD012153B87E8E7C572E923"
"character-animations","Kill","Taunt/Kill","Common/Characters/Animations/Taunt/Kill.blockyanim","21793","F44B0DE5305E74796D345DD29D52AF82879DA7B043119E73374BC20A284EBBFB"
"character-animations","Laugh","Taunt/Laugh","Common/Characters/Animations/Taunt/Laugh.blockyanim","97773","EF9D6639141ECB581303460DD84B2441BE759F974D5EAFDB8ABFF0B082F7B5B8"
"character-animations","Punch","Taunt/Punch","Common/Characters/Animations/Taunt/Punch.blockyanim","15686","82644FF1D3446696AF65C63B522A13B002128993A5F12F23382DAABA1B35FA3F"
"character-animations","Staff_Helicopter","Taunt/Staff_Helicopter","Common/Characters/Animations/Taunt/Staff_Helicopter.blockyanim","22745","FB5C5DC49009CA537787FB509FE4D96CEB6D2C28E88F5098DE6A1F5877C0AF26"
"character-animations","Sword_Back","Taunt/Sword_Back","Common/Characters/Animations/Taunt/Sword_Back.blockyanim","12357","2440006EBA6E71747CDC6CFE9B8183480FEEBB43C1E6F461BCCD6C292FC45744"
"character-animations","Sword_Front","Taunt/Sword_Front","Common/Characters/Animations/Taunt/Sword_Front.blockyanim","22582","0F0FB847CE5395C21E09929E0339412A18DE1ADCFFBA5C5C844142F00C413273"
"character-animations","Tongue","Taunt/Tongue","Common/Characters/Animations/Taunt/Tongue.blockyanim","55599","3DF3FC1A972D9C8A6A6E5F54C455DDB6D00C05BE138F9E61E5A659AF51724E23"
"character-animations","Tounge","Taunt/Tounge","Common/Characters/Animations/Taunt/Tounge.blockyanim","10639","FAEE0D073A1B6A9CB5BBDE8E0E74A9A40DB844DBCFB01BC0B4E4427D29149636"
