"category","id","relativeId","archivePath","bytes","sha256"
"items","Debug_Beacon_Horn","_Debug/Debug_Beacon_Horn","Server/Item/Items/_Debug/Debug_Beacon_Horn.json","748","F83C52E4BC25A5C8A8674F30FA69075427C3BDAA12356584AF6BDDA5579BF4D6"
"items","Debug_Block","_Debug/Debug_Block","Server/Item/Items/_Debug/Debug_Block.json","789","01875B9D255EF4C8649FA5AA77A245B919082A5E65C1BFF965C37BEF677E4FCC"
"items","Debug_Combo","_Debug/Debug_Combo","Server/Item/Items/_Debug/Debug_Combo.json","882","86F18AC75D80F8C9975EACDA24AF0C24AD03A36F5C367BFB416F77F459A7788A"
"items","Debug_Companion_Block_Spawner","_Debug/Debug_Companion_Block_Spawner","Server/Item/Items/_Debug/Debug_Companion_Block_Spawner.json","755","6D2A94EEEFAAC066D1142AB76FFA9403EE5D518C80687E6CD855D87DF872A1C6"
"items","Debug_Companion_Block_Spawner_Explicit","_Debug/Debug_Companion_Block_Spawner_Explicit","Server/Item/Items/_Debug/Debug_Companion_Block_Spawner_Explicit.json","880","A73E223F435E649C3864E174983ABC870E53DD39937CEAD0061B75C8CB0EB27C"
"items","Debug_Companion_Block_Spawner_Requirement","_Debug/Debug_Companion_Block_Spawner_Requirement","Server/Item/Items/_Debug/Debug_Companion_Block_Spawner_Requirement.json","1007","1D38AAFC8B27F4DAF6432E17A3E71AF0A436641E5C40C35D686582B56ED88241"
"items","Debug_Continue","_Debug/Debug_Continue","Server/Item/Items/_Debug/Debug_Continue.json","1374","A33BCB117CE413C5ED49AF7241F92F18B059CB61A0AEB424C9B8EACC2AB9AAF7"
"items","Debug_Continue_Equip","_Debug/Debug_Continue_Equip","Server/Item/Items/_Debug/Debug_Continue_Equip.json","2385","E766BA3C46957FED70594DE7DDDC9DF881933C1976E5F6507D9B763824809F34"
"items","Debug_Continue_Equip_Legs","_Debug/Debug_Continue_Equip_Legs","Server/Item/Items/_Debug/Debug_Continue_Equip_Legs.json","2757","FA3AE16D8A007A0607E996A07BF6418A59DFB9E1F57404DD5A64A5774DAC879D"
"items","Debug_Donut_Selector","_Debug/Debug_Donut_Selector","Server/Item/Items/_Debug/Debug_Donut_Selector.json","1660","EFD6DFEE7296C225CC9DA6EE6E9B01D560E763B77FC68DA78B224BDC1CD43A9D"
"items","Debug_Durability_Condition","_Debug/Debug_Durability_Condition","Server/Item/Items/_Debug/Debug_Durability_Condition.json","598","CDC8F4AA36E80E0480F5C7562543F0BAA536ACB25D6EBFFDFBDAC1675F393A41"
"items","Debug_Explosive","_Debug/Debug_Explosive","Server/Item/Items/_Debug/Debug_Explosive.json","3525","22CD43D7919625E7C26E7C060EC4FCBDD00A566A1E8470C6083EECD8E69E991A"
"items","Debug_Falling_Barrel","_Debug/Debug_Falling_Barrel","Server/Item/Items/_Debug/Debug_Falling_Barrel.json","1549","6240955D47B2A5FB798E67AAF488C986DC8B136752D74006E9C2B4845065D824"
"items","Debug_Falling_Explosive","_Debug/Debug_Falling_Explosive","Server/Item/Items/_Debug/Debug_Falling_Explosive.json","3458","DA44F5A5F4111DC6923B48CB44E714DD556AD051DAB2CA4858998BF98AFB1E5C"
"items","Debug_Forking","_Debug/Debug_Forking","Server/Item/Items/_Debug/Debug_Forking.json","2878","198C4C918FD8448EF728EA2DEBD9E41B16F9AEF7D6FBEE6123BB32DFBC606AF3"
"items","Debug_Forking_2","_Debug/Debug_Forking_2","Server/Item/Items/_Debug/Debug_Forking_2.json","3133","9DA9B802BA607121889932A06A3403D6950290E5B0399946890536CB9A18DA28"
"items","Debug_Launch_Projectile_Fixed_Pitch","_Debug/Debug_Launch_Projectile_Fixed_Pitch","Server/Item/Items/_Debug/Debug_Launch_Projectile_Fixed_Pitch.json","844","E07ED0C8B276E7BF5F453E7996FC21259656988D14D782EC57CC8E1AC0638D62"
"items","Debug_Launch_Projectile_Fixed_Yaw","_Debug/Debug_Launch_Projectile_Fixed_Yaw","Server/Item/Items/_Debug/Debug_Launch_Projectile_Fixed_Yaw.json","838","14909BBEAB08231E217FD6F97ECE3CF9368163020499805592E83FF9C21B0C5F"
"items","Debug_MusicEmitter_CaveEncounter","_Debug/Debug_MusicEmitter_CaveEncounter","Server/Item/Items/_Debug/Debug_MusicEmitter_CaveEncounter.json","477","492D26D18D5D1928036006725B6AEE42E8A68B573432EA4C713A3BF1D759A914"
"items","Debug_MusicEmitter_DeepJungles","_Debug/Debug_MusicEmitter_DeepJungles","Server/Item/Items/_Debug/Debug_MusicEmitter_DeepJungles.json","472","5C538F19B7DC77AB6B1B4E3C23B8D044004B7C9EA75B98321589D3D32F505758"
"items","Debug_MusicEmitter_ForgottenTemple","_Debug/Debug_MusicEmitter_ForgottenTemple","Server/Item/Items/_Debug/Debug_MusicEmitter_ForgottenTemple.json","476","74F19BC6FB91E5635EDCFD855D681C3C005E29035384E0C443441F96DB1C033B"
"items","Debug_MusicEmitter_HowlingSands","_Debug/Debug_MusicEmitter_HowlingSands","Server/Item/Items/_Debug/Debug_MusicEmitter_HowlingSands.json","475","4EEA1F7A10D86C615713034A96D494220D4CEF18B6E566D6B5B979F017896AC7"
"items","Debug_MusicItem_DeepJungles","_Debug/Debug_MusicItem_DeepJungles","Server/Item/Items/_Debug/Debug_MusicItem_DeepJungles.json","659","2A9A32C63D110B8C5393C10D2760C5C867769370DBF11B1418EEFA8681668566"
"items","Debug_MusicItem_ForgottenTemple","_Debug/Debug_MusicItem_ForgottenTemple","Server/Item/Items/_Debug/Debug_MusicItem_ForgottenTemple.json","663","9BE646A35A71887DDFA0E475F4D3CBF10A331E5D1F33BB8DEB5ADF490C07635B"
"items","Debug_MusicPlayer","_Debug/Debug_MusicPlayer","Server/Item/Items/_Debug/Debug_MusicPlayer.json","1809","EC785DD4D284D7E2FBC3EC265211314F91B19EC2ABA5D9BCB455E1A90369A392"
"items","Debug_Projectile","_Debug/Debug_Projectile","Server/Item/Items/_Debug/Debug_Projectile.json","996","6B0F245D37D3CCCB6D32DD0BACD98C0D24C0F608AC160C4AED01D18FE96313D3"
"items","Debug_Projectile_Fixed_Pitch","_Debug/Debug_Projectile_Fixed_Pitch","Server/Item/Items/_Debug/Debug_Projectile_Fixed_Pitch.json","1044","5B7C450A1F90B2C6F351BB296A96B83D8FCA14D0040C78E14BCB71B5A283DD62"
"items","Debug_Projectile_Fixed_Yaw","_Debug/Debug_Projectile_Fixed_Yaw","Server/Item/Items/_Debug/Debug_Projectile_Fixed_Yaw.json","1036","6F8FF579B9AF20A275C279CFE5C0074C67D22A8D15B300B4BDB207DCE1801D8C"
"items","Debug_Projectile_Scale","_Debug/Debug_Projectile_Scale","Server/Item/Items/_Debug/Debug_Projectile_Scale.json","921","F72FF784A9766296D8D8EA4E12027D532C1BF166D9254DB1EFBC4FA95BCB2B55"
"items","Debug_Projectile_TriggerVolume","_Debug/Debug_Projectile_TriggerVolume","Server/Item/Items/_Debug/Debug_Projectile_TriggerVolume.json","944","CC8476CE5A60D4DA7F7222EE5FE7D45988F265CFEA0A88954BBF299875767FA1"
"items","Debug_Raycast","_Debug/Debug_Raycast","Server/Item/Items/_Debug/Debug_Raycast.json","3746","2E14B8747EEFF1085546D775E2D4D9FDFE28E082D633363C7519092167C2F5AD"
"items","Debug_Spawn_Marker_Block","_Debug/Debug_Spawn_Marker_Block","Server/Item/Items/_Debug/Debug_Spawn_Marker_Block.json","1833","B791C85D21DBD5D23CED2EC68BC5D071AB1BBB13831EC2AC2986D5922E87CEF1"
"items","Portal_Prefab","_Debug/Portal_Prefab","Server/Item/Items/_Debug/Portal_Prefab.json","1082","1ECDC9F93224463E1704A72BC5883EAE23FB0CB0A33266A0B4748B2A8E7ED34A"
"items","Test_Backpack","_Debug/Test_Backpack","Server/Item/Items/_Debug/Test_Backpack.json","882","9384D751C87D08CAA36612C774EA5096250595EBEAA823B1C84C7B8BA3A6D8B5"
"items","Test_Camera_Item","_Debug/Test_Camera_Item","Server/Item/Items/_Debug/Test_Camera_Item.json","1187","6F78BC3DD89525EC16B9571188458577707430CF4B1281764D635FC6F9BB3EDC"
"items","Test_PlaceBlockProcedure","_Debug/Test_PlaceBlockProcedure","Server/Item/Items/_Debug/Test_PlaceBlockProcedure.json","7629","8CC35160712CD555CDCADCA544937387E1B9FC4EBD5B91B72B49C2649774E1AC"
"items","Test_Spawn_Marker_Trigger","_Debug/Test_Spawn_Marker_Trigger","Server/Item/Items/_Debug/Test_Spawn_Marker_Trigger.json","966","CF0F3A91D1C3C8BC5FB21A6BB2DC8E9F7C3595B968E797C22A64BFEB65313F48"
"items","Debug_Armor_D_Chest_Of_Damage_Reduction","Armor/_Debug/Debug_Armor_D_Chest_Of_Damage_Reduction","Server/Item/Items/Armor/_Debug/Debug_Armor_D_Chest_Of_Damage_Reduction.json","1978","85994AEE2DB835ACB028F8A0ACDEC55748357E279097DE26B6471AA85F37A2E2"
"items","Debug_Armor_D_Hands_Of_Regeneration","Armor/_Debug/Debug_Armor_D_Hands_Of_Regeneration","Server/Item/Items/Armor/_Debug/Debug_Armor_D_Hands_Of_Regeneration.json","2256","348C7DEB57E8D0387E89A05EAF01FEE2439B4205CD4DAADF42AC1D136C445168"
"items","Debug_Armor_D_Head_Of_Dash_Reduction","Armor/_Debug/Debug_Armor_D_Head_Of_Dash_Reduction","Server/Item/Items/Armor/_Debug/Debug_Armor_D_Head_Of_Dash_Reduction.json","1706","E5FE5C482EB68E9D8F50AE48CD778297805FF51919670D3D405B6F0A6D5534A8"
"items","Debug_Armor_D_Legs_Of_Knockback_Reduction","Armor/_Debug/Debug_Armor_D_Legs_Of_Knockback_Reduction","Server/Item/Items/Armor/_Debug/Debug_Armor_D_Legs_Of_Knockback_Reduction.json","1669","1490ECC739F2C9379934E97CF2F662A98541E6CA3A2443D1E6C3C1EE8B40F9C1"
"items","Debug_Armor_Leather_Light_Chest_Mods","Armor/_Debug/Debug_Armor_Leather_Light_Chest_Mods","Server/Item/Items/Armor/_Debug/Debug_Armor_Leather_Light_Chest_Mods.json","3290","A870724954C3CCC6E1989C441AF6D4C380F44692CE90CE4853813FBF94CC7FEE"
"items","Debug_Armor_O_Chest_Of_Damage_Enhancement","Armor/_Debug/Debug_Armor_O_Chest_Of_Damage_Enhancement","Server/Item/Items/Armor/_Debug/Debug_Armor_O_Chest_Of_Damage_Enhancement.json","1414","F4A392F3617498426DE5A5C88EB626188E1B72930398BBB85079557C858701CA"
"items","Debug_Armor_O_Head_Of_Dash_Exhaustion","Armor/_Debug/Debug_Armor_O_Head_Of_Dash_Exhaustion","Server/Item/Items/Armor/_Debug/Debug_Armor_O_Head_Of_Dash_Exhaustion.json","1254","BD303CDEBF137C7285EB9921F240E629D3D406183778CC1DC93B3148E2D38498"
"items","Debug_Armor_O_Legs_Of_Knockback_Enhancement","Armor/_Debug/Debug_Armor_O_Legs_Of_Knockback_Enhancement","Server/Item/Items/Armor/_Debug/Debug_Armor_O_Legs_Of_Knockback_Enhancement.json","1187","BAE8DAD5BF1AE63C276CF765355D40885158DBE43DF0D73CCCC335C590322AF4"
"items","Debug_Movement_Boots","Armor/_Debug/Debug_Movement_Boots","Server/Item/Items/Armor/_Debug/Debug_Movement_Boots.json","874","C183550CFB3A6E794E5A6DA4177517410FF0B3BDC9DDC6C0F561D9650C789736"
"items","Armor_Adamantite_Chest","Armor/Adamantite/Armor_Adamantite_Chest","Server/Item/Items/Armor/Adamantite/Armor_Adamantite_Chest.json","1917","99AF988E256A878AC4A7C74F75694939027ACD5EC9CC7E78C496C80161BC5362"
"items","Armor_Adamantite_Hands","Armor/Adamantite/Armor_Adamantite_Hands","Server/Item/Items/Armor/Adamantite/Armor_Adamantite_Hands.json","1874","04860F9E96125B203FCA1B9A0E36112B0379FA81E902A36901981A36305D5301"
"items","Armor_Adamantite_Head","Armor/Adamantite/Armor_Adamantite_Head","Server/Item/Items/Armor/Adamantite/Armor_Adamantite_Head.json","1970","68B865F5E01191AAF4DE3E1647F4A6811B930AA8BF008073766949065C573D83"
"items","Armor_Adamantite_Legs","Armor/Adamantite/Armor_Adamantite_Legs","Server/Item/Items/Armor/Adamantite/Armor_Adamantite_Legs.json","1926","7F0B99D408B5D2E032746261F0E22952FA6EA29BF9A2D90F2031093501D29284"
"items","Armor_Bronze_Ornate_Chest","Armor/Bronze_Ornate/Armor_Bronze_Ornate_Chest","Server/Item/Items/Armor/Bronze_Ornate/Armor_Bronze_Ornate_Chest.json","1710","3EB4CC87A484708AA030E663B4FCF48B3F9691679C079151FA9118401934C85D"
"items","Armor_Bronze_Ornate_Hands","Armor/Bronze_Ornate/Armor_Bronze_Ornate_Hands","Server/Item/Items/Armor/Bronze_Ornate/Armor_Bronze_Ornate_Hands.json","1665","779790C66A1EDE262603AEC708968FFF7D69F8C99EB837EFD66A965A24F25E3F"
"items","Armor_Bronze_Ornate_Head","Armor/Bronze_Ornate/Armor_Bronze_Ornate_Head","Server/Item/Items/Armor/Bronze_Ornate/Armor_Bronze_Ornate_Head.json","1772","6F3E952C5B54671663D16A69DAB4FA852C74A2A8655A8D49763DABD4DF8C452B"
"items","Armor_Bronze_Chest","Armor/Bronze/Armor_Bronze_Chest","Server/Item/Items/Armor/Bronze/Armor_Bronze_Chest.json","1526","8CFE0831DEF5BBA1EC48A953A2C1F86E40AA616B493F6F3454EB2014AA723BBB"
"items","Armor_Bronze_Hands","Armor/Bronze/Armor_Bronze_Hands","Server/Item/Items/Armor/Bronze/Armor_Bronze_Hands.json","1449","8EB4607383837A77B9D86B86412EF4A0CFE46A82185FB4BCA860901FFC2FB4C2"
"items","Armor_Bronze_Head","Armor/Bronze/Armor_Bronze_Head","Server/Item/Items/Armor/Bronze/Armor_Bronze_Head.json","1548","761F0673E14C5E67DD24D2ECF7D4BD321B47C3313E07CF83F4FC077EB7FC1683"
"items","Armor_Bronze_Legs","Armor/Bronze/Armor_Bronze_Legs","Server/Item/Items/Armor/Bronze/Armor_Bronze_Legs.json","1655","FAD020089DF0657DCF0FB6DC249C164C144EF094BCB8C216A56B1E4EC497E67E"
"items","Armor_Cloth_Cindercloth_Chest","Armor/Cloth_Cindercloth/Armor_Cloth_Cindercloth_Chest","Server/Item/Items/Armor/Cloth_Cindercloth/Armor_Cloth_Cindercloth_Chest.json","1756","EC67877FED947E92FD9BA520C3C2BBA1351A92D8547BD987997C146D185BABAD"
"items","Armor_Cloth_Cindercloth_Hands","Armor/Cloth_Cindercloth/Armor_Cloth_Cindercloth_Hands","Server/Item/Items/Armor/Cloth_Cindercloth/Armor_Cloth_Cindercloth_Hands.json","1707","913040814E33E8EA31CD83596DF4C08FEF43CC3871229C579021D5B0B03CBDA8"
"items","Armor_Cloth_Cindercloth_Head","Armor/Cloth_Cindercloth/Armor_Cloth_Cindercloth_Head","Server/Item/Items/Armor/Cloth_Cindercloth/Armor_Cloth_Cindercloth_Head.json","1807","B0C95793C410ECAA8676C453EBAD4B546223050123FD887BE5012554EF4945A4"
"items","Armor_Cloth_Cindercloth_Legs","Armor/Cloth_Cindercloth/Armor_Cloth_Cindercloth_Legs","Server/Item/Items/Armor/Cloth_Cindercloth/Armor_Cloth_Cindercloth_Legs.json","1762","FD0E87BEF8FFCF0D051307A221821085B9B3EBB5421C4A2C5D57758829677856"
"items","Armor_Cloth_Cotton_Chest","Armor/Cloth_Cotton/Armor_Cloth_Cotton_Chest","Server/Item/Items/Armor/Cloth_Cotton/Armor_Cloth_Cotton_Chest.json","1665","A6A16C37B99ABB3B38216059F2BEECBC958874DE3316930D007537217B0C8BD7"
"items","Armor_Cloth_Cotton_Hands","Armor/Cloth_Cotton/Armor_Cloth_Cotton_Hands","Server/Item/Items/Armor/Cloth_Cotton/Armor_Cloth_Cotton_Hands.json","1618","789F42F90E312705A324BAB6806ACE3C37CD8B4982964B61E36B36774814DB7A"
"items","Armor_Cloth_Cotton_Head","Armor/Cloth_Cotton/Armor_Cloth_Cotton_Head","Server/Item/Items/Armor/Cloth_Cotton/Armor_Cloth_Cotton_Head.json","1717","AE57645098B149DDC23592572BED48A50243E48327555D320EC4EA93F28ACDF1"
"items","Armor_Cloth_Cotton_Legs","Armor/Cloth_Cotton/Armor_Cloth_Cotton_Legs","Server/Item/Items/Armor/Cloth_Cotton/Armor_Cloth_Cotton_Legs.json","1674","E18C6B2D3B8608A7C6E513BCAAD8DE3E943F80B2A65C89DFA53675B84EFAE4B6"
"items","Armor_Cloth_Linen_Chest","Armor/Cloth_Linen/Armor_Cloth_Linen_Chest","Server/Item/Items/Armor/Cloth_Linen/Armor_Cloth_Linen_Chest.json","1656","ACB0944ACD47A994AEB9D68F04C92C5049D0A841B4D39961A1D1382B0388F5F4"
"items","Armor_Cloth_Linen_Hands","Armor/Cloth_Linen/Armor_Cloth_Linen_Hands","Server/Item/Items/Armor/Cloth_Linen/Armor_Cloth_Linen_Hands.json","1618","325B86261C665524DC1BF81725FA216F83D83EAB34FFD4706673E059BFB2718E"
"items","Armor_Cloth_Linen_Head","Armor/Cloth_Linen/Armor_Cloth_Linen_Head","Server/Item/Items/Armor/Cloth_Linen/Armor_Cloth_Linen_Head.json","1711","2A88D9434246D7CFCE4E5F8C5833394A2562BDA89A17439324544804FED8FDF9"
"items","Armor_Cloth_Linen_Legs","Armor/Cloth_Linen/Armor_Cloth_Linen_Legs","Server/Item/Items/Armor/Cloth_Linen/Armor_Cloth_Linen_Legs.json","1663","87E208ECE582DDDC9639281D2B292F84E868A514B3E00B761240D356FB67A812"
"items","Armor_Cloth_Silk_Chest","Armor/Cloth_Silk/Armor_Cloth_Silk_Chest","Server/Item/Items/Armor/Cloth_Silk/Armor_Cloth_Silk_Chest.json","1763","8DE168729072CA53063AE1841BE6471F1EC5987004CB7099F0A6F89B37988B69"
"items","Armor_Cloth_Silk_Hands","Armor/Cloth_Silk/Armor_Cloth_Silk_Hands","Server/Item/Items/Armor/Cloth_Silk/Armor_Cloth_Silk_Hands.json","1713","39015B812512F2373193A083503A383C52E3A43E77B78EE1FFFC1AC479257F72"
"items","Armor_Cloth_Silk_Head","Armor/Cloth_Silk/Armor_Cloth_Silk_Head","Server/Item/Items/Armor/Cloth_Silk/Armor_Cloth_Silk_Head.json","1812","DF833E12EF74F270727A913974BC55B39AB1C81D083D4567EAD81494FFB1AB41"
"items","Armor_Cloth_Silk_Legs","Armor/Cloth_Silk/Armor_Cloth_Silk_Legs","Server/Item/Items/Armor/Cloth_Silk/Armor_Cloth_Silk_Legs.json","1767","10E329F746499D56A722AA1D5A50CDA6526450559E95A858D08A63A36725558A"
"items","Armor_Cloth_Wool_Chest","Armor/Cloth_Wool/Armor_Cloth_Wool_Chest","Server/Item/Items/Armor/Cloth_Wool/Armor_Cloth_Wool_Chest.json","1672","A9E14ACE266DC053EDE2361533B85FF7F3E5F411FF5350A830511BFFDF4A1002"
"items","Armor_Cloth_Wool_Hands","Armor/Cloth_Wool/Armor_Cloth_Wool_Hands","Server/Item/Items/Armor/Cloth_Wool/Armor_Cloth_Wool_Hands.json","1634","0AB954CB4E4481D95F06864CC6AB8517A97C0B1C20FB2C4D4136957E43611D3B"
"items","Armor_Cloth_Wool_Head","Armor/Cloth_Wool/Armor_Cloth_Wool_Head","Server/Item/Items/Armor/Cloth_Wool/Armor_Cloth_Wool_Head.json","1729","7916771FE7E99A19C2633E7B5FBDD3F4043BE7428ED6E93FDA31132DD876D90A"
"items","Armor_Cloth_Wool_Legs","Armor/Cloth_Wool/Armor_Cloth_Wool_Legs","Server/Item/Items/Armor/Cloth_Wool/Armor_Cloth_Wool_Legs.json","1682","4A151895452AC58AF09368DBB874B01C00850F0B6D6CBF764E719D36B418A3CB"
"items","Armor_Cobalt_Chest","Armor/Cobalt/Armor_Cobalt_Chest","Server/Item/Items/Armor/Cobalt/Armor_Cobalt_Chest.json","1897","3DD8F975563ABB20423E185111BCE4B6614E5EA5193146990512899948D6518C"
"items","Armor_Cobalt_Hands","Armor/Cobalt/Armor_Cobalt_Hands","Server/Item/Items/Armor/Cobalt/Armor_Cobalt_Hands.json","1855","56E1D23BE03A4D25CD233F7B78295456048F9B0003C39048025B7C238AB96D12"
"items","Armor_Cobalt_Head","Armor/Cobalt/Armor_Cobalt_Head","Server/Item/Items/Armor/Cobalt/Armor_Cobalt_Head.json","1951","AA6F78D6041486CEFCC08B3F96EBB8A2D6866F47F1FDEEF03E83DED90895BDCA"
"items","Armor_Cobalt_Legs","Armor/Cobalt/Armor_Cobalt_Legs","Server/Item/Items/Armor/Cobalt/Armor_Cobalt_Legs.json","1907","C14BB09E25CF6BFD6E9912F391FDE1FF6C81AB79E2B6A5B696D799FE4FB76315"
"items","Armor_Copper_Chest","Armor/Copper/Armor_Copper_Chest","Server/Item/Items/Armor/Copper/Armor_Copper_Chest.json","1603","360ED64AB72D86B6658D95A3779CF440FB261F193826D995CDB37F80D31A8162"
"items","Armor_Copper_Hands","Armor/Copper/Armor_Copper_Hands","Server/Item/Items/Armor/Copper/Armor_Copper_Hands.json","1554","8D81C633EB937896D4C0CE16613C01849C2F73F559A563ECDA3C3AE7F7C27D18"
"items","Armor_Copper_Head","Armor/Copper/Armor_Copper_Head","Server/Item/Items/Armor/Copper/Armor_Copper_Head.json","1498","406D0D936A49525953C0A5218FF3756DE3B4A23C728BED4ED3D7D503467921F7"
"items","Armor_Copper_Legs","Armor/Copper/Armor_Copper_Legs","Server/Item/Items/Armor/Copper/Armor_Copper_Legs.json","1610","85803E9572C68F257656EFCE1B326FC6F09DF87A05BEBC55F73B1B680DC6B283"
"items","Armor_Diving_Crude_Chest","Armor/Diving_Crude/Armor_Diving_Crude_Chest","Server/Item/Items/Armor/Diving_Crude/Armor_Diving_Crude_Chest.json","1255","96E6E51E1190215F018FBF61C861156FD8B5D42F3F8596EAFEEA0867FDD4E4C1"
"items","Armor_Diving_Crude_Hands","Armor/Diving_Crude/Armor_Diving_Crude_Hands","Server/Item/Items/Armor/Diving_Crude/Armor_Diving_Crude_Hands.json","1250","994C6118D2FCA6BD6760EE84795EF1CF5F1E39316DD525EBCA2E36079DFB2A58"
"items","Armor_Diving_Crude_Head","Armor/Diving_Crude/Armor_Diving_Crude_Head","Server/Item/Items/Armor/Diving_Crude/Armor_Diving_Crude_Head.json","1150","E9DB618BDBA45EF2EDB1AB1DE821DAAF745196DAF3205EABEA9B9FE40D1C4D01"
"items","Armor_Diving_Crude_Legs","Armor/Diving_Crude/Armor_Diving_Crude_Legs","Server/Item/Items/Armor/Diving_Crude/Armor_Diving_Crude_Legs.json","1282","7A43B224238A54592B8C7CC30A48AD677346793F4D5549144389D9925F5BAC1B"
"items","Armor_Iron_Chest","Armor/Iron/Armor_Iron_Chest","Server/Item/Items/Armor/Iron/Armor_Iron_Chest.json","1983","C5BB9D8A4453AAF1FAD47A4086646B5795ABCEF6D0C8144FE80F6315D3DCF198"
"items","Armor_Iron_Hands","Armor/Iron/Armor_Iron_Hands","Server/Item/Items/Armor/Iron/Armor_Iron_Hands.json","1918","5B871CD6D369827D559FAE7D5AF5F847BE827CF211B8453A1E351D0DFD08AB1D"
"items","Armor_Iron_Head","Armor/Iron/Armor_Iron_Head","Server/Item/Items/Armor/Iron/Armor_Iron_Head.json","2016","EC01A8BEFB091B7BD5CDD0CB0A661F91C67F3C118F2A4EF7D8BE20566357AFC0"
"items","Armor_Iron_Legs","Armor/Iron/Armor_Iron_Legs","Server/Item/Items/Armor/Iron/Armor_Iron_Legs.json","1824","D382EAE4A88C73916116B9608F0C76A1C36EAC361ED1BCF97BD3F411C15CF308"
"items","Armor_Kweebec_Chest","Armor/Kweebec/Armor_Kweebec_Chest","Server/Item/Items/Armor/Kweebec/Armor_Kweebec_Chest.json","1154","B80CDC7AD8C3A4C6D8D965E615CDD05E512A47C808AF6CF820DDA929DA676579"
"items","Armor_Kweebec_Head","Armor/Kweebec/Armor_Kweebec_Head","Server/Item/Items/Armor/Kweebec/Armor_Kweebec_Head.json","1253","E1EB09868A46BF2777A26B82B2EB85EACD16A708CFFE6DF0F37F7DAD0FF15A3E"
"items","Armor_Leather_Heavy_Chest","Armor/Leather_Heavy/Armor_Leather_Heavy_Chest","Server/Item/Items/Armor/Leather_Heavy/Armor_Leather_Heavy_Chest.json","1678","042C91801EF20F3F9EC5AF7B2D9F8021507C5068FA5F7E39F898F37EBF6705FF"
"items","Armor_Leather_Heavy_Hands","Armor/Leather_Heavy/Armor_Leather_Heavy_Hands","Server/Item/Items/Armor/Leather_Heavy/Armor_Leather_Heavy_Hands.json","1631","174AEBAA56AC92DFE6A17C896714C20D4FCA6EC341F942898C4D9CB2CB19C0DA"
"items","Armor_Leather_Heavy_Head","Armor/Leather_Heavy/Armor_Leather_Heavy_Head","Server/Item/Items/Armor/Leather_Heavy/Armor_Leather_Heavy_Head.json","1731","F9C1A1D33AFF10D70640B834DFF78ADDB208E49763F3BC97FED7DD53192D782C"
"items","Armor_Leather_Heavy_Legs","Armor/Leather_Heavy/Armor_Leather_Heavy_Legs","Server/Item/Items/Armor/Leather_Heavy/Armor_Leather_Heavy_Legs.json","1684","874283F33A100335289D3754C6AE834B48C9AED330C8FF0AF57F067B56BBB7B3"
"items","Armor_Leather_Light_Chest","Armor/Leather_Light/Armor_Leather_Light_Chest","Server/Item/Items/Armor/Leather_Light/Armor_Leather_Light_Chest.json","1677","48CE91B0B6C91A928F80AA247704C07872C7580C06B46DC23EFFCD6E72E1299B"
"items","Armor_Leather_Light_Hands","Armor/Leather_Light/Armor_Leather_Light_Hands","Server/Item/Items/Armor/Leather_Light/Armor_Leather_Light_Hands.json","1639","552E2B46C5DA6C7E90A370C6822DDDC5462E7D25DE02FD12EBA1A942446387F6"
"items","Armor_Leather_Light_Head","Armor/Leather_Light/Armor_Leather_Light_Head","Server/Item/Items/Armor/Leather_Light/Armor_Leather_Light_Head.json","1734","CBD3E1A246EF7BB9142973E916BE2F715B50E87884BCFA67D205E38976FD353F"
"items","Armor_Leather_Light_Legs","Armor/Leather_Light/Armor_Leather_Light_Legs","Server/Item/Items/Armor/Leather_Light/Armor_Leather_Light_Legs.json","1687","7E954233BC4959E5D0E6BD076FF80CD8E44719FEF3AC3F1404B9C9EF50A97A14"
"items","Armor_Leather_Medium_Chest","Armor/Leather_Medium/Armor_Leather_Medium_Chest","Server/Item/Items/Armor/Leather_Medium/Armor_Leather_Medium_Chest.json","1683","EC1C7F7DA22223F1CCBE0E14918209295D0B29305178B130B6777E873B552B19"
"items","Armor_Leather_Medium_Hands","Armor/Leather_Medium/Armor_Leather_Medium_Hands","Server/Item/Items/Armor/Leather_Medium/Armor_Leather_Medium_Hands.json","1634","623B8BF97CB5D5BD68992C7020BA6D067C257083C776AEE373732255BB113224"
"items","Armor_Leather_Medium_Head","Armor/Leather_Medium/Armor_Leather_Medium_Head","Server/Item/Items/Armor/Leather_Medium/Armor_Leather_Medium_Head.json","1732","63A4949099FC05E031F79A830DAD3549B06B2E88545517A2496004E1A8D3DFE5"
"items","Armor_Leather_Medium_Legs","Armor/Leather_Medium/Armor_Leather_Medium_Legs","Server/Item/Items/Armor/Leather_Medium/Armor_Leather_Medium_Legs.json","1689","8849D6CF66455FDF789ED9A33533EFE88FD55D79BC1ED1A2F06C5174B8667899"
"items","Armor_Leather_Raven_Chest","Armor/Leather_Raven/Armor_Leather_Raven_Chest","Server/Item/Items/Armor/Leather_Raven/Armor_Leather_Raven_Chest.json","1661","7AB1378EBF9530578ECFE5AA871CEDB3F20E02C81BA3E45E161FFD19691B9AFE"
"items","Armor_Leather_Raven_Hands","Armor/Leather_Raven/Armor_Leather_Raven_Hands","Server/Item/Items/Armor/Leather_Raven/Armor_Leather_Raven_Hands.json","1612","A3ABFF9A55CE3F276B80A728A851E1E9EC37B8E137F5065A41F9BDF0479CC839"
"items","Armor_Leather_Raven_Head","Armor/Leather_Raven/Armor_Leather_Raven_Head","Server/Item/Items/Armor/Leather_Raven/Armor_Leather_Raven_Head.json","1560","5095ACACA4A67B1533B7088FAF7CE0290430C99F2E5F47D659BA6F4409623C39"
"items","Armor_Leather_Raven_Legs","Armor/Leather_Raven/Armor_Leather_Raven_Legs","Server/Item/Items/Armor/Leather_Raven/Armor_Leather_Raven_Legs.json","1674","BA35DCFE28E1B693BA4A679B3A8C03AE31B74324984B6336771353514C0B8B35"
"items","Armor_Leather_Soft_Chest","Armor/Leather_Soft/Armor_Leather_Soft_Chest","Server/Item/Items/Armor/Leather_Soft/Armor_Leather_Soft_Chest.json","1674","2658AAE59FA813010D4FC322ACFA64FC2228E629B24140A805907239518349B3"
"items","Armor_Leather_Soft_Hands","Armor/Leather_Soft/Armor_Leather_Soft_Hands","Server/Item/Items/Armor/Leather_Soft/Armor_Leather_Soft_Hands.json","1635","5A037A96048337A39335AAD9756FF9104AA7FE850F6F1668B9D755B43577AE52"
"items","Armor_Leather_Soft_Head","Armor/Leather_Soft/Armor_Leather_Soft_Head","Server/Item/Items/Armor/Leather_Soft/Armor_Leather_Soft_Head.json","1730","E56B6BFF7AF22047E757A5E5A17DCFEF2D7B1F9A9F9358C58BFF96F155B36FE6"
"items","Armor_Leather_Soft_Legs","Armor/Leather_Soft/Armor_Leather_Soft_Legs","Server/Item/Items/Armor/Leather_Soft/Armor_Leather_Soft_Legs.json","1683","8514E7B75127C0B7C623A3ABA0E668539A73E2DC375FF2F8E4A067560D9238EB"
"items","Armor_Mithril_Chest","Armor/Mithril/Armor_Mithril_Chest","Server/Item/Items/Armor/Mithril/Armor_Mithril_Chest.json","1733","838E20F587F0BB699265FEFF74D2AF10112A93F4E21BE4D31AF6BBBF671336E1"
"items","Armor_Mithril_Hands","Armor/Mithril/Armor_Mithril_Hands","Server/Item/Items/Armor/Mithril/Armor_Mithril_Hands.json","1687","84C22FC0D46A47FF85B0633ED396F65D43B6CDE481036670281894C9BF312B7D"
"items","Armor_Mithril_Head","Armor/Mithril/Armor_Mithril_Head","Server/Item/Items/Armor/Mithril/Armor_Mithril_Head.json","1776","E97831A4A86823340B7544BF67806750E567BB84403A92FA4C531EED44519F66"
"items","Armor_Mithril_Legs","Armor/Mithril/Armor_Mithril_Legs","Server/Item/Items/Armor/Mithril/Armor_Mithril_Legs.json","1739","9603F616AB045B7BB8936C98F480CEE26148AC8B5A44E6C950139ED719DC6249"
"items","Armor_Onyxium_Chest","Armor/Onyxium/Armor_Onyxium_Chest","Server/Item/Items/Armor/Onyxium/Armor_Onyxium_Chest.json","1264","5831AF5D5A33FC10420AEB42D8A2994B0144A8D847E96CAC0B4888AEFFEC4841"
"items","Armor_Onyxium_Hands","Armor/Onyxium/Armor_Onyxium_Hands","Server/Item/Items/Armor/Onyxium/Armor_Onyxium_Hands.json","1214","C97F7BAC64B007C7D98783BD4B2B8BF37A618A0C5E940F81BD7FE362983E843C"
"items","Armor_Onyxium_Head","Armor/Onyxium/Armor_Onyxium_Head","Server/Item/Items/Armor/Onyxium/Armor_Onyxium_Head.json","1164","B963014F1CEE1504D09F27413F8A06FA2E74A6426CC156FC1C0A45F7BE807D79"
"items","Armor_Onyxium_Legs","Armor/Onyxium/Armor_Onyxium_Legs","Server/Item/Items/Armor/Onyxium/Armor_Onyxium_Legs.json","1269","7C4B8C4E4D3689F7983C3764594CBB24C920DF35DBB311EE2A53D5B5D6D6D006"
"items","Armor_Prisma_Chest","Armor/Prisma/Armor_Prisma_Chest","Server/Item/Items/Armor/Prisma/Armor_Prisma_Chest.json","1260","852CE39F542FE81512B20448B2741B363DD60D7C9B354D8D1655B8737C518121"
"items","Armor_Prisma_Hands","Armor/Prisma/Armor_Prisma_Hands","Server/Item/Items/Armor/Prisma/Armor_Prisma_Hands.json","1213","A86319A3A6F44C4417D3CD0B8FC0FF70F0EB1A1FB69046B83B7BC1D5C63A51EB"
"items","Armor_Prisma_Head","Armor/Prisma/Armor_Prisma_Head","Server/Item/Items/Armor/Prisma/Armor_Prisma_Head.json","1314","08015EF540FCC2C3F59A3BAA5640B9C6BD20BDC737E097C763A918AEEFF2BF1E"
"items","Armor_Prisma_Legs","Armor/Prisma/Armor_Prisma_Legs","Server/Item/Items/Armor/Prisma/Armor_Prisma_Legs.json","1274","780F0443DC6E85D480063B999182CB817CDE1DE1ED4B4A8BC960263AA25AEB77"
"items","Armor_QA_Chest","Armor/QA/Armor_QA_Chest","Server/Item/Items/Armor/QA/Armor_QA_Chest.json","1409","11C6A5E1F9F6F55E8A72B0A5817F8699361CB0729282F39DF73F9F0891E400C9"
"items","Armor_QA_Hands","Armor/QA/Armor_QA_Hands","Server/Item/Items/Armor/QA/Armor_QA_Hands.json","1363","71A5167DD32E4076E7C6E607D506362F2FD65E7C4D6EBF481E57513447244B70"
"items","Armor_QA_Legs","Armor/QA/Armor_QA_Legs","Server/Item/Items/Armor/QA/Armor_QA_Legs.json","1353","9D5C50B560BD0FE20EB39A703A47F99BA3DAE32461DDD0ECB371EDF43A624887"
"items","Armor_Steel_Ancient_Chest","Armor/Steel_Ancient/Armor_Steel_Ancient_Chest","Server/Item/Items/Armor/Steel_Ancient/Armor_Steel_Ancient_Chest.json","1655","100D12FA9F8FF9EA627D8FBA14BFEF578C012A82680A6D2D06B288DF0BB1C693"
"items","Armor_Steel_Ancient_Hands","Armor/Steel_Ancient/Armor_Steel_Ancient_Hands","Server/Item/Items/Armor/Steel_Ancient/Armor_Steel_Ancient_Hands.json","1609","627DEDE8206221049268B992ABF6AF2DB1FD0A63411BFD65AB010F0B54DA1A1E"
"items","Armor_Steel_Ancient_Head","Armor/Steel_Ancient/Armor_Steel_Ancient_Head","Server/Item/Items/Armor/Steel_Ancient/Armor_Steel_Ancient_Head.json","1705","31A6DFEBB63BBC09B879DCF0F735764DCD1F157053480F749B5D8D4D0753AA6C"
"items","Armor_Steel_Ancient_Legs","Armor/Steel_Ancient/Armor_Steel_Ancient_Legs","Server/Item/Items/Armor/Steel_Ancient/Armor_Steel_Ancient_Legs.json","1665","53DB121F7223D45BF81C82D5DF708400E701F7592165B96EB790E9F9232F9133"
"items","Armor_Steel_Chest","Armor/Steel/Armor_Steel_Chest","Server/Item/Items/Armor/Steel/Armor_Steel_Chest.json","1129","C15E323429ED2969A5D9911893DC7F788799FB7575B1B1AB0A6AC552631F6705"
"items","Armor_Steel_Hands","Armor/Steel/Armor_Steel_Hands","Server/Item/Items/Armor/Steel/Armor_Steel_Hands.json","1081","984311793C99C9233C9685DFDDDC85451FC5A59171877F207429683AE73A42AE"
"items","Armor_Steel_Head","Armor/Steel/Armor_Steel_Head","Server/Item/Items/Armor/Steel/Armor_Steel_Head.json","1029","D4D9C4083B82629BAFD2A4C3737B033BF429103725A3D26B00933723D66CF3A4"
"items","Armor_Steel_Legs","Armor/Steel/Armor_Steel_Legs","Server/Item/Items/Armor/Steel/Armor_Steel_Legs.json","1141","FAF7FE6E3BFDA842C49A5E97D19B074BB0E0292066F966DBBD21816833E3B72E"
"items","Armor_Thorium_Chest","Armor/Thorium/Armor_Thorium_Chest","Server/Item/Items/Armor/Thorium/Armor_Thorium_Chest.json","1929","6016F038A4514F667C5375DAF43EF85D64FDA40F29EFE8D744423671AB256505"
"items","Armor_Thorium_Hands","Armor/Thorium/Armor_Thorium_Hands","Server/Item/Items/Armor/Thorium/Armor_Thorium_Hands.json","1880","F4B8DCBF6E10A6C24B64E57E00EE3091A824F4DD7C3EB9F1153B4801A6D3BC04"
"items","Armor_Thorium_Head","Armor/Thorium/Armor_Thorium_Head","Server/Item/Items/Armor/Thorium/Armor_Thorium_Head.json","1829","EE3C50752B3A8E1314FAED2AD6E97482B8292BBCE67F801019D692D55A8CBF67"
"items","Armor_Thorium_Legs","Armor/Thorium/Armor_Thorium_Legs","Server/Item/Items/Armor/Thorium/Armor_Thorium_Legs.json","1937","4DFB2848E5286529036C6AD48743C6C06E51D4D7D475ABC8DAEBA95DB67A7649"
"items","Armor_Trooper_Chest","Armor/Trooper/Armor_Trooper_Chest","Server/Item/Items/Armor/Trooper/Armor_Trooper_Chest.json","1163","B5A1730DF16820C8E34B2C0A8B2CA0C94DD93A8AE0F056092FDB68857E9448B4"
"items","Armor_Trooper_Head","Armor/Trooper/Armor_Trooper_Head","Server/Item/Items/Armor/Trooper/Armor_Trooper_Head.json","1215","DC3524CCAC5144ADCF4B037A61D83D28E73A1C52039EA3D314BB1E7E78BA40FA"
"items","Armor_Trooper_Legs","Armor/Trooper/Armor_Trooper_Legs","Server/Item/Items/Armor/Trooper/Armor_Trooper_Legs.json","1173","4BA8F8DBA40A9EE4163C62131818AFD4FFF7CDAE62269A63A718764EE7BD9582"
"items","Armor_Trork_Chest","Armor/Trork_Warrior/Armor_Trork_Chest","Server/Item/Items/Armor/Trork_Warrior/Armor_Trork_Chest.json","1293","3F2C3EE9840EFEA0B6A8ACA558682830ED1844A9B83BFBA3CBD77E6B47C42A2D"
"items","Armor_Trork_Hands","Armor/Trork_Warrior/Armor_Trork_Hands","Server/Item/Items/Armor/Trork_Warrior/Armor_Trork_Hands.json","1239","68D1BB9AE55677885A709BE65BA807FEE0464A7D6BF414371D8A158070B8207F"
"items","Armor_Trork_Head","Armor/Trork_Warrior/Armor_Trork_Head","Server/Item/Items/Armor/Trork_Warrior/Armor_Trork_Head.json","1191","805F1CF947777686D79529ECAC4FF423653D97DFA42A3CA2714F31263CDB7F52"
"items","Armor_Trork_Legs","Armor/Trork_Warrior/Armor_Trork_Legs","Server/Item/Items/Armor/Trork_Warrior/Armor_Trork_Legs.json","1279","98BD7D287654FAE2D591CCB47E57C5D3ED9C308421CCDAD2530D734F5D2D27A4"
"items","Armor_Wood_Chest","Armor/Wood/Armor_Wood_Chest","Server/Item/Items/Armor/Wood/Armor_Wood_Chest.json","1306","277EAC7D4549DE83B0F8C91875BF18B0A3C508CE5BA8F4C145C84B9EE88DC84C"
"items","Armor_Wood_Hands","Armor/Wood/Armor_Wood_Hands","Server/Item/Items/Armor/Wood/Armor_Wood_Hands.json","1244","14E1E08A7D54A45A8C8096D2952EB2DC1AA2A8C2270E4CFF1BB42D819543D9D7"
"items","Armor_Wood_Head","Armor/Wood/Armor_Wood_Head","Server/Item/Items/Armor/Wood/Armor_Wood_Head.json","1342","8544536104CFB755CA4735562A38BDA420D4755465D3E91ACF8D8AE20B5DC3AC"
"items","Armor_Wood_Legs","Armor/Wood/Armor_Wood_Legs","Server/Item/Items/Armor/Wood/Armor_Wood_Legs.json","1301","A779F88410714AF3A4790B4436B1EEE58E850C9D1A2E0034F85B4BA9BD137600"
"items","Armor_Wool_Chest","Armor/Wool/Armor_Wool_Chest","Server/Item/Items/Armor/Wool/Armor_Wool_Chest.json","1136","E5DC2B28F8DBADD6E8BC031B1231926510A10FCAABE52BE18971FFD7909D8625"
"items","Armor_Wool_Hands","Armor/Wool/Armor_Wool_Hands","Server/Item/Items/Armor/Wool/Armor_Wool_Hands.json","1060","1C26BA147DA1F7AB851CAF50138B8C0885C1D2FAC8F4CC4C555C01A04B7CD487"
"items","Armor_Wool_Head","Armor/Wool/Armor_Wool_Head","Server/Item/Items/Armor/Wool/Armor_Wool_Head.json","1158","9DBF2BF1C204B51896D277F5EE612DAF737E188ADC4F3A765AC80ADA5DC88083"
"items","Armor_Wool_Legs","Armor/Wool/Armor_Wool_Legs","Server/Item/Items/Armor/Wool/Armor_Wool_Legs.json","1115","E26BBF1F4E970C8DBF9754AC5AAF6F038A130F2D090CCEE2664C31AE37B8F931"
"items","Bench_Alchemy","Bench/Bench_Alchemy","Server/Item/Items/Bench/Bench_Alchemy.json","6006","278E6F9DAF3E7941081353FEC64C3A4C11D3C87BD5784AB5C394A91F30A85082"
"items","Bench_Arcane","Bench/Bench_Arcane","Server/Item/Items/Bench/Bench_Arcane.json","2846","D04B14E7642C720B23EE29A360193D025F098FBF78C48AF1A2720E474F61500E"
"items","Bench_Armory","Bench/Bench_Armory","Server/Item/Items/Bench/Bench_Armory.json","4380","A07D72D5274C2DDA1E1BD31457AD14C9C381FCC7425FEB70550DAC6044AA67E5"
"items","Bench_Armour","Bench/Bench_Armour","Server/Item/Items/Bench/Bench_Armour.json","4908","9FC91DB9E5C447E62BF3BE1F3B28814A26C99222EEAA26CAE7F4F4F0FF84B816"
"items","Bench_Builders","Bench/Bench_Builders","Server/Item/Items/Bench/Bench_Builders.json","3218","C69BF556BB06DC8578CA3D5046F0A80731B22C2A79436ECA03C1DC6E40BDDE77"
"items","Bench_Campfire","Bench/Bench_Campfire","Server/Item/Items/Bench/Bench_Campfire.json","4371","CA01A6D96F3C57FFED6ACF6D0544D0CA58BAA02484AC4D1F90C06AD6F93C2FAE"
"items","Bench_Cooking","Bench/Bench_Cooking","Server/Item/Items/Bench/Bench_Cooking.json","2905","E1D34A9174C643EF00DF967C664E14793728CD1EA9395F869BE0444BCD6FB58D"
"items","Bench_Farming","Bench/Bench_Farming","Server/Item/Items/Bench/Bench_Farming.json","7813","FB383651EA175DBB9E88043528D125EA340FC8E6BEF79DA3F09D47CDBC2B9C27"
"items","Bench_Furnace","Bench/Bench_Furnace","Server/Item/Items/Bench/Bench_Furnace.json","6950","68CBA98EE362E0A27513DB094F3EE8CB31B6CF8D06B68203725694EFC552F4D8"
"items","Bench_Furniture","Bench/Bench_Furniture","Server/Item/Items/Bench/Bench_Furniture.json","3899","8B54129B0C4B8E2C6EECEB04DCCC897B646AB53B1765DBEFC693513135A9321B"
"items","Bench_Loom","Bench/Bench_Loom","Server/Item/Items/Bench/Bench_Loom.json","2100","899087D4ECBCAE3D0761B9F514CEC371FC5B39806337E314CABC56F3348EC8D7"
"items","Bench_Lumbermill","Bench/Bench_Lumbermill","Server/Item/Items/Bench/Bench_Lumbermill.json","1745","1D0564EF76C879983D5EDB6EFA71099C1127D0726D9F9221DC0CB312FE0FD0C3"
"items","Bench_Memories","Bench/Bench_Memories","Server/Item/Items/Bench/Bench_Memories.json","2510","227ED74F95123DC6A5BB86F134DC7BA31375CE072F3170D41FBAFD6067B3B446"
"items","Bench_Salvage","Bench/Bench_Salvage","Server/Item/Items/Bench/Bench_Salvage.json","3502","E52F0C681CC066527B2DFD847E2C35035BD3CC8BFE88ECE7EC501702EB347AAD"
"items","Bench_Tannery","Bench/Bench_Tannery","Server/Item/Items/Bench/Bench_Tannery.json","3600","92B78671728569056CE39F6EEBFA6B2A153E957F73A7F275C54BABA69CD5C691"
"items","Bench_Trough","Bench/Bench_Trough","Server/Item/Items/Bench/Bench_Trough.json","1826","AB631A485BAE2010123DCF2B901FFA74D607FC4F0F6854BA84A6A6EC9AB52B52"
"items","Bench_Weapon","Bench/Bench_Weapon","Server/Item/Items/Bench/Bench_Weapon.json","4874","831FF30CB53D5F495A0A0246E4703B87AFFC2793DDAEBDCE4EE3D34D254602FE"
"items","Bench_WorkBench","Bench/Bench_WorkBench","Server/Item/Items/Bench/Bench_WorkBench.json","6098","6A8DBC4FC46D67AD7C8E828C54BBED177050BB0D65F9F872709E2D7163A5A01B"
"items","Deco_Bone_Full","Bone/Deco_Bone_Full","Server/Item/Items/Bone/Deco_Bone_Full.json","932","FDE19F106F2C7EE2C66129EB547C1D52CCB40D582E6F50AFF6247B4EEDE8909E"
"items","Deco_Bone_Pile","Bone/Deco_Bone_Pile","Server/Item/Items/Bone/Deco_Bone_Pile.json","1138","42254118E0ABD488632AC60D2CC2A1428FAA270EDBF02ACF525D8807D2990950"
"items","Deco_Bone_Ribs","Bone/Deco_Bone_Ribs","Server/Item/Items/Bone/Deco_Bone_Ribs.json","1774","C28EC68B6AA5FCA37E83E6BC8390A81342D1D127984F4C4CCF7C2129BB44F9A8"
"items","Deco_Bone_Ribs_Long","Bone/Deco_Bone_Ribs_Long","Server/Item/Items/Bone/Deco_Bone_Ribs_Long.json","1946","09A4AA3DC27C2F50481A52DEC240AFE859240FD1FF1114EA0CDCA3280CC1C15F"
"items","Deco_Bone_Skulls","Bone/Deco_Bone_Skulls","Server/Item/Items/Bone/Deco_Bone_Skulls.json","1294","BDD3DAA1F56F0D57DAA2530303024536819A000DE946A11F096505EC1FDEE4B9"
"items","Deco_Bone_Spike","Bone/Deco_Bone_Spike","Server/Item/Items/Bone/Deco_Bone_Spike.json","1218","48096F1844387861F4679D87843B969164C939B34A27416A85337FFCF77BAB2D"
"items","Deco_Bone_Spike_Large","Bone/Deco_Bone_Spike_Large","Server/Item/Items/Bone/Deco_Bone_Spike_Large.json","1382","1982D93A5133F5793A2FA3004276B66E5E555A2E1D350D562BBD79BACD1A3DBE"
"items","Deco_Bone_Spine","Bone/Deco_Bone_Spine","Server/Item/Items/Bone/Deco_Bone_Spine.json","1094","06E45CE3D5B6E27CF8ADC1940ACB1BA9BB791FF877FFAA1DC913ADED65152F74"
"items","Build_Black_Cube","Build/Build_Black/Build_Black_Cube","Server/Item/Items/Build/Build_Black/Build_Black_Cube.json","1207","DF3795546DBCED71BC6091BFDA8822029E8D12610944FD02842E2B6B90422F40"
"items","Build_Black_Fence","Build/Build_Black/Build_Black_Fence","Server/Item/Items/Build/Build_Black/Build_Black_Fence.json","2483","BA899BBB873688C658EB7376DFF8033FB37AF96C3EF133831C44ECE7DC85FECA"
"items","Build_Black_Half","Build/Build_Black/Build_Black_Half","Server/Item/Items/Build/Build_Black/Build_Black_Half.json","2557","30AC9C260DFD334555FB03CD7A29CB41C659C92024DA6B4C7A19A1496F06D2AB"
"items","Build_Black_Pipe","Build/Build_Black/Build_Black_Pipe","Server/Item/Items/Build/Build_Black/Build_Black_Pipe.json","1524","D06EBEBCC64FA63E8D326FD3E7FFFA6DC58DE1C09E48507A2918CD13FC660C1F"
"items","Build_Black_Pipe_Corner","Build/Build_Black/Build_Black_Pipe_Corner","Server/Item/Items/Build/Build_Black/Build_Black_Pipe_Corner.json","1377","8C7B7AF5871B5582D1BBB1339B995D6D8E6404C527B9FE56B190AF3177876E59"
"items","Build_Black_Roof","Build/Build_Black/Build_Black_Roof","Server/Item/Items/Build/Build_Black/Build_Black_Roof.json","3487","1365C676CC56C005D4856860D7B8AA5CF5F4BB617C3D485D465EB2C3BA190649"
"items","Build_Black_Roof_Flat","Build/Build_Black/Build_Black_Roof_Flat","Server/Item/Items/Build/Build_Black/Build_Black_Roof_Flat.json","1388","C48DEB3913F2674920351A5E90153FABC04788FB966B08561EDC6C85515080FA"
"items","Build_Black_Roof_Shallow","Build/Build_Black/Build_Black_Roof_Shallow","Server/Item/Items/Build/Build_Black/Build_Black_Roof_Shallow.json","3315","2B44CC5C3A250256D75DFBDF6EDC438EA3C7929400DD5367B17D4F95FF410E8D"
"items","Build_Black_Roof_Steep","Build/Build_Black/Build_Black_Roof_Steep","Server/Item/Items/Build/Build_Black/Build_Black_Roof_Steep.json","3272","756107B22A9971FF956424EB55951C9976EB459FC47B0E6831853D958212D35D"
"items","Build_Black_Stairs","Build/Build_Black/Build_Black_Stairs","Server/Item/Items/Build/Build_Black/Build_Black_Stairs.json","3423","6C63B83D57C703469BA979EE69801DFD723B1456A9D1DBE27A227D30515A13B9"
"items","Build_Grey_Cube","Build/Build_Grey/Build_Grey_Cube","Server/Item/Items/Build/Build_Grey/Build_Grey_Cube.json","1219","055BFFE26953F1E2770071C861320CEE4E01F7186F164EDC01887F1B83514300"
"items","Build_Grey_Fence","Build/Build_Grey/Build_Grey_Fence","Server/Item/Items/Build/Build_Grey/Build_Grey_Fence.json","2471","1441487546CDB798DB7F80B26A02BC91361C751C1268AFCDF731F09896900399"
"items","Build_Grey_Half","Build/Build_Grey/Build_Grey_Half","Server/Item/Items/Build/Build_Grey/Build_Grey_Half.json","2059","DC3C76DA944BE2343FEE93B9FF2CD612632BC96617FCD6C83E59BB7405CC9954"
"items","Build_Grey_Pipe","Build/Build_Grey/Build_Grey_Pipe","Server/Item/Items/Build/Build_Grey/Build_Grey_Pipe.json","1521","528AACC54B7ABA95BCBA3FFF0DBFC059AFD1295248A2E6B78C6D235CC1E8E716"
"items","Build_Grey_Pipe_Corner","Build/Build_Grey/Build_Grey_Pipe_Corner","Server/Item/Items/Build/Build_Grey/Build_Grey_Pipe_Corner.json","1374","3DF8B115E95C92ED22D303CFB85FF60945220518E15DD5DC606088B9C3A6C3FC"
"items","Build_Grey_Roof","Build/Build_Grey/Build_Grey_Roof","Server/Item/Items/Build/Build_Grey/Build_Grey_Roof.json","3482","3170AA63627A83A0926E4CB6EFFC62B808E0FE449C38975300408321B4BA34DE"
"items","Build_Grey_Roof_Flat","Build/Build_Grey/Build_Grey_Roof_Flat","Server/Item/Items/Build/Build_Grey/Build_Grey_Roof_Flat.json","1383","962011F22460C2CE033B58D759EE80F383ABCEC1616566BACB2C5EF399095950"
"items","Build_Grey_Roof_Shallow","Build/Build_Grey/Build_Grey_Roof_Shallow","Server/Item/Items/Build/Build_Grey/Build_Grey_Roof_Shallow.json","3310","D9A3CC018B11B2114C917A69BB5BD9D0E836E2A3D0B7607DF128DCB9B84B80AF"
"items","Build_Grey_Roof_Steep","Build/Build_Grey/Build_Grey_Roof_Steep","Server/Item/Items/Build/Build_Grey/Build_Grey_Roof_Steep.json","3267","B92F22B14E826D0B5B5F7ED6654BAA07BC9FF7099B23828E68AE4B0C48B45909"
"items","Build_Grey_Stairs","Build/Build_Grey/Build_Grey_Stairs","Server/Item/Items/Build/Build_Grey/Build_Grey_Stairs.json","3423","338B81AE4CC483197F3846D74C42DAB7A28D936D09DC6B1AE5F06C6D4971B5C4"
"items","Build_GreyDark_Cube","Build/Build_GreyDark/Build_GreyDark_Cube","Server/Item/Items/Build/Build_GreyDark/Build_GreyDark_Cube.json","1221","408597CF9B18E52BEBF822CDFFD8D8D50917D6E21D0C5985B2A3F574E9796D96"
"items","Build_GreyDark_Fence","Build/Build_GreyDark/Build_GreyDark_Fence","Server/Item/Items/Build/Build_GreyDark/Build_GreyDark_Fence.json","2481","CDE81D18C44B8239EC4882F2C0B7363DF43CF7DD840B250851F960E55FF20EE0"
"items","Build_GreyDark_Half","Build/Build_GreyDark/Build_GreyDark_Half","Server/Item/Items/Build/Build_GreyDark/Build_GreyDark_Half.json","2092","5439451965973877BA46CDA5C21DFE92A08E8789DA17A144155A8EE339739251"
"items","Build_GreyDark_Pipe","Build/Build_GreyDark/Build_GreyDark_Pipe","Server/Item/Items/Build/Build_GreyDark/Build_GreyDark_Pipe.json","1529","4E8A8570BDBCEB6018E99A40904B4324D3DA4080505AC682B758256FF0835A7E"
"items","Build_GreyDark_Pipe_Corner","Build/Build_GreyDark/Build_GreyDark_Pipe_Corner","Server/Item/Items/Build/Build_GreyDark/Build_GreyDark_Pipe_Corner.json","1382","2485CC30334313752C5B7DBF1F81A81CFD526DD37B69648508FDFDA55BABAB8D"
"items","Build_GreyDark_Roof","Build/Build_GreyDark/Build_GreyDark_Roof","Server/Item/Items/Build/Build_GreyDark/Build_GreyDark_Roof.json","3487","B449D386D349D40745872FF0A312B560129C2AE024F77544A526F85C7AEA037F"
"items","Build_GreyDark_Roof_Flat","Build/Build_GreyDark/Build_GreyDark_Roof_Flat","Server/Item/Items/Build/Build_GreyDark/Build_GreyDark_Roof_Flat.json","1388","CE233DE7AEFED0C68912CED1EA3DFAB02AB9CCB36D5A3E4B49C9EF803D2B8629"
"items","Build_GreyDark_Roof_Shallow","Build/Build_GreyDark/Build_GreyDark_Roof_Shallow","Server/Item/Items/Build/Build_GreyDark/Build_GreyDark_Roof_Shallow.json","3315","2C42C348F4921F7F62DE0E309191B2F14589456BF565D16D2AF53C1DD0F7DEB7"
"items","Build_GreyDark_Roof_Steep","Build/Build_GreyDark/Build_GreyDark_Roof_Steep","Server/Item/Items/Build/Build_GreyDark/Build_GreyDark_Roof_Steep.json","3272","18ED566CECE9AAA7C7941FC1EB22E91B32E2CEEDB0C65EF692EDB8F9C61FB9EA"
"items","Build_GreyDark_Stairs","Build/Build_GreyDark/Build_GreyDark_Stairs","Server/Item/Items/Build/Build_GreyDark/Build_GreyDark_Stairs.json","3428","7AAFFF40AD76D5E10E76C9CA5D7FC6BC5941B6C51293227B725447B88D7BDCDF"
"items","Build_GreyLight_Cube","Build/Build_GreyLight/Build_GreyLight_Cube","Server/Item/Items/Build/Build_GreyLight/Build_GreyLight_Cube.json","1225","34B97195745D1F64A3163FD9847A30DD228467B2B4E7A825D2AA6F29E6B047D1"
"items","Build_GreyLight_Fence","Build/Build_GreyLight/Build_GreyLight_Fence","Server/Item/Items/Build/Build_GreyLight/Build_GreyLight_Fence.json","2487","065F795B0BC0E6ED03E45B54DEDE35E7AA86D5A6962731EAF05FD00C89531E63"
"items","Build_GreyLight_Half","Build/Build_GreyLight/Build_GreyLight_Half","Server/Item/Items/Build/Build_GreyLight/Build_GreyLight_Half.json","1986","CD4F1DBA693E1AB2EA6DF6EEB2A2B202CF78BA1A3FB8071A2929145BD7F7FA7F"
"items","Build_GreyLight_Pipe","Build/Build_GreyLight/Build_GreyLight_Pipe","Server/Item/Items/Build/Build_GreyLight/Build_GreyLight_Pipe.json","1532","440B23807BA98387FDB262944F8EB2FADCD11CD7050E07E90F4DC9FC1067A1BA"
"items","Build_GreyLight_Pipe_Corner","Build/Build_GreyLight/Build_GreyLight_Pipe_Corner","Server/Item/Items/Build/Build_GreyLight/Build_GreyLight_Pipe_Corner.json","1385","6346988A712345E8ABA4B30FAB6D4884917E64D71413B3FA1B7C35CFB9D65537"
"items","Build_GreyLight_Roof","Build/Build_GreyLight/Build_GreyLight_Roof","Server/Item/Items/Build/Build_GreyLight/Build_GreyLight_Roof.json","3490","13A40ADEA0CF1129E76252C4756F93E9873A878075F26CCF04098F00A30FD922"
"items","Build_GreyLight_Roof_Flat","Build/Build_GreyLight/Build_GreyLight_Roof_Flat","Server/Item/Items/Build/Build_GreyLight/Build_GreyLight_Roof_Flat.json","1391","CF29DF442AD51DA32D56D1C296B8212CF76C391D9EAE7B9D3C5C4FF45D94611A"
"items","Build_GreyLight_Roof_Shallow","Build/Build_GreyLight/Build_GreyLight_Roof_Shallow","Server/Item/Items/Build/Build_GreyLight/Build_GreyLight_Roof_Shallow.json","3318","1CE53667DF64D8BB09C44EA1BE384DE7BEC825992C611B4241AB03EA4246F5F9"
"items","Build_GreyLight_Roof_Steep","Build/Build_GreyLight/Build_GreyLight_Roof_Steep","Server/Item/Items/Build/Build_GreyLight/Build_GreyLight_Roof_Steep.json","3275","F667FDC8621000C9B3657AA7059EA47C8CCC50ED6F230483D4E7567F3BD09BC0"
"items","Build_GreyLight_Stairs","Build/Build_GreyLight/Build_GreyLight_Stairs","Server/Item/Items/Build/Build_GreyLight/Build_GreyLight_Stairs.json","3431","673CBC46FF1F94373704A61A49065989653279E561F1F940E08497221178468E"
"items","Build_White_Cube","Build/Build_White/Build_White_Cube","Server/Item/Items/Build/Build_White/Build_White_Cube.json","1207","56060CB85323D99C96E5C5F4E9F163EF467618058D92F18AF8BBE50FA88CAEAB"
"items","Build_White_Fence","Build/Build_White/Build_White_Fence","Server/Item/Items/Build/Build_White/Build_White_Fence.json","2471","BC74134CF1EE588EB802DA3573AAFBE9564751EC25E82188C5DF1E630F188212"
"items","Build_White_Half","Build/Build_White/Build_White_Half","Server/Item/Items/Build/Build_White/Build_White_Half.json","1960","A764A03C9D6CD34BBB172A0FF870C5AC3C3C376FCD337BABDACF4F9667D2264F"
"items","Build_White_Pipe","Build/Build_White/Build_White_Pipe","Server/Item/Items/Build/Build_White/Build_White_Pipe.json","1524","FE0A4AE41940C3768831AAF0280AA19B519CE35FA37069FFAD91748CFC117A6A"
"items","Build_White_Pipe_Corner","Build/Build_White/Build_White_Pipe_Corner","Server/Item/Items/Build/Build_White/Build_White_Pipe_Corner.json","1377","5796832000EA66BDC803BFBEE69ECCF7751452EF4AF661B2CF76AD189848FDDC"
"items","Build_White_Roof","Build/Build_White/Build_White_Roof","Server/Item/Items/Build/Build_White/Build_White_Roof.json","3465","63033022D659FB4B6EF54D7E2E7DFF9B26F554AC0C26DFC83FC5EF5B450DA0F6"
"items","Build_White_Roof_Flat","Build/Build_White/Build_White_Roof_Flat","Server/Item/Items/Build/Build_White/Build_White_Roof_Flat.json","1383","1958B43DF283C08E0DC2BA24BE85F9FF6010EBE9866BEDE3D50FF75BA4A7C7FE"
"items","Build_White_Roof_Shallow","Build/Build_White/Build_White_Roof_Shallow","Server/Item/Items/Build/Build_White/Build_White_Roof_Shallow.json","3310","2417E08DEBD6545A6F3CE3188696BFF2755E94430D5780F4EC97C100C7755CE9"
"items","Build_White_Roof_Steep","Build/Build_White/Build_White_Roof_Steep","Server/Item/Items/Build/Build_White/Build_White_Roof_Steep.json","3267","1A24E0867141AB56CC07B007A83B1B7AD1F34C7B97AA6922FABEF9966B612D1F"
"items","Build_White_Stairs","Build/Build_White/Build_White_Stairs","Server/Item/Items/Build/Build_White/Build_White_Stairs.json","3423","C6DBE1828B7DAA1F4E469DC9BCC5648EC9B322593D5F8E41FC686BBCAB34ECBF"
"items","Build_Lightsource_Blue","Build/Lightsource/Build_Lightsource_Blue","Server/Item/Items/Build/Lightsource/Build_Lightsource_Blue.json","1292","913FD6555308E179EEB3D84F4959684B437F166876997B58FD62D6FF24620A36"
"items","Build_Lightsource_Cyan","Build/Lightsource/Build_Lightsource_Cyan","Server/Item/Items/Build/Lightsource/Build_Lightsource_Cyan.json","1292","62D9CDFB4A1AECE2EF5FB855BC20360FB6B1D1F6F31A01B39D61BBCF8ADD06A9"
"items","Build_Lightsource_Green","Build/Lightsource/Build_Lightsource_Green","Server/Item/Items/Build/Lightsource/Build_Lightsource_Green.json","1295","8E7D2182906B287244FC64FC9E55CEB76EC010DD9F2517E5F0E551A09AE1145C"
"items","Build_Lightsource_Orange","Build/Lightsource/Build_Lightsource_Orange","Server/Item/Items/Build/Lightsource/Build_Lightsource_Orange.json","1293","E12606505E1373E487DFD80C005F0636F0B315235E65110252CDDAB2783859A8"
"items","Build_Lightsource_Pink","Build/Lightsource/Build_Lightsource_Pink","Server/Item/Items/Build/Lightsource/Build_Lightsource_Pink.json","1292","90D998E786CD4C4C53379C14D4C22F405743258FEC441F82B3A0EB195567C2D2"
"items","Build_Lightsource_Red","Build/Lightsource/Build_Lightsource_Red","Server/Item/Items/Build/Lightsource/Build_Lightsource_Red.json","1289","60755EA171CD445E7F821C93EE025C04AB7F5F992EE2D11BEE8D69FBE567630E"
"items","Build_Lightsource_White","Build/Lightsource/Build_Lightsource_White","Server/Item/Items/Build/Lightsource/Build_Lightsource_White.json","1311","3F89A93BC865944F6E3FF0245598309E64815280F8CDF9483ED85E71B3D65BC0"
"items","Build_Lightsource_Yellow","Build/Lightsource/Build_Lightsource_Yellow","Server/Item/Items/Build/Lightsource/Build_Lightsource_Yellow.json","1293","96945DF61611E6AEFCB40FC23636EB422D0243D4B3365B03C2BE2F1100D5D427"
"items","Build_Lightsource_YellowLight","Build/Lightsource/Build_Lightsource_YellowLight","Server/Item/Items/Build/Lightsource/Build_Lightsource_YellowLight.json","1313","1BFDE27B32D915F062DB1AC421C01002AF45D26A9F558AC39A0C443843E3FE50"
"items","ExamplePrefabPlacementBlock_Tree","Categories/ExamplePrefabPlacementBlock_Tree","Server/Item/Items/Categories/ExamplePrefabPlacementBlock_Tree.json","369","332646A10F826516B148EA3E75195FB43E4F2AB65A7226AD7E6532E08F248308"
"items","Filter_Air_Block","Categories/Filter_Air_Block","Server/Item/Items/Categories/Filter_Air_Block.json","594","129BC2AE2AC60758C1AA21E673E4369EC37954B2FB4B5132599F3778BAAAA558"
"items","Filter_AllScatter","Categories/Filter_AllScatter","Server/Item/Items/Categories/Filter_AllScatter.json","389","258BBD2AFC6979BDCA6C16DC8EC6F1CE98F0FF905DFA1BD2FCA958FE174CB775"
"items","Filter_Fluids","Categories/Filter_Fluids","Server/Item/Items/Categories/Filter_Fluids.json","371","E9FEE3177638A42C31C15C044878FCB0E490190E2A4258C18442591E191AC358"
"items","Filter_Gravel","Categories/Filter_Gravel","Server/Item/Items/Categories/Filter_Gravel.json","371","4B08CCCEE37A82980B978CBDCAA3EF303E189EFD37506BA589B206D077F9E1FD"
"items","Filter_Ores","Categories/Filter_Ores","Server/Item/Items/Categories/Filter_Ores.json","368","11A308F72442A733E1E528F94A199187E1BAEB8A1C8CAF9C78FF0F32B179E46A"
"items","Filter_PlantsAndTrees","Categories/Filter_PlantsAndTrees","Server/Item/Items/Categories/Filter_PlantsAndTrees.json","1405","5F36066EE032A73FCF333D0713E3CA78EDA33A7951C3E4686F8CACA4DF74E5FE"
"items","Filter_PlantScatter","Categories/Filter_PlantScatter","Server/Item/Items/Categories/Filter_PlantScatter.json","395","17D102DCACEFA7A4BCA680A52F03671137AFED10B5DED8E67078865561BD41C2"
"items","Filter_Rock","Categories/Filter_Rock","Server/Item/Items/Categories/Filter_Rock.json","364","6A44AA4970495C85C4A11B441B17C79D3EA75E6281FAE139D6A6B825694ED947"
"items","Filter_Snow","Categories/Filter_Snow","Server/Item/Items/Categories/Filter_Snow.json","363","5F0180F4EF4CDD6104CB5A1B5E62445C19A36CC546037F1FC4D81C0CD4BAEDD1"
"items","Filter_Soils","Categories/Filter_Soils","Server/Item/Items/Categories/Filter_Soils.json","367","7C8759462085D569C2BF594592A6CB1D5A1EA2FBE5BDA1BABE9C299EA2041955"
"items","Filter_TreeLeaves","Categories/Filter_TreeLeaves","Server/Item/Items/Categories/Filter_TreeLeaves.json","388","9266C1E4B0C72AF003C5C57F329D0A9F5DACC529EF844AD8275173073830DCBE"
"items","Filter_TreeWood","Categories/Filter_TreeWood","Server/Item/Items/Categories/Filter_TreeWood.json","380","652798D26D0792AC3BD4DD8EF316DECCE43C7E9E98234D352002F011B8D0F935"
"items","Filter_TreeWoodAndLeaves","Categories/Filter_TreeWoodAndLeaves","Server/Item/Items/Categories/Filter_TreeWoodAndLeaves.json","409","2D175B20FAF230FAD50F8EE053E409F1455C8BE5F5C50097521A2CDB2803DDAC"
"items","Cloth_Roof_Blue","Cloth/Roof_Blue/Cloth_Roof_Blue","Server/Item/Items/Cloth/Roof_Blue/Cloth_Roof_Blue.json","3397","AC47E2D283D91E56FBC6FF7E0ABDE15089DF28990CDBC5EE96B3AC35BBF80646"
"items","Cloth_Roof_Blue_Flap","Cloth/Roof_Blue/Cloth_Roof_Blue_Flap","Server/Item/Items/Cloth/Roof_Blue/Cloth_Roof_Blue_Flap.json","1581","9172E3BC9F51ECCC171055983F1DFE2B05D5355A5F0EF29F611CBAFB2F3B35AF"
"items","Cloth_Roof_Blue_Flat","Cloth/Roof_Blue/Cloth_Roof_Blue_Flat","Server/Item/Items/Cloth/Roof_Blue/Cloth_Roof_Blue_Flat.json","1597","13F3F6FBFBD1C8BF99EFB720246488A92DFF4E337C2B0A4CC18A9659355CC417"
"items","Cloth_Roof_Blue_Shallow","Cloth/Roof_Blue/Cloth_Roof_Blue_Shallow","Server/Item/Items/Cloth/Roof_Blue/Cloth_Roof_Blue_Shallow.json","3523","B31ACF9342A96E050EAA9359D7B4704E22147B9F9E7114FB5A1A0FC8558469BF"
"items","Cloth_Roof_Blue_Steep","Cloth/Roof_Blue/Cloth_Roof_Blue_Steep","Server/Item/Items/Cloth/Roof_Blue/Cloth_Roof_Blue_Steep.json","3491","0D80B477C5EFE90F7E5C18134B626BC9EE506C000B28D8715E29D7C2D8E1D482"
"items","Cloth_Roof_Blue_Vertical","Cloth/Roof_Blue/Cloth_Roof_Blue_Vertical","Server/Item/Items/Cloth/Roof_Blue/Cloth_Roof_Blue_Vertical.json","1660","46EE76A10FE213673D9262CFC65A120FBC6205AA9C1AE1BA50C07D6AA1676CBB"
"items","Cloth_Roof_Green","Cloth/Roof_Green/Cloth_Roof_Green","Server/Item/Items/Cloth/Roof_Green/Cloth_Roof_Green.json","3403","905CB8372F51E1AF342A1FB00A2E69484858259F6F0F7C040D700DFB61A4812A"
"items","Cloth_Roof_Green_Flap","Cloth/Roof_Green/Cloth_Roof_Green_Flap","Server/Item/Items/Cloth/Roof_Green/Cloth_Roof_Green_Flap.json","1586","41B2582C99AD09ECC7558AC4798D55EE3D9D68C4EEDC89003D7358F162915833"
"items","Cloth_Roof_Green_Flat","Cloth/Roof_Green/Cloth_Roof_Green_Flat","Server/Item/Items/Cloth/Roof_Green/Cloth_Roof_Green_Flat.json","1602","933F4B79BE61530352EF3967BAD0ED38D873CC89F489B01043047E1B4B027FE7"
"items","Cloth_Roof_Green_Shallow","Cloth/Roof_Green/Cloth_Roof_Green_Shallow","Server/Item/Items/Cloth/Roof_Green/Cloth_Roof_Green_Shallow.json","3527","967B5A94B310EF0C2DFFB37FD28073F3E6AD68A75F33A7570AE164969BF99205"
"items","Cloth_Roof_Green_Steep","Cloth/Roof_Green/Cloth_Roof_Green_Steep","Server/Item/Items/Cloth/Roof_Green/Cloth_Roof_Green_Steep.json","3495","CBC02B650CAE678B0FD14ABEE32CA1E084C68EF761CB72A054CC30C0D71A1544"
"items","Cloth_Roof_Green_Vertical","Cloth/Roof_Green/Cloth_Roof_Green_Vertical","Server/Item/Items/Cloth/Roof_Green/Cloth_Roof_Green_Vertical.json","1665","99D5DCE9288CDFA2FB1B936F1D14AB5E06B176D5C1686CEFB93F0D943BD8C42A"
"items","Cloth_Roof_Hide","Cloth/Roof_Hide/Cloth_Roof_Hide","Server/Item/Items/Cloth/Roof_Hide/Cloth_Roof_Hide.json","3044","A943A4456E1CFD5F29343F9E9CD745C9764ADC4ED2B532E592C5B60078A2150F"
"items","Cloth_Roof_Hide_Flap","Cloth/Roof_Hide/Cloth_Roof_Hide_Flap","Server/Item/Items/Cloth/Roof_Hide/Cloth_Roof_Hide_Flap.json","1286","4E1C270C2E34D2126550DD0A93B371E6CC22F9B5FCA2B459FEABD4AC3CAC9E70"
"items","Cloth_Roof_Hide_Flat","Cloth/Roof_Hide/Cloth_Roof_Hide_Flat","Server/Item/Items/Cloth/Roof_Hide/Cloth_Roof_Hide_Flat.json","1342","E263F66D19474EEC1CD2B7166AFFE76B0731D4B1B7E82E95AB5974D14FD781AD"
"items","Cloth_Roof_Hide_Shallow","Cloth/Roof_Hide/Cloth_Roof_Hide_Shallow","Server/Item/Items/Cloth/Roof_Hide/Cloth_Roof_Hide_Shallow.json","3191","B21A17AE90839F0445F61E920C583D77F652E81B7F3465CCE0026024D3BB9AC7"
"items","Cloth_Roof_Hide_Steep","Cloth/Roof_Hide/Cloth_Roof_Hide_Steep","Server/Item/Items/Cloth/Roof_Hide/Cloth_Roof_Hide_Steep.json","3159","45F22882722E12D967EBB0162C04AB060EB471E756552EF8CF1E2C783D027844"
"items","Cloth_Roof_Hide_Vertical","Cloth/Roof_Hide/Cloth_Roof_Hide_Vertical","Server/Item/Items/Cloth/Roof_Hide/Cloth_Roof_Hide_Vertical.json","1363","5C7A6D17E8E85BA3F843938020221122C664EEC9D6DA948CABA112469FF190AC"
"items","Cloth_Roof_Leather","Cloth/Roof_Leather/Cloth_Roof_Leather","Server/Item/Items/Cloth/Roof_Leather/Cloth_Roof_Leather.json","3078","9D8640A680EC6202C66C9992D62838DCB59FC689DFB96F60A700DB751467CED9"
"items","Cloth_Roof_Leather_Flap","Cloth/Roof_Leather/Cloth_Roof_Leather_Flap","Server/Item/Items/Cloth/Roof_Leather/Cloth_Roof_Leather_Flap.json","1301","BDCD14F04A5EDB351B40D7A5743107B977A5591348E1CB02818863E9142B774D"
"items","Cloth_Roof_Leather_Flat","Cloth/Roof_Leather/Cloth_Roof_Leather_Flat","Server/Item/Items/Cloth/Roof_Leather/Cloth_Roof_Leather_Flat.json","1353","2FB71AD6E2A30F087310A094594511C151C75AFA53B42E1EDD5BD9B046B1660E"
"items","Cloth_Roof_Leather_Shallow","Cloth/Roof_Leather/Cloth_Roof_Leather_Shallow","Server/Item/Items/Cloth/Roof_Leather/Cloth_Roof_Leather_Shallow.json","3200","6A635BECC2FD39B7C16C64DF49D4CAF49415D2C84E454DDA19080F700608E61B"
"items","Cloth_Roof_Leather_Steep","Cloth/Roof_Leather/Cloth_Roof_Leather_Steep","Server/Item/Items/Cloth/Roof_Leather/Cloth_Roof_Leather_Steep.json","3168","912A1AE826BCB1B74EC05C10CD38AD3A0FBC58D8165F61D6C3293AE4FBDEDFD9"
"items","Cloth_Roof_Leather_Vertical","Cloth/Roof_Leather/Cloth_Roof_Leather_Vertical","Server/Item/Items/Cloth/Roof_Leather/Cloth_Roof_Leather_Vertical.json","1380","86B4B037E248600FD80F5ED42E3D32D359A05EFF15888D00EEB15D3E8F50C116"
"items","Cloth_Modern_Blue_Roof","Cloth/Roof_ModernBlue/Cloth_Modern_Blue_Roof","Server/Item/Items/Cloth/Roof_ModernBlue/Cloth_Modern_Blue_Roof.json","3037","6FC587C60778254BACC794EB3794543D003D38850D34F8601DDA46DEF6E3ACB5"
"items","Cloth_Modern_Blue_Roof_Flat","Cloth/Roof_ModernBlue/Cloth_Modern_Blue_Roof_Flat","Server/Item/Items/Cloth/Roof_ModernBlue/Cloth_Modern_Blue_Roof_Flat.json","1239","07F0A2A3D81583090CF9A7B73AA34E6B3A2FEDD0F6A1D5F38526FF6730D9FC8E"
"items","Cloth_Modern_Blue_Roof_Shallow","Cloth/Roof_ModernBlue/Cloth_Modern_Blue_Roof_Shallow","Server/Item/Items/Cloth/Roof_ModernBlue/Cloth_Modern_Blue_Roof_Shallow.json","3207","ECA6A8FCD5ED6772C4D2951E7DEEBC37FD7AEA8D5358D10919BB0B8C6534F065"
"items","Cloth_Modern_Blue_Roof_Steep","Cloth/Roof_ModernBlue/Cloth_Modern_Blue_Roof_Steep","Server/Item/Items/Cloth/Roof_ModernBlue/Cloth_Modern_Blue_Roof_Steep.json","3175","ED97DFCC084BAA6E28C00993BCF93B19468CCEED144E7E49B0B524BF90095DAF"
"items","Cloth_Modern_Blue_Roof_Vertical","Cloth/Roof_ModernBlue/Cloth_Modern_Blue_Roof_Vertical","Server/Item/Items/Cloth/Roof_ModernBlue/Cloth_Modern_Blue_Roof_Vertical.json","1298","F078D8E2AB81038F474AEC001069E24C57D4C7FD76DDD85417A409915D4A097D"
"items","Cloth_Modern_Blue_Roof_Vertical_Flap","Cloth/Roof_ModernBlue/Cloth_Modern_Blue_Roof_Vertical_Flap","Server/Item/Items/Cloth/Roof_ModernBlue/Cloth_Modern_Blue_Roof_Vertical_Flap.json","1241","062A11CB095E3B8CE1794B8AABF5D36F6CBA38F6FEE6EB31D62F1520122CE1CA"
"items","Cloth_Modern_DarkGreen_Roof","Cloth/Roof_ModernDarkGreen/Cloth_Modern_DarkGreen_Roof","Server/Item/Items/Cloth/Roof_ModernDarkGreen/Cloth_Modern_DarkGreen_Roof.json","3052","0A64CBC5C683F0D3D6BDED327B66A9163089CB4C2532080ADBE7C044AA1A00B1"
"items","Cloth_Modern_DarkGreen_Roof_Flat","Cloth/Roof_ModernDarkGreen/Cloth_Modern_DarkGreen_Roof_Flat","Server/Item/Items/Cloth/Roof_ModernDarkGreen/Cloth_Modern_DarkGreen_Roof_Flat.json","1254","CB9240E5F8AED7B2A9D046B2C29BC337E4B12940A8C39FE78FD43EB200DC8845"
"items","Cloth_Modern_DarkGreen_Roof_Shallow","Cloth/Roof_ModernDarkGreen/Cloth_Modern_DarkGreen_Roof_Shallow","Server/Item/Items/Cloth/Roof_ModernDarkGreen/Cloth_Modern_DarkGreen_Roof_Shallow.json","3222","ABFE59D3A70171C35B0B0D15E2C705FF1FF807BEBC182C8B4AC6CA671A54F572"
"items","Cloth_Modern_DarkGreen_Roof_Steep","Cloth/Roof_ModernDarkGreen/Cloth_Modern_DarkGreen_Roof_Steep","Server/Item/Items/Cloth/Roof_ModernDarkGreen/Cloth_Modern_DarkGreen_Roof_Steep.json","3190","5518395497DE33DFF12CCEF464C6E6E33200770A1CFE8E1FE35C021A2A2116BE"
"items","Cloth_Modern_DarkGreen_Roof_Vertical","Cloth/Roof_ModernDarkGreen/Cloth_Modern_DarkGreen_Roof_Vertical","Server/Item/Items/Cloth/Roof_ModernDarkGreen/Cloth_Modern_DarkGreen_Roof_Vertical.json","1313","8CECCC7B708E1B2804338546EC3994B727C1E78B4F25B8B231BB8C9C7B8DF25F"
"items","Cloth_Modern_DarkGreen_Roof_Vertical_Flap","Cloth/Roof_ModernDarkGreen/Cloth_Modern_DarkGreen_Roof_Vertical_Flap","Server/Item/Items/Cloth/Roof_ModernDarkGreen/Cloth_Modern_DarkGreen_Roof_Vertical_Flap.json","1256","866AB434640F310D42012154ED852CCC97691791BBD3F756C35345AB41E96FBF"
"items","Cloth_Modern_Orange_Roof","Cloth/Roof_ModernOrange/Cloth_Modern_Orange_Roof","Server/Item/Items/Cloth/Roof_ModernOrange/Cloth_Modern_Orange_Roof.json","3043","B2B88C0428F1128DCFA6063E1A8735C5CC565D0FBAF7DBFD7BA83E1AB7F4DBC9"
"items","Cloth_Modern_Orange_Roof_Flat","Cloth/Roof_ModernOrange/Cloth_Modern_Orange_Roof_Flat","Server/Item/Items/Cloth/Roof_ModernOrange/Cloth_Modern_Orange_Roof_Flat.json","1245","B20806078439F704923DFB6FAE5C1B0814BFF8B71BC3DD72873E7EF0A34FE766"
"items","Cloth_Modern_Orange_Roof_Shallow","Cloth/Roof_ModernOrange/Cloth_Modern_Orange_Roof_Shallow","Server/Item/Items/Cloth/Roof_ModernOrange/Cloth_Modern_Orange_Roof_Shallow.json","3213","6743A614120CEACCA43DFB151CD30A9AFB480C94DC37ECFF62D55362D1E6ADD3"
"items","Cloth_Modern_Orange_Roof_Steep","Cloth/Roof_ModernOrange/Cloth_Modern_Orange_Roof_Steep","Server/Item/Items/Cloth/Roof_ModernOrange/Cloth_Modern_Orange_Roof_Steep.json","3181","59E218D309EEA7D7AB6437CA354B6B56EB99106638B6CB6C928D72BCE9B136F3"
"items","Cloth_Modern_Orange_Roof_Vertical","Cloth/Roof_ModernOrange/Cloth_Modern_Orange_Roof_Vertical","Server/Item/Items/Cloth/Roof_ModernOrange/Cloth_Modern_Orange_Roof_Vertical.json","1304","8133366D67E2029176E1546B9EFC7186252470BA8AF6B911875EB89398733F06"
"items","Cloth_Modern_Orange_Roof_Vertical_Flap","Cloth/Roof_ModernOrange/Cloth_Modern_Orange_Roof_Vertical_Flap","Server/Item/Items/Cloth/Roof_ModernOrange/Cloth_Modern_Orange_Roof_Vertical_Flap.json","1247","5CA028A9E70F9FCBAB68FC59B0C352824EA2FEA303777EFECC3772B49B652BAB"
"items","Cloth_Modern_Red_Roof","Cloth/Roof_ModernRed/Cloth_Modern_Red_Roof","Server/Item/Items/Cloth/Roof_ModernRed/Cloth_Modern_Red_Roof.json","3034","98570C463D52E3B48007F9BA887C43EB8D9BB31899FFCD85A15FE1B72F03ED08"
"items","Cloth_Modern_Red_Roof_Flat","Cloth/Roof_ModernRed/Cloth_Modern_Red_Roof_Flat","Server/Item/Items/Cloth/Roof_ModernRed/Cloth_Modern_Red_Roof_Flat.json","1236","043CD47AF3C16B1AAD050B5FBBE666C7F1DAD1814A2D05113D21BC818D10869A"
"items","Cloth_Modern_Red_Roof_Shallow","Cloth/Roof_ModernRed/Cloth_Modern_Red_Roof_Shallow","Server/Item/Items/Cloth/Roof_ModernRed/Cloth_Modern_Red_Roof_Shallow.json","3204","44CF977E9EA12C92EDBB69C687212C2E77CB5FCA713668647AA2079318BE2325"
"items","Cloth_Modern_Red_Roof_Steep","Cloth/Roof_ModernRed/Cloth_Modern_Red_Roof_Steep","Server/Item/Items/Cloth/Roof_ModernRed/Cloth_Modern_Red_Roof_Steep.json","3172","86DFCD0303F7E4F7031CE61D328E2C45616C3D4F9A2F710D6695FCAA1A6C4B3B"
"items","Cloth_Modern_Red_Roof_Vertical","Cloth/Roof_ModernRed/Cloth_Modern_Red_Roof_Vertical","Server/Item/Items/Cloth/Roof_ModernRed/Cloth_Modern_Red_Roof_Vertical.json","1295","94D293BE1B52D24DE686EF0A87E33CD6BC926FBABFBEE336934C5E11EE88806C"
"items","Cloth_Modern_Red_Roof_Vertical_Flap","Cloth/Roof_ModernRed/Cloth_Modern_Red_Roof_Vertical_Flap","Server/Item/Items/Cloth/Roof_ModernRed/Cloth_Modern_Red_Roof_Vertical_Flap.json","1238","9EC0597023FE1EC90E00C0194E0F267B44CAD1A6382D2553186DDE1D874A30C8"
"items","Cloth_Modern_Yellow_Roof","Cloth/Roof_ModernYellow/Cloth_Modern_Yellow_Roof","Server/Item/Items/Cloth/Roof_ModernYellow/Cloth_Modern_Yellow_Roof.json","3043","DF52264141922D884832531233726E4C1DB829CCDE15704FB3BB577CBD40CD1F"
"items","Cloth_Modern_Yellow_Roof_Flat","Cloth/Roof_ModernYellow/Cloth_Modern_Yellow_Roof_Flat","Server/Item/Items/Cloth/Roof_ModernYellow/Cloth_Modern_Yellow_Roof_Flat.json","1245","D10BECB2164FCB57A1B034306C0BDB60087447F74CC6F1DEB4746039E2F049D2"
"items","Cloth_Modern_Yellow_Roof_Shallow","Cloth/Roof_ModernYellow/Cloth_Modern_Yellow_Roof_Shallow","Server/Item/Items/Cloth/Roof_ModernYellow/Cloth_Modern_Yellow_Roof_Shallow.json","3213","9C768F477AC27486F7AFA90B302D0101C3B1DA039497CC03F1D562D5E3B4008F"
"items","Cloth_Modern_Yellow_Roof_Steep","Cloth/Roof_ModernYellow/Cloth_Modern_Yellow_Roof_Steep","Server/Item/Items/Cloth/Roof_ModernYellow/Cloth_Modern_Yellow_Roof_Steep.json","3181","3A3D82FA054A77866717ED766250C3C539047344C87F9DFCE611AE0407473BE2"
"items","Cloth_Modern_Yellow_Roof_Vertical","Cloth/Roof_ModernYellow/Cloth_Modern_Yellow_Roof_Vertical","Server/Item/Items/Cloth/Roof_ModernYellow/Cloth_Modern_Yellow_Roof_Vertical.json","1304","238043A383CAAD1338756FB2D566997A333EDD57B92501AA4B807964555D06A8"
"items","Cloth_Modern_Yellow_Roof_Vertical_Flap","Cloth/Roof_ModernYellow/Cloth_Modern_Yellow_Roof_Vertical_Flap","Server/Item/Items/Cloth/Roof_ModernYellow/Cloth_Modern_Yellow_Roof_Vertical_Flap.json","1247","88ABEED9873092666A4B245798BB9CF6D8F15F80C4228618D2F44C5AC91CAEF0"
"items","Cloth_Roof_Orange","Cloth/Roof_Orange/Cloth_Roof_Orange","Server/Item/Items/Cloth/Roof_Orange/Cloth_Roof_Orange.json","3386","2C4312445D1954BB124FF3B408971CF73FC7C9014EB6C9FDD0F37F3DEB45CDA2"
"items","Cloth_Roof_Orange_Flap","Cloth/Roof_Orange/Cloth_Roof_Orange_Flap","Server/Item/Items/Cloth/Roof_Orange/Cloth_Roof_Orange_Flap.json","1591","6E51C82635532B6B8FF2A12D52D96E48B5E0C9ACD4116E3DCEA4D8CE6CFDE1D2"
"items","Cloth_Roof_Orange_Flat","Cloth/Roof_Orange/Cloth_Roof_Orange_Flat","Server/Item/Items/Cloth/Roof_Orange/Cloth_Roof_Orange_Flat.json","1607","EE96F2D0EB9954428D5A9D4C83F75E67420FE46D70CA28A1E1E9EEFDD0C9ED7B"
"items","Cloth_Roof_Orange_Shallow","Cloth/Roof_Orange/Cloth_Roof_Orange_Shallow","Server/Item/Items/Cloth/Roof_Orange/Cloth_Roof_Orange_Shallow.json","3531","37BC459E7C4F07B95328DD74EE12A6E445D037439E697B3368C71F1A1B18452B"
"items","Cloth_Roof_Orange_Steep","Cloth/Roof_Orange/Cloth_Roof_Orange_Steep","Server/Item/Items/Cloth/Roof_Orange/Cloth_Roof_Orange_Steep.json","3499","20C983F8A79302D7FA5603441F20E85A6DB95F79A762FE56D3246E18F7CC644D"
"items","Cloth_Roof_Orange_Vertical","Cloth/Roof_Orange/Cloth_Roof_Orange_Vertical","Server/Item/Items/Cloth/Roof_Orange/Cloth_Roof_Orange_Vertical.json","1668","038B9EE14EC6B3BE21AF57057CB9B1AED4BDFA9C59D044A08DB7236B820E6F28"
"items","Cloth_Roof_Red","Cloth/Roof_Red/Cloth_Roof_Red","Server/Item/Items/Cloth/Roof_Red/Cloth_Roof_Red.json","3393","479E10B0698D9AEEA682C3D8F4921C5F259AB9EBEAF211CCA7751F11F692F98B"
"items","Cloth_Roof_Red_Flap","Cloth/Roof_Red/Cloth_Roof_Red_Flap","Server/Item/Items/Cloth/Roof_Red/Cloth_Roof_Red_Flap.json","1576","24303CEC6B6E200A95BDAEBC77AB9FA1E50084C2C636FFE0D48B6A6723A9948B"
"items","Cloth_Roof_Red_Flat","Cloth/Roof_Red/Cloth_Roof_Red_Flat","Server/Item/Items/Cloth/Roof_Red/Cloth_Roof_Red_Flat.json","1595","ECA8595326D84053538382008D05FF76F2E1BC98D730DEC023CC80BA6842E65C"
"items","Cloth_Roof_Red_Shallow","Cloth/Roof_Red/Cloth_Roof_Red_Shallow","Server/Item/Items/Cloth/Roof_Red/Cloth_Roof_Red_Shallow.json","3519","84F65F5DFBC90CC55FDF99B32998CEC6634C8146542F4825261F669BB175427F"
"items","Cloth_Roof_Red_Steep","Cloth/Roof_Red/Cloth_Roof_Red_Steep","Server/Item/Items/Cloth/Roof_Red/Cloth_Roof_Red_Steep.json","3487","EA1FC4104471C0F4D812832267097C183C9412CF7EC567AAC89F2DBF97551CEA"
"items","Cloth_Roof_Red_Vertical","Cloth/Roof_Red/Cloth_Roof_Red_Vertical","Server/Item/Items/Cloth/Roof_Red/Cloth_Roof_Red_Vertical.json","1656","BD1E1F799EECEC9B0E053FF943EA39016576A703095A5845562DD8AF05545A58"
"items","Cloth_Roof_White","Cloth/Roof_White/Cloth_Roof_White","Server/Item/Items/Cloth/Roof_White/Cloth_Roof_White.json","3403","6D636D8429C39E01EDBD5ED43F42DA2A03E3F0DA49240027D6F16316EEE5B80E"
"items","Cloth_Roof_White_Flap","Cloth/Roof_White/Cloth_Roof_White_Flap","Server/Item/Items/Cloth/Roof_White/Cloth_Roof_White_Flap.json","1586","98A9A5E5A52DF3C34A3F000EABABF9735AC6CB71EA0DD7E5BCC7CD3EB09CBDF9"
"items","Cloth_Roof_White_Flat","Cloth/Roof_White/Cloth_Roof_White_Flat","Server/Item/Items/Cloth/Roof_White/Cloth_Roof_White_Flat.json","1602","816652B101752ECB4D4F522E4A6CC7D143AB10D108167C236C00F102DA2FBC40"
"items","Cloth_Roof_White_Shallow","Cloth/Roof_White/Cloth_Roof_White_Shallow","Server/Item/Items/Cloth/Roof_White/Cloth_Roof_White_Shallow.json","3527","B5585B105518068180111A02C78AA8EF7B153C948EB6927436F228A50406A516"
"items","Cloth_Roof_White_Steep","Cloth/Roof_White/Cloth_Roof_White_Steep","Server/Item/Items/Cloth/Roof_White/Cloth_Roof_White_Steep.json","3495","876B114832431EF3A530D023CB9DCC03B04EA1FB051B5551ED96F526F90AEF41"
"items","Cloth_Roof_White_Vertical","Cloth/Roof_White/Cloth_Roof_White_Vertical","Server/Item/Items/Cloth/Roof_White/Cloth_Roof_White_Vertical.json","1665","C45148F6ECB63B290E3EFD5AB3777AD3A7C74FBD7DD272E37436718159F8FF29"
"items","Cloth_Roof_Yellow","Cloth/Roof_Yellow/Cloth_Roof_Yellow","Server/Item/Items/Cloth/Roof_Yellow/Cloth_Roof_Yellow.json","3407","389F49557CBA111DFBD47D3054000AB86709AB7B46D8B7FABF96A7AC2793E16A"
"items","Cloth_Roof_Yellow_Flap","Cloth/Roof_Yellow/Cloth_Roof_Yellow_Flap","Server/Item/Items/Cloth/Roof_Yellow/Cloth_Roof_Yellow_Flap.json","1591","32E3030A4010BC732711A43253002720E5FD9C50C4C41AB4DA1B691AA682D45B"
"items","Cloth_Roof_Yellow_Flat","Cloth/Roof_Yellow/Cloth_Roof_Yellow_Flat","Server/Item/Items/Cloth/Roof_Yellow/Cloth_Roof_Yellow_Flat.json","1607","11EC79C8593D905A2AE2A183D67FAE5C82FFF02DDD9B2C24D7BE70779D8B85FF"
"items","Cloth_Roof_Yellow_Shallow","Cloth/Roof_Yellow/Cloth_Roof_Yellow_Shallow","Server/Item/Items/Cloth/Roof_Yellow/Cloth_Roof_Yellow_Shallow.json","3531","85706DE8F1ED989FC47962A816280C0A7EA9EB2E6E8BFFFAEB310EB9A868DE35"
"items","Cloth_Roof_Yellow_Steep","Cloth/Roof_Yellow/Cloth_Roof_Yellow_Steep","Server/Item/Items/Cloth/Roof_Yellow/Cloth_Roof_Yellow_Steep.json","3499","43F898451D067A59EB1D9458826866B658ADF83B3E99A55D76F14242584802BC"
"items","Cloth_Roof_Yellow_Vertical","Cloth/Roof_Yellow/Cloth_Roof_Yellow_Vertical","Server/Item/Items/Cloth/Roof_Yellow/Cloth_Roof_Yellow_Vertical.json","1668","F7B23647F4A98E6EBC37B9A5E380CF9E8AF818FFE4E70E8C08A7D9777D97CB8D"
"items","Cloth_Block_Wool_Black","Cloth/Wool/Cloth_Block_Wool_Black","Server/Item/Items/Cloth/Wool/Cloth_Block_Wool_Black.json","859","2BBC6FE5AD8830F8608E9702824688BC5CDE2C7E21939BF5FD02B08AFF66A5CE"
"items","Cloth_Block_Wool_Black_Half","Cloth/Wool/Cloth_Block_Wool_Black_Half","Server/Item/Items/Cloth/Wool/Cloth_Block_Wool_Black_Half.json","3033","3DD20EB2233CA5E87703D54D6F040C0FFF42C2EC4AB1DA4EC42433BAF4C612E0"
"items","Cloth_Block_Wool_Black_Stairs","Cloth/Wool/Cloth_Block_Wool_Black_Stairs","Server/Item/Items/Cloth/Wool/Cloth_Block_Wool_Black_Stairs.json","3662","D74028A07481818D496F73455E996EA025A5DE5A3BE4FA1B744F20283540528D"
"items","Cloth_Block_Wool_Blue","Cloth/Wool/Cloth_Block_Wool_Blue","Server/Item/Items/Cloth/Wool/Cloth_Block_Wool_Blue.json","854","D7BF7E7A0F90476FFE50EC49D325F70E940A505ECC4AEEEF82DF82B9734A8A20"
"items","Cloth_Block_Wool_Blue_Half","Cloth/Wool/Cloth_Block_Wool_Blue_Half","Server/Item/Items/Cloth/Wool/Cloth_Block_Wool_Blue_Half.json","3025","F056293D33A6A44E183E7348B59910FE3FB8977E14C27AE5DA08205FCB49CE23"
"items","Cloth_Block_Wool_Blue_Light","Cloth/Wool/Cloth_Block_Wool_Blue_Light","Server/Item/Items/Cloth/Wool/Cloth_Block_Wool_Blue_Light.json","1044","F36DBEA8F7A67AF80887FA3561DA86660C7C51BB491A44FF31986D16CC9AACF7"
"items","Cloth_Block_Wool_Blue_Light_Half","Cloth/Wool/Cloth_Block_Wool_Blue_Light_Half","Server/Item/Items/Cloth/Wool/Cloth_Block_Wool_Blue_Light_Half.json","3073","EDB2070FA9F7BA205DF341DB06EFDE525EACC870ECA19F408B51E6A0CD7A7223"
"items","Cloth_Block_Wool_Blue_Light_Stairs","Cloth/Wool/Cloth_Block_Wool_Blue_Light_Stairs","Server/Item/Items/Cloth/Wool/Cloth_Block_Wool_Blue_Light_Stairs.json","3687","E082F10B8532DAF39375E3102A365BB29966D276B4B67D0695BBFA92DD5E56BD"
"items","Cloth_Block_Wool_Blue_Stairs","Cloth/Wool/Cloth_Block_Wool_Blue_Stairs","Server/Item/Items/Cloth/Wool/Cloth_Block_Wool_Blue_Stairs.json","3657","85569E18B01629CE45357B1B5893BD9CB34C1105FFF21534D42AC7E704BD3639"
"items","Cloth_Block_Wool_Cyan","Cloth/Wool/Cloth_Block_Wool_Cyan","Server/Item/Items/Cloth/Wool/Cloth_Block_Wool_Cyan.json","854","72AB4CC1CC2F46D14BF22DE031EBF9754FD64FC81285AACA11E13A6A67BF9D60"
"items","Cloth_Block_Wool_Cyan_Half","Cloth/Wool/Cloth_Block_Wool_Cyan_Half","Server/Item/Items/Cloth/Wool/Cloth_Block_Wool_Cyan_Half.json","3025","19E82412D2A1E69C281D8E8CAD7ACCE32C3F76BFA3E501736B1745F3EDD38827"
"items","Cloth_Block_Wool_Cyan_Light","Cloth/Wool/Cloth_Block_Wool_Cyan_Light","Server/Item/Items/Cloth/Wool/Cloth_Block_Wool_Cyan_Light.json","1044","4A387EA7D269FFB6AC15641041CEE6A15DC5F7B05BDAA918E17E862A22CF1F1D"
"items","Cloth_Block_Wool_Cyan_Light_Half","Cloth/Wool/Cloth_Block_Wool_Cyan_Light_Half","Server/Item/Items/Cloth/Wool/Cloth_Block_Wool_Cyan_Light_Half.json","3073","C66FCB67C5578966E00D643F72201531E8B1538C357E41BC18D4587F3C9437A1"
"items","Cloth_Block_Wool_Cyan_Light_Stairs","Cloth/Wool/Cloth_Block_Wool_Cyan_Light_Stairs","Server/Item/Items/Cloth/Wool/Cloth_Block_Wool_Cyan_Light_Stairs.json","3687","FE09CCA6370CF6E2BC077560C70D0E9DF0D11715157CDFAB127B8ACF78EBD531"
"items","Cloth_Block_Wool_Cyan_Stairs","Cloth/Wool/Cloth_Block_Wool_Cyan_Stairs","Server/Item/Items/Cloth/Wool/Cloth_Block_Wool_Cyan_Stairs.json","3657","23BCE973CB2919349F527122AEE731AD1A0C2AB37DA420520132CC6EC4477FC2"
"items","Cloth_Block_Wool_Gray","Cloth/Wool/Cloth_Block_Wool_Gray","Server/Item/Items/Cloth/Wool/Cloth_Block_Wool_Gray.json","1021","D00CBD855D386753CA3E0720AAC3F61486A262F3FE4BA1F5D36740F908F6B93B"
"items","Cloth_Block_Wool_Gray_Half","Cloth/Wool/Cloth_Block_Wool_Gray_Half","Server/Item/Items/Cloth/Wool/Cloth_Block_Wool_Gray_Half.json","3025","76D29D15429B19CD492056D5B6935F1939EDD8FE8E97C9773C760C4E7471418A"
"items","Cloth_Block_Wool_Gray_Light","Cloth/Wool/Cloth_Block_Wool_Gray_Light","Server/Item/Items/Cloth/Wool/Cloth_Block_Wool_Gray_Light.json","1044","852AB9FE54B9C55D3A2D71940CD3FC12811DFB89DA861A39234491DF598B9CB9"
"items","Cloth_Block_Wool_Gray_Light_Half","Cloth/Wool/Cloth_Block_Wool_Gray_Light_Half","Server/Item/Items/Cloth/Wool/Cloth_Block_Wool_Gray_Light_Half.json","3073","3B2427EFA52D9DE805CB58D96E263B461C147CF9AA8AD1BED2CE819C0F281644"
"items","Cloth_Block_Wool_Gray_Light_Stairs","Cloth/Wool/Cloth_Block_Wool_Gray_Light_Stairs","Server/Item/Items/Cloth/Wool/Cloth_Block_Wool_Gray_Light_Stairs.json","3687","D18F39AB21A331A9C1E4920F5A1B6D907A916FB79D27FF8D8686AD4C08D5FC6D"
"items","Cloth_Block_Wool_Gray_Stairs","Cloth/Wool/Cloth_Block_Wool_Gray_Stairs","Server/Item/Items/Cloth/Wool/Cloth_Block_Wool_Gray_Stairs.json","3657","BF454C0328BB728A362D3B43946EE3C010B01FF3B420DEA6A20568DD450D7D51"
"items","Cloth_Block_Wool_Green","Cloth/Wool/Cloth_Block_Wool_Green","Server/Item/Items/Cloth/Wool/Cloth_Block_Wool_Green.json","860","47CBC124846B09980F9EA1EBEB686063DBAB4FE9B5A866DA4B9FF28920BEACE6"
"items","Cloth_Block_Wool_Green_Half","Cloth/Wool/Cloth_Block_Wool_Green_Half","Server/Item/Items/Cloth/Wool/Cloth_Block_Wool_Green_Half.json","3033","9BF010C9D10DFD8183A40CAD824A56B79F27D07187D129D327455CE8DC97A2C7"
"items","Cloth_Block_Wool_Green_Light","Cloth/Wool/Cloth_Block_Wool_Green_Light","Server/Item/Items/Cloth/Wool/Cloth_Block_Wool_Green_Light.json","1050","17AFF8CF175D9FED79E92BD2F26EE5A848BB76E5FED15D013F9154415FC2E6EC"
"items","Cloth_Block_Wool_Green_Light_Half","Cloth/Wool/Cloth_Block_Wool_Green_Light_Half","Server/Item/Items/Cloth/Wool/Cloth_Block_Wool_Green_Light_Half.json","3081","364F03E3F78066FBAC3AF412AE964DF1E46A832AF558DC41BD5DA0CEDD6CB839"
"items","Cloth_Block_Wool_Green_Light_Stairs","Cloth/Wool/Cloth_Block_Wool_Green_Light_Stairs","Server/Item/Items/Cloth/Wool/Cloth_Block_Wool_Green_Light_Stairs.json","3692","3B319A7A756206D7AF79778C30812AE661D435D032E125A837843E258FDA20D3"
"items","Cloth_Block_Wool_Green_Stairs","Cloth/Wool/Cloth_Block_Wool_Green_Stairs","Server/Item/Items/Cloth/Wool/Cloth_Block_Wool_Green_Stairs.json","3662","FC60FFBC0B354C7194668C8243A5D7C2C9C937822B7993ED0AD42EC06AF5EF00"
"items","Cloth_Block_Wool_Orange","Cloth/Wool/Cloth_Block_Wool_Orange","Server/Item/Items/Cloth/Wool/Cloth_Block_Wool_Orange.json","865","972D7E1BA7B48E2BC2615729E27CE73A7A00FD9D52B085063761A2B005147C72"
"items","Cloth_Block_Wool_Orange_Half","Cloth/Wool/Cloth_Block_Wool_Orange_Half","Server/Item/Items/Cloth/Wool/Cloth_Block_Wool_Orange_Half.json","3041","5660089F7AB08487B2F52E6BE1D9E6999D12B65AB6F6D6E43EBD88EF270A8975"
"items","Cloth_Block_Wool_Orange_Light","Cloth/Wool/Cloth_Block_Wool_Orange_Light","Server/Item/Items/Cloth/Wool/Cloth_Block_Wool_Orange_Light.json","1055","4940FC3C64A7833F1D405DF6518A5A5461E2A0F19222965FB7AF137675B09529"
"items","Cloth_Block_Wool_Orange_Light_Half","Cloth/Wool/Cloth_Block_Wool_Orange_Light_Half","Server/Item/Items/Cloth/Wool/Cloth_Block_Wool_Orange_Light_Half.json","3089","2AB446528264F4175D84A668E846EA78411FEBC8A2EE2DD4F5D46EB3C0D11CD4"
"items","Cloth_Block_Wool_Orange_Light_Stairs","Cloth/Wool/Cloth_Block_Wool_Orange_Light_Stairs","Server/Item/Items/Cloth/Wool/Cloth_Block_Wool_Orange_Light_Stairs.json","3697","1D097AE0DEB18EDF45C317C7792376E49B1BE1DCE76F9102F36624732BC2C816"
"items","Cloth_Block_Wool_Orange_Stairs","Cloth/Wool/Cloth_Block_Wool_Orange_Stairs","Server/Item/Items/Cloth/Wool/Cloth_Block_Wool_Orange_Stairs.json","3667","C2C3234E39C0300B4BE300C1D6036A48D7740700C6AFD67ACE6FC1002AA6C647"
"items","Cloth_Block_Wool_Pink","Cloth/Wool/Cloth_Block_Wool_Pink","Server/Item/Items/Cloth/Wool/Cloth_Block_Wool_Pink.json","855","429A8D5440CE42B2120691688B947C5BB788CA11A08FB027BDB052907AA80DFD"
"items","Cloth_Block_Wool_Pink_Half","Cloth/Wool/Cloth_Block_Wool_Pink_Half","Server/Item/Items/Cloth/Wool/Cloth_Block_Wool_Pink_Half.json","3025","EAE0060FB72A97CEE2A1A75CAA7EA541BBC3C3E58197B2C05C3FB62CB1825C6A"
"items","Cloth_Block_Wool_Pink_Light","Cloth/Wool/Cloth_Block_Wool_Pink_Light","Server/Item/Items/Cloth/Wool/Cloth_Block_Wool_Pink_Light.json","1045","6E6B942E9ECEF19B040A23F511F302C9835E1E494E02A4859399A0BCCDC6ABB4"
"items","Cloth_Block_Wool_Pink_Light_Half","Cloth/Wool/Cloth_Block_Wool_Pink_Light_Half","Server/Item/Items/Cloth/Wool/Cloth_Block_Wool_Pink_Light_Half.json","3073","D3CEDC3A4C63339FEE2493DE82D262DC8E3C74F7179566B44376031B047DAE14"
"items","Cloth_Block_Wool_Pink_Light_Stairs","Cloth/Wool/Cloth_Block_Wool_Pink_Light_Stairs","Server/Item/Items/Cloth/Wool/Cloth_Block_Wool_Pink_Light_Stairs.json","3687","A34845FA4D6405173977119CEF2F317992202B8892780551EBA9C233D63F41F4"
"items","Cloth_Block_Wool_Pink_Stairs","Cloth/Wool/Cloth_Block_Wool_Pink_Stairs","Server/Item/Items/Cloth/Wool/Cloth_Block_Wool_Pink_Stairs.json","3657","62472B3B9002E714819593A49DC07A02064A1AF6361430001FA33CF2C39860B5"
"items","Cloth_Block_Wool_Purple","Cloth/Wool/Cloth_Block_Wool_Purple","Server/Item/Items/Cloth/Wool/Cloth_Block_Wool_Purple.json","865","60DFEBC059E5B262EE93738FE0FA3933AC81FC5FA0B323736F76882B8221BA25"
"items","Cloth_Block_Wool_Purple_Half","Cloth/Wool/Cloth_Block_Wool_Purple_Half","Server/Item/Items/Cloth/Wool/Cloth_Block_Wool_Purple_Half.json","3041","C8163BBC40EEAE9BE0940589810A1C63EBBCEFCE4ACB9318D137A0038C2E6BD4"
"items","Cloth_Block_Wool_Purple_Light","Cloth/Wool/Cloth_Block_Wool_Purple_Light","Server/Item/Items/Cloth/Wool/Cloth_Block_Wool_Purple_Light.json","1055","C1D99AAB6D8AD694EF1001DACE48CF461C5D669DB64FBAF9028508F6074808CD"
"items","Cloth_Block_Wool_Purple_Light_Half","Cloth/Wool/Cloth_Block_Wool_Purple_Light_Half","Server/Item/Items/Cloth/Wool/Cloth_Block_Wool_Purple_Light_Half.json","3089","E9E25A37C964D78D9A2C46E634DB92C7E5E2EEA2D93DA739BB233A5DDF807B09"
"items","Cloth_Block_Wool_Purple_Light_Stairs","Cloth/Wool/Cloth_Block_Wool_Purple_Light_Stairs","Server/Item/Items/Cloth/Wool/Cloth_Block_Wool_Purple_Light_Stairs.json","3697","7EA2754E2CEBCC1D4A5AC021C0D89D6FC6BDF20AC14465D33968A1BCAAE7422F"
"items","Cloth_Block_Wool_Purple_Stairs","Cloth/Wool/Cloth_Block_Wool_Purple_Stairs","Server/Item/Items/Cloth/Wool/Cloth_Block_Wool_Purple_Stairs.json","3667","CD846898E7AE4814406AA05D088630D10DBEA6265D8D7F663ED6DE135FE0E4B1"
"items","Cloth_Block_Wool_Red","Cloth/Wool/Cloth_Block_Wool_Red","Server/Item/Items/Cloth/Wool/Cloth_Block_Wool_Red.json","850","77AA3D46DCCAAA6DA5F4BA412E2CA9F9F21901B0C0074B21E8C2DE4E969EBA7C"
"items","Cloth_Block_Wool_Red_Half","Cloth/Wool/Cloth_Block_Wool_Red_Half","Server/Item/Items/Cloth/Wool/Cloth_Block_Wool_Red_Half.json","3017","F7B34ED2D3DA8E4656ADE9E68031005C785B8D6B7D927CF4B5874B5B94D0A943"
"items","Cloth_Block_Wool_Red_Light","Cloth/Wool/Cloth_Block_Wool_Red_Light","Server/Item/Items/Cloth/Wool/Cloth_Block_Wool_Red_Light.json","1040","606AE7141369AA76CACD2F510C267B7C0A36569FFED9A4DA2814B43EAF3F5134"
"items","Cloth_Block_Wool_Red_Light_Half","Cloth/Wool/Cloth_Block_Wool_Red_Light_Half","Server/Item/Items/Cloth/Wool/Cloth_Block_Wool_Red_Light_Half.json","3065","65B1A1E9E9F624ECB8C9574CAE518A54AFD2CB1DE3298EEA1A9AAB382DA34D33"
"items","Cloth_Block_Wool_Red_Light_Stairs","Cloth/Wool/Cloth_Block_Wool_Red_Light_Stairs","Server/Item/Items/Cloth/Wool/Cloth_Block_Wool_Red_Light_Stairs.json","3682","C21B852082C16E6B216E62307A1E1A202A5728185252B031074DB79F55C995D5"
"items","Cloth_Block_Wool_Red_Stairs","Cloth/Wool/Cloth_Block_Wool_Red_Stairs","Server/Item/Items/Cloth/Wool/Cloth_Block_Wool_Red_Stairs.json","3652","16652BB353960E7BFD3145D9647B8F22752CB4DCE2658DFA8C7AC31EF023B0E0"
"items","Cloth_Block_Wool_White","Cloth/Wool/Cloth_Block_Wool_White","Server/Item/Items/Cloth/Wool/Cloth_Block_Wool_White.json","1182","07AFF33019419A4DD752D05A4AE6F0E05C226A4F10F41A006E9037C039DFB18D"
"items","Cloth_Block_Wool_White_Half","Cloth/Wool/Cloth_Block_Wool_White_Half","Server/Item/Items/Cloth/Wool/Cloth_Block_Wool_White_Half.json","3033","07220AD9D7677336681C781CE482CF40946C7E8DE353704186279A8E67196B04"
"items","Cloth_Block_Wool_White_Stairs","Cloth/Wool/Cloth_Block_Wool_White_Stairs","Server/Item/Items/Cloth/Wool/Cloth_Block_Wool_White_Stairs.json","3662","862EC25CED62C72D702A626BC38C7A6FABF18933DD197BAE52915E434D67F35B"
"items","Cloth_Block_Wool_Yellow","Cloth/Wool/Cloth_Block_Wool_Yellow","Server/Item/Items/Cloth/Wool/Cloth_Block_Wool_Yellow.json","865","7C7152345149AE04E5D7FDE1DDADC32085631035541342DF33894AF8A8F6FC66"
"items","Cloth_Block_Wool_Yellow_Half","Cloth/Wool/Cloth_Block_Wool_Yellow_Half","Server/Item/Items/Cloth/Wool/Cloth_Block_Wool_Yellow_Half.json","3041","5964E5D52EA7DE30EEF0FF5F2B740A80CF540935D756BBF470F3985E9C1A7BFF"
"items","Cloth_Block_Wool_Yellow_Light","Cloth/Wool/Cloth_Block_Wool_Yellow_Light","Server/Item/Items/Cloth/Wool/Cloth_Block_Wool_Yellow_Light.json","1055","01A36B19E683F1423B9728655ECA9FA2B927342C2801920C73F34844E4E18698"
"items","Cloth_Block_Wool_Yellow_Light_Half","Cloth/Wool/Cloth_Block_Wool_Yellow_Light_Half","Server/Item/Items/Cloth/Wool/Cloth_Block_Wool_Yellow_Light_Half.json","3089","99AE9EAB5A1993D1252E7027FE0A591AD221CB7EA8B8697BDD647CFDBC243F76"
"items","Cloth_Block_Wool_Yellow_Light_Stairs","Cloth/Wool/Cloth_Block_Wool_Yellow_Light_Stairs","Server/Item/Items/Cloth/Wool/Cloth_Block_Wool_Yellow_Light_Stairs.json","3697","C5DDACF6C1898AF9AC831DE247A1F38B042897AA6E4EF84406CA8C378792C0C6"
"items","Cloth_Block_Wool_Yellow_Stairs","Cloth/Wool/Cloth_Block_Wool_Yellow_Stairs","Server/Item/Items/Cloth/Wool/Cloth_Block_Wool_Yellow_Stairs.json","3667","C3082FB9F82B66C16C99FDC7B9DA5EA12517715C425A879232D0578CC4700B87"
"items","Container_Bucket","Container/Container_Bucket","Server/Item/Items/Container/Container_Bucket.json","11246","530311591352BE12E02FEF9E9AE2FF306F8A4BAFA66D3AF9A0389B9EF1EF2546"
"items","Deco_Pot_Clay_Broken","Container/Deco_Pot_Clay_Broken","Server/Item/Items/Container/Deco_Pot_Clay_Broken.json","1098","F3AA70EFBD3953E5B14F2D4451B1508DE7D1409C55788A307EE147E0852BE10F"
"items","Deco_Scarak_Eggsacks","Container/Deco_Scarak_Eggsacks","Server/Item/Items/Container/Deco_Scarak_Eggsacks.json","2253","9A10478D49B1157406B47F66B26837C439CF537F6B6352BDF0971CDB652E0F40"
"items","Deco_Spider_Cocoon","Container/Deco_Spider_Cocoon","Server/Item/Items/Container/Deco_Spider_Cocoon.json","1490","942D964355F0A768CC47CBA165C3B2C088EC1D3CD83937D36AC6F0B55E873424"
"items","Deco_Trork_Cage","Container/Deco_Trork_Cage","Server/Item/Items/Container/Deco_Trork_Cage.json","1077","DBF3B700367D54D19111E399E6BD462734304EEB5D84A3B54A9D4980DA5D8321"
"items","Furniture_Kweebec_Chest_Large","Container/Furniture_Kweebec_Chest_Large","Server/Item/Items/Container/Furniture_Kweebec_Chest_Large.json","2341","70F342B345C7995E7E2E41AB16FE493E25351A3F4765D00423DCF3404A586E25"
"items","Coop_Chicken","Coops/Coop_Chicken","Server/Item/Items/Coops/Coop_Chicken.json","2249","3761794F42BD528B3534ABAD721D3C9116F9CC5604AC043BE8D62CC7E23782EF"
"items","Alchemy_Cauldron","Deco/Alchemy_Cauldron","Server/Item/Items/Deco/Alchemy_Cauldron.json","1391","96F57CB64DBDD93062DAC7B5AA1428DBF74C0368465F2FCA9D102D9670BBD15B"
"items","Alchemy_Cauldron_Big","Deco/Alchemy_Cauldron_Big","Server/Item/Items/Deco/Alchemy_Cauldron_Big.json","1689","CEAB104C052EE02766A8B576F58ECC1713FAF1D2E0D7A8A5B789830BC83EEDBC"
"items","Deco_Bone_Ribs_Feran","Deco/Deco_Bone_Ribs_Feran","Server/Item/Items/Deco/Deco_Bone_Ribs_Feran.json","1487","7C8A3F856C699A6F560A420D7CADB906407B74937E0CFCDF37C69B049356DBDF"
"items","Deco_Bone_Skulls_Feran","Deco/Deco_Bone_Skulls_Feran","Server/Item/Items/Deco/Deco_Bone_Skulls_Feran.json","1653","05C03A2537E591A4DF0D1BF2A8392B88A62789036962EEB00DB47085C9ADC650"
"items","Deco_Bone_Skulls_Feran_Large","Deco/Deco_Bone_Skulls_Feran_Large","Server/Item/Items/Deco/Deco_Bone_Skulls_Feran_Large.json","1637","58C24C853ADE963EA70126B47D31739D247BFACA928E8DB53AE943CCAEA29804"
"items","Deco_Bone_Skulls_Feran_Wall","Deco/Deco_Bone_Skulls_Feran_Wall","Server/Item/Items/Deco/Deco_Bone_Skulls_Feran_Wall.json","1610","3A8D470A74532986E9E15AADABED7436EAB7ACEF29DDDE5DA760F65EBCC16355"
"items","Deco_Bone_Skulls_Wall","Deco/Deco_Bone_Skulls_Wall","Server/Item/Items/Deco/Deco_Bone_Skulls_Wall.json","1591","1FB4D723402A0A79BC0915A06A9A9E144B20E85CEADCC7F7A14A1B34CC3FC81D"
"items","Deco_Book_Pile_Large","Deco/Deco_Book_Pile_Large","Server/Item/Items/Deco/Deco_Book_Pile_Large.json","1529","B904D71DE7F1561B67C34D2BDE37531AE310A899EA7515DC37C3F81DE39F402B"
"items","Deco_Book_Pile_Small","Deco/Deco_Book_Pile_Small","Server/Item/Items/Deco/Deco_Book_Pile_Small.json","1560","44AAD0E618E36BA2750C75A84074687AC78ED12C617EADCD8585552885EED9E9"
"items","Deco_Bucket","Deco/Deco_Bucket","Server/Item/Items/Deco/Deco_Bucket.json","10262","CA1D50F23EF7928B4DE282350B1478E29472B926B1EC33F0196C200D5A4B10C8"
"items","Deco_Campfire_Off","Deco/Deco_Campfire_Off","Server/Item/Items/Deco/Deco_Campfire_Off.json","1198","96F8FD8A4A07F924CDDB2A079FFC7AEFC9C628B69EEF7DE894EF0B6FF69A156E"
"items","Deco_Chair_Scrap","Deco/Deco_Chair_Scrap","Server/Item/Items/Deco/Deco_Chair_Scrap.json","2438","30688C92F221280D1446E096C5B51328E9DE8C627731C795575C4A68D8F70668"
"items","Deco_Coral_Shell","Deco/Deco_Coral_Shell","Server/Item/Items/Deco/Deco_Coral_Shell.json","955","BC81A1429B32A13C8A4A549C33F9AC7E84B58772FF12A55822EE49F20A256DC9"
"items","Deco_Coral_Shell_Purple","Deco/Deco_Coral_Shell_Purple","Server/Item/Items/Deco/Deco_Coral_Shell_Purple.json","997","C55368C29E3D11C700E782D3C3ED41D9F8EFA7DA620E907D43BA90C88D6F77CC"
"items","Deco_Coral_Shell_Sanddollar","Deco/Deco_Coral_Shell_Sanddollar","Server/Item/Items/Deco/Deco_Coral_Shell_Sanddollar.json","1365","44CB9834E2E4F3C259ED3F7DC072F41618E33CD5FDCCA1E77E69B58E708AA0E8"
"items","Deco_Coral_Shell_Swirly","Deco/Deco_Coral_Shell_Swirly","Server/Item/Items/Deco/Deco_Coral_Shell_Swirly.json","1348","15C71BA9DCB6991B881821977A81492BEEC49F7AA0AD9764037A6A855F5C67CD"
"items","Deco_Coral_Shell_Urchin","Deco/Deco_Coral_Shell_Urchin","Server/Item/Items/Deco/Deco_Coral_Shell_Urchin.json","1456","42317A40F7301E70CE763A5088393490B1121256D184AA7AF89C2E8E0A09FB59"
"items","Deco_Fire","Deco/Deco_Fire","Server/Item/Items/Deco/Deco_Fire.json","1577","9D1437252EAA95B3B554FF11F38B77B0DD93075C08EB6F5C681F76B0CB7171EF"
"items","Deco_Halloween_Lights","Deco/Deco_Halloween_Lights","Server/Item/Items/Deco/Deco_Halloween_Lights.json","1705","4CDED857EAEFCBFFFDC3158EF507CDDCCDDE633CA943C7EE3FF9D774D42B8A72"
"items","Deco_Halloween_Pumpkin_Cute","Deco/Deco_Halloween_Pumpkin_Cute","Server/Item/Items/Deco/Deco_Halloween_Pumpkin_Cute.json","1775","EB5FACC4182A140774FF78082CEBEF56DC38C05F7C45C5FCDE2C0499BCF281B1"
"items","Deco_Halloween_Pumpkin_Hypixel","Deco/Deco_Halloween_Pumpkin_Hypixel","Server/Item/Items/Deco/Deco_Halloween_Pumpkin_Hypixel.json","1781","82A7267AD597BE9D35694455C176CF17F85FB1DBE5320C4DF5AF0F85011FCBDC"
"items","Deco_Halloween_Pumpkin_Scary","Deco/Deco_Halloween_Pumpkin_Scary","Server/Item/Items/Deco/Deco_Halloween_Pumpkin_Scary.json","1777","2E57E71C2D38B3C5089A6CF15C416AA4FD81BA01DDAD789AD88FD9100F0F19E4"
"items","Deco_Hive","Deco/Deco_Hive","Server/Item/Items/Deco/Deco_Hive.json","1691","3AAE3F5222B9C6776582E6E8B8D279DA660790F8E35E86555FDBA66DA170251E"
"items","Deco_Inkwell","Deco/Deco_Inkwell","Server/Item/Items/Deco/Deco_Inkwell.json","1754","90C56265183D7E2142CCEBC868FAFD314B01A338D345AE03075FDAF294396AB0"
"items","Deco_Iron_Bars","Deco/Deco_Iron_Bars","Server/Item/Items/Deco/Deco_Iron_Bars.json","1962","2E969C84958100C31F981313EA5BAFC6C07AC3A21CEAB3369E3C1F189425E174"
"items","Deco_Iron_Bars_Corner","Deco/Deco_Iron_Bars_Corner","Server/Item/Items/Deco/Deco_Iron_Bars_Corner.json","1132","DF39441066C4B82841A04D68345F75D7BBEA8675DBB5477EDF7A142067EA5936"
"items","Deco_Iron_Bars_Platforms","Deco/Deco_Iron_Bars_Platforms","Server/Item/Items/Deco/Deco_Iron_Bars_Platforms.json","1497","B8C55C46508CBACF8610CFCF0AD23A9BB55E74DA7FCBEA37618A1B2F6D3A95BF"
"items","Deco_Iron_Chain_Small","Deco/Deco_Iron_Chain_Small","Server/Item/Items/Deco/Deco_Iron_Chain_Small.json","1507","99DFBEBDB41C98039323A6C4B9C4CF4D5D9AEC1235CF411273345C343D3D01A9"
"items","Deco_Iron_Chains","Deco/Deco_Iron_Chains","Server/Item/Items/Deco/Deco_Iron_Chains.json","1449","F4331177F5C1954A5BFD874DB28C848A08664A06B5B618035173C7F16A8508DD"
"items","Deco_Iron_Chains_Vertical","Deco/Deco_Iron_Chains_Vertical","Server/Item/Items/Deco/Deco_Iron_Chains_Vertical.json","1637","BA576423A90FB0C37AB1B593C73189E8752F4FA2C52AA2703D03111F6A3FA153"
"items","Deco_Iron_Stack","Deco/Deco_Iron_Stack","Server/Item/Items/Deco/Deco_Iron_Stack.json","1303","B5C0843A27A711445B5441897B2F8999DA55A985F45122E51D61DF6B50D81248"
"items","Deco_Kweebec_Plush","Deco/Deco_Kweebec_Plush","Server/Item/Items/Deco/Deco_Kweebec_Plush.json","2157","CFE6EEF3DF90923A860F041F5ED223D81588B3AA31F45F475B8EFBFBC3A3F3C6"
"items","Deco_Lantern","Deco/Deco_Lantern","Server/Item/Items/Deco/Deco_Lantern.json","3303","F3F1CCA5EEFA47696D9D6D0B54232B8B62C85802BED92B5E66755AFF9D2CE035"
"items","Deco_Lantern_Ceiling","Deco/Deco_Lantern_Ceiling","Server/Item/Items/Deco/Deco_Lantern_Ceiling.json","2566","D38446FD01EC2E089BAD0A464869E409DC915EAFE86140486ACF9B9ABE7FA4E0"
"items","Deco_Lever","Deco/Deco_Lever","Server/Item/Items/Deco/Deco_Lever.json","896","7748CE6A1C13850EE89FABFB1686BE15273055120B93CDA55BFFF66E93D6251A"
"items","Deco_Map","Deco/Deco_Map","Server/Item/Items/Deco/Deco_Map.json","1411","A142220B2CEC282A90202C87BF6DC54613A817E91A13BDC1EF4831D8F4229CE5"
"items","Deco_Mug","Deco/Deco_Mug","Server/Item/Items/Deco/Deco_Mug.json","4302","B061CAB889B7FFC1CBD6E4EA9CA5EAE0F5FBC76EF959173CD95BE4A0E3096AFB"
"items","Deco_Nest","Deco/Deco_Nest","Server/Item/Items/Deco/Deco_Nest.json","895","38CB6B2FADB08312306509FA4F8A9C9D1F3732231EE05E8851E53D6ADBC1FAA1"
"items","Deco_Plate","Deco/Deco_Plate","Server/Item/Items/Deco/Deco_Plate.json","1625","9D32B3E3D856748B9903A19811767D85B1AA1CDA2BED35692C7086147D935990"
"items","Deco_Potion","Deco/Deco_Potion","Server/Item/Items/Deco/Deco_Potion.json","1905","540019A360EEB4DBE7C5485454DD7959E4E4162AA69722DAED4E9150485FBEC6"
"items","Deco_Rope","Deco/Deco_Rope","Server/Item/Items/Deco/Deco_Rope.json","2049","E8A9DF145DF45866796CC7E6DB6C2068C36616CF753D7D52D672CF604BC269CE"
"items","Deco_Rope_Diagonal","Deco/Deco_Rope_Diagonal","Server/Item/Items/Deco/Deco_Rope_Diagonal.json","1098","899409486450300BAC16FFD7FF61D651F6BBC63E166BEDE674AB89FF1F7AEBB2"
"items","Deco_Scarak_Cocoon","Deco/Deco_Scarak_Cocoon","Server/Item/Items/Deco/Deco_Scarak_Cocoon.json","1485","1250CE649F766D96299929C480C4367C5C6DF05ADF2CA61B1DD45554536B966B"
"items","Deco_Scarak_Spit","Deco/Deco_Scarak_Spit","Server/Item/Items/Deco/Deco_Scarak_Spit.json","1074","115C24204AE608549FBEC36AA4C04A2FF4D5483B9833BFE4E295671E77C18DB2"
"items","Deco_Scarak_Spit_Full","Deco/Deco_Scarak_Spit_Full","Server/Item/Items/Deco/Deco_Scarak_Spit_Full.json","1097","2D44199EAA5AAB4B8BF1DE9BC61861F7604BC54E2DE7EB13DADB60CE298DFB60"
"items","Deco_Scarecrow","Deco/Deco_Scarecrow","Server/Item/Items/Deco/Deco_Scarecrow.json","1628","5C0035A070BA9EA7DE6024C31AEEAB68C191C5DB4EE9B9798956D564D43DC825"
"items","Deco_Scroll","Deco/Deco_Scroll","Server/Item/Items/Deco/Deco_Scroll.json","1779","24D0438595F311DC97516709C08C3D93328DF11572980BB488D69C8EE3294800"
"items","Deco_Shutter","Deco/Deco_Shutter","Server/Item/Items/Deco/Deco_Shutter.json","1562","C3390ADA012BE866A2C5A5F5AAAF12F121960C01B8664E714BDCF5D0CF56EC90"
"items","Deco_SpiderWeb","Deco/Deco_SpiderWeb","Server/Item/Items/Deco/Deco_SpiderWeb.json","1530","86D5495C61EC1CCFDEA5E43581B2D2B6AD92FD0413653EEE5929D83879A2D90A"
"items","Deco_SpiderWeb_Flat","Deco/Deco_SpiderWeb_Flat","Server/Item/Items/Deco/Deco_SpiderWeb_Flat.json","1557","B871A4B992E4313461F5F3FBC57DE6748167C22188BC9A1E06C3CFD94EC564BA"
"items","Deco_SpiderWeb_Full","Deco/Deco_SpiderWeb_Full","Server/Item/Items/Deco/Deco_SpiderWeb_Full.json","1378","77E84E48D1F59DACF6D118597B48A99FB0F4C7383F13A967A13B8DD4EF84D846"
"items","Deco_Starfish","Deco/Deco_Starfish","Server/Item/Items/Deco/Deco_Starfish.json","1115","BB68BE7015C7C84BE2C464C85E58AF2E63FB716E6645B6272DAA43EA4C0E7493"
"items","Deco_Tankard","Deco/Deco_Tankard","Server/Item/Items/Deco/Deco_Tankard.json","4392","3BEA161A5A4843B2CCF3071E2CE838E90A7EBA5B96F6ACD0A4A8C942A7A5C90F"
"items","Deco_Target","Deco/Deco_Target","Server/Item/Items/Deco/Deco_Target.json","1477","6D70EDAFB69D06A004050420DA4C21AA7D06208B0F014F2BA8BA6DFEB71DF381"
"items","Deco_Trash","Deco/Deco_Trash","Server/Item/Items/Deco/Deco_Trash.json","1434","682D71183A97D2CBD222AB1E33EEDCBC6EAB98E23AD71BE3262CB7D5D9C20A59"
"items","Deco_Trash_Pile_Large","Deco/Deco_Trash_Pile_Large","Server/Item/Items/Deco/Deco_Trash_Pile_Large.json","1328","23AA5774387AFB14654025916CDB6A973379572CF0AC58EB26CB9A3FD7D50D4D"
"items","Deco_Trash_Pile_Small","Deco/Deco_Trash_Pile_Small","Server/Item/Items/Deco/Deco_Trash_Pile_Small.json","1361","3B33D2030AA599002937BACCE76986BE11B0D5A7611937BFC451572A3A639115"
"items","Deco_Treasure","Deco/Deco_Treasure","Server/Item/Items/Deco/Deco_Treasure.json","1398","940347E09113955F74AAACC8BDD87528072B419A75797C5327381B5C120FB339"
"items","Deco_Treasure_Pile_Large","Deco/Deco_Treasure_Pile_Large","Server/Item/Items/Deco/Deco_Treasure_Pile_Large.json","1395","D888F284EEA50D2913696CF45452553A7189113585C5B42455D540A806D08E3B"
"items","Deco_Treasure_Pile_Small","Deco/Deco_Treasure_Pile_Small","Server/Item/Items/Deco/Deco_Treasure_Pile_Small.json","1422","A996E3A497ED93979DAC49FECDB50962FBEB1CE3C981206071F1CB11CC7F4E2A"
"items","Deco_Trophy_Harvest","Deco/Deco_Trophy_Harvest","Server/Item/Items/Deco/Deco_Trophy_Harvest.json","5779","0E18BDB6EA436777E755ABA3D3D39923C2E52360F67E63583A675765620D8EE5"
"items","Deco_Wallchain","Deco/Deco_Wallchain","Server/Item/Items/Deco/Deco_Wallchain.json","1855","624C613ACFDF25D2EE7B698B6608CA6A49D49D6B9C099679BF7925D575E388A7"
"items","Farming_Collar","Deco/Farming_Collar","Server/Item/Items/Deco/Farming_Collar.json","512","CE45A373DC73A7A4C8E8C5AE18942BAFB94476EEA6D84BD065635CD30335D824"
"items","Halloween_Wagon","Deco/Halloween_Wagon","Server/Item/Items/Deco/Halloween_Wagon.json","1848","13D160C0E065EDF8515133C1CC24CE747D7B298439BDE9937403EEE4B3F44701"
"items","Ingredient_Hay","Deco/Ingredient_Hay","Server/Item/Items/Deco/Ingredient_Hay.json","1133","C614B2450A43048FC2375D295FCE7EC69F3DD1C7FA212D410D8C309F4BA35A2D"
"items","Spawn_Butterfly","Deco/Spawn_Butterfly","Server/Item/Items/Deco/Spawn_Butterfly.json","1552","176897E0C791DD4EFA1522ACB103301D534A556958EB36B8AEE484739945E321"
"items","Spawn_Portal","Deco/Spawn_Portal","Server/Item/Items/Deco/Spawn_Portal.json","1516","F3C56CFB672D2F236E9583EFFFA49B89AE51764A1CFDA5D816140F8793F2DDE4"
"items","Spawn_Temple_Circle","Deco/Spawn_Temple_Circle","Server/Item/Items/Deco/Spawn_Temple_Circle.json","1565","334EFB0BEE8B4549FB9E9AD3D4B25500C6C876AFEABCE2D4611E8CECC44CBCFC"
"items","Spawn_Temple_Circle_Flipped","Deco/Spawn_Temple_Circle_Flipped","Server/Item/Items/Deco/Spawn_Temple_Circle_Flipped.json","1732","DB98C8B582A216EBF34633B90A8F66FA5CCC2EF1896B76A2728FD0FD9DDA2B8A"
"items","Spawn_Temple_Circle_Small","Deco/Spawn_Temple_Circle_Small","Server/Item/Items/Deco/Spawn_Temple_Circle_Small.json","1726","53191F8A3B7EE832DD7EABE45DE8968238E0B642DD42B4931FEFCE130A22E7E7"
"items","Spawn_Temple_Helix","Deco/Spawn_Temple_Helix","Server/Item/Items/Deco/Spawn_Temple_Helix.json","1527","6D70767B01834ABA0A945D32BA03764638B1BBB9F94AD035CDB836EA46ADF127"
"items","Spawn_Temple_RoofSparks","Deco/Spawn_Temple_RoofSparks","Server/Item/Items/Deco/Spawn_Temple_RoofSparks.json","1612","518116DFF44688905474926C108612EA123195388E85E49D3D693236C895671D"
"items","Spawn_TempleLeaves","Deco/Spawn_TempleLeaves","Server/Item/Items/Deco/Spawn_TempleLeaves.json","1563","B1BDFA6157DB3BE41236F4A91F36E22F78201D031A9F9B673483EC67F1AA0303"
"items","Spawn_TempleLeaves_Small","Deco/Spawn_TempleLeaves_Small","Server/Item/Items/Deco/Spawn_TempleLeaves_Small.json","1574","E19A3E566C37922165D2D2FB26F56BF68E95EEC96D33DE4189A08F84B4161C3A"
"items","Spawn_Wind","Deco/Spawn_Wind","Server/Item/Items/Deco/Spawn_Wind.json","1532","6294418563800F4AA1BC5F7D2D60FE7E662935A639BE4867E2434C8E2ECCA4AF"
"items","Tinkering_Target_Dummy","Deco/Tinkering_Target_Dummy","Server/Item/Items/Deco/Tinkering_Target_Dummy.json","1522","DEF45152626561AD623CC9D4EB79BEDEF0089AE5B01B53203A5B35F5AC00C911"
"items","Editor_Anchor","Editor/Editor_Anchor","Server/Item/Items/Editor/Editor_Anchor.json","823","4CE8868FFD24BADB1B4F71C6688863AE371491B7C42201F12B955B65E7F1AB70"
"items","Editor_Block","Editor/Editor_Block","Server/Item/Items/Editor/Editor_Block.json","800","0B87C75C4C57B1030DF073E71DB92A86ACBDFACC89FDB6F8C628F95E226FC108"
"items","Editor_Empty","Editor/Editor_Empty","Server/Item/Items/Editor/Editor_Empty.json","768","3217C999743C20D1252ED1A59CC222CE231BF3E56117872579C7024FDC781D42"
"items","EditorTool_Color","EditorTool/EditorTool_Color","Server/Item/Items/EditorTool/EditorTool_Color.json","3304","30D43BE5DB387D939D5A0F2413FD30ED25AD1C4EDED31FA2C2B15DC9987724D6"
"items","EditorTool_Entity","EditorTool/EditorTool_Entity","Server/Item/Items/EditorTool/EditorTool_Entity.json","852","643331DB357145F21B80E8F14CC771DDB28EFB083B21D942098FBDFDAEABE252"
"items","EditorTool_Extrude","EditorTool/EditorTool_Extrude","Server/Item/Items/EditorTool/EditorTool_Extrude.json","2018","E05746A770F1C6D640A45FAFD1EAF2B18A59237A06F31EEF3FFF67784F1A87E9"
"items","EditorTool_Hitbox","EditorTool/EditorTool_Hitbox","Server/Item/Items/EditorTool/EditorTool_Hitbox.json","770","63AA603E63D1D761C470A301008C1F97DEC8F8D62315BE7492A497F17FF04A9A"
"items","EditorTool_LaserPointer","EditorTool/EditorTool_LaserPointer","Server/Item/Items/EditorTool/EditorTool_LaserPointer.json","1007","221827BACF11004D44FBAE37C7D6442EDF244D108ED6064644F96F98DD6ACBB7"
"items","EditorTool_Layers","EditorTool/EditorTool_Layers","Server/Item/Items/EditorTool/EditorTool_Layers.json","3027","546D074D57D500A344D4852F4A1674709005D5751BE67FC7AB4F92A0B95B6B18"
"items","EditorTool_Line","EditorTool/EditorTool_Line","Server/Item/Items/EditorTool/EditorTool_Line.json","2425","09108D6C5F343E0EB390E24E6B6B3273E710F11BA3FB30272507EEF8F3AE26D1"
"items","EditorTool_Machinima","EditorTool/EditorTool_Machinima","Server/Item/Items/EditorTool/EditorTool_Machinima.json","903","01BA8DAFC9239B803EB7DDABAF9054FE292B362C1F68FA69BD6B444BDEC18AFA"
"items","EditorTool_Noise","EditorTool/EditorTool_Noise","Server/Item/Items/EditorTool/EditorTool_Noise.json","1574","2958651369188FE40E87893D6150051E86A109C86F699590AF89F8F48A3D4789"
"items","EditorTool_Paint","EditorTool/EditorTool_Paint","Server/Item/Items/EditorTool/EditorTool_Paint.json","2534","F658AE61F8D87242645E29E4D1D59FED009CAA1F761ED6D5AAE1E23DD784F6D1"
"items","EditorTool_Paste","EditorTool/EditorTool_Paste","Server/Item/Items/EditorTool/EditorTool_Paste.json","1794","8997B972C72AFB489C7D8584CC914A72387D36F6893B72E8F46AD7074F9AB90C"
"items","EditorTool_Point","EditorTool/EditorTool_Point","Server/Item/Items/EditorTool/EditorTool_Point.json","908","9369211D6E46B1DBAA138BE7ED8FF034A3C4E11EA75377D4D00DA369F976A0B8"
"items","EditorTool_PrefabEditing_SelectPrefab","EditorTool/EditorTool_PrefabEditing_SelectPrefab","Server/Item/Items/EditorTool/EditorTool_PrefabEditing_SelectPrefab.json","1125","B00F1AF30C68B20144E1EA601D8C3544132B726B334C5601ACEBBE559D2040EB"
"items","EditorTool_Revolve","EditorTool/EditorTool_Revolve","Server/Item/Items/EditorTool/EditorTool_Revolve.json","2007","5C8C9C3278DA6BF2D335B7E3F510A2864674747732F82EB45B6CDAD261C866AA"
"items","EditorTool_Ruler","EditorTool/EditorTool_Ruler","Server/Item/Items/EditorTool/EditorTool_Ruler.json","874","A6AB92DB25C2440BFE4110431C696FD27DEAE0050246984A9520409F8A7F461B"
"items","EditorTool_Scatter","EditorTool/EditorTool_Scatter","Server/Item/Items/EditorTool/EditorTool_Scatter.json","1582","5F84C27AA64B5A4066FBD3A6C4D5C05D1F41FFD8B705E41622324D4A21862B7A"
"items","EditorTool_Sculpt","EditorTool/EditorTool_Sculpt","Server/Item/Items/EditorTool/EditorTool_Sculpt.json","2775","88A82F44399426D69AC8664659FA769D3FC233FD5A1C5B124BCE3B129BBD45BE"
"items","EditorTool_Selection","EditorTool/EditorTool_Selection","Server/Item/Items/EditorTool/EditorTool_Selection.json","1269","A2217D7FC3DF6E580B5E7D16C6F0D69FE91826D37516563E11DEFFA9B94A2D61"
"items","EditorTool_Tint","EditorTool/EditorTool_Tint","Server/Item/Items/EditorTool/EditorTool_Tint.json","1674","F9790925B77660418FF3E2989956862C41A8364997BD3EC8FF265395A548F268"
"items","EditorTool_TriggerVolume","EditorTool/EditorTool_TriggerVolume","Server/Item/Items/EditorTool/EditorTool_TriggerVolume.json","932","9D52ADCB11B138B894DE315BDFE58E3CC048F204E580D41CEED40300AB7D8CC6"
"items","EditorTool_Boulder","EditorTool/ScriptedBrushes/EditorTool_Boulder","Server/Item/Items/EditorTool/ScriptedBrushes/EditorTool_Boulder.json","3812","5CCF458161E5708FD7ED16F6ABB8E220704BFFA64BA29DD2FCE8603AD676BB44"
"items","EditorTool_Building","EditorTool/ScriptedBrushes/EditorTool_Building","Server/Item/Items/EditorTool/ScriptedBrushes/EditorTool_Building.json","3902","85306113C238BE41B3550F502C1C34550A33B7884B127CECEB44E4247300E709"
"items","EditorTool_Cave","EditorTool/ScriptedBrushes/EditorTool_Cave","Server/Item/Items/EditorTool/ScriptedBrushes/EditorTool_Cave.json","3930","6E1C2218822BF4B5006FEBA0EFE403473931D09805B07CEADF2BBC0E5BCDC97A"
"items","EditorTool_Cracks","EditorTool/ScriptedBrushes/EditorTool_Cracks","Server/Item/Items/EditorTool/ScriptedBrushes/EditorTool_Cracks.json","2042","5DA2B3378ACAC70DA6434759D33C0218892398FA5F9010704F514D7DB12F69AE"
"items","EditorTool_Decoration","EditorTool/ScriptedBrushes/EditorTool_Decoration","Server/Item/Items/EditorTool/ScriptedBrushes/EditorTool_Decoration.json","2624","30EF0FCE3849158E3210F6A1C15748DE057C4FBC1FCB899207518370F1044499"
"items","EditorTool_Forest","EditorTool/ScriptedBrushes/EditorTool_Forest","Server/Item/Items/EditorTool/ScriptedBrushes/EditorTool_Forest.json","5576","9A885F4CAAACD0E6A7ADCA9EDBAFB7AA9A1BFAFB823DD6F0C5D1F9EA403D9C3F"
"items","EditorTool_GrassBrush","EditorTool/ScriptedBrushes/EditorTool_GrassBrush","Server/Item/Items/EditorTool/ScriptedBrushes/EditorTool_GrassBrush.json","1903","C14F18EA6535AEB4B29990C14A14A70BFE91A3E7BE0F7B766B4F948D25DC9DCA"
"items","EditorTool_Hotsprings","EditorTool/ScriptedBrushes/EditorTool_Hotsprings","Server/Item/Items/EditorTool/ScriptedBrushes/EditorTool_Hotsprings.json","1255","7C59F1B76FBE72F36F44CECDCB54E0CFD343FD584D31445C4D7B072CB6F6C84A"
"items","EditorTool_Mountain","EditorTool/ScriptedBrushes/EditorTool_Mountain","Server/Item/Items/EditorTool/ScriptedBrushes/EditorTool_Mountain.json","2640","6EB8C0497D10DD4E5E9A6DFC49AC9188D82EC039B096C378186F12087C654CB4"
"items","EditorTool_Path","EditorTool/ScriptedBrushes/EditorTool_Path","Server/Item/Items/EditorTool/ScriptedBrushes/EditorTool_Path.json","3367","33AA380CC3CE9B756B4988B77B8730CA7405AD42DBCF997B46F9E93AAC69AEDD"
"items","EditorTool_River","EditorTool/ScriptedBrushes/EditorTool_River","Server/Item/Items/EditorTool/ScriptedBrushes/EditorTool_River.json","3686","9CB1A5BFD6562EEFAFA0978E7AD487DAFAFFDEEA195172D06B596F6FB428BD65"
"items","EditorTool_RuinRoofs","EditorTool/ScriptedBrushes/EditorTool_RuinRoofs","Server/Item/Items/EditorTool/ScriptedBrushes/EditorTool_RuinRoofs.json","1531","6A23597375E85BED8DF6A9B0FD1A8745636BBB6B052FCB8585158C4D5C5575CD"
"items","EditorTool_Ruins","EditorTool/ScriptedBrushes/EditorTool_Ruins","Server/Item/Items/EditorTool/ScriptedBrushes/EditorTool_Ruins.json","1518","DBE117597C463B90A3FE56153BFFA5DEE01FBDA80CC963D3C241F44A0E697BFF"
"items","EditorTool_ScriptedBrushTemplate","EditorTool/ScriptedBrushes/EditorTool_ScriptedBrushTemplate","Server/Item/Items/EditorTool/ScriptedBrushes/EditorTool_ScriptedBrushTemplate.json","2550","C068E227845A659778D31ED9DA2A1C5338DB918463CC76823E0218CF891F4300"
"items","EditorTool_Spiral","EditorTool/ScriptedBrushes/EditorTool_Spiral","Server/Item/Items/EditorTool/ScriptedBrushes/EditorTool_Spiral.json","3054","FA6FBCE3CB4D67B217BDA9A74EA4068FBC1C3037EF9AB5B4C408B3EF9026AF44"
"items","EditorTool_Tentacle","EditorTool/ScriptedBrushes/EditorTool_Tentacle","Server/Item/Items/EditorTool/ScriptedBrushes/EditorTool_Tentacle.json","2204","C97C6180C3FD1320CD08AFCDD077A362047D587C64B83230C4E0EAD4695EB435"
"items","EditorTool_ExampleToolArg","EditorTool/ScriptedBrushes/Examples/EditorTool_ExampleToolArg","Server/Item/Items/EditorTool/ScriptedBrushes/Examples/EditorTool_ExampleToolArg.json","2126","DD902028707FAC61030E46434C9D9514BC7E9D0AAB1AF3895CEEE96F93165D10"
"items","Egg_Spawner_Kweebec_Razorleaf","EggSpawner/Egg_Spawner_Kweebec_Razorleaf","Server/Item/Items/EggSpawner/Egg_Spawner_Kweebec_Razorleaf.json","802","2F308B36A4FA2FD673F412B78CDF82C28BA49029B18D74F4943CCC6DFEBE26CA"
"items","Egg_Spawner_Lantern","EggSpawner/Egg_Spawner_Lantern","Server/Item/Items/EggSpawner/Egg_Spawner_Lantern.json","694","BD20919A48ED55E73C559CE7919BF25E29E367321FCBA9FF923007ADF55D461B"
"items","Egg_Spawner_Sheep","EggSpawner/Egg_Spawner_Sheep","Server/Item/Items/EggSpawner/Egg_Spawner_Sheep.json","770","B9D060D39A07D6871D126C024E18DE6B0891586970FB9B4E72E16F7EF7FED7E8"
"items","Egg_Spawner_Trork","EggSpawner/Egg_Spawner_Trork","Server/Item/Items/EggSpawner/Egg_Spawner_Trork.json","788","EE476607EC5CD8A1677FC8812CBAACA65397E2BF4145AFDF907A728F345B7ACB"
"items","Launchpad","Electrum/Portal/Launchpad","Server/Item/Items/Electrum/Portal/Launchpad.json","1450","106A758F00F01A3937CB3E4102C0C62B49EE82393E7716C4D6F2F73C29B31278"
"items","Teleporter","Electrum/Portal/Teleporter","Server/Item/Items/Electrum/Portal/Teleporter.json","3682","C04E1A9B1D5A3F3D772DBF05B9816BE7DB85DC284B90570E3EFBC1EA44611AE0"
"items","Fish_Bluegill_Item","Fish/Fish_Bluegill_Item","Server/Item/Items/Fish/Fish_Bluegill_Item.json","2255","ADBEE639D1981F04FAF9A8C92874E0D73F862598FF8805096C55447063E61A81"
"items","Fish_Catfish_Item","Fish/Fish_Catfish_Item","Server/Item/Items/Fish/Fish_Catfish_Item.json","2248","EA3E467441C4DB1B54A486663C03B10BC966A887A4A6D891EB1D61091C4F7681"
"items","Fish_Clownfish_Item","Fish/Fish_Clownfish_Item","Server/Item/Items/Fish/Fish_Clownfish_Item.json","1754","6A63E4DABFD538D33D108940B0D89F8A6D618B13A1EB6C15D505F1A6D61B15B4"
"items","Fish_Crab_Item","Fish/Fish_Crab_Item","Server/Item/Items/Fish/Fish_Crab_Item.json","1167","F900E83D3C85A07F2929D3E89DF9286FB4CB05B9C1C5A22A402F5A3B254EF367"
"items","Fish_Eel_Moray_Item","Fish/Fish_Eel_Moray_Item","Server/Item/Items/Fish/Fish_Eel_Moray_Item.json","1178","C30B2F5175D6EC547BCBF230D621E68A6816495D578AAE22664B7BD1F215AD3E"
"items","Fish_Frostgill_Item","Fish/Fish_Frostgill_Item","Server/Item/Items/Fish/Fish_Frostgill_Item.json","1147","D8A5D6B7ECD92AED22F562FC31E18EA8D406D6325F39F87525B2973E6AE5DA15"
"items","Fish_Jellyfish_Blue_Item","Fish/Fish_Jellyfish_Blue_Item","Server/Item/Items/Fish/Fish_Jellyfish_Blue_Item.json","1473","1195339668882FBAA4CE5C5A4A9CF5624596EC83ADEBC9D6E45855B2D7960C6D"
"items","Fish_Jellyfish_Cyan_Item","Fish/Fish_Jellyfish_Cyan_Item","Server/Item/Items/Fish/Fish_Jellyfish_Cyan_Item.json","1473","36BD1FBBE05E49B98366D86B77DB0FBED04C7EB0E99D97AA5352785A1CA7B1A5"
"items","Fish_Jellyfish_Green_Item","Fish/Fish_Jellyfish_Green_Item","Server/Item/Items/Fish/Fish_Jellyfish_Green_Item.json","1477","1A88E4F1E45A9F42C81420E7E0AB51A206EA9264692218248E7F3E11D3852878"
"items","Fish_Jellyfish_Man_Of_War_Item","Fish/Fish_Jellyfish_Man_Of_War_Item","Server/Item/Items/Fish/Fish_Jellyfish_Man_Of_War_Item.json","1236","3F3829DBEF1600FDADE6EAF8D20B696A777C99E8E80E9632E1BE235A64DDC9F8"
"items","Fish_Jellyfish_Red_Item","Fish/Fish_Jellyfish_Red_Item","Server/Item/Items/Fish/Fish_Jellyfish_Red_Item.json","1469","20C035C4453F15099242E5233A8D440ED0E2DD8E54083932726507C685DEF51E"
"items","Fish_Jellyfish_Yellow_Item","Fish/Fish_Jellyfish_Yellow_Item","Server/Item/Items/Fish/Fish_Jellyfish_Yellow_Item.json","1481","13145CE2A82DF3C8476DA791017F5463BB4F9302B7BDFB21743E4C6EDB925F14"
"items","Fish_Lobster_Item","Fish/Fish_Lobster_Item","Server/Item/Items/Fish/Fish_Lobster_Item.json","1181","080BD759A3DDA7FACB8900DA92612410A12C47554A2606D2D33140B847197354"
"items","Fish_Minnow_Item","Fish/Fish_Minnow_Item","Server/Item/Items/Fish/Fish_Minnow_Item.json","2240","F61216D688640C338042B07EA063108999DE0112D3D43923F5F7CD43EEA6EE2D"
"items","Fish_Pike_Item","Fish/Fish_Pike_Item","Server/Item/Items/Fish/Fish_Pike_Item.json","1123","964FB898CFC2033B126832951D823489D4CDFDF007073415BA61F069A192014E"
"items","Fish_Piranha_Black_Item","Fish/Fish_Piranha_Black_Item","Server/Item/Items/Fish/Fish_Piranha_Black_Item.json","1169","55A04528FD21639AC3E984F3EAED678EFA53650E6A2C1076C48588846D226A71"
"items","Fish_Piranha_Item","Fish/Fish_Piranha_Item","Server/Item/Items/Fish/Fish_Piranha_Item.json","1139","349B925BEF7453E1517AD6797816F7324D1974A71F59856510625B8F34F8A0D9"
"items","Fish_Pufferfish_Item","Fish/Fish_Pufferfish_Item","Server/Item/Items/Fish/Fish_Pufferfish_Item.json","1756","C513C5B15DDBF646FC34D60615058C584FC024054F12AB360B94E547FBFA4735"
"items","Fish_Salmon_Item","Fish/Fish_Salmon_Item","Server/Item/Items/Fish/Fish_Salmon_Item.json","1721","8ED66CDEA6626E55E223973511EDCF7D9AF3009942DDFF02B7BE58F53246C06E"
"items","Fish_Shark_Hammerhead_Item","Fish/Fish_Shark_Hammerhead_Item","Server/Item/Items/Fish/Fish_Shark_Hammerhead_Item.json","1237","2335DBDF9DE0E53564F022DD992067B28EA5AE7BF383ED6A6B44E7AB54A24A33"
"items","Fish_Shellfish_Lava_Item","Fish/Fish_Shellfish_Lava_Item","Server/Item/Items/Fish/Fish_Shellfish_Lava_Item.json","1172","0608953428A665E2AB382AE8380F389849A70BABA0F22A2B9FBF20C52532B83A"
"items","Fish_Snapjaw_Item","Fish/Fish_Snapjaw_Item","Server/Item/Items/Fish/Fish_Snapjaw_Item.json","1182","FD9B4EBE0F9E6243A22314365C41D0169CF0688A538241F195D5D018DBA6CD04"
"items","Fish_Tang_Blue_Item","Fish/Fish_Tang_Blue_Item","Server/Item/Items/Fish/Fish_Tang_Blue_Item.json","2041","905F6C34A6380835FCA9120AED7E07F1A1F8BA481635391FDAD53A84E8ECC522"
"items","Fish_Tang_Chevron_Item","Fish/Fish_Tang_Chevron_Item","Server/Item/Items/Fish/Fish_Tang_Chevron_Item.json","2074","51357C585FDA21BB2A22BF052C3D9E3747DDDE0324BEDEC3A88DA26502ED7788"
"items","Fish_Tang_Lemon_Peel_Item","Fish/Fish_Tang_Lemon_Peel_Item","Server/Item/Items/Fish/Fish_Tang_Lemon_Peel_Item.json","2065","188712A24F000538EE10968E31D52FAF750A57B6A6AB7A94B143CD47FB72A9FA"
"items","Fish_Tang_Sailfin_Item","Fish/Fish_Tang_Sailfin_Item","Server/Item/Items/Fish/Fish_Tang_Sailfin_Item.json","2053","3FF658C289FED5D1DCB29F399F9B4C22F081927EE4A341B0A3141211A662E388"
"items","Fish_Trilobite_Black_Item","Fish/Fish_Trilobite_Black_Item","Server/Item/Items/Fish/Fish_Trilobite_Black_Item.json","1183","F2972DA21CD0BD9445C95B9825FECF2B195E6D1F790C5F7E65F2020F21233083"
"items","Fish_Trilobite_Item","Fish/Fish_Trilobite_Item","Server/Item/Items/Fish/Fish_Trilobite_Item.json","1165","CD95124C6E06145F92A6E9890A2DC206C367BC8F75448D8F83786E83CD287EBE"
"items","Fish_Trout_Rainbow_Item","Fish/Fish_Trout_Rainbow_Item","Server/Item/Items/Fish/Fish_Trout_Rainbow_Item.json","1742","FBBDDCD131A29B52A54AE684048170562F8A33D1A7B6AF216387817E4F145AAD"
"items","Fish_Whale_Humpback_Item","Fish/Fish_Whale_Humpback_Item","Server/Item/Items/Fish/Fish_Whale_Humpback_Item.json","1236","5A62D77604C4FFCAF118D0E197C56706C432848DA0E6D4A60E2C29577B4EC362"
"items","Template_Fish_Item","Fish/Template_Fish_Item","Server/Item/Items/Fish/Template_Fish_Item.json","1151","C9F51D3A546A0C82008BB217A64B9AAA2C5495912C40416BC551E88F14574DFF"
"items","Fluid_Slime_Red","Fluid_Slime_Red","Server/Item/Items/Fluid_Slime_Red.json","1449","D4E989D80062DB88F1E59C1A7C9ED0DDC56C9F98EB139EDE27CA22C5F8389FA4"
"items","Fluid_Fire","Fluid/Fluid_Fire","Server/Item/Items/Fluid/Fluid_Fire.json","1323","386B405BE95EF8C2D489378246E2FCE1EE72BCCD7EFD46471BB645B1840CCF75"
"items","Fluid_Lava","Fluid/Fluid_Lava","Server/Item/Items/Fluid/Fluid_Lava.json","1687","E5CC34ABA9DA07FC14ECD37F1D4404654A3D7B47796999D7CBE11F1C5A381D7A"
"items","Fluid_Poison","Fluid/Fluid_Poison","Server/Item/Items/Fluid/Fluid_Poison.json","1088","5CE5472D09E463430B96A976F47CF051DA411613E58A650A19A41EBE1390896F"
"items","Fluid_Slime","Fluid/Fluid_Slime","Server/Item/Items/Fluid/Fluid_Slime.json","1446","499DFBB5A0AC9F8653C81822E473BB818D907E0FA8125BC77F0CB95001D0DEAC"
"items","Fluid_Tar","Fluid/Fluid_Tar","Server/Item/Items/Fluid/Fluid_Tar.json","1921","8CAA47B21FD98143FA425C631FB8702D6DF6A52B780877E8681C7A85DFFB35D3"
"items","Fluid_Water","Fluid/Fluid_Water","Server/Item/Items/Fluid/Fluid_Water.json","851","0F9387CF6279314D2696B7376C5A522880C32934CCC24A3EEFD5B11840BE9519"
"items","Fluid_Water_Test","Fluid/Fluid_Water_Test","Server/Item/Items/Fluid/Fluid_Water_Test.json","882","C5B741AB8FFF5B0C0C6980B9D5CA30462593493D6DDBD4FDF5CCA191CC409399"
"items","Food_Beef_Raw","Food/Food_Beef_Raw","Server/Item/Items/Food/Food_Beef_Raw.json","1281","0B0594612E2F59EC3CD4132E8EAFCFBE6975F959BFCD9DBA49A730CE5A96D27E"
"items","Food_Bread","Food/Food_Bread","Server/Item/Items/Food/Food_Bread.json","1988","3EF2D66C7C1BC0FF73DDF388F94C6908C49B54927136A0DFCAF6298A837CAE31"
"items","Food_Candy_Cane","Food/Food_Candy_Cane","Server/Item/Items/Food/Food_Candy_Cane.json","1853","3870EE8450104705B9061599E683CC7E3E83A2BC70815702DBC910FD2D5E71EC"
"items","Food_Cheese","Food/Food_Cheese","Server/Item/Items/Food/Food_Cheese.json","1783","660D1ED73582E8376B7C2940B7E5AA2A7625181B2F834CD1E3BA271B23DAB025"
"items","Food_Chicken_Raw","Food/Food_Chicken_Raw","Server/Item/Items/Food/Food_Chicken_Raw.json","1282","E7BB4D35D6F6D726D506C3A2852C9F1BB2D6C42B6D9FCCA049D6A799D726BC54"
"items","Food_Egg","Food/Food_Egg","Server/Item/Items/Food/Food_Egg.json","1465","9C77891D287E73C64F17A24877B0F6E6271C41D66DA731395BEDAF3975DB84C8"
"items","Food_Fish_Grilled","Food/Food_Fish_Grilled","Server/Item/Items/Food/Food_Fish_Grilled.json","1636","BF0CAA07A4B23D02BA41770B6B67ECC7AB7C2ED940AC56D75C83F702B05E20B5"
"items","Food_Fish_Raw","Food/Food_Fish_Raw","Server/Item/Items/Food/Food_Fish_Raw.json","1535","BB4D3EC7E99153E94754691BD970DE056B8361DA01BF1D6C051EB1D1A66B11E5"
"items","Food_Fish_Raw_Epic","Food/Food_Fish_Raw_Epic","Server/Item/Items/Food/Food_Fish_Raw_Epic.json","471","308783BB8589FA20869445AAE2A94860C9799E7847946FF1EFA107F60F5AB032"
"items","Food_Fish_Raw_Legendary","Food/Food_Fish_Raw_Legendary","Server/Item/Items/Food/Food_Fish_Raw_Legendary.json","478","41D953857D78A4F105CE1AF73F08D27DCA3493F65AB95784BEB9CF8C707E7FEA"
"items","Food_Fish_Raw_Rare","Food/Food_Fish_Raw_Rare","Server/Item/Items/Food/Food_Fish_Raw_Rare.json","471","F756F4C8A06651383CC27139D2778E2EB72B0D38F464CC834296C101DBBB9398"
"items","Food_Fish_Raw_Uncommon","Food/Food_Fish_Raw_Uncommon","Server/Item/Items/Food/Food_Fish_Raw_Uncommon.json","462","7BB6EA42281131E9CED1489398536FA4ED7104D81BC066522DECA11FD17DEB17"
"items","Food_Kebab_Fruit","Food/Food_Kebab_Fruit","Server/Item/Items/Food/Food_Kebab_Fruit.json","2204","979E1DC42E306B611E311C884318B3919B1FB07CBDE506E3B7D4D0EB76C42318"
"items","Food_Kebab_Meat","Food/Food_Kebab_Meat","Server/Item/Items/Food/Food_Kebab_Meat.json","2190","B08EDACEF5A5880E9C5A911BF4DCCA1A6B2B05806997BC73FCC699A3865B187B"
"items","Food_Kebab_Mushroom","Food/Food_Kebab_Mushroom","Server/Item/Items/Food/Food_Kebab_Mushroom.json","2225","AD2F994FE3ED90C187DBC250AB2DEA8B5C2D95659BEAE867487D109041854A03"
"items","Food_Kebab_Vegetable","Food/Food_Kebab_Vegetable","Server/Item/Items/Food/Food_Kebab_Vegetable.json","2234","3BB58A975A05964B581C9B4CA962616028354AFCD6B7596A0151FAA2136F3838"
"items","Food_Pie_Apple","Food/Food_Pie_Apple","Server/Item/Items/Food/Food_Pie_Apple.json","1942","AFB5FFB5144D2A64B8FA325CAF71F2039BE7903167B4FD4EEF33A6C4749DF597"
"items","Food_Pie_Meat","Food/Food_Pie_Meat","Server/Item/Items/Food/Food_Pie_Meat.json","2003","C0F46A5775FD54CB3E8BD08EF7D98D460A3FD0EF362777E3F372650F9D3DE518"
"items","Food_Pie_Pumpkin","Food/Food_Pie_Pumpkin","Server/Item/Items/Food/Food_Pie_Pumpkin.json","1956","8A23D3222D492DE072281A3ACAD337DBA934367C72401B9777274745513A3210"
"items","Food_Popcorn","Food/Food_Popcorn","Server/Item/Items/Food/Food_Popcorn.json","1857","3EABD0AFDC2DD156B7E26BD663FA5D2AADA641DAC3ED043F0BDD4E667568F86A"
"items","Food_Pork_Raw","Food/Food_Pork_Raw","Server/Item/Items/Food/Food_Pork_Raw.json","1267","4CD959A3437E1E7283921D748EA2B524E8AD216DAD158514ED2D36F7F0C47434"
"items","Food_Salad_Berry","Food/Food_Salad_Berry","Server/Item/Items/Food/Food_Salad_Berry.json","1851","9B4899001663F6EBDCE9054ADF6E25EB466F7F625C9803391F48F862E26EC574"
"items","Food_Salad_Caesar","Food/Food_Salad_Caesar","Server/Item/Items/Food/Food_Salad_Caesar.json","2096","C5F2E9681B97D1A6C97B21D4C1A77A0CA319D2A0F0F72E69646DD644F6AE08F6"
"items","Food_Salad_Mushroom","Food/Food_Salad_Mushroom","Server/Item/Items/Food/Food_Salad_Mushroom.json","1859","452F5C9267395A90FBB81B8FED668C7777347AAECAB7DE010E0F0565AE726176"
"items","Food_Vegetable_Cooked","Food/Food_Vegetable_Cooked","Server/Item/Items/Food/Food_Vegetable_Cooked.json","2017","26788B8BBE46CB6FDD8D5C6A36065CBC6E8C4628A1259D9920DD65A5A01A9111"
"items","Food_Wildmeat_Cooked","Food/Food_Wildmeat_Cooked","Server/Item/Items/Food/Food_Wildmeat_Cooked.json","2033","87DD479D05083B82E8A729D960D3D26B2B5A601DB23E3F20C94A522B0F4CC1BD"
"items","Food_Wildmeat_Raw","Food/Food_Wildmeat_Raw","Server/Item/Items/Food/Food_Wildmeat_Raw.json","1700","D7F12A4F62E78DFDB8B443D7DE7D896671370448E2C17CFDAF1863C5FC949BD4"
"items","Halloween_Basket_Pumpkin","Food/Halloween_Basket_Pumpkin","Server/Item/Items/Food/Halloween_Basket_Pumpkin.json","788","1619A995D25061C59BC89228C9C38106F76845D016715CC572B1186AD77848A1"
"items","Halloween_Basket_Straw","Food/Halloween_Basket_Straw","Server/Item/Items/Food/Halloween_Basket_Straw.json","782","906B4F5608B44B26C918CC14D01B1C2C4BB239475473196774F1EDF323708B60"
"items","Template_Food","Food/Template_Food","Server/Item/Items/Food/Template_Food.json","2038","CABCF668D5E0B33E8330B25C120B46D33709E16E96A5BAF8E9C96C022E840275"
"items","Furniture_Ancient_Bed","Furniture/Ancient/Furniture_Ancient_Bed","Server/Item/Items/Furniture/Ancient/Furniture_Ancient_Bed.json","2402","08EC1F91BF4F6421D9B3B4A65BB8FE67340B0FB52EB2D7DD218F3DC3FBFC8490"
"items","Furniture_Ancient_Candle","Furniture/Ancient/Furniture_Ancient_Candle","Server/Item/Items/Furniture/Ancient/Furniture_Ancient_Candle.json","2984","035D2F79AF557328D5464485D7478BCD564F6201ACF3DF28E8913E095538080D"
"items","Furniture_Ancient_Chair","Furniture/Ancient/Furniture_Ancient_Chair","Server/Item/Items/Furniture/Ancient/Furniture_Ancient_Chair.json","1909","658FF08143998BBD419BA43AFCDD296CC91E89B5CF54BB163E490D6E4D25754C"
"items","Furniture_Ancient_Chest_Small","Furniture/Ancient/Furniture_Ancient_Chest_Small","Server/Item/Items/Furniture/Ancient/Furniture_Ancient_Chest_Small.json","2891","D7967A93CB70AC36AA92620C23291203D598D7158D286CB25E4ED9256DD99869"
"items","Furniture_Ancient_Door","Furniture/Ancient/Furniture_Ancient_Door","Server/Item/Items/Furniture/Ancient/Furniture_Ancient_Door.json","3292","57ED40DEE8786734A248CB3DB79729F527BB24A0F7E499EF3237E5BCA008892B"
"items","Furniture_Ancient_Ladder","Furniture/Ancient/Furniture_Ancient_Ladder","Server/Item/Items/Furniture/Ancient/Furniture_Ancient_Ladder.json","1806","F6F17D67F784D57ED93C7D53BE9D056D7EF241F099F4966CD1E933506CC6B123"
"items","Furniture_Ancient_Painting","Furniture/Ancient/Furniture_Ancient_Painting","Server/Item/Items/Furniture/Ancient/Furniture_Ancient_Painting.json","1415","51F595EF9D9A1D90E1E260D739BF09BDC8171A8DAE52ED88F5DA1DD83FAE0395"
"items","Furniture_Ancient_Shelf","Furniture/Ancient/Furniture_Ancient_Shelf","Server/Item/Items/Furniture/Ancient/Furniture_Ancient_Shelf.json","2000","CC5550CD5E73A9DE103CE2EB4836808C3EA4C2F2CD7A86EFF2BC44316EE08B0B"
"items","Furniture_Ancient_Sign","Furniture/Ancient/Furniture_Ancient_Sign","Server/Item/Items/Furniture/Ancient/Furniture_Ancient_Sign.json","1807","ADD1640AA185BC9EF3B9DCAB640D245E8D0D940D8C7267333189E9534B3E5F0B"
"items","Furniture_Ancient_Table","Furniture/Ancient/Furniture_Ancient_Table","Server/Item/Items/Furniture/Ancient/Furniture_Ancient_Table.json","1778","9301B0F1F8101F548D3922853C8622157964C8D1DC6A7CB54BEF0D1EA8783252"
"items","Furniture_Ancient_Trapdoor","Furniture/Ancient/Furniture_Ancient_Trapdoor","Server/Item/Items/Furniture/Ancient/Furniture_Ancient_Trapdoor.json","2471","16337FCDE1F76B082835EFD9E140F67416913B7A53678A218AA9F363F4BE80F3"
"items","Furniture_Ancient_Wardrobe","Furniture/Ancient/Furniture_Ancient_Wardrobe","Server/Item/Items/Furniture/Ancient/Furniture_Ancient_Wardrobe.json","1688","302CC92AA1684CA91B8B45B9CA7E882F1CD7D903213FC9E2E535C5D357EFF227"
"items","Furniture_Ancient_Window","Furniture/Ancient/Furniture_Ancient_Window","Server/Item/Items/Furniture/Ancient/Furniture_Ancient_Window.json","1880","BBD128FF590C91DBC5B5B5E4A1C238B6C859104C2F655B3AE0B0E5590CD27D27"
"items","Furniture_Ancient_Barrel","Furniture/Ancient/Unique/Furniture_Ancient_Barrel","Server/Item/Items/Furniture/Ancient/Unique/Furniture_Ancient_Barrel.json","1378","5F528BF1FF3B4130C5BBC1997262AB797B5FFA15A4756A055683D5048F5739C6"
"items","Furniture_Ancient_Bench","Furniture/Ancient/Unique/Furniture_Ancient_Bench","Server/Item/Items/Furniture/Ancient/Unique/Furniture_Ancient_Bench.json","2086","27C0C33A3C2CC7D5E6329FDF2B7BE3EB8EBFD1C836529DFB3C08DC5220DB1118"
"items","Furniture_Ancient_Bookshelf","Furniture/Ancient/Unique/Furniture_Ancient_Bookshelf","Server/Item/Items/Furniture/Ancient/Unique/Furniture_Ancient_Bookshelf.json","2490","B667711F35CA89ACA67DC165D230472F8395DFA52F8806E60CB5651A1C1C9690"
"items","Furniture_Ancient_Chest_Large","Furniture/Ancient/Unique/Furniture_Ancient_Chest_Large","Server/Item/Items/Furniture/Ancient/Unique/Furniture_Ancient_Chest_Large.json","2464","C35235DA3DA02DCA90B58990DEBF4C788DF505032E13FB849572C428D768D524"
"items","Furniture_Ancient_Chest_Large_Treasure","Furniture/Ancient/Unique/Furniture_Ancient_Chest_Large_Treasure","Server/Item/Items/Furniture/Ancient/Unique/Furniture_Ancient_Chest_Large_Treasure.json","441","E8A87C8B632D93EDE9DCCA58A433B8E883A0A7FB21A0AAF1A2BBA1F752295589"
"items","Furniture_Ancient_Coffin","Furniture/Ancient/Unique/Furniture_Ancient_Coffin","Server/Item/Items/Furniture/Ancient/Unique/Furniture_Ancient_Coffin.json","2009","B314247FEC3005F686E0A852FD4ED902C0AE006132CDF9C2E32F8BE9DE6D1A6D"
"items","Furniture_Ancient_Crate","Furniture/Ancient/Unique/Furniture_Ancient_Crate","Server/Item/Items/Furniture/Ancient/Unique/Furniture_Ancient_Crate.json","1287","41A86DD854DCBC4FB4B5898D1894F45F3B29154C1DD5F13D04F570062048320E"
"items","Furniture_Ancient_Platform","Furniture/Ancient/Unique/Furniture_Ancient_Platform","Server/Item/Items/Furniture/Ancient/Unique/Furniture_Ancient_Platform.json","2071","56FEF463B9A3D14697C8654B9BD4ED701A7781D5ED134483EACFB760F0D16D57"
"items","Furniture_Ancient_Pot","Furniture/Ancient/Unique/Furniture_Ancient_Pot","Server/Item/Items/Furniture/Ancient/Unique/Furniture_Ancient_Pot.json","1434","1B8F871E6034491B5ED84758728E105268A10E7F161FFFCF9A7388B043615A1B"
"items","Furniture_Ancient_Sack","Furniture/Ancient/Unique/Furniture_Ancient_Sack","Server/Item/Items/Furniture/Ancient/Unique/Furniture_Ancient_Sack.json","1363","62E190AA99DD65641814643F3F7A255B4E6FAC9EB8ACCE4F89BA38CA8A00E281"
"items","Furniture_Ancient_Statue","Furniture/Ancient/Unique/Furniture_Ancient_Statue","Server/Item/Items/Furniture/Ancient/Unique/Furniture_Ancient_Statue.json","1330","B25267CAED24C34D9BF12101242C23A88F409DA2B568CEC83F78A4D05C2E660C"
"items","Furniture_Ancient_Torch","Furniture/Ancient/Unique/Furniture_Ancient_Torch","Server/Item/Items/Furniture/Ancient/Unique/Furniture_Ancient_Torch.json","3631","3DDD69CDA0E6BC56B6D810A44A9A6BB7ACBA2CD598CABE7947EF5F37AAE36D73"
"items","Furniture_Castle_Bench","Furniture/Castle/Furniture_Castle_Bench","Server/Item/Items/Furniture/Castle/Furniture_Castle_Bench.json","2049","9C7A3A9915E9FA185D762AB38B5A2B052BD31DC2F68684DD46D7904855607C69"
"items","Furniture_Christmas_Chest_Small","Furniture/Christmas/Furniture_Christmas_Chest_Small","Server/Item/Items/Furniture/Christmas/Furniture_Christmas_Chest_Small.json","2501","92E573ACFC9C995382B593A1BE1300D32DB54FF3382AEC1F943BCC822A7D96C1"
"items","Furniture_Christmas_Chest_Small_Green","Furniture/Christmas/Furniture_Christmas_Chest_Small_Green","Server/Item/Items/Furniture/Christmas/Furniture_Christmas_Chest_Small_Green.json","2511","4D45EAD56DB2C0A6E18A11684DB055413158261FE639C6B86B61774ADE5310BA"
"items","Furniture_Christmas_Chest_Small_Red","Furniture/Christmas/Furniture_Christmas_Chest_Small_Red","Server/Item/Items/Furniture/Christmas/Furniture_Christmas_Chest_Small_Red.json","2506","54D9C4CB1329D56F6C9BE5F8B2E95F616AEC667F81F36F07CF1EFB13B6F01B87"
"items","Furniture_Christmas_Chest_Small_RedDotted","Furniture/Christmas/Furniture_Christmas_Chest_Small_RedDotted","Server/Item/Items/Furniture/Christmas/Furniture_Christmas_Chest_Small_RedDotted.json","2601","2B4EE6341ED5E4AC18CF6EBE26B470E895A4BE5A37C9CDF5304369ABB1F354C8"
"items","Furniture_Christmas_Chest_Small_White","Furniture/Christmas/Furniture_Christmas_Chest_Small_White","Server/Item/Items/Furniture/Christmas/Furniture_Christmas_Chest_Small_White.json","2511","7BD85243D52845D7FE4510816E125F3D3A12B19C843A6910C336A6FB4D8FCF09"
"items","Furniture_Crude_Bed","Furniture/Crude/Furniture_Crude_Bed","Server/Item/Items/Furniture/Crude/Furniture_Crude_Bed.json","2317","7925826481BF3E697C6C5B9244AA9F8477B020BF83EF075ACF5C2E66010ACB33"
"items","Furniture_Crude_Candle","Furniture/Crude/Furniture_Crude_Candle","Server/Item/Items/Furniture/Crude/Furniture_Crude_Candle.json","3101","980CC153D55713D3F64D4AAFB4652F394FC4155A41C7FC32D2F1295B1457F139"
"items","Furniture_Crude_Chest_Small","Furniture/Crude/Furniture_Crude_Chest_Small","Server/Item/Items/Furniture/Crude/Furniture_Crude_Chest_Small.json","2829","66E75EAFBB6278ABED61AEF4DDD8B9BC06AE6E4B546EB0C82641D39570CA0CA6"
"items","Furniture_Crude_Door","Furniture/Crude/Furniture_Crude_Door","Server/Item/Items/Furniture/Crude/Furniture_Crude_Door.json","3272","E75FD8107B09F17E2B401AD74AD6356FDBFCE31380F5998872DFD5433FBE0992"
"items","Furniture_Crude_Ladder","Furniture/Crude/Furniture_Crude_Ladder","Server/Item/Items/Furniture/Crude/Furniture_Crude_Ladder.json","1794","7B7E5EE6BE29A5BFB0A9E401D2C9FE32D59CE4CEB762BDCD22355012D2B1BAFF"
"items","Furniture_Crude_Shelf","Furniture/Crude/Furniture_Crude_Shelf","Server/Item/Items/Furniture/Crude/Furniture_Crude_Shelf.json","1971","FE925651B7B3166DAF3CB744C193DFC555F17CF312F47C74E58629A8EA8C9896"
"items","Furniture_Crude_Sign","Furniture/Crude/Furniture_Crude_Sign","Server/Item/Items/Furniture/Crude/Furniture_Crude_Sign.json","1796","3FCED916AABFFEDA9F3AF9CD5D75FA54A1A1F2BB82341E8DD5E499BDB4E7B1A1"
"items","Furniture_Crude_Stool","Furniture/Crude/Furniture_Crude_Stool","Server/Item/Items/Furniture/Crude/Furniture_Crude_Stool.json","1812","C7C8A34EEF9A525243B8F284006D05D661E0D6B225DD587809B1C1C0556595A0"
"items","Furniture_Crude_Table","Furniture/Crude/Furniture_Crude_Table","Server/Item/Items/Furniture/Crude/Furniture_Crude_Table.json","1856","F9EDBB75A28314707EE9CBCE061CCAB1F53DAD5D2A00AC85D5168C8275A15BA1"
"items","Furniture_Crude_Trapdoor","Furniture/Crude/Furniture_Crude_Trapdoor","Server/Item/Items/Furniture/Crude/Furniture_Crude_Trapdoor.json","2396","E29702C511493E667790EFB6B239104528859E770A40EE57B4341B7146B915F7"
"items","Furniture_Crude_Wardrobe","Furniture/Crude/Furniture_Crude_Wardrobe","Server/Item/Items/Furniture/Crude/Furniture_Crude_Wardrobe.json","1676","5F8FCD53235693839F36859CF1A1DD4F141016E9A6A0884F879D53B32F2DFEB7"
"items","Furniture_Crude_Window","Furniture/Crude/Furniture_Crude_Window","Server/Item/Items/Furniture/Crude/Furniture_Crude_Window.json","1713","DFB2384CD16708C2CAC645CAD864D06CFAB07B5395130CE5CB48683B695DC9F2"
"items","Furniture_Crude_Brazier","Furniture/Crude/Unique/Furniture_Crude_Brazier","Server/Item/Items/Furniture/Crude/Unique/Furniture_Crude_Brazier.json","1993","A2829DB53B6763CBF34732A1727CFC845FAC8096DC5C057113BAD3D034F875D0"
"items","Furniture_Crude_Chest_Large","Furniture/Crude/Unique/Furniture_Crude_Chest_Large","Server/Item/Items/Furniture/Crude/Unique/Furniture_Crude_Chest_Large.json","2450","F2C123ED13564D202DC5162EB2AFC7E5A7D42AB6DB1CEEFAF8E4B161A70F3B71"
"items","Furniture_Crude_Platform","Furniture/Crude/Unique/Furniture_Crude_Platform","Server/Item/Items/Furniture/Crude/Unique/Furniture_Crude_Platform.json","2067","59106214B8D0EE12B7AC6838288451A848F7A0EBF89B4F72C4B11195AC5FC777"
"items","Furniture_Crude_Torch","Furniture/Crude/Unique/Furniture_Crude_Torch","Server/Item/Items/Furniture/Crude/Unique/Furniture_Crude_Torch.json","4213","36CCB4DD3B93E2F07985870023E67CC8199013F02AA68A8C7885EFB1435F239E"
"items","Furniture_Crude_Windows_1X2_Test","Furniture/Crude/Unique/Furniture_Crude_Windows_1X2_Test","Server/Item/Items/Furniture/Crude/Unique/Furniture_Crude_Windows_1X2_Test.json","2064","A047CF43F025A6FAAEB77430DE0F30E4964FBDEE4C69DD5F8935AB907DA5E4D9"
"items","Furniture_Crude_Windows_2X2_Test","Furniture/Crude/Unique/Furniture_Crude_Windows_2X2_Test","Server/Item/Items/Furniture/Crude/Unique/Furniture_Crude_Windows_2X2_Test.json","2068","0E1CC3258812AFEDDE282E3ADF9ED227FB88F358D4ABFA2603E04E3CE9284874"
"items","Furniture_Cybercity_Windows","Furniture/Cybercity/Furniture_Cybercity_Windows","Server/Item/Items/Furniture/Cybercity/Furniture_Cybercity_Windows.json","1401","497238A4959DF60A059313667F6092EEBD9786808EA0B289AD9940FDCC4995BF"
"items","Furniture_Cybercity_Windows_Bot","Furniture/Cybercity/Furniture_Cybercity_Windows_Bot","Server/Item/Items/Furniture/Cybercity/Furniture_Cybercity_Windows_Bot.json","1409","8A79CA9E37F717E8908257688C17E2F81C932FAF532D4C9FA1B7EC873BE911C4"
"items","Furniture_Cybercity_Windows_Bottom_Right","Furniture/Cybercity/Furniture_Cybercity_Windows_Bottom_Right","Server/Item/Items/Furniture/Cybercity/Furniture_Cybercity_Windows_Bottom_Right.json","1435","A45D96EFA27AF7C2EF7615BDCDC82C338FB0936EDA6479850B8FC783AEDE0EA4"
"items","Furniture_Cybercity_Windows_C","Furniture/Cybercity/Furniture_Cybercity_Windows_C","Server/Item/Items/Furniture/Cybercity/Furniture_Cybercity_Windows_C.json","1403","5068B129D7537C0792C49048FC5816B82488D04B48E19AA2DA9DA818C8EFAB62"
"items","Furniture_Cybercity_Windows_Full","Furniture/Cybercity/Furniture_Cybercity_Windows_Full","Server/Item/Items/Furniture/Cybercity/Furniture_Cybercity_Windows_Full.json","1409","416D9D5F4BFDE6EB4C5ABBA20706D7C46BAA55F03E43C56B4D30EAB9CBE5CE97"
"items","Furniture_Cybercity_Windows_LR","Furniture/Cybercity/Furniture_Cybercity_Windows_LR","Server/Item/Items/Furniture/Cybercity/Furniture_Cybercity_Windows_LR.json","1406","B630A9E40640F53120D49B64C0BE61CE3F9D0BD471FDDFC44B3D2AEA9566817C"
"items","Furniture_Cybercity_Windows_Purple","Furniture/Cybercity/Furniture_Cybercity_Windows_Purple","Server/Item/Items/Furniture/Cybercity/Furniture_Cybercity_Windows_Purple.json","1504","D1D81F6ADAE848F677D628F24F5A987978A82F3B2BA330E6AEEF7BCF6E4534E5"
"items","Furniture_Cybercity_Windows_Red","Furniture/Cybercity/Furniture_Cybercity_Windows_Red","Server/Item/Items/Furniture/Cybercity/Furniture_Cybercity_Windows_Red.json","1495","1C01FC124D3C4EDA3A510D195E5FECD820284EE12B18F74DEC657BA5D12F0720"
"items","Furniture_Cybercity_Windows_Right","Furniture/Cybercity/Furniture_Cybercity_Windows_Right","Server/Item/Items/Furniture/Cybercity/Furniture_Cybercity_Windows_Right.json","1446","3135C976D31FC85F94845F791E28CE4406E1CF866CD10EB7E2A8E8B0842B683D"
"items","Furniture_Cybercity_Windows_TopBot","Furniture/Cybercity/Furniture_Cybercity_Windows_TopBot","Server/Item/Items/Furniture/Cybercity/Furniture_Cybercity_Windows_TopBot.json","1497","178112152C779BBF27AD47A2CA7774ABB9D522E323326DCCD3BAB3DA44E2CD3B"
"items","Furniture_Cybercity_Windows_U","Furniture/Cybercity/Furniture_Cybercity_Windows_U","Server/Item/Items/Furniture/Cybercity/Furniture_Cybercity_Windows_U.json","1403","3C4BC1DDC4EC20EB7772F62BD7EF79137C15A4844EC7648A072D4856B05103CF"
"items","Furniture_Cybercity_Windows_Yellow","Furniture/Cybercity/Furniture_Cybercity_Windows_Yellow","Server/Item/Items/Furniture/Cybercity/Furniture_Cybercity_Windows_Yellow.json","1504","26F10461B24BDC676BADB19BACB5EDD528B922B52D61068F60A35F69ECABD4D8"
"items","Furniture_Desert_Bed","Furniture/Desert/Furniture_Desert_Bed","Server/Item/Items/Furniture/Desert/Furniture_Desert_Bed.json","1815","FCAAF2774CC5F90FA34BFAA9AF14DBBAD29163B63ACD1522758F74CBBDF7E4DD"
"items","Furniture_Desert_Chair","Furniture/Desert/Furniture_Desert_Chair","Server/Item/Items/Furniture/Desert/Furniture_Desert_Chair.json","1992","325BE74506AFF24ABF246CC5E3970BB3F8233C85AB76854C748D929EEFBA7538"
"items","Furniture_Desert_Chest_Small","Furniture/Desert/Furniture_Desert_Chest_Small","Server/Item/Items/Furniture/Desert/Furniture_Desert_Chest_Small.json","2965","7EB9EA39987C52D82FC3CC96066E7D4646493210937EA50BC01F25BD022073E9"
"items","Furniture_Desert_Door","Furniture/Desert/Furniture_Desert_Door","Server/Item/Items/Furniture/Desert/Furniture_Desert_Door.json","3282","9277A84DCCA753F5DE27631844D70BA250C6BCBFB9B6FE4B363A25DF09AFAB76"
"items","Furniture_Desert_Ladder","Furniture/Desert/Furniture_Desert_Ladder","Server/Item/Items/Furniture/Desert/Furniture_Desert_Ladder.json","1803","D0F0CC9A2D563517828CCDB124B11B8E06ED2DD6799F312C26307E6BBFEF7131"
"items","Furniture_Desert_Lantern","Furniture/Desert/Furniture_Desert_Lantern","Server/Item/Items/Furniture/Desert/Furniture_Desert_Lantern.json","3532","3B55DDFB2C753A927EC63CF0EB2DC9313BCFEB6CA1204A4F2E54DC75628D2DE3"
"items","Furniture_Desert_Lantern_Ceiling","Furniture/Desert/Furniture_Desert_Lantern_Ceiling","Server/Item/Items/Furniture/Desert/Furniture_Desert_Lantern_Ceiling.json","2934","35E08F1FCACC5248318B0434CF02D3C60C71AFEDE8E0B80F1E9EB0DBE2264C4E"
"items","Furniture_Desert_Shelf","Furniture/Desert/Furniture_Desert_Shelf","Server/Item/Items/Furniture/Desert/Furniture_Desert_Shelf.json","2000","08CC1082CFC4FDE37D482C411FDDD3F351B434914FCAD04CF2FCB4B54435B8E8"
"items","Furniture_Desert_Sign","Furniture/Desert/Furniture_Desert_Sign","Server/Item/Items/Furniture/Desert/Furniture_Desert_Sign.json","1795","1FC08199A98F7622A20F5D606CCAB0CBF7EC0B6FB00FF1875398119107B958DF"
"items","Furniture_Desert_Table","Furniture/Desert/Furniture_Desert_Table","Server/Item/Items/Furniture/Desert/Furniture_Desert_Table.json","1864","6BB3FE099E960F3DE7551A4FE374DE765EADB173915352657FC92B581DD1151B"
"items","Furniture_Desert_Trapdoor","Furniture/Desert/Furniture_Desert_Trapdoor","Server/Item/Items/Furniture/Desert/Furniture_Desert_Trapdoor.json","2463","F7EA81CB1D3075F5FB67CF97A25B40894C547B64C14AC16D68796694B09A2DF4"
"items","Furniture_Desert_Wardrobe","Furniture/Desert/Furniture_Desert_Wardrobe","Server/Item/Items/Furniture/Desert/Furniture_Desert_Wardrobe.json","1686","B0720EA11FEED76B4EC2B3E8C540F1A427C29F5BA2032EB8225FFDB54A9560A9"
"items","Furniture_Desert_Window","Furniture/Desert/Furniture_Desert_Window","Server/Item/Items/Furniture/Desert/Furniture_Desert_Window.json","1719","1DD4BC758AED21D53D2491F19352A166E4E10AADA182B3F33B5A0D220C56BFBE"
"items","Furniture_Desert_Chest_Large","Furniture/Desert/Unique/Furniture_Desert_Chest_Large","Server/Item/Items/Furniture/Desert/Unique/Furniture_Desert_Chest_Large.json","2376","74F0DAED112DDEBDFC1694756EFC0F76A98CBA088AEA478A14C3C980999ABE01"
"items","Furniture_Desert_Lantern_Tall","Furniture/Desert/Unique/Furniture_Desert_Lantern_Tall","Server/Item/Items/Furniture/Desert/Unique/Furniture_Desert_Lantern_Tall.json","2531","2CCFAA5444DF05A32DE3D202C2913FD7F6C46C5C0E63A49F65D6E245C20ACC59"
"items","Furniture_Desert_Platform","Furniture/Desert/Unique/Furniture_Desert_Platform","Server/Item/Items/Furniture/Desert/Unique/Furniture_Desert_Platform.json","2071","394C41A67643BAB283D44FF53FFED55D8FBCB7A0C0C55146834BD78EEA1FC7FD"
"items","Furniture_Desert_Torch","Furniture/Desert/Unique/Furniture_Desert_Torch","Server/Item/Items/Furniture/Desert/Unique/Furniture_Desert_Torch.json","4108","3F387FEDD588394152C3B0F0CDD805D5A72427B0B4ED524CFB5A3F9F64ACAF73"
"items","Furniture_Dungeon_Chest_Epic","Furniture/Dungeon/Furniture_Dungeon_Chest_Epic","Server/Item/Items/Furniture/Dungeon/Furniture_Dungeon_Chest_Epic.json","2806","A280F00DFBADFE199F26FD16E7D928F3330C7BAFCBEA19765576FF1CFF4EA0F5"
"items","Furniture_Dungeon_Chest_Epic_Large","Furniture/Dungeon/Furniture_Dungeon_Chest_Epic_Large","Server/Item/Items/Furniture/Dungeon/Furniture_Dungeon_Chest_Epic_Large.json","2107","83E0C165BF8F0C7B2113D36DE883FB3FB7F936586492682FAEE7663A88E87ADB"
"items","Furniture_Dungeon_Chest_Legendary_Large","Furniture/Dungeon/Furniture_Dungeon_Chest_Legendary_Large","Server/Item/Items/Furniture/Dungeon/Furniture_Dungeon_Chest_Legendary_Large.json","2629","89D6CE3696472910B229FBEAC2CAA190700F8DF0797A21F364243557A4BDCD44"
"items","Furniture_Dungeon_Earth_Brazier","Furniture/Dungeon/Furniture_Dungeon_Earth_Brazier","Server/Item/Items/Furniture/Dungeon/Furniture_Dungeon_Earth_Brazier.json","1717","B62A9E7C10AA7FD9945DC42CB597B268EF54A849F7B9B3B4E189D88C5A293AF4"
"items","Furniture_Faun_Stool","Furniture/Faun/Furniture_Faun_Stool","Server/Item/Items/Furniture/Faun/Furniture_Faun_Stool.json","1511","023EC20E04B76B21010DE86CFB8886831B1CA26D34F3829F564DB05EFAE2094D"
"items","Furniture_Feran_Bed","Furniture/Feran/Furniture_Feran_Bed","Server/Item/Items/Furniture/Feran/Furniture_Feran_Bed.json","2264","5DFF95FD8D8E0DA1AE94A80E8AB76BD3D7F8DB894DF77EF0249F9013E7FB1CBA"
"items","Furniture_Feran_Chandelier","Furniture/Feran/Furniture_Feran_Chandelier","Server/Item/Items/Furniture/Feran/Furniture_Feran_Chandelier.json","3362","CD610E1491BC5F10FDDB588166495C56E7B3E890FAADE0129BBCAF901C8A577E"
"items","Furniture_Feran_Chest_Small","Furniture/Feran/Furniture_Feran_Chest_Small","Server/Item/Items/Furniture/Feran/Furniture_Feran_Chest_Small.json","2855","7201ADB1754E428DB0621E4DCBB9406C697363DD12D162D332EF06BE7910C6FB"
"items","Furniture_Feran_Door","Furniture/Feran/Furniture_Feran_Door","Server/Item/Items/Furniture/Feran/Furniture_Feran_Door.json","2871","EE22C19974D4405F3DEAD85A485BFCEF38C5C34E9C09C58920C79C5E95453D2B"
"items","Furniture_Feran_Ladder","Furniture/Feran/Furniture_Feran_Ladder","Server/Item/Items/Furniture/Feran/Furniture_Feran_Ladder.json","1404","41851A039CFEE35A3CD3D550AE896983D0EB65AB44F4D87FE5C29CA5F35219D1"
"items","Furniture_Feran_Shelf","Furniture/Feran/Furniture_Feran_Shelf","Server/Item/Items/Furniture/Feran/Furniture_Feran_Shelf.json","1572","16A9C3EE9DB7CC31A9E1B193CDC1E1E61362F6D680F1396EB1B9A4D1D4CFACA3"
"items","Furniture_Feran_Sign","Furniture/Feran/Furniture_Feran_Sign","Server/Item/Items/Furniture/Feran/Furniture_Feran_Sign.json","1429","DDFBD642DF43D5DF68A012F84F7229D0E1B0A32E15ED12FB834E7A0EC8E91316"
"items","Furniture_Feran_Stool","Furniture/Feran/Furniture_Feran_Stool","Server/Item/Items/Furniture/Feran/Furniture_Feran_Stool.json","1600","223DBB6ACEC145A9046B70071C3C4980505EFDEE811361B5252ED1B2A34F0A95"
"items","Furniture_Feran_Table","Furniture/Feran/Furniture_Feran_Table","Server/Item/Items/Furniture/Feran/Furniture_Feran_Table.json","1714","A41AAC1DF495B0DFC795D3F558B0ACCF9D949F0671397561804A539789D8A8A1"
"items","Furniture_Feran_Trapdoor","Furniture/Feran/Furniture_Feran_Trapdoor","Server/Item/Items/Furniture/Feran/Furniture_Feran_Trapdoor.json","2155","5700423A334CFB483ABBA1BEA89852A1DA4BDA7A2B84471508A413E2263EF55E"
"items","Furniture_Feran_Wardrobe","Furniture/Feran/Furniture_Feran_Wardrobe","Server/Item/Items/Furniture/Feran/Furniture_Feran_Wardrobe.json","1283","4E049933F0DB05F241EFE2B827A609146D395F4B7CD6AA1C79A1C90552DFCFCB"
"items","Furniture_Feran_Window","Furniture/Feran/Furniture_Feran_Window","Server/Item/Items/Furniture/Feran/Furniture_Feran_Window.json","1475","A72696C26B504B3F3A8D7F409977A98A1161A723E07CB5626BAE9D4C83A1231B"
"items","Furniture_Feran_Bench","Furniture/Feran/Unique/Furniture_Feran_Bench","Server/Item/Items/Furniture/Feran/Unique/Furniture_Feran_Bench.json","1803","15F7E71FA2F9323D41D4D56EB746C3C058D19A6625484F207F966F4B6DBFCF3B"
"items","Furniture_Feran_Bookshelf","Furniture/Feran/Unique/Furniture_Feran_Bookshelf","Server/Item/Items/Furniture/Feran/Unique/Furniture_Feran_Bookshelf.json","2180","8237AB36E8C0F4A215AA926AEBFC172B28E2483C44F6E25812308081DFB6B530"
"items","Furniture_Feran_Candle","Furniture/Feran/Unique/Furniture_Feran_Candle","Server/Item/Items/Furniture/Feran/Unique/Furniture_Feran_Candle.json","2107","CF4376A1509BE4EB3869F5BE2EDB490B2345EEBF62129A696FDA227ABEC18352"
"items","Furniture_Feran_Chest_Large","Furniture/Feran/Unique/Furniture_Feran_Chest_Large","Server/Item/Items/Furniture/Feran/Unique/Furniture_Feran_Chest_Large.json","2375","F36CE8A29E0B9D6ECE9E8C5E1D2E54203072962189CFE532ACC0FA1C61D1BC83"
"items","Furniture_Feran_Planter","Furniture/Feran/Unique/Furniture_Feran_Planter","Server/Item/Items/Furniture/Feran/Unique/Furniture_Feran_Planter.json","1849","B4CB97B480AA617531FEB671E23C951335A8A3738FCC21A78F1E8E836EA85DDB"
"items","Furniture_Feran_Platform","Furniture/Feran/Unique/Furniture_Feran_Platform","Server/Item/Items/Furniture/Feran/Unique/Furniture_Feran_Platform.json","1760","B1AF62AC39E26A3887A2657EC3DFA75535A48782FB16A114F7CD325C4412F0BE"
"items","Furniture_Feran_Pot","Furniture/Feran/Unique/Furniture_Feran_Pot","Server/Item/Items/Furniture/Feran/Unique/Furniture_Feran_Pot.json","1293","F301294354B14D87A4B524ECD2C4E7EF7425F6C01CEDCECCA60F55995BB93B64"
"items","Furniture_Feran_Pot_Secondary","Furniture/Feran/Unique/Furniture_Feran_Pot_Secondary","Server/Item/Items/Furniture/Feran/Unique/Furniture_Feran_Pot_Secondary.json","1329","419CC706CC01DD483C17E4A6D30662AE7CD494908940894485D032DA4AC89A8F"
"items","Furniture_Feran_Torch","Furniture/Feran/Unique/Furniture_Feran_Torch","Server/Item/Items/Furniture/Feran/Unique/Furniture_Feran_Torch.json","4242","5AA81D580FFD11CA024479D91B3AF442E8D81AE53AD7AE86C06132B302477E3B"
"items","Furniture_Feran_Torch_Tall","Furniture/Feran/Unique/Furniture_Feran_Torch_Tall","Server/Item/Items/Furniture/Feran/Unique/Furniture_Feran_Torch_Tall.json","3942","8CCAB4C13C9870E086B43C1863981EBD0280D194A1F579E994443D567CF48E56"
"items","Furniture_Frozen_Castle_Bed","Furniture/Frozen/Furniture_Frozen_Castle_Bed","Server/Item/Items/Furniture/Frozen/Furniture_Frozen_Castle_Bed.json","1943","B0CFA0472F64A869C0D7E058B5B7D9D982FAA219F9ABFE5E2B648AB3862155F0"
"items","Furniture_Frozen_Castle_Chair","Furniture/Frozen/Furniture_Frozen_Castle_Chair","Server/Item/Items/Furniture/Frozen/Furniture_Frozen_Castle_Chair.json","2042","2594D6F114F5212191091FF6CE6646ADDA7BD824D0AD522E91054F57DEC23AA4"
"items","Furniture_Frozen_Castle_Chest_Small","Furniture/Frozen/Furniture_Frozen_Castle_Chest_Small","Server/Item/Items/Furniture/Frozen/Furniture_Frozen_Castle_Chest_Small.json","3013","8C3E602090A95029320BAFE9B4E96853F177CE52374E2CEEA3736CC5A594024F"
"items","Furniture_Frozen_Castle_Door","Furniture/Frozen/Furniture_Frozen_Castle_Door","Server/Item/Items/Furniture/Frozen/Furniture_Frozen_Castle_Door.json","3310","0DBA012C83091B500BE9239148102CEAB603762AAFB5B2BF252F13E624FCCCC4"
"items","Furniture_Frozen_Castle_Ladder","Furniture/Frozen/Furniture_Frozen_Castle_Ladder","Server/Item/Items/Furniture/Frozen/Furniture_Frozen_Castle_Ladder.json","1814","7E05EBF9E258D32E0657518D813C5C724420C07CAD481F98C9A0C11EDBDACCA7"
"items","Furniture_Frozen_Castle_Lamp","Furniture/Frozen/Furniture_Frozen_Castle_Lamp","Server/Item/Items/Furniture/Frozen/Furniture_Frozen_Castle_Lamp.json","2236","19E034F2037A7AD621C83797210D49E88FEAB2844BB5973B37799F38D84AAE7B"
"items","Furniture_Frozen_Castle_Shelf","Furniture/Frozen/Furniture_Frozen_Castle_Shelf","Server/Item/Items/Furniture/Frozen/Furniture_Frozen_Castle_Shelf.json","2018","CF4ED81B0AA3421880230E56791BBA0778FBED7187FDE76B944D8715F2916CEB"
"items","Furniture_Frozen_Castle_Sign","Furniture/Frozen/Furniture_Frozen_Castle_Sign","Server/Item/Items/Furniture/Frozen/Furniture_Frozen_Castle_Sign.json","1816","FC7B95E9669D2CB3D9B4EC8E34E3114E178BE83052AD00BCCCCEAD44D211333B"
"items","Furniture_Frozen_Castle_Table","Furniture/Frozen/Furniture_Frozen_Castle_Table","Server/Item/Items/Furniture/Frozen/Furniture_Frozen_Castle_Table.json","1788","27A530523CF3793E4DA5E0942EAB68EF03F270CA7D68EC30BC0F7DE4837F24FE"
"items","Furniture_Frozen_Castle_Trapdoor","Furniture/Frozen/Furniture_Frozen_Castle_Trapdoor","Server/Item/Items/Furniture/Frozen/Furniture_Frozen_Castle_Trapdoor.json","2481","BFBA7987E71CA666542FBFC70EB54DF26961F1F4790D63DE4A8B85B1640E7AF6"
"items","Furniture_Frozen_Castle_Wardrobe","Furniture/Frozen/Furniture_Frozen_Castle_Wardrobe","Server/Item/Items/Furniture/Frozen/Furniture_Frozen_Castle_Wardrobe.json","1696","32895754B26645649397CA008DCA68B1F7C619E45FF0012E54151AE8C9F0F321"
"items","Furniture_Frozen_Castle_Window","Furniture/Frozen/Furniture_Frozen_Castle_Window","Server/Item/Items/Furniture/Frozen/Furniture_Frozen_Castle_Window.json","1733","80B0A0BD32905177ADDAE5CAE08A18611707FFDCDF728A0AF31799ADC71ED2A8"
"items","Furniture_Frozen_Castle_Bench","Furniture/Frozen/Unique/Furniture_Frozen_Castle_Bench","Server/Item/Items/Furniture/Frozen/Unique/Furniture_Frozen_Castle_Bench.json","1769","E46909DD3579EAD29FB0859E334485456152FB671A6DC5318E149D5DD41B4180"
"items","Furniture_Frozen_Castle_Chest_Large","Furniture/Frozen/Unique/Furniture_Frozen_Castle_Chest_Large","Server/Item/Items/Furniture/Frozen/Unique/Furniture_Frozen_Castle_Chest_Large.json","2477","541273CC8FD248076B31070D6B768FDD63C6F7C2D051C181926D0276650A0C38"
"items","Furniture_Frozen_Castle_Platform","Furniture/Frozen/Unique/Furniture_Frozen_Castle_Platform","Server/Item/Items/Furniture/Frozen/Unique/Furniture_Frozen_Castle_Platform.json","2041","7E04A73CF79933A4022D89446B94F0DD7A43DBD4FBA8FD9C412231F15BE51C71"
"items","Furniture_Frozen_Castle_Pot","Furniture/Frozen/Unique/Furniture_Frozen_Castle_Pot","Server/Item/Items/Furniture/Frozen/Unique/Furniture_Frozen_Castle_Pot.json","1285","946D510415903894B35887EC1098AE4BC1DE1DDB49A78F181D22BD9D9B612463"
"items","Furniture_Frozen_Castle_Secondary_Lamp","Furniture/Frozen/Unique/Furniture_Frozen_Castle_Secondary_Lamp","Server/Item/Items/Furniture/Frozen/Unique/Furniture_Frozen_Castle_Secondary_Lamp.json","2331","8BBEF110593E7197ED02AD0F4F7DC6EF78D5DBA746F89197C84F2417CA17BAAE"
"items","Furniture_Frozen_Castle_Secondary_Pot","Furniture/Frozen/Unique/Furniture_Frozen_Castle_Secondary_Pot","Server/Item/Items/Furniture/Frozen/Unique/Furniture_Frozen_Castle_Secondary_Pot.json","1323","98341EBBF8D8F8C11876C1BF0F29B3C82B948370BFB9D35CD10772E2CB7DE5A0"
"items","Furniture_Bookshelf_Corner","Furniture/Furniture_Bookshelf_Corner","Server/Item/Items/Furniture/Furniture_Bookshelf_Corner.json","2550","3C878CF7F97269CB857AC9A014393BD55DF752091524733B4A43678B6E999DFF"
"items","Furniture_Bookshelf_Left","Furniture/Furniture_Bookshelf_Left","Server/Item/Items/Furniture/Furniture_Bookshelf_Left.json","2562","28734B43C0394FC04D587403C61004A662A23C37EDD9487414ED8D3FC4CA553A"
"items","Furniture_Bookshelf_Middle","Furniture/Furniture_Bookshelf_Middle","Server/Item/Items/Furniture/Furniture_Bookshelf_Middle.json","2541","2F2F1EF87F964E82053D4AB06811B7DEFF5FDE95DF08828BB1CD2D97A1C5E1DD"
"items","Furniture_Bookshelf_Right","Furniture/Furniture_Bookshelf_Right","Server/Item/Items/Furniture/Furniture_Bookshelf_Right.json","2565","2C2E669D837F62BC54F0C89A40F5457BB066E08A720941595DCCB18C62BBF487"
"items","Furniture_Bookshelf_Single","Furniture/Furniture_Bookshelf_Single","Server/Item/Items/Furniture/Furniture_Bookshelf_Single.json","2945","C8D135946484D42ABD6E4AA0B337C95E256A17A90450E08DE4822FD806E0DF32"
"items","Furniture_Goblin_Chest_Small","Furniture/Goblin/Furniture_Goblin_Chest_Small","Server/Item/Items/Furniture/Goblin/Furniture_Goblin_Chest_Small.json","2523","31213D87FC6286A8D0690A609D6B1A5069C2D22689C4E567EF21F5F04F4671FF"
"items","Furniture_Royal_Magic_Bed","Furniture/Grand_Wizard/Furniture_Royal_Magic_Bed","Server/Item/Items/Furniture/Grand_Wizard/Furniture_Royal_Magic_Bed.json","1840","DCA91315E2A7AC6C6C98E8C30A03D38D324C034EB60E019D4DEB613ABCE4D2E0"
"items","Furniture_Royal_Magic_Chair","Furniture/Grand_Wizard/Furniture_Royal_Magic_Chair","Server/Item/Items/Furniture/Grand_Wizard/Furniture_Royal_Magic_Chair.json","1679","037C6934ED2E072006F1E12F4001452AC752B1EFA7667B5FBDAD7690149CDD24"
"items","Furniture_Royal_Magic_Chest_Small","Furniture/Grand_Wizard/Furniture_Royal_Magic_Chest_Small","Server/Item/Items/Furniture/Grand_Wizard/Furniture_Royal_Magic_Chest_Small.json","2994","DDD529253DB6E85F7067E988D7F7DB4C19CD7F5DE4FF5A070E4BE498DA77748F"
"items","Furniture_Royal_Magic_Medium_Door","Furniture/Grand_Wizard/Furniture_Royal_Magic_Medium_Door","Server/Item/Items/Furniture/Grand_Wizard/Furniture_Royal_Magic_Medium_Door.json","2705","C3B31D259247B9953E5ECAC53D618CE4C15997DF0D56012C6709B792FBE18573"
"items","Furniture_Royal_Magic_Table","Furniture/Grand_Wizard/Furniture_Royal_Magic_Table","Server/Item/Items/Furniture/Grand_Wizard/Furniture_Royal_Magic_Table.json","1593","9FA230F1423F534B1EF0483F560A52189022A07BAAB9F0C5F183CED8659F2DA9"
"items","Furniture_Royal_Magic_Wardrobe","Furniture/Grand_Wizard/Furniture_Royal_Magic_Wardrobe","Server/Item/Items/Furniture/Grand_Wizard/Furniture_Royal_Magic_Wardrobe.json","1407","2C8025A45A830FDA68A05DDB04B04A71A942726D9CB329E4FC734C77A860F484"
"items","Furniture_Royal_Magic_Window","Furniture/Grand_Wizard/Furniture_Royal_Magic_Window","Server/Item/Items/Furniture/Grand_Wizard/Furniture_Royal_Magic_Window.json","1621","B15F2022C6DE90591DC16ABD572D78F560A45AE8DCC81516F450A12B68C45F93"
"items","Furniture_Royal_Magic_Carpet","Furniture/Grand_Wizard/Unique/Furniture_Royal_Magic_Carpet","Server/Item/Items/Furniture/Grand_Wizard/Unique/Furniture_Royal_Magic_Carpet.json","1397","209A9F87B0B08DA06583F63CCA4DA1B5055F92D129FECDE5748F16A6B170929A"
"items","Furniture_Royal_Magic_Chest_Large","Furniture/Grand_Wizard/Unique/Furniture_Royal_Magic_Chest_Large","Server/Item/Items/Furniture/Grand_Wizard/Unique/Furniture_Royal_Magic_Chest_Large.json","2488","C567BD601821CC8B7AC428E8E187B5E51985E3FFF058EFF5B89F244AB3B91EDF"
"items","Furniture_Royal_Magic_Couch","Furniture/Grand_Wizard/Unique/Furniture_Royal_Magic_Couch","Server/Item/Items/Furniture/Grand_Wizard/Unique/Furniture_Royal_Magic_Couch.json","1732","E49A87309822C5596283BEC873D5428319760F08C138AE105E1D14936A81BA44"
"items","Furniture_Royal_Magic_Pot","Furniture/Grand_Wizard/Unique/Furniture_Royal_Magic_Pot","Server/Item/Items/Furniture/Grand_Wizard/Unique/Furniture_Royal_Magic_Pot.json","1621","DE96F0B75688E099CFC4B12E2195236CA4BAE7FE74F6164A8BF31AB049DCACEB"
"items","Furniture_Royal_Magic_Potion_Glow","Furniture/Grand_Wizard/Unique/Furniture_Royal_Magic_Potion_Glow","Server/Item/Items/Furniture/Grand_Wizard/Unique/Furniture_Royal_Magic_Potion_Glow.json","3828","E072D94A3AD73234B94894E508700C6CE4788F0F29FA3964C133251D9B9420EA"
"items","Furniture_Royal_Magic_Potion_Glow_Ceiling","Furniture/Grand_Wizard/Unique/Furniture_Royal_Magic_Potion_Glow_Ceiling","Server/Item/Items/Furniture/Grand_Wizard/Unique/Furniture_Royal_Magic_Potion_Glow_Ceiling.json","3187","BDD051C4C0200D4FD8C67E30F95A5EA910C23907CC668323E14909FDAFAE8893"
"items","Furniture_Human_Ruins_Bed","Furniture/Human/Furniture_Human_Ruins_Bed","Server/Item/Items/Furniture/Human/Furniture_Human_Ruins_Bed.json","1935","EF41E712BF48A11D91D12B5011249573D99CBD7A2DD3204F7D4F85B4BD83229B"
"items","Furniture_Human_Ruins_Brazier","Furniture/Human/Furniture_Human_Ruins_Brazier","Server/Item/Items/Furniture/Human/Furniture_Human_Ruins_Brazier.json","2544","E814CCAA6E60393D60FFE629CC6BC0E448DFB04DBEEEE88B20A391FCD4E5D2AD"
"items","Furniture_Human_Ruins_Chair","Furniture/Human/Furniture_Human_Ruins_Chair","Server/Item/Items/Furniture/Human/Furniture_Human_Ruins_Chair.json","1625","9AD1E7CE75DE56030A10B7E6482F8EA10D059E73E20F060E5475059F9227508A"
"items","Furniture_Human_Ruins_Chest_Small","Furniture/Human/Furniture_Human_Ruins_Chest_Small","Server/Item/Items/Furniture/Human/Furniture_Human_Ruins_Chest_Small.json","2472","BBDCDAAA4C22148DEFDBC9214845EB5ACDC3D2D681CDC61815A8ECB5F646B07E"
"items","Furniture_Human_Ruins_Door","Furniture/Human/Furniture_Human_Ruins_Door","Server/Item/Items/Furniture/Human/Furniture_Human_Ruins_Door.json","2876","3000C42A72D3165DD56ED2F6C04F8F356DB29AE27645FFE537B01A372C4EC891"
"items","Furniture_Human_Ruins_Ladder","Furniture/Human/Furniture_Human_Ruins_Ladder","Server/Item/Items/Furniture/Human/Furniture_Human_Ruins_Ladder.json","1525","F92C7FD3F46A273B22E18CF75A9F7445CB7D944F0835E4EDEFE13CDA44CC1FE9"
"items","Furniture_Human_Ruins_Sign","Furniture/Human/Furniture_Human_Ruins_Sign","Server/Item/Items/Furniture/Human/Furniture_Human_Ruins_Sign.json","1554","C394D110A720508885DD1BB79DD4DE307C7450B5FB8D4900F63F5AA8AA2DDFC6"
"items","Furniture_Human_Ruins_Stool","Furniture/Human/Furniture_Human_Ruins_Stool","Server/Item/Items/Furniture/Human/Furniture_Human_Ruins_Stool.json","1602","55EBF421895B9628EFEF905AFB2278E3A70394CB18E7EA781A3D858254C92823"
"items","Furniture_Human_Ruins_Table","Furniture/Human/Furniture_Human_Ruins_Table","Server/Item/Items/Furniture/Human/Furniture_Human_Ruins_Table.json","1500","FA3DF7FC600B8E74ABAA81F61219135B84579E098C491D1B78E4893C1E12AC2D"
"items","Furniture_Human_Ruins_Wardrobe","Furniture/Human/Furniture_Human_Ruins_Wardrobe","Server/Item/Items/Furniture/Human/Furniture_Human_Ruins_Wardrobe.json","1407","6D313B344A692EE99C96E9070A02C8DEF921DE525CDD93FF8D7BBD075A713499"
"items","Furniture_Human_Ruins_Window","Furniture/Human/Furniture_Human_Ruins_Window","Server/Item/Items/Furniture/Human/Furniture_Human_Ruins_Window.json","1503","5395A2F4384F7276E4919FBFB267478100E2E693FF050CFFB419B6BB46D4B4C8"
"items","Furniture_Human_Ruins_Banner","Furniture/Human/Unique/Furniture_Human_Ruins_Banner","Server/Item/Items/Furniture/Human/Unique/Furniture_Human_Ruins_Banner.json","1716","ECC8D8132E8F0724210E31F075E93723195B6D468E8362747DFEABF49A74AE9A"
"items","Furniture_Human_Ruins_Banner_Double","Furniture/Human/Unique/Furniture_Human_Ruins_Banner_Double","Server/Item/Items/Furniture/Human/Unique/Furniture_Human_Ruins_Banner_Double.json","1630","A8ED7F0AF271C582750D6BFBDD54F80CCCCF37BC27D2068F4E93CF1A4FAC057D"
"items","Furniture_Human_Ruins_Banner_Triple","Furniture/Human/Unique/Furniture_Human_Ruins_Banner_Triple","Server/Item/Items/Furniture/Human/Unique/Furniture_Human_Ruins_Banner_Triple.json","1630","DEE257FCB2645C6AF7EB8EF53BA96377A5FDA0BB526FBAA80801870AAC4ADAA4"
"items","Furniture_Human_Ruins_Bench","Furniture/Human/Unique/Furniture_Human_Ruins_Bench","Server/Item/Items/Furniture/Human/Unique/Furniture_Human_Ruins_Bench.json","1804","F98A44E9EE56EDDA80F09D3047E97B57BCB0028A7D17C311C8DCDE2152F41A46"
"items","Furniture_Human_Ruins_Bookshelf","Furniture/Human/Unique/Furniture_Human_Ruins_Bookshelf","Server/Item/Items/Furniture/Human/Unique/Furniture_Human_Ruins_Bookshelf.json","2184","C9816A357E7BF94E39FACB89276020F16D08B55586B1155269B12EC3140282A9"
"items","Furniture_Human_Ruins_Candle","Furniture/Human/Unique/Furniture_Human_Ruins_Candle","Server/Item/Items/Furniture/Human/Unique/Furniture_Human_Ruins_Candle.json","2661","9CA4A6449397B0647990A401CEDAB5CE0B701CEC16847FD33E9455F725FCCBE1"
"items","Furniture_Human_Ruins_Chest_Large","Furniture/Human/Unique/Furniture_Human_Ruins_Chest_Large","Server/Item/Items/Furniture/Human/Unique/Furniture_Human_Ruins_Chest_Large.json","2498","99B97A1192650720FCA5C6FF734F582A009510A396E2CAE04BC0860579034293"
"items","Furniture_Human_Ruins_Coffin","Furniture/Human/Unique/Furniture_Human_Ruins_Coffin","Server/Item/Items/Furniture/Human/Unique/Furniture_Human_Ruins_Coffin.json","1903","41263F4D306D8A44FF613111C532BE5970437945759F0B8201982114E1BB20B2"
"items","Furniture_Human_Ruins_Desk","Furniture/Human/Unique/Furniture_Human_Ruins_Desk","Server/Item/Items/Furniture/Human/Unique/Furniture_Human_Ruins_Desk.json","1527","B332544F013FA2927228E76C40934C2CAEE9146A777926B8C847F41619C36616"
"items","Furniture_Human_Ruins_Door_Large","Furniture/Human/Unique/Furniture_Human_Ruins_Door_Large","Server/Item/Items/Furniture/Human/Unique/Furniture_Human_Ruins_Door_Large.json","2950","0489A8E423C88694EFB50BB5FEF4C76BC747D432D2D2F4162FF88B55135236C1"
"items","Furniture_Human_Ruins_Door_Medium","Furniture/Human/Unique/Furniture_Human_Ruins_Door_Medium","Server/Item/Items/Furniture/Human/Unique/Furniture_Human_Ruins_Door_Medium.json","2705","EAF833519947B9BBFCB8BF2B0F25E33A625B853B57EC77CAE89EC3D3F359EE40"
"items","Furniture_Human_Ruins_Lantern","Furniture/Human/Unique/Furniture_Human_Ruins_Lantern","Server/Item/Items/Furniture/Human/Unique/Furniture_Human_Ruins_Lantern.json","3499","A2B37DFD1C7888D926DC6938D18D9E1E75A2812D945E607E11A64683A6A1EE2E"
"items","Furniture_Human_Ruins_Lantern_Ceiling","Furniture/Human/Unique/Furniture_Human_Ruins_Lantern_Ceiling","Server/Item/Items/Furniture/Human/Unique/Furniture_Human_Ruins_Lantern_Ceiling.json","3649","AA4AA7BBDA81EFA3D59E51D6849F59F73FD6446987B609A29D18A62727D504D6"
"items","Furniture_Human_Ruins_Planter","Furniture/Human/Unique/Furniture_Human_Ruins_Planter","Server/Item/Items/Furniture/Human/Unique/Furniture_Human_Ruins_Planter.json","1367","F2389B964F0DC81E4E3FF3EA703CC7A667E9C09D2620AA3BDC32B429B53700F8"
"items","Furniture_Human_Ruins_Platform","Furniture/Human/Unique/Furniture_Human_Ruins_Platform","Server/Item/Items/Furniture/Human/Unique/Furniture_Human_Ruins_Platform.json","1786","933259CEE2B89C627D033BB92B2329A3126AA799E10E2CA769D23C58B63ABECC"
"items","Furniture_Human_Ruins_Pot","Furniture/Human/Unique/Furniture_Human_Ruins_Pot","Server/Item/Items/Furniture/Human/Unique/Furniture_Human_Ruins_Pot.json","1327","24B8B57F0B544A8F00B2D130841EF3552C6DB311A839E2435E8664DF35E835CF"
"items","Furniture_Human_Ruins_Pot_Small","Furniture/Human/Unique/Furniture_Human_Ruins_Pot_Small","Server/Item/Items/Furniture/Human/Unique/Furniture_Human_Ruins_Pot_Small.json","1433","65757F87BCF38DAD730475A50F29A0FEC6EB61440782BB301E815ADC66032494"
"items","Furniture_Human_Ruins_Shelf","Furniture/Human/Unique/Furniture_Human_Ruins_Shelf","Server/Item/Items/Furniture/Human/Unique/Furniture_Human_Ruins_Shelf.json","1711","4584CE048E2EC89AC1777790E9848F5DC5EF07B8D5B4DB6C27499D17EC9DA5E4"
"items","Furniture_Human_Ruins_Statue_Broken","Furniture/Human/Unique/Furniture_Human_Ruins_Statue_Broken","Server/Item/Items/Furniture/Human/Unique/Furniture_Human_Ruins_Statue_Broken.json","1379","7B558B7D831DA9073BFAA4070A96E9018B98927A9CA4A6893051526160486AD3"
"items","Furniture_Human_Ruins_Torch","Furniture/Human/Unique/Furniture_Human_Ruins_Torch","Server/Item/Items/Furniture/Human/Unique/Furniture_Human_Ruins_Torch.json","3548","DC14D9A4271710A235CB80A529C3F136A4928216E2694C2944CBAA7C69C1477A"
"items","Furniture_Human_Ruins_Trapdoor","Furniture/Human/Unique/Furniture_Human_Ruins_Trapdoor","Server/Item/Items/Furniture/Human/Unique/Furniture_Human_Ruins_Trapdoor.json","2213","872DA43F887268EFA9C47A4BB7CFE7DF45DBB37572E7DA228F942A3F5510DF9A"
"items","Furniture_Construction_Sign","Furniture/InConstruction/Furniture_Construction_Sign","Server/Item/Items/Furniture/InConstruction/Furniture_Construction_Sign.json","1339","1999AFD844974D1FEA75027F32151EB3501CB4BCB90B6AEA175DA016817A9414"
"items","Furniture_Flag_Orange","Furniture/InConstruction/Furniture_Flag_Orange","Server/Item/Items/Furniture/InConstruction/Furniture_Flag_Orange.json","1300","F69E739C95CF2F41FFCC6B059638DFE63F0504A77D4EDAFA0065A5AF3821D939"
"items","Furniture_Flag_Small_Red","Furniture/InConstruction/Furniture_Flag_Small_Red","Server/Item/Items/Furniture/InConstruction/Furniture_Flag_Small_Red.json","1297","07030D3BF55F6B840861E9C28A3EFA617842C9E274D4920747730F83E757980C"
"items","Furniture_Jungle_Bed","Furniture/Jungle/Furniture_Jungle_Bed","Server/Item/Items/Furniture/Jungle/Furniture_Jungle_Bed.json","2403","34E71B935801E6029B697D78CFE69EB298B321752F044EEA2A3A386E19CD2041"
"items","Furniture_Jungle_Brazier","Furniture/Jungle/Furniture_Jungle_Brazier","Server/Item/Items/Furniture/Jungle/Furniture_Jungle_Brazier.json","2459","97692A9C0397F372D3CC05E1BBB1703AC3BA7CF65C48ACB628844FAAB14E1B1B"
"items","Furniture_Jungle_Chair","Furniture/Jungle/Furniture_Jungle_Chair","Server/Item/Items/Furniture/Jungle/Furniture_Jungle_Chair.json","1946","69E84D8B81B734AAD7AECBB66CE5D484A42E9EAB116EFCCA8BB4C5E5A4E0F833"
"items","Furniture_Jungle_Chest_Small","Furniture/Jungle/Furniture_Jungle_Chest_Small","Server/Item/Items/Furniture/Jungle/Furniture_Jungle_Chest_Small.json","2883","1F805518CFFEA110D9DBF4F50F0E90E500037B120F4D1F361A4117DDEBD0B7AC"
"items","Furniture_Jungle_Door","Furniture/Jungle/Furniture_Jungle_Door","Server/Item/Items/Furniture/Jungle/Furniture_Jungle_Door.json","3276","E48DAFEACFAFEBC5EE345764FC315D19A6DDF344650744A61127241534EA7647"
"items","Furniture_Jungle_Ladder","Furniture/Jungle/Furniture_Jungle_Ladder","Server/Item/Items/Furniture/Jungle/Furniture_Jungle_Ladder.json","1794","0DD851AE7FCF1D76F73EF489B1CB915642831772F9931269805BA22DEA338FC9"
"items","Furniture_Jungle_Painting","Furniture/Jungle/Furniture_Jungle_Painting","Server/Item/Items/Furniture/Jungle/Furniture_Jungle_Painting.json","1409","7F4FC752A12F8F84EE70853F41861B468204A81DF0CD1B490485BB8B70E26247"
"items","Furniture_Jungle_Shelf","Furniture/Jungle/Furniture_Jungle_Shelf","Server/Item/Items/Furniture/Jungle/Furniture_Jungle_Shelf.json","1857","30DF7690604B59CA5DE18F5920E5593DE56EE650183D8CAFD2DC7D00D6EDE7E1"
"items","Furniture_Jungle_Table","Furniture/Jungle/Furniture_Jungle_Table","Server/Item/Items/Furniture/Jungle/Furniture_Jungle_Table.json","1728","0465F3B7165FCB943F26AB8E74BC8771BEE898A3043E88B3A96FA8ECBEDBE50C"
"items","Furniture_Jungle_Trapdoor","Furniture/Jungle/Furniture_Jungle_Trapdoor","Server/Item/Items/Furniture/Jungle/Furniture_Jungle_Trapdoor.json","2457","B7C4A388E2D564FA0DC14A7B22AD01D59C98E569096B8A54F1EC67DD229C3F5E"
"items","Furniture_Jungle_Wardrobe","Furniture/Jungle/Furniture_Jungle_Wardrobe","Server/Item/Items/Furniture/Jungle/Furniture_Jungle_Wardrobe.json","1579","ADB4A9D1870D57B3A842A48A0636F23DC8251E981DFE0A36609547441492B287"
"items","Furniture_Jungle_Window","Furniture/Jungle/Furniture_Jungle_Window","Server/Item/Items/Furniture/Jungle/Furniture_Jungle_Window.json","1868","A74F9616ECF1DAEFCAD980721C9B037D990D50BAD921000DF6DFB28D5BF52E4A"
"items","Furniture_Jungle_Bench","Furniture/Jungle/Unique/Furniture_Jungle_Bench","Server/Item/Items/Furniture/Jungle/Unique/Furniture_Jungle_Bench.json","2099","6E30C3AD0629CC977F5E3246D67F5C565CDD4C3248385FA9413190E6B3D81C23"
"items","Furniture_Jungle_Bookshelf","Furniture/Jungle/Unique/Furniture_Jungle_Bookshelf","Server/Item/Items/Furniture/Jungle/Unique/Furniture_Jungle_Bookshelf.json","2183","938CA834BBE1E194626C4FAC5EB288E5F068912E54662F536F424C2C73B1AB19"
"items","Furniture_Jungle_Candle","Furniture/Jungle/Unique/Furniture_Jungle_Candle","Server/Item/Items/Furniture/Jungle/Unique/Furniture_Jungle_Candle.json","2989","8C9CB43C50D773B628A86591B8EC3CC011D928389941F6B4E3FD6E9E1CF2B5D1"
"items","Furniture_Jungle_Chest_Large","Furniture/Jungle/Unique/Furniture_Jungle_Chest_Large","Server/Item/Items/Furniture/Jungle/Unique/Furniture_Jungle_Chest_Large.json","2469","1B31E4829E14D3086993DCBBFB98FFA76ED13AC8FBDDF677608354293630BA90"
"items","Furniture_Jungle_Planter","Furniture/Jungle/Unique/Furniture_Jungle_Planter","Server/Item/Items/Furniture/Jungle/Unique/Furniture_Jungle_Planter.json","2018","25AB6F6709E933F82572C16E7C20E9DB3FE604FE10B6E356A945D67D84FAC00F"
"items","Furniture_Jungle_Platform","Furniture/Jungle/Unique/Furniture_Jungle_Platform","Server/Item/Items/Furniture/Jungle/Unique/Furniture_Jungle_Platform.json","2066","1AEB7BF022073E4E44E9F6CD6DCE4776A76B67D9E421D0173EC4C74658C39F50"
"items","Furniture_Jungle_Pot","Furniture/Jungle/Unique/Furniture_Jungle_Pot","Server/Item/Items/Furniture/Jungle/Unique/Furniture_Jungle_Pot.json","1294","69EA6B553DBB2598E2A5965A2619B6E02809A56B5E568C30438EB65A6E11B09D"
"items","Furniture_Jungle_Pot_Secondary","Furniture/Jungle/Unique/Furniture_Jungle_Pot_Secondary","Server/Item/Items/Furniture/Jungle/Unique/Furniture_Jungle_Pot_Secondary.json","1366","491E46A40022D004E31B332881881FC146D08482F1D800F644C2ADC42615AA49"
"items","Furniture_Jungle_Torch","Furniture/Jungle/Unique/Furniture_Jungle_Torch","Server/Item/Items/Furniture/Jungle/Unique/Furniture_Jungle_Torch.json","3390","C24D79AB4A328FCECAB154749915D51C3CD02E1D1BA3997C0D4D4DBEAF638FD3"
"items","Furniture_Kweebec_Bed","Furniture/Kweebec/Furniture_Kweebec_Bed","Server/Item/Items/Furniture/Kweebec/Furniture_Kweebec_Bed.json","2300","7A2A8C8FAAF2EA9D18A16FF9F591CB37869AA1C4C25C9D150A4FEE6B09D11CA6"
"items","Furniture_Kweebec_Candle","Furniture/Kweebec/Furniture_Kweebec_Candle","Server/Item/Items/Furniture/Kweebec/Furniture_Kweebec_Candle.json","3139","222BE45F76284E9B154DB302B0241F912A53CA6F997A5E93C715DB6AA136AC14"
"items","Furniture_Kweebec_Chest_Small","Furniture/Kweebec/Furniture_Kweebec_Chest_Small","Server/Item/Items/Furniture/Kweebec/Furniture_Kweebec_Chest_Small.json","2966","1F1BF3A29F4EC6D06B00ED58ED14246912D3B2CA43436682BED39635F77CF054"
"items","Furniture_Kweebec_Door","Furniture/Kweebec/Furniture_Kweebec_Door","Server/Item/Items/Furniture/Kweebec/Furniture_Kweebec_Door.json","2874","A7B96F072ED803D78018D6E975DDF7D834A2FC5F09B151571CB1A27AB636EC10"
"items","Furniture_Kweebec_Ladder","Furniture/Kweebec/Furniture_Kweebec_Ladder","Server/Item/Items/Furniture/Kweebec/Furniture_Kweebec_Ladder.json","1509","E3C0D5ADBA9CCF22584E0792B120663148CF451206A6E4ED5FB8C5496F0CA59D"
"items","Furniture_Kweebec_Lantern","Furniture/Kweebec/Furniture_Kweebec_Lantern","Server/Item/Items/Furniture/Kweebec/Furniture_Kweebec_Lantern.json","3749","2541F9A31639E44F86BC6020C60A243AE30022D5E91D3AA372D4E2EF60B7FED7"
"items","Furniture_Kweebec_Lantern_Ceiling","Furniture/Kweebec/Furniture_Kweebec_Lantern_Ceiling","Server/Item/Items/Furniture/Kweebec/Furniture_Kweebec_Lantern_Ceiling.json","3022","C7CB3B26C8B994CB2E3B22CD03C4DA72874EB86A2138813472EC03A3416463E4"
"items","Furniture_Kweebec_Painting","Furniture/Kweebec/Furniture_Kweebec_Painting","Server/Item/Items/Furniture/Kweebec/Furniture_Kweebec_Painting.json","1317","50BDAC91E0F2504C37CE681D22D7520624257EDFC5424A6D9AFA94BA9BACFB95"
"items","Furniture_Kweebec_Shelf","Furniture/Kweebec/Furniture_Kweebec_Shelf","Server/Item/Items/Furniture/Kweebec/Furniture_Kweebec_Shelf.json","1699","8CB216D4CC96EA784C02CB0A9EEEE73A6A9683FE8E0F5EAE3EB9A19001C543E7"
"items","Furniture_Kweebec_Sign","Furniture/Kweebec/Furniture_Kweebec_Sign","Server/Item/Items/Furniture/Kweebec/Furniture_Kweebec_Sign.json","1360","A8B9254CEAB5808A04A2D68731F416C76C4EB363E2DAE7F905E4B5A1997D0A11"
"items","Furniture_Kweebec_Stool","Furniture/Kweebec/Furniture_Kweebec_Stool","Server/Item/Items/Furniture/Kweebec/Furniture_Kweebec_Stool.json","1704","6241750DC0C9A7796BF033EC55ADD9151D7AEA4316C1356F1556AE46543368DF"
"items","Furniture_Kweebec_Table","Furniture/Kweebec/Furniture_Kweebec_Table","Server/Item/Items/Furniture/Kweebec/Furniture_Kweebec_Table.json","1725","92621038EE002FF549A4B66A61F23107F606CE7E9BC0C2F1C53C42C51AB7E68F"
"items","Furniture_Kweebec_Trapdoor","Furniture/Kweebec/Furniture_Kweebec_Trapdoor","Server/Item/Items/Furniture/Kweebec/Furniture_Kweebec_Trapdoor.json","2193","B32912ABC44B126FEEF831E82C48B7A408D356EFC80E3F2CAA1969931EE163F9"
"items","Furniture_Kweebec_Wardrobe","Furniture/Kweebec/Furniture_Kweebec_Wardrobe","Server/Item/Items/Furniture/Kweebec/Furniture_Kweebec_Wardrobe.json","1386","849082C5B86F339FEADFB1E5758FEF8CB930D4848571F2C6D1796EA5E233F3F5"
"items","Furniture_Kweebec_Window","Furniture/Kweebec/Furniture_Kweebec_Window","Server/Item/Items/Furniture/Kweebec/Furniture_Kweebec_Window.json","2121","8866FD259F73F4F483A53B8E8225FF9E74901261A2DBB9DFC3BB86BF7F1D36E7"
"items","Furniture_Kweebec_Platform","Furniture/Kweebec/Unique/Furniture_Kweebec_Platform","Server/Item/Items/Furniture/Kweebec/Unique/Furniture_Kweebec_Platform.json","1778","78F85D518AE281721C27A394CA987C2D0676128CFB17D4C6BF66DB7A61F2A2C0"
"items","Furniture_Kweebec_Statue","Furniture/Kweebec/Unique/Furniture_Kweebec_Statue","Server/Item/Items/Furniture/Kweebec/Unique/Furniture_Kweebec_Statue.json","1307","854ED1B8D747CAA5FDB9BD3555C8C0022BCDF772F395E7A0F45511B3B8F3BA83"
"items","Furniture_Lumberjack_Bed","Furniture/Lumberjack/Furniture_Lumberjack_Bed","Server/Item/Items/Furniture/Lumberjack/Furniture_Lumberjack_Bed.json","2396","C8DDD04268539F42E7CFAC1E8D83D29258F537B6328EDB0E9AF5A3FF7D874E86"
"items","Furniture_Lumberjack_Chair","Furniture/Lumberjack/Furniture_Lumberjack_Chair","Server/Item/Items/Furniture/Lumberjack/Furniture_Lumberjack_Chair.json","2003","83C27ACAD3FEE05330BD71E1B29E849527C4281063A7A4BC601642ACF43AD9A1"
"items","Furniture_Lumberjack_Chest_Small","Furniture/Lumberjack/Furniture_Lumberjack_Chest_Small","Server/Item/Items/Furniture/Lumberjack/Furniture_Lumberjack_Chest_Small.json","2845","398C8C58F78B39AFA4CC411EB11F4D93812C8FE71A3908880777745A4916FCD7"
"items","Furniture_Lumberjack_Door","Furniture/Lumberjack/Furniture_Lumberjack_Door","Server/Item/Items/Furniture/Lumberjack/Furniture_Lumberjack_Door.json","3298","1098200CA4E10709D9296E77A203E80A418F1859B944446CA0E3D1F2D4487E82"
"items","Furniture_Lumberjack_Ladder","Furniture/Lumberjack/Furniture_Lumberjack_Ladder","Server/Item/Items/Furniture/Lumberjack/Furniture_Lumberjack_Ladder.json","1813","1790BCCA9993831AE80530D579E1BF5654CFE2D0D37769CD6A27458699B4E8E4"
"items","Furniture_Lumberjack_Lamp","Furniture/Lumberjack/Furniture_Lumberjack_Lamp","Server/Item/Items/Furniture/Lumberjack/Furniture_Lumberjack_Lamp.json","2637","604D4CBE20C280EC63F5C68EDE3569073967F3F99B4C5084CC6CDB7537B799EC"
"items","Furniture_Lumberjack_Painting","Furniture/Lumberjack/Furniture_Lumberjack_Painting","Server/Item/Items/Furniture/Lumberjack/Furniture_Lumberjack_Painting.json","1391","DC9D6AD67962892D3BCB2A472439303CF08321B5E002B1B18AB17B0F8DDC6731"
"items","Furniture_Lumberjack_Shelf","Furniture/Lumberjack/Furniture_Lumberjack_Shelf","Server/Item/Items/Furniture/Lumberjack/Furniture_Lumberjack_Shelf.json","2007","F5492858185E7BB9EFFD064A98D8D4822D6628159B0F2B86890CC9A1437C9F14"
"items","Furniture_Lumberjack_Sign","Furniture/Lumberjack/Furniture_Lumberjack_Sign","Server/Item/Items/Furniture/Lumberjack/Furniture_Lumberjack_Sign.json","1740","1386B2BB36F455179C92D9445EF345C279E8AD02913C89C974D4382AA4DDAA9F"
"items","Furniture_Lumberjack_Table","Furniture/Lumberjack/Furniture_Lumberjack_Table","Server/Item/Items/Furniture/Lumberjack/Furniture_Lumberjack_Table.json","1877","9FDD15CD41BC95039533BAD94648DC6AF55C5FA826459F55253EC1D6257A7ED5"
"items","Furniture_Lumberjack_Trapdoor","Furniture/Lumberjack/Furniture_Lumberjack_Trapdoor","Server/Item/Items/Furniture/Lumberjack/Furniture_Lumberjack_Trapdoor.json","2484","D3F65BBFADA0C3CED2620DFE919C567BEB3578AA0FB72397587B30825C90E573"
"items","Furniture_Lumberjack_Wardrobe","Furniture/Lumberjack/Furniture_Lumberjack_Wardrobe","Server/Item/Items/Furniture/Lumberjack/Furniture_Lumberjack_Wardrobe.json","1695","12806F276002966E7DFF21B48996195B4264FE53750156C71E4F2D4CE8421C20"
"items","Furniture_Lumberjack_Window","Furniture/Lumberjack/Furniture_Lumberjack_Window","Server/Item/Items/Furniture/Lumberjack/Furniture_Lumberjack_Window.json","1732","F04991D9729BA8736ED415E490507F906C529A5A8536AD309C1F2D9A73EE5680"
"items","Furniture_Lumberjack_Chest_Large","Furniture/Lumberjack/Unique/Furniture_Lumberjack_Chest_Large","Server/Item/Items/Furniture/Lumberjack/Unique/Furniture_Lumberjack_Chest_Large.json","2491","308EA25022A2BD420C771396F5B292F97BAF1A2517D637DFC21F2B22CD6F17E6"
"items","Furniture_Lumberjack_Lantern","Furniture/Lumberjack/Unique/Furniture_Lumberjack_Lantern","Server/Item/Items/Furniture/Lumberjack/Unique/Furniture_Lumberjack_Lantern.json","3833","69463926EAED1D2F1E6235D79B6DFC492141BD3FDEA85CD6F3934D8A91A10C07"
"items","Furniture_Lumberjack_Platform","Furniture/Lumberjack/Unique/Furniture_Lumberjack_Platform","Server/Item/Items/Furniture/Lumberjack/Unique/Furniture_Lumberjack_Platform.json","2088","CAA6573E8B27FFC0C7F7291CD90C08364BC0629634B69DB3FF4A3BCB79585D10"
"items","Furniture_Outlander_Banner","Furniture/Outlander/Furniture_Outlander_Banner","Server/Item/Items/Furniture/Outlander/Furniture_Outlander_Banner.json","1764","5F1A83321297D5457D8EF43729A87A8FE39B64C690506F515C3A6CA88A2EF45D"
"items","Prototype_Window_Corner_Bottom_Left","Furniture/Prototype_Window_Connected_Blocks/Prototype_Window_Corner_Bottom_Left","Server/Item/Items/Furniture/Prototype_Window_Connected_Blocks/Prototype_Window_Corner_Bottom_Left.json","1441","F5307EB7F66DFA166BFC522D1EEE792973AB5864AE378922365A12CDE7A11912"
"items","Prototype_Window_Corner_Bottom_Right","Furniture/Prototype_Window_Connected_Blocks/Prototype_Window_Corner_Bottom_Right","Server/Item/Items/Furniture/Prototype_Window_Connected_Blocks/Prototype_Window_Corner_Bottom_Right.json","1428","A4D9883D502480816C7A9281D41ACDABF352EEB978432379611886D8D7FA4600"
"items","Prototype_Window_Corner_Rounded_Bottom_Left","Furniture/Prototype_Window_Connected_Blocks/Prototype_Window_Corner_Rounded_Bottom_Left","Server/Item/Items/Furniture/Prototype_Window_Connected_Blocks/Prototype_Window_Corner_Rounded_Bottom_Left.json","1448","8356C96709A79449692783F264626DC9BCAB63305DDDCDBA0E30237FABF9A2CA"
"items","Prototype_Window_Corner_Rounded_Bottom_Right","Furniture/Prototype_Window_Connected_Blocks/Prototype_Window_Corner_Rounded_Bottom_Right","Server/Item/Items/Furniture/Prototype_Window_Connected_Blocks/Prototype_Window_Corner_Rounded_Bottom_Right.json","1449","E4EC367627EDEF9FCF89ECA75759EF748C14E6012C1964F0F1F9A98D285481FB"
"items","Prototype_Window_Corner_Rounded_Top_Left","Furniture/Prototype_Window_Connected_Blocks/Prototype_Window_Corner_Rounded_Top_Left","Server/Item/Items/Furniture/Prototype_Window_Connected_Blocks/Prototype_Window_Corner_Rounded_Top_Left.json","1445","441A2AEAF364B590094E943EB821FD83D0F11DFEC65F238E8E13C24BDFB4A99E"
"items","Prototype_Window_Corner_Rounded_Top_Right","Furniture/Prototype_Window_Connected_Blocks/Prototype_Window_Corner_Rounded_Top_Right","Server/Item/Items/Furniture/Prototype_Window_Connected_Blocks/Prototype_Window_Corner_Rounded_Top_Right.json","1446","B777A6EE910CCD1DD3EF69A7FEED3D68A36929A205B28D1A23F276A644F3BA50"
"items","Prototype_Window_Corner_Sloped_Bottom_Left","Furniture/Prototype_Window_Connected_Blocks/Prototype_Window_Corner_Sloped_Bottom_Left","Server/Item/Items/Furniture/Prototype_Window_Connected_Blocks/Prototype_Window_Corner_Sloped_Bottom_Left.json","1446","E8E5B25E14251499F75CDCDC26E80ED512488A9A8882134AB3FAA69CFB2C1A9E"
"items","Prototype_Window_Corner_Sloped_Bottom_Right","Furniture/Prototype_Window_Connected_Blocks/Prototype_Window_Corner_Sloped_Bottom_Right","Server/Item/Items/Furniture/Prototype_Window_Connected_Blocks/Prototype_Window_Corner_Sloped_Bottom_Right.json","1447","18B5834B8BF946B66DB6E3D3CFAF3C3DAC1366465B9AC4CEC1E54E170151ADBC"
"items","Prototype_Window_Corner_Sloped_Top_Left","Furniture/Prototype_Window_Connected_Blocks/Prototype_Window_Corner_Sloped_Top_Left","Server/Item/Items/Furniture/Prototype_Window_Connected_Blocks/Prototype_Window_Corner_Sloped_Top_Left.json","1443","B68E1CB217FCD16B0C951DF8DB65AF2CA7D5D937EC54CD710A02287B18CB2604"
"items","Prototype_Window_Corner_Sloped_Top_Right","Furniture/Prototype_Window_Connected_Blocks/Prototype_Window_Corner_Sloped_Top_Right","Server/Item/Items/Furniture/Prototype_Window_Connected_Blocks/Prototype_Window_Corner_Sloped_Top_Right.json","1444","68EC44E885132EBA4F8E1B32A41DFC4529F278BDF66D14B5051202DEE3661479"
"items","Prototype_Window_Corner_Top_Left","Furniture/Prototype_Window_Connected_Blocks/Prototype_Window_Corner_Top_Left","Server/Item/Items/Furniture/Prototype_Window_Connected_Blocks/Prototype_Window_Corner_Top_Left.json","1416","E4C1B908A825745E5F9894184638DD8520447FBEAC54EC7378C9B50F71149DF6"
"items","Prototype_Window_Corner_Top_Right","Furniture/Prototype_Window_Connected_Blocks/Prototype_Window_Corner_Top_Right","Server/Item/Items/Furniture/Prototype_Window_Connected_Blocks/Prototype_Window_Corner_Top_Right.json","1419","D32308154454D4CDB820BD63326AC295ABE0A854D1BEC5C9C1383D5AE9D702BF"
"items","Prototype_Window_Edge_Bottom","Furniture/Prototype_Window_Connected_Blocks/Prototype_Window_Edge_Bottom","Server/Item/Items/Furniture/Prototype_Window_Connected_Blocks/Prototype_Window_Edge_Bottom.json","1404","2F786D770B73D315FFCB96E310A1AC8209B06F5637CCD05B8CEB2AFAAB8F9474"
"items","Prototype_Window_Edge_Left","Furniture/Prototype_Window_Connected_Blocks/Prototype_Window_Edge_Left","Server/Item/Items/Furniture/Prototype_Window_Connected_Blocks/Prototype_Window_Edge_Left.json","1398","A58037E8C326D8CCDC1BDE0E5D8A754A58D93F0C73BD15A6FD574F5599CFC5EA"
"items","Prototype_Window_Edge_Right","Furniture/Prototype_Window_Connected_Blocks/Prototype_Window_Edge_Right","Server/Item/Items/Furniture/Prototype_Window_Connected_Blocks/Prototype_Window_Edge_Right.json","1402","9DE8CB9ECB0503875924EEA10C894A54FCFD1453D2FCFDD5F90C76603E23D042"
"items","Prototype_Window_Edge_Top","Furniture/Prototype_Window_Connected_Blocks/Prototype_Window_Edge_Top","Server/Item/Items/Furniture/Prototype_Window_Connected_Blocks/Prototype_Window_Edge_Top.json","1395","3C48DA221DE866C444BD877300781BC4CBC072099B330EF66063CF586447359B"
"items","Prototype_Window_Long_Horizontal","Furniture/Prototype_Window_Connected_Blocks/Prototype_Window_Long_Horizontal","Server/Item/Items/Furniture/Prototype_Window_Connected_Blocks/Prototype_Window_Long_Horizontal.json","1415","C5F91AF9798B73B9E962CA6BA104F19DD6974D293A2D5AD7A3A075AF1CA95DF7"
"items","Prototype_Window_Long_Horizontal_End_L","Furniture/Prototype_Window_Connected_Blocks/Prototype_Window_Long_Horizontal_End_L","Server/Item/Items/Furniture/Prototype_Window_Connected_Blocks/Prototype_Window_Long_Horizontal_End_L.json","1429","EB364FCF16F24FBC5165212D697640F7BDD1E2E1531F84FB7F68B6FC0122F012"
"items","Prototype_Window_Long_Horizontal_End_R","Furniture/Prototype_Window_Connected_Blocks/Prototype_Window_Long_Horizontal_End_R","Server/Item/Items/Furniture/Prototype_Window_Connected_Blocks/Prototype_Window_Long_Horizontal_End_R.json","1429","5585890C75BA363AF3C53F8D2F00EAA319B4EEAA4BB609990C323A5767595675"
"items","Prototype_Window_Long_Vertical","Furniture/Prototype_Window_Connected_Blocks/Prototype_Window_Long_Vertical","Server/Item/Items/Furniture/Prototype_Window_Connected_Blocks/Prototype_Window_Long_Vertical.json","1409","4B417D7C1C140405DD604B10C16876E605AEB0BB9D361254B139508A5D7E94B5"
"items","Prototype_Window_Long_Vertical_End_Top","Furniture/Prototype_Window_Connected_Blocks/Prototype_Window_Long_Vertical_End_Top","Server/Item/Items/Furniture/Prototype_Window_Connected_Blocks/Prototype_Window_Long_Vertical_End_Top.json","1425","104A658BE0540D4BC57EB11C52F814C307DBD25F5340910A51FD4EF6111587B9"
"items","Prototype_Window_Middle","Furniture/Prototype_Window_Connected_Blocks/Prototype_Window_Middle","Server/Item/Items/Furniture/Prototype_Window_Connected_Blocks/Prototype_Window_Middle.json","1382","F347E6620A916A7BB7DCA25A81EE166A126A90832AD66325BD782ED575FCD2DB"
"items","Prototype_Window_Single","Furniture/Prototype_Window_Connected_Blocks/Prototype_Window_Single","Server/Item/Items/Furniture/Prototype_Window_Connected_Blocks/Prototype_Window_Single.json","1515","CD72D0532BBC1428A32EB27A28C95509357F1866709FE2CE31DBC21C45E84FE8"
"items","Prototype_Window_Vertical_End_Bottom","Furniture/Prototype_Window_Connected_Blocks/Prototype_Window_Vertical_End_Bottom","Server/Item/Items/Furniture/Prototype_Window_Connected_Blocks/Prototype_Window_Vertical_End_Bottom.json","1424","FA02B199BDAF52EAE577DE03A971665D3819F12AE4EF5C22CDCF1449BDF48A1D"
"items","Prototype_Window_Vertical_Round_Bottom","Furniture/Prototype_Window_Connected_Blocks/Prototype_Window_Vertical_Round_Bottom","Server/Item/Items/Furniture/Prototype_Window_Connected_Blocks/Prototype_Window_Vertical_Round_Bottom.json","1436","580224ABA1464D79797675C2E839E3515D23E29FF4C7DEC9B393E1E7A81E924A"
"items","Prototype_Window_Vertical_Round_Top","Furniture/Prototype_Window_Connected_Blocks/Prototype_Window_Vertical_Round_Top","Server/Item/Items/Furniture/Prototype_Window_Connected_Blocks/Prototype_Window_Vertical_Round_Top.json","1430","6ACBD157A49FF870886310DDC9EFCBE04602205FCC496A384E13E777C809F887"
"items","Prototype_Window_Vertical_Triangle_Bottom","Furniture/Prototype_Window_Connected_Blocks/Prototype_Window_Vertical_Triangle_Bottom","Server/Item/Items/Furniture/Prototype_Window_Connected_Blocks/Prototype_Window_Vertical_Triangle_Bottom.json","1440","5BAE4A17D170FE0D4DE145022E1440E822FDC15014D51FD2C28CE755BD444F8B"
"items","Prototype_Window_Vertical_Triangle_Top","Furniture/Prototype_Window_Connected_Blocks/Prototype_Window_Vertical_Triangle_Top","Server/Item/Items/Furniture/Prototype_Window_Connected_Blocks/Prototype_Window_Vertical_Triangle_Top.json","1434","EA9DA104B88ABDD2619042E469570D208C4137E51586434E4674AB72DF8D0F05"
"items","Furniture_Scarak_Hive_Chest_Small","Furniture/Scarak_Hive/Furniture_Scarak_Hive_Chest_Small","Server/Item/Items/Furniture/Scarak_Hive/Furniture_Scarak_Hive_Chest_Small.json","3208","DBCEBCD57621EC443E5B9D8504EDAB360A05C48FD215D875F5B8E69FB7BE767B"
"items","Furniture_Scarak_Hive_Door_Medium","Furniture/Scarak_Hive/Furniture_Scarak_Hive_Door_Medium","Server/Item/Items/Furniture/Scarak_Hive/Furniture_Scarak_Hive_Door_Medium.json","2635","B5733C07DC8B6440260B34281B661CA99AE2F67E144BF9B2DBBC19EDF221222A"
"items","Furniture_Scarak_Hive_Ladder","Furniture/Scarak_Hive/Furniture_Scarak_Hive_Ladder","Server/Item/Items/Furniture/Scarak_Hive/Furniture_Scarak_Hive_Ladder.json","1781","1411B6871297D357F88884285AAF73A3E4D037437438328450ACF7E655E65B14"
"items","Furniture_Scarak_Hive_Lantern","Furniture/Scarak_Hive/Furniture_Scarak_Hive_Lantern","Server/Item/Items/Furniture/Scarak_Hive/Furniture_Scarak_Hive_Lantern.json","2395","CC590FF3DFFD136BDF0657F9BCA0683D35C7C8CD390F482EC2645D15A9A04090"
"items","Furniture_Scarak_Hive_Window","Furniture/Scarak_Hive/Furniture_Scarak_Hive_Window","Server/Item/Items/Furniture/Scarak_Hive/Furniture_Scarak_Hive_Window.json","1369","4969A1DFA19D9EE8D6318CBB4F86EB84ACFC9AD1C917104D6EABA12D7EABBD84"
"items","Furniture_Scarak_Hive_Chest_Large","Furniture/Scarak_Hive/Unique/Furniture_Scarak_Hive_Chest_Large","Server/Item/Items/Furniture/Scarak_Hive/Unique/Furniture_Scarak_Hive_Chest_Large.json","2596","5C9271AE96F85BC7FC2687933ABACCA53DF37A6EA2B0C5ABB58EC2F476728D87"
"items","Furniture_Scarak_Hive_Door_Large","Furniture/Scarak_Hive/Unique/Furniture_Scarak_Hive_Door_Large","Server/Item/Items/Furniture/Scarak_Hive/Unique/Furniture_Scarak_Hive_Door_Large.json","2869","154A8314A349904376B10E8297CCCFC82DD6453B62989591FD946CD26EA59A90"
"items","Furniture_Scarak_Hive_Lamp","Furniture/Scarak_Hive/Unique/Furniture_Scarak_Hive_Lamp","Server/Item/Items/Furniture/Scarak_Hive/Unique/Furniture_Scarak_Hive_Lamp.json","2245","BC794DF1A6F3B45756385F84E294325D58099856C328F73CEF6B3A8DD3B1BB1F"
"items","Furniture_Scarak_Hive_Platform","Furniture/Scarak_Hive/Unique/Furniture_Scarak_Hive_Platform","Server/Item/Items/Furniture/Scarak_Hive/Unique/Furniture_Scarak_Hive_Platform.json","1806","4EAF5C479E68EF4D193431D5E72DA572CF7E862D08907449144DCAC53866C688"
"items","Furniture_Tavern_Bed","Furniture/Tavern/Furniture_Tavern_Bed","Server/Item/Items/Furniture/Tavern/Furniture_Tavern_Bed.json","2344","0A777A47FBDBD441965CEC49170BB0D5FCA7842B7F524BB57442DBA0E4DBC738"
"items","Furniture_Tavern_Chair","Furniture/Tavern/Furniture_Tavern_Chair","Server/Item/Items/Furniture/Tavern/Furniture_Tavern_Chair.json","1829","69616BF230136CA5B6A523D626BD45CEC3460FCDE895255A2B7DC0F7074735F4"
"items","Furniture_Tavern_Chandelier","Furniture/Tavern/Furniture_Tavern_Chandelier","Server/Item/Items/Furniture/Tavern/Furniture_Tavern_Chandelier.json","4221","A77A35D46C903B67984A57D335362892405F7250CAEB0D78A3825B48C5AE1959"
"items","Furniture_Tavern_Chest_Small","Furniture/Tavern/Furniture_Tavern_Chest_Small","Server/Item/Items/Furniture/Tavern/Furniture_Tavern_Chest_Small.json","2814","ADE568B0CD94D467C82BDDFAE2F1121A305D3757EA1ADF770C7F990FE8EBC08C"
"items","Furniture_Tavern_Door","Furniture/Tavern/Furniture_Tavern_Door","Server/Item/Items/Furniture/Tavern/Furniture_Tavern_Door.json","3255","94393B7FA70CE2BB88D87B5FE1FF825721AE5F3848B731A5B1EAF030E78973A8"
"items","Furniture_Tavern_Ladder","Furniture/Tavern/Furniture_Tavern_Ladder","Server/Item/Items/Furniture/Tavern/Furniture_Tavern_Ladder.json","1790","298A68D12E3C7C3DDBBA3F4C45AE83DF2415D8A58762157364B69BAC15D4C45E"
"items","Furniture_Tavern_Painting","Furniture/Tavern/Furniture_Tavern_Painting","Server/Item/Items/Furniture/Tavern/Furniture_Tavern_Painting.json","1421","3BF180C357D3AE27D1AF36BE18444207984157F2D65027F7D457167AE15BDC25"
"items","Furniture_Tavern_Shelf","Furniture/Tavern/Furniture_Tavern_Shelf","Server/Item/Items/Furniture/Tavern/Furniture_Tavern_Shelf.json","1997","5C07D60063E0B2F0F2ACDFEEBF4CCB454B0486BCE75A50FF23246E448E2CB238"
"items","Furniture_Tavern_Sign","Furniture/Tavern/Furniture_Tavern_Sign","Server/Item/Items/Furniture/Tavern/Furniture_Tavern_Sign.json","1795","8B27066A43FE05F0B6BA8CA2971D466E4C29F5E15AE9A328BCE4466F54BA9124"
"items","Furniture_Tavern_Stool","Furniture/Tavern/Furniture_Tavern_Stool","Server/Item/Items/Furniture/Tavern/Furniture_Tavern_Stool.json","1718","5416BFA235CA125EAF73F609AB8D06E089F6BD8DD7A463002B152A37EFDA5F5C"
"items","Furniture_Tavern_Table","Furniture/Tavern/Furniture_Tavern_Table","Server/Item/Items/Furniture/Tavern/Furniture_Tavern_Table.json","1762","781104BCF2113A8CF69FAF703C0D2C1C784680120D29ACD856C955FF2062709C"
"items","Furniture_Tavern_Trapdoor","Furniture/Tavern/Furniture_Tavern_Trapdoor","Server/Item/Items/Furniture/Tavern/Furniture_Tavern_Trapdoor.json","2452","D75B142F3BEA82F68EDF02A4ADCC0DDE2358BE5A2B32F7821EA89E82D41891BA"
"items","Furniture_Tavern_Wardrobe","Furniture/Tavern/Furniture_Tavern_Wardrobe","Server/Item/Items/Furniture/Tavern/Furniture_Tavern_Wardrobe.json","1672","06DC06E057B5988FB5E1669C85A4299C3117D19133AD7ECBF44ED44ED4268658"
"items","Furniture_Tavern_Window","Furniture/Tavern/Furniture_Tavern_Window","Server/Item/Items/Furniture/Tavern/Furniture_Tavern_Window.json","1851","886A785868A52A66ACEFE710026EB61859BD5E072125819C49AE50F94AD7EAB4"
"items","Furniture_Tavern_Barrel","Furniture/Tavern/Unique/Furniture_Tavern_Barrel","Server/Item/Items/Furniture/Tavern/Unique/Furniture_Tavern_Barrel.json","1464","3049E2AB5D4C29F04C1EAA13F297BD631D4E03238FD8694AFF6BC1C39D465DFC"
"items","Furniture_Tavern_Bench","Furniture/Tavern/Unique/Furniture_Tavern_Bench","Server/Item/Items/Furniture/Tavern/Unique/Furniture_Tavern_Bench.json","2070","0FB9F71950AE44033D59E4BC0ABCC5506B50D50E77691058DF6CD726CD06BA9A"
"items","Furniture_Tavern_Candle","Furniture/Tavern/Unique/Furniture_Tavern_Candle","Server/Item/Items/Furniture/Tavern/Unique/Furniture_Tavern_Candle.json","3159","CDB66DF6BE02C632C5CDCCFE30CF35B6CFFC48DD01EF0D25392B83E2E7A28004"
"items","Furniture_Tavern_Chest_Large","Furniture/Tavern/Unique/Furniture_Tavern_Chest_Large","Server/Item/Items/Furniture/Tavern/Unique/Furniture_Tavern_Chest_Large.json","2457","31FDDD75048D8B20405A18054E6235B90185987CF3F23DA42ECD7DA2560533C7"
"items","Furniture_Tavern_Planter","Furniture/Tavern/Unique/Furniture_Tavern_Planter","Server/Item/Items/Furniture/Tavern/Unique/Furniture_Tavern_Planter.json","1869","CF993154D2EB10E36B3D6682FF6768E1340E4F26DD9ED80BC98A49B56A0CCFB2"
"items","Furniture_Tavern_Platform","Furniture/Tavern/Unique/Furniture_Tavern_Platform","Server/Item/Items/Furniture/Tavern/Unique/Furniture_Tavern_Platform.json","2062","A8976847D1466F6869F3D1C419D3EDC405F403C7C2ADAF38ADBFCF60DDD87DC3"
"items","Furniture_Temple_Dark_Bed","Furniture/Temple_Dark/Furniture_Temple_Dark_Bed","Server/Item/Items/Furniture/Temple_Dark/Furniture_Temple_Dark_Bed.json","2230","228AC0A707E8A4ED4B80F9227A96D50905864A84BB9B6D51F8DCBE6D935FD75D"
"items","Furniture_Temple_Dark_Brazier","Furniture/Temple_Dark/Furniture_Temple_Dark_Brazier","Server/Item/Items/Furniture/Temple_Dark/Furniture_Temple_Dark_Brazier.json","2785","11031367A8411B5124E6F6582C665ED00C4A0F978F6EAE56F9BEA1368A4CC58B"
"items","Furniture_Temple_Dark_Chest_Small","Furniture/Temple_Dark/Furniture_Temple_Dark_Chest_Small","Server/Item/Items/Furniture/Temple_Dark/Furniture_Temple_Dark_Chest_Small.json","2907","8061340983AEA82250140422830F9857152D408725906F60306A01A0C9EA779A"
"items","Furniture_Temple_Dark_Door","Furniture/Temple_Dark/Furniture_Temple_Dark_Door","Server/Item/Items/Furniture/Temple_Dark/Furniture_Temple_Dark_Door.json","3214","87CDA370FA878BB338A1ABA5EA9CFC3582002D484960254A74B5DB447C87A4E6"
"items","Furniture_Temple_Dark_Ladder","Furniture/Temple_Dark/Furniture_Temple_Dark_Ladder","Server/Item/Items/Furniture/Temple_Dark/Furniture_Temple_Dark_Ladder.json","1722","8B4184B78C3135A4066314E418001207B663DC28A342CF8195FF4804DA1EB360"
"items","Furniture_Temple_Dark_Shelf","Furniture/Temple_Dark/Furniture_Temple_Dark_Shelf","Server/Item/Items/Furniture/Temple_Dark/Furniture_Temple_Dark_Shelf.json","1916","2D4559189632BFD8D52C4AD897C222B604F1AAB1CB4343E3DA09679BEB2BC725"
"items","Furniture_Temple_Dark_Sign","Furniture/Temple_Dark/Furniture_Temple_Dark_Sign","Server/Item/Items/Furniture/Temple_Dark/Furniture_Temple_Dark_Sign.json","1727","D4BDEB5BA73860C2B5499297D0A45EB7D13DC1191989083C055946BC384349CF"
"items","Furniture_Temple_Dark_Stool","Furniture/Temple_Dark/Furniture_Temple_Dark_Stool","Server/Item/Items/Furniture/Temple_Dark/Furniture_Temple_Dark_Stool.json","1744","0B9AAF5958C71168180362D076AD5FCD7DB631D07E091DB098EC5119F7563EA6"
"items","Furniture_Temple_Dark_Table","Furniture/Temple_Dark/Furniture_Temple_Dark_Table","Server/Item/Items/Furniture/Temple_Dark/Furniture_Temple_Dark_Table.json","1696","FA37AB925F39D90BC0C361C3A818095838B4E7B742D334BEFD4EF0C57399021A"
"items","Furniture_Temple_Dark_Trapdoor","Furniture/Temple_Dark/Furniture_Temple_Dark_Trapdoor","Server/Item/Items/Furniture/Temple_Dark/Furniture_Temple_Dark_Trapdoor.json","2337","D08947FC9392E2FE2A8A829E8D6FC59EEAF12E6776D8F87D9E7F4EB2A65131AE"
"items","Furniture_Temple_Dark_Wardrobe","Furniture/Temple_Dark/Furniture_Temple_Dark_Wardrobe","Server/Item/Items/Furniture/Temple_Dark/Furniture_Temple_Dark_Wardrobe.json","1605","2927F0B00CE54E8B32180886C8754B9A0B566500F97638C810FF4F7D97096B07"
"items","Furniture_Temple_Dark_Window","Furniture/Temple_Dark/Furniture_Temple_Dark_Window","Server/Item/Items/Furniture/Temple_Dark/Furniture_Temple_Dark_Window.json","1773","4B0AD9754DB9576CD490B649E65A940FB270A4AF32C80E8293DF8A4C45526F35"
"items","Furniture_Temple_Dark_Candle","Furniture/Temple_Dark/Unique/Furniture_Temple_Dark_Candle","Server/Item/Items/Furniture/Temple_Dark/Unique/Furniture_Temple_Dark_Candle.json","2760","BA83A8D3FAF50CA819F386103C6088EB4BF088D159DC907F895BBCD11CAA497C"
"items","Furniture_Temple_Dark_Chest_Large","Furniture/Temple_Dark/Unique/Furniture_Temple_Dark_Chest_Large","Server/Item/Items/Furniture/Temple_Dark/Unique/Furniture_Temple_Dark_Chest_Large.json","2394","368E3AABA2F907BBBA4E5FAABDBF32A0D3928602ED5ED3362514BC7D0709DD38"
"items","Furniture_Temple_Dark_Coffin","Furniture/Temple_Dark/Unique/Furniture_Temple_Dark_Coffin","Server/Item/Items/Furniture/Temple_Dark/Unique/Furniture_Temple_Dark_Coffin.json","1896","B0A38735F1534E3A51C9254BE2DE1543714673A75B733CFBBA4F204F9D7AD279"
"items","Furniture_Temple_Dark_Door_Large","Furniture/Temple_Dark/Unique/Furniture_Temple_Dark_Door_Large","Server/Item/Items/Furniture/Temple_Dark/Unique/Furniture_Temple_Dark_Door_Large.json","2955","1873B9C5D03FFF91F36B1CB0C24BFDC721069CE40D5B91FC09F60DEEF3D2B54F"
"items","Furniture_Temple_Dark_Door_Medium","Furniture/Temple_Dark/Unique/Furniture_Temple_Dark_Door_Medium","Server/Item/Items/Furniture/Temple_Dark/Unique/Furniture_Temple_Dark_Door_Medium.json","2746","4479BC125BB5EC9565D3C5E28FBCEF4E4E4DDAA8CD39D48E9C919DF69C9CF26C"
"items","Furniture_Temple_Dark_Platform","Furniture/Temple_Dark/Unique/Furniture_Temple_Dark_Platform","Server/Item/Items/Furniture/Temple_Dark/Unique/Furniture_Temple_Dark_Platform.json","1999","C04236CDCC1AFEEB730E7D52D157AF99EFFCB0A754518624E64370D84C6BB9BF"
"items","Furniture_Temple_Dark_Pot","Furniture/Temple_Dark/Unique/Furniture_Temple_Dark_Pot","Server/Item/Items/Furniture/Temple_Dark/Unique/Furniture_Temple_Dark_Pot.json","1134","6103975EF4CF077C28EBFE928830C55BA24E07FE9A2143B40813DD29247B9361"
"items","Furniture_Temple_Dark_Statue","Furniture/Temple_Dark/Unique/Furniture_Temple_Dark_Statue","Server/Item/Items/Furniture/Temple_Dark/Unique/Furniture_Temple_Dark_Statue.json","1419","1FA45F04CDB06E4093C3C5CC738448523EE8B3BA7556B176527E9877E38FE825"
"items","Furniture_Temple_Dark_Statue_Gaia","Furniture/Temple_Dark/Unique/Furniture_Temple_Dark_Statue_Gaia","Server/Item/Items/Furniture/Temple_Dark/Unique/Furniture_Temple_Dark_Statue_Gaia.json","1357","3418C7BE4990A663C309CA295795E1437E8DB50DACA832AD758C60A2D9D36A9B"
"items","Furniture_Temple_Earth_Door","Furniture/Temple_Earth/Furniture_Temple_Earth_Door","Server/Item/Items/Furniture/Temple_Earth/Furniture_Temple_Earth_Door.json","3308","518F67FDD93030A2C07E25F293886DB960009F5198AA99A436E617B13DC6E9C9"
"items","Furniture_Temple_Emerald_Bed","Furniture/Temple_Emerald/Furniture_Temple_Emerald_Bed","Server/Item/Items/Furniture/Temple_Emerald/Furniture_Temple_Emerald_Bed.json","1953","19C4C663F5DF4989391DC73EC590D2B9EDD5E01D5737DAD63968ABD385C39D13"
"items","Furniture_Temple_Emerald_Chest_Small","Furniture/Temple_Emerald/Furniture_Temple_Emerald_Chest_Small","Server/Item/Items/Furniture/Temple_Emerald/Furniture_Temple_Emerald_Chest_Small.json","2924","C90377699160D779589C1ED202A00337227344BA8A4A67CEF4141A46A43A38E9"
"items","Furniture_Temple_Emerald_Door","Furniture/Temple_Emerald/Furniture_Temple_Emerald_Door","Server/Item/Items/Furniture/Temple_Emerald/Furniture_Temple_Emerald_Door.json","3313","E69B002DE04146AF7C8650621410F61F0FBE413327AB2A478EEFF745984603CF"
"items","Furniture_Temple_Emerald_Ladder","Furniture/Temple_Emerald/Furniture_Temple_Emerald_Ladder","Server/Item/Items/Furniture/Temple_Emerald/Furniture_Temple_Emerald_Ladder.json","1826","3C1DDB07A8F137A188A73C9F672F7F2ED42AE7EF7BCDB82E970B1FA73F8E04D6"
"items","Furniture_Temple_Emerald_Shelf","Furniture/Temple_Emerald/Furniture_Temple_Emerald_Shelf","Server/Item/Items/Furniture/Temple_Emerald/Furniture_Temple_Emerald_Shelf.json","1933","F746C61E2D3F8CB4593AF074215C5DE8DF54214EFEC70828643C3BBE5CD1A8E0"
"items","Furniture_Temple_Emerald_Sign","Furniture/Temple_Emerald/Furniture_Temple_Emerald_Sign","Server/Item/Items/Furniture/Temple_Emerald/Furniture_Temple_Emerald_Sign.json","1672","54C7CD869D13EB1FA8CEE671B11339184B017E07FFAB70BF024E750747BA9754"
"items","Furniture_Temple_Emerald_Statue","Furniture/Temple_Emerald/Furniture_Temple_Emerald_Statue","Server/Item/Items/Furniture/Temple_Emerald/Furniture_Temple_Emerald_Statue.json","1359","F5D38785595DC02E0EF43F0D0D83D70595D6F690E5DFC8D3274F98434A5F03B2"
"items","Furniture_Temple_Emerald_Stool","Furniture/Temple_Emerald/Furniture_Temple_Emerald_Stool","Server/Item/Items/Furniture/Temple_Emerald/Furniture_Temple_Emerald_Stool.json","1818","58F71B665CBF77DA445160A9F59F7530C726907D18E406B9860D8D857F8DBDED"
"items","Furniture_Temple_Emerald_Torch","Furniture/Temple_Emerald/Furniture_Temple_Emerald_Torch","Server/Item/Items/Furniture/Temple_Emerald/Furniture_Temple_Emerald_Torch.json","4052","1692759CC4A379DBB75126BF53F104B627942A9C8AFCC976DD689D174C8DCF87"
"items","Furniture_Temple_Emerald_Trapdoor","Furniture/Temple_Emerald/Furniture_Temple_Emerald_Trapdoor","Server/Item/Items/Furniture/Temple_Emerald/Furniture_Temple_Emerald_Trapdoor.json","2424","820DFD9AF544F70029F931B8F4BB0C79EFBAADC3FE7CB136D1126510D9A88512"
"items","Furniture_Temple_Emerald_Wardrobe","Furniture/Temple_Emerald/Furniture_Temple_Emerald_Wardrobe","Server/Item/Items/Furniture/Temple_Emerald/Furniture_Temple_Emerald_Wardrobe.json","1622","D26B35D4A2B43D8EAE64595881A44834C0ABE5745D48BC851418621F3D402BA4"
"items","Furniture_Temple_Emerald_Window","Furniture/Temple_Emerald/Furniture_Temple_Emerald_Window","Server/Item/Items/Furniture/Temple_Emerald/Furniture_Temple_Emerald_Window.json","1745","23C0B73D44E6DFC37D24B0B95D88CF457B0AFD81CAB0B2028E035FDC345F1465"
"items","Furniture_Temple_Emerald_Chest_Large","Furniture/Temple_Emerald/Unique/Furniture_Temple_Emerald_Chest_Large","Server/Item/Items/Furniture/Temple_Emerald/Unique/Furniture_Temple_Emerald_Chest_Large.json","2407","1993E665EF86CFC920287AF78008E6F0284ED11DEF800C23B5CCE1936274BF6F"
"items","Furniture_Temple_Emerald_Door_Medium","Furniture/Temple_Emerald/Unique/Furniture_Temple_Emerald_Door_Medium","Server/Item/Items/Furniture/Temple_Emerald/Unique/Furniture_Temple_Emerald_Door_Medium.json","2813","290EEC21A971AF56149B9AEE8B9C19A3B7B8AAE02800F0BF415DE1D980EF5D0B"
"items","Furniture_Temple_Emerald_Platform","Furniture/Temple_Emerald/Unique/Furniture_Temple_Emerald_Platform","Server/Item/Items/Furniture/Temple_Emerald/Unique/Furniture_Temple_Emerald_Platform.json","2096","903B601B8189BB6B7C8202935888C97BEED0A92FB88A48BA8C4A8C9909D1DD56"
"items","Furniture_Temple_Emerald_Table","Furniture/Temple_Emerald/Unique/Furniture_Temple_Emerald_Table","Server/Item/Items/Furniture/Temple_Emerald/Unique/Furniture_Temple_Emerald_Table.json","2039","E024DC716A44525ECF511BF95DAEF485D21A65E866D92156BB145EC4F6D12B70"
"items","Furniture_Temple_Light_Bed","Furniture/Temple_Light/Furniture_Temple_Light_Bed","Server/Item/Items/Furniture/Temple_Light/Furniture_Temple_Light_Bed.json","1824","93E34CB78A0008990D343EF6FA98FB8C2C4FCBB66865BE274F6C1CB7B2906A65"
"items","Furniture_Temple_Light_Chest_Small","Furniture/Temple_Light/Furniture_Temple_Light_Chest_Small","Server/Item/Items/Furniture/Temple_Light/Furniture_Temple_Light_Chest_Small.json","2792","3073E89C0D64EB6033E9AB72A3DFC0EC3A9106554E3AF876E44B20B0C9C71ED1"
"items","Furniture_Temple_Light_Door","Furniture/Temple_Light/Furniture_Temple_Light_Door","Server/Item/Items/Furniture/Temple_Light/Furniture_Temple_Light_Door.json","3222","D237DD18B2C0ABFFBA1C22ECD46AA3616C7A90A30D89469488F420A58609C1AB"
"items","Furniture_Temple_Light_Ladder","Furniture/Temple_Light/Furniture_Temple_Light_Ladder","Server/Item/Items/Furniture/Temple_Light/Furniture_Temple_Light_Ladder.json","1697","65BD86874505445CBDB370009AA1522C46D44ECC3B6074CED54C7C0A13C448DC"
"items","Furniture_Temple_Light_Lantern","Furniture/Temple_Light/Furniture_Temple_Light_Lantern","Server/Item/Items/Furniture/Temple_Light/Furniture_Temple_Light_Lantern.json","3485","99C5BEAA3E6B907291EDBEF2322B963EA99B28890575A5F7C9F5DD331FF83A2C"
"items","Furniture_Temple_Light_Lantern_Ceiling","Furniture/Temple_Light/Furniture_Temple_Light_Lantern_Ceiling","Server/Item/Items/Furniture/Temple_Light/Furniture_Temple_Light_Lantern_Ceiling.json","2848","AEA945EC780F10F289F4CF335EABBA258ABC82197BB04515CD6AAF4EA8AEE19A"
"items","Furniture_Temple_Light_Painting","Furniture/Temple_Light/Furniture_Temple_Light_Painting","Server/Item/Items/Furniture/Temple_Light/Furniture_Temple_Light_Painting.json","1316","5C1D89A7411FE3F4FF4D0DD45DFCBED34BB926857085742B2C1D5639F136B60D"
"items","Furniture_Temple_Light_Shelf","Furniture/Temple_Light/Furniture_Temple_Light_Shelf","Server/Item/Items/Furniture/Temple_Light/Furniture_Temple_Light_Shelf.json","1928","F342D100FC945CA8837B83292D89F2B90861B4303468D17B83446CE8EF57AFE7"
"items","Furniture_Temple_Light_Stool","Furniture/Temple_Light/Furniture_Temple_Light_Stool","Server/Item/Items/Furniture/Temple_Light/Furniture_Temple_Light_Stool.json","1749","8D58173AE54B0E232610F0EF90768982C6849738126C792AA04933F2FC48FFE0"
"items","Furniture_Temple_Light_Table","Furniture/Temple_Light/Furniture_Temple_Light_Table","Server/Item/Items/Furniture/Temple_Light/Furniture_Temple_Light_Table.json","1761","A0F3B3EECBBBC1484AC83E59B3E64636E6A7989E216475D72091F932C3C9F971"
"items","Furniture_Temple_Light_Trapdoor","Furniture/Temple_Light/Furniture_Temple_Light_Trapdoor","Server/Item/Items/Furniture/Temple_Light/Furniture_Temple_Light_Trapdoor.json","2372","37A1FA0C76626CC0DF5306ABDF6A561D8DFB7AE2471DD5E0FF0F28271DA988AE"
"items","Furniture_Temple_Light_Wardrobe","Furniture/Temple_Light/Furniture_Temple_Light_Wardrobe","Server/Item/Items/Furniture/Temple_Light/Furniture_Temple_Light_Wardrobe.json","1612","032E8AB83EE526E7DDB9294560EAB04F9EB596EEC2CDCF9EE2938A9FC3EAEE31"
"items","Furniture_Temple_Light_Window","Furniture/Temple_Light/Furniture_Temple_Light_Window","Server/Item/Items/Furniture/Temple_Light/Furniture_Temple_Light_Window.json","1770","5828655F3C28A51CFAC4DD961EC0B0A46946E57D7F59A7DBFDC0E6987C09BB9C"
"items","Furniture_Temple_Light_Bench","Furniture/Temple_Light/Unique/Furniture_Temple_Light_Bench","Server/Item/Items/Furniture/Temple_Light/Unique/Furniture_Temple_Light_Bench.json","1694","DC68BBF8E247E8D38224247C5B4F60438CD64B45E82846B28A512F7685DBED2B"
"items","Furniture_Temple_Light_Brazier","Furniture/Temple_Light/Unique/Furniture_Temple_Light_Brazier","Server/Item/Items/Furniture/Temple_Light/Unique/Furniture_Temple_Light_Brazier.json","2691","B9507437479A4EE1D9C925A1E63123C2685F7AF36969DA6EE7CFBFE145874685"
"items","Furniture_Temple_Light_Chest_Large","Furniture/Temple_Light/Unique/Furniture_Temple_Light_Chest_Large","Server/Item/Items/Furniture/Temple_Light/Unique/Furniture_Temple_Light_Chest_Large.json","2372","5A5A3332FAC288553731521A89C31A650BC88A75089C2C3FD265D5A5ED15D6A6"
"items","Furniture_Temple_Light_Door_Large","Furniture/Temple_Light/Unique/Furniture_Temple_Light_Door_Large","Server/Item/Items/Furniture/Temple_Light/Unique/Furniture_Temple_Light_Door_Large.json","2959","2AA2DE9857A5AB20D68809C09213E042CFAF3CD9AA28C335A38CAB1FE26C6EE8"
"items","Furniture_Temple_Light_Door_Medilum","Furniture/Temple_Light/Unique/Furniture_Temple_Light_Door_Medilum","Server/Item/Items/Furniture/Temple_Light/Unique/Furniture_Temple_Light_Door_Medilum.json","2730","904BD1FFAB9E61E4367D6DDF22D6ECB8F9C22B22CC7001E2034F3AD52A476BCA"
"items","Furniture_Temple_Light_Platform","Furniture/Temple_Light/Unique/Furniture_Temple_Light_Platform","Server/Item/Items/Furniture/Temple_Light/Unique/Furniture_Temple_Light_Platform.json","1678","8C6358FC5790789F36348412EF6E1F254F9461B2B2250445106B44DB60776C81"
"items","Furniture_Temple_Light_Pot","Furniture/Temple_Light/Unique/Furniture_Temple_Light_Pot","Server/Item/Items/Furniture/Temple_Light/Unique/Furniture_Temple_Light_Pot.json","1173","3FDF5DC49DD6DB4B5410686B14583C8CC8305F389BE346F4FB0517B3D84D6E09"
"items","Furniture_Temple_Light_Statue","Furniture/Temple_Light/Unique/Furniture_Temple_Light_Statue","Server/Item/Items/Furniture/Temple_Light/Unique/Furniture_Temple_Light_Statue.json","1376","98931BF1546BB3F15E1E3DC9D8725DE9D06098EF19D9668B0CFBE0D0DFAB4F7F"
"items","Furniture_Temple_Scarak_Chest_Small","Furniture/Temple_Scarak/Furniture_Temple_Scarak_Chest_Small","Server/Item/Items/Furniture/Temple_Scarak/Furniture_Temple_Scarak_Chest_Small.json","2617","7653D644D799405E86DF87FCDE795CA3D20E81C0A0F7DF31C800EC7C3AC274CE"
"items","Furniture_Temple_Scarak_Ladder","Furniture/Temple_Scarak/Furniture_Temple_Scarak_Ladder","Server/Item/Items/Furniture/Temple_Scarak/Furniture_Temple_Scarak_Ladder.json","1473","6ABF74C20C4C9365B5057C31C8786E33222316445C69760B3A07CEEC276EB4BB"
"items","Furniture_Temple_Scarak_Lamp","Furniture/Temple_Scarak/Furniture_Temple_Scarak_Lamp","Server/Item/Items/Furniture/Temple_Scarak/Furniture_Temple_Scarak_Lamp.json","2564","BDA46C7B2771B0AE75BFC1DB8DFD49676E3C3A66CF835E42F2A1F5561271F514"
"items","Furniture_Temple_Scarak_Window","Furniture/Temple_Scarak/Furniture_Temple_Scarak_Window","Server/Item/Items/Furniture/Temple_Scarak/Furniture_Temple_Scarak_Window.json","1345","7621E888CB2DFD2AFCF62B7F08DC9C63FA16852C3BB18765A4E9C78378E9CC44"
"items","Furniture_Temple_Scarak_Brazier","Furniture/Temple_Scarak/Unique/Furniture_Temple_Scarak_Brazier","Server/Item/Items/Furniture/Temple_Scarak/Unique/Furniture_Temple_Scarak_Brazier.json","2141","FF83A7D9345A8AEE169C2200B2790783EC50928BE8F243EF2F2FB8EE13B9F435"
"items","Furniture_Temple_Scarak_Chest_Large","Furniture/Temple_Scarak/Unique/Furniture_Temple_Scarak_Chest_Large","Server/Item/Items/Furniture/Temple_Scarak/Unique/Furniture_Temple_Scarak_Chest_Large.json","2657","57C5BE5979A34F68A62FDCACF109E422119BF3D093B4283E6901228F8C9595CE"
"items","Furniture_Temple_Scarak_Door_Large","Furniture/Temple_Scarak/Unique/Furniture_Temple_Scarak_Door_Large","Server/Item/Items/Furniture/Temple_Scarak/Unique/Furniture_Temple_Scarak_Door_Large.json","2940","477FB0F294C26923A38B01B1C54D5579CF45FC113EA15753D1507557A71DF6F4"
"items","Furniture_Temple_Scarak_Door_Medium","Furniture/Temple_Scarak/Unique/Furniture_Temple_Scarak_Door_Medium","Server/Item/Items/Furniture/Temple_Scarak/Unique/Furniture_Temple_Scarak_Door_Medium.json","2697","EDC17F70A3A0CABDA66A39BAEA36FBFE868EE47C5907E6374397A164B4765BEF"
"items","Furniture_Temple_Scarak_Lantern","Furniture/Temple_Scarak/Unique/Furniture_Temple_Scarak_Lantern","Server/Item/Items/Furniture/Temple_Scarak/Unique/Furniture_Temple_Scarak_Lantern.json","2601","7E5E066B2DDBC290EF1E5788F8F478DED970F5C08B2A7B596E3C0B8C9BEBAB9C"
"items","Furniture_Temple_Scarak_Planter","Furniture/Temple_Scarak/Unique/Furniture_Temple_Scarak_Planter","Server/Item/Items/Furniture/Temple_Scarak/Unique/Furniture_Temple_Scarak_Planter.json","1382","1B0FD1B9A9D89C752ABE4231A69017E8211EFB92ED4079217DDFB236CC96C87B"
"items","Furniture_Temple_Scarak_Platform","Furniture/Temple_Scarak/Unique/Furniture_Temple_Scarak_Platform","Server/Item/Items/Furniture/Temple_Scarak/Unique/Furniture_Temple_Scarak_Platform.json","1725","59A7E5390D6CCD96D4508A7849C1E7FF899EC54A34FFC7CC4E01C1C2C9C5910A"
"items","Furniture_Temple_Scarak_Pot","Furniture/Temple_Scarak/Unique/Furniture_Temple_Scarak_Pot","Server/Item/Items/Furniture/Temple_Scarak/Unique/Furniture_Temple_Scarak_Pot.json","1341","037DD0889508AC8777836EA88CC7C9270EAE619EE1C2CEBD5A294E1383C62756"
"items","Furniture_Temple_Scarak_Secondary_Pot","Furniture/Temple_Scarak/Unique/Furniture_Temple_Scarak_Secondary_Pot","Server/Item/Items/Furniture/Temple_Scarak/Unique/Furniture_Temple_Scarak_Secondary_Pot.json","1571","4598DC5228792071964759EC2B78D0BF0B1385894F5D889BDC9B351AA05787C5"
"items","Furniture_Temple_Scarak_Statue","Furniture/Temple_Scarak/Unique/Furniture_Temple_Scarak_Statue","Server/Item/Items/Furniture/Temple_Scarak/Unique/Furniture_Temple_Scarak_Statue.json","1454","537F3FC7423500EC624637A32E314D74878D6AC57AC1E71E020E8F4871D91C4B"
"items","Furniture_Temple_Wind_Chandelier","Furniture/Temple_Wind/Furniture_Temple_Wind_Chandelier","Server/Item/Items/Furniture/Temple_Wind/Furniture_Temple_Wind_Chandelier.json","4059","5A4FB00D80CFBAF1AB732BFB91994E15F955CD2557E71618ACF2B9676BE65068"
"items","Furniture_Temple_Wind_Chest_Small","Furniture/Temple_Wind/Furniture_Temple_Wind_Chest_Small","Server/Item/Items/Furniture/Temple_Wind/Furniture_Temple_Wind_Chest_Small.json","2851","90A31E16BC8F00CDB70F85F8251B8BFEDBB1F4112173F553DB4BD2553E26432D"
"items","Furniture_Temple_Wind_Door","Furniture/Temple_Wind/Furniture_Temple_Wind_Door","Server/Item/Items/Furniture/Temple_Wind/Furniture_Temple_Wind_Door.json","3220","8EE8ADB3BBB48DD6C579CCE6121A621360AA106DC53A06D3E59D76AE47005D00"
"items","Furniture_Temple_Wind_Ladder","Furniture/Temple_Wind/Furniture_Temple_Wind_Ladder","Server/Item/Items/Furniture/Temple_Wind/Furniture_Temple_Wind_Ladder.json","1727","16864B5B69D44A110F0D5E7D2B61BBEAB246E56C2A6B8B2BAEC17332E6DE1132"
"items","Furniture_Temple_Wind_Sign","Furniture/Temple_Wind/Furniture_Temple_Wind_Sign","Server/Item/Items/Furniture/Temple_Wind/Furniture_Temple_Wind_Sign.json","1824","19F1FA46C901DADC52A51DB984515307A81A9E3217F4C9AE4557EAFEE962DCB9"
"items","Furniture_Temple_Wind_Stool","Furniture/Temple_Wind/Furniture_Temple_Wind_Stool","Server/Item/Items/Furniture/Temple_Wind/Furniture_Temple_Wind_Stool.json","1899","3AFAC652761D9D3950847E6D51AE32EB2E093E2FBFAF20FC17C7D31EE773F88E"
"items","Furniture_Temple_Wind_Table","Furniture/Temple_Wind/Furniture_Temple_Wind_Table","Server/Item/Items/Furniture/Temple_Wind/Furniture_Temple_Wind_Table.json","1696","71CE0FA87BD9A65C400D5508755E89F3EE608136484E5CB4F90DBDFD09A36B8B"
"items","Furniture_Temple_Wind_Trapdoor","Furniture/Temple_Wind/Furniture_Temple_Wind_Trapdoor","Server/Item/Items/Furniture/Temple_Wind/Furniture_Temple_Wind_Trapdoor.json","2422","A572770D142FD2F52CF2FBDA7D4F5967DA0F014087FF885D4DE7951E196FF905"
"items","Furniture_Temple_Wind_Wardrobe","Furniture/Temple_Wind/Furniture_Temple_Wind_Wardrobe","Server/Item/Items/Furniture/Temple_Wind/Furniture_Temple_Wind_Wardrobe.json","1610","62231F74C69BCD5DD385041C6C4234EA0B1D012B7553CBCC69469C303BF2F6F1"
"items","Furniture_Temple_Wind_Window","Furniture/Temple_Wind/Furniture_Temple_Wind_Window","Server/Item/Items/Furniture/Temple_Wind/Furniture_Temple_Wind_Window.json","2003","81EE74D74CE91D303D8F970AC0DE9807639C613195805C76A4382AA90AFA48F7"
"items","Furniture_Temple_Wind_Candle","Furniture/Temple_Wind/Unique/Furniture_Temple_Wind_Candle","Server/Item/Items/Furniture/Temple_Wind/Unique/Furniture_Temple_Wind_Candle.json","3059","BDB551EBD4389945856506EC20506B3FB541B8FB0E36599548C10013C1058F7D"
"items","Furniture_Temple_Wind_Chest_Large","Furniture/Temple_Wind/Unique/Furniture_Temple_Wind_Chest_Large","Server/Item/Items/Furniture/Temple_Wind/Unique/Furniture_Temple_Wind_Chest_Large.json","2398","F3E5C67E30A2E87A17461A7807D82A4445C3F71DBD33ABF444740D8C4544D66D"
"items","Furniture_Temple_Wind_Door_Large","Furniture/Temple_Wind/Unique/Furniture_Temple_Wind_Door_Large","Server/Item/Items/Furniture/Temple_Wind/Unique/Furniture_Temple_Wind_Door_Large.json","2865","4B51040B728D9826EDEB29EEB42C6725309758D6ADA7813BB10C9CF2345D3ECA"
"items","Furniture_Temple_Wind_Door_Medium","Furniture/Temple_Wind/Unique/Furniture_Temple_Wind_Door_Medium","Server/Item/Items/Furniture/Temple_Wind/Unique/Furniture_Temple_Wind_Door_Medium.json","2437","E657B919CACA0EAB078358B44A9B68333C0598194BD4A4D0D7C98A0CA26C0851"
"items","Furniture_Temple_Wind_Platform","Furniture/Temple_Wind/Unique/Furniture_Temple_Wind_Platform","Server/Item/Items/Furniture/Temple_Wind/Unique/Furniture_Temple_Wind_Platform.json","2001","63FD688BF435D7C94407E63079134D0DF6A03FFA1BB990AEA1D985916646018D"
"items","Furniture_Temple_Wind_Pot","Furniture/Temple_Wind/Unique/Furniture_Temple_Wind_Pot","Server/Item/Items/Furniture/Temple_Wind/Unique/Furniture_Temple_Wind_Pot.json","1353","52AB91614F27BC5E9D8EF1BE3B51447D4EA0512875FA1609E830FAC8A8596849"
"items","Furniture_Temple_Wind_Statue","Furniture/Temple_Wind/Unique/Furniture_Temple_Wind_Statue","Server/Item/Items/Furniture/Temple_Wind/Unique/Furniture_Temple_Wind_Statue.json","1348","B400DC314EA18AA27B7A0452387E6B03CBBE2A30EFBDAAFF3BC7DEC7D1EA3EEC"
"items","Furniture_Temple_Wind_Statue_Gaia","Furniture/Temple_Wind/Unique/Furniture_Temple_Wind_Statue_Gaia","Server/Item/Items/Furniture/Temple_Wind/Unique/Furniture_Temple_Wind_Statue_Gaia.json","1385","013D9462B58A78052833952D242618787FB2E098B5F772379EB0EB9BB9C6694C"
"items","Arcade_Machine","Furniture/Village/Arcade_Machine","Server/Item/Items/Furniture/Village/Arcade_Machine.json","1183","0E5967A5612B08D22E00F9924E004E8A9B2CFA50680300797D96C266E18612EE"
"items","Furniture_Village_Bed","Furniture/Village/Furniture_Village_Bed","Server/Item/Items/Furniture/Village/Furniture_Village_Bed.json","1794","9F2AC5FD9102DDFD443F679C87A725479E5363D310AAC540733CD06D3A995761"
"items","Furniture_Village_Brazier","Furniture/Village/Furniture_Village_Brazier","Server/Item/Items/Furniture/Village/Furniture_Village_Brazier.json","3479","A7D4DAADEC9C9F193A92F4DFCF0026575B4B2865AF8738E0025B274BF02C3362"
"items","Furniture_Village_Chair","Furniture/Village/Furniture_Village_Chair","Server/Item/Items/Furniture/Village/Furniture_Village_Chair.json","1949","34F70DC6C3DDE8CB37F80618A4B263CDC6D6D6C1FCFDF1D1A965D6AA69169185"
"items","Furniture_Village_Chest_Small","Furniture/Village/Furniture_Village_Chest_Small","Server/Item/Items/Furniture/Village/Furniture_Village_Chest_Small.json","2824","0E1D1A4405697163DA9B61E7FAE6297F4841AF92AA1E9E9DC3F9EBA121EDB1BA"
"items","Furniture_Village_Door","Furniture/Village/Furniture_Village_Door","Server/Item/Items/Furniture/Village/Furniture_Village_Door.json","3230","06FB4D69789B5489B9544C62CE2E0655288258DF2F2A239D6C77E937F6B4F825"
"items","Furniture_Village_Ladder","Furniture/Village/Furniture_Village_Ladder","Server/Item/Items/Furniture/Village/Furniture_Village_Ladder.json","1766","9E8A888E4957285E5A10D9085617F6F321CDD384BE7EFDBD7A890F8E9E6DE85A"
"items","Furniture_Village_Painting_1x1","Furniture/Village/Furniture_Village_Painting_1x1","Server/Item/Items/Furniture/Village/Furniture_Village_Painting_1x1.json","1342","8502BCEA12C6A36C42149D5F0CEFE1739159FAE44E915AC7A162788526B84A12"
"items","Furniture_Village_Shelf_Full","Furniture/Village/Furniture_Village_Shelf_Full","Server/Item/Items/Furniture/Village/Furniture_Village_Shelf_Full.json","2345","B40268D481FC0E5B93E850EC88D1FAE0463FA40613A3ADDA1B51B1D851188865"
"items","Furniture_Village_Sign","Furniture/Village/Furniture_Village_Sign","Server/Item/Items/Furniture/Village/Furniture_Village_Sign.json","1591","CC96DF7455218A7DF98FE39BAC2F0099F8B9C25E775DAD772B0305C316286050"
"items","Furniture_Village_Stool","Furniture/Village/Furniture_Village_Stool","Server/Item/Items/Furniture/Village/Furniture_Village_Stool.json","1782","9FE56A4F13372CE9DCD7B4999B63E5DECF4656DBF198DF428FF079693FD35CE6"
"items","Furniture_Village_Table","Furniture/Village/Furniture_Village_Table","Server/Item/Items/Furniture/Village/Furniture_Village_Table.json","1830","A87F8903D8E43DC79CFB762EE494BEF24922C9D3265BDF5FC9A1C77DB086FD8A"
"items","Furniture_Village_Trapdoor","Furniture/Village/Furniture_Village_Trapdoor","Server/Item/Items/Furniture/Village/Furniture_Village_Trapdoor.json","2457","8E975D51C7B826E5800AD621BF4FC196AF943E934D105E3276D2F5BE149CF077"
"items","Furniture_Village_Wardrobe","Furniture/Village/Furniture_Village_Wardrobe","Server/Item/Items/Furniture/Village/Furniture_Village_Wardrobe.json","1678","53E9CA3538C3057518A52CE2B0BFB5ACDC5AB5617AF048B144561304E59541FF"
"items","Furniture_Village_Window","Furniture/Village/Furniture_Village_Window","Server/Item/Items/Furniture/Village/Furniture_Village_Window.json","1838","77EE6FE40BC414529849E92A7ABA59F3103BD7B56139C7B6E95534F779C213F3"
"items","Furniture_Village_Bench","Furniture/Village/Unique/Furniture_Village_Bench","Server/Item/Items/Furniture/Village/Unique/Furniture_Village_Bench.json","1696","29CD0DF44F9F4B40D5CAAD78BE56C0842196B940AEB628F5BEA62A698096F7D8"
"items","Furniture_Village_Bookcase","Furniture/Village/Unique/Furniture_Village_Bookcase","Server/Item/Items/Furniture/Village/Unique/Furniture_Village_Bookcase.json","2193","7A03AB79B7646E7CFBC41CD83EB02E2942A6A02D95B04AFCE3D82870F1B13A0A"
"items","Furniture_Village_Chest_Large","Furniture/Village/Unique/Furniture_Village_Chest_Large","Server/Item/Items/Furniture/Village/Unique/Furniture_Village_Chest_Large.json","2463","962B00CA2CD7A99148CAE50FB9DA6C6892819E50BDB0CD4D86DE1F304F0FAE36"
"items","Furniture_Village_Coffin","Furniture/Village/Unique/Furniture_Village_Coffin","Server/Item/Items/Furniture/Village/Unique/Furniture_Village_Coffin.json","1995","CAE192A7E5F656AD7B174E0CF854C16452C5D0CDFC038F9F966B09BFAB69566F"
"items","Furniture_Village_Counter","Furniture/Village/Unique/Furniture_Village_Counter","Server/Item/Items/Furniture/Village/Unique/Furniture_Village_Counter.json","1812","635DE1959F3B9FB9455897D3781A0E1AE16C7BC14A12705C803CAEA4B1BCAD3B"
"items","Furniture_Village_Crate","Furniture/Village/Unique/Furniture_Village_Crate","Server/Item/Items/Furniture/Village/Unique/Furniture_Village_Crate.json","1361","822E9F070E1DB8B31FDFA95DE0D3F2DCBBF044D00DA15D0FE53B223CFE04DF69"
"items","Furniture_Village_Painting_1x2","Furniture/Village/Unique/Furniture_Village_Painting_1x2","Server/Item/Items/Furniture/Village/Unique/Furniture_Village_Painting_1x2.json","1420","099A42BCD26E0FB38AF04F212040FE64329427CE1993AB815097B8B3CF4372C4"
"items","Furniture_Village_Painting_2x1","Furniture/Village/Unique/Furniture_Village_Painting_2x1","Server/Item/Items/Furniture/Village/Unique/Furniture_Village_Painting_2x1.json","1421","CC293A11CE81CA25FA5EAA846EC593618D47739AA67E3CD55CF4A61F0BEE270B"
"items","Furniture_Village_Painting_2x2","Furniture/Village/Unique/Furniture_Village_Painting_2x2","Server/Item/Items/Furniture/Village/Unique/Furniture_Village_Painting_2x2.json","1421","7505C628E1A4B898D00AE1A25AC3C7A95C1339E10DD728AE72E298118FF1F949"
"items","Furniture_Village_Painting_3x2","Furniture/Village/Unique/Furniture_Village_Painting_3x2","Server/Item/Items/Furniture/Village/Unique/Furniture_Village_Painting_3x2.json","1420","52262BC332C52D75B5971A5B8E7B267BBD1EB8209D46FB21C664487213DA14D6"
"items","Furniture_Village_Planter","Furniture/Village/Unique/Furniture_Village_Planter","Server/Item/Items/Furniture/Village/Unique/Furniture_Village_Planter.json","1770","56064A5D0FF70B582861956C586BA6E85F9FB0D90A43EC272CADE24C4D348237"
"items","Furniture_Village_Platform","Furniture/Village/Unique/Furniture_Village_Platform","Server/Item/Items/Furniture/Village/Unique/Furniture_Village_Platform.json","2090","7640EFF688A40D1C09B86223083DC840FFF2A9F3D47E432B51FB3EE275B7E0A1"
"items","Furniture_Village_Pot","Furniture/Village/Unique/Furniture_Village_Pot","Server/Item/Items/Furniture/Village/Unique/Furniture_Village_Pot.json","1208","32886D090CFD875A98A0D5F863BD680F3389CB54DC7ED0F47EC8A3B4B1723761"
"items","Furniture_Village_Statue","Furniture/Village/Unique/Furniture_Village_Statue","Server/Item/Items/Furniture/Village/Unique/Furniture_Village_Statue.json","1334","66A5709F8ABCE715E254291E4B69F089F651B249B968D8049AE419F68EE34FEC"
"items","Furniture_Village_Tombstone","Furniture/Village/Unique/Furniture_Village_Tombstone","Server/Item/Items/Furniture/Village/Unique/Furniture_Village_Tombstone.json","1414","B3C8731AA862A7F4C21181325CD3855ABD1A1B5292616E3ACA2F2B6A65995E58"
"items","Winter_Holiday_Wreath","Furniture/WinterHoliday_Props/Winter_Holiday_Wreath","Server/Item/Items/Furniture/WinterHoliday_Props/Winter_Holiday_Wreath.json","2352","2DEF75DC2E80876E8A4917DF56293FC88E67C99978088D3E5E567762DDB80C32"
"items","WinterHoliday_Cane","Furniture/WinterHoliday_Props/WinterHoliday_Cane","Server/Item/Items/Furniture/WinterHoliday_Props/WinterHoliday_Cane.json","1755","2DCAA47C18E1190139490FEE6386BC647678C03905010458AAC4FC4555359AD9"
"items","WinterHoliday_Garland","Furniture/WinterHoliday_Props/WinterHoliday_Garland","Server/Item/Items/Furniture/WinterHoliday_Props/WinterHoliday_Garland.json","1848","9CE2A2F4A87C6960D5A88E567577AEBF4949DE72FEB0A47CF2AA500FB1EE5D4F"
"items","WinterHoliday_Lights","Furniture/WinterHoliday_Props/WinterHoliday_Lights","Server/Item/Items/Furniture/WinterHoliday_Props/WinterHoliday_Lights.json","2543","8D72D2A1C251FC8A4C671618F6F5F3A674C223AF4BD9ABA33CC3B6C99A72ABF5"
"items","WinterHoliday_Ornament_Bauble","Furniture/WinterHoliday_Props/WinterHoliday_Ornament_Bauble","Server/Item/Items/Furniture/WinterHoliday_Props/WinterHoliday_Ornament_Bauble.json","2065","75D32CF88A3B1C8272C14E2E0B165C571EF024FA806B8C7BE1CE6DBB8FA442D2"
"items","WinterHoliday_Single_Light","Furniture/WinterHoliday_Props/WinterHoliday_Single_Light","Server/Item/Items/Furniture/WinterHoliday_Props/WinterHoliday_Single_Light.json","2394","7159141E6DE56AB556AFEE15E106AEEF9EFCE63C0ACA2DB7E119582CD8A78238"
"items","WinterHoliday_Snowflake","Furniture/WinterHoliday_Props/WinterHoliday_Snowflake","Server/Item/Items/Furniture/WinterHoliday_Props/WinterHoliday_Snowflake.json","1590","1BB2FA502AD721961953673C55AC9BB99502009A053C1EDA5DBA96E623349A2D"
"items","WinterHoliday_Snowman","Furniture/WinterHoliday_Props/WinterHoliday_Snowman","Server/Item/Items/Furniture/WinterHoliday_Props/WinterHoliday_Snowman.json","1790","16021833601616AA6ECAAB5BAFAAAA8046321E918928EF0766FAF8BE37295936"
"items","WinterHoliday_Stocking","Furniture/WinterHoliday_Props/WinterHoliday_Stocking","Server/Item/Items/Furniture/WinterHoliday_Props/WinterHoliday_Stocking.json","1998","591B71D3BB5BB573471C88BDF46D2761C3AB3CB05537097B1331D54D50AF8F42"
"items","WinterHoliday_WinterRoll","Furniture/WinterHoliday_Props/WinterHoliday_WinterRoll","Server/Item/Items/Furniture/WinterHoliday_Props/WinterHoliday_WinterRoll.json","1645","AD49DB0FE49CC3E28C57E3149F2D43F5BB5990A0EB8A40188839E9AF6FF29D5F"
"items","Glider","Glider/Glider","Server/Item/Items/Glider/Glider.json","333","5068FF50F9F5DC990F9363A54DF5781F0DE8A44EE888FC7ECCB3B175DAEEDC5C"
"items","Template_Glider","Glider/Template_Glider","Server/Item/Items/Glider/Template_Glider.json","2418","5D2A3AB945469E82459BBE16F65E5FC09D0910A7191BE5005C771AEB7A7CFE35"
"items","Barrier","Hypixel/Barrier","Server/Item/Items/Hypixel/Barrier.json","424","904CF263F30B158AF7A6FE50107BD235DF08C6011FD9A3B08A9642C3CF5C4F4C"
"items","Deco_Moving_Box","Hypixel/Hyspace/Deco_Moving_Box","Server/Item/Items/Hypixel/Hyspace/Deco_Moving_Box.json","1338","87E5BAE35611218A3A56943D70AF52766216B8CD393B9B26356E6D56FB9E663B"
"items","Deco_Moving_Box1x2","Hypixel/Hyspace/Deco_Moving_Box1x2","Server/Item/Items/Hypixel/Hyspace/Deco_Moving_Box1x2.json","1394","8A519A98DC63F991E9A82DB55A117116CD32D7237FDE3F50171418C8CE5AF4F9"
"items","Furniture_Cybercity_Sign_Fruit","Hypixel/Lobby/Furniture_Cybercity_Sign_Fruit","Server/Item/Items/Hypixel/Lobby/Furniture_Cybercity_Sign_Fruit.json","1899","1A18A74DEF6B702F7D09E9D2536A5D0303DB73BC5AD74B52EB15125A386C88AF"
"items","Furniture_Cybercity_Sign_Tea","Hypixel/Lobby/Furniture_Cybercity_Sign_Tea","Server/Item/Items/Hypixel/Lobby/Furniture_Cybercity_Sign_Tea.json","1869","53D220E988909A3C1BADDDC45E7C98A1E1D4120FE4B13146D8654778B44CE018"
"items","Lobby_Wall_Poster_Small01","Hypixel/Lobby/Lobby_Wall_Poster_Small01","Server/Item/Items/Hypixel/Lobby/Lobby_Wall_Poster_Small01.json","1892","AAE03C95C02FE6FF96EDEEC8F4E51B139357875AC7BCAB3DDF6E89BC9F19D79D"
"items","Lobby_Wall_Poster01","Hypixel/Lobby/Lobby_Wall_Poster01","Server/Item/Items/Hypixel/Lobby/Lobby_Wall_Poster01.json","1874","DBAC4C72A9A14B1C40DBE760E63735F47128720673C710BCCA895C2A0980D26C"
"items","Weapon_Assault_Rifle","Hypixel/Minigames/GunPvP/Weapon_Assault_Rifle","Server/Item/Items/Hypixel/Minigames/GunPvP/Weapon_Assault_Rifle.json","2968","7868DBE01DB689CBDBDB97BADABA85BFE2A20C1D5FA5193CE76942B47352662D"
"items","Weapon_Grenade_Frag","Hypixel/Minigames/GunPvP/Weapon_Grenade_Frag","Server/Item/Items/Hypixel/Minigames/GunPvP/Weapon_Grenade_Frag.json","851","31F49FB05B53B57C797FDDEF37006105DF3E77FB24606257D2D2C4F9445C80FE"
"items","Weapon_Handgun","Hypixel/Minigames/GunPvP/Weapon_Handgun","Server/Item/Items/Hypixel/Minigames/GunPvP/Weapon_Handgun.json","2328","0DAD5370D3DEABF846F3A7B36FD0C44264750D726443138EE6D94EDA2BA35388"
"items","Weapon_Test_Sniper_Rifle","Hypixel/Minigames/GunPvP/Weapon_Test_Sniper_Rifle","Server/Item/Items/Hypixel/Minigames/GunPvP/Weapon_Test_Sniper_Rifle.json","1864","CB3BF8F5A32C04481BC732365CECA0F74CB0F80589C4E7D00CE559F7C03AC443"
"items","Weapon_Test_Zoom_Rifle","Hypixel/Minigames/GunPvP/Weapon_Test_Zoom_Rifle","Server/Item/Items/Hypixel/Minigames/GunPvP/Weapon_Test_Zoom_Rifle.json","1998","FE9CA4E14DE0B73B1F09BC24F32C59BBC62DF101A530332D536CBD13FA43DD7C"
"items","Ingredient_Bar_Adamantite","Ingredient/Bar/Ingredient_Bar_Adamantite","Server/Item/Items/Ingredient/Bar/Ingredient_Bar_Adamantite.json","1062","BE33E25EEE9112F44BCC2F48D4272115FC7D6608D5541FAC9B0DA3D2A780E9CB"
"items","Ingredient_Bar_Bronze","Ingredient/Bar/Ingredient_Bar_Bronze","Server/Item/Items/Ingredient/Bar/Ingredient_Bar_Bronze.json","717","8F8E8859EB9CEBC6206E517E45D55E1FA7F91F0675FE9A71CE918C37C69A9F76"
"items","Ingredient_Bar_Cobalt","Ingredient/Bar/Ingredient_Bar_Cobalt","Server/Item/Items/Ingredient/Bar/Ingredient_Bar_Cobalt.json","1042","AFF28384EB3E60BA2C042A83C93A77FF7BDB6F0716D634875943AD8F557396C1"
"items","Ingredient_Bar_Copper","Ingredient/Bar/Ingredient_Bar_Copper","Server/Item/Items/Ingredient/Bar/Ingredient_Bar_Copper.json","1042","D1DC100EB845A4F65712990613C9FC791545A52E307277C1C3E0C4F1E7879319"
"items","Ingredient_Bar_Gold","Ingredient/Bar/Ingredient_Bar_Gold","Server/Item/Items/Ingredient/Bar/Ingredient_Bar_Gold.json","965","A51722358FCB88BF9B9BC2DF0F4682DBE80FEA91B146E131E798DE1B10A67249"
"items","Ingredient_Bar_Iron","Ingredient/Bar/Ingredient_Bar_Iron","Server/Item/Items/Ingredient/Bar/Ingredient_Bar_Iron.json","1032","0B79A006A547F28535369B3C9D27ADA1A0E17EE1BF49A86BF17B8FB49AF169BD"
"items","Ingredient_Bar_Mithril","Ingredient/Bar/Ingredient_Bar_Mithril","Server/Item/Items/Ingredient/Bar/Ingredient_Bar_Mithril.json","977","657E6CAB13DFFBF717BF7F02E3D984E41E8BABF49C259250F1A4DEE1ABCB765D"
"items","Ingredient_Bar_Onyxium","Ingredient/Bar/Ingredient_Bar_Onyxium","Server/Item/Items/Ingredient/Bar/Ingredient_Bar_Onyxium.json","976","D3D283D0D0580F84BF7F6732CAFF87985675EBFCA0E752C812AC5472F3513C98"
"items","Ingredient_Bar_Prisma","Ingredient/Bar/Ingredient_Bar_Prisma","Server/Item/Items/Ingredient/Bar/Ingredient_Bar_Prisma.json","972","B08E0DFE351088F1D67F6C0841B01B243AA9148DE84A4B3DCADFAFBF392F98BA"
"items","Ingredient_Bar_Silver","Ingredient/Bar/Ingredient_Bar_Silver","Server/Item/Items/Ingredient/Bar/Ingredient_Bar_Silver.json","972","56A007B3BF15CEAD3E414DF9A219DA1C3CE8B58B67429EFB7D70340E92A79F0E"
"items","Ingredient_Bar_Thorium","Ingredient/Bar/Ingredient_Bar_Thorium","Server/Item/Items/Ingredient/Bar/Ingredient_Bar_Thorium.json","1047","D783ABF4780A08EC52780DDF5DA2C718F7B06B28C47BFA73D90829850050B661"
"items","Ingredient_Bolt_Cindercloth","Ingredient/Bolt/Ingredient_Bolt_Cindercloth","Server/Item/Items/Ingredient/Bolt/Ingredient_Bolt_Cindercloth.json","992","94A03E94E865226C54B7C62517908CA8B2448E79D04D555468034AF022FD28F3"
"items","Ingredient_Bolt_Cotton","Ingredient/Bolt/Ingredient_Bolt_Cotton","Server/Item/Items/Ingredient/Bolt/Ingredient_Bolt_Cotton.json","968","77959017DADF1DD139773410C4DFEAAACF7C752C78A6265961581080A863EC98"
"items","Ingredient_Bolt_Linen","Ingredient/Bolt/Ingredient_Bolt_Linen","Server/Item/Items/Ingredient/Bolt/Ingredient_Bolt_Linen.json","974","5BFB01DFB6C3D8513A6174FCC10FC02F68A4C755AD62757FF97285DB878C3FD0"
"items","Ingredient_Bolt_Prismaloom","Ingredient/Bolt/Ingredient_Bolt_Prismaloom","Server/Item/Items/Ingredient/Bolt/Ingredient_Bolt_Prismaloom.json","989","D957B1A5AD24D8F817AD035DC4C7CCDD4FB3FA65CD163E4A6332AFE15F1D44E4"
"items","Ingredient_Bolt_Shadoweave","Ingredient/Bolt/Ingredient_Bolt_Shadoweave","Server/Item/Items/Ingredient/Bolt/Ingredient_Bolt_Shadoweave.json","989","BC129E0E3086270F658ABF3D3B7B52F5FA629214ACF4D551E1F5AF835ADFC504"
"items","Ingredient_Bolt_Silk","Ingredient/Bolt/Ingredient_Bolt_Silk","Server/Item/Items/Ingredient/Bolt/Ingredient_Bolt_Silk.json","971","7A16073A82279959A4695DD7BAA43621222691E4066F03DAEED7DE584B2C63D1"
"items","Ingredient_Bolt_Stormsilk","Ingredient/Bolt/Ingredient_Bolt_Stormsilk","Server/Item/Items/Ingredient/Bolt/Ingredient_Bolt_Stormsilk.json","986","2C053C4C2D007E682B855648E35BF427F62358179B18A107FEBE22C3F8195FF3"
"items","Ingredient_Bolt_Wool","Ingredient/Bolt/Ingredient_Bolt_Wool","Server/Item/Items/Ingredient/Bolt/Ingredient_Bolt_Wool.json","1042","CFC549321CB7F237B275ECB4D386F2205607AD9326E39294D986328FCB8F695D"
"items","Ingredient_Crystal_Blue","Ingredient/Crystal/Ingredient_Crystal_Blue","Server/Item/Items/Ingredient/Crystal/Ingredient_Crystal_Blue.json","496","B5044B85E583B51CFB4909DC0E75C3CAF85EBB80BB0F38C5F6DA229D6D780339"
"items","Ingredient_Crystal_Cyan","Ingredient/Crystal/Ingredient_Crystal_Cyan","Server/Item/Items/Ingredient/Crystal/Ingredient_Crystal_Cyan.json","496","300E1B16011BFD7B921B419CCE7606EB284C94A65CEAB85C9E1C82F6900639C4"
"items","Ingredient_Crystal_Green","Ingredient/Crystal/Ingredient_Crystal_Green","Server/Item/Items/Ingredient/Crystal/Ingredient_Crystal_Green.json","499","850D0405958F3FECDDBE9BAB004C52D5503B7CD34D1F3FF858C4C7D01E11D110"
"items","Ingredient_Crystal_Pink","Ingredient/Crystal/Ingredient_Crystal_Pink","Server/Item/Items/Ingredient/Crystal/Ingredient_Crystal_Pink.json","485","1B74557710A813B32D55D75D422CEFF97885110EBE35B7B750B3AB4767CEC170"
"items","Ingredient_Crystal_Purple","Ingredient/Crystal/Ingredient_Crystal_Purple","Server/Item/Items/Ingredient/Crystal/Ingredient_Crystal_Purple.json","502","C588F8D2E35DF3EEBA602BD9F65C144F3BC9C3F8AF2A5322CF6F6C1B9DFD61A5"
"items","Ingredient_Crystal_Red","Ingredient/Crystal/Ingredient_Crystal_Red","Server/Item/Items/Ingredient/Crystal/Ingredient_Crystal_Red.json","493","CC572D87F7C0847ED2F3CA299A8E1FA08636AF4322E0F969D3D8416001DC8A4B"
"items","Ingredient_Crystal_White","Ingredient/Crystal/Ingredient_Crystal_White","Server/Item/Items/Ingredient/Crystal/Ingredient_Crystal_White.json","869","11EE0B221EDDFBFCBCDCA306EA1B7135C79F2282B830E4B55104EBDEDAF5A073"
"items","Ingredient_Crystal_Yellow","Ingredient/Crystal/Ingredient_Crystal_Yellow","Server/Item/Items/Ingredient/Crystal/Ingredient_Crystal_Yellow.json","502","02B8BC1F7E22FA13862284F6065994681FD5657872BA2D097B628C6891D4D299"
"items","Ingredient_Fabric_Scrap_Cindercloth","Ingredient/Fabric_Scrap/Ingredient_Fabric_Scrap_Cindercloth","Server/Item/Items/Ingredient/Fabric_Scrap/Ingredient_Fabric_Scrap_Cindercloth.json","834","1B39281BB038287B034A0E321441B74D9EC99FBBC766C6AFA316F650D38348FC"
"items","Ingredient_Fabric_Scrap_Cotton","Ingredient/Fabric_Scrap/Ingredient_Fabric_Scrap_Cotton","Server/Item/Items/Ingredient/Fabric_Scrap/Ingredient_Fabric_Scrap_Cotton.json","736","3BAF464D702A58155B31FEDE53BC010582B8255341FCC11D57EA7CDD2ECECB4B"
"items","Ingredient_Fabric_Scrap_Linen","Ingredient/Fabric_Scrap/Ingredient_Fabric_Scrap_Linen","Server/Item/Items/Ingredient/Fabric_Scrap/Ingredient_Fabric_Scrap_Linen.json","810","2992589F33B1F2E564D55D7BD0EA4E36F56609B16FD4C97AEFFC6DF5E65B9118"
"items","Ingredient_Fabric_Scrap_Prismaloom","Ingredient/Fabric_Scrap/Ingredient_Fabric_Scrap_Prismaloom","Server/Item/Items/Ingredient/Fabric_Scrap/Ingredient_Fabric_Scrap_Prismaloom.json","748","DD15B12BB77BF7380FFD8CAFA87073E09A0D8D7D6415AEBE3EFC94A0E1201572"
"items","Ingredient_Fabric_Scrap_Shadoweave","Ingredient/Fabric_Scrap/Ingredient_Fabric_Scrap_Shadoweave","Server/Item/Items/Ingredient/Fabric_Scrap/Ingredient_Fabric_Scrap_Shadoweave.json","830","73981CD756CA9EF0236214BD45845E7FC76B8FD848DCFDCA8B2F83AF382E523A"
"items","Ingredient_Fabric_Scrap_Silk","Ingredient/Fabric_Scrap/Ingredient_Fabric_Scrap_Silk","Server/Item/Items/Ingredient/Fabric_Scrap/Ingredient_Fabric_Scrap_Silk.json","730","32DC2B73CCDC5ADF19E769569F089A96360F45295659FE4A831CE13745987E7D"
"items","Ingredient_Fabric_Scrap_Stormsilk","Ingredient/Fabric_Scrap/Ingredient_Fabric_Scrap_Stormsilk","Server/Item/Items/Ingredient/Fabric_Scrap/Ingredient_Fabric_Scrap_Stormsilk.json","745","7955ED212DC460B7BAF1379322C24DDE6C15C9339B590397F2C967372BA4D3DB"
"items","Ingredient_Fabric_Scrap_Wool","Ingredient/Fabric_Scrap/Ingredient_Fabric_Scrap_Wool","Server/Item/Items/Ingredient/Fabric_Scrap/Ingredient_Fabric_Scrap_Wool.json","742","F35BA9358676531435B623A3F1B5433BAB67920966993A40B331465C5BF81239"
"items","Ingredient_Feathers_Blue","Ingredient/Feathers/Ingredient_Feathers_Blue","Server/Item/Items/Ingredient/Feathers/Ingredient_Feathers_Blue.json","630","B991F29311AEAA74C137BA152D2EA873CEEA3C0E4C4FAACB9DF6528ED5715594"
"items","Ingredient_Feathers_Dark","Ingredient/Feathers/Ingredient_Feathers_Dark","Server/Item/Items/Ingredient/Feathers/Ingredient_Feathers_Dark.json","631","B33453DC1DB7EDE230F60979E65C2E526D44135FDC1A03798B005D626063669E"
"items","Ingredient_Feathers_Light","Ingredient/Feathers/Ingredient_Feathers_Light","Server/Item/Items/Ingredient/Feathers/Ingredient_Feathers_Light.json","633","EA53D17BF091754F883047E8EC5A3BECF340B0E736F3F2CB09E3ED397CBCAD4A"
"items","Ingredient_Feathers_Red","Ingredient/Feathers/Ingredient_Feathers_Red","Server/Item/Items/Ingredient/Feathers/Ingredient_Feathers_Red.json","627","37D70DC1DE24584149D56B99DADC80530B0199813AF4C6B02C1464D55B7EAE09"
"items","Ingredient_Hide_Dark","Ingredient/Hide/Ingredient_Hide_Dark","Server/Item/Items/Ingredient/Hide/Ingredient_Hide_Dark.json","782","573A8F7E21D8CC67B3BC91F5E8DE133FBBCE4A4950ADC31CCD2CFFDEDA318E16"
"items","Ingredient_Hide_Heavy","Ingredient/Hide/Ingredient_Hide_Heavy","Server/Item/Items/Ingredient/Hide/Ingredient_Hide_Heavy.json","788","2BE94ECFB029C327A6BD4A098CBD55E0220077379323FD1E4C7B354D6F41D85E"
"items","Ingredient_Hide_Light","Ingredient/Hide/Ingredient_Hide_Light","Server/Item/Items/Ingredient/Hide/Ingredient_Hide_Light.json","789","A848AE85FD51AE11742CD7D997F0E303BA9CE42AE5BE370291FD2E1216DCC6CA"
"items","Ingredient_Hide_Medium","Ingredient/Hide/Ingredient_Hide_Medium","Server/Item/Items/Ingredient/Hide/Ingredient_Hide_Medium.json","791","959CC1A0E75C5F4E73CD6B415A6812C016953DAD87087270100443FB41A8775C"
"items","Ingredient_Hide_Prismic","Ingredient/Hide/Ingredient_Hide_Prismic","Server/Item/Items/Ingredient/Hide/Ingredient_Hide_Prismic.json","797","3827AE9C28B69342AA9EB2CE10D68F95C636A8CB3710D441E9204C8B132301BA"
"items","Ingredient_Hide_Scaled","Ingredient/Hide/Ingredient_Hide_Scaled","Server/Item/Items/Ingredient/Hide/Ingredient_Hide_Scaled.json","792","5C1431FCAA21D9C0A43A01C5F41DB68A2E2770C23EF2D618775B3EDEDA8A81CD"
"items","Ingredient_Hide_Soft","Ingredient/Hide/Ingredient_Hide_Soft","Server/Item/Items/Ingredient/Hide/Ingredient_Hide_Soft.json","786","DDF0EB63149174919F2081E92C481AD96F81033789A53F5F63DF372B1A9CE160"
"items","Ingredient_Hide_Storm","Ingredient/Hide/Ingredient_Hide_Storm","Server/Item/Items/Ingredient/Hide/Ingredient_Hide_Storm.json","788","5EA81B400DB1B87C0217DA5EB0A0EC27829B0F582CDDA46197AA4DC430B8D814"
"items","Ingredient_Bone_Fragment","Ingredient/Ingredient_Bone_Fragment","Server/Item/Items/Ingredient/Ingredient_Bone_Fragment.json","778","F2268059989FA1C36200B6285709140AA97AB04E9890AB291B852E70D11FD853"
"items","Ingredient_Charcoal","Ingredient/Ingredient_Charcoal","Server/Item/Items/Ingredient/Ingredient_Charcoal.json","1125","B19A51FE0294769B15C9010142E9E874F24F60F42FEFE399AA575A7861061EFD"
"items","Ingredient_Chitin_Sturdy","Ingredient/Ingredient_Chitin_Sturdy","Server/Item/Items/Ingredient/Ingredient_Chitin_Sturdy.json","753","16AB463972566795ED11CC9C14146B0627DF21A9DAA7F22DD22C78E8DA4104C3"
"items","Ingredient_Dough","Ingredient/Ingredient_Dough","Server/Item/Items/Ingredient/Ingredient_Dough.json","1471","1D6715E41BCD82EA9155F59BAC38D37F2C83C7483EACA9AEE03726969E0D0034"
"items","Ingredient_Fibre","Ingredient/Ingredient_Fibre","Server/Item/Items/Ingredient/Ingredient_Fibre.json","1034","6BCBE76A72D376EC605A41D85C4297CB49A7ED7F14253C0FD2036A3BED22E761"
"items","Ingredient_Fire_Essence","Ingredient/Ingredient_Fire_Essence","Server/Item/Items/Ingredient/Ingredient_Fire_Essence.json","848","C304CBBF1F9D4C8B5AD12D41EB0E81B7A96C09161E07E93A5EFAD7BA9C39FAB5"
"items","Ingredient_Flour","Ingredient/Ingredient_Flour","Server/Item/Items/Ingredient/Ingredient_Flour.json","1141","4E8DD393A5707A9094407A0E56DA176F7819AE540B4770BC98B892DA4CA3442E"
"items","Ingredient_Ice_Essence","Ingredient/Ingredient_Ice_Essence","Server/Item/Items/Ingredient/Ingredient_Ice_Essence.json","844","657D6F655E31EEB7F974501AD6127F79E149EAF29DD2C7B2CB712CBD3CD23ADF"
"items","Ingredient_Life_Essence","Ingredient/Ingredient_Life_Essence","Server/Item/Items/Ingredient/Ingredient_Life_Essence.json","867","F127599A9DA33204F8598CD3EBF273BA1C271A9CA15A665F42B20AB73D89FAEE"
"items","Ingredient_Life_Essence_Concentrated","Ingredient/Ingredient_Life_Essence_Concentrated","Server/Item/Items/Ingredient/Ingredient_Life_Essence_Concentrated.json","1149","69810B24EC7D5E1726A41E704913CE3D4DED739463F25F3704627156612F1E58"
"items","Ingredient_Lightning_Essence","Ingredient/Ingredient_Lightning_Essence","Server/Item/Items/Ingredient/Ingredient_Lightning_Essence.json","868","3AEAAF4F518FC67D249F3FE3D855064A5E009541688EEFC190E4AA6C2CC1B844"
"items","Ingredient_Motes_Light","Ingredient/Ingredient_Motes_Light","Server/Item/Items/Ingredient/Ingredient_Motes_Light.json","670","EA91D4E813A47A8C86DE6F3DA1F2B6C8CA3F9A813B78B6D4EC3C3E3B74DF19FC"
"items","Ingredient_Poop","Ingredient/Ingredient_Poop","Server/Item/Items/Ingredient/Ingredient_Poop.json","1766","EDF09BBF2914A970CC02A3DFAE9C3B1291F39A2EF081EC3573C63C65E8FC6D7A"
"items","Ingredient_Powder_Boom","Ingredient/Ingredient_Powder_Boom","Server/Item/Items/Ingredient/Ingredient_Powder_Boom.json","686","E3EFD33D9470622B256411F02AF7DA2DBD5554CB21CD44B298668470BC28D1F7"
"items","Ingredient_Sac_Venom","Ingredient/Ingredient_Sac_Venom","Server/Item/Items/Ingredient/Ingredient_Sac_Venom.json","730","FD656A0331EB362F2516C501E6A7C2588991731B1B33D64C27D7E3583C9A12DD"
"items","Ingredient_Salt","Ingredient/Ingredient_Salt","Server/Item/Items/Ingredient/Ingredient_Salt.json","1296","86F236817E9F4CB99CE5D16C067CCA8ABA07B4549834A02F697B6788082A16D9"
"items","Ingredient_Sinue_Cindersinue","Ingredient/Ingredient_Sinue_Cindersinue","Server/Item/Items/Ingredient/Ingredient_Sinue_Cindersinue.json","678","3C6AA574E02DCA557A969FF3AC79C0BCB30B317096EEAB015B4283F24B9B27A2"
"items","Ingredient_Spices","Ingredient/Ingredient_Spices","Server/Item/Items/Ingredient/Ingredient_Spices.json","1203","7798D05F10E6B3CA066A997E998E63972EC530C4ADFBE97F87C8327040DECACE"
"items","Ingredient_Stick","Ingredient/Ingredient_Stick","Server/Item/Items/Ingredient/Ingredient_Stick.json","754","100B824F94BE476D7706F98588939EE6DB725752299D4C7F28E022119E533044"
"items","Ingredient_Strap_Leather","Ingredient/Ingredient_Strap_Leather","Server/Item/Items/Ingredient/Ingredient_Strap_Leather.json","690","ACA18611F5FFD0F0470B11B6048672E22F7D3C83FD868D93028950857F641835"
"items","Ingredient_Stud_Iron","Ingredient/Ingredient_Stud_Iron","Server/Item/Items/Ingredient/Ingredient_Stud_Iron.json","668","6AF5AD344840BC1FC875AAEEAF20F933FF6DFA365A957142410482286F910D20"
"items","Ingredient_Tree_Bark","Ingredient/Ingredient_Tree_Bark","Server/Item/Items/Ingredient/Ingredient_Tree_Bark.json","734","66EFB7D9FEF5529D7B75217A83E8765CC95CB7ECD93742577D21F554223F2C6B"
"items","Ingredient_Tree_Sap","Ingredient/Ingredient_Tree_Sap","Server/Item/Items/Ingredient/Ingredient_Tree_Sap.json","744","3A445DB5428DD51A768E4CC64C66DE2C99CC1197180073CB4D01AFD080FE1123"
"items","Ingredient_Void_Essence","Ingredient/Ingredient_Void_Essence","Server/Item/Items/Ingredient/Ingredient_Void_Essence.json","848","AE3E5FB11B9FD93C8306205E2A738398120CBBF9A89894D97EB58E49B1940EA0"
"items","Ingredient_Voidheart","Ingredient/Ingredient_Voidheart","Server/Item/Items/Ingredient/Ingredient_Voidheart.json","779","88C7F7229BAB7318DCAACF6D13AA2B7DB0208B12A5192FDAC1C8B6E427E7ED3D"
"items","Ingredient_Water_Essence","Ingredient/Ingredient_Water_Essence","Server/Item/Items/Ingredient/Ingredient_Water_Essence.json","852","50A75CAAF08A0AB1D77A1FFFB3B0377F0EA915B56D5701D2CFAA7A7B65E86C67"
"items","Ingredient_Leather_Dark","Ingredient/Leather/Ingredient_Leather_Dark","Server/Item/Items/Ingredient/Leather/Ingredient_Leather_Dark.json","1003","1FDD82F0F78CB62F6E9B66E51516A7832159D1FFC283F74F819E62287646E520"
"items","Ingredient_Leather_Heavy","Ingredient/Leather/Ingredient_Leather_Heavy","Server/Item/Items/Ingredient/Leather/Ingredient_Leather_Heavy.json","1076","31DBFDAAE30C6AFD3BA5C96F2313BEB9E1E46F63AB38C477DF9BF6ED9DFE4B89"
"items","Ingredient_Leather_Light","Ingredient/Leather/Ingredient_Leather_Light","Server/Item/Items/Ingredient/Leather/Ingredient_Leather_Light.json","1076","CAD8D2FBD0956518E5A7EDEA0B4FBB2938D6EE7E2FA101754456E0C324B8F4A6"
"items","Ingredient_Leather_Medium","Ingredient/Leather/Ingredient_Leather_Medium","Server/Item/Items/Ingredient/Leather/Ingredient_Leather_Medium.json","1081","0F3F0BA9CC563A58979EBB3B5101431A070F7E3BC361116F0DCBD1903B8F6AAF"
"items","Ingredient_Leather_Prismic","Ingredient/Leather/Ingredient_Leather_Prismic","Server/Item/Items/Ingredient/Leather/Ingredient_Leather_Prismic.json","1013","9AB3CF1A5E52AA58CF9AEFF2479A3C957CC28F3F4450B980478AACE728EA86D9"
"items","Ingredient_Leather_Scaled","Ingredient/Leather/Ingredient_Leather_Scaled","Server/Item/Items/Ingredient/Leather/Ingredient_Leather_Scaled.json","1011","640B44433443A0DC95B160EC3F2E33626155BB0DCBD369E74E0F7EC72D7F5EAF"
"items","Ingredient_Leather_Soft","Ingredient/Leather/Ingredient_Leather_Soft","Server/Item/Items/Ingredient/Leather/Ingredient_Leather_Soft.json","1001","8B182EFD0EE04C168EB08E836065C9FBF572EA165EAF1ABBC013A8D7D35EC399"
"items","Ingredient_Leather_Storm","Ingredient/Leather/Ingredient_Leather_Storm","Server/Item/Items/Ingredient/Leather/Ingredient_Leather_Storm.json","1004","1EB515CC6CF97A4AACFAB66D754C9C090CC6F0F65754AAB4F1D67666FA4D7EEF"
"items","Ingredient_Life_Essence_100","Ingredient/Life Essence Recipes/Ingredient_Life_Essence_100","Server/Item/Items/Ingredient/Life Essence Recipes/Ingredient_Life_Essence_100.json","734","E4FD28DC2324733F175223519544A28016FE2BDD0D7235AE50F04C5239F3ED17"
"items","Ingredient_Life_Essence_Aubergine","Ingredient/Life Essence Recipes/Ingredient_Life_Essence_Aubergine","Server/Item/Items/Ingredient/Life Essence Recipes/Ingredient_Life_Essence_Aubergine.json","761","81846B543AF42E10E52D43C36D4306D2150853D41146A202427213FB9217C141"
"items","Ingredient_Life_Essence_Carrot","Ingredient/Life Essence Recipes/Ingredient_Life_Essence_Carrot","Server/Item/Items/Ingredient/Life Essence Recipes/Ingredient_Life_Essence_Carrot.json","755","48744FEB79F3E64807EE4DA5A6D009AA45F6D48E8FF01BA95B48CE50A5B1F731"
"items","Ingredient_Life_Essence_Cauliflower","Ingredient/Life Essence Recipes/Ingredient_Life_Essence_Cauliflower","Server/Item/Items/Ingredient/Life Essence Recipes/Ingredient_Life_Essence_Cauliflower.json","765","F9170BCAEC0D56808216965898E4EF2155DEAF0122DDD4D86663436FB3B2D941"
"items","Ingredient_Life_Essence_Chilli","Ingredient/Life Essence Recipes/Ingredient_Life_Essence_Chilli","Server/Item/Items/Ingredient/Life Essence Recipes/Ingredient_Life_Essence_Chilli.json","756","E15B146396E8209B43AE5A24B0C2735AABE1422A6C78BDDFF3C4789AE79990B1"
"items","Ingredient_Life_Essence_Corn","Ingredient/Life Essence Recipes/Ingredient_Life_Essence_Corn","Server/Item/Items/Ingredient/Life Essence Recipes/Ingredient_Life_Essence_Corn.json","752","C60A2A2DDC8201E9C74FE444D80F53DFDAD6DAEF4D7C68C244D614E9C02F5C89"
"items","Ingredient_Life_Essence_Cotton","Ingredient/Life Essence Recipes/Ingredient_Life_Essence_Cotton","Server/Item/Items/Ingredient/Life Essence Recipes/Ingredient_Life_Essence_Cotton.json","755","1E6B7C645BEC70BBCF8DE113FF9051EB903C70E9CB3E72BD58DCEC0C79C6AC86"
"items","Ingredient_Life_Essence_Lettuce","Ingredient/Life Essence Recipes/Ingredient_Life_Essence_Lettuce","Server/Item/Items/Ingredient/Life Essence Recipes/Ingredient_Life_Essence_Lettuce.json","757","BE8530B1FD5F4292268A148F51E6CC5A1407C3EB6B21E3A88B7A952284D8F83C"
"items","Ingredient_Life_Essence_Onion","Ingredient/Life Essence Recipes/Ingredient_Life_Essence_Onion","Server/Item/Items/Ingredient/Life Essence Recipes/Ingredient_Life_Essence_Onion.json","753","127AABA43BA3E38C77EDBF985E31D8FFD55CE882225326B20B4780F452D54CB6"
"items","Ingredient_Life_Essence_Potato","Ingredient/Life Essence Recipes/Ingredient_Life_Essence_Potato","Server/Item/Items/Ingredient/Life Essence Recipes/Ingredient_Life_Essence_Potato.json","755","3930546F826EF25DC5ADC60D75E8237FD339CE4DB9B657FE3E75F5ECF66F0C47"
"items","Ingredient_Life_Essence_Pumpkin","Ingredient/Life Essence Recipes/Ingredient_Life_Essence_Pumpkin","Server/Item/Items/Ingredient/Life Essence Recipes/Ingredient_Life_Essence_Pumpkin.json","757","04A7E82CC55AFBB6703D79FEFD0451D9EF33D59A47B73A35672707AE24F6D8F6"
"items","Ingredient_Life_Essence_Rice","Ingredient/Life Essence Recipes/Ingredient_Life_Essence_Rice","Server/Item/Items/Ingredient/Life Essence Recipes/Ingredient_Life_Essence_Rice.json","751","BF69E912FC85F7AEF502535063F8FBC7B437CED303DC08204D16B55D6F78493D"
"items","Ingredient_Life_Essence_Tomato","Ingredient/Life Essence Recipes/Ingredient_Life_Essence_Tomato","Server/Item/Items/Ingredient/Life Essence Recipes/Ingredient_Life_Essence_Tomato.json","755","AA03A77C672CCA975C3F76221DE94F682E9DFC14F6E7B2E95562BCE59BEB9BB3"
"items","Ingredient_Life_Essence_Turnip","Ingredient/Life Essence Recipes/Ingredient_Life_Essence_Turnip","Server/Item/Items/Ingredient/Life Essence Recipes/Ingredient_Life_Essence_Turnip.json","755","E99D853CBA83E595C5AE1991E6AFB90293705612868A8B073143B28605C2266B"
"items","Ingredient_Life_Essence_Wheat","Ingredient/Life Essence Recipes/Ingredient_Life_Essence_Wheat","Server/Item/Items/Ingredient/Life Essence Recipes/Ingredient_Life_Essence_Wheat.json","753","D21ACFAA38FEDC255AEE27EC663440D06BD5092AD5106BE522E3D81045CEDED4"
"items","Tree_Sap_Glob","Ingredient/Sap/Tree_Sap_Glob","Server/Item/Items/Ingredient/Sap/Tree_Sap_Glob.json","3583","3991372D0F7C997D2B2CE0D1116510BCFE33FC99872E2177B7C2530AFE19974C"
"items","Memory_Particle","Memory_Particle","Server/Item/Items/Memory_Particle.json","882","624B970AE662F6F78572D69A62CA1520C07BDF61DA5711C26F49377A70BB0C1E"
"items","Metal_Bronze","Metal/Bronze/Metal_Bronze","Server/Item/Items/Metal/Bronze/Metal_Bronze.json","1302","D99EF28F02FE89D4E1D0D96A4A9800939ED99BE353B822DA4277FA487D695DD1"
"items","Metal_Bronze_Decorative","Metal/Bronze/Metal_Bronze_Decorative","Server/Item/Items/Metal/Bronze/Metal_Bronze_Decorative.json","1347","31029D4C74E2591EA6AA03131CC3A1F7D2D6146A6650F45FA7B8D53DFF79E869"
"items","Metal_Bronze_Fence","Metal/Bronze/Metal_Bronze_Fence","Server/Item/Items/Metal/Bronze/Metal_Bronze_Fence.json","2416","0D9515F11C023CAA70D6CB2020F9200F76B0C41082B6FC0310503FBF9BCD79B0"
"items","Metal_Bronze_Half","Metal/Bronze/Metal_Bronze_Half","Server/Item/Items/Metal/Bronze/Metal_Bronze_Half.json","2822","E6F5BB4CEA3FF772CD0DA784DECAFDD88BA544C534F8360677251FED28CC52C1"
"items","Metal_Bronze_Ornate","Metal/Bronze/Metal_Bronze_Ornate","Server/Item/Items/Metal/Bronze/Metal_Bronze_Ornate.json","1006","A9E4F80C5655CF4ACA6D4347E6BBC2584F30D4B6F5943171EE8B6D458B9B5AC2"
"items","Metal_Bronze_Pipe_Chimney","Metal/Bronze/Metal_Bronze_Pipe_Chimney","Server/Item/Items/Metal/Bronze/Metal_Bronze_Pipe_Chimney.json","1378","FF886D0C0E62E5C289724492F25EB3BE9321F18B50B04E84CC583FD26E6E223D"
"items","Metal_Bronze_Pipe_Corner","Metal/Bronze/Metal_Bronze_Pipe_Corner","Server/Item/Items/Metal/Bronze/Metal_Bronze_Pipe_Corner.json","1441","BE7C7BF6F23D3D87E46348AEBD1014DBADC708002B5A4D4A47C019451CF41BC8"
"items","Metal_Bronze_Pipe_Large","Metal/Bronze/Metal_Bronze_Pipe_Large","Server/Item/Items/Metal/Bronze/Metal_Bronze_Pipe_Large.json","1366","31302A8626E56EB09AAED8862BBA2EAC077BE40C5FAD9FE1274A3E063FE14519"
"items","Metal_Bronze_Pipe_Large_Corner","Metal/Bronze/Metal_Bronze_Pipe_Large_Corner","Server/Item/Items/Metal/Bronze/Metal_Bronze_Pipe_Large_Corner.json","1384","CDFD05F5D0846A61D0C6352530F4602A957383A2D530FE16F65CD50849D3296A"
"items","Metal_Bronze_Pipe_Large_Mouthpiece","Metal/Bronze/Metal_Bronze_Pipe_Large_Mouthpiece","Server/Item/Items/Metal/Bronze/Metal_Bronze_Pipe_Large_Mouthpiece.json","1386","26D1E9F5219B895DF49D8B0E603D388546D2A9A1B44A565123A7E6D553328E86"
"items","Metal_Bronze_Pipe_Long","Metal/Bronze/Metal_Bronze_Pipe_Long","Server/Item/Items/Metal/Bronze/Metal_Bronze_Pipe_Long.json","1391","CF87EB585973A881A2304CEE290062888F26197D12F03FA4D2AD2B6B4852AD4B"
"items","Metal_Bronze_Pipe_Short","Metal/Bronze/Metal_Bronze_Pipe_Short","Server/Item/Items/Metal/Bronze/Metal_Bronze_Pipe_Short.json","1552","55E681979DF25322CCA5D2B3A04206557F22A0AB66DA6DD9814D75E66ECD00CE"
"items","Metal_Bronze_Roof","Metal/Bronze/Metal_Bronze_Roof","Server/Item/Items/Metal/Bronze/Metal_Bronze_Roof.json","3270","C0CC61329E285AD10CFC933D28C9C7AD4A2745EB26A987E175175FDFB0DB1FC3"
"items","Metal_Bronze_Roof_Flat","Metal/Bronze/Metal_Bronze_Roof_Flat","Server/Item/Items/Metal/Bronze/Metal_Bronze_Roof_Flat.json","1160","65F962AA4548CC91F39BAA786CF6D7C473830C06E6FCABABB3091AA0F0F8A838"
"items","Metal_Bronze_Roof_Shallow","Metal/Bronze/Metal_Bronze_Roof_Shallow","Server/Item/Items/Metal/Bronze/Metal_Bronze_Roof_Shallow.json","3058","8981CF17A1823543D35986BBB3138CFEE391282927773A3DDDB3AB7A9056BB29"
"items","Metal_Bronze_Roof_Steep","Metal/Bronze/Metal_Bronze_Roof_Steep","Server/Item/Items/Metal/Bronze/Metal_Bronze_Roof_Steep.json","3015","4B9537EA10F88A4384B8AD63DC49DE9D52D545313E41386571A0548C842A0EFA"
"items","Metal_Bronze_Smooth","Metal/Bronze/Metal_Bronze_Smooth","Server/Item/Items/Metal/Bronze/Metal_Bronze_Smooth.json","971","3B025782C4C4E32B1E09A07B8FE812053DD7E4EF44B5ED10D0DA3D2AAED97039"
"items","Metal_Bronze_Smooth_Half","Metal/Bronze/Metal_Bronze_Smooth_Half","Server/Item/Items/Metal/Bronze/Metal_Bronze_Smooth_Half.json","2548","A45AD444672E1D8EF5BDD341B60B642AC909ACBD646192C58CA1B03E9D355137"
"items","Metal_Bronze_Stairs","Metal/Bronze/Metal_Bronze_Stairs","Server/Item/Items/Metal/Bronze/Metal_Bronze_Stairs.json","3741","06B1688809797E373E858EEA83E13578FE160A2111BB608A6C2A202A2FBF9608"
"items","Metal_Copper","Metal/Copper/Metal_Copper","Server/Item/Items/Metal/Copper/Metal_Copper.json","1302","B5ED94D69DB820A09549FDF60C1690E4C492930E7AD87E40176F42BA1B17F2AE"
"items","Metal_Copper_Decorative","Metal/Copper/Metal_Copper_Decorative","Server/Item/Items/Metal/Copper/Metal_Copper_Decorative.json","1347","07C2D9D2B42011B3D1B201B697499A9DC203C4A69483D0790766BFCA78FC4A25"
"items","Metal_Copper_Fence","Metal/Copper/Metal_Copper_Fence","Server/Item/Items/Metal/Copper/Metal_Copper_Fence.json","2347","B1B493DC42205002AE39CC0045A48493907CF7DBDED4C1F8BA254F5F0799DD80"
"items","Metal_Copper_Half","Metal/Copper/Metal_Copper_Half","Server/Item/Items/Metal/Copper/Metal_Copper_Half.json","2618","3B85B8BE0872E3A151AC7F5C02F71439F9706AB78D2E99A8EE34B3FB15A3352D"
"items","Metal_Copper_Ornate","Metal/Copper/Metal_Copper_Ornate","Server/Item/Items/Metal/Copper/Metal_Copper_Ornate.json","1006","91D6B699AABF37AA5F933264B897C76D1D4E93B8482CAE23D4D9643EB6D5F872"
"items","Metal_Copper_Pipe_Chimney","Metal/Copper/Metal_Copper_Pipe_Chimney","Server/Item/Items/Metal/Copper/Metal_Copper_Pipe_Chimney.json","1378","19C40CB6B110F8BF4BD385FE37F36C7B21D0B91C157B204BEE91F1B8ABFC3025"
"items","Metal_Copper_Pipe_Corner","Metal/Copper/Metal_Copper_Pipe_Corner","Server/Item/Items/Metal/Copper/Metal_Copper_Pipe_Corner.json","1441","38D785CE49A760BC79692A0E6E809AD90F7F4E71CBCFA5F8FB7FFB6D2FA51055"
"items","Metal_Copper_Pipe_Large","Metal/Copper/Metal_Copper_Pipe_Large","Server/Item/Items/Metal/Copper/Metal_Copper_Pipe_Large.json","1366","84C75032EEE07F49898938ECEE28F4C7B2629EF05634D4BAEEAE62F29A8465AE"
"items","Metal_Copper_Pipe_Large_Corner","Metal/Copper/Metal_Copper_Pipe_Large_Corner","Server/Item/Items/Metal/Copper/Metal_Copper_Pipe_Large_Corner.json","1384","A499857405D8A9802E41B6BD2F713F1F09A0AB4A5DBE5186D46770F35D2D818B"
"items","Metal_Copper_Pipe_Large_Mouthpiece","Metal/Copper/Metal_Copper_Pipe_Large_Mouthpiece","Server/Item/Items/Metal/Copper/Metal_Copper_Pipe_Large_Mouthpiece.json","1386","E7463B9C07CFDC32DF00FEEF9B954CB399476DC74F5E490E4AE2D4848D28C368"
"items","Metal_Copper_Pipe_Long","Metal/Copper/Metal_Copper_Pipe_Long","Server/Item/Items/Metal/Copper/Metal_Copper_Pipe_Long.json","1391","2608F4229D2672297EA0AD5C124F23DD0070D0D556F8A997E90295DEC2E470A9"
"items","Metal_Copper_Pipe_Short","Metal/Copper/Metal_Copper_Pipe_Short","Server/Item/Items/Metal/Copper/Metal_Copper_Pipe_Short.json","1552","5FF1CBF12C8A9DFBF170D958C2D5905D3F0E41DE2694FB4536EA25911A9F6CFB"
"items","Metal_Copper_Roof","Metal/Copper/Metal_Copper_Roof","Server/Item/Items/Metal/Copper/Metal_Copper_Roof.json","3270","E2BFBCABE6465E949646377151521AA76868C307E235051C7A38F125866A0D47"
"items","Metal_Copper_Roof_Flat","Metal/Copper/Metal_Copper_Roof_Flat","Server/Item/Items/Metal/Copper/Metal_Copper_Roof_Flat.json","1160","C41E687ECA9EF72A6FE5B9747B9B4F3D20CCA2C2C3B8B478799F30DAF091E46A"
"items","Metal_Copper_Roof_Shallow","Metal/Copper/Metal_Copper_Roof_Shallow","Server/Item/Items/Metal/Copper/Metal_Copper_Roof_Shallow.json","3058","DEF5EC0F49A08A0C8ED08B680FE4B6A13EAAF65734E9802423BF72677C039566"
"items","Metal_Copper_Roof_Steep","Metal/Copper/Metal_Copper_Roof_Steep","Server/Item/Items/Metal/Copper/Metal_Copper_Roof_Steep.json","3015","4A7D7F0882E3DF34977645A54087441D5604883B4131CC9D356A647AB0D876B6"
"items","Metal_Copper_Smooth","Metal/Copper/Metal_Copper_Smooth","Server/Item/Items/Metal/Copper/Metal_Copper_Smooth.json","971","56CA5631321B9F06AE51AEB59DF96CDE3FDFD311716116B4DB83AE99A9061ADE"
"items","Metal_Copper_Smooth_Half","Metal/Copper/Metal_Copper_Smooth_Half","Server/Item/Items/Metal/Copper/Metal_Copper_Smooth_Half.json","2548","9111F3CD6145CEC3160C1D46EA525980AA97695B2987F312402F9773B50C5ED0"
"items","Metal_Copper_Stairs","Metal/Copper/Metal_Copper_Stairs","Server/Item/Items/Metal/Copper/Metal_Copper_Stairs.json","3649","8B24BCE3F15B03B77B17D7AFF8638AE6DDF4F5885494E73426CF03088A548866"
"items","Metal_Gold_Pipe_Chimney","Metal/Gold/Metal_Gold_Pipe_Chimney","Server/Item/Items/Metal/Gold/Metal_Gold_Pipe_Chimney.json","1398","9B12A8D0263EBC7C1CA384F9E7120CE15E59596CC9E1E8779B9C0A0C02E356E2"
"items","Metal_Gold_Pipe_Corner","Metal/Gold/Metal_Gold_Pipe_Corner","Server/Item/Items/Metal/Gold/Metal_Gold_Pipe_Corner.json","1431","8F0AF6DE045C3FE2D59E8C22CBD487187F006A56323A8CB5BA593B00F9E948D6"
"items","Metal_Gold_Pipe_Large","Metal/Gold/Metal_Gold_Pipe_Large","Server/Item/Items/Metal/Gold/Metal_Gold_Pipe_Large.json","1321","61A3151CE7394F04315EFDFCBDD44C8217A4C8BDF0715064A3348F217E3FEC1E"
"items","Metal_Gold_Pipe_Large_Corner","Metal/Gold/Metal_Gold_Pipe_Large_Corner","Server/Item/Items/Metal/Gold/Metal_Gold_Pipe_Large_Corner.json","1374","B2177EFC6B5F1649B31DE3B462C03E815C00FC67A0E7EBAA118F92306B16C7D5"
"items","Metal_Gold_Pipe_Large_Mouthpiece","Metal/Gold/Metal_Gold_Pipe_Large_Mouthpiece","Server/Item/Items/Metal/Gold/Metal_Gold_Pipe_Large_Mouthpiece.json","1341","5BC6732DBD867432C45CB1461B730A6F1A20FBE02E5821F785251383554FEF50"
"items","Metal_Gold_Pipe_Long","Metal/Gold/Metal_Gold_Pipe_Long","Server/Item/Items/Metal/Gold/Metal_Gold_Pipe_Long.json","1342","482B8C6F46FF92E3EDF508C926806D4C73CBAD862CE85F7420B67EC50D51721B"
"items","Metal_Gold_Pipe_Short","Metal/Gold/Metal_Gold_Pipe_Short","Server/Item/Items/Metal/Gold/Metal_Gold_Pipe_Short.json","1542","FFB2BF25FDB812BB1FCBBCB11CBDFB9F299C67B7432B6A34D088E08B51D5F819"
"items","Metal_Iron","Metal/Iron/Metal_Iron","Server/Item/Items/Metal/Iron/Metal_Iron.json","1327","A6DD9AECE984DB94C0A3DFDCD8AF2432BAA12707B0CDD9BF3821A1CB6A8812D6"
"items","Metal_Iron_Decorative","Metal/Iron/Metal_Iron_Decorative","Server/Item/Items/Metal/Iron/Metal_Iron_Decorative.json","1337","238CDA793E92B37D23877A860DE55097452A2F9B6C943DB4278F8421F381520C"
"items","Metal_Iron_Fence","Metal/Iron/Metal_Iron_Fence","Server/Item/Items/Metal/Iron/Metal_Iron_Fence.json","2398","90490B1C33BE933C749C730E2BF903DCAE0609581CA4D413E99C0DBAE92EE5B3"
"items","Metal_Iron_Gutter","Metal/Iron/Metal_Iron_Gutter","Server/Item/Items/Metal/Iron/Metal_Iron_Gutter.json","1583","2AA44536031D1C397C34C9C542DC830981F0C6D6BEA6EF9C580FD43A30B3D2B9"
"items","Metal_Iron_Half","Metal/Iron/Metal_Iron_Half","Server/Item/Items/Metal/Iron/Metal_Iron_Half.json","2809","6C4BAC1F751267BE936B109E0D78B55B0EA531CE59B294CCA335E8AEF843AD1D"
"items","Metal_Iron_Ornate","Metal/Iron/Metal_Iron_Ornate","Server/Item/Items/Metal/Iron/Metal_Iron_Ornate.json","996","A363A4BF286BA79E1DC306D785B7F5FDC63AAED5763322F59809084930FB40A1"
"items","Metal_Iron_Pipe_Chimney","Metal/Iron/Metal_Iron_Pipe_Chimney","Server/Item/Items/Metal/Iron/Metal_Iron_Pipe_Chimney.json","1368","DE746DED5DE79ED95B04F214036AD26F44B3AC0C323260FD9561BC95E25C2167"
"items","Metal_Iron_Pipe_Corner","Metal/Iron/Metal_Iron_Pipe_Corner","Server/Item/Items/Metal/Iron/Metal_Iron_Pipe_Corner.json","1431","D13F95E59F2BF8F7DCFD55E79B4D20CD58A2C9E2FEA9A8B7F47FA2A72A363C99"
"items","Metal_Iron_Pipe_Large","Metal/Iron/Metal_Iron_Pipe_Large","Server/Item/Items/Metal/Iron/Metal_Iron_Pipe_Large.json","1360","385ED9A986FBD83D71EEB4B1B0EBC0DEB2EF1952ECFA136E34C0A8B6DABA8EA1"
"items","Metal_Iron_Pipe_Large_Corner","Metal/Iron/Metal_Iron_Pipe_Large_Corner","Server/Item/Items/Metal/Iron/Metal_Iron_Pipe_Large_Corner.json","1378","C6554E8DCF0C4F825999D9842C8CB563E48851B2D3615F87269797D6F227EE53"
"items","Metal_Iron_Pipe_Large_Mouthpiece","Metal/Iron/Metal_Iron_Pipe_Large_Mouthpiece","Server/Item/Items/Metal/Iron/Metal_Iron_Pipe_Large_Mouthpiece.json","1380","70CC3B5C42D7AF79419ED0A1326744CBBE08C1AB215238E549E42C5EF78C3AFD"
"items","Metal_Iron_Pipe_Long","Metal/Iron/Metal_Iron_Pipe_Long","Server/Item/Items/Metal/Iron/Metal_Iron_Pipe_Long.json","1381","8BA68F6F388F70D2DCEC1BC89A82F5434BF2E94275D47AC8FBBF6811CC20211A"
"items","Metal_Iron_Pipe_Short","Metal/Iron/Metal_Iron_Pipe_Short","Server/Item/Items/Metal/Iron/Metal_Iron_Pipe_Short.json","1542","CA9166A1647627BE933DD1ED3333CF675A36216854ED37FE8BDCBF0AE97A7E96"
"items","Metal_Iron_Roof","Metal/Iron/Metal_Iron_Roof","Server/Item/Items/Metal/Iron/Metal_Iron_Roof.json","3224","53E7959ACC884201D5329372A0D95D8363A08D0F190A781D3DC28EC8EBA7C2F3"
"items","Metal_Iron_Roof_Flat","Metal/Iron/Metal_Iron_Roof_Flat","Server/Item/Items/Metal/Iron/Metal_Iron_Roof_Flat.json","1215","4EFBF08B7135B64D16B5B4926C81605C9F1E064590B0B8DE95141167011B5A34"
"items","Metal_Iron_Roof_Shallow","Metal/Iron/Metal_Iron_Roof_Shallow","Server/Item/Items/Metal/Iron/Metal_Iron_Roof_Shallow.json","3109","3A675D16070C3BB258378ADDB3D92CEB1CEA9FE67C5753A4A478B5F2D707C357"
"items","Metal_Iron_Roof_Steep","Metal/Iron/Metal_Iron_Roof_Steep","Server/Item/Items/Metal/Iron/Metal_Iron_Roof_Steep.json","3068","6F13B06BE7E2F05703146F2C2F600D6E2A1C9A4E786026E0F390D42416FCD696"
"items","Metal_Iron_Smooth","Metal/Iron/Metal_Iron_Smooth","Server/Item/Items/Metal/Iron/Metal_Iron_Smooth.json","961","1FA6B859ADE8C7212D0E256E6F7B365F987454A189F60119EFE838634A74AC92"
"items","Metal_Iron_Smooth_Half","Metal/Iron/Metal_Iron_Smooth_Half","Server/Item/Items/Metal/Iron/Metal_Iron_Smooth_Half.json","2532","85CD5ADC8AEC34A49B425C1508F1960AB5506D9F41F83E5668EB906CD4ACC313"
"items","Metal_Iron_Stairs","Metal/Iron/Metal_Iron_Stairs","Server/Item/Items/Metal/Iron/Metal_Iron_Stairs.json","3702","1D4E0C4A687E9C8D77E013C3732B1FF62A4B784445CCF6B228D47CA23C2344B0"
"items","Metal_Zinc","Metal/Zinc/Metal_Zinc","Server/Item/Items/Metal/Zinc/Metal_Zinc.json","1292","3A6BB3EE8553423A77045EE7B764B0DE82658E0E7D0AED057A83FF0813C0B378"
"items","Metal_Zinc_Decorative","Metal/Zinc/Metal_Zinc_Decorative","Server/Item/Items/Metal/Zinc/Metal_Zinc_Decorative.json","1337","1738C68755FC6F44C859E6301528CEAB5622D5BBB9E1E7B6C1A55A18791DEE7B"
"items","Metal_Zinc_Fence","Metal/Zinc/Metal_Zinc_Fence","Server/Item/Items/Metal/Zinc/Metal_Zinc_Fence.json","2364","F60213A15BF7EA27446F608E178BF50B820BD57866980CB50D559CA832D0E883"
"items","Metal_Zinc_Half","Metal/Zinc/Metal_Zinc_Half","Server/Item/Items/Metal/Zinc/Metal_Zinc_Half.json","2813","1926F5DCB8E077D41EB60C0DA7A2DCCA0FC844042B1A8F93F462D99653E199E3"
"items","Metal_Zinc_Ornate","Metal/Zinc/Metal_Zinc_Ornate","Server/Item/Items/Metal/Zinc/Metal_Zinc_Ornate.json","997","DADD52F2417D995CB9028EBE05224CC882D6DCE0E6883CD832CFCC66D083ED26"
"items","Metal_Zinc_Pipe_Chimney","Metal/Zinc/Metal_Zinc_Pipe_Chimney","Server/Item/Items/Metal/Zinc/Metal_Zinc_Pipe_Chimney.json","1372","EC5A5B117690A6EC18AF0BC109610A8514F24A339C7194613529634D8391A190"
"items","Metal_Zinc_Pipe_Corner","Metal/Zinc/Metal_Zinc_Pipe_Corner","Server/Item/Items/Metal/Zinc/Metal_Zinc_Pipe_Corner.json","1435","94015A0050F28FE18447DA5A373B8B5464864C6B46CDC33A5AF7C4EBDA4337F5"
"items","Metal_Zinc_Pipe_Large","Metal/Zinc/Metal_Zinc_Pipe_Large","Server/Item/Items/Metal/Zinc/Metal_Zinc_Pipe_Large.json","1360","295FE4D92A3CF6DC269C7D49C3127C74A57FC717B9B9D4DEE6B1DFA1BBE4A2D3"
"items","Metal_Zinc_Pipe_Large_Corner","Metal/Zinc/Metal_Zinc_Pipe_Large_Corner","Server/Item/Items/Metal/Zinc/Metal_Zinc_Pipe_Large_Corner.json","1378","0AEE6E195E4FA7F162D5D5659EC8F0789CBB4793FC1881C72749834F330F1A47"
"items","Metal_Zinc_Pipe_Large_Mouthpiece","Metal/Zinc/Metal_Zinc_Pipe_Large_Mouthpiece","Server/Item/Items/Metal/Zinc/Metal_Zinc_Pipe_Large_Mouthpiece.json","1380","BA433893D94AE47DFA09CC3A9EA3E5134F55278554B98E3811A930B2B76FB604"
"items","Metal_Zinc_Pipe_Long","Metal/Zinc/Metal_Zinc_Pipe_Long","Server/Item/Items/Metal/Zinc/Metal_Zinc_Pipe_Long.json","1385","1E9C2DAE2B0C2935049CCF6081B60BE38D5E722DB5D74817E902A5F9EEBC418E"
"items","Metal_Zinc_Pipe_Short","Metal/Zinc/Metal_Zinc_Pipe_Short","Server/Item/Items/Metal/Zinc/Metal_Zinc_Pipe_Short.json","1546","56E39475787ECD4355EDAE22333DAA85D28A3F5B6BDA87E645AE1E11EF43A43D"
"items","Metal_Zinc_Roof","Metal/Zinc/Metal_Zinc_Roof","Server/Item/Items/Metal/Zinc/Metal_Zinc_Roof.json","3228","90243682294BEB7A3952D05010113A8D9464422860A3B5DCDE460B7FE0D1DD56"
"items","Metal_Zinc_Roof_Flat","Metal/Zinc/Metal_Zinc_Roof_Flat","Server/Item/Items/Metal/Zinc/Metal_Zinc_Roof_Flat.json","1217","5828EA22F92DDA09BC7427D659F6F07B237AD1C63F44A60F2AC5FF84CB90B59A"
"items","Metal_Zinc_Roof_Shallow","Metal/Zinc/Metal_Zinc_Roof_Shallow","Server/Item/Items/Metal/Zinc/Metal_Zinc_Roof_Shallow.json","3109","F21E67D5EEFC79B2A242F93D9F48058CE7430EFCD80DF97E7FF18BC7E3EA4A3B"
"items","Metal_Zinc_Roof_Steep","Metal/Zinc/Metal_Zinc_Roof_Steep","Server/Item/Items/Metal/Zinc/Metal_Zinc_Roof_Steep.json","3068","EEA9C47EE7A1A5838DFDD89F1611274606EA7DF6A9649892FC715C0842E4EE86"
"items","Metal_Zinc_Smooth","Metal/Zinc/Metal_Zinc_Smooth","Server/Item/Items/Metal/Zinc/Metal_Zinc_Smooth.json","1126","A69467D1AF9A23E7114D2DC690F4F17BF9D976C962A8F7C5AC0B654AF915AAD5"
"items","Metal_Zinc_Smooth_Half","Metal/Zinc/Metal_Zinc_Smooth_Half","Server/Item/Items/Metal/Zinc/Metal_Zinc_Smooth_Half.json","2532","A660001ED09ADA9BE0F7D3D326ECC2C2715B83F3D203647DBE3111C4955BA4A5"
"items","Metal_Zinc_Stairs","Metal/Zinc/Metal_Zinc_Stairs","Server/Item/Items/Metal/Zinc/Metal_Zinc_Stairs.json","3723","27CFC9147AC3F2554475E0E5C5C4F109C7532A7E7289C5A16397BA07602FFEB6"
"items","Bandage_Crude","MISC/Bandage_Crude","Server/Item/Items/MISC/Bandage_Crude.json","2038","1A6913FE69B1E0DE0B1F0F317912C5BB9A60222696134DAFE737A5D66B564EA5"
"items","Bandage_Potion_Test","MISC/Bandage_Potion_Test","Server/Item/Items/MISC/Bandage_Potion_Test.json","3036","EBF252368C48E967E84EEE3F43FAB5BA099198DE6FC14EF92DF882E91F66C1D5"
"items","Block_Spawner_Block","MISC/Block_Spawner_Block","Server/Item/Items/MISC/Block_Spawner_Block.json","1391","C52AFC0E95DB510FB9DFB9817F8EA9A15AB114BD49C1C0708D5552F681074790"
"items","Block_Spawner_Block_Large","MISC/Block_Spawner_Block_Large","Server/Item/Items/MISC/Block_Spawner_Block_Large.json","1415","B5A2254B2719E0A9DB0F72E62D5D13A49A87E405251755C21F49D1D944AE2B48"
"items","Geyzer_Spawner1","MISC/Geyzer_Spawner1","Server/Item/Items/MISC/Geyzer_Spawner1.json","1516","E186D082438BE7275466201B9BAD58ECA236626033964B986BE08901B7B381D4"
"items","Greenscreen","MISC/Greenscreen","Server/Item/Items/MISC/Greenscreen.json","970","6C547A24051871AC9799AFCC4F6C8B414BDEF5C671AD98C6DF61CB7A2F561D0A"
"items","Kweebec_Ancient","MISC/Kweebec_Ancient","Server/Item/Items/MISC/Kweebec_Ancient.json","1316","47E9BF48211121F339D26DFC6CDAB9D7CB6E7F2148DE574F3C66F690F4122B9B"
"items","Leave_Instance","MISC/Leave_Instance","Server/Item/Items/MISC/Leave_Instance.json","1463","8659927F6C9E6316C9479AC191E557C180A0311130B2BC92EAFEA0BD3B7354B1"
"items","Media_RemoteControl","MISC/Media_RemoteControl","Server/Item/Items/MISC/Media_RemoteControl.json","564","74E9D931AE39F71E4F0B58023D719A77AA54955A38B930A11A7D216AB97A4ACF"
"items","Objective_Bounty","MISC/Objective_Bounty","Server/Item/Items/MISC/Objective_Bounty.json","1215","616CF7A2247006D04CA7E0310B249BBC8D7276560D752577E184508F6515B31A"
"items","Objective_Treasure_Map","MISC/Objective_Treasure_Map","Server/Item/Items/MISC/Objective_Treasure_Map.json","1227","9F97A9E1BED68D705D61D526A3387942E2DFCF2C9A797C1BF16C617504D05598"
"items","Prefab_Spawner_Block","MISC/Prefab_Spawner_Block","Server/Item/Items/MISC/Prefab_Spawner_Block.json","1260","E88F70431290C302DE197E566E186924FD30621B9698180E34C457ADFB610A8B"
"items","Prototype_Ancient_Sign_Hanging","MISC/Prototype_Ancient_Sign_Hanging","Server/Item/Items/MISC/Prototype_Ancient_Sign_Hanging.json","1591","176F0A83F2B7E8E666A1079657E064F899D267D5743030F0C89BF17ED4DB6D00"
"items","Prototype_Crude_Sign_Ground","MISC/Prototype_Crude_Sign_Ground","Server/Item/Items/MISC/Prototype_Crude_Sign_Ground.json","1609","9F5994E23679E842460D4B21ACE168454EE4589E306C3CF1825BA02BB1DF52EB"
"items","Prototype_Geyser","MISC/Prototype_Geyser","Server/Item/Items/MISC/Prototype_Geyser.json","3938","3CDC9B249404F4D90229F67E8D07B79C9F7A58D5F8F4C870932B452838A40CAA"
"items","Prototype_Goldenwood_Roof_Gutter_Slope","MISC/Prototype_Goldenwood_Roof_Gutter_Slope","Server/Item/Items/MISC/Prototype_Goldenwood_Roof_Gutter_Slope.json","1425","686AD3C495BCCD1DA0E16B696700E4C4C41FDA60E8415617997A957B62145D85"
"items","Prototype_Human_Ruins_Sign_Arrow","MISC/Prototype_Human_Ruins_Sign_Arrow","Server/Item/Items/MISC/Prototype_Human_Ruins_Sign_Arrow.json","1614","678AECEEEB40BCF1D86B675A2A8F0B484DADC84AD3407EE69B300665D835527E"
"items","Prototype_Human_Ruins_Sign_Hanging","MISC/Prototype_Human_Ruins_Sign_Hanging","Server/Item/Items/MISC/Prototype_Human_Ruins_Sign_Hanging.json","1604","DCA87B13549CCA6E9AF65700207599F077754692F31A1A9F45BF1BF9336493E5"
"items","Prototype_Human_Ruins_Sign_Shield","MISC/Prototype_Human_Ruins_Sign_Shield","Server/Item/Items/MISC/Prototype_Human_Ruins_Sign_Shield.json","1617","944CB9409CCC9EA69138B38CD45E95DE3C1E4A48C19E500857C3F6529E3B10A8"
"items","Prototype_NumericalState_Candle","MISC/Prototype_NumericalState_Candle","Server/Item/Items/MISC/Prototype_NumericalState_Candle.json","2637","8FA640B09CE7E994730DB33AB7D7F1015F6AF7F187B0E4E5C2FB983F8029E0F0"
"items","Prototype_NumericalState_Candle2","MISC/Prototype_NumericalState_Candle2","Server/Item/Items/MISC/Prototype_NumericalState_Candle2.json","2786","9E1D2D3E0772ABCB4CCD5C60831F706CDDEAC1A45C2124E3EA6631A4EB78BC4C"
"items","Prototype_NumericalState_Candle3","MISC/Prototype_NumericalState_Candle3","Server/Item/Items/MISC/Prototype_NumericalState_Candle3.json","2931","FBB9ACBD0FDBE684A5624A1F1104128340CE397DE1046F7CAEE11003EB5198BD"
"items","Prototype_Softwood_Roof_Gutter_Slope","MISC/Prototype_Softwood_Roof_Gutter_Slope","Server/Item/Items/MISC/Prototype_Softwood_Roof_Gutter_Slope.json","1375","1D528B6C2659E3ABF8F2D2EA31603614DC3009E65ACD21FC4D2C58B24391981E"
"items","Prototype_Spider_Cocoon_Falling","MISC/Prototype_Spider_Cocoon_Falling","Server/Item/Items/MISC/Prototype_Spider_Cocoon_Falling.json","1863","C44316C638C688BC57B215DB2C99F7225A5F1EA2445C4FC4A577CC3373252256"
"items","Prototype_Temple_Emerald_Sign_Ground","MISC/Prototype_Temple_Emerald_Sign_Ground","Server/Item/Items/MISC/Prototype_Temple_Emerald_Sign_Ground.json","1480","61CDD4A8CE35C42D2604E17084ABC994F6BD9549FC02C4CE930DD4334C50F225"
"items","Test_Objective_Line_Interaction","MISC/Test_Objective_Line_Interaction","Server/Item/Items/MISC/Test_Objective_Line_Interaction.json","1241","782046CA3A541DA091D368F9FF6847FCAE69415E63034EE65DB1E7C39F96CC95"
"items","Vehicle_Wood_Boat","MISC/Vehicle_Wood_Boat","Server/Item/Items/MISC/Vehicle_Wood_Boat.json","1065","8507819EF7EAE3112F62FF44869F19B5DC8102804751D48A953BA0E692245761"
"items","Vehicle_Wood_Raft","MISC/Vehicle_Wood_Raft","Server/Item/Items/MISC/Vehicle_Wood_Raft.json","1023","810495022074FA034693D05C448A32A583F4CB4756FC00EB71D88DC3C89D45DE"
"items","Spawner_Rat","NPC_Spawner/Spawner_Rat","Server/Item/Items/NPC_Spawner/Spawner_Rat.json","1264","820D0C94F25593E4D872BBDB4B2E32AA87517CF35639B496005A601E28198DC7"
"items","Ore_Adamantite","Ore/Adamantite/Ore_Adamantite","Server/Item/Items/Ore/Adamantite/Ore_Adamantite.json","1027","3F99B415F1DB09DEB57014B26D49E79A753B134C20B1FD49770CBD61DE93AE56"
"items","Ore_Adamantite_Magma","Ore/Adamantite/Ore_Adamantite_Magma","Server/Item/Items/Ore/Adamantite/Ore_Adamantite_Magma.json","1859","303D3A70001ADB70D258DDCC477CA5485D6F818DC6FE102B5A35D1AC7C46186E"
"items","Ore_Adamantite_Magma_Cracked","Ore/Adamantite/Ore_Adamantite_Magma_Cracked","Server/Item/Items/Ore/Adamantite/Ore_Adamantite_Magma_Cracked.json","1314","899F24D93E7AFF82FDC655835E9614CC9F622A5B07321A7384234D09DA41ACF2"
"items","Ore_Cobalt","Ore/Cobalt/Ore_Cobalt","Server/Item/Items/Ore/Cobalt/Ore_Cobalt.json","1002","F5F7EF50F4DFF692B723AD66413B23F82E040CF469D106E2CCAFD58A53B0948C"
"items","Ore_Cobalt_Shale","Ore/Cobalt/Ore_Cobalt_Shale","Server/Item/Items/Ore/Cobalt/Ore_Cobalt_Shale.json","1547","B75D6A0958E59695971BA9B25D8F7FBCA203B4F3FA76BE97C1F077A88A4EA3B6"
"items","Ore_Cobalt_Slate","Ore/Cobalt/Ore_Cobalt_Slate","Server/Item/Items/Ore/Cobalt/Ore_Cobalt_Slate.json","1086","661C1C4E0BCF6F8A959CF2A8BB08B9A81357A8562ED98A6CE05D2372D950078C"
"items","Ore_Cobalt_Slate_Cracked","Ore/Cobalt/Ore_Cobalt_Slate_Cracked","Server/Item/Items/Ore/Cobalt/Ore_Cobalt_Slate_Cracked.json","1534","553B91C7F321BBA5047F06F5A9554A157620B753AD108730084F31847CA5DB5B"
"items","Ore_Copper","Ore/Copper/Ore_Copper","Server/Item/Items/Ore/Copper/Ore_Copper.json","1007","858F4A3F6BB29AEECF601AD7DBAF3894F5E52FAD39832597841D1C75577C359C"
"items","Ore_Copper_Sandstone","Ore/Copper/Ore_Copper_Sandstone","Server/Item/Items/Ore/Copper/Ore_Copper_Sandstone.json","996","DBAADBE205182F1B94F6E507F1A63C5E716EF7C94E4CD37A5B7DBBF18EC66E60"
"items","Ore_Copper_Shale","Ore/Copper/Ore_Copper_Shale","Server/Item/Items/Ore/Copper/Ore_Copper_Shale.json","915","31B1990364F061D4E63F89B049DED02A61CA240C93A3B5D219B00857B5E86D0A"
"items","Ore_Copper_Stone","Ore/Copper/Ore_Copper_Stone","Server/Item/Items/Ore/Copper/Ore_Copper_Stone.json","1547","6306DC7421F3FAD7C8EEE08FCF9795056813FB9A0A3632A378E45DD1B92940B4"
"items","Ore_Gold","Ore/Gold/Ore_Gold","Server/Item/Items/Ore/Gold/Ore_Gold.json","997","82156904D43E5647C051DD3FA90E6D543B639A16CA372625076648D1DC2FA085"
"items","Ore_Gold_Basalt","Ore/Gold/Ore_Gold_Basalt","Server/Item/Items/Ore/Gold/Ore_Gold_Basalt.json","1539","CEAC997D28D7D102679906D9D63AA99E4AB68A45A99ECED59CD1DC683AC2B0AC"
"items","Ore_Gold_Calcite","Ore/Gold/Ore_Gold_Calcite","Server/Item/Items/Ore/Gold/Ore_Gold_Calcite.json","1109","ACA01206EDC37B3FF7EBD00A34F4A39ED0E5FF4B7AED25F679A270FE46854A3B"
"items","Ore_Gold_Sandstone","Ore/Gold/Ore_Gold_Sandstone","Server/Item/Items/Ore/Gold/Ore_Gold_Sandstone.json","1616","209ED10B2B31D09FCEF1380B8C313D329DDF4A096358552F1A58363528BDC7AB"
"items","Ore_Gold_Shale","Ore/Gold/Ore_Gold_Shale","Server/Item/Items/Ore/Gold/Ore_Gold_Shale.json","1535","13BB85D503F78BC17717FA137DA2890C1B086C97C2207FE6DF3F11ED61F5DC0E"
"items","Ore_Gold_Stone","Ore/Gold/Ore_Gold_Stone","Server/Item/Items/Ore/Gold/Ore_Gold_Stone.json","1535","64FF75F6B6E77FCF306406AB1D97588A94F8891377685AC732398A8A9530E327"
"items","Ore_Gold_Volcanic","Ore/Gold/Ore_Gold_Volcanic","Server/Item/Items/Ore/Gold/Ore_Gold_Volcanic.json","1547","5E987A6D55340A3628678894EA1504FA72E93B568C4CBF693B7F41A4C9FBC505"
"items","Ore_Iron","Ore/Iron/Ore_Iron","Server/Item/Items/Ore/Iron/Ore_Iron.json","997","78F7C129A4B739C8A9BC88C4FAFC7B11FB358AE67191DA8E00B063665FD37B66"
"items","Ore_Iron_Basalt","Ore/Iron/Ore_Iron_Basalt","Server/Item/Items/Ore/Iron/Ore_Iron_Basalt.json","1078","FD7A56F41F0ED7163D91B1077776E105B9F1819895921D19FC8D5839E18DE94B"
"items","Ore_Iron_Basalt_Cracked","Ore/Iron/Ore_Iron_Basalt_Cracked","Server/Item/Items/Ore/Iron/Ore_Iron_Basalt_Cracked.json","1395","3323A0C7D4C4AE5509EF3E4D4737EF51B0AC460EB01DDBF705421163B02FAA63"
"items","Ore_Iron_Sandstone","Ore/Iron/Ore_Iron_Sandstone","Server/Item/Items/Ore/Iron/Ore_Iron_Sandstone.json","986","15229CED45D4018D2A44C146DA90E5FEB839529545833D1CC0F7B6198BBA4262"
"items","Ore_Iron_Shale","Ore/Iron/Ore_Iron_Shale","Server/Item/Items/Ore/Iron/Ore_Iron_Shale.json","905","8C4B486333AF425DBCDB54216EA47854FCC6D10523C1F69BC8A110465A4637BB"
"items","Ore_Iron_Slate","Ore/Iron/Ore_Iron_Slate","Server/Item/Items/Ore/Iron/Ore_Iron_Slate.json","905","D5D32FC7356A05E4285122F4736C5AADE0BE6C01FF83EF3452A7F78C4ECA4736"
"items","Ore_Iron_Stone","Ore/Iron/Ore_Iron_Stone","Server/Item/Items/Ore/Iron/Ore_Iron_Stone.json","1535","E570EFDF8F07055DB1F5FE0CE6112D3E496C0F27FC6560CB65A2D24713441548"
"items","Ore_Iron_Volcanic","Ore/Iron/Ore_Iron_Volcanic","Server/Item/Items/Ore/Iron/Ore_Iron_Volcanic.json","917","B7C5DC1A03ECE195864192DC90DD52625B0F1B61F33A19ED63D515F6CCEB274A"
"items","Ore_Mithril","Ore/Mithril/Ore_Mithril","Server/Item/Items/Ore/Mithril/Ore_Mithril.json","1051","F5A4881D4A6F8BFA683269DB445D7DBF47FE5AE590F364B5040C9FBEC86D325B"
"items","Ore_Mithril_Stone","Ore/Mithril/Ore_Mithril_Stone","Server/Item/Items/Ore/Mithril/Ore_Mithril_Stone.json","1734","8084A23EE05F0292FB9AA910BBB954419FC21648552703EDEE36C11A207D74A1"
"items","Ore_Onyxium","Ore/Onyxium/Ore_Onyxium","Server/Item/Items/Ore/Onyxium/Ore_Onyxium.json","1012","BC0CA1F4A5626653948A2668BF535E6A48AA7163BFA006FA9031F6CA992A69AD"
"items","Ore_Prisma","Ore/Prisma/Ore_Prisma","Server/Item/Items/Ore/Prisma/Ore_Prisma.json","1002","8619D3F6214235E3733F10F794233D177F139A1373E84A17F59E3F14E93DCDDC"
"items","Ore_Silver","Ore/Silver/Ore_Silver","Server/Item/Items/Ore/Silver/Ore_Silver.json","1007","978D18586A45716836C65EE1F10AAF73C2F391FD763B5F998A3D7846A20747A6"
"items","Ore_Silver_Basalt","Ore/Silver/Ore_Silver_Basalt","Server/Item/Items/Ore/Silver/Ore_Silver_Basalt.json","1549","42329BF1F02ABA979FD3E2058DB92D13079B38B43FADBD2577B03506B8386930"
"items","Ore_Silver_Sandstone","Ore/Silver/Ore_Silver_Sandstone","Server/Item/Items/Ore/Silver/Ore_Silver_Sandstone.json","1625","74231CB48F3A8DEED254FAA737089F5538C474D85D71CB0CB01205566087A125"
"items","Ore_Silver_Shale","Ore/Silver/Ore_Silver_Shale","Server/Item/Items/Ore/Silver/Ore_Silver_Shale.json","1545","9621D50652F23BE83D5C06D4D08107DA8A8EEA0FCD2969712E3AE862EBE1940B"
"items","Ore_Silver_Slate","Ore/Silver/Ore_Silver_Slate","Server/Item/Items/Ore/Silver/Ore_Silver_Slate.json","1545","5A6204C4BD8FF0D6D7DC7FF2504DB454A38F54B87D844DB2BFFA19895AE1F0AA"
"items","Ore_Silver_Stone","Ore/Silver/Ore_Silver_Stone","Server/Item/Items/Ore/Silver/Ore_Silver_Stone.json","1545","6A3F519E1FC06F16836F3B19037AD51B70F7B1AF323E98AC4D5B4A626ACB47EA"
"items","Ore_Silver_Volcanic","Ore/Silver/Ore_Silver_Volcanic","Server/Item/Items/Ore/Silver/Ore_Silver_Volcanic.json","1557","0D3A51786447892A5C43E68270E3B06F8A211E48C3622C5B3FE721961D9853B1"
"items","Ore_Thorium","Ore/Thorium/Ore_Thorium","Server/Item/Items/Ore/Thorium/Ore_Thorium.json","1012","DD866F831F63F6C58F9B61F688F40E57ADE23DCE6436E1C1BDC5EBA24D950157"
"items","Ore_Thorium_Mud","Ore/Thorium/Ore_Thorium_Mud","Server/Item/Items/Ore/Thorium/Ore_Thorium_Mud.json","1086","2404580C23F177369AB56811B0D7FC7260FEE34DD836C06528D2D981A68EFA5C"
"items","Ore_Thorium_Mud_Cracked","Ore/Thorium/Ore_Thorium_Mud_Cracked","Server/Item/Items/Ore/Thorium/Ore_Thorium_Mud_Cracked.json","1280","F8232470622E1E9E0D6B931EE64E1A4B9F9EB8FFC791FB2799783F58072F76F7"
"items","Ore_Thorium_Sandstone","Ore/Thorium/Ore_Thorium_Sandstone","Server/Item/Items/Ore/Thorium/Ore_Thorium_Sandstone.json","1574","D0DAB6C03C8C1CB2318921802A40F61BEF54296A44E9FAEB9FBA135819CD2E05"
"items","Plant_Bush","Plant/Bushes/Plant_Bush","Server/Item/Items/Plant/Bushes/Plant_Bush.json","1854","ED210B8C5F30AE7F367EBA92CDD944F9F3667EFC5F2C702B8D5FEEF57B62DE2B"
"items","Plant_Bush_Arid","Plant/Bushes/Plant_Bush_Arid","Server/Item/Items/Plant/Bushes/Plant_Bush_Arid.json","441","72D44D478B9ECC799FA01585F1452D636F9ED333365AC125CD5B54EE0C227C59"
"items","Plant_Bush_Arid_Palm","Plant/Bushes/Plant_Bush_Arid_Palm","Server/Item/Items/Plant/Bushes/Plant_Bush_Arid_Palm.json","668","9473AB61E3BFCCD78190DEE6C8E5096AB3783CF2222A49293D28F21AD8FC4BBC"
"items","Plant_Bush_Arid_Red","Plant/Bushes/Plant_Bush_Arid_Red","Server/Item/Items/Plant/Bushes/Plant_Bush_Arid_Red.json","611","F819B1F9E5617E06C12A341DD506285EE6AB46A53A67D116DBE3F6C197E77B3D"
"items","Plant_Bush_Arid_Sharp","Plant/Bushes/Plant_Bush_Arid_Sharp","Server/Item/Items/Plant/Bushes/Plant_Bush_Arid_Sharp.json","670","2B9C1ECF7B88AE633E62758F2E2CC87169C3D65D2FCE17EDA0C687F1A63E043B"
"items","Plant_Bush_Bramble","Plant/Bushes/Plant_Bush_Bramble","Server/Item/Items/Plant/Bushes/Plant_Bush_Bramble.json","1051","34D55A12FF87BAE6B6DE7475CB79ADF1E7AE11D7946B7254F8D200FAC43B0D00"
"items","Plant_Bush_Crystal","Plant/Bushes/Plant_Bush_Crystal","Server/Item/Items/Plant/Bushes/Plant_Bush_Crystal.json","664","3A312855884AF2E8F6112E8177663EAC179F04151B3DE2F2AC97EFAF649C4411"
"items","Plant_Bush_Dead","Plant/Bushes/Plant_Bush_Dead","Server/Item/Items/Plant/Bushes/Plant_Bush_Dead.json","845","C4D988A693C6F06E0AABB28022FBBB519C0F1BEDCD3AAC2FF927514A318D2D86"
"items","Plant_Bush_Dead_Hanging","Plant/Bushes/Plant_Bush_Dead_Hanging","Server/Item/Items/Plant/Bushes/Plant_Bush_Dead_Hanging.json","828","9BCF15912F375B675D68BC9C01DADF55BC6801B71CA6813F6962EC9025589ED6"
"items","Plant_Bush_Dead_Tall","Plant/Bushes/Plant_Bush_Dead_Tall","Server/Item/Items/Plant/Bushes/Plant_Bush_Dead_Tall.json","899","4ABADAD30A830309AD97F3F7B80F53BDC17295B96EDD1D569D2462E9170C3EAC"
"items","Plant_Bush_Dead_Twisted","Plant/Bushes/Plant_Bush_Dead_Twisted","Server/Item/Items/Plant/Bushes/Plant_Bush_Dead_Twisted.json","725","56733091FC7C4E2ACA6B12FB5B8407F9980B52D20B8EA543F3AB173904E8A88E"
"items","Plant_Bush_Green","Plant/Bushes/Plant_Bush_Green","Server/Item/Items/Plant/Bushes/Plant_Bush_Green.json","805","CFEB9EC8ABDD55B73BB9A14588C19DBEE8FCC5520E1577B8C9C4182CF543DA15"
"items","Plant_Bush_Hanging","Plant/Bushes/Plant_Bush_Hanging","Server/Item/Items/Plant/Bushes/Plant_Bush_Hanging.json","831","D84B001DCA16EA9F48576A3F61272C13F275DC970866CBBF82C6B437B3CAF48C"
"items","Plant_Bush_Jungle","Plant/Bushes/Plant_Bush_Jungle","Server/Item/Items/Plant/Bushes/Plant_Bush_Jungle.json","1272","68E341520B0786216369A7913EEFB7F126B9CAE50796E3A855FFF88AB2639266"
"items","Plant_Bush_Lush","Plant/Bushes/Plant_Bush_Lush","Server/Item/Items/Plant/Bushes/Plant_Bush_Lush.json","596","8530BD63046F9A454ED90BB65525CB8A2F4620737406FFED9710667024E7EA2E"
"items","Plant_Bush_Wet","Plant/Bushes/Plant_Bush_Wet","Server/Item/Items/Plant/Bushes/Plant_Bush_Wet.json","784","EBAD690FB8DE805188DEA5C3A9E595E467A0C223F57CB715F9319DCED2F179C4"
"items","Plant_Bush_Winter","Plant/Bushes/Plant_Bush_Winter","Server/Item/Items/Plant/Bushes/Plant_Bush_Winter.json","645","BBE5356CD95FE173039EF0E4EB447CBE86CBA98E81A380496F68A4536931B00E"
"items","Plant_Bush_Winter_Red","Plant/Bushes/Plant_Bush_Winter_Red","Server/Item/Items/Plant/Bushes/Plant_Bush_Winter_Red.json","589","5F7EAEEA66B493DF7BF1EA9A390B816EEA68F8B73F231CE6F9A9E4D83AC09018"
"items","Plant_Bush_Winter_Sharp","Plant/Bushes/Plant_Bush_Winter_Sharp","Server/Item/Items/Plant/Bushes/Plant_Bush_Winter_Sharp.json","741","28B60F3839CD9D89A3A26D737307D281BA5E4BB417D986749BF9AA917FDC1402"
"items","Plant_Bush_Winter_Snow","Plant/Bushes/Plant_Bush_Winter_Snow","Server/Item/Items/Plant/Bushes/Plant_Bush_Winter_Snow.json","533","95D23CDE39D4774B002617BADA7B5E3CFA8A6F6605976F936AED2B505849801C"
"items","Plant_Cactus_1","Plant/Cactus/Plant_Cactus_1","Server/Item/Items/Plant/Cactus/Plant_Cactus_1.json","3302","6AF86FF5EB5CDB8B1DB80FED888A42880B67D547E962853A61DF47049443127E"
"items","Plant_Cactus_2","Plant/Cactus/Plant_Cactus_2","Server/Item/Items/Plant/Cactus/Plant_Cactus_2.json","3300","FDE621ACFC6B3D2F7B2973F8C294D1A200D4FCE5C93D5D85037794349E5316DE"
"items","Plant_Cactus_3","Plant/Cactus/Plant_Cactus_3","Server/Item/Items/Plant/Cactus/Plant_Cactus_3.json","1519","F9E72EE609B12AB7A116698A7349613EA78F021C6816AD86B968646BB090DFA0"
"items","Plant_Cactus_Ball_1","Plant/Cactus/Plant_Cactus_Ball_1","Server/Item/Items/Plant/Cactus/Plant_Cactus_Ball_1.json","2638","172D5D741B5C219717EAF48B5AA9F1CD6FA7D5BAD6C5B75541E73E1AEDD82B62"
"items","Plant_Cactus_Flat_1","Plant/Cactus/Plant_Cactus_Flat_1","Server/Item/Items/Plant/Cactus/Plant_Cactus_Flat_1.json","4302","7BB76408CEECB24EEC14C81CCA65AC8F881B97D464339010A4642911558C019A"
"items","Plant_Cactus_Flat_2","Plant/Cactus/Plant_Cactus_Flat_2","Server/Item/Items/Plant/Cactus/Plant_Cactus_Flat_2.json","4458","BD45657A12D04FE2276A2D992E8965FC78D094FEA923ED529B831E560E27DBD3"
"items","Plant_Cactus_Flat_3","Plant/Cactus/Plant_Cactus_Flat_3","Server/Item/Items/Plant/Cactus/Plant_Cactus_Flat_3.json","4458","B445534AA68A58FFBA3DC27A07482EF55433BBFE73D4D66CB1641FFAFB47545F"
"items","Plant_Cactus_Flower","Plant/Cactus/Plant_Cactus_Flower","Server/Item/Items/Plant/Cactus/Plant_Cactus_Flower.json","1534","CA45D2B638CBE03E60072CEC091CFB90E523800743906A95F99C60340D4AECC3"
"items","Prototype_Cacti_Flower_Giant_Pink","Plant/Cactus/Prototype_Cacti_Flower_Giant_Pink","Server/Item/Items/Plant/Cactus/Prototype_Cacti_Flower_Giant_Pink.json","1579","0214228B54AE61913E7551B905F994069AB90230A442DB556384BCA7C6C1A69D"
"items","Prototype_Cactus_Five","Plant/Cactus/Prototype_Cactus_Five","Server/Item/Items/Plant/Cactus/Prototype_Cactus_Five.json","1437","9F3F7DEB3976693D3622BC4555E39838EB095B8F373FD89A07EFB2DAB4EC79DF"
"items","Prototype_Cactus_Flower_Giant_White","Plant/Cactus/Prototype_Cactus_Flower_Giant_White","Server/Item/Items/Plant/Cactus/Prototype_Cactus_Flower_Giant_White.json","1417","1F5398EB4CA668F2FA81CE0E01AD9DE68C36424F1D8BB2A67C9BC95CF519DBD7"
"items","Prototype_Cactus_Flower_Giant_Yellow","Plant/Cactus/Prototype_Cactus_Flower_Giant_Yellow","Server/Item/Items/Plant/Cactus/Prototype_Cactus_Flower_Giant_Yellow.json","1420","18E82D99FA15F32E4CD320056312D728E960860EADF950D1B10D509B2619ACCC"
"items","Prototype_Cactus_Flower_Pink","Plant/Cactus/Prototype_Cactus_Flower_Pink","Server/Item/Items/Plant/Cactus/Prototype_Cactus_Flower_Pink.json","1558","F91E290DA4A20BB0A71C70BBFD7BEB079A6F62A970E3210D295B2C2EEA5DE616"
"items","Prototype_Cactus_Flower_White","Plant/Cactus/Prototype_Cactus_Flower_White","Server/Item/Items/Plant/Cactus/Prototype_Cactus_Flower_White.json","1561","2FC2E234F286BC253CBBE167459B0B4AB98083F8AFC2C2314A51BF060CB85E36"
"items","Prototype_Cactus_Flower_Yellow","Plant/Cactus/Prototype_Cactus_Flower_Yellow","Server/Item/Items/Plant/Cactus/Prototype_Cactus_Flower_Yellow.json","1564","00ECF7CA944ADDA2334CDB7541436935E9FEDDC68FAC682DE8CED733FDF1EB38"
"items","Prototype_Cactus_Four","Plant/Cactus/Prototype_Cactus_Four","Server/Item/Items/Plant/Cactus/Prototype_Cactus_Four.json","1437","BCE2A9EBA5F495A66A544BED717681F8049947ACCB4E913616EA46C858C73A74"
"items","Prototype_Cactus_Kit_Flat_Base","Plant/Cactus/Prototype_Cactus_Kit_Flat_Base","Server/Item/Items/Plant/Cactus/Prototype_Cactus_Kit_Flat_Base.json","1440","6A598144D88E945DECA09372B457D80EC78B5E44E5CA0BEC457E8ADFE542FDF7"
"items","Prototype_Cactus_Kit_Flat_Middle","Plant/Cactus/Prototype_Cactus_Kit_Flat_Middle","Server/Item/Items/Plant/Cactus/Prototype_Cactus_Kit_Flat_Middle.json","1446","AD55031D46738F230233DAD10B27665668BECEDD62DC97ABB2F3964DEF344AE1"
"items","Prototype_Cactus_Kit_Flat_Top","Plant/Cactus/Prototype_Cactus_Kit_Flat_Top","Server/Item/Items/Plant/Cactus/Prototype_Cactus_Kit_Flat_Top.json","1433","ACB4A03151771D0EDF92918A070AE0C912C6B9D37349E18AFC6D041218E4EE2C"
"items","Prototype_Cactus_Kit_Tall_Arm","Plant/Cactus/Prototype_Cactus_Kit_Tall_Arm","Server/Item/Items/Plant/Cactus/Prototype_Cactus_Kit_Tall_Arm.json","1415","250E5F2D6D3D31C7CF679419E1EE802574A7C446100812271F2621796993EFE0"
"items","Prototype_Cactus_Kit_Tall_Arm_Large","Plant/Cactus/Prototype_Cactus_Kit_Tall_Arm_Large","Server/Item/Items/Plant/Cactus/Prototype_Cactus_Kit_Tall_Arm_Large.json","1427","A35121F04230985A118D6902A5FB8EA79B5027A22B05BCB1FB30CC31CB11C6EE"
"items","Prototype_Cactus_Kit_Tall_Arm_Secondary","Plant/Cactus/Prototype_Cactus_Kit_Tall_Arm_Secondary","Server/Item/Items/Plant/Cactus/Prototype_Cactus_Kit_Tall_Arm_Secondary.json","1445","5DC2138FCDF69382EFA628ED972020D9FF1950B57B0EB01C0FB6951645E03C49"
"items","Prototype_Cactus_Kit_Tall_Base","Plant/Cactus/Prototype_Cactus_Kit_Tall_Base","Server/Item/Items/Plant/Cactus/Prototype_Cactus_Kit_Tall_Base.json","1418","A90B394CE2558C44A71D25733AF92A640C8D9159A968B184B526AE38F6F9576C"
"items","Prototype_Cactus_Kit_Tall_Middle","Plant/Cactus/Prototype_Cactus_Kit_Tall_Middle","Server/Item/Items/Plant/Cactus/Prototype_Cactus_Kit_Tall_Middle.json","1422","7310A57EA9CA06E950439F0D695EF8C647DD455A8A7233877CD8367890B9D266"
"items","Prototype_Cactus_Kit_Tall_Top","Plant/Cactus/Prototype_Cactus_Kit_Tall_Top","Server/Item/Items/Plant/Cactus/Prototype_Cactus_Kit_Tall_Top.json","1415","5F591E13DA67FB345F0728E5C3E3189967F497AB0070D87598D9406A28E5B3FE"
"items","Prototype_Cactus_One","Plant/Cactus/Prototype_Cactus_One","Server/Item/Items/Plant/Cactus/Prototype_Cactus_One.json","1714","B96F680897D17EA3E271656BBCD6391A882CBFE4BAEC9EBA1B738BB3102D39DA"
"items","Prototype_Cactus_Spike_Long","Plant/Cactus/Prototype_Cactus_Spike_Long","Server/Item/Items/Plant/Cactus/Prototype_Cactus_Spike_Long.json","1539","D7B15522F12C30B0CD77B695D002B154CEA2DBC3E8041E32F701B10DFD1F6379"
"items","Prototype_Cactus_Succulent_One","Plant/Cactus/Prototype_Cactus_Succulent_One","Server/Item/Items/Plant/Cactus/Prototype_Cactus_Succulent_One.json","1385","F7E3CD785233A8A1DF6E9B2D61F8B54344DC998306EF8944E8964FD08E7B4D68"
"items","Prototype_Cactus_Succulent_Small","Plant/Cactus/Prototype_Cactus_Succulent_Small","Server/Item/Items/Plant/Cactus/Prototype_Cactus_Succulent_Small.json","1438","2627CFFACD622533D166F6E82E6F724DF4D999673E67CC63A256D0A1595B8454"
"items","Prototype_Cactus_Tall_Thick_Arm","Plant/Cactus/Prototype_Cactus_Tall_Thick_Arm","Server/Item/Items/Plant/Cactus/Prototype_Cactus_Tall_Thick_Arm.json","1429","E3515EAB7FAFAA959A9DEB30BD4CC59AAB96708B41A1F6926E51DA55927466C4"
"items","Prototype_Cactus_Tall_Thick_Arm_Large","Plant/Cactus/Prototype_Cactus_Tall_Thick_Arm_Large","Server/Item/Items/Plant/Cactus/Prototype_Cactus_Tall_Thick_Arm_Large.json","1444","2D38F65255E5881D7625B80815159A7EDEBF7BAE53CA7D04B70AB584ED9A3509"
"items","Prototype_Cactus_Tall_Thick_Arm_Secondary","Plant/Cactus/Prototype_Cactus_Tall_Thick_Arm_Secondary","Server/Item/Items/Plant/Cactus/Prototype_Cactus_Tall_Thick_Arm_Secondary.json","1449","033249843D31C05BA3C5D9323711394A84B624A1EBFDA670C116D98D01D10009"
"items","Prototype_Cactus_Tall_Thick_Base","Plant/Cactus/Prototype_Cactus_Tall_Thick_Base","Server/Item/Items/Plant/Cactus/Prototype_Cactus_Tall_Thick_Base.json","1429","68231B0CF0230313484D0DE57BEAB3EBDEF29EE6C9C0BEDCE471EF2CBADB40BC"
"items","Prototype_Cactus_Tall_Thick_Middle","Plant/Cactus/Prototype_Cactus_Tall_Thick_Middle","Server/Item/Items/Plant/Cactus/Prototype_Cactus_Tall_Thick_Middle.json","1435","FEEAA026BD433627D4F0E17AC84F24BD9D859543DDE8AF4EA84F63A95292EC61"
"items","Prototype_Cactus_Tall_Thick_Top","Plant/Cactus/Prototype_Cactus_Tall_Thick_Top","Server/Item/Items/Plant/Cactus/Prototype_Cactus_Tall_Thick_Top.json","1429","1348EF0ABA183FC4C33385DC11D23391789D334F522EC27953B653F7AA7918C9"
"items","Prototype_Cactus_Three","Plant/Cactus/Prototype_Cactus_Three","Server/Item/Items/Plant/Cactus/Prototype_Cactus_Three.json","1439","CB83FE629BB0885323C94E24E0B4C3E1A99F774F831F1F81B289B7FE5C17C7C0"
"items","Prototype_Cactus_Two","Plant/Cactus/Prototype_Cactus_Two","Server/Item/Items/Plant/Cactus/Prototype_Cactus_Two.json","1435","67CD0FC19D44BDC88ACDDDB7285BEBD917C320558E26AA2238367FC9D15B3277"
"items","Prototype_Succulent_Hanging_One_Corner","Plant/Cactus/Prototype_Succulent_Hanging_One_Corner","Server/Item/Items/Plant/Cactus/Prototype_Succulent_Hanging_One_Corner.json","1445","C68121C130E3AF7AD829BBDC723594087448EC273AD8CCE68FC9D602FF1DA512"
"items","Prototype_Succulent_Hanging_One_End","Plant/Cactus/Prototype_Succulent_Hanging_One_End","Server/Item/Items/Plant/Cactus/Prototype_Succulent_Hanging_One_End.json","1436","2A2759B45C810C9A23748FB84364F051A1B222ED7B126F9C37475079E558875E"
"items","Prototype_Succulent_Hanging_One_Horizontal","Plant/Cactus/Prototype_Succulent_Hanging_One_Horizontal","Server/Item/Items/Plant/Cactus/Prototype_Succulent_Hanging_One_Horizontal.json","1457","C6F7887C305792FBF98F1EA8D2DA4C26FD1B14CA088019B2A4F45BD0D45B8155"
"items","Prototype_Succulent_Hanging_One_Vertical","Plant/Cactus/Prototype_Succulent_Hanging_One_Vertical","Server/Item/Items/Plant/Cactus/Prototype_Succulent_Hanging_One_Vertical.json","1434","B751C17F4677997D2ABDF5B8DD22DF2A20548E953384DC1F1E4ACBF8963EBAAE"
"items","Prototype_Succulent_Hanging_Three_Corner","Plant/Cactus/Prototype_Succulent_Hanging_Three_Corner","Server/Item/Items/Plant/Cactus/Prototype_Succulent_Hanging_Three_Corner.json","1445","DBB86F06A08A500887775684D6E83A9B3DB1FD4454C777BCC8EEAB6CB9EE06EC"
"items","Prototype_Succulent_Hanging_Three_End","Plant/Cactus/Prototype_Succulent_Hanging_Three_End","Server/Item/Items/Plant/Cactus/Prototype_Succulent_Hanging_Three_End.json","1438","A30D53BAE381F2FAB4F568F5F3B492C6F84B743A9FD6D67DAB91348BB8C69B93"
"items","Prototype_Succulent_Hanging_Three_Horizontal","Plant/Cactus/Prototype_Succulent_Hanging_Three_Horizontal","Server/Item/Items/Plant/Cactus/Prototype_Succulent_Hanging_Three_Horizontal.json","1457","3395978B3886CDF79CDD67C7A476D4174F549F48D7F741928E05940AD6B10481"
"items","Prototype_Succulent_Hanging_Three_Vertical","Plant/Cactus/Prototype_Succulent_Hanging_Three_Vertical","Server/Item/Items/Plant/Cactus/Prototype_Succulent_Hanging_Three_Vertical.json","1439","711436D731944317ECA7F6525DB9E4320842AF55B1B7276902AEFA59E7D396A0"
"items","Prototype_Succulent_Hanging_Two_Corner","Plant/Cactus/Prototype_Succulent_Hanging_Two_Corner","Server/Item/Items/Plant/Cactus/Prototype_Succulent_Hanging_Two_Corner.json","1445","179E9DFD33B734018C543398529F2202DC75606968D5C7225B22626753742C75"
"items","Prototype_Succulent_Hanging_Two_End","Plant/Cactus/Prototype_Succulent_Hanging_Two_End","Server/Item/Items/Plant/Cactus/Prototype_Succulent_Hanging_Two_End.json","1436","44DF048538065FBB334F44BDC11797275CDCB29689B63ED5FE17A6F5288E1090"
"items","Prototype_Succulent_Hanging_Two_Horizontal","Plant/Cactus/Prototype_Succulent_Hanging_Two_Horizontal","Server/Item/Items/Plant/Cactus/Prototype_Succulent_Hanging_Two_Horizontal.json","1457","505323B65423003E43C0B985FBFB5DF4482F2DA8BD40AAACB5B17246A0366D0D"
"items","Prototype_Succulent_Hanging_Two_Vertical","Plant/Cactus/Prototype_Succulent_Hanging_Two_Vertical","Server/Item/Items/Plant/Cactus/Prototype_Succulent_Hanging_Two_Vertical.json","1442","7FAC8054FF5BF123D73379AE755D04DDD3291DB4691FFDC961E8F82811BA6A32"
"items","Plant_Coral_Block_Blue","Plant/Coral/Plant_Coral_Block_Blue","Server/Item/Items/Plant/Coral/Plant_Coral_Block_Blue.json","404","85EB29DB80D08F26800C760EE1C501E96C93BDE04E2A9E229492BC52DD37ABB9"
"items","Plant_Coral_Block_Cyan","Plant/Coral/Plant_Coral_Block_Cyan","Server/Item/Items/Plant/Coral/Plant_Coral_Block_Cyan.json","450","DBAE825E0C383BDC4089DB12FF38689BB4A8903C87F2435C06A4862C26DE209B"
"items","Plant_Coral_Block_Green","Plant/Coral/Plant_Coral_Block_Green","Server/Item/Items/Plant/Coral/Plant_Coral_Block_Green.json","808","31A62BC36DED126B06A03F4C4695F1349F0DEFD215A26AC2DC446C9746546C90"
"items","Plant_Coral_Block_Grey","Plant/Coral/Plant_Coral_Block_Grey","Server/Item/Items/Plant/Coral/Plant_Coral_Block_Grey.json","404","230DD5B44B86C2AF46026255078D8A1F216D4989DACEC33A94D3620EF37DCD0D"
"items","Plant_Coral_Block_Lime","Plant/Coral/Plant_Coral_Block_Lime","Server/Item/Items/Plant/Coral/Plant_Coral_Block_Lime.json","404","6DF5022B57E78344E3064782C067C88A0E2D9D60B44F12C6D774680AD1C57E6A"
"items","Plant_Coral_Block_Orange","Plant/Coral/Plant_Coral_Block_Orange","Server/Item/Items/Plant/Coral/Plant_Coral_Block_Orange.json","410","BF67F6F4D3F0EDE38BD13623FEE840048E717B1E8CF64AA573F779416328F3AE"
"items","Plant_Coral_Block_Pink","Plant/Coral/Plant_Coral_Block_Pink","Server/Item/Items/Plant/Coral/Plant_Coral_Block_Pink.json","404","90CF493A8717160791D18AB7416CCB689222EF1F5F3C9C3D6E60AFF9F79891B6"
"items","Plant_Coral_Block_Poison","Plant/Coral/Plant_Coral_Block_Poison","Server/Item/Items/Plant/Coral/Plant_Coral_Block_Poison.json","410","F707545D3A674D411CB45C3F723943EA591A49153CE16FE5C324CA8BCEDDA1B1"
"items","Plant_Coral_Block_Purple","Plant/Coral/Plant_Coral_Block_Purple","Server/Item/Items/Plant/Coral/Plant_Coral_Block_Purple.json","410","A62CD32D45B4C4DD5B51D8810A4B7DB3CA6EC730A45083D476E824E5DA5D46AB"
"items","Plant_Coral_Block_Red","Plant/Coral/Plant_Coral_Block_Red","Server/Item/Items/Plant/Coral/Plant_Coral_Block_Red.json","401","A73C8601B740DFA098F6C70F03FA7B392D44299C2E9F7A7CA9BB7FFCE4581B89"
"items","Plant_Coral_Block_Violet","Plant/Coral/Plant_Coral_Block_Violet","Server/Item/Items/Plant/Coral/Plant_Coral_Block_Violet.json","410","DF3B2F5E4C9EE9B7D5C95C5958AED6CA616DC80FCD81D74429F16735DDB24F1F"
"items","Plant_Coral_Block_White","Plant/Coral/Plant_Coral_Block_White","Server/Item/Items/Plant/Coral/Plant_Coral_Block_White.json","407","516AD88130A13B0ED60B248EFA8E7B74A9776BC9850F9B74DB6A829725650913"
"items","Plant_Coral_Block_Yellow","Plant/Coral/Plant_Coral_Block_Yellow","Server/Item/Items/Plant/Coral/Plant_Coral_Block_Yellow.json","410","1612015FAA350BE26504AD7B7C4EC060E3A36512EAA7822AD19F9C49DD5811B8"
"items","Plant_Coral_Bush_Blue","Plant/Coral/Plant_Coral_Bush_Blue","Server/Item/Items/Plant/Coral/Plant_Coral_Bush_Blue.json","489","1FD25A655ED9321D115FEC075BB568B8AC10508C0B834D748232C782FB629A67"
"items","Plant_Coral_Bush_Cyan","Plant/Coral/Plant_Coral_Bush_Cyan","Server/Item/Items/Plant/Coral/Plant_Coral_Bush_Cyan.json","490","8D895A6F1000FC6DF81EA1A6110B08564A3414B3B343C01CCD9BA838783C8F69"
"items","Plant_Coral_Bush_Green","Plant/Coral/Plant_Coral_Bush_Green","Server/Item/Items/Plant/Coral/Plant_Coral_Bush_Green.json","1715","A3E139D718DB3F5ABB05E300324F5C518DE0233F5A0F370794F353EAA8CD2034"
"items","Plant_Coral_Bush_Grey","Plant/Coral/Plant_Coral_Bush_Grey","Server/Item/Items/Plant/Coral/Plant_Coral_Bush_Grey.json","490","A0102E85F8D52F014153D925FFE0B15940AA3233D8498940E405D98F8CD79582"
"items","Plant_Coral_Bush_Lime","Plant/Coral/Plant_Coral_Bush_Lime","Server/Item/Items/Plant/Coral/Plant_Coral_Bush_Lime.json","490","931D6DB18BAC0D8548E67E019B8742DA7E51794495FF4C22C3B18CEA7E671198"
"items","Plant_Coral_Bush_Orange","Plant/Coral/Plant_Coral_Bush_Orange","Server/Item/Items/Plant/Coral/Plant_Coral_Bush_Orange.json","496","33C2BCD9AD5F99944E064822B8B5A4DC4F2536593ECB8ACD7A861C75782F1F36"
"items","Plant_Coral_Bush_Pink","Plant/Coral/Plant_Coral_Bush_Pink","Server/Item/Items/Plant/Coral/Plant_Coral_Bush_Pink.json","490","0C72CAE509080FB26483C5D036E4EF6158BDC17B31E718A9320E599D99A8A26D"
"items","Plant_Coral_Bush_Poisoned","Plant/Coral/Plant_Coral_Bush_Poisoned","Server/Item/Items/Plant/Coral/Plant_Coral_Bush_Poisoned.json","500","7FFC0EB913572E72A4A21B0BEDB7C72041DD1BD3AF0C7D4BEE7F6608F8F800E4"
"items","Plant_Coral_Bush_Purple","Plant/Coral/Plant_Coral_Bush_Purple","Server/Item/Items/Plant/Coral/Plant_Coral_Bush_Purple.json","499","F54612BCE8B54FCCB0A9DD14BFB8F224BFB768D7A534E2E4B6D12858F65D4315"
"items","Plant_Coral_Bush_Red","Plant/Coral/Plant_Coral_Bush_Red","Server/Item/Items/Plant/Coral/Plant_Coral_Bush_Red.json","487","AAED69DCE62D4E7AE03E567F470D2BF34BDBC7D96FD22FEB4DC88507F303EAF3"
"items","Plant_Coral_Bush_Violet","Plant/Coral/Plant_Coral_Bush_Violet","Server/Item/Items/Plant/Coral/Plant_Coral_Bush_Violet.json","499","8C4DB2C0CCE091D5B948B99ACE79F60226A462F5A4C6C69171D8343BBA0EAD87"
"items","Plant_Coral_Bush_White","Plant/Coral/Plant_Coral_Bush_White","Server/Item/Items/Plant/Coral/Plant_Coral_Bush_White.json","493","54A9FC4045DE60C1706639DB4264E4E2E3E2EBADC7659ED23875D13669296F38"
"items","Plant_Coral_Bush_Yellow","Plant/Coral/Plant_Coral_Bush_Yellow","Server/Item/Items/Plant/Coral/Plant_Coral_Bush_Yellow.json","496","BAC5217A335DB419DBE7DEC587B58B5E0D516DDC6455D76D87587F6878F317D9"
"items","Plant_Coral_Model_Blue","Plant/Coral/Plant_Coral_Model_Blue","Server/Item/Items/Plant/Coral/Plant_Coral_Model_Blue.json","534","2B8CACF466B14B9CCB7E846F2CA9EC3F76235CADCE048E589BD50D8CEB4D87F1"
"items","Plant_Coral_Model_Cyan","Plant/Coral/Plant_Coral_Model_Cyan","Server/Item/Items/Plant/Coral/Plant_Coral_Model_Cyan.json","501","5C35080B6450B93B4A6FEDE8AE61F2F5477A237D858E0EA9A372485D930D56D1"
"items","Plant_Coral_Model_Green","Plant/Coral/Plant_Coral_Model_Green","Server/Item/Items/Plant/Coral/Plant_Coral_Model_Green.json","1133","33DE195E1D3155D45887EE615FD525E1993C9D8DD40496031DBB59C9D21DEB2E"
"items","Plant_Coral_Model_Grey","Plant/Coral/Plant_Coral_Model_Grey","Server/Item/Items/Plant/Coral/Plant_Coral_Model_Grey.json","501","73485E58875B8979F488EE445371D7DEEE270722FF870AF9D97964674F019213"
"items","Plant_Coral_Model_Lime","Plant/Coral/Plant_Coral_Model_Lime","Server/Item/Items/Plant/Coral/Plant_Coral_Model_Lime.json","499","40E420ED3C924B53D886DD120742C61567FCCBDF93D4419D81C5AEEEF3A32A0B"
"items","Plant_Coral_Model_Orange","Plant/Coral/Plant_Coral_Model_Orange","Server/Item/Items/Plant/Coral/Plant_Coral_Model_Orange.json","509","65E5416F72D4C9E7FF06A0944EDE910077EEC89F80678E6576D984C07FEF53F6"
"items","Plant_Coral_Model_Pink","Plant/Coral/Plant_Coral_Model_Pink","Server/Item/Items/Plant/Coral/Plant_Coral_Model_Pink.json","488","1E4714688C749044F958C6789790172A3CCCFFFBCC12A7CACBC0917EE9CC2C6A"
"items","Plant_Coral_Model_Purple","Plant/Coral/Plant_Coral_Model_Purple","Server/Item/Items/Plant/Coral/Plant_Coral_Model_Purple.json","530","0EC6B5A6E7564527AF179846D8BED33EF5DE96AA8A25F83142F920060BCB00A3"
"items","Plant_Coral_Model_Red","Plant/Coral/Plant_Coral_Model_Red","Server/Item/Items/Plant/Coral/Plant_Coral_Model_Red.json","497","3783F10E326A4EF43EC72C4AFC619133FB8E6EDA488A3E319C44028E167E1B4F"
"items","Plant_Coral_Model_Violet","Plant/Coral/Plant_Coral_Model_Violet","Server/Item/Items/Plant/Coral/Plant_Coral_Model_Violet.json","511","4A3178CFBA55797A8D9B0DCF1E5504358B0C634247C6C9758893902E943B9339"
"items","Plant_Coral_Model_White","Plant/Coral/Plant_Coral_Model_White","Server/Item/Items/Plant/Coral/Plant_Coral_Model_White.json","505","07AA45285674765998964E3768184B51F7C6286560540ED3E758ED7084018741"
"items","Plant_Coral_Model_Yellow","Plant/Coral/Plant_Coral_Model_Yellow","Server/Item/Items/Plant/Coral/Plant_Coral_Model_Yellow.json","507","322EA4509335228AD59E54C2B3A163125B87A55B299B6B91609847F9B53DED65"
"items","Template_Crop_Berry_Block","Plant/Crop/_Template/Template_Crop_Berry_Block","Server/Item/Items/Plant/Crop/_Template/Template_Crop_Berry_Block.json","6549","0CB94D4F92811F54CFD148385FD7E67AAAFAC9CC5CD2518BD667B2C5E786E29B"
"items","Template_Crop_Block","Plant/Crop/_Template/Template_Crop_Block","Server/Item/Items/Plant/Crop/_Template/Template_Crop_Block.json","5424","9BF7555631CF186FFC8931519B6D6C32C4C538BE4E766697E945D642F6AB264C"
"items","Template_Crop_Item","Plant/Crop/_Template/Template_Crop_Item","Server/Item/Items/Plant/Crop/_Template/Template_Crop_Item.json","1720","C6A120958BAF88C7D17E0A2D6894B2DC060CD8E98F0CF720C4E5E4C075262813"
"items","Template_Seeds","Plant/Crop/_Template/Template_Seeds","Server/Item/Items/Plant/Crop/_Template/Template_Seeds.json","1085","455EE626934F44970DB0C895176290B29512EFD8790DC8D4DB661439AC5F5A81"
"items","Plant_Crop_Apple_Block","Plant/Crop/Apple/Plant_Crop_Apple_Block","Server/Item/Items/Plant/Crop/Apple/Plant_Crop_Apple_Block.json","3604","32CC4A138EE7B94FF069AC27B19A340B92DE5DA93356A45A378717BE7D452ECF"
"items","Plant_Crop_Apple_Block_Wall","Plant/Crop/Apple/Plant_Crop_Apple_Block_Wall","Server/Item/Items/Plant/Crop/Apple/Plant_Crop_Apple_Block_Wall.json","3254","7F6C92B1508DD1C382DD887AB61E3FCC217A832A0FE260A0FB0C616A24C74D40"
"items","Plant_Crop_Aubergine_Block","Plant/Crop/Aubergine/Plant_Crop_Aubergine_Block","Server/Item/Items/Plant/Crop/Aubergine/Plant_Crop_Aubergine_Block.json","4638","8E522CDEB4EA48A5B7A0B2EA3DD12661C1038FEB72CB245A9242BB2CC145328E"
"items","Plant_Crop_Aubergine_Block_Eternal","Plant/Crop/Aubergine/Plant_Crop_Aubergine_Block_Eternal","Server/Item/Items/Plant/Crop/Aubergine/Plant_Crop_Aubergine_Block_Eternal.json","4577","43D9C1065463C76DEB008F7B305ACC3FE3E360812395E9421F0C590F3ED5B40C"
"items","Plant_Crop_Aubergine_Item","Plant/Crop/Aubergine/Plant_Crop_Aubergine_Item","Server/Item/Items/Plant/Crop/Aubergine/Plant_Crop_Aubergine_Item.json","1128","5762A53EB09A5904AAA9B4F2BACAC9772C31D1AB44912B4FE3B944591278FA2E"
"items","Plant_Seeds_Aubergine","Plant/Crop/Aubergine/Plant_Seeds_Aubergine","Server/Item/Items/Plant/Crop/Aubergine/Plant_Seeds_Aubergine.json","1143","B5C935101B5AFA2900B0FB9CA629BA6A7BC669925D8DEA4CD1DC996F730F5325"
"items","Plant_Seeds_Aubergine_Eternal","Plant/Crop/Aubergine/Plant_Seeds_Aubergine_Eternal","Server/Item/Items/Plant/Crop/Aubergine/Plant_Seeds_Aubergine_Eternal.json","1883","C58609792A637B2F9A4AAE54F022E4E6F8D67B7D440AA91C64D97911D4D80F1F"
"items","Plant_Crop_Berry_Block","Plant/Crop/Berry/Plant_Crop_Berry_Block","Server/Item/Items/Plant/Crop/Berry/Plant_Crop_Berry_Block.json","3073","0C4F80692F811EC51DC0C8E110152040786859B95E35BDECD24F16DD8712E971"
"items","Plant_Crop_Berry_Wet_Block","Plant/Crop/Berry/Plant_Crop_Berry_Wet_Block","Server/Item/Items/Plant/Crop/Berry/Plant_Crop_Berry_Wet_Block.json","3374","0CEDE5C67C1BCB0245FEDD97A4F80E730378AA6A766836B24D106248E3F02ADC"
"items","Plant_Crop_Berry_Winter_Block","Plant/Crop/Berry/Plant_Crop_Berry_Winter_Block","Server/Item/Items/Plant/Crop/Berry/Plant_Crop_Berry_Winter_Block.json","3385","A963D8D0A48DD63E3E2C0D9BF4CD5B49E44891AEDB37A9C5D20C078F82FEB9F1"
"items","Plant_Crop_Carrot_Block","Plant/Crop/Carrot/Plant_Crop_Carrot_Block","Server/Item/Items/Plant/Crop/Carrot/Plant_Crop_Carrot_Block.json","4570","20B9B4FA888945CC53A1DBEC143763CFE02184BB5CDBA4BC31E141EA0C685D90"
"items","Plant_Crop_Carrot_Block_Eternal","Plant/Crop/Carrot/Plant_Crop_Carrot_Block_Eternal","Server/Item/Items/Plant/Crop/Carrot/Plant_Crop_Carrot_Block_Eternal.json","4648","64A0A74FC402C955524A6D6075AAA5FA4ECCB85A08D7E45E24F28C2BCE22A940"
"items","Plant_Crop_Carrot_Item","Plant/Crop/Carrot/Plant_Crop_Carrot_Item","Server/Item/Items/Plant/Crop/Carrot/Plant_Crop_Carrot_Item.json","1117","16B4AE7B51394F6C8AF2B8EE1934C70B73E79D6C78215C13D76C5EAC0DDA9EF4"
"items","Plant_Seeds_Carrot","Plant/Crop/Carrot/Plant_Seeds_Carrot","Server/Item/Items/Plant/Crop/Carrot/Plant_Seeds_Carrot.json","1124","3677650968923BAC4764C6CE67E0F1BFAEA47E59588B5C2B4672B5E9F4C662AD"
"items","Plant_Seeds_Carrot_Eternal","Plant/Crop/Carrot/Plant_Seeds_Carrot_Eternal","Server/Item/Items/Plant/Crop/Carrot/Plant_Seeds_Carrot_Eternal.json","1859","15188EE5C8B953C3F0737BBECC3B1B1681E374A7CF128C99CFCB44B1A5C2CDC9"
"items","Plant_Crop_Cauliflower_Block","Plant/Crop/Cauliflower/Plant_Crop_Cauliflower_Block","Server/Item/Items/Plant/Crop/Cauliflower/Plant_Crop_Cauliflower_Block.json","4667","8CF6B8BA0286C9AED07256C18ECBA09C719C0738807A5B8C93ABDF850977C355"
"items","Plant_Crop_Cauliflower_Block_Eternal","Plant/Crop/Cauliflower/Plant_Crop_Cauliflower_Block_Eternal","Server/Item/Items/Plant/Crop/Cauliflower/Plant_Crop_Cauliflower_Block_Eternal.json","4633","09A5874687E562F10CD3C9F32D47ACE3C0B2E20FBFBEE9DAB3A2016B861F895E"
"items","Plant_Crop_Cauliflower_Item","Plant/Crop/Cauliflower/Plant_Crop_Cauliflower_Item","Server/Item/Items/Plant/Crop/Cauliflower/Plant_Crop_Cauliflower_Item.json","1118","9C8BD61745DB1714EFD17BFBE747F990C74710ABEAC27940E67F379F931F86EC"
"items","Plant_Seeds_Cauliflower","Plant/Crop/Cauliflower/Plant_Seeds_Cauliflower","Server/Item/Items/Plant/Crop/Cauliflower/Plant_Seeds_Cauliflower.json","1154","E9FCCD747C69C520E02DC772298FFD626B9064777BFC2465BEEF7303A0AE9D27"
"items","Plant_Seeds_Cauliflower_Eternal","Plant/Crop/Cauliflower/Plant_Seeds_Cauliflower_Eternal","Server/Item/Items/Plant/Crop/Cauliflower/Plant_Seeds_Cauliflower_Eternal.json","1899","D9DF0143A86EB3862EE053037EF36D6B5435CB4175A1E50D6A647FAD1609CBE3"
"items","Plant_Crop_Chilli_Block","Plant/Crop/Chilli/Plant_Crop_Chilli_Block","Server/Item/Items/Plant/Crop/Chilli/Plant_Crop_Chilli_Block.json","6560","7D566CD6490FF87B13A0ABFC187C8A5BD2266AD44B64351105FD6D9D28401458"
"items","Plant_Crop_Chilli_Block_Eternal","Plant/Crop/Chilli/Plant_Crop_Chilli_Block_Eternal","Server/Item/Items/Plant/Crop/Chilli/Plant_Crop_Chilli_Block_Eternal.json","6517","76FB84B2A55E60A6C1DBF218E15891697D830DCDEBE5EDEF45DFAA6226044F2B"
"items","Plant_Crop_Chilli_Item","Plant/Crop/Chilli/Plant_Crop_Chilli_Item","Server/Item/Items/Plant/Crop/Chilli/Plant_Crop_Chilli_Item.json","1097","E4D21774E23C433D7B9A6F5EC2321E2A7C9EAA1D0B48A1BBE34F45C6E29D7887"
"items","Plant_Seeds_Chilli","Plant/Crop/Chilli/Plant_Seeds_Chilli","Server/Item/Items/Plant/Crop/Chilli/Plant_Seeds_Chilli.json","1125","ACF820C41DC9CE0768818243AE6ACB27D78A539AF91AFFC80E461F21829127BA"
"items","Plant_Seeds_Chilli_Eternal","Plant/Crop/Chilli/Plant_Seeds_Chilli_Eternal","Server/Item/Items/Plant/Crop/Chilli/Plant_Seeds_Chilli_Eternal.json","1859","89A4CDC2C9451AB53A576AFF31B643B6CAF8D6DA71DEED52FB373373D962AF43"
"items","Plant_Crop_Corn_Block","Plant/Crop/Corn/Plant_Crop_Corn_Block","Server/Item/Items/Plant/Crop/Corn/Plant_Crop_Corn_Block.json","5734","B5CAAC70EAF1A31207C3996E2509B407EB82288FBA5F6D2259E010246C51268E"
"items","Plant_Crop_Corn_Block_Eternal","Plant/Crop/Corn/Plant_Crop_Corn_Block_Eternal","Server/Item/Items/Plant/Crop/Corn/Plant_Crop_Corn_Block_Eternal.json","5870","EE1C756F43F16263072AF335F7DC4902EC5D579280278A879A0503BE4B66641B"
"items","Plant_Crop_Corn_Item","Plant/Crop/Corn/Plant_Crop_Corn_Item","Server/Item/Items/Plant/Crop/Corn/Plant_Crop_Corn_Item.json","1453","FB7AD1B75473C9A10476FA87F0C702F14033754B25AB537269CAA854ECEA7900"
"items","Plant_Seeds_Corn","Plant/Crop/Corn/Plant_Seeds_Corn","Server/Item/Items/Plant/Crop/Corn/Plant_Seeds_Corn.json","1112","D70D96CC6A53D6BF35F6EB4D1C9ABF47AECBF98809AED5082C67067E86E4CE37"
"items","Plant_Seeds_Corn_Eternal","Plant/Crop/Corn/Plant_Seeds_Corn_Eternal","Server/Item/Items/Plant/Crop/Corn/Plant_Seeds_Corn_Eternal.json","1843","BFC90EC02E0BCDF320412FB9722F5DBF710F33B103EDAFBC97EE60B13A65B1AF"
"items","Plant_Crop_Cotton_Block","Plant/Crop/Cotton/Plant_Crop_Cotton_Block","Server/Item/Items/Plant/Crop/Cotton/Plant_Crop_Cotton_Block.json","5833","2E785E102D75321EA517660566259E1D8447696E6D20F36EEDE20FCFA44F98B1"
"items","Plant_Crop_Cotton_Block_Eternal","Plant/Crop/Cotton/Plant_Crop_Cotton_Block_Eternal","Server/Item/Items/Plant/Crop/Cotton/Plant_Crop_Cotton_Block_Eternal.json","5948","79F9EE3B525323952DBC1285B4002C39BA2AC2E8D49F69C327E0FA27C3EB5CC7"
"items","Plant_Crop_Cotton_Item","Plant/Crop/Cotton/Plant_Crop_Cotton_Item","Server/Item/Items/Plant/Crop/Cotton/Plant_Crop_Cotton_Item.json","1272","9EC110407B7879F130AE1562DD33ADBA2AAF5B6E52A26C833CC03BC621BAF458"
"items","Plant_Seeds_Cotton","Plant/Crop/Cotton/Plant_Seeds_Cotton","Server/Item/Items/Plant/Crop/Cotton/Plant_Seeds_Cotton.json","1125","F913820A19E8C2746A74B0BB4BFE86EC80D517C2CEB7B1B581413E2C2A6CA298"
"items","Plant_Seeds_Cotton_Eternal","Plant/Crop/Cotton/Plant_Seeds_Cotton_Eternal","Server/Item/Items/Plant/Crop/Cotton/Plant_Seeds_Cotton_Eternal.json","1859","F60375E9A79A66268F91BC4F8E3E1DF05A1D176621B856DC5AA95F5140994FB7"
"items","Plant_Crop_Wild_Grass_Block","Plant/Crop/Grass/Plant_Crop_Wild_Grass_Block","Server/Item/Items/Plant/Crop/Grass/Plant_Crop_Wild_Grass_Block.json","4814","27B978BE4DA8A28228B5BB8A5E7F3610076B320683E50B9438040A8AF42AB832"
"items","Plant_Seeds_Wild","Plant/Crop/Grass/Plant_Seeds_Wild","Server/Item/Items/Plant/Crop/Grass/Plant_Seeds_Wild.json","995","7F8AB3936697B7E1D4A7013891B6514E9E054B05E06266E879DB894ACDCD5104"
"items","Plant_Crop_Health1","Plant/Crop/Health1/Plant_Crop_Health1","Server/Item/Items/Plant/Crop/Health1/Plant_Crop_Health1.json","1778","041EBF763F93203C5011DFBAE9CA52E25CBC1D008C92F0E68BF03E16E909045E"
"items","Plant_Crop_Health1_Block","Plant/Crop/Health1/Plant_Crop_Health1_Block","Server/Item/Items/Plant/Crop/Health1/Plant_Crop_Health1_Block.json","3989","9A758EBF16654C263AEBFD92C0F2CC79559E3C70AD73F2CD3E959391DC47D362"
"items","Plant_Seeds_Health1","Plant/Crop/Health1/Plant_Seeds_Health1","Server/Item/Items/Plant/Crop/Health1/Plant_Seeds_Health1.json","1443","FCF4EBC917ED7C24E99973D7AC68E98193273C3F4FFB804EF3AC6BE928A217E2"
"items","Plant_Crop_Health2","Plant/Crop/Health2/Plant_Crop_Health2","Server/Item/Items/Plant/Crop/Health2/Plant_Crop_Health2.json","2007","033DC809F0069DF6C9466BA77145BBF21CA6DE2E3D33DA4145D438348681AAE1"
"items","Plant_Crop_Health2_Block","Plant/Crop/Health2/Plant_Crop_Health2_Block","Server/Item/Items/Plant/Crop/Health2/Plant_Crop_Health2_Block.json","3852","A8AE927815B8DA58E451FFECC763A70D3D620C7062866E73607BE25C699EE0BB"
"items","Plant_Seeds_Health2","Plant/Crop/Health2/Plant_Seeds_Health2","Server/Item/Items/Plant/Crop/Health2/Plant_Seeds_Health2.json","1420","9575D9F1EBB776CB614DF3C15C77B83AAED0864FDE97FFE42AC6AC502D16376E"
"items","Plant_Crop_Health3","Plant/Crop/Health3/Plant_Crop_Health3","Server/Item/Items/Plant/Crop/Health3/Plant_Crop_Health3.json","1761","C70393C0218E7C92CD71E38DED800307DC3CA3FC2A9176205FDCD6D2F367A380"
"items","Plant_Crop_Health3_Block","Plant/Crop/Health3/Plant_Crop_Health3_Block","Server/Item/Items/Plant/Crop/Health3/Plant_Crop_Health3_Block.json","4067","61BFA0FB82C5E42F886CFFDFA13FD2F982018648B3778F817FE24E1760FC6C29"
"items","Plant_Seeds_Health3","Plant/Crop/Health3/Plant_Seeds_Health3","Server/Item/Items/Plant/Crop/Health3/Plant_Seeds_Health3.json","1396","CF8F58BC7843946A670F7F75FD3B6B1BCE572771A0F51C34BA2F9D8D9B8C363B"
"items","Plant_Crop_Lettuce_Block","Plant/Crop/Lettuce/Plant_Crop_Lettuce_Block","Server/Item/Items/Plant/Crop/Lettuce/Plant_Crop_Lettuce_Block.json","4623","ABE5C2B6887169DEA464180E9AB4D0A1EB3FEC572D068828B08E4AA5BF413F09"
"items","Plant_Crop_Lettuce_Block_Eternal","Plant/Crop/Lettuce/Plant_Crop_Lettuce_Block_Eternal","Server/Item/Items/Plant/Crop/Lettuce/Plant_Crop_Lettuce_Block_Eternal.json","4592","08D53ABCC3FBD2B7E64D23CAE25A541CCAE816D85B6BAFCD2F9B71D103F6782A"
"items","Plant_Crop_Lettuce_Item","Plant/Crop/Lettuce/Plant_Crop_Lettuce_Item","Server/Item/Items/Plant/Crop/Lettuce/Plant_Crop_Lettuce_Item.json","1102","9B6C5A3AB9359AA54E52B380F063167169EDCBD2A8EE55F10235A82658140619"
"items","Plant_Seeds_Lettuce","Plant/Crop/Lettuce/Plant_Seeds_Lettuce","Server/Item/Items/Plant/Crop/Lettuce/Plant_Seeds_Lettuce.json","1098","01970758B227D5AB8597461B3B291AEFCD370D70ADC4E8F696A8DA09D0C8EBC7"
"items","Plant_Seeds_Lettuce_Eternal","Plant/Crop/Lettuce/Plant_Seeds_Lettuce_Eternal","Server/Item/Items/Plant/Crop/Lettuce/Plant_Seeds_Lettuce_Eternal.json","1866","4EF2BA2763F3B64CB18279B10E3E1F012708AE51E549246210B1D31DC3D72162"
"items","Plant_Crop_Mana1","Plant/Crop/Mana1/Plant_Crop_Mana1","Server/Item/Items/Plant/Crop/Mana1/Plant_Crop_Mana1.json","1927","2A99C8B3046E18D423A2A7461D223927113CF4EC9049C0AA6A41AC5221BD2C88"
"items","Plant_Crop_Mana1_Block","Plant/Crop/Mana1/Plant_Crop_Mana1_Block","Server/Item/Items/Plant/Crop/Mana1/Plant_Crop_Mana1_Block.json","4733","E297921E834FB7BD9AAC34B496E5F88D241F3E2CE49BDD6C661F5DB3B7D255C4"
"items","Plant_Seeds_Mana1","Plant/Crop/Mana1/Plant_Seeds_Mana1","Server/Item/Items/Plant/Crop/Mana1/Plant_Seeds_Mana1.json","1413","2E1F25EDAFFA896EFAFDADFC69A7EC0E6A63B623D5E44B9323517D993D41F7F2"
"items","Plant_Crop_Mana2","Plant/Crop/Mana2/Plant_Crop_Mana2","Server/Item/Items/Plant/Crop/Mana2/Plant_Crop_Mana2.json","2235","E944D642097410C5C7034A12AE34AAF910368B197EEA25AE3B8FBEF0418A1B99"
"items","Plant_Crop_Mana2_Block","Plant/Crop/Mana2/Plant_Crop_Mana2_Block","Server/Item/Items/Plant/Crop/Mana2/Plant_Crop_Mana2_Block.json","4378","A5B55331FEF083D0DD1E4AE1A9E62BC691EEA7CF347C92A6FE829CEF42F9F29D"
"items","Plant_Seeds_Mana2","Plant/Crop/Mana2/Plant_Seeds_Mana2","Server/Item/Items/Plant/Crop/Mana2/Plant_Seeds_Mana2.json","1412","5525D26AF1E6582AFE010F81BE5AFD61A1BD5648587AD0784A22C271AF144921"
"items","Plant_Crop_Mana3","Plant/Crop/Mana3/Plant_Crop_Mana3","Server/Item/Items/Plant/Crop/Mana3/Plant_Crop_Mana3.json","1818","998BC6AE8CC178BE43E06946F0CA4E7CD6A9C5660D6EEEBD8F37328DB36F8770"
"items","Plant_Crop_Mana3_Block","Plant/Crop/Mana3/Plant_Crop_Mana3_Block","Server/Item/Items/Plant/Crop/Mana3/Plant_Crop_Mana3_Block.json","4507","17DD7FE3AFD6E4ACD227BD31EBB7B6172A2CB49433E86891E91F2CE85549629C"
"items","Plant_Seeds_Mana3","Plant/Crop/Mana3/Plant_Seeds_Mana3","Server/Item/Items/Plant/Crop/Mana3/Plant_Seeds_Mana3.json","1388","EDAB39FAAD2DB6C6C70BBF06F841920F38E56C52F6E238E708C6A40B75AEF9C8"
"items","Plant_Crop_Mushroom_Block","Plant/Crop/Mushroom/Plant_Crop_Mushroom_Block","Server/Item/Items/Plant/Crop/Mushroom/Plant_Crop_Mushroom_Block.json","2951","CF80CE418F1E11A2FA9BC19742959090046D4F7126367B8EDE38E8248E07C463"
"items","Plant_Seeds_Mushroom","Plant/Crop/Mushroom/Plant_Seeds_Mushroom","Server/Item/Items/Plant/Crop/Mushroom/Plant_Seeds_Mushroom.json","923","D971DDEDE63C5A96089E1BD3B7D8EA75F5D2A9BDBE650F0ABA5C24B9600798B7"
"items","Plant_Crop_Onion_Block","Plant/Crop/Onion/Plant_Crop_Onion_Block","Server/Item/Items/Plant/Crop/Onion/Plant_Crop_Onion_Block.json","4147","3F6567DDE030737D1B40968704F434D62B59712F15F76802DD9B3A45F13B1241"
"items","Plant_Crop_Onion_Block_Eternal","Plant/Crop/Onion/Plant_Crop_Onion_Block_Eternal","Server/Item/Items/Plant/Crop/Onion/Plant_Crop_Onion_Block_Eternal.json","3895","07153C6724F27DB9DD5D7A6B6D6A5D320435B47418B76124A145DD31FB85F1B1"
"items","Plant_Crop_Onion_Item","Plant/Crop/Onion/Plant_Crop_Onion_Item","Server/Item/Items/Plant/Crop/Onion/Plant_Crop_Onion_Item.json","1094","E57937022435AE008F501F104F18608964C68D6A3B2E87541CDFC3C10D975C4B"
"items","Plant_Seeds_Onion","Plant/Crop/Onion/Plant_Seeds_Onion","Server/Item/Items/Plant/Crop/Onion/Plant_Seeds_Onion.json","1167","217B1C3933CA7EA7B8783D4D7E60AB02ABCADBF80183A02DDCBA3EB880AA5383"
"items","Plant_Seeds_Onion_Eternal","Plant/Crop/Onion/Plant_Seeds_Onion_Eternal","Server/Item/Items/Plant/Crop/Onion/Plant_Seeds_Onion_Eternal.json","1846","69FC0027E67C3859522BB4299043056A10810B4721DB243AED5D9D575F3C43FE"
"items","Plant_Crop_Mushroom_Block_Blue","Plant/Crop/Plant_Crop_Mushroom_Block_Blue","Server/Item/Items/Plant/Crop/Plant_Crop_Mushroom_Block_Blue.json","1090","3151B6E53CE6DC46875CA36FBD1B853BCB0EF7B18DE9811A21E218DC5F6DCE82"
"items","Plant_Crop_Mushroom_Block_Blue_Branch","Plant/Crop/Plant_Crop_Mushroom_Block_Blue_Branch","Server/Item/Items/Plant/Crop/Plant_Crop_Mushroom_Block_Blue_Branch.json","2112","1CC84CDB41BCD9A20AAFAC874431CCBFF760DBCA4099E90D38028DD363677E32"
"items","Plant_Crop_Mushroom_Block_Blue_Mycelium","Plant/Crop/Plant_Crop_Mushroom_Block_Blue_Mycelium","Server/Item/Items/Plant/Crop/Plant_Crop_Mushroom_Block_Blue_Mycelium.json","1397","EE5E8C9515BE374153F80591DB64152FE1EDC1DC332E81715C5F8A005397867A"
"items","Plant_Crop_Mushroom_Block_Blue_Trunk","Plant/Crop/Plant_Crop_Mushroom_Block_Blue_Trunk","Server/Item/Items/Plant/Crop/Plant_Crop_Mushroom_Block_Blue_Trunk.json","1101","778357DFAF961AC8D2AADE28B6026F102F25505C096E6FEB542FACBE6E0B33E4"
"items","Plant_Crop_Mushroom_Block_Brown","Plant/Crop/Plant_Crop_Mushroom_Block_Brown","Server/Item/Items/Plant/Crop/Plant_Crop_Mushroom_Block_Brown.json","1095","61755C8B2602E180855144160BE51AFAF1A350FA481928CF8D6C3625F4C97886"
"items","Plant_Crop_Mushroom_Block_Brown_Branch","Plant/Crop/Plant_Crop_Mushroom_Block_Brown_Branch","Server/Item/Items/Plant/Crop/Plant_Crop_Mushroom_Block_Brown_Branch.json","2227","7731739100CD97ED1DA1A1CFD0F8FD25E1E458BEDDC229766FA03EFAD1DCC56B"
"items","Plant_Crop_Mushroom_Block_Brown_Mycelium","Plant/Crop/Plant_Crop_Mushroom_Block_Brown_Mycelium","Server/Item/Items/Plant/Crop/Plant_Crop_Mushroom_Block_Brown_Mycelium.json","1441","FDAFF54BEC23AB228FB1E471FBC9DC10B8DAA6E722590C930164EA25552BBF2A"
"items","Plant_Crop_Mushroom_Block_Brown_Trunk","Plant/Crop/Plant_Crop_Mushroom_Block_Brown_Trunk","Server/Item/Items/Plant/Crop/Plant_Crop_Mushroom_Block_Brown_Trunk.json","1145","9566B1BA058FD1999EE331D9C22B78F7215DD46CE35B3CE916C6AE11150F1E3E"
"items","Plant_Crop_Mushroom_Block_Green","Plant/Crop/Plant_Crop_Mushroom_Block_Green","Server/Item/Items/Plant/Crop/Plant_Crop_Mushroom_Block_Green.json","1095","A79509EA0FF84DE5C66A2B77FD5BEF01E7C61E8D740DE78FDE7E5EDB1D4724EB"
"items","Plant_Crop_Mushroom_Block_Green_Branch","Plant/Crop/Plant_Crop_Mushroom_Block_Green_Branch","Server/Item/Items/Plant/Crop/Plant_Crop_Mushroom_Block_Green_Branch.json","2227","AF3F631CBCBB613FE7F33395F55A8A31BD5EEECBFBB9449EF4BFB7CBFE6E1318"
"items","Plant_Crop_Mushroom_Block_Green_Mycelium","Plant/Crop/Plant_Crop_Mushroom_Block_Green_Mycelium","Server/Item/Items/Plant/Crop/Plant_Crop_Mushroom_Block_Green_Mycelium.json","1391","6CD7EC6255251DB0ED4D4049BD3C1F253F9AB17FEB5A0A091864B51990EF8A02"
"items","Plant_Crop_Mushroom_Block_Green_Trunk","Plant/Crop/Plant_Crop_Mushroom_Block_Green_Trunk","Server/Item/Items/Plant/Crop/Plant_Crop_Mushroom_Block_Green_Trunk.json","1110","AEA3712E4976E5F6D76A48CFEABDBA3755DD74C05BB6F0BDB2F0DCF6F1E87D7B"
"items","Plant_Crop_Mushroom_Block_Purple","Plant/Crop/Plant_Crop_Mushroom_Block_Purple","Server/Item/Items/Plant/Crop/Plant_Crop_Mushroom_Block_Purple.json","1100","AAF22C92780D0AE392A9F44E93157CAB14F047093AFBAFC2C04E3FF974257004"
"items","Plant_Crop_Mushroom_Block_Purple_Branch","Plant/Crop/Plant_Crop_Mushroom_Block_Purple_Branch","Server/Item/Items/Plant/Crop/Plant_Crop_Mushroom_Block_Purple_Branch.json","2230","1BC58F2AA7008371557AA4341E9A71B65E8CE10FD5696AFFCC0BCF680A9D23CE"
"items","Plant_Crop_Mushroom_Block_Purple_Mycelium","Plant/Crop/Plant_Crop_Mushroom_Block_Purple_Mycelium","Server/Item/Items/Plant/Crop/Plant_Crop_Mushroom_Block_Purple_Mycelium.json","1292","1C6D799598FE5F7370366480EAFAE463393F427A9FBB562C5D2672230A9A90EF"
"items","Plant_Crop_Mushroom_Block_Purple_Trunk","Plant/Crop/Plant_Crop_Mushroom_Block_Purple_Trunk","Server/Item/Items/Plant/Crop/Plant_Crop_Mushroom_Block_Purple_Trunk.json","1095","879D7B7EA9838196E12C7118883C163690A4150DE946AB980E325DC3C1DBC74D"
"items","Plant_Crop_Mushroom_Block_Red","Plant/Crop/Plant_Crop_Mushroom_Block_Red","Server/Item/Items/Plant/Crop/Plant_Crop_Mushroom_Block_Red.json","1580","AEFCBAAEB049AB6B0BCA8EE3F2688595694F1B6F4A8B522927ED7684B6F16464"
"items","Plant_Crop_Mushroom_Block_Red_Branch","Plant/Crop/Plant_Crop_Mushroom_Block_Red_Branch","Server/Item/Items/Plant/Crop/Plant_Crop_Mushroom_Block_Red_Branch.json","2221","08107282419A127CE56500E31784DCD8607DA65A94110CE2ED35E09D40FF1D03"
"items","Plant_Crop_Mushroom_Block_Red_Mycelium","Plant/Crop/Plant_Crop_Mushroom_Block_Red_Mycelium","Server/Item/Items/Plant/Crop/Plant_Crop_Mushroom_Block_Red_Mycelium.json","1273","7CCF8EF4220A72CEABBF7C7F18777DCAEEFAFA04E43B06226A7F18DEE69710F1"
"items","Plant_Crop_Mushroom_Block_Red_Trunk","Plant/Crop/Plant_Crop_Mushroom_Block_Red_Trunk","Server/Item/Items/Plant/Crop/Plant_Crop_Mushroom_Block_Red_Trunk.json","1108","6C3D5F55F3A75C07749C1690096FE5AB8903D2B29793D24DB8AD255DAC118610"
"items","Plant_Crop_Mushroom_Block_White","Plant/Crop/Plant_Crop_Mushroom_Block_White","Server/Item/Items/Plant/Crop/Plant_Crop_Mushroom_Block_White.json","1099","038229B2841BC5D6199537D9B7FDCF1C697CB7C53481CDD8C22535A9608F6AA0"
"items","Plant_Crop_Mushroom_Block_White_Branch","Plant/Crop/Plant_Crop_Mushroom_Block_White_Branch","Server/Item/Items/Plant/Crop/Plant_Crop_Mushroom_Block_White_Branch.json","2227","6C8D477714462277E2CAFBBB9BC56278192322B2E365204CC010A00CCF8E52F2"
"items","Plant_Crop_Mushroom_Block_White_Mycelium","Plant/Crop/Plant_Crop_Mushroom_Block_White_Mycelium","Server/Item/Items/Plant/Crop/Plant_Crop_Mushroom_Block_White_Mycelium.json","1431","E8FEFD2C35F216F768F89A54022B538D0F36B633BE2679C8A691712E81FD0938"
"items","Plant_Crop_Mushroom_Block_White_Trunk","Plant/Crop/Plant_Crop_Mushroom_Block_White_Trunk","Server/Item/Items/Plant/Crop/Plant_Crop_Mushroom_Block_White_Trunk.json","1103","A6B437A863A604B9DC6A18EA7450038B245B6E1470BE4297D95B2144696CAB1D"
"items","Plant_Crop_Mushroom_Block_Yellow","Plant/Crop/Plant_Crop_Mushroom_Block_Yellow","Server/Item/Items/Plant/Crop/Plant_Crop_Mushroom_Block_Yellow.json","1035","BAA86EE3A4B58CA0E72076865F6BE35CED78BD3F3F558D9FD440A966565A297E"
"items","Plant_Crop_Mushroom_Block_Yellow_Branch","Plant/Crop/Plant_Crop_Mushroom_Block_Yellow_Branch","Server/Item/Items/Plant/Crop/Plant_Crop_Mushroom_Block_Yellow_Branch.json","2230","0841F229ACB7770886D6A7B7283AD6EBDF47B9A023BCE24FCC3DAA84D2EDD771"
"items","Plant_Crop_Mushroom_Block_Yellow_Mycelium","Plant/Crop/Plant_Crop_Mushroom_Block_Yellow_Mycelium","Server/Item/Items/Plant/Crop/Plant_Crop_Mushroom_Block_Yellow_Mycelium.json","1368","796DA208978CEDA3B03F21FF9772F6F1639542757A8F9083763E3D66E5952DF4"
"items","Plant_Crop_Mushroom_Block_Yellow_Trunk","Plant/Crop/Plant_Crop_Mushroom_Block_Yellow_Trunk","Server/Item/Items/Plant/Crop/Plant_Crop_Mushroom_Block_Yellow_Trunk.json","1092","26B9C41278DC684C2860086C36E5DDCC007BC0678BA3A0885EC864089AA246C8"
"items","Plant_Crop_Mushroom_Boomshroom_Large","Plant/Crop/Plant_Crop_Mushroom_Boomshroom_Large","Server/Item/Items/Plant/Crop/Plant_Crop_Mushroom_Boomshroom_Large.json","801","FCC07FFA6749F6D3CD977EE8013E24F82600D5AE1CBFC76A59003F8ADE4D4F88"
"items","Plant_Crop_Mushroom_Boomshroom_Small","Plant/Crop/Plant_Crop_Mushroom_Boomshroom_Small","Server/Item/Items/Plant/Crop/Plant_Crop_Mushroom_Boomshroom_Small.json","1575","7EBE6A6D227C93F7B53275084010A951E60EB2307B5E94AA8A60C4B500566AC8"
"items","Plant_Crop_Mushroom_Cap_Brown","Plant/Crop/Plant_Crop_Mushroom_Cap_Brown","Server/Item/Items/Plant/Crop/Plant_Crop_Mushroom_Cap_Brown.json","2949","8446CDA2B9101CFFB836527FB75FC998305836201D96E5C9EF13674AC3DDEDB2"
"items","Plant_Crop_Mushroom_Cap_Green","Plant/Crop/Plant_Crop_Mushroom_Cap_Green","Server/Item/Items/Plant/Crop/Plant_Crop_Mushroom_Cap_Green.json","2750","585D4ED0B2BFF3D0747A1EA6D6F56C152027495CD49B9B635A4E072E2CBDD1E8"
"items","Plant_Crop_Mushroom_Cap_Poison","Plant/Crop/Plant_Crop_Mushroom_Cap_Poison","Server/Item/Items/Plant/Crop/Plant_Crop_Mushroom_Cap_Poison.json","2856","09333F4707D5E810E65D8077F2690F3520550BAAFC90F013016E4926DBB0D433"
"items","Plant_Crop_Mushroom_Cap_Red","Plant/Crop/Plant_Crop_Mushroom_Cap_Red","Server/Item/Items/Plant/Crop/Plant_Crop_Mushroom_Cap_Red.json","2808","E3FCE247E2AB76E324C86265F2FC3D7E3BEBEFE1E9C84E06FB9EB91DBAD00CD6"
"items","Plant_Crop_Mushroom_Cap_White","Plant/Crop/Plant_Crop_Mushroom_Cap_White","Server/Item/Items/Plant/Crop/Plant_Crop_Mushroom_Cap_White.json","2859","A2553682397C6BD25C4E1A454694DAC48F659DC6E2248D5EC25FDD4F07CA8C8B"
"items","Plant_Crop_Mushroom_Common_Blue","Plant/Crop/Plant_Crop_Mushroom_Common_Blue","Server/Item/Items/Plant/Crop/Plant_Crop_Mushroom_Common_Blue.json","2802","4865928DD0AE05E4D35814BFEC29B5BF4C0E152A9BE8E417782343F15307EB78"
"items","Plant_Crop_Mushroom_Common_Brown","Plant/Crop/Plant_Crop_Mushroom_Common_Brown","Server/Item/Items/Plant/Crop/Plant_Crop_Mushroom_Common_Brown.json","2807","94A1A7EB177A7E0A1D84A61AE9CC3E25CEE119D9B040578F873AE778B1A6D18A"
"items","Plant_Crop_Mushroom_Common_Lime","Plant/Crop/Plant_Crop_Mushroom_Common_Lime","Server/Item/Items/Plant/Crop/Plant_Crop_Mushroom_Common_Lime.json","2980","C2C8BF347A4564D157CD365E5A20DC4DDC03E1507800CF9F1D3B09D5D1213655"
"items","Plant_Crop_Mushroom_Flatcap_Blue","Plant/Crop/Plant_Crop_Mushroom_Flatcap_Blue","Server/Item/Items/Plant/Crop/Plant_Crop_Mushroom_Flatcap_Blue.json","3011","3ABAA9BC40627D800B4371A02012AB6C577EF86B4478CEEE6A706AB911704197"
"items","Plant_Crop_Mushroom_Flatcap_Green","Plant/Crop/Plant_Crop_Mushroom_Flatcap_Green","Server/Item/Items/Plant/Crop/Plant_Crop_Mushroom_Flatcap_Green.json","3016","5E23E314FFCC17A37681D9789E59DE127FFA7700DB5C48EC050943518DBA13E8"
"items","Plant_Crop_Mushroom_Glowing_Blue","Plant/Crop/Plant_Crop_Mushroom_Glowing_Blue","Server/Item/Items/Plant/Crop/Plant_Crop_Mushroom_Glowing_Blue.json","2146","E42071AF115FBC293A7D86B4D2F4B1BCFE2733184CF5920B13007B382FDC84B2"
"items","Plant_Crop_Mushroom_Glowing_Green","Plant/Crop/Plant_Crop_Mushroom_Glowing_Green","Server/Item/Items/Plant/Crop/Plant_Crop_Mushroom_Glowing_Green.json","2149","FF07AC4554819C8CC9460FE28E68D34CC01664ED9F7B1881316DF0B88F35A083"
"items","Plant_Crop_Mushroom_Glowing_Orange","Plant/Crop/Plant_Crop_Mushroom_Glowing_Orange","Server/Item/Items/Plant/Crop/Plant_Crop_Mushroom_Glowing_Orange.json","2313","E016FC9C027BACAA24723AD78F158F9D4ABFE316A407F47F63EA1D7841F37B37"
"items","Plant_Crop_Mushroom_Glowing_Purple","Plant/Crop/Plant_Crop_Mushroom_Glowing_Purple","Server/Item/Items/Plant/Crop/Plant_Crop_Mushroom_Glowing_Purple.json","2315","B6ECF731158C8041E088ED5EF5014359FCCE1CC335962ECA7150DB9E1EA7AD03"
"items","Plant_Crop_Mushroom_Glowing_Red","Plant/Crop/Plant_Crop_Mushroom_Glowing_Red","Server/Item/Items/Plant/Crop/Plant_Crop_Mushroom_Glowing_Red.json","2170","262BAB2A252F0A7190D34E91F9B45932B8B754B66847804EFF6D40434AE438A0"
"items","Plant_Crop_Mushroom_Glowing_Violet","Plant/Crop/Plant_Crop_Mushroom_Glowing_Violet","Server/Item/Items/Plant/Crop/Plant_Crop_Mushroom_Glowing_Violet.json","2152","E702D2BC4622280EAAFE236F0FE341AA952FD37D12C91E482548C8B28258B726"
"items","Plant_Crop_Mushroom_Shelve_Brown","Plant/Crop/Plant_Crop_Mushroom_Shelve_Brown","Server/Item/Items/Plant/Crop/Plant_Crop_Mushroom_Shelve_Brown.json","1743","EE60871A44DD37C4B8C4C6313CF87B98B270978CB0B8EC3F5DA027EE2269C13F"
"items","Plant_Crop_Mushroom_Shelve_Green","Plant/Crop/Plant_Crop_Mushroom_Shelve_Green","Server/Item/Items/Plant/Crop/Plant_Crop_Mushroom_Shelve_Green.json","770","82009822020C8585A84C8AB9912350F70E9441DE9B3CDA60854A959D6C7B4844"
"items","Plant_Crop_Mushroom_Shelve_Yellow","Plant/Crop/Plant_Crop_Mushroom_Shelve_Yellow","Server/Item/Items/Plant/Crop/Plant_Crop_Mushroom_Shelve_Yellow.json","768","F39CC2419D104C5C0684239350790752675B92AD92A774A1579EC065F0CCD2FD"
"items","Plant_Crop_Potato_Block","Plant/Crop/Potato/Plant_Crop_Potato_Block","Server/Item/Items/Plant/Crop/Potato/Plant_Crop_Potato_Block.json","5155","3F0F6DAA42263D919DD30F3BCE40750844F3B62C38C6AA5AF22660512721F348"
"items","Plant_Crop_Potato_Block_Eternal","Plant/Crop/Potato/Plant_Crop_Potato_Block_Eternal","Server/Item/Items/Plant/Crop/Potato/Plant_Crop_Potato_Block_Eternal.json","4965","E708EA13C4F073ADEEE278434355C99E664C0A3F91F4D082CCAC49593C46D2DD"
"items","Plant_Crop_Potato_Item","Plant/Crop/Potato/Plant_Crop_Potato_Item","Server/Item/Items/Plant/Crop/Potato/Plant_Crop_Potato_Item.json","1100","DA7A667B1EAAEC62982DBCDCFD524907931338783266EEBCD8D9CEEE15618FD0"
"items","Plant_Seeds_Potato","Plant/Crop/Potato/Plant_Seeds_Potato","Server/Item/Items/Plant/Crop/Potato/Plant_Seeds_Potato.json","1220","3246128EAD2215FF7A42B16E6C7D6C7DFEB826F6A4DF69C1E21257C91FBDF845"
"items","Plant_Seeds_Potato_Eternal","Plant/Crop/Potato/Plant_Seeds_Potato_Eternal","Server/Item/Items/Plant/Crop/Potato/Plant_Seeds_Potato_Eternal.json","1860","C7C8FD0701A029E787D710375F4D1B63BECB987AA56BD1AFECA1772DBB9373A8"
"items","Plant_Crop_Pumpkin_Block","Plant/Crop/Pumpkin/Plant_Crop_Pumpkin_Block","Server/Item/Items/Plant/Crop/Pumpkin/Plant_Crop_Pumpkin_Block.json","5791","DFCB5B577F8F552330EDBC040B04C1C6C82720696EA223D8132169D329587902"
"items","Plant_Crop_Pumpkin_Block_Eternal","Plant/Crop/Pumpkin/Plant_Crop_Pumpkin_Block_Eternal","Server/Item/Items/Plant/Crop/Pumpkin/Plant_Crop_Pumpkin_Block_Eternal.json","5671","2E42F7D884AE191E232634EDB649087B323702C4B57961E6C9ABE3A18650A052"
"items","Plant_Crop_Pumpkin_Item","Plant/Crop/Pumpkin/Plant_Crop_Pumpkin_Item","Server/Item/Items/Plant/Crop/Pumpkin/Plant_Crop_Pumpkin_Item.json","1165","945A747A47A042F1E48E01A017126A3662FBED2F7D1747DE303C2F2917EF55B7"
"items","Plant_Seeds_Pumpkin","Plant/Crop/Pumpkin/Plant_Seeds_Pumpkin","Server/Item/Items/Plant/Crop/Pumpkin/Plant_Seeds_Pumpkin.json","1108","43194F09C243F991B727A72F85CAC03A360631DCDDC2D7A68F7075FD07FD668C"
"items","Plant_Seeds_Pumpkin_Eternal","Plant/Crop/Pumpkin/Plant_Seeds_Pumpkin_Eternal","Server/Item/Items/Plant/Crop/Pumpkin/Plant_Seeds_Pumpkin_Eternal.json","1867","249FAB6F640B31D78A04CE0B8A0BEB6639EC95CA66887DC2372BA06436CF85B4"
"items","Plant_Crop_Rice_Block","Plant/Crop/Rice/Plant_Crop_Rice_Block","Server/Item/Items/Plant/Crop/Rice/Plant_Crop_Rice_Block.json","5809","45CBE0E2C54B271C6617729D7319B7E544677CAAE7B08AD37C1B3378B679A4D6"
"items","Plant_Crop_Rice_Block_Eternal","Plant/Crop/Rice/Plant_Crop_Rice_Block_Eternal","Server/Item/Items/Plant/Crop/Rice/Plant_Crop_Rice_Block_Eternal.json","5937","6AE644D63F88A2AF082328E1FFD3E40F2BEE1C729A018BED95BA7EA15AF0D7EE"
"items","Plant_Crop_Rice_Item","Plant/Crop/Rice/Plant_Crop_Rice_Item","Server/Item/Items/Plant/Crop/Rice/Plant_Crop_Rice_Item.json","1050","46DB46324D9DCCAB8DC758BA5EA93B2BE55815A2D30A11B064F5A574121989AE"
"items","Plant_Seeds_Rice","Plant/Crop/Rice/Plant_Seeds_Rice","Server/Item/Items/Plant/Crop/Rice/Plant_Seeds_Rice.json","1113","197794AF2B388E1C92497B3DCA30D92041AF42B5EC2DB79F8313D5D7FA1BB8A2"
"items","Plant_Seeds_Rice_Eternal","Plant/Crop/Rice/Plant_Seeds_Rice_Eternal","Server/Item/Items/Plant/Crop/Rice/Plant_Seeds_Rice_Eternal.json","1843","ACED535F81932F29F651C731087C83D45E6F6A8FD5D5041B519E516E0E475D9A"
"items","Plant_Crop_Stamina1","Plant/Crop/Stamina1/Plant_Crop_Stamina1","Server/Item/Items/Plant/Crop/Stamina1/Plant_Crop_Stamina1.json","1908","9E424608906F4F18D87EF1C9B0B28BCF3703B8C5127B48870F7E2B834521CB97"
"items","Plant_Crop_Stamina1_Block","Plant/Crop/Stamina1/Plant_Crop_Stamina1_Block","Server/Item/Items/Plant/Crop/Stamina1/Plant_Crop_Stamina1_Block.json","4509","DDEAF3CC5305E8C5CD584163A99E77BB88CF8E3EBC253ACE18F28F5146EE3136"
"items","Plant_Seeds_Stamina1","Plant/Crop/Stamina1/Plant_Seeds_Stamina1","Server/Item/Items/Plant/Crop/Stamina1/Plant_Seeds_Stamina1.json","1450","764190FC99F05B090F09457B7EEF68A812B88E9F04BDF81E91D9639A91C41C47"
"items","Plant_Crop_Stamina2","Plant/Crop/Stamina2/Plant_Crop_Stamina2","Server/Item/Items/Plant/Crop/Stamina2/Plant_Crop_Stamina2.json","1983","BCD3446362C168F543E4AC4F14489F03F82D0D2A89C1F6696B41FA101A674625"
"items","Plant_Crop_Stamina2_Block","Plant/Crop/Stamina2/Plant_Crop_Stamina2_Block","Server/Item/Items/Plant/Crop/Stamina2/Plant_Crop_Stamina2_Block.json","4353","BCE85438BCD83315C5097C68D89423F03858BDAD90DD1F1BFB39AB5E084C1566"
"items","Plant_Seeds_Stamina2","Plant/Crop/Stamina2/Plant_Seeds_Stamina2","Server/Item/Items/Plant/Crop/Stamina2/Plant_Seeds_Stamina2.json","1424","2CDD1DB58688725C6189C4467AD3EAC2148E4A0BC5147944486826FA0E0464AE"
"items","Plant_Crop_Stamina3","Plant/Crop/Stamina3/Plant_Crop_Stamina3","Server/Item/Items/Plant/Crop/Stamina3/Plant_Crop_Stamina3.json","1964","7D22736D781F6D2182B70EDE75F4271B490B1043397F1E13A90CAA630A98317C"
"items","Plant_Crop_Stamina3_Block","Plant/Crop/Stamina3/Plant_Crop_Stamina3_Block","Server/Item/Items/Plant/Crop/Stamina3/Plant_Crop_Stamina3_Block.json","4401","BEF666C8BF559C98723B914D564F7D82DFC38E7F697D116C1BD77099982A3E6C"
"items","Plant_Seeds_Stamina3","Plant/Crop/Stamina3/Plant_Seeds_Stamina3","Server/Item/Items/Plant/Crop/Stamina3/Plant_Seeds_Stamina3.json","1425","26F15A8DFC6B225C63AB2EF92B813BDA99FB1817CB0E9B3B13AFEFA6A5DAD895"
"items","Plant_Seeds_Test_Tree","Plant/Crop/TestTree/Plant_Seeds_Test_Tree","Server/Item/Items/Plant/Crop/TestTree/Plant_Seeds_Test_Tree.json","980","C7CB86547FD98BC1B2E4733B30B7DA737559DD91970D8EA576C93B464B80128D"
"items","Plant_Test_Tree_Block","Plant/Crop/TestTree/Plant_Test_Tree_Block","Server/Item/Items/Plant/Crop/TestTree/Plant_Test_Tree_Block.json","2561","51FC0B606B4D2744FF38BEC6A310B6F55370DF25EE80DB0B6C2081D1C36792C3"
"items","Plant_Crop_Tomato_Block","Plant/Crop/Tomato/Plant_Crop_Tomato_Block","Server/Item/Items/Plant/Crop/Tomato/Plant_Crop_Tomato_Block.json","6448","1E60E09860103176DB52D5FB925A2CE28D43081808B971E024D0BDAD059E82CE"
"items","Plant_Crop_Tomato_Block_Eternal","Plant/Crop/Tomato/Plant_Crop_Tomato_Block_Eternal","Server/Item/Items/Plant/Crop/Tomato/Plant_Crop_Tomato_Block_Eternal.json","6529","604302FF9A5A559A8AE3AD935D1107A38A850872386A223BA8B80BF99508CAB2"
"items","Plant_Crop_Tomato_Item","Plant/Crop/Tomato/Plant_Crop_Tomato_Item","Server/Item/Items/Plant/Crop/Tomato/Plant_Crop_Tomato_Item.json","1099","D266B66A05E350DF028548E171EC68A133C695BDB1155A42DF8056EF4E5AC392"
"items","Plant_Seeds_Tomato","Plant/Crop/Tomato/Plant_Seeds_Tomato","Server/Item/Items/Plant/Crop/Tomato/Plant_Seeds_Tomato.json","1125","6A1CBA72E33B39A429D1C043F400808AE99D8F0145085731968A3773D13BB0BE"
"items","Plant_Seeds_Tomato_Eternal","Plant/Crop/Tomato/Plant_Seeds_Tomato_Eternal","Server/Item/Items/Plant/Crop/Tomato/Plant_Seeds_Tomato_Eternal.json","1859","A533D94243E47493E4A3E980F1C913061201B3AEE6FE95F199F71B32A92DE388"
"items","Plant_Crop_Turnip_Block","Plant/Crop/Turnip/Plant_Crop_Turnip_Block","Server/Item/Items/Plant/Crop/Turnip/Plant_Crop_Turnip_Block.json","5690","E3FEBFB34507B0EA9AA2A8725651EE7FE6506A89BBD743ADC3E087A093A93F41"
"items","Plant_Crop_Turnip_Block_Eternal","Plant/Crop/Turnip/Plant_Crop_Turnip_Block_Eternal","Server/Item/Items/Plant/Crop/Turnip/Plant_Crop_Turnip_Block_Eternal.json","5651","51D3F30BA6861B6AD86E53185F20EE5EA956F68A9526BF3146F3D77C50C347C6"
"items","Plant_Crop_Turnip_Item","Plant/Crop/Turnip/Plant_Crop_Turnip_Item","Server/Item/Items/Plant/Crop/Turnip/Plant_Crop_Turnip_Item.json","1116","4392F2364F028427F3D69B972065D000C040F3860E725B906A0D3C9D832FC243"
"items","Plant_Seeds_Turnip","Plant/Crop/Turnip/Plant_Seeds_Turnip","Server/Item/Items/Plant/Crop/Turnip/Plant_Seeds_Turnip.json","1124","8CC94A604A4C4467A0183454EE774AC41DDF813D487612B3526004B1F888B615"
"items","Plant_Seeds_Turnip_Eternal","Plant/Crop/Turnip/Plant_Seeds_Turnip_Eternal","Server/Item/Items/Plant/Crop/Turnip/Plant_Seeds_Turnip_Eternal.json","1859","CB391B7471A13E811AD73A52D7067967AF055644339C91797EC7D20C40E611B9"
"items","Plant_Crop_Wheat_Block","Plant/Crop/Wheat/Plant_Crop_Wheat_Block","Server/Item/Items/Plant/Crop/Wheat/Plant_Crop_Wheat_Block.json","5948","4C90451194105591F2120D5EDBA5D079C1F1ED822ED81010EDEB658BFE43D2F7"
"items","Plant_Crop_Wheat_Block_Eternal","Plant/Crop/Wheat/Plant_Crop_Wheat_Block_Eternal","Server/Item/Items/Plant/Crop/Wheat/Plant_Crop_Wheat_Block_Eternal.json","5946","FFE4CBB466C0B20F542C119EE6B84FE27FC6E1B1DC6D87515BCC9495BE20A0AF"
"items","Plant_Crop_Wheat_Item","Plant/Crop/Wheat/Plant_Crop_Wheat_Item","Server/Item/Items/Plant/Crop/Wheat/Plant_Crop_Wheat_Item.json","1646","ACA2684464544519AFB16DC458AD45961E19732AB997A093ACFB63E8C1443450"
"items","Plant_Crop_Wheat_Stage_4_Burnt","Plant/Crop/Wheat/Plant_Crop_Wheat_Stage_4_Burnt","Server/Item/Items/Plant/Crop/Wheat/Plant_Crop_Wheat_Stage_4_Burnt.json","1553","508E186A424B35FF191298D42CE18DCA8C3DBA8F74B49D35918F1C08538A3A56"
"items","Plant_Seeds_Wheat","Plant/Crop/Wheat/Plant_Seeds_Wheat","Server/Item/Items/Plant/Crop/Wheat/Plant_Seeds_Wheat.json","1086","2471C168ED3D19C6EF7BD5C13E00175B83D6611D0568540D78E6759D80ACEFF5"
"items","Plant_Seeds_Wheat_Eternal","Plant/Crop/Wheat/Plant_Seeds_Wheat_Eternal","Server/Item/Items/Plant/Crop/Wheat/Plant_Seeds_Wheat_Eternal.json","1850","0678ADBA8DCC09BF42A0B30A123734C6BA8FA95E35AA61CEDC313F3FD7E3B5FC"
"items","Plant_Flower_Bushy_Blue","Plant/Flowers/Plant_Flower_Bushy_Blue","Server/Item/Items/Plant/Flowers/Plant_Flower_Bushy_Blue.json","910","FC4156B6E0A54F9781C0228EBB11082266AE961DEDDC17E821B1248DA5A2E9C5"
"items","Plant_Flower_Bushy_Cyan","Plant/Flowers/Plant_Flower_Bushy_Cyan","Server/Item/Items/Plant/Flowers/Plant_Flower_Bushy_Cyan.json","909","101F92D1D291649C59A13DC1EF5F735D6EF658218ECEA090738F2FD2874EB502"
"items","Plant_Flower_Bushy_Green","Plant/Flowers/Plant_Flower_Bushy_Green","Server/Item/Items/Plant/Flowers/Plant_Flower_Bushy_Green.json","878","63626772D42B9B4F180EAE849173FC42582EDC31BCA213D6C4DBC0A9504DDBE7"
"items","Plant_Flower_Bushy_Grey","Plant/Flowers/Plant_Flower_Bushy_Grey","Server/Item/Items/Plant/Flowers/Plant_Flower_Bushy_Grey.json","934","24B41B9849D1CCED40F88BE238165B129CFF6F23D2E217C75B588767678C38CC"
"items","Plant_Flower_Bushy_Orange","Plant/Flowers/Plant_Flower_Bushy_Orange","Server/Item/Items/Plant/Flowers/Plant_Flower_Bushy_Orange.json","1096","072E350DB67E98CE4F2EB6B2AA99F762020D726AA2BF411B34B98B2B26FAA5D9"
"items","Plant_Flower_Bushy_Poisoned","Plant/Flowers/Plant_Flower_Bushy_Poisoned","Server/Item/Items/Plant/Flowers/Plant_Flower_Bushy_Poisoned.json","885","FD0AF2954D66879DF669D8FFDE1DDE2FD20F9448D3B071B53EFC3BB4AACB0AA7"
"items","Plant_Flower_Bushy_Purple","Plant/Flowers/Plant_Flower_Bushy_Purple","Server/Item/Items/Plant/Flowers/Plant_Flower_Bushy_Purple.json","885","112BD2FC1E93B50525D3421864DF0A1E9885296A1DC8A504E9D42ECE332EE30E"
"items","Plant_Flower_Bushy_Red","Plant/Flowers/Plant_Flower_Bushy_Red","Server/Item/Items/Plant/Flowers/Plant_Flower_Bushy_Red.json","973","E353E526EDE5CA7CB4B24260CA156AE4FBCEE04BDAB5CE207FDA9AC306DA621D"
"items","Plant_Flower_Bushy_Violet","Plant/Flowers/Plant_Flower_Bushy_Violet","Server/Item/Items/Plant/Flowers/Plant_Flower_Bushy_Violet.json","883","0C3110659C8CB6373D9F6307CE867F2A11975369A1C9D9B13A3E4EA509791D4D"
"items","Plant_Flower_Bushy_White","Plant/Flowers/Plant_Flower_Bushy_White","Server/Item/Items/Plant/Flowers/Plant_Flower_Bushy_White.json","899","01C766C679D083646648D04805A0B401EA941E21881A75D5984CD1D8219462AF"
"items","Plant_Flower_Bushy_Yellow","Plant/Flowers/Plant_Flower_Bushy_Yellow","Server/Item/Items/Plant/Flowers/Plant_Flower_Bushy_Yellow.json","950","BFDC1463AB355C1A79ED5FD2B1118F9A42CBED2D87AAEB6F815573D2D3EDB7AF"
"items","Plant_Flower_Common_Blue","Plant/Flowers/Plant_Flower_Common_Blue","Server/Item/Items/Plant/Flowers/Plant_Flower_Common_Blue.json","826","E13ECC0D8CDE1A48EC00F195913222980E1C49268126E9F5D5E8E80DD2C9E8BE"
"items","Plant_Flower_Common_Blue2","Plant/Flowers/Plant_Flower_Common_Blue2","Server/Item/Items/Plant/Flowers/Plant_Flower_Common_Blue2.json","903","1AD1CEB47137DAC1DC8CC5BF7D9A07FDBA356DD0A47F0BDD8DFF734674C19FC8"
"items","Plant_Flower_Common_Cyan","Plant/Flowers/Plant_Flower_Common_Cyan","Server/Item/Items/Plant/Flowers/Plant_Flower_Common_Cyan.json","836","786C39B2FA7A80A0C64B1FFD4F21FA2916DF890259AEC0B41C7FC3BB5DFF2048"
"items","Plant_Flower_Common_Cyan2","Plant/Flowers/Plant_Flower_Common_Cyan2","Server/Item/Items/Plant/Flowers/Plant_Flower_Common_Cyan2.json","834","391F044A949E6BC9DF4135915164EE23259106CA9FCE23CF2B97152706B3C5B6"
"items","Plant_Flower_Common_Grey","Plant/Flowers/Plant_Flower_Common_Grey","Server/Item/Items/Plant/Flowers/Plant_Flower_Common_Grey.json","798","B6199DA8980529CAF886494D38ECAC7A465E17D852904C323094B1320E274BD2"
"items","Plant_Flower_Common_Grey2","Plant/Flowers/Plant_Flower_Common_Grey2","Server/Item/Items/Plant/Flowers/Plant_Flower_Common_Grey2.json","887","49EEA34577DAC6DA839A6DE20212E1EACD7EA7E723CA041734D847C9F9FC3753"
"items","Plant_Flower_Common_Lime","Plant/Flowers/Plant_Flower_Common_Lime","Server/Item/Items/Plant/Flowers/Plant_Flower_Common_Lime.json","739","DE793E78681722C66CA462ECAFBE8107CB25EE35D2AF0143CFEA67AF2EAFCAFD"
"items","Plant_Flower_Common_Lime2","Plant/Flowers/Plant_Flower_Common_Lime2","Server/Item/Items/Plant/Flowers/Plant_Flower_Common_Lime2.json","914","2EFA4ECC37E824496494B02A95A9745CDFB5FFF3F8871C2CADE5FF87EE5471C6"
"items","Plant_Flower_Common_Orange","Plant/Flowers/Plant_Flower_Common_Orange","Server/Item/Items/Plant/Flowers/Plant_Flower_Common_Orange.json","842","5291471DABD1FDFDC49B9D04257D875C142D87049013D0B5289959456F0BF151"
"items","Plant_Flower_Common_Orange2","Plant/Flowers/Plant_Flower_Common_Orange2","Server/Item/Items/Plant/Flowers/Plant_Flower_Common_Orange2.json","986","FA8AE86F2A90EDF0CFBDB4042183866E16578DAF6D09D99459DB1D4918DFE6BC"
"items","Plant_Flower_Common_Pink","Plant/Flowers/Plant_Flower_Common_Pink","Server/Item/Items/Plant/Flowers/Plant_Flower_Common_Pink.json","982","829ED15D5180253053094A1C2A1A2412B07B70436F342E73890A01A1EB9457B4"
"items","Plant_Flower_Common_Pink2","Plant/Flowers/Plant_Flower_Common_Pink2","Server/Item/Items/Plant/Flowers/Plant_Flower_Common_Pink2.json","817","8E9845D36E8CAB26D8FCCEE1F3091D92386DA404F2D1CAF5C1F98667193CDD95"
"items","Plant_Flower_Common_Poisoned","Plant/Flowers/Plant_Flower_Common_Poisoned","Server/Item/Items/Plant/Flowers/Plant_Flower_Common_Poisoned.json","985","A829C89F87C604DB05A45DA58D0FA197CFF16A9E8E77E9A9721672C7894B2840"
"items","Plant_Flower_Common_Poisoned2","Plant/Flowers/Plant_Flower_Common_Poisoned2","Server/Item/Items/Plant/Flowers/Plant_Flower_Common_Poisoned2.json","1019","F9D24977DA275C91F1284735A8CCDDB7F94ADB4FB5CC54599EADF06155F43CF1"
"items","Plant_Flower_Common_Purple","Plant/Flowers/Plant_Flower_Common_Purple","Server/Item/Items/Plant/Flowers/Plant_Flower_Common_Purple.json","844","50A144F5B2B18C349F1809474F151A45F62443F08F2C17D9EDE5C9B51A100041"
"items","Plant_Flower_Common_Purple2","Plant/Flowers/Plant_Flower_Common_Purple2","Server/Item/Items/Plant/Flowers/Plant_Flower_Common_Purple2.json","907","794A451111318401A20A290C3E106F4CE61D36BD1AF80FF25E7EDE358EF41787"
"items","Plant_Flower_Common_Red","Plant/Flowers/Plant_Flower_Common_Red","Server/Item/Items/Plant/Flowers/Plant_Flower_Common_Red.json","843","C3B834661036409D78CCE512BEEB04157A8B50AFBEBD39DDB07A88C90EA46D03"
"items","Plant_Flower_Common_Red2","Plant/Flowers/Plant_Flower_Common_Red2","Server/Item/Items/Plant/Flowers/Plant_Flower_Common_Red2.json","929","B4E4D995FCC43DDE1EDE56208B1846C1A01E0B1799EDDBBE44CFB5F0B6EE4763"
"items","Plant_Flower_Common_Violet","Plant/Flowers/Plant_Flower_Common_Violet","Server/Item/Items/Plant/Flowers/Plant_Flower_Common_Violet.json","910","D7276F7EE0B6C1D3DEA85F7498349B44A2115C29E039766D19C11D01E21E9703"
"items","Plant_Flower_Common_Violet2","Plant/Flowers/Plant_Flower_Common_Violet2","Server/Item/Items/Plant/Flowers/Plant_Flower_Common_Violet2.json","928","125F686B542FE481956F0D6C05064DC6E5FAFCEA21490F92BD89FDB95ECDA441"
"items","Plant_Flower_Common_White","Plant/Flowers/Plant_Flower_Common_White","Server/Item/Items/Plant/Flowers/Plant_Flower_Common_White.json","1635","91A9867E648E3A8F330168B15021F13513EB007F5A88AFCC560D6FA2F66EC194"
"items","Plant_Flower_Common_White2","Plant/Flowers/Plant_Flower_Common_White2","Server/Item/Items/Plant/Flowers/Plant_Flower_Common_White2.json","870","7EEE0C6990CF158AD5B499BF34C8CBBE868D2AC41074056FB5E2AACD10C5D043"
"items","Plant_Flower_Common_Yellow","Plant/Flowers/Plant_Flower_Common_Yellow","Server/Item/Items/Plant/Flowers/Plant_Flower_Common_Yellow.json","840","64D98987BAB5C961C0BFE13431107A3484D31A086FCF16DA7921E3C59E7E6D85"
"items","Plant_Flower_Common_Yellow2","Plant/Flowers/Plant_Flower_Common_Yellow2","Server/Item/Items/Plant/Flowers/Plant_Flower_Common_Yellow2.json","884","F1E3A2EE93BD0EFA4B755950DE4D1071CB032EF0DF43682127BBFE67AA92B56B"
"items","Plant_Flower_Flax_Blue","Plant/Flowers/Plant_Flower_Flax_Blue","Server/Item/Items/Plant/Flowers/Plant_Flower_Flax_Blue.json","847","0B46D01972BE7509BA45D999CF351DCBF53181D432F2B83D8780CC70F8FB3998"
"items","Plant_Flower_Flax_Orange","Plant/Flowers/Plant_Flower_Flax_Orange","Server/Item/Items/Plant/Flowers/Plant_Flower_Flax_Orange.json","915","D439967ACEA4E388EF02D58E812B8672FA6142A2D4537EAEE27169F33DB308D4"
"items","Plant_Flower_Flax_Pink","Plant/Flowers/Plant_Flower_Flax_Pink","Server/Item/Items/Plant/Flowers/Plant_Flower_Flax_Pink.json","850","63D1C0AADD9374F1137C87460DA702A4880DCD9688BCD30A663C5E5355D3D126"
"items","Plant_Flower_Flax_Purple","Plant/Flowers/Plant_Flower_Flax_Purple","Server/Item/Items/Plant/Flowers/Plant_Flower_Flax_Purple.json","857","49EDC6476FBCB1C714E9372232D5C434DD2F48012D0F611E1AB588F4E74C814C"
"items","Plant_Flower_Flax_White","Plant/Flowers/Plant_Flower_Flax_White","Server/Item/Items/Plant/Flowers/Plant_Flower_Flax_White.json","906","1F39F1F16267766ADC70933644C7FE17E363E17879C011E7D7EBCE7045C31D6F"
"items","Plant_Flower_Flax_Yellow","Plant/Flowers/Plant_Flower_Flax_Yellow","Server/Item/Items/Plant/Flowers/Plant_Flower_Flax_Yellow.json","913","10B434F1ADBB60E6B96520F11565C78A4379563BC10DDE33CAF51F85BBFE5FF6"
"items","Plant_Flower_Hemlock","Plant/Flowers/Plant_Flower_Hemlock","Server/Item/Items/Plant/Flowers/Plant_Flower_Hemlock.json","1071","423EEDDF9897256F08F79C1DDCE55105F0EF7AE8C6156269E23EE66F3CDFA226"
"items","Plant_Flower_Orchid_Blue","Plant/Flowers/Plant_Flower_Orchid_Blue","Server/Item/Items/Plant/Flowers/Plant_Flower_Orchid_Blue.json","1011","8D077B320CA8F3B4F9BF1CA442C7BE9388F030D26A58BAA9456BB4E775F5144E"
"items","Plant_Flower_Orchid_Cyan","Plant/Flowers/Plant_Flower_Orchid_Cyan","Server/Item/Items/Plant/Flowers/Plant_Flower_Orchid_Cyan.json","1269","A5DC14BEBB53D1441B9FBCE04F5CF536FB3E9E6CC139A526C3EB706569272CF6"
"items","Plant_Flower_Orchid_Orange","Plant/Flowers/Plant_Flower_Orchid_Orange","Server/Item/Items/Plant/Flowers/Plant_Flower_Orchid_Orange.json","899","EC3714835FB5643EA2CA80A23662961D7403606977FF5251D7B5C21722C8EC41"
"items","Plant_Flower_Orchid_Pink","Plant/Flowers/Plant_Flower_Orchid_Pink","Server/Item/Items/Plant/Flowers/Plant_Flower_Orchid_Pink.json","891","B6F57AF994E129759A034D89F0D7C8ED1B149FB6E0EB6F7F774C65152A3446A4"
"items","Plant_Flower_Orchid_Poisoned","Plant/Flowers/Plant_Flower_Orchid_Poisoned","Server/Item/Items/Plant/Flowers/Plant_Flower_Orchid_Poisoned.json","901","48B60D8D3B37E012C5909D0D29F5B03AFE39A38658E9A4BA73DF044613DA145B"
"items","Plant_Flower_Orchid_Purple","Plant/Flowers/Plant_Flower_Orchid_Purple","Server/Item/Items/Plant/Flowers/Plant_Flower_Orchid_Purple.json","899","4AFDBC3AC738F06443BA0649C9F793ECE2C260CFD41FB391C24C061467D0A1C8"
"items","Plant_Flower_Orchid_Red","Plant/Flowers/Plant_Flower_Orchid_Red","Server/Item/Items/Plant/Flowers/Plant_Flower_Orchid_Red.json","887","23BA1E341B6AB9DE693312BB7481D8A33A10298B40A1443D8ECB5E3805A7C060"
"items","Plant_Flower_Orchid_White","Plant/Flowers/Plant_Flower_Orchid_White","Server/Item/Items/Plant/Flowers/Plant_Flower_Orchid_White.json","775","C9C80D0FE868A30130B59E214A35E2132389CADADB87D9C2E199AFC6CFAD9340"
"items","Plant_Flower_Orchid_Yellow","Plant/Flowers/Plant_Flower_Orchid_Yellow","Server/Item/Items/Plant/Flowers/Plant_Flower_Orchid_Yellow.json","899","A4A1A1CF5620D34AE36DE05965583EF4C648C26977C7AA05003850157BA36A0B"
"items","Plant_Flower_Poisoned_Orange","Plant/Flowers/Plant_Flower_Poisoned_Orange","Server/Item/Items/Plant/Flowers/Plant_Flower_Poisoned_Orange.json","896","C3A5654D50C8670C82403F25A530E45A82FB7F934BB04C14C0DED5EC6211418B"
"items","Plant_Flower_Tall_Blue","Plant/Flowers/Plant_Flower_Tall_Blue","Server/Item/Items/Plant/Flowers/Plant_Flower_Tall_Blue.json","907","E680A078AC9EFE67EBB449C2976BD3B033C0838B40B83C80673F1DA0B949730C"
"items","Plant_Flower_Tall_Cyan","Plant/Flowers/Plant_Flower_Tall_Cyan","Server/Item/Items/Plant/Flowers/Plant_Flower_Tall_Cyan.json","996","A646828D4AFDBE9B938CBC7C4AD950E1F10E2ECFCB2E3037DFE937858BD6DEFF"
"items","Plant_Flower_Tall_Cyan2","Plant/Flowers/Plant_Flower_Tall_Cyan2","Server/Item/Items/Plant/Flowers/Plant_Flower_Tall_Cyan2.json","993","6E42F5835F5C9D2CE4E6A575CCDFECA82D5F59F7055131566D541E3419766D3C"
"items","Plant_Flower_Tall_Pink","Plant/Flowers/Plant_Flower_Tall_Pink","Server/Item/Items/Plant/Flowers/Plant_Flower_Tall_Pink.json","997","D139EA2A5F3BE9C3C778CAEE48F8ED3461DA2BBCAFE4653913D4EC3137EEE68D"
"items","Plant_Flower_Tall_Purple","Plant/Flowers/Plant_Flower_Tall_Purple","Server/Item/Items/Plant/Flowers/Plant_Flower_Tall_Purple.json","973","BF1EAA9E71498A5D94254A1286FE97FE2F0E61EEC86F16D931805F7CC61BEB3F"
"items","Plant_Flower_Tall_Red","Plant/Flowers/Plant_Flower_Tall_Red","Server/Item/Items/Plant/Flowers/Plant_Flower_Tall_Red.json","1148","BE293D69FE811B92F68F226315744CD5E3670FCDD2D4C2FDC7E44F00017B8796"
"items","Plant_Flower_Tall_Violet","Plant/Flowers/Plant_Flower_Tall_Violet","Server/Item/Items/Plant/Flowers/Plant_Flower_Tall_Violet.json","1090","1DFDCD6103E88508B490A02E79CC0CBF52EEC5B88CEB7ECB6DCD953FF5FE65B2"
"items","Plant_Flower_Tall_Yellow","Plant/Flowers/Plant_Flower_Tall_Yellow","Server/Item/Items/Plant/Flowers/Plant_Flower_Tall_Yellow.json","838","BBD614831C876ECD478DC1382995B525093F70B4AA46B8CEDDE46A32AB35E888"
"items","Plant_Flower_Water_Blue","Plant/Flowers/Plant_Flower_Water_Blue","Server/Item/Items/Plant/Flowers/Plant_Flower_Water_Blue.json","1083","F656B444574B7BD6E313DA9337AB747167E62F06177E2BBAE85DE9AB90585A71"
"items","Plant_Flower_Water_Duckweed","Plant/Flowers/Plant_Flower_Water_Duckweed","Server/Item/Items/Plant/Flowers/Plant_Flower_Water_Duckweed.json","1293","F19EF4FD1966C9BC5DEF6A4C4717F9A3E1C79CB92B0BEBC8B0D7890EF2A76708"
"items","Plant_Flower_Water_Green","Plant/Flowers/Plant_Flower_Water_Green","Server/Item/Items/Plant/Flowers/Plant_Flower_Water_Green.json","2161","92E567BDA493ED966C43D4EF94B75917CC94405BF6C6C5DBC57A204E345EA009"
"items","Plant_Flower_Water_Purple","Plant/Flowers/Plant_Flower_Water_Purple","Server/Item/Items/Plant/Flowers/Plant_Flower_Water_Purple.json","1091","0B208D96DDD1BE9370E30676B735184AE0609712A643A8E12C5765401E394FA3"
"items","Plant_Flower_Water_Red","Plant/Flowers/Plant_Flower_Water_Red","Server/Item/Items/Plant/Flowers/Plant_Flower_Water_Red.json","1079","831AA6F5132CDB0A48102378E42AC20A9D098DC31711679E6C078E9DC5C76203"
"items","Plant_Flower_Water_White","Plant/Flowers/Plant_Flower_Water_White","Server/Item/Items/Plant/Flowers/Plant_Flower_Water_White.json","967","A33259D6D1B176195E0261735C8A60C1567DC0DF55A68C2EE06DC8843D345417"
"items","Plant_Fruit_Apple","Plant/Fruit/Plant_Fruit_Apple","Server/Item/Items/Plant/Fruit/Plant_Fruit_Apple.json","1314","D20BE321DC4F81562C969AC1206CE424D8DED1E612FF3414F63EE63046AFECA3"
"items","Plant_Fruit_Azure","Plant/Fruit/Plant_Fruit_Azure","Server/Item/Items/Plant/Fruit/Plant_Fruit_Azure.json","1397","C3678FDA3F9E10045F979875E59D2ECB8EC97B76843893628B018B62AFB30209"
"items","Plant_Fruit_Berries_Red","Plant/Fruit/Plant_Fruit_Berries_Red","Server/Item/Items/Plant/Fruit/Plant_Fruit_Berries_Red.json","1253","F592367061BA54A87BB4876A525F6F62F8B2BD0FBB8A04E90D3CD20290E9A29C"
"items","Plant_Fruit_Coconut","Plant/Fruit/Plant_Fruit_Coconut","Server/Item/Items/Plant/Fruit/Plant_Fruit_Coconut.json","1157","AA9F9DCF61093690E87570F5A138C7127D62E3039B97FE950FF3BFE94D0EC796"
"items","Plant_Fruit_Mango","Plant/Fruit/Plant_Fruit_Mango","Server/Item/Items/Plant/Fruit/Plant_Fruit_Mango.json","1496","032D6FF51D25DE4EB964900218FA475C286DE2C4628DD89B07EE7C46904D65CB"
"items","Plant_Fruit_Pinkberry","Plant/Fruit/Plant_Fruit_Pinkberry","Server/Item/Items/Plant/Fruit/Plant_Fruit_Pinkberry.json","1431","72244C5F320EAA17157982BA987B5C4EAFB4604D41C081A70C5C87F61D641341"
"items","Plant_Fruit_Poison","Plant/Fruit/Plant_Fruit_Poison","Server/Item/Items/Plant/Fruit/Plant_Fruit_Poison.json","1421","54CF04DD56B6CC0E3829BFF7BC956F3A452440C12A8C4201F39B01260DDD2EC5"
"items","Plant_Fruit_Spiral","Plant/Fruit/Plant_Fruit_Spiral","Server/Item/Items/Plant/Fruit/Plant_Fruit_Spiral.json","1414","6F5A0B9B8A5CE0359660654B8694A352FF258B658B43FBA2AB6E41C47054F549"
"items","Plant_Fruit_Windwillow","Plant/Fruit/Plant_Fruit_Windwillow","Server/Item/Items/Plant/Fruit/Plant_Fruit_Windwillow.json","1632","CCC57EAFE6FC55633AA06F0045F980F8469EF521DB20538157FABD02FF688F77"
"items","Template_Fruit","Plant/Fruit/Template_Fruit","Server/Item/Items/Plant/Fruit/Template_Fruit.json","2654","86839F7C921C0C2BF8F64F3C943488294A0560E3D0BDA38032A6D69CAA7684BD"
"items","Plant_Fern","Plant/Grass/Plant_Fern","Server/Item/Items/Plant/Grass/Plant_Fern.json","681","B060D5F6077EAB47C20777708B57201E322135029973FBB7DB8912A71336E455"
"items","Plant_Fern_Arid","Plant/Grass/Plant_Fern_Arid","Server/Item/Items/Plant/Grass/Plant_Fern_Arid.json","559","114CA3D79BA28E2E2CB867054A5587B3674276D16A40401DFA54E216C0887B47"
"items","Plant_Fern_Forest","Plant/Grass/Plant_Fern_Forest","Server/Item/Items/Plant/Grass/Plant_Fern_Forest.json","712","24D51D9F4FB3556FBC142227C0855A44C6250CB963B48356E191E07F506DD93D"
"items","Plant_Fern_Giant","Plant/Grass/Plant_Fern_Giant","Server/Item/Items/Plant/Grass/Plant_Fern_Giant.json","744","1256F240A1E4CDF76AEDE76473AD86C27D0DF95BF748423F49B70F3A554C8B12"
"items","Plant_Fern_Jungle","Plant/Grass/Plant_Fern_Jungle","Server/Item/Items/Plant/Grass/Plant_Fern_Jungle.json","758","B70BAC20CD0E8D0A6D52FAB1A0AA51FAF52BF151708ED38BDFDACAFEB00273E6"
"items","Plant_Fern_Jungle_Trunk","Plant/Grass/Plant_Fern_Jungle_Trunk","Server/Item/Items/Plant/Grass/Plant_Fern_Jungle_Trunk.json","570","03E2B8EDCFC40A53EA3A1B5C7FFC5AB58C68CAACEB33D4F38C3941CFDE78E299"
"items","Plant_Fern_Tall","Plant/Grass/Plant_Fern_Tall","Server/Item/Items/Plant/Grass/Plant_Fern_Tall.json","518","26815810061065470ED111FF327164BE4F7B9DC0152059AEDA36877DBBD6021E"
"items","Plant_Fern_Trunk","Plant/Grass/Plant_Fern_Trunk","Server/Item/Items/Plant/Grass/Plant_Fern_Trunk.json","808","9C1A85FAF7A5F9C5649B7E237DFB7DCFF95652EEA4437D244160647362361747"
"items","Plant_Fern_Wet","Plant/Grass/Plant_Fern_Wet","Server/Item/Items/Plant/Grass/Plant_Fern_Wet.json","710","73F5E657088B93CB3953BCA3A722BB00AD90450E92A90AE156FA005B2FFC5A39"
"items","Plant_Fern_Wet_Big","Plant/Grass/Plant_Fern_Wet_Big","Server/Item/Items/Plant/Grass/Plant_Fern_Wet_Big.json","495","051E57E06F6BDB62D6EF75DAE95C341602CEB7CA46A00E3E0096E1939C7CE053"
"items","Plant_Fern_Wet_Giant","Plant/Grass/Plant_Fern_Wet_Giant","Server/Item/Items/Plant/Grass/Plant_Fern_Wet_Giant.json","584","2DB07794D826965A011323272C091583A67C92E65762A380CD2433A01D3D72FD"
"items","Plant_Fern_Wet_Giant_Trunk","Plant/Grass/Plant_Fern_Wet_Giant_Trunk","Server/Item/Items/Plant/Grass/Plant_Fern_Wet_Giant_Trunk.json","578","BCF989AC580613E9F1DFABAEF9F5727B1E4A4A0642C53AB5DC809DCB3E94B338"
"items","Plant_Fern_Winter","Plant/Grass/Plant_Fern_Winter","Server/Item/Items/Plant/Grass/Plant_Fern_Winter.json","647","EB529696EEE4E79576A12D45F3988C39EE0064AEEE308127ABD1F2A92609D34F"
"items","Plant_Grass_Arid","Plant/Grass/Plant_Grass_Arid","Server/Item/Items/Plant/Grass/Plant_Grass_Arid.json","565","3B5A1EAA61851A089694CFE744FF2B4D781BD05B6636B37F5C9A5D441A0BFDF8"
"items","Plant_Grass_Arid_Short","Plant/Grass/Plant_Grass_Arid_Short","Server/Item/Items/Plant/Grass/Plant_Grass_Arid_Short.json","576","3B8D40EE6A2CDC52EBA8BC66BCFA537E0E91F5F565538DF4BCC3FD640A1D6880"
"items","Plant_Grass_Arid_Tall","Plant/Grass/Plant_Grass_Arid_Tall","Server/Item/Items/Plant/Grass/Plant_Grass_Arid_Tall.json","593","E575B15470079B960BCA07377C2961B4C91C11636EEAF4B6C0382FCCAC62CD85"
"items","Plant_Grass_Cave_Short","Plant/Grass/Plant_Grass_Cave_Short","Server/Item/Items/Plant/Grass/Plant_Grass_Cave_Short.json","862","26A152D64BC4A4FF08F1D6DA8204809EF3D6781F1001F37FF75CB60D165EEE78"
"items","Plant_Grass_Dry","Plant/Grass/Plant_Grass_Dry","Server/Item/Items/Plant/Grass/Plant_Grass_Dry.json","528","D830E1F3261210891835AA7C2137C7AB3F6FFC6859768538149BCB840A219295"
"items","Plant_Grass_Dry_Tall","Plant/Grass/Plant_Grass_Dry_Tall","Server/Item/Items/Plant/Grass/Plant_Grass_Dry_Tall.json","558","4C4A71F5AC833F85B18DE09082263AA10FBEA683BEEF5C3AF43B730CDEBF256B"
"items","Plant_Grass_Gnarled","Plant/Grass/Plant_Grass_Gnarled","Server/Item/Items/Plant/Grass/Plant_Grass_Gnarled.json","551","8E7418E84FF4B54FC81918F092C8A24BD36D86883BEC226C8EBD21AC7F05C2CD"
"items","Plant_Grass_Gnarled_Short","Plant/Grass/Plant_Grass_Gnarled_Short","Server/Item/Items/Plant/Grass/Plant_Grass_Gnarled_Short.json","734","E74A1EF5BBCE292E38614734D8F9B249231A5261BC756E35AF5418E86DBDDD67"
"items","Plant_Grass_Gnarled_Tall","Plant/Grass/Plant_Grass_Gnarled_Tall","Server/Item/Items/Plant/Grass/Plant_Grass_Gnarled_Tall.json","564","15216AEE01923C424A82F7913AE4D7991268042D75026C0C0B63F419360BCC71"
"items","Plant_Grass_Jungle","Plant/Grass/Plant_Grass_Jungle","Server/Item/Items/Plant/Grass/Plant_Grass_Jungle.json","564","D681BFEB13CA555EBE47AEBEFB887EFB793E497B6FC651AA42BB8AFB7A5E8088"
"items","Plant_Grass_Jungle_Short","Plant/Grass/Plant_Grass_Jungle_Short","Server/Item/Items/Plant/Grass/Plant_Grass_Jungle_Short.json","567","0B558CCA0C1B96C0F992582B939C723A84FCD99CC4259E8D6C04F43F7A6596FB"
"items","Plant_Grass_Jungle_Tall","Plant/Grass/Plant_Grass_Jungle_Tall","Server/Item/Items/Plant/Grass/Plant_Grass_Jungle_Tall.json","722","8CA0BC3FAD9D5E4818366CE7DE26AD87A31EED8AFBEBA9DBDDAD14A5276DC1B8"
"items","Plant_Grass_Lush","Plant/Grass/Plant_Grass_Lush","Server/Item/Items/Plant/Grass/Plant_Grass_Lush.json","1409","C97467A5936A43542E68628C5AB6A565FD0A4E3E9C5685C903AB39837C60A6AE"
"items","Plant_Grass_Lush_Short","Plant/Grass/Plant_Grass_Lush_Short","Server/Item/Items/Plant/Grass/Plant_Grass_Lush_Short.json","528","2DC9A6A9603460501CFCBA4B5E950BB2EA53CB3C7A617A6B156F3B4B9CD61EA3"
"items","Plant_Grass_Lush_Tall","Plant/Grass/Plant_Grass_Lush_Tall","Server/Item/Items/Plant/Grass/Plant_Grass_Lush_Tall.json","519","4009A75A4931C10CDD24788DFEEB0ED2AC52E28222A1B6CEB861A13CAD609B8C"
"items","Plant_Grass_Poisoned","Plant/Grass/Plant_Grass_Poisoned","Server/Item/Items/Plant/Grass/Plant_Grass_Poisoned.json","541","DA1BFB4D5802692A9BF3E6FCF4C06844BB2DD363AA4868E9CF9E94A01FB05289"
"items","Plant_Grass_Poisoned_Short","Plant/Grass/Plant_Grass_Poisoned_Short","Server/Item/Items/Plant/Grass/Plant_Grass_Poisoned_Short.json","550","6CE123B44B626589FE6DEE763C2045D1C20E9F4F0E1C35E1BEB63441D85EA32E"
"items","Plant_Grass_Rocky","Plant/Grass/Plant_Grass_Rocky","Server/Item/Items/Plant/Grass/Plant_Grass_Rocky.json","521","2C9A1AC6DE4D34EEAC03B1F36B4F35C5A10AC93968B8C84EB3C8FECC402B384F"
"items","Plant_Grass_Rocky_Short","Plant/Grass/Plant_Grass_Rocky_Short","Server/Item/Items/Plant/Grass/Plant_Grass_Rocky_Short.json","529","6C4D14044E81225692EDCAD82DA7942291E0D32044CA7A5CEEC99C76C8D49F59"
"items","Plant_Grass_Rocky_Tall","Plant/Grass/Plant_Grass_Rocky_Tall","Server/Item/Items/Plant/Grass/Plant_Grass_Rocky_Tall.json","538","B5FCB45C0184EBFC126BBD7042837ECFFD34AF1A1009E783465833CE7E9F6740"
"items","Plant_Grass_Sharp","Plant/Grass/Plant_Grass_Sharp","Server/Item/Items/Plant/Grass/Plant_Grass_Sharp.json","524","E5613FDFDAA6C7B79FF258F9446B9B75CD8634369D8392CCCA9F07B8C80788FB"
"items","Plant_Grass_Sharp_Overgrown","Plant/Grass/Plant_Grass_Sharp_Overgrown","Server/Item/Items/Plant/Grass/Plant_Grass_Sharp_Overgrown.json","570","A553061434DF63983FC592DECF071E95DFAF3654BABE04B16B0AC7786F2EE5CA"
"items","Plant_Grass_Sharp_Short","Plant/Grass/Plant_Grass_Sharp_Short","Server/Item/Items/Plant/Grass/Plant_Grass_Sharp_Short.json","544","8E00FB759874780801CCD52C1A16D4DB905364D7C4F0EB38480B96FBF97CAA95"
"items","Plant_Grass_Sharp_Tall","Plant/Grass/Plant_Grass_Sharp_Tall","Server/Item/Items/Plant/Grass/Plant_Grass_Sharp_Tall.json","529","4BE3AFA4DC31561F0104E9EBD8E6CC02AFB68EF2D6CC27D80F1C5E08F2DAB83B"
"items","Plant_Grass_Sharp_Wild","Plant/Grass/Plant_Grass_Sharp_Wild","Server/Item/Items/Plant/Grass/Plant_Grass_Sharp_Wild.json","541","D81B6519AF6A4608AFD4DE4641F2E0DBB35D504E9380EE3A0B5562EE38E29374"
"items","Plant_Grass_Snowy","Plant/Grass/Plant_Grass_Snowy","Server/Item/Items/Plant/Grass/Plant_Grass_Snowy.json","601","CDE34980C9320B02498508960D2FA9B73173FC769980F516D81FAA0F92F0A7AD"
"items","Plant_Grass_Snowy_Short","Plant/Grass/Plant_Grass_Snowy_Short","Server/Item/Items/Plant/Grass/Plant_Grass_Snowy_Short.json","576","96E267E583FEFB32A8F4478403183A23F966E400258753790B1D6AE1D98754D0"
"items","Plant_Grass_Snowy_Tall","Plant/Grass/Plant_Grass_Snowy_Tall","Server/Item/Items/Plant/Grass/Plant_Grass_Snowy_Tall.json","551","59F524DC781F9C847C21DA747EFA0B5C83B794DFC9107209E9E6FB8563D121F0"
"items","Plant_Grass_Wet","Plant/Grass/Plant_Grass_Wet","Server/Item/Items/Plant/Grass/Plant_Grass_Wet.json","515","79AAD00725D44DD701FBE049E4CE13E8C86108D515701C25D9C4588074959543"
"items","Plant_Grass_Wet_Overgrown","Plant/Grass/Plant_Grass_Wet_Overgrown","Server/Item/Items/Plant/Grass/Plant_Grass_Wet_Overgrown.json","524","568D230537A20D515A5622EA4CB0D045D9AB4346A887A29CC7F0F8CDACEFE43C"
"items","Plant_Grass_Wet_Short","Plant/Grass/Plant_Grass_Wet_Short","Server/Item/Items/Plant/Grass/Plant_Grass_Wet_Short.json","530","5C085C9DCB6EAFD47AEDC6637DCB27AC61BDBF885C0F746B0BF68066CF1FA3DC"
"items","Plant_Grass_Wet_Tall","Plant/Grass/Plant_Grass_Wet_Tall","Server/Item/Items/Plant/Grass/Plant_Grass_Wet_Tall.json","477","C67F425499FC6AD91B826F3BF7535B7CF433E4F9BC91C9EF980233812862AE63"
"items","Plant_Grass_Wet_Wild","Plant/Grass/Plant_Grass_Wet_Wild","Server/Item/Items/Plant/Grass/Plant_Grass_Wet_Wild.json","524","4F7A1DF3FB6AC1EDBDCE7C835A73F3E9A6DFF8F87433C28A6F9F54EC4B11A9D5"
"items","Plant_Grass_Winter","Plant/Grass/Plant_Grass_Winter","Server/Item/Items/Plant/Grass/Plant_Grass_Winter.json","523","288FDD6CF7A15BA4E36F943906AFCEA569E2454A57512E38D8801EDFE0E91D64"
"items","Plant_Grass_Winter_Short","Plant/Grass/Plant_Grass_Winter_Short","Server/Item/Items/Plant/Grass/Plant_Grass_Winter_Short.json","552","4F5D73DCBDCFC5ACD7C17A205DA71B969DF21688FE8E16478F1EB9770DCB29A0"
"items","Plant_Grass_Winter_Tall","Plant/Grass/Plant_Grass_Winter_Tall","Server/Item/Items/Plant/Grass/Plant_Grass_Winter_Tall.json","516","1ED43CAED6C631830DEEB2792E1102FCF00243523892C11B126171F652DE4D36"
"items","Plant_Leaves_Amber","Plant/Leaves/Plant_Leaves_Amber","Server/Item/Items/Plant/Leaves/Plant_Leaves_Amber.json","483","3275E0F8B240737F0C4257F4AD0977E105E3682F63881B36B618E436E8AE416A"
"items","Plant_Leaves_Apple","Plant/Leaves/Plant_Leaves_Apple","Server/Item/Items/Plant/Leaves/Plant_Leaves_Apple.json","632","4C1019E1FFD25978AEB63E32064C53141D7B31F7F9BFF9C77DB9FC938A018BFB"
"items","Plant_Leaves_Ash","Plant/Leaves/Plant_Leaves_Ash","Server/Item/Items/Plant/Leaves/Plant_Leaves_Ash.json","463","6BE6723878085AEC6E7C6336B6D5EAD7B0F4D4B3D20C6D5CA5BE4F6F10E988DB"
"items","Plant_Leaves_Aspen","Plant/Leaves/Plant_Leaves_Aspen","Server/Item/Items/Plant/Leaves/Plant_Leaves_Aspen.json","469","1CE1E04D71BAA4D07B7AABF4CF34457A8F5BCAA145EE36C00FF06F082FDD1553"
"items","Plant_Leaves_Autumn","Plant/Leaves/Plant_Leaves_Autumn","Server/Item/Items/Plant/Leaves/Plant_Leaves_Autumn.json","516","BCC01C2BB0DAC18309A487EF653BBBED0D2ABE4A57F10E75943FF41C3D4D2D57"
"items","Plant_Leaves_Autumn_Floor","Plant/Leaves/Plant_Leaves_Autumn_Floor","Server/Item/Items/Plant/Leaves/Plant_Leaves_Autumn_Floor.json","1472","B83236D5C5311556FDBDFDECA5492E14B633E9090DB1F65DE9D407AC85ED788A"
"items","Plant_Leaves_Azure","Plant/Leaves/Plant_Leaves_Azure","Server/Item/Items/Plant/Leaves/Plant_Leaves_Azure.json","469","86B7AAF244AE95CF79D50CEF00E24159355362EEF136D7973B030EB19BD59ECF"
"items","Plant_Leaves_Bamboo","Plant/Leaves/Plant_Leaves_Bamboo","Server/Item/Items/Plant/Leaves/Plant_Leaves_Bamboo.json","482","63C9E6E9C6782C9537932EEB4135586AB9254E1334A2872CE4F675B5A9FE46E0"
"items","Plant_Leaves_Banyan","Plant/Leaves/Plant_Leaves_Banyan","Server/Item/Items/Plant/Leaves/Plant_Leaves_Banyan.json","482","D021F5AF35897E40AAC6FAD13A888510C015F629395C2E19A2207AB9900570C1"
"items","Plant_Leaves_Beech","Plant/Leaves/Plant_Leaves_Beech","Server/Item/Items/Plant/Leaves/Plant_Leaves_Beech.json","469","31C9A6D233105DF486D73029C348B65E4688CECA9812D6D8C9D5EC0A12185BCD"
"items","Plant_Leaves_Birch","Plant/Leaves/Plant_Leaves_Birch","Server/Item/Items/Plant/Leaves/Plant_Leaves_Birch.json","469","669F1B9B901E791959B876E0CD7A5FC84371A11C0C7BA99F0CCB18767AA128A4"
"items","Plant_Leaves_Bottle","Plant/Leaves/Plant_Leaves_Bottle","Server/Item/Items/Plant/Leaves/Plant_Leaves_Bottle.json","486","3294BBCB4E61722116E9012E213C7F91ACE302AE89E5C7A9E050C121FD2F448E"
"items","Plant_Leaves_Bramble","Plant/Leaves/Plant_Leaves_Bramble","Server/Item/Items/Plant/Leaves/Plant_Leaves_Bramble.json","557","9506DA6065F9BEB663454F89C16D16662443FB4B7C28EAB2BBF93CAE1CC9CF93"
"items","Plant_Leaves_Burnt","Plant/Leaves/Plant_Leaves_Burnt","Server/Item/Items/Plant/Leaves/Plant_Leaves_Burnt.json","483","D2E51581F7EAD625AE20EA938C0DEC8F0767EFEDA3283DBF4B28DC81AAF4D606"
"items","Plant_Leaves_Camphor","Plant/Leaves/Plant_Leaves_Camphor","Server/Item/Items/Plant/Leaves/Plant_Leaves_Camphor.json","515","75A58F1F9DA748803A3A978003113CF8522F9CE168DC5FF021AD9BD41E670A46"
"items","Plant_Leaves_Cedar","Plant/Leaves/Plant_Leaves_Cedar","Server/Item/Items/Plant/Leaves/Plant_Leaves_Cedar.json","630","E884552E601797706A70A04A1E212F2E3B9720EA0AB1717724C59131AC877F03"
"items","Plant_Leaves_Crystal","Plant/Leaves/Plant_Leaves_Crystal","Server/Item/Items/Plant/Leaves/Plant_Leaves_Crystal.json","489","D72872279048980ECE08FF9C5D2B04772DE0244B7F1B9A4EDD74BA493F5044D4"
"items","Plant_Leaves_Dead","Plant/Leaves/Plant_Leaves_Dead","Server/Item/Items/Plant/Leaves/Plant_Leaves_Dead.json","480","1CECE672083DCFFA099A13E0A836F833F17FEC81D2153D1C47FF06DFCCF0826B"
"items","Plant_Leaves_Dry","Plant/Leaves/Plant_Leaves_Dry","Server/Item/Items/Plant/Leaves/Plant_Leaves_Dry.json","473","4FF9D97F6CC5BB154B348EEF1DE024F88D26E05B0CF62B25E849EC5E17023FB9"
"items","Plant_Leaves_Fig_Blue","Plant/Leaves/Plant_Leaves_Fig_Blue","Server/Item/Items/Plant/Leaves/Plant_Leaves_Fig_Blue.json","479","83A535764A8475F14F968DFA397252C9FEDAA6D67D51CA9DD6BC3CAAF50AE346"
"items","Plant_Leaves_Fir","Plant/Leaves/Plant_Leaves_Fir","Server/Item/Items/Plant/Leaves/Plant_Leaves_Fir.json","570","BEB4D42F0890BB2A8D92C04A0AD0E7BB394ED8C0B0B94D7368CFDCA52370DDD8"
"items","Plant_Leaves_Fir_Red","Plant/Leaves/Plant_Leaves_Fir_Red","Server/Item/Items/Plant/Leaves/Plant_Leaves_Fir_Red.json","519","0C62770158C7B2F5B46E7C458AE8B27C7BCC127A51EB817C750E7FCB8D863383"
"items","Plant_Leaves_Fir_Snow","Plant/Leaves/Plant_Leaves_Fir_Snow","Server/Item/Items/Plant/Leaves/Plant_Leaves_Fir_Snow.json","561","FC54F88ABD07B79EA7673AC627B421A5FB41D4F21A43B33B257A748385ED7D6A"
"items","Plant_Leaves_Fir_Tip","Plant/Leaves/Plant_Leaves_Fir_Tip","Server/Item/Items/Plant/Leaves/Plant_Leaves_Fir_Tip.json","525","F8E7E56619FD69E7931563A8007070C45161AFC3F7E562E937C611134E7C474C"
"items","Plant_Leaves_Fir_Tip_Snow","Plant/Leaves/Plant_Leaves_Fir_Tip_Snow","Server/Item/Items/Plant/Leaves/Plant_Leaves_Fir_Tip_Snow.json","541","F279B7522087A63D6D92F360F611074AB26B88F77FC333E91802D6524E8E5E4D"
"items","Plant_Leaves_Fire","Plant/Leaves/Plant_Leaves_Fire","Server/Item/Items/Plant/Leaves/Plant_Leaves_Fire.json","480","4BDDCE471FD5320B82E3391C728492D5A8481A5A5B8EFDD850B54CE784EC4E1A"
"items","Plant_Leaves_Frostwood","Plant/Leaves/Plant_Leaves_Frostwood","Server/Item/Items/Plant/Leaves/Plant_Leaves_Frostwood.json","666","69A575F3761F36B67A330AF981EE20A2579476A5910E89BE131F16C1A553F0EF"
"items","Plant_Leaves_Goldentree","Plant/Leaves/Plant_Leaves_Goldentree","Server/Item/Items/Plant/Leaves/Plant_Leaves_Goldentree.json","488","C32CF963153BFFD2CCD73FF1840F83F53A0D7F7A4A96D789D551936B2E379050"
"items","Plant_Leaves_Gumboab","Plant/Leaves/Plant_Leaves_Gumboab","Server/Item/Items/Plant/Leaves/Plant_Leaves_Gumboab.json","485","A9092A1CD2D4D4EF760264AF3C86E974CD3161F3A5C2E58023C0AEF8F9A52B2E"
"items","Plant_Leaves_Jungle","Plant/Leaves/Plant_Leaves_Jungle","Server/Item/Items/Plant/Leaves/Plant_Leaves_Jungle.json","505","5FBA29EBA84227476C7F0E57DA633732776FD311D95555F5BDDF6E0CF8F74867"
"items","Plant_Leaves_Jungle_Floor","Plant/Leaves/Plant_Leaves_Jungle_Floor","Server/Item/Items/Plant/Leaves/Plant_Leaves_Jungle_Floor.json","1529","2E57F61EC685A73EE22E163EAB020ED2855EB0791FC82D8A9EA21A8E8D2B46BD"
"items","Plant_Leaves_Maple","Plant/Leaves/Plant_Leaves_Maple","Server/Item/Items/Plant/Leaves/Plant_Leaves_Maple.json","476","61E5FA4E62C36623D4BAF06965C4C30B7A82CDC37BE855D17F3D60028CF76DB5"
"items","Plant_Leaves_Oak","Plant/Leaves/Plant_Leaves_Oak","Server/Item/Items/Plant/Leaves/Plant_Leaves_Oak.json","1702","C490765B2767C3BBD34E5B6A5CAA1BB566C8A3292B6C577C3B5C8E31BC952ABF"
"items","Plant_Leaves_Palm","Plant/Leaves/Plant_Leaves_Palm","Server/Item/Items/Plant/Leaves/Plant_Leaves_Palm.json","494","5D078CA7B753FC54A03B89D76FFE5EF1E1D9434A12D6D3529029C4155674E84F"
"items","Plant_Leaves_Palm_Arid","Plant/Leaves/Plant_Leaves_Palm_Arid","Server/Item/Items/Plant/Leaves/Plant_Leaves_Palm_Arid.json","794","5937309C3F7832A9FF5AE77AF3A6AF96A727AD1F60E81F593F6E43A1E6784171"
"items","Plant_Leaves_Palm_Oasis","Plant/Leaves/Plant_Leaves_Palm_Oasis","Server/Item/Items/Plant/Leaves/Plant_Leaves_Palm_Oasis.json","798","C1E871296BADF500A9EA26CED56FD794CF3C86F5B747240FB7D23B2824D99858"
"items","Plant_Leaves_Palo","Plant/Leaves/Plant_Leaves_Palo","Server/Item/Items/Plant/Leaves/Plant_Leaves_Palo.json","480","4374488EE486E5F64F884D62A3CA13BC00AC2FCE3F2A955C95827B66011F1D40"
"items","Plant_Leaves_Petrified","Plant/Leaves/Plant_Leaves_Petrified","Server/Item/Items/Plant/Leaves/Plant_Leaves_Petrified.json","525","B9B304221058F70314D690A9D1AC5EAB4D2C6F2EC546239C434AF7AC1DE990D5"
"items","Plant_Leaves_Poisoned","Plant/Leaves/Plant_Leaves_Poisoned","Server/Item/Items/Plant/Leaves/Plant_Leaves_Poisoned.json","492","847A04D176345D216CA47B7E9C4C9C2A9FAF4202AE714CF3CAA7D689F36CF118"
"items","Plant_Leaves_Poisoned_Floor","Plant/Leaves/Plant_Leaves_Poisoned_Floor","Server/Item/Items/Plant/Leaves/Plant_Leaves_Poisoned_Floor.json","1246","A3A60EA17C143B1977595FC57968E0E850836CE7F2FA4F742E7ADF72EFAB3B48"
"items","Plant_Leaves_Redwood","Plant/Leaves/Plant_Leaves_Redwood","Server/Item/Items/Plant/Leaves/Plant_Leaves_Redwood.json","489","EF56445107BD2C44245AA4D53A71158C7C6F3F1580F7F55B0F5E322073D63689"
"items","Plant_Leaves_Sallow","Plant/Leaves/Plant_Leaves_Sallow","Server/Item/Items/Plant/Leaves/Plant_Leaves_Sallow.json","512","666D071C99B2DC804E01AE973113F7F997EE6BA71D32F67ED59CAD0B00403C20"
"items","Plant_Leaves_Snow","Plant/Leaves/Plant_Leaves_Snow","Server/Item/Items/Plant/Leaves/Plant_Leaves_Snow.json","452","D7DD9C15693591EDBB6915859778A58CB364836911D9ADC687CFC71F3E99E4FE"
"items","Plant_Leaves_Spiral","Plant/Leaves/Plant_Leaves_Spiral","Server/Item/Items/Plant/Leaves/Plant_Leaves_Spiral.json","512","68972D59AB75C9A2363B284678780A6C9A4EE1E2C25815E957FB6722B4F41B72"
"items","Plant_Leaves_Stormbark","Plant/Leaves/Plant_Leaves_Stormbark","Server/Item/Items/Plant/Leaves/Plant_Leaves_Stormbark.json","527","EBBBBFE37946B43BBE03A8BF6E483EEB1E13C28D2EFE221DD93EDF452AF104BD"
"items","Plant_Leaves_Windwillow","Plant/Leaves/Plant_Leaves_Windwillow","Server/Item/Items/Plant/Leaves/Plant_Leaves_Windwillow.json","524","87EC33FC434F9C4EE101414AD0633D2342883BD698090F29409599B5FDAD2646"
"items","Plant_Leaves_Wisteria_Wild","Plant/Leaves/Plant_Leaves_Wisteria_Wild","Server/Item/Items/Plant/Leaves/Plant_Leaves_Wisteria_Wild.json","532","331AED037DE0D8CE932264F3878F3719A4F862BF854D6597EF77D7BB14350718"
"items","Plant_Moss_Block_Blue","Plant/Moss/Plant_Moss_Block_Blue","Server/Item/Items/Plant/Moss/Plant_Moss_Block_Blue.json","1207","A4740C784E57E039436BB45D749B55A4D64E30ABEA855A55166BF944EF932076"
"items","Plant_Moss_Block_Green","Plant/Moss/Plant_Moss_Block_Green","Server/Item/Items/Plant/Moss/Plant_Moss_Block_Green.json","1770","29DF7D8BEBE243ECD82EC3CE654D479E69C5062F626607800D2DEB509A6FE008"
"items","Plant_Moss_Block_Green_Dark","Plant/Moss/Plant_Moss_Block_Green_Dark","Server/Item/Items/Plant/Moss/Plant_Moss_Block_Green_Dark.json","1187","2EB2262C2E55878E25908B44D9136E7BEDEEA1D805DCAFEDAE17A9AE2E9D8195"
"items","Plant_Moss_Block_Red","Plant/Moss/Plant_Moss_Block_Red","Server/Item/Items/Plant/Moss/Plant_Moss_Block_Red.json","1156","F2C8D3A7BA299C9087644F547E7729A254F7A50FAEF6040DC487D083E26DFADE"
"items","Plant_Moss_Block_Yellow","Plant/Moss/Plant_Moss_Block_Yellow","Server/Item/Items/Plant/Moss/Plant_Moss_Block_Yellow.json","1171","79E5433776E8BB23453395892E3391E95416518127CAFC0BA9C17147D75CC3D9"
"items","Plant_Moss_Blue","Plant/Moss/Plant_Moss_Blue","Server/Item/Items/Plant/Moss/Plant_Moss_Blue.json","765","BF2E3CC3CBE878167685117238642A73512F655AE0E3CD7C2F81B2101418E822"
"items","Plant_Moss_Cave_Blue","Plant/Moss/Plant_Moss_Cave_Blue","Server/Item/Items/Plant/Moss/Plant_Moss_Cave_Blue.json","2244","A1347199B44519BADBCB31F5DBA94A1DDFEC7B25A2CB7D39A43E975C527C89B1"
"items","Plant_Moss_Cave_Green","Plant/Moss/Plant_Moss_Cave_Green","Server/Item/Items/Plant/Moss/Plant_Moss_Cave_Green.json","2204","1FC775FDA29D6A8BA5CF82201794E3235316DF88A9220A8209784B6D997DB3A0"
"items","Plant_Moss_Cave_Green_Dark","Plant/Moss/Plant_Moss_Cave_Green_Dark","Server/Item/Items/Plant/Moss/Plant_Moss_Cave_Green_Dark.json","2137","9EFC70F950B9DE0A26C04AD6DF3B4949218D5D500EEF54E5CDEB49CD477FC174"
"items","Plant_Moss_Cave_Red","Plant/Moss/Plant_Moss_Cave_Red","Server/Item/Items/Plant/Moss/Plant_Moss_Cave_Red.json","2196","048C27AD6121DD5FFCB23B971CF59264B8C8EAD3399E59FF29E77B354F91AAC9"
"items","Plant_Moss_Cave_Yellow","Plant/Moss/Plant_Moss_Cave_Yellow","Server/Item/Items/Plant/Moss/Plant_Moss_Cave_Yellow.json","2208","2059F697A9E4E2EB369641821117FC18803FD8D4D38482B31B97794E2308ADA9"
"items","Plant_Moss_Green","Plant/Moss/Plant_Moss_Green","Server/Item/Items/Plant/Moss/Plant_Moss_Green.json","943","36FB1F788A8AC9C99F40B816F99D7E1EE8A17C4CCF70B1BB6A6780D28AD07AC2"
"items","Plant_Moss_Green_Dark","Plant/Moss/Plant_Moss_Green_Dark","Server/Item/Items/Plant/Moss/Plant_Moss_Green_Dark.json","773","030C35566122F49FB60BD7C71D9959C8CA16DA8052C5D4AC3D93625C00650983"
"items","Plant_Moss_Red","Plant/Moss/Plant_Moss_Red","Server/Item/Items/Plant/Moss/Plant_Moss_Red.json","752","939D4982E4877C0E0D82A3163D063D576C39BF97E14DD7E48A995867FC4DD384"
"items","Plant_Moss_Rug_Blue","Plant/Moss/Plant_Moss_Rug_Blue","Server/Item/Items/Plant/Moss/Plant_Moss_Rug_Blue.json","1408","42BD081E8F82CFA49641DD9CE7E4743F112A469C4F97FA1C795ADDB488C8199F"
"items","Plant_Moss_Rug_Green","Plant/Moss/Plant_Moss_Rug_Green","Server/Item/Items/Plant/Moss/Plant_Moss_Rug_Green.json","2236","4521B0048C590CB4E17A7D2AAA9CA187B2E65C5A6D7477361F84EB0758FA1F22"
"items","Plant_Moss_Rug_Green_Dark","Plant/Moss/Plant_Moss_Rug_Green_Dark","Server/Item/Items/Plant/Moss/Plant_Moss_Rug_Green_Dark.json","1388","0281236557971E8E2686DF5B3F929D0FCF050FA9183DCBAFB0D0A2E93E99DBAB"
"items","Plant_Moss_Rug_Lime","Plant/Moss/Plant_Moss_Rug_Lime","Server/Item/Items/Plant/Moss/Plant_Moss_Rug_Lime.json","942","324510DF9049E6D52E5B560B10738A5A205C73CD89C56CB82A96311653347D0C"
"items","Plant_Moss_Rug_Pink","Plant/Moss/Plant_Moss_Rug_Pink","Server/Item/Items/Plant/Moss/Plant_Moss_Rug_Pink.json","530","BFBD78A0DDD1ED76B328F522D9FF79227E804EB1AC86C6F41CCF6E9B734C3B27"
"items","Plant_Moss_Rug_Red","Plant/Moss/Plant_Moss_Rug_Red","Server/Item/Items/Plant/Moss/Plant_Moss_Rug_Red.json","1360","BA40FA425376AF011238FC36CAE70AC21F30398815410B38475B0632EBB31F2D"
"items","Plant_Moss_Rug_Yellow","Plant/Moss/Plant_Moss_Rug_Yellow","Server/Item/Items/Plant/Moss/Plant_Moss_Rug_Yellow.json","1372","FD4FC3089915609B48DC3934326CE90C3C96BA0E93B30D885DBDF2150FFB896F"
"items","Plant_Moss_Short_Blue","Plant/Moss/Plant_Moss_Short_Blue","Server/Item/Items/Plant/Moss/Plant_Moss_Short_Blue.json","1245","DE10B99955B594FCDA63A68A2DE99C75591CE9735086909F3E6291624DEA38B8"
"items","Plant_Moss_Short_Green","Plant/Moss/Plant_Moss_Short_Green","Server/Item/Items/Plant/Moss/Plant_Moss_Short_Green.json","1199","FBD66A4031A4D77D95542C82680BB00196FBC2DC091CE52A3C74C0A6BAF3BC32"
"items","Plant_Moss_Short_Green_Dark","Plant/Moss/Plant_Moss_Short_Green_Dark","Server/Item/Items/Plant/Moss/Plant_Moss_Short_Green_Dark.json","1225","EAC9D79A453E4171EE343729F6A5E2FE9484E985640D897BEE2A6A0FB0055C6B"
"items","Plant_Moss_Short_Red","Plant/Moss/Plant_Moss_Short_Red","Server/Item/Items/Plant/Moss/Plant_Moss_Short_Red.json","1197","BACBFB6BC3136DB6F81007BE8EEB3EEDCB51D3DC739F1104BBEC47CC9BACF750"
"items","Plant_Moss_Short_Yellow","Plant/Moss/Plant_Moss_Short_Yellow","Server/Item/Items/Plant/Moss/Plant_Moss_Short_Yellow.json","1209","8158550458BD7B673F2519043190C192E7D39DA35F37E5BE3F5E97BCB1A17759"
"items","Plant_Moss_Wall_Blue","Plant/Moss/Plant_Moss_Wall_Blue","Server/Item/Items/Plant/Moss/Plant_Moss_Wall_Blue.json","979","55E9779C7D81950DD3A8ADE2BDA35611D902F9DE68A7E130362384A689CAF871"
"items","Plant_Moss_Wall_Green","Plant/Moss/Plant_Moss_Wall_Green","Server/Item/Items/Plant/Moss/Plant_Moss_Wall_Green.json","1276","3CF8F17440FA948A81CFC73F94EC8FC0D9EC5E86AC85149FE4CF93BF2C77D353"
"items","Plant_Moss_Wall_Green_Dark","Plant/Moss/Plant_Moss_Wall_Green_Dark","Server/Item/Items/Plant/Moss/Plant_Moss_Wall_Green_Dark.json","931","929E106048EA7907688985ADA1507D51182B3D45766D78EDF95B65CE9C2C3F32"
"items","Plant_Moss_Wall_Red","Plant/Moss/Plant_Moss_Wall_Red","Server/Item/Items/Plant/Moss/Plant_Moss_Wall_Red.json","1067","226913706F8B5F3CB455A8141EC8D4CAD152A890D66ACB62FF81BC058ADE1510"
"items","Plant_Moss_Wall_Yellow","Plant/Moss/Plant_Moss_Wall_Yellow","Server/Item/Items/Plant/Moss/Plant_Moss_Wall_Yellow.json","919","DC300428DB8E846BD36E3A8E3C28E4C08DDC7E979C2B671B115A5EFD833B95D9"
"items","Plant_Moss_Yellow","Plant/Moss/Plant_Moss_Yellow","Server/Item/Items/Plant/Moss/Plant_Moss_Yellow.json","727","EEF5D4EB3553FEC294677CE82D5E4315E03F3E3C25222F38496FF07C7E85031C"
"items","Plant_Petals_Azure","Plant/Petals/Plant_Petals_Azure","Server/Item/Items/Plant/Petals/Plant_Petals_Azure.json","745","955434A712960C5F9E091F228B179A91087E3417FFCD8EE890BE13A62B322D9A"
"items","Plant_Petals_Black","Plant/Petals/Plant_Petals_Black","Server/Item/Items/Plant/Petals/Plant_Petals_Black.json","1462","F89961CE013639A5C4A6C9E131E56EDE4F2208B1793B07D31A3C565E616AB2F0"
"items","Plant_Petals_Blood","Plant/Petals/Plant_Petals_Blood","Server/Item/Items/Plant/Petals/Plant_Petals_Blood.json","747","4AFBEE460ED9E49A0B8D7E71514429D0783787052F9D8E5246D2EA252D98A61D"
"items","Plant_Petals_Blue","Plant/Petals/Plant_Petals_Blue","Server/Item/Items/Plant/Petals/Plant_Petals_Blue.json","1089","71AAFEDE4715DC2D0B0C6963FCC4CC107C9EB86181696AFED36C9EDDF3C3140F"
"items","Plant_Petals_Cyan","Plant/Petals/Plant_Petals_Cyan","Server/Item/Items/Plant/Petals/Plant_Petals_Cyan.json","1088","F8406FE4CA9FD44F51E141AC5A59D98DE3952B4BC1557DACCCBDA66641AACA47"
"items","Plant_Petals_Green","Plant/Petals/Plant_Petals_Green","Server/Item/Items/Plant/Petals/Plant_Petals_Green.json","1084","EC68D11EF781CC7A91F8F6689A92DC647F2C88BC6DF8E226B66CFE7FF8ECFFE9"
"items","Plant_Petals_Orange","Plant/Petals/Plant_Petals_Orange","Server/Item/Items/Plant/Petals/Plant_Petals_Orange.json","1469","DF95512657ED5B8A938FABB11997017F52B47C466522568FC56BAED59F9755C4"
"items","Plant_Petals_Pink","Plant/Petals/Plant_Petals_Pink","Server/Item/Items/Plant/Petals/Plant_Petals_Pink.json","1079","3D2051A1479C636090E20F5EE27BB1EE1B3D98288F85955321BFFF73A9EE18A9"
"items","Plant_Petals_Purple","Plant/Petals/Plant_Petals_Purple","Server/Item/Items/Plant/Petals/Plant_Petals_Purple.json","1090","CB1D1D3C35E7A9FF95597791C650B5063C4D0715F6CE0AFEDE1AEFD0670213C8"
"items","Plant_Petals_Red","Plant/Petals/Plant_Petals_Red","Server/Item/Items/Plant/Petals/Plant_Petals_Red.json","1070","77B2605C1561365661E11BB4CFB6C1E9DB76A5BD6666144389DC2CD94C0C6164"
"items","Plant_Petals_Storm","Plant/Petals/Plant_Petals_Storm","Server/Item/Items/Plant/Petals/Plant_Petals_Storm.json","748","57D66E7F952C9064C670ECA2FB1103D4EBFC002D54192A3E8386AAC0D2F17DB0"
"items","Plant_Petals_White","Plant/Petals/Plant_Petals_White","Server/Item/Items/Plant/Petals/Plant_Petals_White.json","1781","B16DAC44DDB308D9D4E53FE16748EAB3AB4891FA1592FA2076089A4C53685375"
"items","Plant_Petals_Yellow","Plant/Petals/Plant_Petals_Yellow","Server/Item/Items/Plant/Petals/Plant_Petals_Yellow.json","667","47CE8D9F89EF583E4B8595F7060200110D08E1A4641255CFE78583E82DF39F3F"
"items","Plant_Barnacles","Plant/Plant_Barnacles","Server/Item/Items/Plant/Plant_Barnacles.json","1267","47B1599448A6FF18FB05C622845CF022411E547A5ADE9D1D8E31CBF4C831B6DC"
"items","Plant_Bramble_Dead_Lavathorn","Plant/Plant_Bramble_Dead_Lavathorn","Server/Item/Items/Plant/Plant_Bramble_Dead_Lavathorn.json","942","055F1C536208B4D17AE9792E67BA2284E9249C7CE3D0CAC4D70B4E0C182595A2"
"items","Plant_Bramble_Dead_Twisted","Plant/Plant_Bramble_Dead_Twisted","Server/Item/Items/Plant/Plant_Bramble_Dead_Twisted.json","799","BE9F89C9148205F38A1CDE25FD3211993D595AE36F559E250823DA3E267B5757"
"items","Plant_Bramble_Dry_Magic","Plant/Plant_Bramble_Dry_Magic","Server/Item/Items/Plant/Plant_Bramble_Dry_Magic.json","798","91198D746AD90C1744472F45A317A8ACDA66D73D3A36A3AD5ECA63C206F1E482"
"items","Plant_Bramble_Dry_Sandthorn","Plant/Plant_Bramble_Dry_Sandthorn","Server/Item/Items/Plant/Plant_Bramble_Dry_Sandthorn.json","814","FEF6AA948A4781D2741B07ABFCB2ED9910CF6F1EC81D60071DC56EB595BDE855"
"items","Plant_Bramble_Dry_Twisted","Plant/Plant_Bramble_Dry_Twisted","Server/Item/Items/Plant/Plant_Bramble_Dry_Twisted.json","889","1F66F8E03ABBBD8A2F2FB2D8D83175E42D3432BBE8FCFF7F15D1A2DBB8FA886B"
"items","Plant_Bramble_Moss_Twisted","Plant/Plant_Bramble_Moss_Twisted","Server/Item/Items/Plant/Plant_Bramble_Moss_Twisted.json","1653","EE8DADD2F38B988A5B2B042119D520A284C1392AF179236DAF0859876600EA87"
"items","Plant_Bramble_Winter","Plant/Plant_Bramble_Winter","Server/Item/Items/Plant/Plant_Bramble_Winter.json","762","7CB0FE110D3F3AA6E185B15307E7DE40B3C2ECDA0837C96940326E3AFB8D0499"
"items","Plant_Coral_Block_Dead","Plant/Plant_Coral_Block_Dead","Server/Item/Items/Plant/Plant_Coral_Block_Dead.json","950","E257CA671DFA22D7F28E96C251ED36F15CFBFA1B4DB66A32BF33029BF63C7F19"
"items","Plant_Coral_Block_Dead_Half","Plant/Plant_Coral_Block_Dead_Half","Server/Item/Items/Plant/Plant_Coral_Block_Dead_Half.json","1905","A3014EB155AFA7C57840F0EE34652DBF892C5C07D87FDA6C17D63064A040EDC6"
"items","Plant_Coral_Block_Dead2","Plant/Plant_Coral_Block_Dead2","Server/Item/Items/Plant/Plant_Coral_Block_Dead2.json","953","AF34F03C45FC22DB065A3FAE4CB8FD0179F7015C2395CFECEDB7B81C7BC2DAE6"
"items","Plant_Coral_Block_Dead2_Half","Plant/Plant_Coral_Block_Dead2_Half","Server/Item/Items/Plant/Plant_Coral_Block_Dead2_Half.json","2433","A9F56D91473AC94D9D10C6EF80FD5D77CF1FC84373BED73FAA16EF5DA690C08B"
"items","Plant_Coral_Bush_Dead","Plant/Plant_Coral_Bush_Dead","Server/Item/Items/Plant/Plant_Coral_Bush_Dead.json","1214","076084467EF0BB7961743A3B9F063E0AB8973FF821064111B79DB8EB19989E3E"
"items","Plant_Coral_Bush_Dead2","Plant/Plant_Coral_Bush_Dead2","Server/Item/Items/Plant/Plant_Coral_Bush_Dead2.json","1212","964BA3760FDCA51CD6AC0FF0020CB561B0CE679BDB28A80889400815D7065198"
"items","Plant_Coral_Bush_Dead3","Plant/Plant_Coral_Bush_Dead3","Server/Item/Items/Plant/Plant_Coral_Bush_Dead3.json","1213","E188960B54038CCCA6A3A0EE97278CCFB81500BF2CA0FBE0D6F8B4E57D1A4786"
"items","Plant_Coral_Giant_Dead","Plant/Plant_Coral_Giant_Dead","Server/Item/Items/Plant/Plant_Coral_Giant_Dead.json","1239","8A7E0E409B97F631961BAA5F62EBFCA2C2C79A6C7115609114A935420A1896EC"
"items","Plant_Coral_Giant_Dead2","Plant/Plant_Coral_Giant_Dead2","Server/Item/Items/Plant/Plant_Coral_Giant_Dead2.json","1329","6380A67D4C785DC8D8E5EE82B7F41B33DA540AE78AB5BF834F8D519159A26146"
"items","Plant_Coral_Model_Dead","Plant/Plant_Coral_Model_Dead","Server/Item/Items/Plant/Plant_Coral_Model_Dead.json","1289","54C1BCF150DDCF7DF6F19256FD09BC6D04A25C4D3AE8E79203131833B4B30E8B"
"items","Plant_Coral_Model_Dead2","Plant/Plant_Coral_Model_Dead2","Server/Item/Items/Plant/Plant_Coral_Model_Dead2.json","1286","D90106A6673F522D86693FC79918CF2A9A923B085F2F042D43847CFF6876C47E"
"items","Plant_Coral_Model_Dead3","Plant/Plant_Coral_Model_Dead3","Server/Item/Items/Plant/Plant_Coral_Model_Dead3.json","1163","A1B9351E5E44C0D81B8F66F27F881AC9C00C9CE062F853B700257BF01A078B75"
"items","Plant_Coral_Model_Dead4","Plant/Plant_Coral_Model_Dead4","Server/Item/Items/Plant/Plant_Coral_Model_Dead4.json","1255","92DD82FB646CD066DD2B695AD77A28B0B366063F6006BC1E79F6D6CAABFAD45B"
"items","Plant_Coral_Model_Dead5","Plant/Plant_Coral_Model_Dead5","Server/Item/Items/Plant/Plant_Coral_Model_Dead5.json","1242","1DD7B9BC2A8CBC1899BCE9874E10DF65EC3C4288EB05D9E07D757D4C846026E1"
"items","Plant_Coral_Model_Dead6","Plant/Plant_Coral_Model_Dead6","Server/Item/Items/Plant/Plant_Coral_Model_Dead6.json","1254","D6BB49C7854AF2D9D77EDD7019584F3496FC9471FCA4A1A09ACE698181C16453"
"items","Plant_Coral_Model_Dead7","Plant/Plant_Coral_Model_Dead7","Server/Item/Items/Plant/Plant_Coral_Model_Dead7.json","1304","EBF66FB489CCBA0BD2C566F204FB966ECBF464BA3CCFD9FBE80BEC7A15CEC486"
"items","Plant_Hay_Bundle","Plant/Plant_Hay_Bundle","Server/Item/Items/Plant/Plant_Hay_Bundle.json","1178","218B4593F6A523DDA1023B5D4135493875A09899C68FD9CB3194579CEA027156"
"items","Plant_Lavender_Block","Plant/Plant_Lavender_Block","Server/Item/Items/Plant/Plant_Lavender_Block.json","1948","BD7FF259BD5C33AC9415953445755BCBB59D5D5954CAD68FDDA771AE7B7F4BD9"
"items","Plant_Lavender_Stage_0","Plant/Plant_Lavender_Stage_0","Server/Item/Items/Plant/Plant_Lavender_Stage_0.json","1916","B37930F8E039AB72EDD4873CED1E5A9C22B09C57D80F2483A4653CC993D1C570"
"items","Plant_Roots_Cave","Plant/Plant_Roots_Cave","Server/Item/Items/Plant/Plant_Roots_Cave.json","1610","9F761E2866D3D123C7DB5141AFB3C009C65DF97B201A04C12FBEC51A45EB0AA3"
"items","Plant_Roots_Cave_Small","Plant/Plant_Roots_Cave_Small","Server/Item/Items/Plant/Plant_Roots_Cave_Small.json","1320","BE864744D564EAFF3DCFA07E4030D7DBEA21C1CEA06FDF28711FC1041465B993"
"items","Plant_Roots_Leafy","Plant/Plant_Roots_Leafy","Server/Item/Items/Plant/Plant_Roots_Leafy.json","1416","3219D55F4F0DB85D2A9B1632530D1F1A62B28E7D90557A33E99624202D6FD24A"
"items","Plant_Sapling_Amber","Plant/Plant_Sapling_Amber","Server/Item/Items/Plant/Plant_Sapling_Amber.json","4156","1A4E16F00E1D60EA5E3CFAF06370F65516052D9DBB522FAED40A9F608FC9E2D0"
"items","Plant_Sapling_Apple","Plant/Plant_Sapling_Apple","Server/Item/Items/Plant/Plant_Sapling_Apple.json","4201","63F211C89FD682AA3B014B45E9E8EF05533EEC9464DEE0834D7C40F3ADCA5659"
"items","Plant_Sapling_Ash","Plant/Plant_Sapling_Ash","Server/Item/Items/Plant/Plant_Sapling_Ash.json","3793","628B1FBCB322F82494B7D956F8A232567A402B860FE257A291FBE101F384E241"
"items","Plant_Sapling_Aspen","Plant/Plant_Sapling_Aspen","Server/Item/Items/Plant/Plant_Sapling_Aspen.json","8835","7B1EC8AF843917B5BA9FE8F2226D5C9D389D1778894469FFC79A9738BE02F8D6"
"items","Plant_Sapling_Azure","Plant/Plant_Sapling_Azure","Server/Item/Items/Plant/Plant_Sapling_Azure.json","4154","A1C1162480926A652A143C5639264DE29E8F23CAFA8782124988103581DE9EFF"
"items","Plant_Sapling_Bamboo","Plant/Plant_Sapling_Bamboo","Server/Item/Items/Plant/Plant_Sapling_Bamboo.json","8062","71FBA9DB1A7F99328BB19152607FB5C7F50DA576574F2858CA9AC178FB9626FF"
"items","Plant_Sapling_Banyan","Plant/Plant_Sapling_Banyan","Server/Item/Items/Plant/Plant_Sapling_Banyan.json","4312","FB878985166781C52E256762F06FC7B0D7A8831E34CF292C3E846DE55709DCD3"
"items","Plant_Sapling_Beech","Plant/Plant_Sapling_Beech","Server/Item/Items/Plant/Plant_Sapling_Beech.json","8207","68C6F8BEE868745D149D865004CCAFFEF635D536C7796D46AB9692479FCBA6F0"
"items","Plant_Sapling_Birch","Plant/Plant_Sapling_Birch","Server/Item/Items/Plant/Plant_Sapling_Birch.json","8093","795B154791BC32548779FC40D3782A7F517FC17BCEE14820A0DE2A848AF70D60"
"items","Plant_Sapling_Bottletree","Plant/Plant_Sapling_Bottletree","Server/Item/Items/Plant/Plant_Sapling_Bottletree.json","4165","E3E6DA9A68B216847EE29F2D28F11F8890616DCF22EC345A3852EC812F6F88EA"
"items","Plant_Sapling_Camphor","Plant/Plant_Sapling_Camphor","Server/Item/Items/Plant/Plant_Sapling_Camphor.json","4186","AF1D8B8E88B17D904EFD99D5D1BE929323D3154ED4633974F23D3B00337E33EA"
"items","Plant_Sapling_Cedar","Plant/Plant_Sapling_Cedar","Server/Item/Items/Plant/Plant_Sapling_Cedar.json","4546","4B65052A77F3F5B732C64EBB34804FB033D625EEE780538E6F09A4A339ABE181"
"items","Plant_Sapling_Crystal","Plant/Plant_Sapling_Crystal","Server/Item/Items/Plant/Plant_Sapling_Crystal.json","3413","512477FC4313FA825A6E0BCC4192E8ED31F40826F8EE529A40CB024F0201F0F4"
"items","Plant_Sapling_Dry","Plant/Plant_Sapling_Dry","Server/Item/Items/Plant/Plant_Sapling_Dry.json","3828","E41E7297ED0EC0E291FA976C61731E0E7AED9008D3873A328CF024A0268890B5"
"items","Plant_Sapling_Fig_Blue","Plant/Plant_Sapling_Fig_Blue","Server/Item/Items/Plant/Plant_Sapling_Fig_Blue.json","4493","B541132FBD9F368CD8224A457442711310F0EA20701A4AB448D85E1B897341D1"
"items","Plant_Sapling_Fire","Plant/Plant_Sapling_Fire","Server/Item/Items/Plant/Plant_Sapling_Fire.json","4224","0D679A5F2463AA740E0110EDCC3F74EBD5B7D96772957B63ACADEBB0E7A66C21"
"items","Plant_Sapling_Gumboab","Plant/Plant_Sapling_Gumboab","Server/Item/Items/Plant/Plant_Sapling_Gumboab.json","4156","A4484DE842E2A29F6C9F3A9B9780B62161CCBABDAE1807257AD0121393DFB021"
"items","Plant_Sapling_Ice","Plant/Plant_Sapling_Ice","Server/Item/Items/Plant/Plant_Sapling_Ice.json","4189","D3E0AB54392A0F05D45B180D628C7D975676E848F5AA191FE1AE0E2016462549"
"items","Plant_Sapling_Jungle","Plant/Plant_Sapling_Jungle","Server/Item/Items/Plant/Plant_Sapling_Jungle.json","4720","0B1D76AC97073203CFEC1895E722A596B0F3289F604405E7DC93B9F486109EE9"
"items","Plant_Sapling_Maple","Plant/Plant_Sapling_Maple","Server/Item/Items/Plant/Plant_Sapling_Maple.json","4428","2C48704C533515C4D0194C15B88A4FAC8F9AC2115730C30D6E727C9ABA2FEA91"
"items","Plant_Sapling_Oak","Plant/Plant_Sapling_Oak","Server/Item/Items/Plant/Plant_Sapling_Oak.json","11247","9E65776B1CA8586F141ACA8D72C5E9488A25EBAB89E7A43CA3E3A6B9BF83E525"
"items","Plant_Sapling_Palm","Plant/Plant_Sapling_Palm","Server/Item/Items/Plant/Plant_Sapling_Palm.json","5329","C881710D78D0B6D445991425BD317F43E49185B912C74C9DC61AD984C2F8FFFD"
"items","Plant_Sapling_Palo","Plant/Plant_Sapling_Palo","Server/Item/Items/Plant/Plant_Sapling_Palo.json","4138","D9EA3CD7156CD79080596EC4FEE0E26B5BF8E10BB652210E2C63B373F3D46961"
"items","Plant_Sapling_Petrified","Plant/Plant_Sapling_Petrified","Server/Item/Items/Plant/Plant_Sapling_Petrified.json","4224","F1858F2C7C4A4CF7A0A147C914F7FAC2FBF6ED7E8BAECD63E986AF9C64E5D06C"
"items","Plant_Sapling_Poisoned","Plant/Plant_Sapling_Poisoned","Server/Item/Items/Plant/Plant_Sapling_Poisoned.json","3610","BA1C3839FBC613FF5D623B2299960A0122775EDD290ACD64E13EEAFBB0C3DA1A"
"items","Plant_Sapling_Redwood","Plant/Plant_Sapling_Redwood","Server/Item/Items/Plant/Plant_Sapling_Redwood.json","3891","F371B4553A8E27083923A212EF3F73238E378D9BC1F3436F147A5531B92F4CF2"
"items","Plant_Sapling_Sallow","Plant/Plant_Sapling_Sallow","Server/Item/Items/Plant/Plant_Sapling_Sallow.json","4170","7A19B57275347A4819B873BC8EA0551747989AB239508F55C3F5B268B558D0D5"
"items","Plant_Sapling_Spiral","Plant/Plant_Sapling_Spiral","Server/Item/Items/Plant/Plant_Sapling_Spiral.json","4170","A903BF89709654DD70FA6F3D6189E46DC0ED5544004E6998F22DD07BA4333F2B"
"items","Plant_Sapling_Spruce","Plant/Plant_Sapling_Spruce","Server/Item/Items/Plant/Plant_Sapling_Spruce.json","3859","1602338DFBCBED772C7FBD93ADC0127B85CCC902C8A884299A77D5FBE073B407"
"items","Plant_Sapling_Spruce_Frozen","Plant/Plant_Sapling_Spruce_Frozen","Server/Item/Items/Plant/Plant_Sapling_Spruce_Frozen.json","10743","6B6659246B0F2A4B63EE933AC882892B2528DFD912409FEC103AC2BD97C93A3C"
"items","Plant_Sapling_Stormbark","Plant/Plant_Sapling_Stormbark","Server/Item/Items/Plant/Plant_Sapling_Stormbark.json","4188","4B29036AA0607C36B50DD788DE9D2343931B4747D355F35280735D87DB1789A5"
"items","Plant_Sapling_Windwillow","Plant/Plant_Sapling_Windwillow","Server/Item/Items/Plant/Plant_Sapling_Windwillow.json","4029","E8FEDD353345384F63FBC13DA500242736100D323B637CC0056FDC7FFAD8BC2D"
"items","Plant_Sapling_Wisteria_Wild","Plant/Plant_Sapling_Wisteria_Wild","Server/Item/Items/Plant/Plant_Sapling_Wisteria_Wild.json","4232","4AB7D788FD55CA96D6DBF907870FF6AD1D43CDD638BAE74C537E268CB219354F"
"items","Plant_Seeds_Amber","Plant/Plant_Seeds_Amber","Server/Item/Items/Plant/Plant_Seeds_Amber.json","568","94642639892C7C7DCC5FA2229662C1C6F09F8F67F5029894195A22EF186E6F33"
"items","Plant_Seeds_Apple","Plant/Plant_Seeds_Apple","Server/Item/Items/Plant/Plant_Seeds_Apple.json","589","8A222C5B29E4D1994F75EEE07425BFF6511735056F6E2F7C491A5F0FF15315F1"
"items","Plant_Seeds_Ash","Plant/Plant_Seeds_Ash","Server/Item/Items/Plant/Plant_Seeds_Ash.json","560","525D8F558FC73288CF68253D4121D4B0DEE58C421618B0274284363F6B4042AA"
"items","Plant_Seeds_Aspen","Plant/Plant_Seeds_Aspen","Server/Item/Items/Plant/Plant_Seeds_Aspen.json","568","F4E7A1AA068BAD6534D86DAE21E4C61F48216E4AF73A475F074576838226FAA8"
"items","Plant_Seeds_Azure","Plant/Plant_Seeds_Azure","Server/Item/Items/Plant/Plant_Seeds_Azure.json","568","674F32A14DBC763539BB4E5E0C108F4751CB54871148AB618BF3AAA44FCBB9F8"
"items","Plant_Seeds_Bamboo","Plant/Plant_Seeds_Bamboo","Server/Item/Items/Plant/Plant_Seeds_Bamboo.json","572","C56E9F107D896F456183D6001BCFC70C528411D01F1E5C38CAEAE1D0DEBF7E1F"
"items","Plant_Seeds_Banyan","Plant/Plant_Seeds_Banyan","Server/Item/Items/Plant/Plant_Seeds_Banyan.json","572","346AD6D0E7EF950E33C6D01E911B7D7808A8509C0B9FB5B81810E0C5E359A2E6"
"items","Plant_Seeds_Beans_Purple","Plant/Plant_Seeds_Beans_Purple","Server/Item/Items/Plant/Plant_Seeds_Beans_Purple.json","339","11B99B5F690F80A230FF694383F41C3863AB64EB81476B8577DD53D5F4CFB0F9"
"items","Plant_Seeds_Beech","Plant/Plant_Seeds_Beech","Server/Item/Items/Plant/Plant_Seeds_Beech.json","568","B0A54F236E8427A610AAAFAE0CF1ADF326A433F5B1B71B0C06E814749BE173E2"
"items","Plant_Seeds_Birch","Plant/Plant_Seeds_Birch","Server/Item/Items/Plant/Plant_Seeds_Birch.json","568","CB6CB86A558FB259017E9DA2533CF21CC87959F5871FD09E1D025064BE0183B9"
"items","Plant_Seeds_Bottletree","Plant/Plant_Seeds_Bottletree","Server/Item/Items/Plant/Plant_Seeds_Bottletree.json","584","764DA821F67DB63D19B2294BF018DD36501C4ED8B374750A21CDE89D3E118427"
"items","Plant_Seeds_Camphor","Plant/Plant_Seeds_Camphor","Server/Item/Items/Plant/Plant_Seeds_Camphor.json","576","2DA41C49B7F325920E8E8E2AAAB4F1C6676D62BA85993AA94DEB2F77C00EB4C5"
"items","Plant_Seeds_Cedar","Plant/Plant_Seeds_Cedar","Server/Item/Items/Plant/Plant_Seeds_Cedar.json","568","8DAA1FA39D06CD4085887D4DCD418BAA843CD253D0BB472305A32D2FF930A3DF"
"items","Plant_Seeds_Crystal","Plant/Plant_Seeds_Crystal","Server/Item/Items/Plant/Plant_Seeds_Crystal.json","576","7262721B8E3BB5DC892D2E8ADA9889B767B90DAF357133FF9AEA4FA3D86A386E"
"items","Plant_Seeds_Dry","Plant/Plant_Seeds_Dry","Server/Item/Items/Plant/Plant_Seeds_Dry.json","560","50A230E4B98BAE33B31ECDE820F0AA3D183BDA76087C05671F78EB1C0D39A97E"
"items","Plant_Seeds_Fig_Blue","Plant/Plant_Seeds_Fig_Blue","Server/Item/Items/Plant/Plant_Seeds_Fig_Blue.json","580","9C23E66C74F5AE8AEB3E73186F2E0B3F46AA596D56908AEBA16848D171D0771C"
"items","Plant_Seeds_Fir","Plant/Plant_Seeds_Fir","Server/Item/Items/Plant/Plant_Seeds_Fir.json","563","1649F8E7B6F2F1CFBB36143EB18470C32A587A8BFC035227EEE4D8A0F2892B11"
"items","Plant_Seeds_Fire","Plant/Plant_Seeds_Fire","Server/Item/Items/Plant/Plant_Seeds_Fire.json","564","07733326C9FFBC3E81536E93AB9AFA17C6AF6A32006EF952060DBDDD26629DDC"
"items","Plant_Seeds_Frostwood","Plant/Plant_Seeds_Frostwood","Server/Item/Items/Plant/Plant_Seeds_Frostwood.json","578","32785A2DAB6574108E4CDD2C1C59054298B2231885909550891346D7E0FA00F8"
"items","Plant_Seeds_Gumboab","Plant/Plant_Seeds_Gumboab","Server/Item/Items/Plant/Plant_Seeds_Gumboab.json","576","D215C4DA014D4A0BC7468415B8A42A4E3A28D0D69BB5DE0B185402384B9093C6"
"items","Plant_Seeds_Jungle","Plant/Plant_Seeds_Jungle","Server/Item/Items/Plant/Plant_Seeds_Jungle.json","572","077652F86A1B3156D8E314B83C2244316864CC76135DC19FF9BB6403272355CC"
"items","Plant_Seeds_Maple","Plant/Plant_Seeds_Maple","Server/Item/Items/Plant/Plant_Seeds_Maple.json","589","72F2CA68E236C745E5E37DC2696B63F197B87D7E6293542BDD7A85C32A4356C6"
"items","Plant_Seeds_Oak","Plant/Plant_Seeds_Oak","Server/Item/Items/Plant/Plant_Seeds_Oak.json","959","E9ED1D655BEA1F847CF73A478E393E96396D5BB50D0357F31C972940D8988B2A"
"items","Plant_Seeds_Palm","Plant/Plant_Seeds_Palm","Server/Item/Items/Plant/Plant_Seeds_Palm.json","564","7931D2D9A2D6D6ED9A79EA6347339ADDF032FF152FF12C597CA7E3EBB6BB29DD"
"items","Plant_Seeds_Palo","Plant/Plant_Seeds_Palo","Server/Item/Items/Plant/Plant_Seeds_Palo.json","564","2B7C1A1104F10541E0AC5650EAAC5744B19B372919FD9E3C4DC2EAAB71F2B853"
"items","Plant_Seeds_Petrified","Plant/Plant_Seeds_Petrified","Server/Item/Items/Plant/Plant_Seeds_Petrified.json","584","EADF337DABB7DCDB7473B6E31BACB1DEEB438B9893C3E9CAF676544FBEFD2BBE"
"items","Plant_Seeds_Pine","Plant/Plant_Seeds_Pine","Server/Item/Items/Plant/Plant_Seeds_Pine.json","1213","191646286562AC6E5717C4678EA6AEE1A9920CAE9785861DF78DFDC4907116D0"
"items","Plant_Seeds_Poisoned","Plant/Plant_Seeds_Poisoned","Server/Item/Items/Plant/Plant_Seeds_Poisoned.json","580","57E1B6160A981416B2E52237FEB59276B436AB513CEE1D84619C3C8E709A5B73"
"items","Plant_Seeds_Redwood","Plant/Plant_Seeds_Redwood","Server/Item/Items/Plant/Plant_Seeds_Redwood.json","576","BA0623401B5457D8742F022C27B3372ABAEB9E710ED194126F8B09F3EED6591C"
"items","Plant_Seeds_Sallow","Plant/Plant_Seeds_Sallow","Server/Item/Items/Plant/Plant_Seeds_Sallow.json","572","BF6CD8648727079871C8219DD4593D2AFD4F21243669F14F823835E5446D4BF5"
"items","Plant_Seeds_Spiral","Plant/Plant_Seeds_Spiral","Server/Item/Items/Plant/Plant_Seeds_Spiral.json","572","A7D3349C6185C9DBECE8E27539DE4DFFFE0B74E3F0C134E78F734423A2C81D15"
"items","Plant_Seeds_Stormbark","Plant/Plant_Seeds_Stormbark","Server/Item/Items/Plant/Plant_Seeds_Stormbark.json","584","62243C7A3B545490D186E8B2F96D095ADD218D15F67116CE29E9F04B0F672D90"
"items","Plant_Seeds_Sunflower","Plant/Plant_Seeds_Sunflower","Server/Item/Items/Plant/Plant_Seeds_Sunflower.json","1182","5E3C3834D7F5FFDB776BDBDE5CA570939A186DF84DA76D9E427844F4C063DCE8"
"items","Plant_Seeds_Willow","Plant/Plant_Seeds_Willow","Server/Item/Items/Plant/Plant_Seeds_Willow.json","580","47EF5CCD46A21A75BFF6A63EBF9AC90669A756E93D852673787017E8238930F4"
"items","Plant_Seeds_Wisteria_Wild","Plant/Plant_Seeds_Wisteria_Wild","Server/Item/Items/Plant/Plant_Seeds_Wisteria_Wild.json","595","80500599AA8DD6FF6E4B2A9F8DDB650A132DD3070203948214DB250373744E81"
"items","Plant_Sunflower_Block","Plant/Plant_Sunflower_Block","Server/Item/Items/Plant/Plant_Sunflower_Block.json","1920","492A08FA851AD4719F5F232F048E4714425070CA64B40BB515F1DFFD96E438BF"
"items","Plant_Sunflower_Stage_0","Plant/Plant_Sunflower_Stage_0","Server/Item/Items/Plant/Plant_Sunflower_Stage_0.json","1889","32609A547FA2AF9ECC3DA9C16F4CD3E09ADD63117195CB19F825FA11BF5683DA"
"items","Plant_Vine","Plant/Plant_Vine","Server/Item/Items/Plant/Plant_Vine.json","1762","8CC35B048BE72AC465422B0E8A9FE04985C0AC61D4FEBEDD786E58BFE692C06C"
"items","Plant_Vine_Green_Hanging","Plant/Plant_Vine_Green_Hanging","Server/Item/Items/Plant/Plant_Vine_Green_Hanging.json","1118","1DFC37882851DD7444B26F1DCC7B0BD9B155BE99D607E97DFBCD5CC67C86B27F"
"items","Plant_Vine_Hanging","Plant/Plant_Vine_Hanging","Server/Item/Items/Plant/Plant_Vine_Hanging.json","770","9A90EA482C8263A5BF566AD14F519D2C087E0B45687A12675D285186FCC2B4E6"
"items","Plant_Vine_Jungle","Plant/Plant_Vine_Jungle","Server/Item/Items/Plant/Plant_Vine_Jungle.json","704","0F76EDCB6028F7A3AE6CF2D20363E6879C4405174766E2EA762DA789A8E15ADB"
"items","Plant_Vine_Liana","Plant/Plant_Vine_Liana","Server/Item/Items/Plant/Plant_Vine_Liana.json","1513","7734AE6E3B9E10D4569ACA16C6818CF0852B1800974E8B9DAA50684036ACF7C3"
"items","Plant_Vine_Liana_End","Plant/Plant_Vine_Liana_End","Server/Item/Items/Plant/Plant_Vine_Liana_End.json","860","24BC80F8715FCC289538F5BBC68D1467D00685107CC43C259B5EB496EE3BBEEE"
"items","Plant_Vine_Red_Hanging","Plant/Plant_Vine_Red_Hanging","Server/Item/Items/Plant/Plant_Vine_Red_Hanging.json","1057","60C5B0B799B95B08092D078CAD21866E00992505B64763858EE5CEAAC88555CF"
"items","Plant_Vine_Rug","Plant/Plant_Vine_Rug","Server/Item/Items/Plant/Plant_Vine_Rug.json","2009","F4946B3CB11F456DF07430188B171E85FD268F4380EA7A4677E37777F4484100"
"items","Plant_Vine_Thick_Roots","Plant/Plant_Vine_Thick_Roots","Server/Item/Items/Plant/Plant_Vine_Thick_Roots.json","2092","31AC7CDCF2120D38E40F012CADBED8AD35A43AD2982634180011C5CCBD76D25F"
"items","Plant_Vine_Thick_Vertical","Plant/Plant_Vine_Thick_Vertical","Server/Item/Items/Plant/Plant_Vine_Thick_Vertical.json","2289","F69362F1EE02D6F470D8F3EDED1F55CF2481F50F515568104BEF83D9800A8FA0"
"items","Plant_Vine_Wall","Plant/Plant_Vine_Wall","Server/Item/Items/Plant/Plant_Vine_Wall.json","1097","7963D138E5B360B0304FDA90721D123641017255C100E3BC5E2E3E27581C8261"
"items","Plant_Vine_Wall_Dead","Plant/Plant_Vine_Wall_Dead","Server/Item/Items/Plant/Plant_Vine_Wall_Dead.json","852","EC0B8D73191DE423FBE028AE70D3D5F830E010DFCF372A2262E1CE11C2FCA763"
"items","Plant_Vine_Wall_Dry","Plant/Plant_Vine_Wall_Dry","Server/Item/Items/Plant/Plant_Vine_Wall_Dry.json","1154","1DAF33269CA439056BDAC5BFDBA70C0397C7211B402E3E489F2644B72C0A0E7C"
"items","Plant_Vine_Wall_Poisoned","Plant/Plant_Vine_Wall_Poisoned","Server/Item/Items/Plant/Plant_Vine_Wall_Poisoned.json","1278","999F8CA553AC966AD5D5D387396D7D71F9039560C69C567598AD2062269601B8"
"items","Plant_Vine_Wall_Winter","Plant/Plant_Vine_Wall_Winter","Server/Item/Items/Plant/Plant_Vine_Wall_Winter.json","1156","46BF5CB6CBE1446D0DE64D78BDE6F656B82C30F58564747E7CD0FA99BE0C5E05"
"items","Prototype_Succulent_Hanging_Vertical","Plant/Prototype_Succulent_Hanging_Vertical","Server/Item/Items/Plant/Prototype_Succulent_Hanging_Vertical.json","1345","82F644190B92A87B7358183B8E929FB06B7894FBF0B5E48C45D8D352D3276466"
"items","Plant_Reeds_Arid","Plant/Reeds/Plant_Reeds_Arid","Server/Item/Items/Plant/Reeds/Plant_Reeds_Arid.json","888","115B9562858E28E74EBEB0BCB3BB28398B52DEADB87A40F1A8A623CFE61D45F9"
"items","Plant_Reeds_Lava","Plant/Reeds/Plant_Reeds_Lava","Server/Item/Items/Plant/Reeds/Plant_Reeds_Lava.json","567","07F57BA987B6615B8DFB8F43E2875DD3A68CD202A976F15EAB8D58F76AC3AF4C"
"items","Plant_Reeds_Marsh","Plant/Reeds/Plant_Reeds_Marsh","Server/Item/Items/Plant/Reeds/Plant_Reeds_Marsh.json","1524","599CC6ED85958F5E1870C70E37C4694FE2B3608A8869E4E1CCD9F4CFDF86F983"
"items","Plant_Reeds_Poison","Plant/Reeds/Plant_Reeds_Poison","Server/Item/Items/Plant/Reeds/Plant_Reeds_Poison.json","743","95E512553AFD688B46E8A624A82628494D852851D2760E83FEF6A9786573452F"
"items","Plant_Reeds_Water","Plant/Reeds/Plant_Reeds_Water","Server/Item/Items/Plant/Reeds/Plant_Reeds_Water.json","984","802CF7A31665D538C6277D7608976FA274A94067E7152D52F180159D50ECDEB6"
"items","Plant_Reeds_Wet","Plant/Reeds/Plant_Reeds_Wet","Server/Item/Items/Plant/Reeds/Plant_Reeds_Wet.json","976","89A7F096BA485D0DF474F0B4FB0AC9F1880BA9A451A9253C567E2705F05082B2"
"items","Plant_Reeds_Winter","Plant/Reeds/Plant_Reeds_Winter","Server/Item/Items/Plant/Reeds/Plant_Reeds_Winter.json","893","3D9118FA33743B21780B652D32042C6A207F231C64D5B12FE93990CC882D9F68"
"items","Plant_Seaweed_Arid_Red","Plant/Seaweed/Plant_Seaweed_Arid_Red","Server/Item/Items/Plant/Seaweed/Plant_Seaweed_Arid_Red.json","568","EA2FCFFBB8D9B812CFC3E6C79BF955B1E18D52592191C22AC91097B05ECA6463"
"items","Plant_Seaweed_Arid_Short","Plant/Seaweed/Plant_Seaweed_Arid_Short","Server/Item/Items/Plant/Seaweed/Plant_Seaweed_Arid_Short.json","568","E67F1CF0C77640A5FEE26A208024A0EBEEC4F11BAAF65B2DB339B8D90FD2DE5B"
"items","Plant_Seaweed_Arid_Stack","Plant/Seaweed/Plant_Seaweed_Arid_Stack","Server/Item/Items/Plant/Seaweed/Plant_Seaweed_Arid_Stack.json","546","9336F1F424A97C9D180B139FC0109680B5C96F22B788B9015A1BA5F79148812C"
"items","Plant_Seaweed_Arid_Tall","Plant/Seaweed/Plant_Seaweed_Arid_Tall","Server/Item/Items/Plant/Seaweed/Plant_Seaweed_Arid_Tall.json","567","DC3B394D5D67EC77291FD6C504EEE7E6C2A468F8DF50E3EDF0ACB86D968799E7"
"items","Plant_Seaweed_Arid_Yellow","Plant/Seaweed/Plant_Seaweed_Arid_Yellow","Server/Item/Items/Plant/Seaweed/Plant_Seaweed_Arid_Yellow.json","574","CB6C93700FA3A2CD5C596AC49C27E79D79D2D001167CCEA78C6FDED112A2AB4C"
"items","Plant_Seaweed_Dead_Eerie","Plant/Seaweed/Plant_Seaweed_Dead_Eerie","Server/Item/Items/Plant/Seaweed/Plant_Seaweed_Dead_Eerie.json","571","D9B3191E72F2C81E21767F290EB9EC58787682B6CDC0D8EEA4301584D930C414"
"items","Plant_Seaweed_Dead_Ghostly","Plant/Seaweed/Plant_Seaweed_Dead_Ghostly","Server/Item/Items/Plant/Seaweed/Plant_Seaweed_Dead_Ghostly.json","638","9F280AF2AED86D5FD7E2B79F6A92973CC2E35D863937ABAF1EB90E20AB433613"
"items","Plant_Seaweed_Dead_Short","Plant/Seaweed/Plant_Seaweed_Dead_Short","Server/Item/Items/Plant/Seaweed/Plant_Seaweed_Dead_Short.json","612","1D11E20D7531F16A23ED7EF0A46C8AA0DF362A9635DC8E782E6D1584282839BB"
"items","Plant_Seaweed_Dead_Stack","Plant/Seaweed/Plant_Seaweed_Dead_Stack","Server/Item/Items/Plant/Seaweed/Plant_Seaweed_Dead_Stack.json","545","46D5E8DF6441575DFEF1B96FF26133D43F500AE230ED5097E42A15A364094CDA"
"items","Plant_Seaweed_Dead_Tall","Plant/Seaweed/Plant_Seaweed_Dead_Tall","Server/Item/Items/Plant/Seaweed/Plant_Seaweed_Dead_Tall.json","565","E1CA012673C7CBDA47B2D70F4955B603C49B9B8DE5D331776A005463B564FF7C"
"items","Plant_Seaweed_Grass","Plant/Seaweed/Plant_Seaweed_Grass","Server/Item/Items/Plant/Seaweed/Plant_Seaweed_Grass.json","1455","982A88A41BE1FF48351D0A4C7F1E08439AD66A8389C00FDFC3A1459824A2053D"
"items","Plant_Seaweed_Grass_Bulbs","Plant/Seaweed/Plant_Seaweed_Grass_Bulbs","Server/Item/Items/Plant/Seaweed/Plant_Seaweed_Grass_Bulbs.json","603","13C07579EBA65D5BAFF121EFAC101796BC338A2A139C7FEC1CA322A1C60435ED"
"items","Plant_Seaweed_Grass_Green","Plant/Seaweed/Plant_Seaweed_Grass_Green","Server/Item/Items/Plant/Seaweed/Plant_Seaweed_Grass_Green.json","597","7AFF0BAB6096DCA8C9B79625CD68238C25F7C36FB356A7E37C11A16D5648B8B3"
"items","Plant_Seaweed_Grass_Short","Plant/Seaweed/Plant_Seaweed_Grass_Short","Server/Item/Items/Plant/Seaweed/Plant_Seaweed_Grass_Short.json","540","6C52F5C972EDAC5820B6067302AB089F370A86FBFE4C814E92BA2483DDAB454B"
"items","Plant_Seaweed_Grass_Stack","Plant/Seaweed/Plant_Seaweed_Grass_Stack","Server/Item/Items/Plant/Seaweed/Plant_Seaweed_Grass_Stack.json","1546","D8621D0CFD473ADD1E1898F6DC981F5002BCFC2A70A47E7720B91F822ED207D7"
"items","Plant_Seaweed_Grass_Tall","Plant/Seaweed/Plant_Seaweed_Grass_Tall","Server/Item/Items/Plant/Seaweed/Plant_Seaweed_Grass_Tall.json","536","6755EF892FABF80138F088E4E0661AAF1FA1B2140FEF3B9FDF5815115FC0F6F0"
"items","Plant_Seaweed_Wet_Stack","Plant/Seaweed/Plant_Seaweed_Wet_Stack","Server/Item/Items/Plant/Seaweed/Plant_Seaweed_Wet_Stack.json","574","B5D8E69B95F1D4BB60A5706C84213A511F151CC2AE5368F1D972B0B236F4D6CD"
"items","Plant_Seaweed_Winter_Aurora","Plant/Seaweed/Plant_Seaweed_Winter_Aurora","Server/Item/Items/Plant/Seaweed/Plant_Seaweed_Winter_Aurora.json","578","22A0E5A99982ECA05E74DE53549F95BCD5F610CD95AC187CAE224A097A2AA6FB"
"items","Plant_Seaweed_Winter_Blue","Plant/Seaweed/Plant_Seaweed_Winter_Blue","Server/Item/Items/Plant/Seaweed/Plant_Seaweed_Winter_Blue.json","1804","4C62725A13B2B2A34BE0D433CB81544D2BF1C46E01467EE07BB417DB42F65ED0"
"items","Plant_Seaweed_Winter_Short","Plant/Seaweed/Plant_Seaweed_Winter_Short","Server/Item/Items/Plant/Seaweed/Plant_Seaweed_Winter_Short.json","585","F211E16C43718961874DFD1052F2F472F99CBB39BE6C07C898D7CDB4B99E510E"
"items","Plant_Seaweed_Winter_Stack","Plant/Seaweed/Plant_Seaweed_Winter_Stack","Server/Item/Items/Plant/Seaweed/Plant_Seaweed_Winter_Stack.json","549","546EA775388324535A04AF12C6058E041B8FF86C4A3AF6A85FA403C1BA2543C4"
"items","Plant_Seaweed_Winter_Tall","Plant/Seaweed/Plant_Seaweed_Winter_Tall","Server/Item/Items/Plant/Seaweed/Plant_Seaweed_Winter_Tall.json","571","D3F37FFAACB7B8F84B2D038AF238122BB3AD5BA332B9CD72E989AA79F6B12FB0"
"items","Forgotten_Temple_Portal_Enter","Portal/Forgotten_Temple/Forgotten_Temple_Portal_Enter","Server/Item/Items/Portal/Forgotten_Temple/Forgotten_Temple_Portal_Enter.json","2295","9B8238FFA0158FB27D5B026FB5E96375F2A346C02D560E783A9B80170B2571BB"
"items","Forgotten_Temple_Portal_Exit","Portal/Forgotten_Temple/Forgotten_Temple_Portal_Exit","Server/Item/Items/Portal/Forgotten_Temple/Forgotten_Temple_Portal_Exit.json","1772","278623AC85B339E37A9EAE794977C527C71B7BB6A40195ABEF83E377A7695BE6"
"items","Hub_Portal_Default","Portal/Hub_Portal_Default","Server/Item/Items/Portal/Hub_Portal_Default.json","1978","BFD0C98D2C9A4952C7608202B9CD76B05670D2FEBAC979608BBB23A024B9D826"
"items","Hub_Portal_Flat","Portal/Hub_Portal_Flat","Server/Item/Items/Portal/Hub_Portal_Flat.json","1991","9617FBD81D2C3588DEDB63FFC4D50BCA70F58974FE0F0808174F7B92A74D3C8F"
"items","Hub_Portal_Zone3_Taiga1","Portal/Hub_Portal_Zone3_Taiga1","Server/Item/Items/Portal/Hub_Portal_Zone3_Taiga1.json","2015","84852659E40F4439491E8E3ED1B61B9F1B6A01B2E019F1E6A1DF92CB63A7D93A"
"items","Instance_Gateway","Portal/Instance_Gateway","Server/Item/Items/Portal/Instance_Gateway.json","2353","1862CEDF8B646B88EFEA59472BBDF8894157B42C09F700A4007F48B666151F5C"
"items","Portal_Device","Portal/Portal_Device","Server/Item/Items/Portal/Portal_Device.json","4638","6DDD5FCF4BBDDF93048CC206C10E528904017BDDEEEB9D60B8756AD2DEA90099"
"items","Portal_Return","Portal/Portal_Return","Server/Item/Items/Portal/Portal_Return.json","1693","FBDFA978DE6B7ED85AD0C3BCFACC28AD11813C8894FBEC3C33FD950383F3152E"
"items","PortalKey_Hederas_Lair","Portal/PortalKey_Hederas_Lair","Server/Item/Items/Portal/PortalKey_Hederas_Lair.json","1460","371FDBBA27F5072CFDD4505F059A852BE22B8B60C99A0AE563AC26771364506E"
"items","PortalKey_Henges","Portal/PortalKey_Henges","Server/Item/Items/Portal/PortalKey_Henges.json","947","517D002ECA2B1AF0E045CEB38D2B0F6538C8344FD24B4F7F4428944BA1F78CD5"
"items","PortalKey_Jungles","Portal/PortalKey_Jungles","Server/Item/Items/Portal/PortalKey_Jungles.json","951","F6AD9F857309C9CDF00BC96FDF84A7774300FADD238198C699E126C3610A3806"
"items","PortalKey_Taiga","Portal/PortalKey_Taiga","Server/Item/Items/Portal/PortalKey_Taiga.json","1427","9E859B686DB984420F4B2CA7DA6DEA94CA6D3A32884AAEC43943448B9A4F41FC"
"items","PortalKey_Windsurf_Valley","Portal/PortalKey_Windsurf_Valley","Server/Item/Items/Portal/PortalKey_Windsurf_Valley.json","1469","5E2908F4C8342B4EF11C9980B700FDB59AAB31D19604E6D16E0FF5354BCDDAF6"
"items","VoidInvasion_Portal","Portal/VoidInvasion_Portal","Server/Item/Items/Portal/VoidInvasion_Portal.json","1301","2169984B62789B8EFC242B75D4D2AA98D230445856697AF13C6A1DFB4E2CADC0"
"items","Decorative_Potion_Template","Potion/Decorative_Potion_Template","Server/Item/Items/Potion/Decorative_Potion_Template.json","1486","2359994140760AAF6061AA31E79191B6A727CD0EC6456DF78A1FAC92ECC868ED"
"items","Potion_Antidote","Potion/Potion_Antidote","Server/Item/Items/Potion/Potion_Antidote.json","2685","C159AA1EF6061BF4C03B4796D9660F55F32C9571A57C6104D2792F6E069BE7AE"
"items","Potion_Empty","Potion/Potion_Empty","Server/Item/Items/Potion/Potion_Empty.json","1696","C60AA87EC6F4E47195B6642884080A44F193F73995C54AAFFCB611837A3275A8"
"items","Potion_Empty_Large","Potion/Potion_Empty_Large","Server/Item/Items/Potion/Potion_Empty_Large.json","1747","058ED1D410DEAAC15CC8BEFA1339E8526FF9F27E5280655BA940D96A1E1C8C7A"
"items","Potion_Empty_Small","Potion/Potion_Empty_Small","Server/Item/Items/Potion/Potion_Empty_Small.json","1734","0B1B64511C834A1BCAEBDC32CFCD15B886D9D65F7706A311C0CFFBFC0D5E47B8"
"items","Potion_Health","Potion/Potion_Health","Server/Item/Items/Potion/Potion_Health.json","3004","32DBD58EECAB2DF3B98EB913368F84003A93B6D0F808D23F68FDB3B89214BB2E"
"items","Potion_Health_Greater","Potion/Potion_Health_Greater","Server/Item/Items/Potion/Potion_Health_Greater.json","2969","3813CE399A9407646A859CB54D8C6B8471497230419159BAFD8C7D58996FF27E"
"items","Potion_Health_Large","Potion/Potion_Health_Large","Server/Item/Items/Potion/Potion_Health_Large.json","2326","2F5BDB3973AAAACCE9C2B021D10C15346D96C731985EE1B53EDA80D5DC886159"
"items","Potion_Health_Lesser","Potion/Potion_Health_Lesser","Server/Item/Items/Potion/Potion_Health_Lesser.json","2729","7028E30EA8A7296D8A766E63200F14DA6DE9A53B5655F4D892DAB90C21CDCA25"
"items","Potion_Health_Small","Potion/Potion_Health_Small","Server/Item/Items/Potion/Potion_Health_Small.json","2776","88DD05EDC347DFE89606A59F9F98725DB887A3C01B7593168ACE2AECE7C44ADB"
"items","Potion_Mana","Potion/Potion_Mana","Server/Item/Items/Potion/Potion_Mana.json","545","4575A92CF264A98B39E432CF728C982CCF908A9DC6261058A9163D96D976A7C3"
"items","Potion_Mana_Large","Potion/Potion_Mana_Large","Server/Item/Items/Potion/Potion_Mana_Large.json","563","044ADF8ADD442B335FC0AB594B2A9F80CD9F7127B199AA711804F36FFC4296EE"
"items","Potion_Mana_Small","Potion/Potion_Mana_Small","Server/Item/Items/Potion/Potion_Mana_Small.json","563","09CB0FF0FE4FE0471FD65050F2AD99D1C13611471C40D4662727592518ED01CD"
"items","Potion_Morph_Dog","Potion/Potion_Morph_Dog","Server/Item/Items/Potion/Potion_Morph_Dog.json","2239","5887A1A7679BADDF3362CA437F33D3B3B960F88EE7EF9BE5C4963953D14C5717"
"items","Potion_Morph_Frog","Potion/Potion_Morph_Frog","Server/Item/Items/Potion/Potion_Morph_Frog.json","2248","4AF030CB8CF70C38C5105B1177E4940BEBBAAC652FDFE4880E1F2CE4BEE298E4"
"items","Potion_Morph_Mouse","Potion/Potion_Morph_Mouse","Server/Item/Items/Potion/Potion_Morph_Mouse.json","2237","F049B9680C48A6E5D6DCD46810F4C0A74036F4052FAB874FB8DD64F4CAB33CC7"
"items","Potion_Morph_Pigeon","Potion/Potion_Morph_Pigeon","Server/Item/Items/Potion/Potion_Morph_Pigeon.json","2247","60BF670E5F445BC47877D5DEC57A3C5229F367938BBD3E2BE0FA9A5F8FB4B072"
"items","Potion_Poison","Potion/Potion_Poison","Server/Item/Items/Potion/Potion_Poison.json","623","FC74E77E553C235FD92220DED7DACACC409FA14B315A0CBFE0922C549BD390A0"
"items","Potion_Poison_Large","Potion/Potion_Poison_Large","Server/Item/Items/Potion/Potion_Poison_Large.json","641","CE050FA411F450C4CCB24DC1710AD53971BF6191D0F018994D14B1B660D9C43F"
"items","Potion_Poison_Minor","Potion/Potion_Poison_Minor","Server/Item/Items/Potion/Potion_Poison_Minor.json","641","0A1EB164A59D6085B2F6288CE6D80CC82F6C83F3857529544F4C3C5371B511D5"
"items","Potion_Purify","Potion/Potion_Purify","Server/Item/Items/Potion/Potion_Purify.json","678","6AD011E220A3993F080E4CE022B5143DAB32BD5926456F9872D041A8647725B3"
"items","Potion_Regen_Health","Potion/Potion_Regen_Health","Server/Item/Items/Potion/Potion_Regen_Health.json","536","0CC90AED5CF7A816D62C41C7E3A0FDEE041937420129DB1EEDC4F113286542E0"
"items","Potion_Regen_Health_Large","Potion/Potion_Regen_Health_Large","Server/Item/Items/Potion/Potion_Regen_Health_Large.json","554","982112C28AC080DADB3928CE4FD077247787838C4440D24654ED0E2E1B9C6522"
"items","Potion_Regen_Health_Small","Potion/Potion_Regen_Health_Small","Server/Item/Items/Potion/Potion_Regen_Health_Small.json","554","54D5BFE679F8F4F573E7D6464DA4CC33E26FDED9F3B036CE3D7C5979F333B59C"
"items","Potion_Regen_Mana","Potion/Potion_Regen_Mana","Server/Item/Items/Potion/Potion_Regen_Mana.json","682","A4ADADCC79409B6A50C18EFBD5FE4DC1756C1A21BD57564644A74FC65EB5D2D8"
"items","Potion_Regen_Mana_Large","Potion/Potion_Regen_Mana_Large","Server/Item/Items/Potion/Potion_Regen_Mana_Large.json","700","6DDD00D9848766C4F1144386B9254FE6CA0AF90274D9C4DA00332D72481420F8"
"items","Potion_Regen_Mana_Small","Potion/Potion_Regen_Mana_Small","Server/Item/Items/Potion/Potion_Regen_Mana_Small.json","701","C0C7C04478FF874EF942488D32172BBCF80417A36BA9297C249F145405BBA239"
"items","Potion_Regen_Stamina","Potion/Potion_Regen_Stamina","Server/Item/Items/Potion/Potion_Regen_Stamina.json","540","E9494B0E6B27369B564422E55E148BDA9C07EBA5FD1F190924DB059EBA4E0326"
"items","Potion_Regen_Stamina_Large","Potion/Potion_Regen_Stamina_Large","Server/Item/Items/Potion/Potion_Regen_Stamina_Large.json","558","DD9AA0AA2546ED2FE053A94E1C9BB8A948B48D2ECDD7CBEE47BB5BC9692DA7D5"
"items","Potion_Regen_Stamina_Small","Potion/Potion_Regen_Stamina_Small","Server/Item/Items/Potion/Potion_Regen_Stamina_Small.json","558","A61DD658AFC4B8DF52E69D6DD9FF0898B4D416D2DFB16D3015FA54659301B586"
"items","Potion_Signature","Potion/Potion_Signature","Server/Item/Items/Potion/Potion_Signature.json","2796","27C7CC2A6329487DAE3971AB5AC1771D924D76D1E370134A5CB31744694D1DFD"
"items","Potion_Signature_Greater","Potion/Potion_Signature_Greater","Server/Item/Items/Potion/Potion_Signature_Greater.json","2762","635125EE173BB7A8E842E6C1A2E7A741BE2E694C66D7D96AC3F50B58624BA011"
"items","Potion_Signature_Large","Potion/Potion_Signature_Large","Server/Item/Items/Potion/Potion_Signature_Large.json","2129","6C3EBA87571E289B260AF2323A5219AA1A94A811421315832C7B45F46EF6BE62"
"items","Potion_Signature_Lesser","Potion/Potion_Signature_Lesser","Server/Item/Items/Potion/Potion_Signature_Lesser.json","2516","42208C336CB7619F2573E78D4B6EE5DA3506E0C3A5131B1255F22F8A70D2D03D"
"items","Potion_Signature_Small","Potion/Potion_Signature_Small","Server/Item/Items/Potion/Potion_Signature_Small.json","2571","889CFCD621E5926A9DFD49B154281B947F2EDF2DEEBE760CD4E0D0A320A3DB6A"
"items","Potion_Stamina","Potion/Potion_Stamina","Server/Item/Items/Potion/Potion_Stamina.json","2505","061E795D5F64942C8B8DA68B7D5A5A1DB068DE6CE0D3EB690D1D0CBCD33C58E6"
"items","Potion_Stamina_Greater","Potion/Potion_Stamina_Greater","Server/Item/Items/Potion/Potion_Stamina_Greater.json","2365","A6E229DA204B60C100C9BE910B71379751C05467CD76CACA5816E8BAB6F9C8F7"
"items","Potion_Stamina_Large","Potion/Potion_Stamina_Large","Server/Item/Items/Potion/Potion_Stamina_Large.json","1712","7515453648785D6A407E221769FF296E36A3795FD018B82FE6CA7271A6F7672B"
"items","Potion_Stamina_Lesser","Potion/Potion_Stamina_Lesser","Server/Item/Items/Potion/Potion_Stamina_Lesser.json","2421","4939F7212135B35E9D99969619349454CC9D55614DF76BFD103DB0EF6F830AD3"
"items","Potion_Stamina_Small","Potion/Potion_Stamina_Small","Server/Item/Items/Potion/Potion_Stamina_Small.json","2370","20D3886EF05123E5DCD5414EF843C0525EC9D2C2A0EA0C89D84F04D88DB40774"
"items","Potion_Template","Potion/Potion_Template","Server/Item/Items/Potion/Potion_Template.json","3008","A5E50A3A78FE9A9BF77A02A0949A1E758EF000563A5469F2277775FABD57FF7C"
"items","Rail","Rail/Rail","Server/Item/Items/Rail/Rail.json","11244","58938F3BC644FBE6E5F3033D5485DB5D89D6F52F13BA78A595E8BB617AE0E99C"
"items","Rail_Kart","Rail/Rail_Kart","Server/Item/Items/Rail/Rail_Kart.json","2194","93DC3F23DCCB5DB33AF807D7AD8DD3EF8A3895AB769E5303E53321D9E8ECC28E"
"items","Recipe_Plant_Seeds_Health1","Recipe/Farming/Recipe_Plant_Seeds_Health1","Server/Item/Items/Recipe/Farming/Recipe_Plant_Seeds_Health1.json","1263","99AF47043A78E810BC7B5312EE74F1BD39C16A7495FB32004F8F50986F7A4732"
"items","Recipe_Plant_Seeds_Health2","Recipe/Farming/Recipe_Plant_Seeds_Health2","Server/Item/Items/Recipe/Farming/Recipe_Plant_Seeds_Health2.json","1249","F40E1E72C39360C2619B15C85CC8C8DCDC38A68ABE6322DB5581390C02936EC5"
"items","Recipe_Plant_Seeds_Health3","Recipe/Farming/Recipe_Plant_Seeds_Health3","Server/Item/Items/Recipe/Farming/Recipe_Plant_Seeds_Health3.json","1263","FFB0F2EAB17781BB4FF0DBAB5CA4C4999CDCF5A3ACF20EEE9337E54F7FC08841"
"items","Recipe_Plant_Seeds_Mana1","Recipe/Farming/Recipe_Plant_Seeds_Mana1","Server/Item/Items/Recipe/Farming/Recipe_Plant_Seeds_Mana1.json","1255","02AED3AB259E1E9385188E3E7D113715E173B3542009C12F980142BD76004FEB"
"items","Recipe_Plant_Seeds_Mana2","Recipe/Farming/Recipe_Plant_Seeds_Mana2","Server/Item/Items/Recipe/Farming/Recipe_Plant_Seeds_Mana2.json","1255","1EC1E5FBA611FD9B2C064CAB3845F98A62A13AF925B6E6FD00DA44EF5723D8A9"
"items","Recipe_Plant_Seeds_Mana3","Recipe/Farming/Recipe_Plant_Seeds_Mana3","Server/Item/Items/Recipe/Farming/Recipe_Plant_Seeds_Mana3.json","1255","99F6092ADE610D7CE476CFF5E7E1EBA133B737C81E4871392E599A2E9528D5B6"
"items","Recipe_Plant_Seeds_Stamina1","Recipe/Farming/Recipe_Plant_Seeds_Stamina1","Server/Item/Items/Recipe/Farming/Recipe_Plant_Seeds_Stamina1.json","1267","C04CBD7BC076574310551BA26FBF50582D21E8B0E1C70D3A26D283D9E0425D94"
"items","Recipe_Plant_Seeds_Stamina2","Recipe/Farming/Recipe_Plant_Seeds_Stamina2","Server/Item/Items/Recipe/Farming/Recipe_Plant_Seeds_Stamina2.json","1267","C5ABC7D561353809A8DB4955A75F182A7232BED096586EB8AD4734DFE904E547"
"items","Recipe_Plant_Seeds_Stamina3","Recipe/Farming/Recipe_Plant_Seeds_Stamina3","Server/Item/Items/Recipe/Farming/Recipe_Plant_Seeds_Stamina3.json","1267","F72006091360197F47A73BAD9D7927EEE1BB871993EB305702AB72C270472E85"
"items","Recipe_Food_Pie_Apple","Recipe/Food/Recipe_Food_Pie_Apple","Server/Item/Items/Recipe/Food/Recipe_Food_Pie_Apple.json","1326","BBF66FE6DB3DDB2AEE30F080DB136350A1CE0888FB4BADD430C3F76A1A1FBC3E"
"items","Recipe_Food_Pie_Meat","Recipe/Food/Recipe_Food_Pie_Meat","Server/Item/Items/Recipe/Food/Recipe_Food_Pie_Meat.json","1312","1C34EBDAB4B74B04C39079C39165053436F6FA199046B701CE59F3CE1C77E51D"
"items","Recipe_Food_Pie_Pumpkin","Recipe/Food/Recipe_Food_Pie_Pumpkin","Server/Item/Items/Recipe/Food/Recipe_Food_Pie_Pumpkin.json","1324","4B592B2F3922BE60DEDC57915A8EB86D53E41DEE15B35D05BEF8F3D31EB30356"
"items","Recipe_Food_Salad_Caesar","Recipe/Food/Recipe_Food_Salad_Caesar","Server/Item/Items/Recipe/Food/Recipe_Food_Salad_Caesar.json","1328","428FBC83D3342FFF62705E46D0604C031029840570B12EA1A9B73217A70B2E11"
"items","Recipe_Book_Magic_Air","Recipe/Recipe_Book_Magic_Air","Server/Item/Items/Recipe/Recipe_Book_Magic_Air.json","1073","02660EB8B65AF7A16608C6E0F481D8A27CCAE9D8DA2EBAC2AC3894FEA6E321E5"
"items","Recipe_Book_Magic_Void","Recipe/Recipe_Book_Magic_Void","Server/Item/Items/Recipe/Recipe_Book_Magic_Void.json","1077","8B492B5A60181CFFBEF89CADDB47FBDB50C139ED9B57B5A4D1A204F71FF1B783"
"items","Recipe_Page","Recipe/Recipe_Page","Server/Item/Items/Recipe/Recipe_Page.json","769","AE8665D6A40F42DADC23782062D3F990DE163AB73F9C9AB745936505AE11B23A"
"items","Rock_Aqua","Rock/Aqua/Rock_Aqua","Server/Item/Items/Rock/Aqua/Rock_Aqua.json","922","8FF0DA440ADB4DE2C7878DF415CB7BF6480EA971F723479084CDF58A74DCCE30"
"items","Rock_Aqua_Beam","Rock/Aqua/Rock_Aqua_Beam","Server/Item/Items/Rock/Aqua/Rock_Aqua_Beam.json","972","93F3DD15944FF6A2FFEE5599D9480275C9E15FD16E4228DBC8C0D5A09AB96751"
"items","Rock_Aqua_Brick","Rock/Aqua/Rock_Aqua_Brick","Server/Item/Items/Rock/Aqua/Rock_Aqua_Brick.json","1066","C941A4C8AC02D4BEC3C56C071AC260557497D5871E93E965CFCADB3EB73F006C"
"items","Rock_Aqua_Brick_Beam","Rock/Aqua/Rock_Aqua_Brick_Beam","Server/Item/Items/Rock/Aqua/Rock_Aqua_Brick_Beam.json","960","07C1D53DA8C2B1C578FE505522F73E812C9B2FB0CC269DE51FF8021F3E6ABE6D"
"items","Rock_Aqua_Brick_Decorative","Rock/Aqua/Rock_Aqua_Brick_Decorative","Server/Item/Items/Rock/Aqua/Rock_Aqua_Brick_Decorative.json","1062","C1D0C7809124CD1DAC89B504F90E8399409D1767C8161D5A224C1A1AEB8940EB"
"items","Rock_Aqua_Brick_Half","Rock/Aqua/Rock_Aqua_Brick_Half","Server/Item/Items/Rock/Aqua/Rock_Aqua_Brick_Half.json","2431","4D6166187D6DE4B59A6F74995D0C84457C2430F905911091524DD9D0E6B29049"
"items","Rock_Aqua_Brick_Ornate","Rock/Aqua/Rock_Aqua_Brick_Ornate","Server/Item/Items/Rock/Aqua/Rock_Aqua_Brick_Ornate.json","986","C7BDB4474037DFFCBBA222250D531AA1B38E1588EA48EA9E4281E9D4CE70DB97"
"items","Rock_Aqua_Brick_Pillar_Base","Rock/Aqua/Rock_Aqua_Brick_Pillar_Base","Server/Item/Items/Rock/Aqua/Rock_Aqua_Brick_Pillar_Base.json","1031","304D3204B9BD56C884B80CBEF9EDFB77E10E534958B97119060A9D62EC8FD8CC"
"items","Rock_Aqua_Brick_Pillar_Middle","Rock/Aqua/Rock_Aqua_Brick_Pillar_Middle","Server/Item/Items/Rock/Aqua/Rock_Aqua_Brick_Pillar_Middle.json","1084","4C17C7C14E9374796DC02553C531AF9D940249EEF016776246C3A22ECA5A0497"
"items","Rock_Aqua_Brick_Roof","Rock/Aqua/Rock_Aqua_Brick_Roof","Server/Item/Items/Rock/Aqua/Rock_Aqua_Brick_Roof.json","3726","7AC29A7A491B6F7C0F993FCD7574C57E428BC3D0EACF964BADDECFDB3F318CE3"
"items","Rock_Aqua_Brick_Roof_Flat","Rock/Aqua/Rock_Aqua_Brick_Roof_Flat","Server/Item/Items/Rock/Aqua/Rock_Aqua_Brick_Roof_Flat.json","971","3342E7B8722DE65594D879D50586BB8AFB4109C4B1A23951736E6CBADED078B6"
"items","Rock_Aqua_Brick_Roof_Hollow","Rock/Aqua/Rock_Aqua_Brick_Roof_Hollow","Server/Item/Items/Rock/Aqua/Rock_Aqua_Brick_Roof_Hollow.json","3204","AF6E9260445DD023EB52B740BD914A85420E4C94C91158D071F5EF03B39145D5"
"items","Rock_Aqua_Brick_Roof_Shallow","Rock/Aqua/Rock_Aqua_Brick_Roof_Shallow","Server/Item/Items/Rock/Aqua/Rock_Aqua_Brick_Roof_Shallow.json","3688","E6A26205A37A84BA1306B74CC767C2D3EC9A1341EB3EEF9F91928D3541083C7B"
"items","Rock_Aqua_Brick_Roof_Steep","Rock/Aqua/Rock_Aqua_Brick_Roof_Steep","Server/Item/Items/Rock/Aqua/Rock_Aqua_Brick_Roof_Steep.json","3004","F08E21CB24AAE085BA397434D551E4E329B6BA346AAB27FFFC4C9C8377137BA5"
"items","Rock_Aqua_Brick_Smooth","Rock/Aqua/Rock_Aqua_Brick_Smooth","Server/Item/Items/Rock/Aqua/Rock_Aqua_Brick_Smooth.json","1044","AB3A9CC4B5E015EDD1FFE76CEF2A8567A0AF964261E5CB0D4BA50A2FA52A7A6A"
"items","Rock_Aqua_Brick_Smooth_Half","Rock/Aqua/Rock_Aqua_Brick_Smooth_Half","Server/Item/Items/Rock/Aqua/Rock_Aqua_Brick_Smooth_Half.json","2600","4E6A833FB72B581CC4460C5158334AD4B73DE9BFA5F96B8EF9495EA0C5C57919"
"items","Rock_Aqua_Brick_Stairs","Rock/Aqua/Rock_Aqua_Brick_Stairs","Server/Item/Items/Rock/Aqua/Rock_Aqua_Brick_Stairs.json","3104","052E00763BAA34D779BF58B2D9DDBAD244C9E5B125CD320B912509FA700D5B1B"
"items","Rock_Aqua_Brick_Wall","Rock/Aqua/Rock_Aqua_Brick_Wall","Server/Item/Items/Rock/Aqua/Rock_Aqua_Brick_Wall.json","2004","E7C14575061CB20B5A14D9396A758A9C1226A8A3DA77FCEF3BB30276CDCBDB56"
"items","Rock_Aqua_Cobble","Rock/Aqua/Rock_Aqua_Cobble","Server/Item/Items/Rock/Aqua/Rock_Aqua_Cobble.json","701","77549C69A8FFDED7B61F14F7FE7CCBE1E3F9CA2FCFC156E42F6A096A1C3B3FFA"
"items","Rock_Aqua_Cobble_Beam","Rock/Aqua/Rock_Aqua_Cobble_Beam","Server/Item/Items/Rock/Aqua/Rock_Aqua_Cobble_Beam.json","958","6CA82CD489427134CCC3719E4827FDA73E94FA058853552F1B57A7D8A3DF1EAF"
"items","Rock_Aqua_Cobble_Half","Rock/Aqua/Rock_Aqua_Cobble_Half","Server/Item/Items/Rock/Aqua/Rock_Aqua_Cobble_Half.json","2422","590B2A54216D432DF8B1228F41E78438365ECBE3832D08020B66B8D90321D1BC"
"items","Rock_Aqua_Cobble_Roof","Rock/Aqua/Rock_Aqua_Cobble_Roof","Server/Item/Items/Rock/Aqua/Rock_Aqua_Cobble_Roof.json","3700","4040CC105C85B14813AE25897702A3F14E14B374EE9417DBA6939939CEAD52FE"
"items","Rock_Aqua_Cobble_Roof_Flat","Rock/Aqua/Rock_Aqua_Cobble_Roof_Flat","Server/Item/Items/Rock/Aqua/Rock_Aqua_Cobble_Roof_Flat.json","964","1DD1B8349F14EDE416C542BB068B1639203041A6E10D6F9962821DB110D03030"
"items","Rock_Aqua_Cobble_Roof_Hollow","Rock/Aqua/Rock_Aqua_Cobble_Roof_Hollow","Server/Item/Items/Rock/Aqua/Rock_Aqua_Cobble_Roof_Hollow.json","3063","AC530C1DD6C887E93F96E9E46E05B2443E34A1174C58FE0A98A45B89AC075512"
"items","Rock_Aqua_Cobble_Roof_Shallow","Rock/Aqua/Rock_Aqua_Cobble_Roof_Shallow","Server/Item/Items/Rock/Aqua/Rock_Aqua_Cobble_Roof_Shallow.json","3666","642E18066D0B223E7EF2CF7DFEC54F06FA963478F070F18EF6D71840BC8CDE2F"
"items","Rock_Aqua_Cobble_Roof_Steep","Rock/Aqua/Rock_Aqua_Cobble_Roof_Steep","Server/Item/Items/Rock/Aqua/Rock_Aqua_Cobble_Roof_Steep.json","2826","1F074F8B449D811B31048CC2DCB4B6BEDEA079BBC5F456B0014C221A16A3B191"
"items","Rock_Aqua_Cobble_Stairs","Rock/Aqua/Rock_Aqua_Cobble_Stairs","Server/Item/Items/Rock/Aqua/Rock_Aqua_Cobble_Stairs.json","3103","90D623D5C555D4C59354C8E650FFB92C8E5EF0D25F6C642582139400BD62C911"
"items","Rock_Aqua_Cobble_Wall","Rock/Aqua/Rock_Aqua_Cobble_Wall","Server/Item/Items/Rock/Aqua/Rock_Aqua_Cobble_Wall.json","2089","2ABA1E23A8675AD99E7336FC11A6F96F9BE129B07A227DAC5182E64498BCDE11"
"items","Rock_Aqua_Half","Rock/Aqua/Rock_Aqua_Half","Server/Item/Items/Rock/Aqua/Rock_Aqua_Half.json","2996","A2D46472D1AA5E101EFA84E80FD9D3047FB636B03A5FDB3DE4EECB3A0BDECB1B"
"items","Rock_Aqua_Stairs","Rock/Aqua/Rock_Aqua_Stairs","Server/Item/Items/Rock/Aqua/Rock_Aqua_Stairs.json","3909","B206A4CF829A58FCB5BA5729055E36B210B40281B6C1635A415C0BE8B63101D2"
"items","Rock_Aqua_Stalactite_Large","Rock/Aqua/Rock_Aqua_Stalactite_Large","Server/Item/Items/Rock/Aqua/Rock_Aqua_Stalactite_Large.json","951","7DF26335549D12F703C087D620E5707DB6FA47525FE374CB8F5FDCACF28DBF4A"
"items","Rock_Aqua_Stalactite_Small","Rock/Aqua/Rock_Aqua_Stalactite_Small","Server/Item/Items/Rock/Aqua/Rock_Aqua_Stalactite_Small.json","798","35691B5406D67A9D3C95D141841D2728E5FB339AF29B9872C240387CB9FCCD8D"
"items","Rock_Stone_Aqua","Rock/Aqua/Rock_Stone_Aqua","Server/Item/Items/Rock/Aqua/Rock_Stone_Aqua.json","1264","425E43341FA4A83CC8A7AD4094F84DE581A9F4DF9FF2AE1B152E221D2AE36D6D"
"items","Rock_Stone_Aqua_Brick_Smooth_Half","Rock/Aqua/Rock_Stone_Aqua_Brick_Smooth_Half","Server/Item/Items/Rock/Aqua/Rock_Stone_Aqua_Brick_Smooth_Half.json","2937","606B00C8C496A6CBFD6C10FE73E95FB25D407CF24DACC9634898DFB226610361"
"items","Rock_Basalt","Rock/Basalt/Rock_Basalt","Server/Item/Items/Rock/Basalt/Rock_Basalt.json","1061","C38B3120C0EBA4C4F7F925C2E11D8698D372D2AAFD1365EC6091CD9A630EF3DE"
"items","Rock_Basalt_Beam","Rock/Basalt/Rock_Basalt_Beam","Server/Item/Items/Rock/Basalt/Rock_Basalt_Beam.json","984","EE78FCEEDBE6FD13F74B8407BED5712AF2B1CDA7B613F51E18D01DA1055E8062"
"items","Rock_Basalt_Brick","Rock/Basalt/Rock_Basalt_Brick","Server/Item/Items/Rock/Basalt/Rock_Basalt_Brick.json","1073","EE5C2C9590C64653F90D5C66802965E62EB6EFD13D070441EA2BBB7D1FEC7E3A"
"items","Rock_Basalt_Brick_Beam","Rock/Basalt/Rock_Basalt_Brick_Beam","Server/Item/Items/Rock/Basalt/Rock_Basalt_Brick_Beam.json","1154","6F498C0B200D0666589A9225FA69F8707F990FC678763AC2DEDA413BA25B7D82"
"items","Rock_Basalt_Brick_Decorative","Rock/Basalt/Rock_Basalt_Brick_Decorative","Server/Item/Items/Rock/Basalt/Rock_Basalt_Brick_Decorative.json","1018","A6483D4CEEB042A9EF86F454B33D9A0F6FDAD5D6422E27DFD044A159F6ABDFF8"
"items","Rock_Basalt_Brick_Half","Rock/Basalt/Rock_Basalt_Brick_Half","Server/Item/Items/Rock/Basalt/Rock_Basalt_Brick_Half.json","2439","B00B266F1B43BFFDB0F968444EA34C5DB14B9CB6500833B5BBAF5909D5646283"
"items","Rock_Basalt_Brick_Ornate","Rock/Basalt/Rock_Basalt_Brick_Ornate","Server/Item/Items/Rock/Basalt/Rock_Basalt_Brick_Ornate.json","1002","2F1AACC6277E7CBEA2485F4D1D24964CF411D2B827D2BA2170AE5620A9C3F84E"
"items","Rock_Basalt_Brick_Pillar_Base","Rock/Basalt/Rock_Basalt_Brick_Pillar_Base","Server/Item/Items/Rock/Basalt/Rock_Basalt_Brick_Pillar_Base.json","1024","37D5217EE05FD7341B97C15EE5F0369AA128C8DD573ECB5274FE905D3C0E33EE"
"items","Rock_Basalt_Brick_Pillar_Middle","Rock/Basalt/Rock_Basalt_Brick_Pillar_Middle","Server/Item/Items/Rock/Basalt/Rock_Basalt_Brick_Pillar_Middle.json","1126","C13B5CD88BC9EBDF089AFC6154607E5C57C5C2BEA6BE32F81B769F6959BCC783"
"items","Rock_Basalt_Brick_Roof","Rock/Basalt/Rock_Basalt_Brick_Roof","Server/Item/Items/Rock/Basalt/Rock_Basalt_Brick_Roof.json","3750","6931F40D49605591839996488696B408929C69253AD0348CD4AB0B2DDECE34D5"
"items","Rock_Basalt_Brick_Roof_Flat","Rock/Basalt/Rock_Basalt_Brick_Roof_Flat","Server/Item/Items/Rock/Basalt/Rock_Basalt_Brick_Roof_Flat.json","983","60D4B4CEC0B501A84D441C4658F0A2421AB5691707FA285BC0B200474CCCCE1E"
"items","Rock_Basalt_Brick_Roof_Hollow","Rock/Basalt/Rock_Basalt_Brick_Roof_Hollow","Server/Item/Items/Rock/Basalt/Rock_Basalt_Brick_Roof_Hollow.json","3226","45C8A0FC4AD072AAB0A6DDF3087B0A1837461BB9CB355E84DCB61F950BC61801"
"items","Rock_Basalt_Brick_Roof_Shallow","Rock/Basalt/Rock_Basalt_Brick_Roof_Shallow","Server/Item/Items/Rock/Basalt/Rock_Basalt_Brick_Roof_Shallow.json","3710","17156E08D090382724C7264999F75D9699D489117AB4940E91A619314B02E324"
"items","Rock_Basalt_Brick_Roof_Steep","Rock/Basalt/Rock_Basalt_Brick_Roof_Steep","Server/Item/Items/Rock/Basalt/Rock_Basalt_Brick_Roof_Steep.json","3018","29E9FC7BFDD88EE3B465DDB88CF1B6E6C1BAF829516B65F0692BE1C8FBED1E66"
"items","Rock_Basalt_Brick_Smooth","Rock/Basalt/Rock_Basalt_Brick_Smooth","Server/Item/Items/Rock/Basalt/Rock_Basalt_Brick_Smooth.json","1002","170F12B0081D4A7AB479C0194FAB664F3B55AAEF8F5799D2EFF32A64725EFEDF"
"items","Rock_Basalt_Brick_Smooth_Half","Rock/Basalt/Rock_Basalt_Brick_Smooth_Half","Server/Item/Items/Rock/Basalt/Rock_Basalt_Brick_Smooth_Half.json","2591","1C35C2D110BEFCD19EBCCF451EB0CFCA3C400B1070B6A1A4148BEFB61C0824FA"
"items","Rock_Basalt_Brick_Stairs","Rock/Basalt/Rock_Basalt_Brick_Stairs","Server/Item/Items/Rock/Basalt/Rock_Basalt_Brick_Stairs.json","3118","CAB18E1D9CDB76298E8E93DA549A059315AEC891B911DF325BCCA52F9048363B"
"items","Rock_Basalt_Brick_Wall","Rock/Basalt/Rock_Basalt_Brick_Wall","Server/Item/Items/Rock/Basalt/Rock_Basalt_Brick_Wall.json","2103","15B7AAC9F26B719D1B938425F254547AAE310491BF3B48C0FA5FE71FD1FA8615"
"items","Rock_Basalt_Cobble","Rock/Basalt/Rock_Basalt_Cobble","Server/Item/Items/Rock/Basalt/Rock_Basalt_Cobble.json","787","D2A921C63601B829F081E50DA0CB98DF8C32E701FA5969F93E1536C2732445C1"
"items","Rock_Basalt_Cobble_Beam","Rock/Basalt/Rock_Basalt_Cobble_Beam","Server/Item/Items/Rock/Basalt/Rock_Basalt_Cobble_Beam.json","1152","125CC2ADE21E880722D954DFEF786848D9B2FBEBD395DA38335A6AC0170D8239"
"items","Rock_Basalt_Cobble_Half","Rock/Basalt/Rock_Basalt_Cobble_Half","Server/Item/Items/Rock/Basalt/Rock_Basalt_Cobble_Half.json","2450","25B05CAF3813BD5F1FE2D1B70DB2F90DB086BF5A5449B71FFCA248386AEEBE3A"
"items","Rock_Basalt_Cobble_Roof","Rock/Basalt/Rock_Basalt_Cobble_Roof","Server/Item/Items/Rock/Basalt/Rock_Basalt_Cobble_Roof.json","3770","9E28B2D593A9B2D4C8D4AD89C9E1D4E92E023E2686492385A1D77FFF5273DDAE"
"items","Rock_Basalt_Cobble_Roof_Flat","Rock/Basalt/Rock_Basalt_Cobble_Roof_Flat","Server/Item/Items/Rock/Basalt/Rock_Basalt_Cobble_Roof_Flat.json","976","E30215AFF4E16C51D6EF3945443047967512D392753261FBCA51871633F594CF"
"items","Rock_Basalt_Cobble_Roof_Hollow","Rock/Basalt/Rock_Basalt_Cobble_Roof_Hollow","Server/Item/Items/Rock/Basalt/Rock_Basalt_Cobble_Roof_Hollow.json","3085","D59B48A9E15B4F6931663EB2AF2089DA11EC9DA44744C6E9A6425F47B987BE64"
"items","Rock_Basalt_Cobble_Roof_Shallow","Rock/Basalt/Rock_Basalt_Cobble_Roof_Shallow","Server/Item/Items/Rock/Basalt/Rock_Basalt_Cobble_Roof_Shallow.json","3688","41DA7FCE115E3C43449E49FCC843687918F87C920969D95283A8D40D2505035E"
"items","Rock_Basalt_Cobble_Roof_Steep","Rock/Basalt/Rock_Basalt_Cobble_Roof_Steep","Server/Item/Items/Rock/Basalt/Rock_Basalt_Cobble_Roof_Steep.json","2840","2621E85085EAB76AFC2C2F63379E927A82D71AC76E1775E1471A008F0ED51580"
"items","Rock_Basalt_Cobble_Stairs","Rock/Basalt/Rock_Basalt_Cobble_Stairs","Server/Item/Items/Rock/Basalt/Rock_Basalt_Cobble_Stairs.json","3117","193FA3F6F72FD1C380F68ABD493DE0110F27A976FE76BF80DE1F99B84A95A433"
"items","Rock_Basalt_Cobble_Wall","Rock/Basalt/Rock_Basalt_Cobble_Wall","Server/Item/Items/Rock/Basalt/Rock_Basalt_Cobble_Wall.json","2106","2205E76C27E26919D2791DE681FC54190942FFE81567FFC4CCDE728095B7CF01"
"items","Rock_Basalt_Half","Rock/Basalt/Rock_Basalt_Half","Server/Item/Items/Rock/Basalt/Rock_Basalt_Half.json","3132","73B42B6EA72378CB4A0CDC5D720FAB14515B60F5B52228C96B54E5D98785382A"
"items","Rock_Basalt_Stairs","Rock/Basalt/Rock_Basalt_Stairs","Server/Item/Items/Rock/Basalt/Rock_Basalt_Stairs.json","3923","C1A7AF69A5FCF8759F7D88AB51AFFE0C6815CB016334C1853E580DDE10AF8493"
"items","Rock_Basalt_Stalactite_Large","Rock/Basalt/Rock_Basalt_Stalactite_Large","Server/Item/Items/Rock/Basalt/Rock_Basalt_Stalactite_Large.json","966","2F360365A611255748D0F1872EB7967AEAB4CEE36BEA374AD30E69C797C74FA4"
"items","Rock_Basalt_Stalactite_Small","Rock/Basalt/Rock_Basalt_Stalactite_Small","Server/Item/Items/Rock/Basalt/Rock_Basalt_Stalactite_Small.json","813","E1E883C205369758761787B1FE7F358D1CA03759EFFFFE548A625C5C4EDF53D8"
"items","Rock_Bedrock","Rock/Bedrock/Rock_Bedrock","Server/Item/Items/Rock/Bedrock/Rock_Bedrock.json","715","0138F7A42E658B647209F8A43E6FD7C23A9C8FD12B0673256845F19DB0380750"
"items","Rock_Calcite","Rock/Calcite/Rock_Calcite","Server/Item/Items/Rock/Calcite/Rock_Calcite.json","724","E0E175CD67E0B9DCC1B5551BDBB8D0E055F5020F5CD5D32946F318567B922340"
"items","Rock_Calcite_Beam","Rock/Calcite/Rock_Calcite_Beam","Server/Item/Items/Rock/Calcite/Rock_Calcite_Beam.json","830","A22EDC3DEB8269E27E83A47383454782C3FF26FE36BDD00A3E8B8A4FC208A375"
"items","Rock_Calcite_Brick","Rock/Calcite/Rock_Calcite_Brick","Server/Item/Items/Rock/Calcite/Rock_Calcite_Brick.json","1233","EE5240899FF59FAD30A50973EB51CA3D936A89479231174767187D64A77A493B"
"items","Rock_Calcite_Brick_Beam","Rock/Calcite/Rock_Calcite_Brick_Beam","Server/Item/Items/Rock/Calcite/Rock_Calcite_Brick_Beam.json","1188","87FD7EDFA5F3645C54D412978DE0A96667DDA6B5AACAF2DF63861908C9F04699"
"items","Rock_Calcite_Brick_Decorative","Rock/Calcite/Rock_Calcite_Brick_Decorative","Server/Item/Items/Rock/Calcite/Rock_Calcite_Brick_Decorative.json","1091","A53E5C5DBF6884BE31DB8E745953ACE2A72B3A5DA0EBD94C005347CFFDAD45BF"
"items","Rock_Calcite_Brick_Half","Rock/Calcite/Rock_Calcite_Brick_Half","Server/Item/Items/Rock/Calcite/Rock_Calcite_Brick_Half.json","2726","9811C24E8FA768D9E7FDB026BAD74EA7678E6C122DC16BEA1EDDACBE1357C6FE"
"items","Rock_Calcite_Brick_Ornate","Rock/Calcite/Rock_Calcite_Brick_Ornate","Server/Item/Items/Rock/Calcite/Rock_Calcite_Brick_Ornate.json","1005","0E07FF0F873AFF44CCE7DE7E1505E1EECFD0F7DA00C0EB1C3E0DBB8E4E85313E"
"items","Rock_Calcite_Brick_Pillar_Base","Rock/Calcite/Rock_Calcite_Brick_Pillar_Base","Server/Item/Items/Rock/Calcite/Rock_Calcite_Brick_Pillar_Base.json","1030","1B86071DB2817689777D740F61EC59D757F7C03F5BFF1F04241F0FA4AF9055DB"
"items","Rock_Calcite_Brick_Pillar_Middle","Rock/Calcite/Rock_Calcite_Brick_Pillar_Middle","Server/Item/Items/Rock/Calcite/Rock_Calcite_Brick_Pillar_Middle.json","1132","B583259BF60008869C14810F40491E7B91410C018F12F2BDD633441ED71C22F6"
"items","Rock_Calcite_Brick_Roof","Rock/Calcite/Rock_Calcite_Brick_Roof","Server/Item/Items/Rock/Calcite/Rock_Calcite_Brick_Roof.json","3762","61073DAC2997461BE88B3F70FA737733CE09F86953D72989000E3B48223FECBC"
"items","Rock_Calcite_Brick_Roof_Flat","Rock/Calcite/Rock_Calcite_Brick_Roof_Flat","Server/Item/Items/Rock/Calcite/Rock_Calcite_Brick_Roof_Flat.json","989","9CD9CFD7E4229C396884181638DBB325D816254B32F7E3F6DBB6D10665B16125"
"items","Rock_Calcite_Brick_Roof_Hollow","Rock/Calcite/Rock_Calcite_Brick_Roof_Hollow","Server/Item/Items/Rock/Calcite/Rock_Calcite_Brick_Roof_Hollow.json","3237","5908DAA6FB04D384C44B08BC07718E539CD33A268F2035C750952F4D8BE4DBEE"
"items","Rock_Calcite_Brick_Roof_Shallow","Rock/Calcite/Rock_Calcite_Brick_Roof_Shallow","Server/Item/Items/Rock/Calcite/Rock_Calcite_Brick_Roof_Shallow.json","3721","89F1A4826F08AD181D6C41D3CD9B467D54C0C6EF6691F3C34471F43AEDACC08C"
"items","Rock_Calcite_Brick_Roof_Steep","Rock/Calcite/Rock_Calcite_Brick_Roof_Steep","Server/Item/Items/Rock/Calcite/Rock_Calcite_Brick_Roof_Steep.json","3023","D50BB4A9C7F819D085E3921426166D2C35B0AAE3E7140A35FBB9D57F9541EF32"
"items","Rock_Calcite_Brick_Smooth","Rock/Calcite/Rock_Calcite_Brick_Smooth","Server/Item/Items/Rock/Calcite/Rock_Calcite_Brick_Smooth.json","1005","E0EB8E431D08C24EC81239ADBA4A9452C94ED11AB057C80E59FCB05C0D573A3C"
"items","Rock_Calcite_Brick_Smooth_Half","Rock/Calcite/Rock_Calcite_Brick_Smooth_Half","Server/Item/Items/Rock/Calcite/Rock_Calcite_Brick_Smooth_Half.json","2652","033B258ED750F9E903B882233C1B5589BA1F02038BAACAB76117F81E5A679C19"
"items","Rock_Calcite_Brick_Stairs","Rock/Calcite/Rock_Calcite_Brick_Stairs","Server/Item/Items/Rock/Calcite/Rock_Calcite_Brick_Stairs.json","3192","49D1EBC73F0060ABCAC08E930AE2C59C439776A161F45045DBAA3298ED155400"
"items","Rock_Calcite_Brick_Wall","Rock/Calcite/Rock_Calcite_Brick_Wall","Server/Item/Items/Rock/Calcite/Rock_Calcite_Brick_Wall.json","2114","4E6EA207E6A03C4AD7DAB204DFD4C4CC86BF9901D3D4A02FC8C4D5BD4FC220B7"
"items","Rock_Calcite_Cobble","Rock/Calcite/Rock_Calcite_Cobble","Server/Item/Items/Rock/Calcite/Rock_Calcite_Cobble.json","755","BA3F0B3A17B07590800296A9F4C33B7D93B4878A85F955BAE21A99970836EA76"
"items","Rock_Calcite_Cobble_Beam","Rock/Calcite/Rock_Calcite_Cobble_Beam","Server/Item/Items/Rock/Calcite/Rock_Calcite_Cobble_Beam.json","1244","784E7F4E367C0BE9C4F168BF797C1882C5EA0438E39C369E7DD4D41E67ABE148"
"items","Rock_Calcite_Cobble_Half","Rock/Calcite/Rock_Calcite_Cobble_Half","Server/Item/Items/Rock/Calcite/Rock_Calcite_Cobble_Half.json","2748","44CCDB22D59F9375BF12188471531055FFFAA3D6BDBE18B51A0447594992FEC9"
"items","Rock_Calcite_Cobble_Roof","Rock/Calcite/Rock_Calcite_Cobble_Roof","Server/Item/Items/Rock/Calcite/Rock_Calcite_Cobble_Roof.json","3416","BCE24EDEAA6C62E61388CB76E8D3380FFE5E2D26149463C99CA1401252914FC4"
"items","Rock_Calcite_Cobble_Roof_Flat","Rock/Calcite/Rock_Calcite_Cobble_Roof_Flat","Server/Item/Items/Rock/Calcite/Rock_Calcite_Cobble_Roof_Flat.json","982","BB8176CBE1241F9BFBEA8749B9FB03AF885618A713213EA9D3EE882CAB78A78F"
"items","Rock_Calcite_Cobble_Roof_Hollow","Rock/Calcite/Rock_Calcite_Cobble_Roof_Hollow","Server/Item/Items/Rock/Calcite/Rock_Calcite_Cobble_Roof_Hollow.json","3096","D8CC8B4C383207ECEB0E7E16A725207B653C610FC4A67FF2682D1F6D8F933D1D"
"items","Rock_Calcite_Cobble_Roof_Shallow","Rock/Calcite/Rock_Calcite_Cobble_Roof_Shallow","Server/Item/Items/Rock/Calcite/Rock_Calcite_Cobble_Roof_Shallow.json","3699","22B7B8912187BC9990C9921A261485545B9BBCCCD10DA8135FBD73E2D8DBDB6F"
"items","Rock_Calcite_Cobble_Roof_Steep","Rock/Calcite/Rock_Calcite_Cobble_Roof_Steep","Server/Item/Items/Rock/Calcite/Rock_Calcite_Cobble_Roof_Steep.json","2847","6A33656A7E207D30BD19F69E1CBBCD7ADD5D8DEB6528B27A05806DB87F292F33"
"items","Rock_Calcite_Cobble_Stairs","Rock/Calcite/Rock_Calcite_Cobble_Stairs","Server/Item/Items/Rock/Calcite/Rock_Calcite_Cobble_Stairs.json","3210","AC558913D90C54EE8D90B8F4B2638FADDC5B161E107E98B55DAB7C7F47C06BC2"
"items","Rock_Calcite_Cobble_Wall","Rock/Calcite/Rock_Calcite_Cobble_Wall","Server/Item/Items/Rock/Calcite/Rock_Calcite_Cobble_Wall.json","2140","24E65845C60B7C1CEB6550B685EA0A88A2484E2F78B4181B49550C73C6F7546C"
"items","Rock_Calcite_Half","Rock/Calcite/Rock_Calcite_Half","Server/Item/Items/Rock/Calcite/Rock_Calcite_Half.json","3013","4521437E25130803E62D93558AF3901A5026C5B1B8622DE7D14C04748B02604D"
"items","Rock_Calcite_Stairs","Rock/Calcite/Rock_Calcite_Stairs","Server/Item/Items/Rock/Calcite/Rock_Calcite_Stairs.json","3958","964C07B0B83DEF20A191BAD4E970DF7AE9ADA23D4B4E2EEF924AF45A8F0B5B8C"
"items","Rock_Calcite_Stalactite_Large","Rock/Calcite/Rock_Calcite_Stalactite_Large","Server/Item/Items/Rock/Calcite/Rock_Calcite_Stalactite_Large.json","793","C47AEF460F31AAC753C2CAC5AF660651EC89DCEEC399E44AEA688123ED04AC42"
"items","Rock_Calcite_Stalactite_Small","Rock/Calcite/Rock_Calcite_Stalactite_Small","Server/Item/Items/Rock/Calcite/Rock_Calcite_Stalactite_Small.json","793","8059CD5CF718508CEE6725762C8C3F4A8641DECDE82C0779B28733FD86ECF543"
"items","Prototype_Rock_Chalk_Brick_Pipe_Corner","Rock/Chalk/Prototype_Rock_Chalk_Brick_Pipe_Corner","Server/Item/Items/Rock/Chalk/Prototype_Rock_Chalk_Brick_Pipe_Corner.json","772","A86FC988606211FC8A34E09A98473E151D9ACDE3515CAF74582C1EB0A89DFE88"
"items","Prototype_Rock_Chalk_Brick_Pipe_Short","Rock/Chalk/Prototype_Rock_Chalk_Brick_Pipe_Short","Server/Item/Items/Rock/Chalk/Prototype_Rock_Chalk_Brick_Pipe_Short.json","763","942F81371E4E2C5DBA45D70C91B4F80788427BFB11C26D3FC335214B76C187B3"
"items","Rock_Chalk","Rock/Chalk/Rock_Chalk","Server/Item/Items/Rock/Chalk/Rock_Chalk.json","913","A782402CCE709C77C9E1B7E7469555CA7580F37F258A5BC98FC00AE077FBE57A"
"items","Rock_Chalk_Beam","Rock/Chalk/Rock_Chalk_Beam","Server/Item/Items/Rock/Chalk/Rock_Chalk_Beam.json","818","78A5E2CA01EC1C490AD6D45737A7447C630B3810E50395F9364850648F4F830D"
"items","Rock_Chalk_Brick","Rock/Chalk/Rock_Chalk_Brick","Server/Item/Items/Rock/Chalk/Rock_Chalk_Brick.json","968","64A556AB375851E290DB252EA5F630D53C72460E05D3EF4983FD743FBA9433DD"
"items","Rock_Chalk_Brick_Beam","Rock/Chalk/Rock_Chalk_Brick_Beam","Server/Item/Items/Rock/Chalk/Rock_Chalk_Brick_Beam.json","586","9C2C4BB6DE31D1E8E50A9C4D54CF6DA44B9AEB824F9F25F23CF3C55F772B60E4"
"items","Rock_Chalk_Brick_Decorative","Rock/Chalk/Rock_Chalk_Brick_Decorative","Server/Item/Items/Rock/Chalk/Rock_Chalk_Brick_Decorative.json","703","B491C5095F2851A0BEF3D111CA672066BEC3050CA4AA08B5B6E3869134D793A6"
"items","Rock_Chalk_Brick_Half","Rock/Chalk/Rock_Chalk_Brick_Half","Server/Item/Items/Rock/Chalk/Rock_Chalk_Brick_Half.json","2376","1E52CFA6C15E68550546A37569E6106FE5F2951733CB6E487AFD0E284DF36C0B"
"items","Rock_Chalk_Brick_Ornate","Rock/Chalk/Rock_Chalk_Brick_Ornate","Server/Item/Items/Rock/Chalk/Rock_Chalk_Brick_Ornate.json","1150","269EF266A3A7C845FCECD4DF65100615EF8FA3F0BD8FB0B7C8B56F86213E30A5"
"items","Rock_Chalk_Brick_Pillar_Base","Rock/Chalk/Rock_Chalk_Brick_Pillar_Base","Server/Item/Items/Rock/Chalk/Rock_Chalk_Brick_Pillar_Base.json","1061","1C0956866F3C162D774CE8A35B7AAF65CDC0B68FE5CC46EE521A6E3BDAA2037D"
"items","Rock_Chalk_Brick_Pillar_Middle","Rock/Chalk/Rock_Chalk_Brick_Pillar_Middle","Server/Item/Items/Rock/Chalk/Rock_Chalk_Brick_Pillar_Middle.json","1087","B68658C13457D212F8BEC0D8BB09FF84FB4475995B73C848411CB5E569BECD93"
"items","Rock_Chalk_Brick_Roof","Rock/Chalk/Rock_Chalk_Brick_Roof","Server/Item/Items/Rock/Chalk/Rock_Chalk_Brick_Roof.json","3883","2339500FE428461CFAB48E8EA84B36326D038237ADE2AC9B673BFBD364C38B66"
"items","Rock_Chalk_Brick_Roof_Flat","Rock/Chalk/Rock_Chalk_Brick_Roof_Flat","Server/Item/Items/Rock/Chalk/Rock_Chalk_Brick_Roof_Flat.json","1139","DF6FA6A4A78F7CA9FFB301A49C236AD5C4188803E4DF4844B3083BC141B5283E"
"items","Rock_Chalk_Brick_Roof_Hollow","Rock/Chalk/Rock_Chalk_Brick_Roof_Hollow","Server/Item/Items/Rock/Chalk/Rock_Chalk_Brick_Roof_Hollow.json","3526","31D63D138FD00BD788441E2697F9107DC8EA65F411AAF8BB195FF195680F5D1A"
"items","Rock_Chalk_Brick_Roof_Shallow","Rock/Chalk/Rock_Chalk_Brick_Roof_Shallow","Server/Item/Items/Rock/Chalk/Rock_Chalk_Brick_Roof_Shallow.json","3844","F02F3953AAE04926B118EFB6489386FD3B74E6D353B226C301C9E0827703813A"
"items","Rock_Chalk_Brick_Roof_Steep","Rock/Chalk/Rock_Chalk_Brick_Roof_Steep","Server/Item/Items/Rock/Chalk/Rock_Chalk_Brick_Roof_Steep.json","3011","3785C03F8FA875B2B0C26B405312956E6C6F77E32F874DE2CB3D5E9FAC922D28"
"items","Rock_Chalk_Brick_Smooth","Rock/Chalk/Rock_Chalk_Brick_Smooth","Server/Item/Items/Rock/Chalk/Rock_Chalk_Brick_Smooth.json","1149","F10EA00F47B437AD9E0D12676A0D648FDBFD9C2E5DBA3DD0C5B769C42E4433F8"
"items","Rock_Chalk_Brick_Smooth_Half","Rock/Chalk/Rock_Chalk_Brick_Smooth_Half","Server/Item/Items/Rock/Chalk/Rock_Chalk_Brick_Smooth_Half.json","2737","CAE0C3053A94D709F6AB310A28189B0154ED51C0324C6BA5EAE184736AB1C82B"
"items","Rock_Chalk_Brick_Stairs","Rock/Chalk/Rock_Chalk_Brick_Stairs","Server/Item/Items/Rock/Chalk/Rock_Chalk_Brick_Stairs.json","2725","2EB3D225AC1C15DE44761D3E692AB80E167DBD66F2DE1B215549AB0897F51E49"
"items","Rock_Chalk_Brick_Wall","Rock/Chalk/Rock_Chalk_Brick_Wall","Server/Item/Items/Rock/Chalk/Rock_Chalk_Brick_Wall.json","2507","0B019768EF8793E9EADF5FDFE9702217D0B997F98084494E4169BD9F90910A1E"
"items","Rock_Chalk_Cobble","Rock/Chalk/Rock_Chalk_Cobble","Server/Item/Items/Rock/Chalk/Rock_Chalk_Cobble.json","828","391227C9F11D320C7FF11775C287376D73172C48231F0F2EE7BC633A1DAF2C49"
"items","Rock_Chalk_Cobble_Beam","Rock/Chalk/Rock_Chalk_Cobble_Beam","Server/Item/Items/Rock/Chalk/Rock_Chalk_Cobble_Beam.json","1090","C3B142DC265F986CA964F7CBC3EB7C1F04879EF0B9C43EE8BF9B32420B79A67F"
"items","Rock_Chalk_Cobble_Half","Rock/Chalk/Rock_Chalk_Cobble_Half","Server/Item/Items/Rock/Chalk/Rock_Chalk_Cobble_Half.json","2586","DB6A9634BAB744470B606337BB2DB4DE016FC5527B79C25C9149EA031FAAA2C5"
"items","Rock_Chalk_Cobble_Roof","Rock/Chalk/Rock_Chalk_Cobble_Roof","Server/Item/Items/Rock/Chalk/Rock_Chalk_Cobble_Roof.json","3909","5AFE736448604691B42E8E9A31624C78C42E1A18B8726189EE79F41D35427635"
"items","Rock_Chalk_Cobble_Roof_Flat","Rock/Chalk/Rock_Chalk_Cobble_Roof_Flat","Server/Item/Items/Rock/Chalk/Rock_Chalk_Cobble_Roof_Flat.json","1135","820688CF255F2D6B6419B13A2A72162BB586E3BDB7710C32A62120DCE34A64F5"
"items","Rock_Chalk_Cobble_Roof_Hollow","Rock/Chalk/Rock_Chalk_Cobble_Roof_Hollow","Server/Item/Items/Rock/Chalk/Rock_Chalk_Cobble_Roof_Hollow.json","3219","74323CDBABACDED7B323AB7334E1B5569760074428D8B0238F5160EAD1D5212F"
"items","Rock_Chalk_Cobble_Roof_Shallow","Rock/Chalk/Rock_Chalk_Cobble_Roof_Shallow","Server/Item/Items/Rock/Chalk/Rock_Chalk_Cobble_Roof_Shallow.json","3828","4F245DFB9EF85144D782CA22C1BD74F4D72E8C41E5AEF9D5C506B3FCBD25C92F"
"items","Rock_Chalk_Cobble_Roof_Steep","Rock/Chalk/Rock_Chalk_Cobble_Roof_Steep","Server/Item/Items/Rock/Chalk/Rock_Chalk_Cobble_Roof_Steep.json","2979","3AC3516ED763F9FCC6D70114C511C5C2F60240BA6F24C8BCA1737A87318C616B"
"items","Rock_Chalk_Cobble_Stairs","Rock/Chalk/Rock_Chalk_Cobble_Stairs","Server/Item/Items/Rock/Chalk/Rock_Chalk_Cobble_Stairs.json","3263","3EBD7097531464370122F51E97FB59948F46BF717A6BF54EEBEEAB28BB7F9B8D"
"items","Rock_Chalk_Cobble_Wall","Rock/Chalk/Rock_Chalk_Cobble_Wall","Server/Item/Items/Rock/Chalk/Rock_Chalk_Cobble_Wall.json","2204","1E7DCCB80A0D54D1D21FBCFCD98E4DA2258E23D6D4747EAB66BEF07BB303D6DD"
"items","Rock_Chalk_Half","Rock/Chalk/Rock_Chalk_Half","Server/Item/Items/Rock/Chalk/Rock_Chalk_Half.json","2995","02F9ECEE51467694C37B9D8F2A5D2E68DBBFD4F7C509E0A647A38FB073834BBE"
"items","Rock_Chalk_Stairs","Rock/Chalk/Rock_Chalk_Stairs","Server/Item/Items/Rock/Chalk/Rock_Chalk_Stairs.json","3911","E13F5C46818218838E764C49F0F37E13D57A59F72548F95F283D65940D864865"
"items","Rock_Chalk_Stalactite_Large","Rock/Chalk/Rock_Chalk_Stalactite_Large","Server/Item/Items/Rock/Chalk/Rock_Chalk_Stalactite_Large.json","791","3EB0B31D260B3E221372F40726F0B87E2C2AD83EC54EC06A6F3BAD2032142732"
"items","Rock_Chalk_Stalactite_Small","Rock/Chalk/Rock_Chalk_Stalactite_Small","Server/Item/Items/Rock/Chalk/Rock_Chalk_Stalactite_Small.json","796","06184E7247697DA6501D8FB5F1983128D38F3D3104FEC8EEFE67CDDD4ABED7C1"
"items","Prototype_Rock_Concrete_Slab","Rock/Concrete_Slab/Prototype_Rock_Concrete_Slab","Server/Item/Items/Rock/Concrete_Slab/Prototype_Rock_Concrete_Slab.json","1222","F7147F89BCAF8BBA6AC3446DB68A3456F5FE3B9052C85D051F574D507982CBD7"
"items","Prototype_Rock_Concrete_Slab_Brick","Rock/Concrete_Slab/Prototype_Rock_Concrete_Slab_Brick","Server/Item/Items/Rock/Concrete_Slab/Prototype_Rock_Concrete_Slab_Brick.json","1343","D0615A4D8CCCAF8032F80FED7A47684FAE7808564557C5F1D7A59FA70DA4C933"
"items","Prototype_Rock_Concrete_Slab_Brick_Decorative","Rock/Concrete_Slab/Prototype_Rock_Concrete_Slab_Brick_Decorative","Server/Item/Items/Rock/Concrete_Slab/Prototype_Rock_Concrete_Slab_Brick_Decorative.json","1275","99B720A67E5B8AA5154E0E2C78BC8EDF9BF27A2FD1FFC99BDC1C20673F555D86"
"items","Prototype_Rock_Concrete_Slab_Brick_Half","Rock/Concrete_Slab/Prototype_Rock_Concrete_Slab_Brick_Half","Server/Item/Items/Rock/Concrete_Slab/Prototype_Rock_Concrete_Slab_Brick_Half.json","2673","41C9AC0A2E106FEC5699D07D2F50799E5FE1ED1ECEDD92772722AB5BFBF91CA3"
"items","Prototype_Rock_Concrete_Slab_Mid_Top","Rock/Concrete_Slab/Prototype_Rock_Concrete_Slab_Mid_Top","Server/Item/Items/Rock/Concrete_Slab/Prototype_Rock_Concrete_Slab_Mid_Top.json","1496","6073EAFA41679DC6726181000091F4EEE33BBBE8EA5D6AA1F78B1F015406907B"
"items","Prototype_Rock_Concrete_Slab_Stairs","Rock/Concrete_Slab/Prototype_Rock_Concrete_Slab_Stairs","Server/Item/Items/Rock/Concrete_Slab/Prototype_Rock_Concrete_Slab_Stairs.json","4224","C376D0BA6032BE332A80E03323FB211E5DFE80C53318B4998AEEEF07ECDA6E54"
"items","Prototype_Rock_Concrete_Brick","Rock/Concrete/Prototype_Rock_Concrete_Brick","Server/Item/Items/Rock/Concrete/Prototype_Rock_Concrete_Brick.json","805","34B0CC22CA39ABD249F8811DB38A3D30747CBFD22D1A85087537F2653A1E1AA6"
"items","Prototype_Rock_Concrete_Brick_Beam","Rock/Concrete/Prototype_Rock_Concrete_Brick_Beam","Server/Item/Items/Rock/Concrete/Prototype_Rock_Concrete_Brick_Beam.json","1066","0782C95D3CD2FD0BF82F387F994678B1F4EC311BA87E2A40ADA48BB4FA7E0D89"
"items","Prototype_Rock_Concrete_Brick_Decorative","Rock/Concrete/Prototype_Rock_Concrete_Brick_Decorative","Server/Item/Items/Rock/Concrete/Prototype_Rock_Concrete_Brick_Decorative.json","776","A49320B55ED9333ACEC79F1A7F8A1833B454A544E03C166E8BF401DC89BD5AAC"
"items","Prototype_Rock_Concrete_Brick_Half","Rock/Concrete/Prototype_Rock_Concrete_Brick_Half","Server/Item/Items/Rock/Concrete/Prototype_Rock_Concrete_Brick_Half.json","2540","EE3523E03C3F0F4A68411453495B2766BE12B69723005F2E9B3A324ED11BFB5D"
"items","Prototype_Rock_Concrete_Brick_Ornate","Rock/Concrete/Prototype_Rock_Concrete_Brick_Ornate","Server/Item/Items/Rock/Concrete/Prototype_Rock_Concrete_Brick_Ornate.json","723","DAD7191DEDD82B4D9F3B99FD7DCE11E7CDBD9E0EAED915544949D53A9A1D124C"
"items","Prototype_Rock_Concrete_Brick_Pillar_Base","Rock/Concrete/Prototype_Rock_Concrete_Brick_Pillar_Base","Server/Item/Items/Rock/Concrete/Prototype_Rock_Concrete_Brick_Pillar_Base.json","1201","C1532C07386AF7F2AD141CBA2F841D1A5C956632F1B476EFFD2FD68A3BB1D5F1"
"items","Prototype_Rock_Concrete_Brick_Pillar_Middle","Rock/Concrete/Prototype_Rock_Concrete_Brick_Pillar_Middle","Server/Item/Items/Rock/Concrete/Prototype_Rock_Concrete_Brick_Pillar_Middle.json","1259","674FAEB9FFBC57BFFAE1F1950A82F5E38005E27E8A857BA9571C902A10BBB887"
"items","Prototype_Rock_Concrete_Brick_Roof","Rock/Concrete/Prototype_Rock_Concrete_Brick_Roof","Server/Item/Items/Rock/Concrete/Prototype_Rock_Concrete_Brick_Roof.json","3728","4C5ADC1D37953830F04EE9B5C5A432C8B56E16640D491D8611BAA1F054A7BE58"
"items","Prototype_Rock_Concrete_Brick_Roof_Flat","Rock/Concrete/Prototype_Rock_Concrete_Brick_Roof_Flat","Server/Item/Items/Rock/Concrete/Prototype_Rock_Concrete_Brick_Roof_Flat.json","1192","6C5D8FC116AB7AEDC79754D779AE472CDF964B5B647C00C7F4800EBC9C6D0F79"
"items","Prototype_Rock_Concrete_Brick_Roof_Hollow","Rock/Concrete/Prototype_Rock_Concrete_Brick_Roof_Hollow","Server/Item/Items/Rock/Concrete/Prototype_Rock_Concrete_Brick_Roof_Hollow.json","3540","A915C2C716D7C7030AF3EC242AD7B54FFFDE2C2585D72836797208602FFE214D"
"items","Prototype_Rock_Concrete_Brick_Roof_Shallow","Rock/Concrete/Prototype_Rock_Concrete_Brick_Roof_Shallow","Server/Item/Items/Rock/Concrete/Prototype_Rock_Concrete_Brick_Roof_Shallow.json","3977","75647639AE8F4DE78B21D69FB55AE33EC133B445E7A4B2BED7128465419F81D6"
"items","Prototype_Rock_Concrete_Brick_Roof_Steep","Rock/Concrete/Prototype_Rock_Concrete_Brick_Roof_Steep","Server/Item/Items/Rock/Concrete/Prototype_Rock_Concrete_Brick_Roof_Steep.json","3088","3DDF68DD184EC1C9E1C60EFF414A99472ECF0AECBA8E2397596A2DD0C60C7477"
"items","Prototype_Rock_Concrete_Brick_Stairs","Rock/Concrete/Prototype_Rock_Concrete_Brick_Stairs","Server/Item/Items/Rock/Concrete/Prototype_Rock_Concrete_Brick_Stairs.json","3195","88F9FEEE8865992E6CDCEE06017F12F3E2E950103FAB8DC37753CC6667CF6BB7"
"items","Prototype_Rock_Concrete_Brick_Wall","Rock/Concrete/Prototype_Rock_Concrete_Brick_Wall","Server/Item/Items/Rock/Concrete/Prototype_Rock_Concrete_Brick_Wall.json","2676","E20E714051488C08C3C2FFED9AFA59E93C3825A0FC7E63DF22BB8B2CDCE04C7C"
"items","Rock_Crystal_Blue_Block","Rock/Crystal/Rock_Crystal_Blue_Block","Server/Item/Items/Rock/Crystal/Rock_Crystal_Blue_Block.json","1635","DF5852D234FD67EF8155C54E3B47BE801BF35B12DE1CCC107EF2E83DD5256B5C"
"items","Rock_Crystal_Blue_Large","Rock/Crystal/Rock_Crystal_Blue_Large","Server/Item/Items/Rock/Crystal/Rock_Crystal_Blue_Large.json","1695","F9A8337E3210C98681E53A1B66B9BBA45EE78858FFBC954BE45A5D767F91D69C"
"items","Rock_Crystal_Blue_Medium","Rock/Crystal/Rock_Crystal_Blue_Medium","Server/Item/Items/Rock/Crystal/Rock_Crystal_Blue_Medium.json","1582","904AD11215900C48530F3EBF1AEFCAC8C5B7FDC7740033BBE5EB4585A39AA50C"
"items","Rock_Crystal_Blue_Small","Rock/Crystal/Rock_Crystal_Blue_Small","Server/Item/Items/Rock/Crystal/Rock_Crystal_Blue_Small.json","1579","CF36AB2D43091853C2F6B55BB01F86EB8F3FE13CB946E50464D51955B12AF0A6"
"items","Rock_Crystal_Cyan_Block","Rock/Crystal/Rock_Crystal_Cyan_Block","Server/Item/Items/Rock/Crystal/Rock_Crystal_Cyan_Block.json","1634","E9E79C97B44AEBEB477B7E2D4A5CA3B14C40F8F2BDB2D93B8CDD2794C80C5745"
"items","Rock_Crystal_Cyan_Large","Rock/Crystal/Rock_Crystal_Cyan_Large","Server/Item/Items/Rock/Crystal/Rock_Crystal_Cyan_Large.json","1693","0C725EE847CEAAABFB7517CB8EF26232172E49205B43560CBA263086CD10C277"
"items","Rock_Crystal_Cyan_Medium","Rock/Crystal/Rock_Crystal_Cyan_Medium","Server/Item/Items/Rock/Crystal/Rock_Crystal_Cyan_Medium.json","1580","45458D9502C713EB6467DDACC3A7B416A02109DFA411453CC1EFC74BB87B02AB"
"items","Rock_Crystal_Cyan_Small","Rock/Crystal/Rock_Crystal_Cyan_Small","Server/Item/Items/Rock/Crystal/Rock_Crystal_Cyan_Small.json","1577","40B300E8EB62C223F4CB1C784C545483EC8351F0B4BC80D87F94D68324CCF545"
"items","Rock_Crystal_Green_Block","Rock/Crystal/Rock_Crystal_Green_Block","Server/Item/Items/Rock/Crystal/Rock_Crystal_Green_Block.json","1604","C7F912FA8AABC27B73FA85812B560A3768830C95985D9453823267F36A312897"
"items","Rock_Crystal_Green_Large","Rock/Crystal/Rock_Crystal_Green_Large","Server/Item/Items/Rock/Crystal/Rock_Crystal_Green_Large.json","1700","B40664483F6532630DEEB2065AE7FDF633A591260FADF874064AB33A3155E691"
"items","Rock_Crystal_Green_Medium","Rock/Crystal/Rock_Crystal_Green_Medium","Server/Item/Items/Rock/Crystal/Rock_Crystal_Green_Medium.json","1586","287A045367A8A3C543609B3D1BBC6E270493AD1F5E8E12622EE65009139D6239"
"items","Rock_Crystal_Green_Small","Rock/Crystal/Rock_Crystal_Green_Small","Server/Item/Items/Rock/Crystal/Rock_Crystal_Green_Small.json","1617","215385EE06D625A0C04E63D9E493283D4F722C6D0D7955B8F3CD435A1A7EAF12"
"items","Rock_Crystal_Iridescent_Large","Rock/Crystal/Rock_Crystal_Iridescent_Large","Server/Item/Items/Rock/Crystal/Rock_Crystal_Iridescent_Large.json","1480","52BDE9D56A616C94950F0DCA104DF324F5CAFBA91B00D2C5687240BFCDF2F6AA"
"items","Rock_Crystal_Iridescent_Medium","Rock/Crystal/Rock_Crystal_Iridescent_Medium","Server/Item/Items/Rock/Crystal/Rock_Crystal_Iridescent_Medium.json","1485","8876B46E2C6F9768AC0BF46F14F0458EFA2D9EA24A23D07E30164E7047F832BB"
"items","Rock_Crystal_Iridescent_Small","Rock/Crystal/Rock_Crystal_Iridescent_Small","Server/Item/Items/Rock/Crystal/Rock_Crystal_Iridescent_Small.json","1482","4AC48126CB006F6F75D0B559D7B02D206A1A0D367316CB99877BD36EB871E289"
"items","Rock_Crystal_Pink_Block","Rock/Crystal/Rock_Crystal_Pink_Block","Server/Item/Items/Rock/Crystal/Rock_Crystal_Pink_Block.json","1634","688A50FA3B7824E961658D6DF61E868E57412CBCFB562841B2AF7F013D8C2A25"
"items","Rock_Crystal_Pink_Large","Rock/Crystal/Rock_Crystal_Pink_Large","Server/Item/Items/Rock/Crystal/Rock_Crystal_Pink_Large.json","1693","D7E68D706AD53DEF93015F8186C0B123A7410DC85D46352DC56D755BD73E0819"
"items","Rock_Crystal_Pink_Medium","Rock/Crystal/Rock_Crystal_Pink_Medium","Server/Item/Items/Rock/Crystal/Rock_Crystal_Pink_Medium.json","1580","62B0FB66760FACA77476A85A21993AEDB3B2B327CAAC2EF7E136145150A59244"
"items","Rock_Crystal_Pink_Small","Rock/Crystal/Rock_Crystal_Pink_Small","Server/Item/Items/Rock/Crystal/Rock_Crystal_Pink_Small.json","1577","E0C31D7E9065DA4AC4FF398FD625F68398464EAC8687B61462A31835076CF0A1"
"items","Rock_Crystal_Purple_Block","Rock/Crystal/Rock_Crystal_Purple_Block","Server/Item/Items/Rock/Crystal/Rock_Crystal_Purple_Block.json","1644","9CF53EAD081C67F879808C7D7D112F7EC5812C08E62A7C220B5D784F654E4899"
"items","Rock_Crystal_Purple_Large","Rock/Crystal/Rock_Crystal_Purple_Large","Server/Item/Items/Rock/Crystal/Rock_Crystal_Purple_Large.json","1708","31FAB94F2A8014B08252845B3236C275801470DBA268966CC905F146BB44E5A4"
"items","Rock_Crystal_Purple_Medium","Rock/Crystal/Rock_Crystal_Purple_Medium","Server/Item/Items/Rock/Crystal/Rock_Crystal_Purple_Medium.json","1592","BC66540471F8113ACE3E26E66A1675A6B731A2023EDE48B62977B53E8DAAA597"
"items","Rock_Crystal_Purple_Small","Rock/Crystal/Rock_Crystal_Purple_Small","Server/Item/Items/Rock/Crystal/Rock_Crystal_Purple_Small.json","1589","F458B9EC595A48A436C6A94EFDAE89D00C4B33DEC5AA0E4FD83FF6872041E892"
"items","Rock_Crystal_Red_Block","Rock/Crystal/Rock_Crystal_Red_Block","Server/Item/Items/Rock/Crystal/Rock_Crystal_Red_Block.json","1623","D2B70B28E2310DBC1157D576222D55D5FE981D75CA6B173F85B1F7F341EB9EE5"
"items","Rock_Crystal_Red_Large","Rock/Crystal/Rock_Crystal_Red_Large","Server/Item/Items/Rock/Crystal/Rock_Crystal_Red_Large.json","1684","98CDF49EB389342F8A43CD34B67CB343BA1365C53E1054F2F6EF52CA16C6C487"
"items","Rock_Crystal_Red_Medium","Rock/Crystal/Rock_Crystal_Red_Medium","Server/Item/Items/Rock/Crystal/Rock_Crystal_Red_Medium.json","1574","C6D5DD76B361E1346774BD7AE2A8F4CD03D2A19D510A017724760FE27CAA32B7"
"items","Rock_Crystal_Red_Small","Rock/Crystal/Rock_Crystal_Red_Small","Server/Item/Items/Rock/Crystal/Rock_Crystal_Red_Small.json","1571","F946BACEAF3290EE9D69A3F2F029682D27A3905DE11402B6FB3D9902E0A63008"
"items","Rock_Crystal_White_Block","Rock/Crystal/Rock_Crystal_White_Block","Server/Item/Items/Rock/Crystal/Rock_Crystal_White_Block.json","1641","5E0F593D429C38E18191240382DCF84BE637FA5B60EA38C4FE9A74C73449E646"
"items","Rock_Crystal_White_Large","Rock/Crystal/Rock_Crystal_White_Large","Server/Item/Items/Rock/Crystal/Rock_Crystal_White_Large.json","1668","7E5E3E49026AA745E9A993477A31FF1FC8E216CE8664E18F90019EB6CDECF341"
"items","Rock_Crystal_White_Medium","Rock/Crystal/Rock_Crystal_White_Medium","Server/Item/Items/Rock/Crystal/Rock_Crystal_White_Medium.json","1554","A0696AC736FBAEF3A88DB03836255806A47B90AF89225D5DA3C76AB3376811EE"
"items","Rock_Crystal_White_Small","Rock/Crystal/Rock_Crystal_White_Small","Server/Item/Items/Rock/Crystal/Rock_Crystal_White_Small.json","1551","DD9127E0EC35A87054D6F50F2A0CA00EDC954D7E7F133CD7B99CECD5DC044EA7"
"items","Rock_Crystal_Yellow_Block","Rock/Crystal/Rock_Crystal_Yellow_Block","Server/Item/Items/Rock/Crystal/Rock_Crystal_Yellow_Block.json","1644","F4D21C8B049CAF392E805531748DAA3A457768EDBF1508A0A4EDAC877B7811DA"
"items","Rock_Crystal_Yellow_Large","Rock/Crystal/Rock_Crystal_Yellow_Large","Server/Item/Items/Rock/Crystal/Rock_Crystal_Yellow_Large.json","1705","4E29E109DBA4FBC0AC22F069BB637DC382C9259609DAFBD1DB699728D3F8A5DC"
"items","Rock_Crystal_Yellow_Medium","Rock/Crystal/Rock_Crystal_Yellow_Medium","Server/Item/Items/Rock/Crystal/Rock_Crystal_Yellow_Medium.json","1592","9561678A33449ADD69FCDCDA3AB5D919E19A074FC0271882BFC7261DFC531BB3"
"items","Rock_Crystal_Yellow_Small","Rock/Crystal/Rock_Crystal_Yellow_Small","Server/Item/Items/Rock/Crystal/Rock_Crystal_Yellow_Small.json","1589","00443BE1E5AD0F14CF4D6DDA9ABDCC1F435B2892518D80EFDB132D4BA4B955DC"
"items","Rock_Dawnstone","Rock/Dawnstone/Rock_Dawnstone","Server/Item/Items/Rock/Dawnstone/Rock_Dawnstone.json","1411","6C8102A07D381CA1F2F518D2849B62AD370AAAADB32D744C0B963CD6B24304C7"
"items","Rock_Dawnstone_Cobble","Rock/Dawnstone/Rock_Dawnstone_Cobble","Server/Item/Items/Rock/Dawnstone/Rock_Dawnstone_Cobble.json","1566","EFF4473FBD93CB629E9921D7CF2A8D9EA0C6B93492055CF99DCD7C1DCF107E1C"
"items","Rock_Dawnstone_Cobble_Half","Rock/Dawnstone/Rock_Dawnstone_Cobble_Half","Server/Item/Items/Rock/Dawnstone/Rock_Dawnstone_Cobble_Half.json","2652","6DF756116D3F347472FBB0DDCA23206B58928F6C752C095ECB01DACB52E9179B"
"items","Rock_Dawnstone_Half","Rock/Dawnstone/Rock_Dawnstone_Half","Server/Item/Items/Rock/Dawnstone/Rock_Dawnstone_Half.json","2552","D720E62690FDC89646DD060339102ED02130251A8E0F3DEEE4A05E270891AEA3"
"items","Rock_Gem_Diamond","Rock/Gem/Rock_Gem_Diamond","Server/Item/Items/Rock/Gem/Rock_Gem_Diamond.json","635","50DE9A5FBF171A91296F5837F1FF7D29A269D51F6AB6645C4316DA2B779F682F"
"items","Rock_Gem_Emerald","Rock/Gem/Rock_Gem_Emerald","Server/Item/Items/Rock/Gem/Rock_Gem_Emerald.json","1325","866B0E50757A626CF2690C4374CD86CB6318E222120712F0077311F9AF7E5E54"
"items","Rock_Gem_Ruby","Rock/Gem/Rock_Gem_Ruby","Server/Item/Items/Rock/Gem/Rock_Gem_Ruby.json","626","943E8E78673063712851C589582771164B95CC667CB0F27B32B5F8E4A0920AB5"
"items","Rock_Gem_Sapphire","Rock/Gem/Rock_Gem_Sapphire","Server/Item/Items/Rock/Gem/Rock_Gem_Sapphire.json","638","49730EDD8530AA5CF7DFB25BD9845EE6DD8414414D1CA2A15A1A6DC1C81585CE"
"items","Rock_Gem_Topaz","Rock/Gem/Rock_Gem_Topaz","Server/Item/Items/Rock/Gem/Rock_Gem_Topaz.json","629","D23E0663B0B3554532FECEC2783FC3255069A2EED494A381F97CC571FE22BE88"
"items","Rock_Gem_Voidstone","Rock/Gem/Rock_Gem_Voidstone","Server/Item/Items/Rock/Gem/Rock_Gem_Voidstone.json","641","69870C32FA30339E4EB2918F3E6458ACDB5C773F8F554CD8C4F1E0423F26E057"
"items","Rock_Gem_Zephyr","Rock/Gem/Rock_Gem_Zephyr","Server/Item/Items/Rock/Gem/Rock_Gem_Zephyr.json","632","12EC9133D7884E520AC8AB553572D4330CD271AE8121D402432CAE0CC5055D3F"
"items","Rock_Gold_Brick","Rock/Gold/Rock_Gold_Brick","Server/Item/Items/Rock/Gold/Rock_Gold_Brick.json","1172","375617513B7324F12395075255A594DD4624DE8E4AEC970C1FD50F265D782435"
"items","Rock_Gold_Brick_Beam","Rock/Gold/Rock_Gold_Brick_Beam","Server/Item/Items/Rock/Gold/Rock_Gold_Brick_Beam.json","1331","87CB758F69AED75A97959DF17C159864F35874131E722E3E1C2B37DFA566A836"
"items","Rock_Gold_Brick_Decorative","Rock/Gold/Rock_Gold_Brick_Decorative","Server/Item/Items/Rock/Gold/Rock_Gold_Brick_Decorative.json","1221","6895978A066B0AAA6A54212DEC90B723A8FF1D4EDF9A488A9BE2D7AB81CEABC9"
"items","Rock_Gold_Brick_Half","Rock/Gold/Rock_Gold_Brick_Half","Server/Item/Items/Rock/Gold/Rock_Gold_Brick_Half.json","2608","F384245CE214E2A5B1EC9DD81E50A076D42B00DEC591882A4DD679B91EFDD9A7"
"items","Rock_Gold_Brick_Ornate","Rock/Gold/Rock_Gold_Brick_Ornate","Server/Item/Items/Rock/Gold/Rock_Gold_Brick_Ornate.json","1205","9551B5B8388BE16B2832B7378C47C111D14EE92AA4CC52CC6136EED73E27D0B1"
"items","Rock_Gold_Brick_Pillar_Base","Rock/Gold/Rock_Gold_Brick_Pillar_Base","Server/Item/Items/Rock/Gold/Rock_Gold_Brick_Pillar_Base.json","1190","2251598C6714183788D1DA29F3E2903191D1024BCD4D153E48062808E9B05867"
"items","Rock_Gold_Brick_Pillar_Middle","Rock/Gold/Rock_Gold_Brick_Pillar_Middle","Server/Item/Items/Rock/Gold/Rock_Gold_Brick_Pillar_Middle.json","1292","C132FD20424BEF713DE450B49498FD3407BBAA4A7924714A91732CD5501E10F8"
"items","Rock_Gold_Brick_Roof","Rock/Gold/Rock_Gold_Brick_Roof","Server/Item/Items/Rock/Gold/Rock_Gold_Brick_Roof.json","3910","AC7BB31CA6B8540EC3ED21CF34D88F1A4FB158998EA34DA4A58D8E9949EB992B"
"items","Rock_Gold_Brick_Roof_Flat","Rock/Gold/Rock_Gold_Brick_Roof_Flat","Server/Item/Items/Rock/Gold/Rock_Gold_Brick_Roof_Flat.json","1155","94D5466C46731B60E24B584CC5E9CE3D204EF314436F239C32A8B2CB2013CE88"
"items","Rock_Gold_Brick_Roof_Hollow","Rock/Gold/Rock_Gold_Brick_Roof_Hollow","Server/Item/Items/Rock/Gold/Rock_Gold_Brick_Roof_Hollow.json","3722","163C9D81C44662A5C6D985752F54196099E9517A2C9689F6BCE363E2B5D9D680"
"items","Rock_Gold_Brick_Roof_Shallow","Rock/Gold/Rock_Gold_Brick_Roof_Shallow","Server/Item/Items/Rock/Gold/Rock_Gold_Brick_Roof_Shallow.json","3872","FC61A840DB4B5D25026BF60895391141F503478564E947E759EC5C535AACF576"
"items","Rock_Gold_Brick_Roof_Steep","Rock/Gold/Rock_Gold_Brick_Roof_Steep","Server/Item/Items/Rock/Gold/Rock_Gold_Brick_Roof_Steep.json","3186","C7D10067EF08E43ED2001386FB2670D05873D9723DDE760E315A2F8DC32361C0"
"items","Rock_Gold_Brick_Smooth","Rock/Gold/Rock_Gold_Brick_Smooth","Server/Item/Items/Rock/Gold/Rock_Gold_Brick_Smooth.json","1174","FF09C66CE023FFD5427DB69FF959472F86498E8A1150E38CA340B9B7B20BF388"
"items","Rock_Gold_Brick_Smooth_Half","Rock/Gold/Rock_Gold_Brick_Smooth_Half","Server/Item/Items/Rock/Gold/Rock_Gold_Brick_Smooth_Half.json","2706","9F12E101CF0C4125BE717C96EF07C18F66AB65987D450A60F5615F09449B9232"
"items","Rock_Gold_Brick_Stairs","Rock/Gold/Rock_Gold_Brick_Stairs","Server/Item/Items/Rock/Gold/Rock_Gold_Brick_Stairs.json","3244","49F249920821C6121C064AAC257CA739BDE0990DD7EF5112676F11644A8F6B03"
"items","Rock_Gold_Brick_Wall","Rock/Gold/Rock_Gold_Brick_Wall","Server/Item/Items/Rock/Gold/Rock_Gold_Brick_Wall.json","2668","AC1D2165269961CBD5E24C0B0D9B765D0644D78AC31C238362C1FD310757D731"
"items","Rock_Ice","Rock/Ice/Rock_Ice","Server/Item/Items/Rock/Ice/Rock_Ice.json","1454","D783C5FF37F2EAD3869463655C1122992016678444768B05EDF91BD0C7090803"
"items","Rock_Ice_Icicles","Rock/Ice/Rock_Ice_Icicles","Server/Item/Items/Rock/Ice/Rock_Ice_Icicles.json","1345","7F816B29D4D4FF8227424F63556E8A45220F9E56457C4F675278DEA664C6906E"
"items","Rock_Ice_Permafrost","Rock/Ice/Rock_Ice_Permafrost","Server/Item/Items/Rock/Ice/Rock_Ice_Permafrost.json","776","6640B2C7D08A9D8BE8254201D722753B3CEF8F593E97864FADC00BBFB2729C84"
"items","Rock_Ice_Stalactite_Large","Rock/Ice/Rock_Ice_Stalactite_Large","Server/Item/Items/Rock/Ice/Rock_Ice_Stalactite_Large.json","1392","97339978916248308C618872896447774DE2B52B6F35E81ADC50FE0A665F18C6"
"items","Rock_Iridescent_Brick_Beam","Rock/Iridescent/Rock_Iridescent_Brick_Beam","Server/Item/Items/Rock/Iridescent/Rock_Iridescent_Brick_Beam.json","1533","9FB3943D56DE801B567F215F5026A16EEDCB80C902EBC7BDFF295836107D52BB"
"items","Rock_Iridescent_Brick_Fence","Rock/Iridescent/Rock_Iridescent_Brick_Fence","Server/Item/Items/Rock/Iridescent/Rock_Iridescent_Brick_Fence.json","2834","D48A56C2C47AB159EEF617FB65E8179C02F2978FB164463E3BBF3669DFE0E4D9"
"items","Rock_Iridescent_Brick_Pillar_Base","Rock/Iridescent/Rock_Iridescent_Brick_Pillar_Base","Server/Item/Items/Rock/Iridescent/Rock_Iridescent_Brick_Pillar_Base.json","1341","B8FF5F802DE5F66EF952B38E88E1E769DF0BD795E319EFBD5695E0F4061F4545"
"items","Rock_Iridescent_Brick_Pillar_Middle","Rock/Iridescent/Rock_Iridescent_Brick_Pillar_Middle","Server/Item/Items/Rock/Iridescent/Rock_Iridescent_Brick_Pillar_Middle.json","1318","B48E618B97822D0EB0A27324C78DBAA689DC94DA289A258494CA0B2D7FCE5F4A"
"items","Rock_Iridescent_Half","Rock/Iridescent/Rock_Iridescent_Half","Server/Item/Items/Rock/Iridescent/Rock_Iridescent_Half.json","2487","2F9E76CB763F4A66A43236F4BF290979E30ED11E1674B08CF0367F0040EC84E9"
"items","Rock_Iridescent_Processed_Brick_Half","Rock/Iridescent/Rock_Iridescent_Processed_Brick_Half","Server/Item/Items/Rock/Iridescent/Rock_Iridescent_Processed_Brick_Half.json","3105","8D8A847800C188FE3626AB1B01CDC07562A77558838155ADDE3E5A8B7B3098FD"
"items","Rock_Iridescent_Processed_Brick_Smooth","Rock/Iridescent/Rock_Iridescent_Processed_Brick_Smooth","Server/Item/Items/Rock/Iridescent/Rock_Iridescent_Processed_Brick_Smooth.json","1531","C40034C021B5A9FA25906EBD648752272CC7E5EACE10E4705D922E1E30BE688A"
"items","Rock_Iridescent_Processed_Brick_Stairs","Rock/Iridescent/Rock_Iridescent_Processed_Brick_Stairs","Server/Item/Items/Rock/Iridescent/Rock_Iridescent_Processed_Brick_Stairs.json","3424","8BC4024FACFE71305C3FE68DA8CD006C1E737F3BF29FD1F0DEAB49BB62A67EE0"
"items","Rock_Iridescent_Processed_Decorative","Rock/Iridescent/Rock_Iridescent_Processed_Decorative","Server/Item/Items/Rock/Iridescent/Rock_Iridescent_Processed_Decorative.json","2831","55D0726DD6781B9D59470B3A8E474D9BC18DA0611307F93C01C5D80F6AB30B1E"
"items","Rock_Iridescent_Processed_Ornate","Rock/Iridescent/Rock_Iridescent_Processed_Ornate","Server/Item/Items/Rock/Iridescent/Rock_Iridescent_Processed_Ornate.json","1518","82953593FC54C503AC1E5C6AAA1E02A21A6A2402A4422849D6B413EAC45E4E5A"
"items","Rock_Iridescent_Processed_Ornate_Corner","Rock/Iridescent/Rock_Iridescent_Processed_Ornate_Corner","Server/Item/Items/Rock/Iridescent/Rock_Iridescent_Processed_Ornate_Corner.json","1615","2F939FC0B61A8A437EFAFA2EA060DD4B62567661B5F4819B75394A36336A3976"
"items","Rock_Iridescent_Processed_Ornate_Half","Rock/Iridescent/Rock_Iridescent_Processed_Ornate_Half","Server/Item/Items/Rock/Iridescent/Rock_Iridescent_Processed_Ornate_Half.json","3100","8525859F8F9AAF5FCD98F9CA0454BCD27201CD2D247A240A06369AD432A7D349"
"items","Rock_Iridescent_Processed_Ornate_Horizontal","Rock/Iridescent/Rock_Iridescent_Processed_Ornate_Horizontal","Server/Item/Items/Rock/Iridescent/Rock_Iridescent_Processed_Ornate_Horizontal.json","1545","38351550C47646117F288B177576D86C43F98FF4153B2FE820979D39DE36DD18"
"items","Rock_Iridescent_Processed_Ornate_Stairs","Rock/Iridescent/Rock_Iridescent_Processed_Ornate_Stairs","Server/Item/Items/Rock/Iridescent/Rock_Iridescent_Processed_Ornate_Stairs.json","3380","1731DFB489CBB855F241186EA9D916CE69298E72FF5311A83BAA9055C99DDB3A"
"items","Rock_Iridescent_Stairs","Rock/Iridescent/Rock_Iridescent_Stairs","Server/Item/Items/Rock/Iridescent/Rock_Iridescent_Stairs.json","3348","E7E024128ACC33EE142ED7DC6FB7E582F3936B7BB51B1BB282DF8B6690DD124C"
"items","Prototype_Rock_Ledge_Cobble_Pipe_Corner","Rock/Ledge/Prototype_Rock_Ledge_Cobble_Pipe_Corner","Server/Item/Items/Rock/Ledge/Prototype_Rock_Ledge_Cobble_Pipe_Corner.json","790","1BABBE6AD47E439ADD38A035841FB5BB8A4DE1A6EDA02062D880444B74366FA0"
"items","Prototype_Rock_Ledge_Cobble_Pipe_Long","Rock/Ledge/Prototype_Rock_Ledge_Cobble_Pipe_Long","Server/Item/Items/Rock/Ledge/Prototype_Rock_Ledge_Cobble_Pipe_Long.json","691","2626DA617C910FB12797A1A92400B87541F604CF3044ABFDE3466A8224DD65CA"
"items","Prototype_Rock_Ledge_Cobble_Pipe_Short","Rock/Ledge/Prototype_Rock_Ledge_Cobble_Pipe_Short","Server/Item/Items/Rock/Ledge/Prototype_Rock_Ledge_Cobble_Pipe_Short.json","781","B2973E3D951B20071F6672730F8CA00634E083CABB6DA027BBE069BE625BFBC3"
"items","Rock_Ledge_Brick","Rock/Ledge/Rock_Ledge_Brick","Server/Item/Items/Rock/Ledge/Rock_Ledge_Brick.json","1123","798034B6D074F8F6EE88F74BA019DC03698B9C6945D66D562EA19C0C07F9C73E"
"items","Rock_Ledge_Brick_Beam","Rock/Ledge/Rock_Ledge_Brick_Beam","Server/Item/Items/Rock/Ledge/Rock_Ledge_Brick_Beam.json","612","0F28AF823524B086B925A9FDDC6AF7CA0296DC78123AD65B44A69C735B8CF365"
"items","Rock_Ledge_Brick_Decorative","Rock/Ledge/Rock_Ledge_Brick_Decorative","Server/Item/Items/Rock/Ledge/Rock_Ledge_Brick_Decorative.json","1094","C14C4F188DC7FBAF689BD5A15A71BFA2F467BFD9B653C74CDEAEAEDEC822A2C4"
"items","Rock_Ledge_Brick_Half","Rock/Ledge/Rock_Ledge_Brick_Half","Server/Item/Items/Rock/Ledge/Rock_Ledge_Brick_Half.json","2413","7F748C7DF430009260FEC8473563E169710F79D6902A2730DD449FACFD274BD1"
"items","Rock_Ledge_Brick_Ornate","Rock/Ledge/Rock_Ledge_Brick_Ornate","Server/Item/Items/Rock/Ledge/Rock_Ledge_Brick_Ornate.json","1004","7C3232DD677E2FF381CF9EF14FE105D3519550432CEE083D6521EEA978DB80A1"
"items","Rock_Ledge_Brick_Pillar_Base","Rock/Ledge/Rock_Ledge_Brick_Pillar_Base","Server/Item/Items/Rock/Ledge/Rock_Ledge_Brick_Pillar_Base.json","1088","3F5F1D8665D39CC3AA89A07B349241B956380E1DE3FD69D622B4505785560C8B"
"items","Rock_Ledge_Brick_Pillar_Middle","Rock/Ledge/Rock_Ledge_Brick_Pillar_Middle","Server/Item/Items/Rock/Ledge/Rock_Ledge_Brick_Pillar_Middle.json","1113","80FD2D08AE39FBC92305B20A5EAABA050039EEFEAA366096FA9EB3841379C9EF"
"items","Rock_Ledge_Brick_Smooth","Rock/Ledge/Rock_Ledge_Brick_Smooth","Server/Item/Items/Rock/Ledge/Rock_Ledge_Brick_Smooth.json","997","EC51F01BF519550F433D8AA727215FC48CC5649B4165377F2E2C2593041612E7"
"items","Rock_Ledge_Brick_Smooth_Half","Rock/Ledge/Rock_Ledge_Brick_Smooth_Half","Server/Item/Items/Rock/Ledge/Rock_Ledge_Brick_Smooth_Half.json","2444","CA26ABE23AE37278D68288483B21FFF0BC5F6536988295D29054DEFEEF0E0AD3"
"items","Rock_Ledge_Brick_Stairs","Rock/Ledge/Rock_Ledge_Brick_Stairs","Server/Item/Items/Rock/Ledge/Rock_Ledge_Brick_Stairs.json","3082","CEE3346FCD189D75C0580243B215B75309A5823368D4BCCCB4551262E72CAE54"
"items","Rock_Ledge_Brick_Wall","Rock/Ledge/Rock_Ledge_Brick_Wall","Server/Item/Items/Rock/Ledge/Rock_Ledge_Brick_Wall.json","2539","3905E0870472EA253A86835A434531027446EFE4F4C63C0ED9DB82151E62F06C"
"items","Rock_Ledge_Cobble","Rock/Ledge/Rock_Ledge_Cobble","Server/Item/Items/Rock/Ledge/Rock_Ledge_Cobble.json","1034","9B7033DD26A1BFE3086D046619C15298F56151AED194D0E720B27D33B50DEB05"
"items","Rock_Ledge_Cobble_Half","Rock/Ledge/Rock_Ledge_Cobble_Half","Server/Item/Items/Rock/Ledge/Rock_Ledge_Cobble_Half.json","3204","4DB8C7550DA00885973C83937446D1B9EA3C5F5AC38A714B6CEA6C9DD91F86F2"
"items","Rock_Ledge_Cobble_Pillar_Base","Rock/Ledge/Rock_Ledge_Cobble_Pillar_Base","Server/Item/Items/Rock/Ledge/Rock_Ledge_Cobble_Pillar_Base.json","1080","6551998CC7EA58B94C5ED7F1379A4E2E632F5700F34F1BF3957F1C9D9CD6064E"
"items","Rock_Ledge_Cobble_Pillar_Middle","Rock/Ledge/Rock_Ledge_Cobble_Pillar_Middle","Server/Item/Items/Rock/Ledge/Rock_Ledge_Cobble_Pillar_Middle.json","1105","8A17E12F2F8D0C42EB924032B64DFBF433749B3743F3C3726BAD3395486E5E33"
"items","Rock_Ledge_Cobble_Stairs","Rock/Ledge/Rock_Ledge_Cobble_Stairs","Server/Item/Items/Rock/Ledge/Rock_Ledge_Cobble_Stairs.json","3070","AF786E25551DA33D322BB93EFF1767A069EE07BE78A38ADBB563365537B4465F"
"items","Rock_Ledge_Cobble_Wall","Rock/Ledge/Rock_Ledge_Cobble_Wall","Server/Item/Items/Rock/Ledge/Rock_Ledge_Cobble_Wall.json","2528","D6E3D64837A2DD1BC64CD273DD43F73F484AEB4582071A9B46BB5868D090780C"
"items","Rock_Lime","Rock/Lime/Rock_Lime","Server/Item/Items/Rock/Lime/Rock_Lime.json","1246","55887694B4295B9F107F68BA8BF7F0788DF9AAAA0A7C16BEF1DF448629246A70"
"items","Rock_Lime_Beam","Rock/Lime/Rock_Lime_Beam","Server/Item/Items/Rock/Lime/Rock_Lime_Beam.json","822","A278D0EF7C7A4D848B60577698B6281375B83E3F8BFAED7DE7DEC70BB8196772"
"items","Rock_Lime_Brick","Rock/Lime/Rock_Lime_Brick","Server/Item/Items/Rock/Lime/Rock_Lime_Brick.json","1384","B20BB54AFEF212474F790C888A055D471BE3947D703F184C17F709C52E70EF20"
"items","Rock_Lime_Brick_Beam","Rock/Lime/Rock_Lime_Brick_Beam","Server/Item/Items/Rock/Lime/Rock_Lime_Brick_Beam.json","931","ABD41EA25593AC8E147B17CE689416C4421F917BF412277FEFA8E72A3C3A890A"
"items","Rock_Lime_Brick_Decorative","Rock/Lime/Rock_Lime_Brick_Decorative","Server/Item/Items/Rock/Lime/Rock_Lime_Brick_Decorative.json","1002","347F58A6E6608AF21AE6F6F32642757D87492EC795F4FB4748EFFB0848767458"
"items","Rock_Lime_Brick_Half","Rock/Lime/Rock_Lime_Brick_Half","Server/Item/Items/Rock/Lime/Rock_Lime_Brick_Half.json","2389","2B77FE04786E167E69F655C8E2496C809E722BAF733A946EFCC3A5A29E84420B"
"items","Rock_Lime_Brick_Ornate","Rock/Lime/Rock_Lime_Brick_Ornate","Server/Item/Items/Rock/Lime/Rock_Lime_Brick_Ornate.json","913","A2EAFE78B419CD1F84917C597607D04304A1BDBC7C00CE110CD3D806CFC179F8"
"items","Rock_Lime_Brick_Pillar_Base","Rock/Lime/Rock_Lime_Brick_Pillar_Base","Server/Item/Items/Rock/Lime/Rock_Lime_Brick_Pillar_Base.json","1067","44E0BEF2913B5D805FF89E6249BBBA3CDD28E8B77424434B773567CB0AB2E60F"
"items","Rock_Lime_Brick_Pillar_Middle","Rock/Lime/Rock_Lime_Brick_Pillar_Middle","Server/Item/Items/Rock/Lime/Rock_Lime_Brick_Pillar_Middle.json","1092","678FF640776879B3FA83CC1945B5E740C62E58AD718D66AF37134D4CDD12AA78"
"items","Rock_Lime_Brick_Roof","Rock/Lime/Rock_Lime_Brick_Roof","Server/Item/Items/Rock/Lime/Rock_Lime_Brick_Roof.json","3871","6D199B6A8F76C6945B0F8827517212A8C1428575DAFADCD2D87D711042F2C032"
"items","Rock_Lime_Brick_Roof_Flat","Rock/Lime/Rock_Lime_Brick_Roof_Flat","Server/Item/Items/Rock/Lime/Rock_Lime_Brick_Roof_Flat.json","1133","F5B433455175E4AD32B359AA4003A22EF91D9058DB1DCA4CC87A9A45588EFC58"
"items","Rock_Lime_Brick_Roof_Hollow","Rock/Lime/Rock_Lime_Brick_Roof_Hollow","Server/Item/Items/Rock/Lime/Rock_Lime_Brick_Roof_Hollow.json","3349","2B7D9E1E2085DBA76DB4A5D447403C5938B227ED85771EBCE265BFA66FF41E57"
"items","Rock_Lime_Brick_Roof_Shallow","Rock/Lime/Rock_Lime_Brick_Roof_Shallow","Server/Item/Items/Rock/Lime/Rock_Lime_Brick_Roof_Shallow.json","3834","0EE39D6283A4997ECFD715E94B41B0EC3F6088D156725D89831C5825209831A9"
"items","Rock_Lime_Brick_Roof_Steep","Rock/Lime/Rock_Lime_Brick_Roof_Steep","Server/Item/Items/Rock/Lime/Rock_Lime_Brick_Roof_Steep.json","3004","8C5E4E22C6F682D0108B0C872F1E3DFE80A1FD018021C23B23E9235B073B15C9"
"items","Rock_Lime_Brick_Smooth","Rock/Lime/Rock_Lime_Brick_Smooth","Server/Item/Items/Rock/Lime/Rock_Lime_Brick_Smooth.json","906","9C8A45AC341E74B86CE49A449FEE3205C70F2029CA23A7DCA87DB46F563E54FD"
"items","Rock_Lime_Brick_Smooth_Half","Rock/Lime/Rock_Lime_Brick_Smooth_Half","Server/Item/Items/Rock/Lime/Rock_Lime_Brick_Smooth_Half.json","2414","674F674EE445B66F6156DDB4807B5433C9F9BB1CA5B021F15CB0BB7B37287F88"
"items","Rock_Lime_Brick_Stairs","Rock/Lime/Rock_Lime_Brick_Stairs","Server/Item/Items/Rock/Lime/Rock_Lime_Brick_Stairs.json","3061","6648A5ADA216EF70C93764D4388D337B26F7CE2ECBDEB54BCC2D4EA8AE879E73"
"items","Rock_Lime_Brick_Wall","Rock/Lime/Rock_Lime_Brick_Wall","Server/Item/Items/Rock/Lime/Rock_Lime_Brick_Wall.json","2516","90D6A9233382D7ACB1A97F51A611C29E510B79E5F914D9667BF5DE71018379B7"
"items","Rock_Lime_Cobble","Rock/Lime/Rock_Lime_Cobble","Server/Item/Items/Rock/Lime/Rock_Lime_Cobble.json","1129","322518E5CF11DBE27010765DAF1D0FD606E113C1100875DAB05DB4B9610CD288"
"items","Rock_Lime_Cobble_Beam","Rock/Lime/Rock_Lime_Cobble_Beam","Server/Item/Items/Rock/Lime/Rock_Lime_Cobble_Beam.json","929","FDD396205A2E79CC7E25CAB197C097AF3DD868591A3B79A84F96359AEF20BAB2"
"items","Rock_Lime_Cobble_Half","Rock/Lime/Rock_Lime_Cobble_Half","Server/Item/Items/Rock/Lime/Rock_Lime_Cobble_Half.json","2385","143169EFA89B5B85AF485FCBF1093590740132C1448EB73CB95B2293D090C682"
"items","Rock_Lime_Cobble_Pillar_Base","Rock/Lime/Rock_Lime_Cobble_Pillar_Base","Server/Item/Items/Rock/Lime/Rock_Lime_Cobble_Pillar_Base.json","1075","D677F78A1C4537D2AE183C355AB1E4E70DFDA09287E971EBB4EE34BA4D793178"
"items","Rock_Lime_Cobble_Pillar_Middle","Rock/Lime/Rock_Lime_Cobble_Pillar_Middle","Server/Item/Items/Rock/Lime/Rock_Lime_Cobble_Pillar_Middle.json","1100","32C309BFA30578130257E412ADDB2B3B9C153B0EFB7D79857B58FFFEC8730E79"
"items","Rock_Lime_Cobble_Roof","Rock/Lime/Rock_Lime_Cobble_Roof","Server/Item/Items/Rock/Lime/Rock_Lime_Cobble_Roof.json","3891","15CF767761076C8D5EE034B702D7824DB4093C99C043DAF0803330C5181CCF34"
"items","Rock_Lime_Cobble_Roof_Flat","Rock/Lime/Rock_Lime_Cobble_Roof_Flat","Server/Item/Items/Rock/Lime/Rock_Lime_Cobble_Roof_Flat.json","1126","452111F166F9DF3AC7D23AA184692BDBCA0E8864784631D5EEAA5FF174AA302B"
"items","Rock_Lime_Cobble_Roof_Hollow","Rock/Lime/Rock_Lime_Cobble_Roof_Hollow","Server/Item/Items/Rock/Lime/Rock_Lime_Cobble_Roof_Hollow.json","3208","402F2B2C947EEED9A0704FA5B355B99A572DA829709831C2179B518B4058E996"
"items","Rock_Lime_Cobble_Roof_Shallow","Rock/Lime/Rock_Lime_Cobble_Roof_Shallow","Server/Item/Items/Rock/Lime/Rock_Lime_Cobble_Roof_Shallow.json","3812","7394DA21B724FD25EF8E965BB076CBADCE18A605C8690E4253EE0DD88CDB3477"
"items","Rock_Lime_Cobble_Roof_Steep","Rock/Lime/Rock_Lime_Cobble_Roof_Steep","Server/Item/Items/Rock/Lime/Rock_Lime_Cobble_Roof_Steep.json","2971","DE1D2A231EAD5943500882D802DC15273C837FCC2147E76D9BE95F90AEE7DF85"
"items","Rock_Lime_Cobble_Stairs","Rock/Lime/Rock_Lime_Cobble_Stairs","Server/Item/Items/Rock/Lime/Rock_Lime_Cobble_Stairs.json","3070","5ECD4BC777AE6930036E0F2FC30D7572CF95C8AA77CDF23E0104D48110BBCD46"
"items","Rock_Lime_Cobble_Wall","Rock/Lime/Rock_Lime_Cobble_Wall","Server/Item/Items/Rock/Lime/Rock_Lime_Cobble_Wall.json","2516","84F2CD5DCFA1EE5E70C906B79EB8A1B1D9BAD194F33F784561E1E86E50186C31"
"items","Rock_Lime_Half","Rock/Lime/Rock_Lime_Half","Server/Item/Items/Rock/Lime/Rock_Lime_Half.json","3127","E197F92A6D6EF1D52E143B6D22C98568976B92486996F5134CDE7CECC82485B9"
"items","Rock_Lime_Stairs","Rock/Lime/Rock_Lime_Stairs","Server/Item/Items/Rock/Lime/Rock_Lime_Stairs.json","3914","D2F8F9921074A55EA80A3EFF17F8A176FC8ED8D8CF91B474B1FD18227D674EFB"
"items","Rock_Lime_Stalactite_Large","Rock/Lime/Rock_Lime_Stalactite_Large","Server/Item/Items/Rock/Lime/Rock_Lime_Stalactite_Large.json","1059","F520FC9A57C631DB2BC60661F20496ADBD01827A536364E93CA5F464280AF237"
"items","Rock_Lime_Stalactite_Small","Rock/Lime/Rock_Lime_Stalactite_Small","Server/Item/Items/Rock/Lime/Rock_Lime_Stalactite_Small.json","1063","020C07AFC345F1C43B194324672967A1CD276145528AC75F283389A77F808635"
"items","Rock_Magma_Cooled","Rock/Magma/Rock_Magma_Cooled","Server/Item/Items/Rock/Magma/Rock_Magma_Cooled.json","1337","6EC287469C7330ADABABB9D2F55C0790C4E3B4086BF7D2040A669CA97D61CEDD"
"items","Rock_Magma_Cooled_Beam","Rock/Magma/Rock_Magma_Cooled_Beam","Server/Item/Items/Rock/Magma/Rock_Magma_Cooled_Beam.json","1025","0216908782770C032C53AEC611A3F3CAB9482742A4DCD1045131F52879616DBF"
"items","Rock_Magma_Cooled_Brick","Rock/Magma/Rock_Magma_Cooled_Brick","Server/Item/Items/Rock/Magma/Rock_Magma_Cooled_Brick.json","1211","6A84B8EAED8CBB4AA375726C6F49DEC4949415C39552715BAEAA3506FF3C4F9F"
"items","Rock_Magma_Cooled_Brick_Beam","Rock/Magma/Rock_Magma_Cooled_Brick_Beam","Server/Item/Items/Rock/Magma/Rock_Magma_Cooled_Brick_Beam.json","1345","F9DBC64497489C8CC54C07B7AA5E3FFEAF140B6457682320267C53B3E9EA8E1A"
"items","Rock_Magma_Cooled_Brick_Decorative","Rock/Magma/Rock_Magma_Cooled_Brick_Decorative","Server/Item/Items/Rock/Magma/Rock_Magma_Cooled_Brick_Decorative.json","1221","72A6C01DAE731875367F1B542440FEE2310FFF4FAD3AC7BD0A1B6C8360993933"
"items","Rock_Magma_Cooled_Brick_Half","Rock/Magma/Rock_Magma_Cooled_Brick_Half","Server/Item/Items/Rock/Magma/Rock_Magma_Cooled_Brick_Half.json","2648","59D4FB017F28A55C04FFE15893433AC926D5EBB04627FFE51B16A1E11A500535"
"items","Rock_Magma_Cooled_Brick_Ornate","Rock/Magma/Rock_Magma_Cooled_Brick_Ornate","Server/Item/Items/Rock/Magma/Rock_Magma_Cooled_Brick_Ornate.json","1205","0495CF1D81481021F5418932FC8FA7EBA7E4A1C2A69076DE94D4D388D96F4F6B"
"items","Rock_Magma_Cooled_Brick_Pillar_Base","Rock/Magma/Rock_Magma_Cooled_Brick_Pillar_Base","Server/Item/Items/Rock/Magma/Rock_Magma_Cooled_Brick_Pillar_Base.json","1215","BBA11EE266C793BC9D7B5E2825BD6F73CE0ADE6AEE4CAB72DD5481C9EB12725E"
"items","Rock_Magma_Cooled_Brick_Pillar_Middle","Rock/Magma/Rock_Magma_Cooled_Brick_Pillar_Middle","Server/Item/Items/Rock/Magma/Rock_Magma_Cooled_Brick_Pillar_Middle.json","1317","B80541DE00B9CC42116E06A6BEB573CF4D512F9F3D0CCEC68D700EF79B1DADA4"
"items","Rock_Magma_Cooled_Brick_Roof","Rock/Magma/Rock_Magma_Cooled_Brick_Roof","Server/Item/Items/Rock/Magma/Rock_Magma_Cooled_Brick_Roof.json","3957","3073DEE48A8720197D9583C0263F0B977CB6B12BED480E183481E3B13F50423A"
"items","Rock_Magma_Cooled_Brick_Roof_Flat","Rock/Magma/Rock_Magma_Cooled_Brick_Roof_Flat","Server/Item/Items/Rock/Magma/Rock_Magma_Cooled_Brick_Roof_Flat.json","1171","B55C4AD71DBEDA53A8B7FD7E391F45FB834EF2237B8FDA11A17A5820AF6F722C"
"items","Rock_Magma_Cooled_Brick_Roof_Hollow","Rock/Magma/Rock_Magma_Cooled_Brick_Roof_Hollow","Server/Item/Items/Rock/Magma/Rock_Magma_Cooled_Brick_Roof_Hollow.json","3428","5728DBBE5F9C843D8BE2071B261CE1088838C6C8030534FEB5A0D0D8582C8113"
"items","Rock_Magma_Cooled_Brick_Roof_Shallow","Rock/Magma/Rock_Magma_Cooled_Brick_Roof_Shallow","Server/Item/Items/Rock/Magma/Rock_Magma_Cooled_Brick_Roof_Shallow.json","3911","B18173E803797452B8EA0F4706412D706E468498C9185C1E33662A7728AE7422"
"items","Rock_Magma_Cooled_Brick_Roof_Steep","Rock/Magma/Rock_Magma_Cooled_Brick_Roof_Steep","Server/Item/Items/Rock/Magma/Rock_Magma_Cooled_Brick_Roof_Steep.json","3050","8A696C5B65B8967768D216D7F53ECA312C08A2781465ED7A929D2E5817E6BDDA"
"items","Rock_Magma_Cooled_Brick_Smooth","Rock/Magma/Rock_Magma_Cooled_Brick_Smooth","Server/Item/Items/Rock/Magma/Rock_Magma_Cooled_Brick_Smooth.json","1199","E1CDEA8812877C118202F4E1B201ECD41F5E1F1C8F64090CD5C63EE381AE5D6E"
"items","Rock_Magma_Cooled_Brick_Smooth_Half","Rock/Magma/Rock_Magma_Cooled_Brick_Smooth_Half","Server/Item/Items/Rock/Magma/Rock_Magma_Cooled_Brick_Smooth_Half.json","2788","D185051CF5A90C5C2053484EA34D85432477D5F1CC3169C53A44FE635FEE6C55"
"items","Rock_Magma_Cooled_Brick_Stairs","Rock/Magma/Rock_Magma_Cooled_Brick_Stairs","Server/Item/Items/Rock/Magma/Rock_Magma_Cooled_Brick_Stairs.json","3301","D9F43D1E3635A923FC696AAF7795413C03955FFEBB237B8B9697A431A4A18C51"
"items","Rock_Magma_Cooled_Brick_Wall","Rock/Magma/Rock_Magma_Cooled_Brick_Wall","Server/Item/Items/Rock/Magma/Rock_Magma_Cooled_Brick_Wall.json","2297","5C0A97FF856D08FC8736CA4374D4ACAF05199D42484C2124B50800366D019829"
"items","Rock_Magma_Cooled_Cobble","Rock/Magma/Rock_Magma_Cooled_Cobble","Server/Item/Items/Rock/Magma/Rock_Magma_Cooled_Cobble.json","936","36EC8FEDF2444CDF6AC85BE3317DB436C29D15A1F1DA51FF744117A5859E66A5"
"items","Rock_Magma_Cooled_Cobble_Beam","Rock/Magma/Rock_Magma_Cooled_Cobble_Beam","Server/Item/Items/Rock/Magma/Rock_Magma_Cooled_Cobble_Beam.json","1132","9E0E41D3124FBE2A8BFF3ED7ED3AAD0FB23DA86A30539EE4B1E21775AC4D06D5"
"items","Rock_Magma_Cooled_Cobble_Half","Rock/Magma/Rock_Magma_Cooled_Cobble_Half","Server/Item/Items/Rock/Magma/Rock_Magma_Cooled_Cobble_Half.json","2649","C0BFEDBBA8EABE2CD5F375619C35AB25D5A18F8081DAA6AECF752D86DE2D7D0A"
"items","Rock_Magma_Cooled_Cobble_Roof","Rock/Magma/Rock_Magma_Cooled_Cobble_Roof","Server/Item/Items/Rock/Magma/Rock_Magma_Cooled_Cobble_Roof.json","3977","940A76A45C477EA0FBCE2551031CCE42D89CC35D5813F9725E6A93FD2075D720"
"items","Rock_Magma_Cooled_Cobble_Roof_Flat","Rock/Magma/Rock_Magma_Cooled_Cobble_Roof_Flat","Server/Item/Items/Rock/Magma/Rock_Magma_Cooled_Cobble_Roof_Flat.json","1164","6AF40B7CC7DA063FD47B75BACE3A7C0108EDF8C87E80A60867166079367605F6"
"items","Rock_Magma_Cooled_Cobble_Roof_Hollow","Rock/Magma/Rock_Magma_Cooled_Cobble_Roof_Hollow","Server/Item/Items/Rock/Magma/Rock_Magma_Cooled_Cobble_Roof_Hollow.json","3287","05463FB2FAA6CEC20A7DBFDDB4BFE6FE193116C21892A9DD19288F9C24E526A5"
"items","Rock_Magma_Cooled_Cobble_Roof_Shallow","Rock/Magma/Rock_Magma_Cooled_Cobble_Roof_Shallow","Server/Item/Items/Rock/Magma/Rock_Magma_Cooled_Cobble_Roof_Shallow.json","3890","62ED7C64DE8DE4785ACA0F6F6F1F2B588DB82C90FFC1B7F74C5E5316A37C0178"
"items","Rock_Magma_Cooled_Cobble_Roof_Steep","Rock/Magma/Rock_Magma_Cooled_Cobble_Roof_Steep","Server/Item/Items/Rock/Magma/Rock_Magma_Cooled_Cobble_Roof_Steep.json","3017","D91C54BD2D06DE351550B370E95DE19E1FD899B82CE8C967D5D5210AD3875F36"
"items","Rock_Magma_Cooled_Cobble_Stairs","Rock/Magma/Rock_Magma_Cooled_Cobble_Stairs","Server/Item/Items/Rock/Magma/Rock_Magma_Cooled_Cobble_Stairs.json","3300","864600086902B747C23860A393253F1B674DC671829AA1AB5D69EBD09E5E9051"
"items","Rock_Magma_Cooled_Cobble_Wall","Rock/Magma/Rock_Magma_Cooled_Cobble_Wall","Server/Item/Items/Rock/Magma/Rock_Magma_Cooled_Cobble_Wall.json","2276","4C42F7E54181F173D3DD6F9DF5E8CDA86D05645D5FEF5B3947650D0D4253012A"
"items","Rock_Magma_Cooled_Half","Rock/Magma/Rock_Magma_Cooled_Half","Server/Item/Items/Rock/Magma/Rock_Magma_Cooled_Half.json","2862","70AAEF23EE7B946DCBFEFE89B7F3C43ED02BD760E28A8516411AE1AAED59A23A"
"items","Rock_Magma_Cooled_Stairs","Rock/Magma/Rock_Magma_Cooled_Stairs","Server/Item/Items/Rock/Magma/Rock_Magma_Cooled_Stairs.json","3963","9B5BE7E421432347DA19E617E5ED958E2509A42D75ABF26D3F69D511763F42F7"
"items","Rock_Magma_Cooled_Stalactite_Large","Rock/Magma/Rock_Magma_Cooled_Stalactite_Large","Server/Item/Items/Rock/Magma/Rock_Magma_Cooled_Stalactite_Large.json","804","D085A09080ADDDEDB36FB5A3AB7B8926E03A3F460CCBFECACE774CFC6241759B"
"items","Rock_Magma_Cooled_Stalactite_Small","Rock/Magma/Rock_Magma_Cooled_Stalactite_Small","Server/Item/Items/Rock/Magma/Rock_Magma_Cooled_Stalactite_Small.json","809","3544AA7B5AD204CD6B7E4F07F3E619C64914E9921D3DADF20ABE5D9C6D430202"
"items","Rock_Marble","Rock/Marble/Rock_Marble","Server/Item/Items/Rock/Marble/Rock_Marble.json","921","C1ED270B4389AD18D9446AC3AC856B327574AD8C3EC8A2748F0B9A541DD69C21"
"items","Rock_Marble_Beam","Rock/Marble/Rock_Marble_Beam","Server/Item/Items/Rock/Marble/Rock_Marble_Beam.json","829","E52C2DC4E08835090DFA81C065EEDEA142D1AFE6DFFD27FCEAEDA76F0618DC28"
"items","Rock_Marble_Brick","Rock/Marble/Rock_Marble_Brick","Server/Item/Items/Rock/Marble/Rock_Marble_Brick.json","1445","885569FB0792B3365B0E74299C276CD7DD0282EE6F8B753E597371C69F151096"
"items","Rock_Marble_Brick_Beam","Rock/Marble/Rock_Marble_Brick_Beam","Server/Item/Items/Rock/Marble/Rock_Marble_Brick_Beam.json","1148","91F0D0CB48BDC98E4B49C306336ED12222FF353D2BCB1C5AB18AADB5BC55487F"
"items","Rock_Marble_Brick_Decorative","Rock/Marble/Rock_Marble_Brick_Decorative","Server/Item/Items/Rock/Marble/Rock_Marble_Brick_Decorative.json","1092","B63BA808A7B67CE0835D32100F2A4DBAA1233AFDDC7602473F7F57E481BBF7EF"
"items","Rock_Marble_Brick_Half","Rock/Marble/Rock_Marble_Brick_Half","Server/Item/Items/Rock/Marble/Rock_Marble_Brick_Half.json","2606","F399690DF48CD1FA381667149DB1F9D6CC99354D2BBE6CEC299352215963F5DE"
"items","Rock_Marble_Brick_Ornate","Rock/Marble/Rock_Marble_Brick_Ornate","Server/Item/Items/Rock/Marble/Rock_Marble_Brick_Ornate.json","1002","295AD6E9B1828FE3B230C419FBCA89E02ECBEB9E6A507CD8AC4039CD7FB6D05C"
"items","Rock_Marble_Brick_Pillar_Base","Rock/Marble/Rock_Marble_Brick_Pillar_Base","Server/Item/Items/Rock/Marble/Rock_Marble_Brick_Pillar_Base.json","1024","D989C132A0F682823045344C9B03E8C2B45CE9013084E4A857657DC4E892B452"
"items","Rock_Marble_Brick_Pillar_Middle","Rock/Marble/Rock_Marble_Brick_Pillar_Middle","Server/Item/Items/Rock/Marble/Rock_Marble_Brick_Pillar_Middle.json","1126","AE2DEE93C65DF2728FBF7FBA01BB5E8D75D2C5BA3B8CB290D723183D9600E084"
"items","Rock_Marble_Brick_Roof","Rock/Marble/Rock_Marble_Brick_Roof","Server/Item/Items/Rock/Marble/Rock_Marble_Brick_Roof.json","3750","874A91BF7FAD28CAF2AA7604F9A527BACD1E021038A33B3952664E04534F3DF5"
"items","Rock_Marble_Brick_Roof_Flat","Rock/Marble/Rock_Marble_Brick_Roof_Flat","Server/Item/Items/Rock/Marble/Rock_Marble_Brick_Roof_Flat.json","983","A81BE9173874D687FF0D7D08E8F4E0C45B0721FE61F2E1128F0D455BC90B1674"
"items","Rock_Marble_Brick_Roof_Hollow","Rock/Marble/Rock_Marble_Brick_Roof_Hollow","Server/Item/Items/Rock/Marble/Rock_Marble_Brick_Roof_Hollow.json","3226","45FBB37B538CB025F237B0EFC4A05483CB1BED14AC645B0CB45753082A073A78"
"items","Rock_Marble_Brick_Roof_Shallow","Rock/Marble/Rock_Marble_Brick_Roof_Shallow","Server/Item/Items/Rock/Marble/Rock_Marble_Brick_Roof_Shallow.json","3710","8070E7705FEDE8D2AA9A7A92ABD3A6A913B5A27E5B975C406D2E3119DAF7C76A"
"items","Rock_Marble_Brick_Roof_Steep","Rock/Marble/Rock_Marble_Brick_Roof_Steep","Server/Item/Items/Rock/Marble/Rock_Marble_Brick_Roof_Steep.json","3018","B2F219727947711D35AFCC985D094CC1BBCC62FA156E44733D07633E89F76A2F"
"items","Rock_Marble_Brick_Smooth","Rock/Marble/Rock_Marble_Brick_Smooth","Server/Item/Items/Rock/Marble/Rock_Marble_Brick_Smooth.json","1062","40DF66BD164175ACE55EED419AFFC5B1EF2FF8EDAC6B54410052779375F60B9C"
"items","Rock_Marble_Brick_Smooth_Half","Rock/Marble/Rock_Marble_Brick_Smooth_Half","Server/Item/Items/Rock/Marble/Rock_Marble_Brick_Smooth_Half.json","2550","32982729E47048F9276D5AB6F5E893EAE62CDE8BDD6FA1C2ADED27B23CA966B2"
"items","Rock_Marble_Brick_Stairs","Rock/Marble/Rock_Marble_Brick_Stairs","Server/Item/Items/Rock/Marble/Rock_Marble_Brick_Stairs.json","3112","DECEE5565DD52B5E0470F573DB00F23FE3C1DEEC493C86F0EF69448C48176C36"
"items","Rock_Marble_Brick_Wall","Rock/Marble/Rock_Marble_Brick_Wall","Server/Item/Items/Rock/Marble/Rock_Marble_Brick_Wall.json","1987","7D7C0A6CDB3DF87C9CCB40B6FE98E7C0FA7CBB2B8640404B94E50320B37ACCB5"
"items","Rock_Marble_Cobble","Rock/Marble/Rock_Marble_Cobble","Server/Item/Items/Rock/Marble/Rock_Marble_Cobble.json","777","C8198EA142E60E1DB4C2A7AA8AB2AD52D53BD80F5B2F5B84A9A478FECACE78D3"
"items","Rock_Marble_Cobble_Beam","Rock/Marble/Rock_Marble_Cobble_Beam","Server/Item/Items/Rock/Marble/Rock_Marble_Cobble_Beam.json","1152","33A40D0C97AC93ACDB678DBCB6A09894DAB5B24698A73C3630C32B2BFC19667C"
"items","Rock_Marble_Cobble_Half","Rock/Marble/Rock_Marble_Cobble_Half","Server/Item/Items/Rock/Marble/Rock_Marble_Cobble_Half.json","2475","39954E92C4C987FF6A9FB91C6D244EC6A291A789000241EA19223B07ACDAF698"
"items","Rock_Marble_Cobble_Roof","Rock/Marble/Rock_Marble_Cobble_Roof","Server/Item/Items/Rock/Marble/Rock_Marble_Cobble_Roof.json","3724","F3127DA4E886FD6F2AEF193CB28581DD490B8FD96F593A7FD73C3C7109138E72"
"items","Rock_Marble_Cobble_Roof_Flat","Rock/Marble/Rock_Marble_Cobble_Roof_Flat","Server/Item/Items/Rock/Marble/Rock_Marble_Cobble_Roof_Flat.json","976","6B09B7D101E4FD9F2E52B02902211802892A20C12772F49904DBAF5BDE3A0CD1"
"items","Rock_Marble_Cobble_Roof_Hollow","Rock/Marble/Rock_Marble_Cobble_Roof_Hollow","Server/Item/Items/Rock/Marble/Rock_Marble_Cobble_Roof_Hollow.json","3085","66404C1BF3A2F569BA27BF29C3505421049602290F242C413FBD4B46476C673C"
"items","Rock_Marble_Cobble_Roof_Shallow","Rock/Marble/Rock_Marble_Cobble_Roof_Shallow","Server/Item/Items/Rock/Marble/Rock_Marble_Cobble_Roof_Shallow.json","3688","E5717A9F49ADCFE3A16D1EE9D77FFB92C0A8D71B28897CF98F5D434A3398C295"
"items","Rock_Marble_Cobble_Roof_Steep","Rock/Marble/Rock_Marble_Cobble_Roof_Steep","Server/Item/Items/Rock/Marble/Rock_Marble_Cobble_Roof_Steep.json","2840","4EC65454BCA679837DC6DEA18FA83700691BECC2F41EFE21A721A25F3BE3F273"
"items","Rock_Marble_Cobble_Stairs","Rock/Marble/Rock_Marble_Cobble_Stairs","Server/Item/Items/Rock/Marble/Rock_Marble_Cobble_Stairs.json","3117","682C6418F9C4CFA0FB37A9C5448D670383DAE79676FBD43CAC2BB31BA7954DC2"
"items","Rock_Marble_Cobble_Wall","Rock/Marble/Rock_Marble_Cobble_Wall","Server/Item/Items/Rock/Marble/Rock_Marble_Cobble_Wall.json","2029","8B5B18A069D4D36FD5AABB2AB85C6A39A06FC00AAC7B9081615A3EAA18CA83E7"
"items","Rock_Marble_Half","Rock/Marble/Rock_Marble_Half","Server/Item/Items/Rock/Marble/Rock_Marble_Half.json","3014","7D33A5CDCF7E27987112B23D752721D4CD4E8DE3C0CAE521B17F2C741D2D481B"
"items","Rock_Marble_Stairs","Rock/Marble/Rock_Marble_Stairs","Server/Item/Items/Rock/Marble/Rock_Marble_Stairs.json","3923","1B1520A301A986151546F0C9D2575D3FD68E1F6E3C62FE6B19D148C000706A3B"
"items","Rock_Marble_Stalactite_Large","Rock/Marble/Rock_Marble_Stalactite_Large","Server/Item/Items/Rock/Marble/Rock_Marble_Stalactite_Large.json","791","CB6DDF5037E7CFEFB38B28C2B39DC5F66C9F9937BAA4B5EE02743338BD376AA3"
"items","Rock_Marble_Stalactite_Small","Rock/Marble/Rock_Marble_Stalactite_Small","Server/Item/Items/Rock/Marble/Rock_Marble_Stalactite_Small.json","791","03FE06226155C6FFCB256CE58F34B5E76D10CC624D47D65D0062C39BD12A729D"
"items","Prototype_Rock_Peach_Brick_Pipe_Corner","Rock/Peach/Prototype_Rock_Peach_Brick_Pipe_Corner","Server/Item/Items/Rock/Peach/Prototype_Rock_Peach_Brick_Pipe_Corner.json","777","874345BD8BF084420D53AD553D909EB41FFB1234A600ABD29553B32F8DB45B03"
"items","Prototype_Rock_Peach_Brick_Pipe_Short","Rock/Peach/Prototype_Rock_Peach_Brick_Pipe_Short","Server/Item/Items/Rock/Peach/Prototype_Rock_Peach_Brick_Pipe_Short.json","800","455B1757FE3EC17BD14BB32CB45FDB55491D18A037CEFC2909478221CFD32BD4"
"items","Prototype_Rock_Peach_Cobble_Pipe_Corner","Rock/Peach/Prototype_Rock_Peach_Cobble_Pipe_Corner","Server/Item/Items/Rock/Peach/Prototype_Rock_Peach_Cobble_Pipe_Corner.json","784","6EDF712215368C6DD23EDFF851B6BA6BCD25F2A21D3AA98184FDB9E665DC6125"
"items","Prototype_Rock_Peach_Cobble_Pipe_Short","Rock/Peach/Prototype_Rock_Peach_Cobble_Pipe_Short","Server/Item/Items/Rock/Peach/Prototype_Rock_Peach_Cobble_Pipe_Short.json","771","CFD2B83E1C6C7C807EEFB711160798EA11BDFFA7AA47B859CD22E7C895FC5EEE"
"items","Rock_Peach_Brick","Rock/Peach/Rock_Peach_Brick","Server/Item/Items/Rock/Peach/Rock_Peach_Brick.json","1531","8985EC9BABE8CAAD96A9E8BB834109456D3048077EABB6D01A9FD10C0B1AFBB1"
"items","Rock_Peach_Brick_Beam","Rock/Peach/Rock_Peach_Brick_Beam","Server/Item/Items/Rock/Peach/Rock_Peach_Brick_Beam.json","1040","A04784362E9F0AA17F388CE0E0D585F3BE8F557E5C9B4958B6B61E4B995542BA"
"items","Rock_Peach_Brick_Half","Rock/Peach/Rock_Peach_Brick_Half","Server/Item/Items/Rock/Peach/Rock_Peach_Brick_Half.json","2382","5E1E272E682B00C5846D6A09F099C90950D818C36BB8CC0A524368664024A215"
"items","Rock_Peach_Brick_Pillar_Base","Rock/Peach/Rock_Peach_Brick_Pillar_Base","Server/Item/Items/Rock/Peach/Rock_Peach_Brick_Pillar_Base.json","987","817A0733EC4F6FA2CB7E59FDDBCEBE2BA129E1A111D817C16544C61DD2D297F6"
"items","Rock_Peach_Brick_Pillar_Middle","Rock/Peach/Rock_Peach_Brick_Pillar_Middle","Server/Item/Items/Rock/Peach/Rock_Peach_Brick_Pillar_Middle.json","1096","E08C9596BDD19506AD2A9184108D85AAB2D3C17220E25F2D88FD43470B631443"
"items","Rock_Peach_Brick_Stairs","Rock/Peach/Rock_Peach_Brick_Stairs","Server/Item/Items/Rock/Peach/Rock_Peach_Brick_Stairs.json","3065","4D5A26B267F00967275CCA4B0943DE9B9FFA8E6CA693433248F23C7F2F8E7C58"
"items","Rock_Peach_Brick_Wall","Rock/Peach/Rock_Peach_Brick_Wall","Server/Item/Items/Rock/Peach/Rock_Peach_Brick_Wall.json","2513","B5C1C18295A96E474E2710D0B72AAD0D9351E41683FF83C0E7975BD644279CE3"
"items","Rock_Peach_Cobble","Rock/Peach/Rock_Peach_Cobble","Server/Item/Items/Rock/Peach/Rock_Peach_Cobble.json","1073","7DC6A1BD27CC187DC8974AEB9BBFFF6B095B144B29145A21001423BEB81561A4"
"items","Rock_Peach_Cobble_Beam","Rock/Peach/Rock_Peach_Cobble_Beam","Server/Item/Items/Rock/Peach/Rock_Peach_Cobble_Beam.json","1037","AE75D4A9B81ABFEF4935FC76A4EBBBB2C471209E68EF74B1BAC6604338D59575"
"items","Rock_Peach_Cobble_Half","Rock/Peach/Rock_Peach_Cobble_Half","Server/Item/Items/Rock/Peach/Rock_Peach_Cobble_Half.json","2383","7105E37AE446C8D971A6EB187646E5D146FA483DB0068104888FB2156A1E849D"
"items","Rock_Peach_Cobble_Pillar_Base","Rock/Peach/Rock_Peach_Cobble_Pillar_Base","Server/Item/Items/Rock/Peach/Rock_Peach_Cobble_Pillar_Base.json","984","9FC23D85CAEE0C2E87D9250CF228C296E286F0473621976A5B2DE9430753C6C9"
"items","Rock_Peach_Cobble_Pillar_Middle","Rock/Peach/Rock_Peach_Cobble_Pillar_Middle","Server/Item/Items/Rock/Peach/Rock_Peach_Cobble_Pillar_Middle.json","1093","475B6DFBDF78EE94F0A1DC25543C87B56E8DC9C96FD2F4389EC11F61654B358C"
"items","Rock_Peach_Cobble_Stairs","Rock/Peach/Rock_Peach_Cobble_Stairs","Server/Item/Items/Rock/Peach/Rock_Peach_Cobble_Stairs.json","3063","38ECA30DB72B3B33941CE2DDDEEE0BD67693E8608A0DC3AF133B1E672356DD82"
"items","Rock_Peach_Cobble_Wall","Rock/Peach/Rock_Peach_Cobble_Wall","Server/Item/Items/Rock/Peach/Rock_Peach_Cobble_Wall.json","2516","A5AF20D0526A9442402FBF66758BF4C5FAC4C9DCDC14AAFB1FA0749C0B2C5B66"
"items","Test_All_Rotation","Rock/PrototypeTests/Test_All_Rotation","Server/Item/Items/Rock/PrototypeTests/Test_All_Rotation.json","1239","CAE257A12DD6799DE24940EF92E779F86FEC571ED4F07FE652241DBC6E8D9E3C"
"items","Rock_Quartzite","Rock/Quartzite/Rock_Quartzite","Server/Item/Items/Rock/Quartzite/Rock_Quartzite.json","942","8BDFCC953AE9613356E2908EFCF6B6C91218A9E0D5131FA6988D53DD93C2558B"
"items","Rock_Quartzite_Beam","Rock/Quartzite/Rock_Quartzite_Beam","Server/Item/Items/Rock/Quartzite/Rock_Quartzite_Beam.json","1002","8273620C854EC139A415909CDED6FF6B41F20DF145343C4A4598F8427CBEF29E"
"items","Rock_Quartzite_Brick","Rock/Quartzite/Rock_Quartzite_Brick","Server/Item/Items/Rock/Quartzite/Rock_Quartzite_Brick.json","1035","DA1F5A44D07F4740DF21BD8B71C6F742B9DA4ECC89A5842D80F8B40A97939BB3"
"items","Rock_Quartzite_Brick_Beam","Rock/Quartzite/Rock_Quartzite_Brick_Beam","Server/Item/Items/Rock/Quartzite/Rock_Quartzite_Brick_Beam.json","1172","CCCACFCF48A65B489242B0F6BFA126563AEA01ADD15A7A3066764B13EB9BD33E"
"items","Rock_Quartzite_Brick_Decorative","Rock/Quartzite/Rock_Quartzite_Brick_Decorative","Server/Item/Items/Rock/Quartzite/Rock_Quartzite_Brick_Decorative.json","1042","31A578AD94D572CA5BFDF6DE4C6ADC44FDAC97469DAC81B8C2BE30B6228680CC"
"items","Rock_Quartzite_Brick_Half","Rock/Quartzite/Rock_Quartzite_Brick_Half","Server/Item/Items/Rock/Quartzite/Rock_Quartzite_Brick_Half.json","2466","12A1848756C00522C32678B5C8AF642B1C2573B530A1ABE150719822E5425481"
"items","Rock_Quartzite_Brick_Ornate","Rock/Quartzite/Rock_Quartzite_Brick_Ornate","Server/Item/Items/Rock/Quartzite/Rock_Quartzite_Brick_Ornate.json","1026","EEC95B3D815E4CB0D54E879CCD228EC13EC20DD75319AF4DBCEA9ADC77957573"
"items","Rock_Quartzite_Brick_Pillar_Base","Rock/Quartzite/Rock_Quartzite_Brick_Pillar_Base","Server/Item/Items/Rock/Quartzite/Rock_Quartzite_Brick_Pillar_Base.json","1042","28183AC52A87A7B787AF30F9B4577C9CE94663E3143451A07B8BCA9380EEE2DF"
"items","Rock_Quartzite_Brick_Pillar_Middle","Rock/Quartzite/Rock_Quartzite_Brick_Pillar_Middle","Server/Item/Items/Rock/Quartzite/Rock_Quartzite_Brick_Pillar_Middle.json","1144","E5A00C917D02AD4CD85AF5CD439BB92C53523A33DD69A39536480BF1375BDDFA"
"items","Rock_Quartzite_Brick_Roof","Rock/Quartzite/Rock_Quartzite_Brick_Roof","Server/Item/Items/Rock/Quartzite/Rock_Quartzite_Brick_Roof.json","3786","9995E5FC13E68B50EE4FE6356AA9858EFC929197E4FF0D3C61E6393F62A52452"
"items","Rock_Quartzite_Brick_Roof_Flat","Rock/Quartzite/Rock_Quartzite_Brick_Roof_Flat","Server/Item/Items/Rock/Quartzite/Rock_Quartzite_Brick_Roof_Flat.json","1001","730B450E10E0B90724E783ACB98FEC3C732FFBA1686340DCB56AC1F90514E34F"
"items","Rock_Quartzite_Brick_Roof_Hollow","Rock/Quartzite/Rock_Quartzite_Brick_Roof_Hollow","Server/Item/Items/Rock/Quartzite/Rock_Quartzite_Brick_Roof_Hollow.json","3258","6F2983A4E6043DE25AEC8C436E579B2AB181F7066AE576C1E41487BB1E621FAB"
"items","Rock_Quartzite_Brick_Roof_Shallow","Rock/Quartzite/Rock_Quartzite_Brick_Roof_Shallow","Server/Item/Items/Rock/Quartzite/Rock_Quartzite_Brick_Roof_Shallow.json","3743","3D911424D2521AEC04056C319C620FCC4BF7FC6545BB7DB03782D1FFD42F87E6"
"items","Rock_Quartzite_Brick_Roof_Steep","Rock/Quartzite/Rock_Quartzite_Brick_Roof_Steep","Server/Item/Items/Rock/Quartzite/Rock_Quartzite_Brick_Roof_Steep.json","3043","4AE44E8D7A6394472C1B510B131D4A921D039519061991229B16E3BDDDEA20AF"
"items","Rock_Quartzite_Brick_Smooth","Rock/Quartzite/Rock_Quartzite_Brick_Smooth","Server/Item/Items/Rock/Quartzite/Rock_Quartzite_Brick_Smooth.json","1026","704386FA87BA43B4B98ACF774D3A9230165CBE3C50D196514C0223AD9920D34F"
"items","Rock_Quartzite_Brick_Smooth_Half","Rock/Quartzite/Rock_Quartzite_Brick_Smooth_Half","Server/Item/Items/Rock/Quartzite/Rock_Quartzite_Brick_Smooth_Half.json","2618","74C48607C221371CA364AF52E09940AC5FBDE22EB0AAF44E66D282275BA6F023"
"items","Rock_Quartzite_Brick_Stairs","Rock/Quartzite/Rock_Quartzite_Brick_Stairs","Server/Item/Items/Rock/Quartzite/Rock_Quartzite_Brick_Stairs.json","3139","808AB9090872DC228C357BAA4A083DBBD48F7E0A4C78FAC4B203F8D68DA5353D"
"items","Rock_Quartzite_Brick_Wall","Rock/Quartzite/Rock_Quartzite_Brick_Wall","Server/Item/Items/Rock/Quartzite/Rock_Quartzite_Brick_Wall.json","2152","77E9E245CB49CBCA9EB3D770657A0A055073205F56EBC9CA47BA1E25C8EB7AA5"
"items","Rock_Quartzite_Cobble","Rock/Quartzite/Rock_Quartzite_Cobble","Server/Item/Items/Rock/Quartzite/Rock_Quartzite_Cobble.json","731","38164867867ECE11C39C332A860AA1B1345E36B54E2E2A27901FAEBEC9F71036"
"items","Rock_Quartzite_Cobble_Beam","Rock/Quartzite/Rock_Quartzite_Cobble_Beam","Server/Item/Items/Rock/Quartzite/Rock_Quartzite_Cobble_Beam.json","1325","CF01C31A474272EE37B7C0EB6CEC615C5DC95D7087E59BCFC7A40EF86D185F07"
"items","Rock_Quartzite_Cobble_Half","Rock/Quartzite/Rock_Quartzite_Cobble_Half","Server/Item/Items/Rock/Quartzite/Rock_Quartzite_Cobble_Half.json","2482","34882BFE052120E04D90DF9368B110F3405092817209FAC074E656D4B09C4E1C"
"items","Rock_Quartzite_Cobble_Roof","Rock/Quartzite/Rock_Quartzite_Cobble_Roof","Server/Item/Items/Rock/Quartzite/Rock_Quartzite_Cobble_Roof.json","3760","5C02646555E6BE3483B62171DB0BF59814F50B2936CD6B0E86E552966199EB90"
"items","Rock_Quartzite_Cobble_Roof_Flat","Rock/Quartzite/Rock_Quartzite_Cobble_Roof_Flat","Server/Item/Items/Rock/Quartzite/Rock_Quartzite_Cobble_Roof_Flat.json","994","0D85B8F9C899A02B144390D9D1F9CCC13E098FC24D63F49D43903A505E8E74D8"
"items","Rock_Quartzite_Cobble_Roof_Hollow","Rock/Quartzite/Rock_Quartzite_Cobble_Roof_Hollow","Server/Item/Items/Rock/Quartzite/Rock_Quartzite_Cobble_Roof_Hollow.json","3118","F7AB77C3266F366FB09FFE225B05A2EFDFBBF56DED3AEA63D360EA04ED7AF655"
"items","Rock_Quartzite_Cobble_Roof_Shallow","Rock/Quartzite/Rock_Quartzite_Cobble_Roof_Shallow","Server/Item/Items/Rock/Quartzite/Rock_Quartzite_Cobble_Roof_Shallow.json","3721","7DB04FEF285D3CDBF7253BA6D1BE23AEB64D7A43E0C79D6138F70F7464177623"
"items","Rock_Quartzite_Cobble_Roof_Steep","Rock/Quartzite/Rock_Quartzite_Cobble_Roof_Steep","Server/Item/Items/Rock/Quartzite/Rock_Quartzite_Cobble_Roof_Steep.json","2861","4889C1D1DE9AE0DA39BAA57D5FA2BD7030B9CD8C28A638D80D49CDB2326E55C5"
"items","Rock_Quartzite_Cobble_Stairs","Rock/Quartzite/Rock_Quartzite_Cobble_Stairs","Server/Item/Items/Rock/Quartzite/Rock_Quartzite_Cobble_Stairs.json","3138","5DBA4F04A0762BFD9B35B65DE30602004E7E862FA6EBFE55B326E1074AD0C593"
"items","Rock_Quartzite_Cobble_Wall","Rock/Quartzite/Rock_Quartzite_Cobble_Wall","Server/Item/Items/Rock/Quartzite/Rock_Quartzite_Cobble_Wall.json","2062","D8A13C176FB27D854FA3527FC98FC66D6C46F979C063ECFE85ADEC90A928A32B"
"items","Rock_Quartzite_Half","Rock/Quartzite/Rock_Quartzite_Half","Server/Item/Items/Rock/Quartzite/Rock_Quartzite_Half.json","3041","9B9A1B84166F71D4C4C9EEDD95E32C15D653E3D82555631927EFE658B5B724B8"
"items","Rock_Quartzite_Stairs","Rock/Quartzite/Rock_Quartzite_Stairs","Server/Item/Items/Rock/Quartzite/Rock_Quartzite_Stairs.json","3944","B25EC55F8D2339623AF4E11E13F1AD5BF1B8D4840DF7792A5CDB75CA168610FD"
"items","Rock_Quartzite_Stalactite_Large","Rock/Quartzite/Rock_Quartzite_Stalactite_Large","Server/Item/Items/Rock/Quartzite/Rock_Quartzite_Stalactite_Large.json","962","6B2948E052D5955DC574CB07A6DB88ECBC5F40979D30AE5D97E833655B530CBE"
"items","Rock_Quartzite_Stalactite_Small","Rock/Quartzite/Rock_Quartzite_Stalactite_Small","Server/Item/Items/Rock/Quartzite/Rock_Quartzite_Stalactite_Small.json","809","8664E7E2B59CC197A5A8C5D6D1ACCC853952C5AF9AE6C01339CC9F1051E89E20"
"items","Rock_Runic_Blue_Brick","Rock/Runic_Blue/Rock_Runic_Blue_Brick","Server/Item/Items/Rock/Runic_Blue/Rock_Runic_Blue_Brick.json","606","A96F2B78F75D794C02050C22B1049888B98A381DCFFBD217D51312E67F8FDEC7"
"items","Rock_Runic_Blue_Brick_Beam","Rock/Runic_Blue/Rock_Runic_Blue_Brick_Beam","Server/Item/Items/Rock/Runic_Blue/Rock_Runic_Blue_Brick_Beam.json","706","8517A90ECEE462F8DBA60C00CF12866F5B68BC61A7FC2FB30AC779329A3056AF"
"items","Rock_Runic_Blue_Brick_Half","Rock/Runic_Blue/Rock_Runic_Blue_Brick_Half","Server/Item/Items/Rock/Runic_Blue/Rock_Runic_Blue_Brick_Half.json","2074","0CD4A547E10EB1DEAA38F7F3BF7125A82A44B13A19884AC4B8769A6599020CB8"
"items","Rock_Runic_Blue_Brick_Pillar_Base","Rock/Runic_Blue/Rock_Runic_Blue_Brick_Pillar_Base","Server/Item/Items/Rock/Runic_Blue/Rock_Runic_Blue_Brick_Pillar_Base.json","673","FADF355EAE7A02AB0DD5D3240E11DF6D3455865BE192F479DB209AF31E3CB29F"
"items","Rock_Runic_Blue_Brick_Pillar_Middle","Rock/Runic_Blue/Rock_Runic_Blue_Brick_Pillar_Middle","Server/Item/Items/Rock/Runic_Blue/Rock_Runic_Blue_Brick_Pillar_Middle.json","782","E99407FF0C358B42F01885E7E48C973EE98C3F2F5C6725FC6141347D0E443C65"
"items","Rock_Runic_Blue_Brick_Pipe_Corner","Rock/Runic_Blue/Rock_Runic_Blue_Brick_Pipe_Corner","Server/Item/Items/Rock/Runic_Blue/Rock_Runic_Blue_Brick_Pipe_Corner.json","778","DC55C4B4AC19AEDBE485BD0AD4EC505FE0538982EDB6D66ADB0718A865F0DF2E"
"items","Rock_Runic_Blue_Brick_Pipe_Short","Rock/Runic_Blue/Rock_Runic_Blue_Brick_Pipe_Short","Server/Item/Items/Rock/Runic_Blue/Rock_Runic_Blue_Brick_Pipe_Short.json","769","2B1390D6024C351C5F4269B8A179D6B24DD5E196960BF96319C0AAD0BA9C374F"
"items","Rock_Runic_Blue_Brick_Stairs","Rock/Runic_Blue/Rock_Runic_Blue_Brick_Stairs","Server/Item/Items/Rock/Runic_Blue/Rock_Runic_Blue_Brick_Stairs.json","2751","4AFE10234B25E455909E7D915B8D668E66C37F869B478B3A116F79945CE5D59A"
"items","Rock_Runic_Blue_Brick_Wall","Rock/Runic_Blue/Rock_Runic_Blue_Brick_Wall","Server/Item/Items/Rock/Runic_Blue/Rock_Runic_Blue_Brick_Wall.json","2233","73F67E2BD30203F5BF6D9A54A7A5D1A8556E546B17A08F17DA3A760271CA42F8"
"items","Prototype_Rock_Runic_Dark_Brick_Pipe_Corner","Rock/Runic_Dark/Prototype_Rock_Runic_Dark_Brick_Pipe_Corner","Server/Item/Items/Rock/Runic_Dark/Prototype_Rock_Runic_Dark_Brick_Pipe_Corner.json","787","CE84423C1A4A2CDE135AB38FEA5F2D35FB1B904209AA6770A24280FE8C27AFFA"
"items","Prototype_Rock_Runic_Dark_Brick_Pipe_Short","Rock/Runic_Dark/Prototype_Rock_Runic_Dark_Brick_Pipe_Short","Server/Item/Items/Rock/Runic_Dark/Prototype_Rock_Runic_Dark_Brick_Pipe_Short.json","778","4E73AC5B48AE8A0359840B535EFC2C37CF4E9BC3005442B297D9A03FEBF25CDA"
"items","Rock_Runic_Dark_Brick","Rock/Runic_Dark/Rock_Runic_Dark_Brick","Server/Item/Items/Rock/Runic_Dark/Rock_Runic_Dark_Brick.json","1008","1990C99794EE5536A2E3BE60BF435A0C65AFFE1B313AAF0A9161411E2EB47863"
"items","Rock_Runic_Dark_Brick_Beam","Rock/Runic_Dark/Rock_Runic_Dark_Brick_Beam","Server/Item/Items/Rock/Runic_Dark/Rock_Runic_Dark_Brick_Beam.json","601","E32E0B40DFBA335FD8BDEE2BBD40DB065C2B8504082E89297BCDC36052812557"
"items","Rock_Runic_Dark_Brick_Half","Rock/Runic_Dark/Rock_Runic_Dark_Brick_Half","Server/Item/Items/Rock/Runic_Dark/Rock_Runic_Dark_Brick_Half.json","2058","D9702CF527D6D416D4DF698740C244A79822271852C650AFA4121761E0839315"
"items","Rock_Runic_Dark_Brick_Pillar_Base","Rock/Runic_Dark/Rock_Runic_Dark_Brick_Pillar_Base","Server/Item/Items/Rock/Runic_Dark/Rock_Runic_Dark_Brick_Pillar_Base.json","662","5853C40E27A97EDCA47D8C372C6F3663CBDB54338BEE4F77929BE3120E3B12EA"
"items","Rock_Runic_Dark_Brick_Pillar_Middle","Rock/Runic_Dark/Rock_Runic_Dark_Brick_Pillar_Middle","Server/Item/Items/Rock/Runic_Dark/Rock_Runic_Dark_Brick_Pillar_Middle.json","771","9A6CFB93602B21F14BF322A6255746C4F389360D9F945B096254702C1A05F5EB"
"items","Rock_Runic_Dark_Brick_Stairs","Rock/Runic_Dark/Rock_Runic_Dark_Brick_Stairs","Server/Item/Items/Rock/Runic_Dark/Rock_Runic_Dark_Brick_Stairs.json","2733","54AD92190154D099E4198F940A09E4A3A98843791C8A65339951B27E3E446D3B"
"items","Rock_Runic_Dark_Brick_Wall","Rock/Runic_Dark/Rock_Runic_Dark_Brick_Wall","Server/Item/Items/Rock/Runic_Dark/Rock_Runic_Dark_Brick_Wall.json","2222","48256FA91747D9B411EC882AD053E8B37D53E5CA5B78FA2E8F7A779C3FE85D7C"
"items","Rock_Runic_Teal_Brick","Rock/Runic_Teal/Rock_Runic_Teal_Brick","Server/Item/Items/Rock/Runic_Teal/Rock_Runic_Teal_Brick.json","900","7A10562AC710CF860E937CFA8CF689F4BE54CE6C0B4D06EEAD379A6FD7C14800"
"items","Rock_Runic_Teal_Brick_Beam","Rock/Runic_Teal/Rock_Runic_Teal_Brick_Beam","Server/Item/Items/Rock/Runic_Teal/Rock_Runic_Teal_Brick_Beam.json","623","2ACA6951B48592B65F1959F20E867CFD4F8F227C7B57A2EE48561B74CCCBE6B4"
"items","Rock_Runic_Teal_Brick_Half","Rock/Runic_Teal/Rock_Runic_Teal_Brick_Half","Server/Item/Items/Rock/Runic_Teal/Rock_Runic_Teal_Brick_Half.json","2084","876B7C74537CDBC4AE73FE11B252597E8189148DDD4E0385F460A5D587E9F874"
"items","Rock_Runic_Teal_Brick_Pillar_Base","Rock/Runic_Teal/Rock_Runic_Teal_Brick_Pillar_Base","Server/Item/Items/Rock/Runic_Teal/Rock_Runic_Teal_Brick_Pillar_Base.json","689","F546370AADEA308DAA0CAA4D9900BA45D9B7DCB748ADBA7C3E394F3189459FE2"
"items","Rock_Runic_Teal_Brick_Pillar_Middle","Rock/Runic_Teal/Rock_Runic_Teal_Brick_Pillar_Middle","Server/Item/Items/Rock/Runic_Teal/Rock_Runic_Teal_Brick_Pillar_Middle.json","798","6405DA95BBA69D315E3479E7D441E778CF6FC8A8AC3E9D390C96CCF65580F742"
"items","Rock_Runic_Teal_Brick_Pipe_Corner","Rock/Runic_Teal/Rock_Runic_Teal_Brick_Pipe_Corner","Server/Item/Items/Rock/Runic_Teal/Rock_Runic_Teal_Brick_Pipe_Corner.json","798","277204B8C6DEAD1BCD06FB7775B8CEC75CE9F8848B8A5D800AB27A44BFBB31B9"
"items","Rock_Runic_Teal_Brick_Pipe_Short","Rock/Runic_Teal/Rock_Runic_Teal_Brick_Pipe_Short","Server/Item/Items/Rock/Runic_Teal/Rock_Runic_Teal_Brick_Pipe_Short.json","789","BEAC5350786B50268809CC6DAF6162EE4915CAB10F5170AAD1B72C6476DA6DC2"
"items","Rock_Runic_Teal_Brick_Stairs","Rock/Runic_Teal/Rock_Runic_Teal_Brick_Stairs","Server/Item/Items/Rock/Runic_Teal/Rock_Runic_Teal_Brick_Stairs.json","2761","7245B0DE9ED40CF090A7847992415EBBC237422B83C0411324283586FC060334"
"items","Rock_Runic_Teal_Brick_Wall","Rock/Runic_Teal/Rock_Runic_Teal_Brick_Wall","Server/Item/Items/Rock/Runic_Teal/Rock_Runic_Teal_Brick_Wall.json","2249","CBE40B4240BF333154A7D48A187CC3496C5234BE4115F9BC5DAED55E4691998E"
"items","Prototype_Rock_Runic_Cobble_Pipe_Corner","Rock/Runic/Prototype_Rock_Runic_Cobble_Pipe_Corner","Server/Item/Items/Rock/Runic/Prototype_Rock_Runic_Cobble_Pipe_Corner.json","775","D3FB94559E7F65A3A4A917FBD228A784FB41891785B56D10D8A63ECA129ADD24"
"items","Prototype_Rock_Runic_Cobble_Pipe_Short","Rock/Runic/Prototype_Rock_Runic_Cobble_Pipe_Short","Server/Item/Items/Rock/Runic/Prototype_Rock_Runic_Cobble_Pipe_Short.json","766","2751A36A62121E549941966EB9C0D0856EC129FF3384850E8F0A29ED6A587366"
"items","Rock_Runic_Brick","Rock/Runic/Rock_Runic_Brick","Server/Item/Items/Rock/Runic/Rock_Runic_Brick.json","941","EB24D40C69DD593B20B792CFA6EB551933C721C62D549F804FCFB7F7DB0DFBC2"
"items","Rock_Runic_Brick_Half","Rock/Runic/Rock_Runic_Brick_Half","Server/Item/Items/Rock/Runic/Rock_Runic_Brick_Half.json","2029","C8ED5CE6AC8EA42CFC776E4D55C33D1FC0E344EC151DD364AE0ECC663DD57464"
"items","Rock_Runic_Brick_Ornate","Rock/Runic/Rock_Runic_Brick_Ornate","Server/Item/Items/Rock/Runic/Rock_Runic_Brick_Ornate.json","602","22C17F69236F1891597039189D9EE6D54A76D6A90824904DC3837F515BFAC9D6"
"items","Rock_Runic_Brick_Stairs","Rock/Runic/Rock_Runic_Brick_Stairs","Server/Item/Items/Rock/Runic/Rock_Runic_Brick_Stairs.json","2719","87A48B4D5959533483CDDDE4682A0A028E8C11692A73680F3861893AD1D87A2E"
"items","Rock_Runic_Cobble","Rock/Runic/Rock_Runic_Cobble","Server/Item/Items/Rock/Runic/Rock_Runic_Cobble.json","948","69FBF94B66FDDD32D84F9033652A72C01929CB68215B117B226AF50438D7F7D1"
"items","Rock_Runic_Cobble_Beam","Rock/Runic/Rock_Runic_Cobble_Beam","Server/Item/Items/Rock/Runic/Rock_Runic_Cobble_Beam.json","799","1BD6C3FC64FF831ED1EB8533FF65B560CC4CE5A99B447E70682CF75891F7223C"
"items","Rock_Runic_Cobble_Half","Rock/Runic/Rock_Runic_Cobble_Half","Server/Item/Items/Rock/Runic/Rock_Runic_Cobble_Half.json","2050","A29641E1079D06E31AF07E93C0B997E517CC9CEBC8CD0614DE7B4A2AF4A6D930"
"items","Rock_Runic_Cobble_Pillar_Base","Rock/Runic/Rock_Runic_Cobble_Pillar_Base","Server/Item/Items/Rock/Runic/Rock_Runic_Cobble_Pillar_Base.json","643","ACD30D35CA57A9D8D3765DB6FD710D0BC1D04BE0EF8747BF576602CE5776D959"
"items","Rock_Runic_Cobble_Pillar_Middle","Rock/Runic/Rock_Runic_Cobble_Pillar_Middle","Server/Item/Items/Rock/Runic/Rock_Runic_Cobble_Pillar_Middle.json","752","AD888ED9370AD7BFB9234735D6349144FB22E583B27DFDBE856E0892B81B60CF"
"items","Rock_Runic_Cobble_Stairs","Rock/Runic/Rock_Runic_Cobble_Stairs","Server/Item/Items/Rock/Runic/Rock_Runic_Cobble_Stairs.json","2729","53A3379A485A2DE86086A6BC648C24690247B2E3648EC1F82B0EDC4EF1DCAF00"
"items","Rock_Runic_Cobble_Wall","Rock/Runic/Rock_Runic_Cobble_Wall","Server/Item/Items/Rock/Runic/Rock_Runic_Cobble_Wall.json","2183","6CACEE8CF67CA6E79F6B4A49857F4E8710B69396E404A6511DEED5606200D90D"
"items","Rock_Salt","Rock/Salt/Rock_Salt","Server/Item/Items/Rock/Salt/Rock_Salt.json","758","403F0C75ADB48FFDB6231EA22165A79C6AB8ED0B5BF5975F118DEC5E36C2F864"
"items","Rock_Sandstone_Red","Rock/Sandstone_Red/Rock_Sandstone_Red","Server/Item/Items/Rock/Sandstone_Red/Rock_Sandstone_Red.json","1200","B358874D32629BFF7B6F8C5F06F79162AE15617B3364B1A76531E23BEE2D9269"
"items","Rock_Sandstone_Red_Beam","Rock/Sandstone_Red/Rock_Sandstone_Red_Beam","Server/Item/Items/Rock/Sandstone_Red/Rock_Sandstone_Red_Beam.json","871","C773AC0520782458E7697EC5825E70DDDA62531887AD9D230213A0FD6028EE39"
"items","Rock_Sandstone_Red_Brick","Rock/Sandstone_Red/Rock_Sandstone_Red_Brick","Server/Item/Items/Rock/Sandstone_Red/Rock_Sandstone_Red_Brick.json","1059","0F31A3AD627CE52FE132CA4EC68FB903ED1A142B62127116F82E1AD760B4414B"
"items","Rock_Sandstone_Red_Brick_Beam","Rock/Sandstone_Red/Rock_Sandstone_Red_Brick_Beam","Server/Item/Items/Rock/Sandstone_Red/Rock_Sandstone_Red_Brick_Beam.json","1192","0A92DEC8DD1E61AA5D41AAF3E26BE62A7E03464766FCE8545F494D1FB61903CA"
"items","Rock_Sandstone_Red_Brick_Decorative","Rock/Sandstone_Red/Rock_Sandstone_Red_Brick_Decorative","Server/Item/Items/Rock/Sandstone_Red/Rock_Sandstone_Red_Brick_Decorative.json","1064","D3F8D53AE2E1036754515E0CD0EBE352709351208FB0D53B5ECD09F7B52785EB"
"items","Rock_Sandstone_Red_Brick_Half","Rock/Sandstone_Red/Rock_Sandstone_Red_Brick_Half","Server/Item/Items/Rock/Sandstone_Red/Rock_Sandstone_Red_Brick_Half.json","2498","F1A9AC7F12DC2A746B21D04F4089A2536CABE1BCE34500D67870EFABE1960260"
"items","Rock_Sandstone_Red_Brick_Ornate","Rock/Sandstone_Red/Rock_Sandstone_Red_Brick_Ornate","Server/Item/Items/Rock/Sandstone_Red/Rock_Sandstone_Red_Brick_Ornate.json","1054","7F06A591827B62C3494FCEF5B41636742B8FCFC917A174614FF982A4E9EC4B1E"
"items","Rock_Sandstone_Red_Brick_Pillar_Base","Rock/Sandstone_Red/Rock_Sandstone_Red_Brick_Pillar_Base","Server/Item/Items/Rock/Sandstone_Red/Rock_Sandstone_Red_Brick_Pillar_Base.json","1032","CEE53C01F9CF39208DE8ADF1BBD264DF50D963F05134B3071ED884AD29468E89"
"items","Rock_Sandstone_Red_Brick_Pillar_Middle","Rock/Sandstone_Red/Rock_Sandstone_Red_Brick_Pillar_Middle","Server/Item/Items/Rock/Sandstone_Red/Rock_Sandstone_Red_Brick_Pillar_Middle.json","1134","B5D9E8B03B71E774533A684586946E19ED9D8F4CE45A550D1D0F1A423CB2E64C"
"items","Rock_Sandstone_Red_Brick_Roof","Rock/Sandstone_Red/Rock_Sandstone_Red_Brick_Roof","Server/Item/Items/Rock/Sandstone_Red/Rock_Sandstone_Red_Brick_Roof.json","3876","E14C76C0376C259678C00E742A417E1AF7CD39839DE332E27C3C504241E35C9D"
"items","Rock_Sandstone_Red_Brick_Roof_Flat","Rock/Sandstone_Red/Rock_Sandstone_Red_Brick_Roof_Flat","Server/Item/Items/Rock/Sandstone_Red/Rock_Sandstone_Red_Brick_Roof_Flat.json","1021","1B59195630CEEA83A39824B6C96C64D724AB0CDD5BB136950ADDAFA1BD4914D3"
"items","Rock_Sandstone_Red_Brick_Roof_Hollow","Rock/Sandstone_Red/Rock_Sandstone_Red_Brick_Roof_Hollow","Server/Item/Items/Rock/Sandstone_Red/Rock_Sandstone_Red_Brick_Roof_Hollow.json","3299","C174D9768F20177E36B791CBBA5EE08587E997410796C068BEE2A905FDACB4A9"
"items","Rock_Sandstone_Red_Brick_Roof_Shallow","Rock/Sandstone_Red/Rock_Sandstone_Red_Brick_Roof_Shallow","Server/Item/Items/Rock/Sandstone_Red/Rock_Sandstone_Red_Brick_Roof_Shallow.json","3783","5C5159E1B18775AC49C5BDCA3D1B5815C40914B7B553E774C9B1556D84A81E6D"
"items","Rock_Sandstone_Red_Brick_Roof_Steep","Rock/Sandstone_Red/Rock_Sandstone_Red_Brick_Roof_Steep","Server/Item/Items/Rock/Sandstone_Red/Rock_Sandstone_Red_Brick_Roof_Steep.json","3063","2DE85FD948E1C59A3FC0B0DB0A96B0CB015A0F05513CC7BF389D756615250D1A"
"items","Rock_Sandstone_Red_Brick_Smooth","Rock/Sandstone_Red/Rock_Sandstone_Red_Brick_Smooth","Server/Item/Items/Rock/Sandstone_Red/Rock_Sandstone_Red_Brick_Smooth.json","1054","CF9E769BB478FA48D2550C8633D270698E4D488BEFC9C8010E36F9D92C6F429C"
"items","Rock_Sandstone_Red_Brick_Smooth_Half","Rock/Sandstone_Red/Rock_Sandstone_Red_Brick_Smooth_Half","Server/Item/Items/Rock/Sandstone_Red/Rock_Sandstone_Red_Brick_Smooth_Half.json","2615","C17BB22907919EF1BCF74F7507B95E4A7B64EB74FA3EFB4DC052B859E8AD703D"
"items","Rock_Sandstone_Red_Brick_Stairs","Rock/Sandstone_Red/Rock_Sandstone_Red_Brick_Stairs","Server/Item/Items/Rock/Sandstone_Red/Rock_Sandstone_Red_Brick_Stairs.json","3163","C71E0B2458F2E5A7DD2BAA7571AE7C8E76A7171607A43F02534EC8A49A1DA529"
"items","Rock_Sandstone_Red_Brick_Wall","Rock/Sandstone_Red/Rock_Sandstone_Red_Brick_Wall","Server/Item/Items/Rock/Sandstone_Red/Rock_Sandstone_Red_Brick_Wall.json","2216","5BC32D172C3E38504001A737161FDE81BB4EBC69AB22361E178CA939EE389CBD"
"items","Rock_Sandstone_Red_Cobble","Rock/Sandstone_Red/Rock_Sandstone_Red_Cobble","Server/Item/Items/Rock/Sandstone_Red/Rock_Sandstone_Red_Cobble.json","837","6BA0BC25FD22E700A348FE847A09AB4E933F6409C7EE67061204CDA123B9E4EB"
"items","Rock_Sandstone_Red_Cobble_Beam","Rock/Sandstone_Red/Rock_Sandstone_Red_Cobble_Beam","Server/Item/Items/Rock/Sandstone_Red/Rock_Sandstone_Red_Cobble_Beam.json","1190","1F2F75CEAFD4CDF6813FE1139A267BA252C4A062275645790EB3E3114F417DFA"
"items","Rock_Sandstone_Red_Cobble_Half","Rock/Sandstone_Red/Rock_Sandstone_Red_Cobble_Half","Server/Item/Items/Rock/Sandstone_Red/Rock_Sandstone_Red_Cobble_Half.json","2475","111F2254F0B7947709ABA486738F60F7BF7F2D95DEC2A8BEC9D27AC2138130D2"
"items","Rock_Sandstone_Red_Cobble_Roof","Rock/Sandstone_Red/Rock_Sandstone_Red_Cobble_Roof","Server/Item/Items/Rock/Sandstone_Red/Rock_Sandstone_Red_Cobble_Roof.json","3804","3FEB067B916ECB78DE4864F8AB17F6F14EFDA2A2C14E02F235E5FAC64BAE0B82"
"items","Rock_Sandstone_Red_Cobble_Roof_Flat","Rock/Sandstone_Red/Rock_Sandstone_Red_Cobble_Roof_Flat","Server/Item/Items/Rock/Sandstone_Red/Rock_Sandstone_Red_Cobble_Roof_Flat.json","1014","27864FB445C1E6C5A4823883AA0FD12CE31367339845792945E54DFC0FC23A0C"
"items","Rock_Sandstone_Red_Cobble_Roof_Hollow","Rock/Sandstone_Red/Rock_Sandstone_Red_Cobble_Roof_Hollow","Server/Item/Items/Rock/Sandstone_Red/Rock_Sandstone_Red_Cobble_Roof_Hollow.json","3158","F9ECE6E6578D0DDC587C209A8512ECCA9F4D373B961F78BE077533F23B17EFEB"
"items","Rock_Sandstone_Red_Cobble_Roof_Shallow","Rock/Sandstone_Red/Rock_Sandstone_Red_Cobble_Roof_Shallow","Server/Item/Items/Rock/Sandstone_Red/Rock_Sandstone_Red_Cobble_Roof_Shallow.json","3761","C7F9EAB3AB72981EBA4EC44EF3AC28C74049DD5E41397DC7DDD4EF8E0B5E7917"
"items","Rock_Sandstone_Red_Cobble_Roof_Steep","Rock/Sandstone_Red/Rock_Sandstone_Red_Cobble_Roof_Steep","Server/Item/Items/Rock/Sandstone_Red/Rock_Sandstone_Red_Cobble_Roof_Steep.json","2885","468452E3854BAD590E5CA113FCADA8034E115697DEED8341E2DF87DBCA410B20"
"items","Rock_Sandstone_Red_Cobble_Stairs","Rock/Sandstone_Red/Rock_Sandstone_Red_Cobble_Stairs","Server/Item/Items/Rock/Sandstone_Red/Rock_Sandstone_Red_Cobble_Stairs.json","3162","CC425200D12D221315B3D2A512EBD67A38FEFE14EEF81CAAF1845A05897E701C"
"items","Rock_Sandstone_Red_Cobble_Wall","Rock/Sandstone_Red/Rock_Sandstone_Red_Cobble_Wall","Server/Item/Items/Rock/Sandstone_Red/Rock_Sandstone_Red_Cobble_Wall.json","2196","F6171E76C73F726BA57E77D50B1C0C62A2904D2E13D14D7EA7B22F6C972A5543"
"items","Rock_Sandstone_Red_Half","Rock/Sandstone_Red/Rock_Sandstone_Red_Half","Server/Item/Items/Rock/Sandstone_Red/Rock_Sandstone_Red_Half.json","3276","B92C8970D08A9539616B97CA2C5E77C8635EF9D0FAB114DC09B9A29FB21347FE"
"items","Rock_Sandstone_Red_Stairs","Rock/Sandstone_Red/Rock_Sandstone_Red_Stairs","Server/Item/Items/Rock/Sandstone_Red/Rock_Sandstone_Red_Stairs.json","3972","0A2C5BC4CEA3058C75803D7C1EB70820F4347F2D22AE89168C02C47680AB9751"
"items","Rock_Sandstone_Red_Stalactite_Large","Rock/Sandstone_Red/Rock_Sandstone_Red_Stalactite_Large","Server/Item/Items/Rock/Sandstone_Red/Rock_Sandstone_Red_Stalactite_Large.json","886","A4B2ECBEDBEB8324685F2667A68C55F0A8CF7D3402554513A4CE33AA9549582E"
"items","Rock_Sandstone_Red_Stalactite_Small","Rock/Sandstone_Red/Rock_Sandstone_Red_Stalactite_Small","Server/Item/Items/Rock/Sandstone_Red/Rock_Sandstone_Red_Stalactite_Small.json","888","B6BCC50A92FB2B553181658EA4AC47147D3F4D09E9D55A7BB8E577F1324A4931"
"items","Rock_Sandstone_White","Rock/Sandstone_White/Rock_Sandstone_White","Server/Item/Items/Rock/Sandstone_White/Rock_Sandstone_White.json","1223","5D559A129FB1C216786577A23FA84FEF2A6FAFE7835B0451C41CF40BC407E935"
"items","Rock_Sandstone_White_Beam","Rock/Sandstone_White/Rock_Sandstone_White_Beam","Server/Item/Items/Rock/Sandstone_White/Rock_Sandstone_White_Beam.json","887","BBE1CE3B78AA0CF6A96DB8B4F9AA556E529587566A6D97B9E3A16754154E92F3"
"items","Rock_Sandstone_White_Brick","Rock/Sandstone_White/Rock_Sandstone_White_Brick","Server/Item/Items/Rock/Sandstone_White/Rock_Sandstone_White_Brick.json","1232","F8CF5C2677DC8F2BC58188369BB285126B54E4C89CD9DA3ABC27E549E093E26F"
"items","Rock_Sandstone_White_Brick_Beam","Rock/Sandstone_White/Rock_Sandstone_White_Brick_Beam","Server/Item/Items/Rock/Sandstone_White/Rock_Sandstone_White_Brick_Beam.json","1363","AE4A92DF183DF27A677BFDDACF3487A318036498721E43340AC075282DB19276"
"items","Rock_Sandstone_White_Brick_Decorative","Rock/Sandstone_White/Rock_Sandstone_White_Brick_Decorative","Server/Item/Items/Rock/Sandstone_White/Rock_Sandstone_White_Brick_Decorative.json","1239","DE1FCDE5600CB874F5EAC99890FDAD7EC7273149614FA97A33A21D6582E76432"
"items","Rock_Sandstone_White_Brick_Half","Rock/Sandstone_White/Rock_Sandstone_White_Brick_Half","Server/Item/Items/Rock/Sandstone_White/Rock_Sandstone_White_Brick_Half.json","2706","724C854CF6EC7D19BD4E1F10AFEF3F4A039D5FA682205B838B410CE84EA83F15"
"items","Rock_Sandstone_White_Brick_Ornate","Rock/Sandstone_White/Rock_Sandstone_White_Brick_Ornate","Server/Item/Items/Rock/Sandstone_White/Rock_Sandstone_White_Brick_Ornate.json","1307","BA5C33D28F4A4989681228A9BE04CC496E41FBC5C61E75299D65E809AE5E4C2F"
"items","Rock_Sandstone_White_Brick_Pillar_Base","Rock/Sandstone_White/Rock_Sandstone_White_Brick_Pillar_Base","Server/Item/Items/Rock/Sandstone_White/Rock_Sandstone_White_Brick_Pillar_Base.json","1256","9B293AD69E1F8A5C8FC385ACD706D51257075A60959D99A820C541E3E03C875E"
"items","Rock_Sandstone_White_Brick_Pillar_Middle","Rock/Sandstone_White/Rock_Sandstone_White_Brick_Pillar_Middle","Server/Item/Items/Rock/Sandstone_White/Rock_Sandstone_White_Brick_Pillar_Middle.json","1184","C6E33E5780EB1D8188206899B6E34EDDD8984212DC6EFE1B4ACCCCA2381674ED"
"items","Rock_Sandstone_White_Brick_Roof","Rock/Sandstone_White/Rock_Sandstone_White_Brick_Roof","Server/Item/Items/Rock/Sandstone_White/Rock_Sandstone_White_Brick_Roof.json","3904","1697A50002B28EC216DF3377C7B95CC6032554F9EEB4C78F84BD69B96F4D7113"
"items","Rock_Sandstone_White_Brick_Roof_Flat","Rock/Sandstone_White/Rock_Sandstone_White_Brick_Roof_Flat","Server/Item/Items/Rock/Sandstone_White/Rock_Sandstone_White_Brick_Roof_Flat.json","1194","B2B795491DD4CAD3CF25F610CC45DC99F36E206F2614CF40D43A503EC6EC8646"
"items","Rock_Sandstone_White_Brick_Roof_Hollow","Rock/Sandstone_White/Rock_Sandstone_White_Brick_Roof_Hollow","Server/Item/Items/Rock/Sandstone_White/Rock_Sandstone_White_Brick_Roof_Hollow.json","3477","424EC2A522436D9D111306E1E93985DA0F13BD3A01325B11858D8CAC0DC8AD97"
"items","Rock_Sandstone_White_Brick_Roof_Shallow","Rock/Sandstone_White/Rock_Sandstone_White_Brick_Roof_Shallow","Server/Item/Items/Rock/Sandstone_White/Rock_Sandstone_White_Brick_Roof_Shallow.json","3964","4FDDAFF39FE42338DD3A3D0DCA1C2D632C7A4F63D8D152BC5AEC741664085D38"
"items","Rock_Sandstone_White_Brick_Roof_Steep","Rock/Sandstone_White/Rock_Sandstone_White_Brick_Roof_Steep","Server/Item/Items/Rock/Sandstone_White/Rock_Sandstone_White_Brick_Roof_Steep.json","3079","CD5AAF580FD8C3B10CDF76E8C626FABAEE413A1F440077E33678F4B8004074FA"
"items","Rock_Sandstone_White_Brick_Smooth","Rock/Sandstone_White/Rock_Sandstone_White_Brick_Smooth","Server/Item/Items/Rock/Sandstone_White/Rock_Sandstone_White_Brick_Smooth.json","1074","6C66FAB7ADCCD60381F2A4D936AD3E5A0F31373891CF4D708C133C68B5AE4F88"
"items","Rock_Sandstone_White_Brick_Smooth_Half","Rock/Sandstone_White/Rock_Sandstone_White_Brick_Smooth_Half","Server/Item/Items/Rock/Sandstone_White/Rock_Sandstone_White_Brick_Smooth_Half.json","2637","9AB133BA7CF8DD88138D99C9372964D9502FBD1906DAD0D6336E68C59967D57A"
"items","Rock_Sandstone_White_Brick_Stairs","Rock/Sandstone_White/Rock_Sandstone_White_Brick_Stairs","Server/Item/Items/Rock/Sandstone_White/Rock_Sandstone_White_Brick_Stairs.json","3336","E1AB65CA2B6F3055606B39682CD3A71B6441613B05B26362D27AE82B1F4ACE8D"
"items","Rock_Sandstone_White_Brick_Wall","Rock/Sandstone_White/Rock_Sandstone_White_Brick_Wall","Server/Item/Items/Rock/Sandstone_White/Rock_Sandstone_White_Brick_Wall.json","2211","5DB0E4CCA79AE1AD83333C3D6DF19B0B7D6215B80FD0DB257CD5DBC6689DE12A"
"items","Rock_Sandstone_White_Cobble","Rock/Sandstone_White/Rock_Sandstone_White_Cobble","Server/Item/Items/Rock/Sandstone_White/Rock_Sandstone_White_Cobble.json","845","50104C34BBF7837C368C8A389EB70C4D9D9BC552AA9BC73EE75D66649F83C202"
"items","Rock_Sandstone_White_Cobble_Beam","Rock/Sandstone_White/Rock_Sandstone_White_Cobble_Beam","Server/Item/Items/Rock/Sandstone_White/Rock_Sandstone_White_Cobble_Beam.json","1361","E3D493146143CEE6576AB914E2DB353E25C471F5B0562BA7F802F6183B467FDB"
"items","Rock_Sandstone_White_Cobble_Half","Rock/Sandstone_White/Rock_Sandstone_White_Cobble_Half","Server/Item/Items/Rock/Sandstone_White/Rock_Sandstone_White_Cobble_Half.json","2487","00A37C1C6F9E7D4DC1C9E37AEC1BF2F65CC188F14405C4E5B0A557BFEF710FE2"
"items","Rock_Sandstone_White_Cobble_Roof","Rock/Sandstone_White/Rock_Sandstone_White_Cobble_Roof","Server/Item/Items/Rock/Sandstone_White/Rock_Sandstone_White_Cobble_Roof.json","3984","D3DBF8BA2A598B6B6B1B885576967D93BC7E3482C14BC205E0AAB08778E74744"
"items","Rock_Sandstone_White_Cobble_Roof_Flat","Rock/Sandstone_White/Rock_Sandstone_White_Cobble_Roof_Flat","Server/Item/Items/Rock/Sandstone_White/Rock_Sandstone_White_Cobble_Roof_Flat.json","1187","BD7AB806439DD8A4E202A2191C873620194A7893E29101FACCD70A9DFB52127B"
"items","Rock_Sandstone_White_Cobble_Roof_Hollow","Rock/Sandstone_White/Rock_Sandstone_White_Cobble_Roof_Hollow","Server/Item/Items/Rock/Sandstone_White/Rock_Sandstone_White_Cobble_Roof_Hollow.json","3336","FE62FC31C6EB1180B7FBFAD80226ED0543E32452DAB334F500F7A9CA50D0B570"
"items","Rock_Sandstone_White_Cobble_Roof_Shallow","Rock/Sandstone_White/Rock_Sandstone_White_Cobble_Roof_Shallow","Server/Item/Items/Rock/Sandstone_White/Rock_Sandstone_White_Cobble_Roof_Shallow.json","3942","2A2C298046D5DD918D6B41B3573F799417435032B3A040D31EE037F9DAEBC53C"
"items","Rock_Sandstone_White_Cobble_Roof_Steep","Rock/Sandstone_White/Rock_Sandstone_White_Cobble_Roof_Steep","Server/Item/Items/Rock/Sandstone_White/Rock_Sandstone_White_Cobble_Roof_Steep.json","3055","2A35856D64CBD699FE84B35626782CAC63F88E43915456C512D9CC40D6B6E1A1"
"items","Rock_Sandstone_White_Cobble_Stairs","Rock/Sandstone_White/Rock_Sandstone_White_Cobble_Stairs","Server/Item/Items/Rock/Sandstone_White/Rock_Sandstone_White_Cobble_Stairs.json","3335","7B50B5A07EBB5D469D4F2C78D646BCD9043D3F8CB7FE279A6FC6517DD0B329D9"
"items","Rock_Sandstone_White_Cobble_Wall","Rock/Sandstone_White/Rock_Sandstone_White_Cobble_Wall","Server/Item/Items/Rock/Sandstone_White/Rock_Sandstone_White_Cobble_Wall.json","2346","DB457CFB495A3B59CD974F850B596B4B0FD175A4586D30776FA71EDC33EA0A00"
"items","Rock_Sandstone_White_Half","Rock/Sandstone_White/Rock_Sandstone_White_Half","Server/Item/Items/Rock/Sandstone_White/Rock_Sandstone_White_Half.json","3303","2A690280AB3577633A4B9A220EBFF365C9D8C9EC7D4D26E9D161581CD2BC0C51"
"items","Rock_Sandstone_White_Stairs","Rock/Sandstone_White/Rock_Sandstone_White_Stairs","Server/Item/Items/Rock/Sandstone_White/Rock_Sandstone_White_Stairs.json","3990","DDDE400863746198E7EC414263E89BBEC70490E0A18227DD1D1BF0B9267F320B"
"items","Rock_Sandstone_White_Stalactite_Large","Rock/Sandstone_White/Rock_Sandstone_White_Stalactite_Large","Server/Item/Items/Rock/Sandstone_White/Rock_Sandstone_White_Stalactite_Large.json","907","8C2DC28A898838F84D52B08C39ECB8BE1C87DDDCBBB25647F295E8AF420C16FF"
"items","Rock_Sandstone_White_Stalactite_Small","Rock/Sandstone_White/Rock_Sandstone_White_Stalactite_Small","Server/Item/Items/Rock/Sandstone_White/Rock_Sandstone_White_Stalactite_Small.json","909","9ACE17D1D95D761E8A32CB77948BE4DDA42D60767AC84176722F0320CFE6D6F0"
"items","Rock_Sandstone","Rock/Sandstone/Rock_Sandstone","Server/Item/Items/Rock/Sandstone/Rock_Sandstone.json","1128","952F66DAC6F0374090C021D62B0603A69C913DECFD229C7560B26695B7A31923"
"items","Rock_Sandstone_Beam","Rock/Sandstone/Rock_Sandstone_Beam","Server/Item/Items/Rock/Sandstone/Rock_Sandstone_Beam.json","851","5478D4F6DA302497433C82AD2766B6405B4016C1851EB1FA5E540E149F5F8D99"
"items","Rock_Sandstone_Brick","Rock/Sandstone/Rock_Sandstone_Brick","Server/Item/Items/Rock/Sandstone/Rock_Sandstone_Brick.json","1035","29A2D56759FEE52CC03E58363C3B5771D7B39E73CD650A1C92D564B6ABF83F68"
"items","Rock_Sandstone_Brick_Beam","Rock/Sandstone/Rock_Sandstone_Brick_Beam","Server/Item/Items/Rock/Sandstone/Rock_Sandstone_Brick_Beam.json","1327","8152B4A9DD02D21D639F37DCBBB4588D2AF8C9A41F07B602AE13B08B45E686C5"
"items","Rock_Sandstone_Brick_Decorative","Rock/Sandstone/Rock_Sandstone_Brick_Decorative","Server/Item/Items/Rock/Sandstone/Rock_Sandstone_Brick_Decorative.json","1253","44FDA126D3D1265250CB4BB8230668E50B9B91882EFC96BAC6B853CCC152BB95"
"items","Rock_Sandstone_Brick_Half","Rock/Sandstone/Rock_Sandstone_Brick_Half","Server/Item/Items/Rock/Sandstone/Rock_Sandstone_Brick_Half.json","2651","9DB65DDC62DFC832905FCE345142C35ED863E97B6B5D1E280FF8D7CF0A485B01"
"items","Rock_Sandstone_Brick_Ornate","Rock/Sandstone/Rock_Sandstone_Brick_Ornate","Server/Item/Items/Rock/Sandstone/Rock_Sandstone_Brick_Ornate.json","1253","27F5C2A6637F8A5E003495310D46484639301C3C9C3EF1C2EDE76E9BA388F34E"
"items","Rock_Sandstone_Brick_Pillar_Base","Rock/Sandstone/Rock_Sandstone_Brick_Pillar_Base","Server/Item/Items/Rock/Sandstone/Rock_Sandstone_Brick_Pillar_Base.json","1201","16017734DEE496481CE0CBDBD62E7456F487BF1D9A9AE7639E9ACBAAEFCB26CF"
"items","Rock_Sandstone_Brick_Pillar_Middle","Rock/Sandstone/Rock_Sandstone_Brick_Pillar_Middle","Server/Item/Items/Rock/Sandstone/Rock_Sandstone_Brick_Pillar_Middle.json","1303","59059204AC33FCBEACAEFCAD1BC1B44B074C6082C42041F720DAA5972FCB8088"
"items","Rock_Sandstone_Brick_Roof","Rock/Sandstone/Rock_Sandstone_Brick_Roof","Server/Item/Items/Rock/Sandstone/Rock_Sandstone_Brick_Roof.json","3832","B90150FA904C915D7C5B1CFF9E1466E1B56B1996F9788831B87C91C7F9A4C0FF"
"items","Rock_Sandstone_Brick_Roof_Flat","Rock/Sandstone/Rock_Sandstone_Brick_Roof_Flat","Server/Item/Items/Rock/Sandstone/Rock_Sandstone_Brick_Roof_Flat.json","1156","25D98B970997173EE01B2E0C12AB051F19AD9870982A009991592DB4DD4B7A38"
"items","Rock_Sandstone_Brick_Roof_Hollow","Rock/Sandstone/Rock_Sandstone_Brick_Roof_Hollow","Server/Item/Items/Rock/Sandstone/Rock_Sandstone_Brick_Roof_Hollow.json","3414","BDA02B6494E75E054307DE2A2BC26A8A5653A55E7B936B2E925DB85F17652CCD"
"items","Rock_Sandstone_Brick_Roof_Shallow","Rock/Sandstone/Rock_Sandstone_Brick_Roof_Shallow","Server/Item/Items/Rock/Sandstone/Rock_Sandstone_Brick_Roof_Shallow.json","3743","173782DB26136F32FD38DFFF651E25B64CB2A886FC952FFE32CF86021E5D8C27"
"items","Rock_Sandstone_Brick_Roof_Steep","Rock/Sandstone/Rock_Sandstone_Brick_Roof_Steep","Server/Item/Items/Rock/Sandstone/Rock_Sandstone_Brick_Roof_Steep.json","3039","96BFBE6A91B4BFBE350F04BF3BDBEB5226FADC44A37D3A750BF61690A23F3FD8"
"items","Rock_Sandstone_Brick_Smooth","Rock/Sandstone/Rock_Sandstone_Brick_Smooth","Server/Item/Items/Rock/Sandstone/Rock_Sandstone_Brick_Smooth.json","1026","80852BF2ED43D866E68CE470D69B14D165F248FE038BDF25B142B24916A5C139"
"items","Rock_Sandstone_Brick_Smooth_Half","Rock/Sandstone/Rock_Sandstone_Brick_Smooth_Half","Server/Item/Items/Rock/Sandstone/Rock_Sandstone_Brick_Smooth_Half.json","2618","6D6E89E5B04CD0D7B9B304043DE217BF2A4F28011CC23483C25F5AB2A62D03C8"
"items","Rock_Sandstone_Brick_Stairs","Rock/Sandstone/Rock_Sandstone_Brick_Stairs","Server/Item/Items/Rock/Sandstone/Rock_Sandstone_Brick_Stairs.json","3139","2B3211125A2AF1250501516BC36E6A41D483D1B2B951A4382C81BE25A385AC74"
"items","Rock_Sandstone_Brick_Wall","Rock/Sandstone/Rock_Sandstone_Brick_Wall","Server/Item/Items/Rock/Sandstone/Rock_Sandstone_Brick_Wall.json","2153","917FF8EBAD1784CE393A8598289A0C5503598C3EFE301FA66D239E1DE969C0F2"
"items","Rock_Sandstone_Cobble","Rock/Sandstone/Rock_Sandstone_Cobble","Server/Item/Items/Rock/Sandstone/Rock_Sandstone_Cobble.json","803","BE405A611E7A34D2C60090F4051F17E8C4248A0622667477DC021AF1C0E4AC9F"
"items","Rock_Sandstone_Cobble_Beam","Rock/Sandstone/Rock_Sandstone_Cobble_Beam","Server/Item/Items/Rock/Sandstone/Rock_Sandstone_Cobble_Beam.json","1170","052F78BF0927FDD7F3A49ADAD40513DE8511DD8678A64190475F299CE5DEE779"
"items","Rock_Sandstone_Cobble_Half","Rock/Sandstone/Rock_Sandstone_Cobble_Half","Server/Item/Items/Rock/Sandstone/Rock_Sandstone_Cobble_Half.json","2475","FE1A7932CA769FBCADF8082502F990C93751DAC3F513598073978E84D0555B6D"
"items","Rock_Sandstone_Cobble_Roof","Rock/Sandstone/Rock_Sandstone_Cobble_Roof","Server/Item/Items/Rock/Sandstone/Rock_Sandstone_Cobble_Roof.json","3760","CA19F92BFFF715942DB7206BE915463E7B040E2538BD406FD339A1782198B336"
"items","Rock_Sandstone_Cobble_Roof_Flat","Rock/Sandstone/Rock_Sandstone_Cobble_Roof_Flat","Server/Item/Items/Rock/Sandstone/Rock_Sandstone_Cobble_Roof_Flat.json","994","834DD5F63F35FFB93C50F6F898878B591962F2CC15BDEB09A4B2FDC1B7E05448"
"items","Rock_Sandstone_Cobble_Roof_Hollow","Rock/Sandstone/Rock_Sandstone_Cobble_Roof_Hollow","Server/Item/Items/Rock/Sandstone/Rock_Sandstone_Cobble_Roof_Hollow.json","3118","DD5872A0D7F81754D27142666619CB372033A24A1C4CA7D0EA182B11476E409D"
"items","Rock_Sandstone_Cobble_Roof_Shallow","Rock/Sandstone/Rock_Sandstone_Cobble_Roof_Shallow","Server/Item/Items/Rock/Sandstone/Rock_Sandstone_Cobble_Roof_Shallow.json","3721","3484E0E13AC955D3182F45B46015B96E3AEBFC22E95F84B13908270719011053"
"items","Rock_Sandstone_Cobble_Roof_Steep","Rock/Sandstone/Rock_Sandstone_Cobble_Roof_Steep","Server/Item/Items/Rock/Sandstone/Rock_Sandstone_Cobble_Roof_Steep.json","2861","AE7D0C741A61996423AD41291449D46D9AB350908A243F210CEFB17EB58C18A0"
"items","Rock_Sandstone_Cobble_Stairs","Rock/Sandstone/Rock_Sandstone_Cobble_Stairs","Server/Item/Items/Rock/Sandstone/Rock_Sandstone_Cobble_Stairs.json","3138","9996D481F7669C868F5D0019B6F9FA998D7742794A115F138CF325B27DF79D01"
"items","Rock_Sandstone_Cobble_Wall","Rock/Sandstone/Rock_Sandstone_Cobble_Wall","Server/Item/Items/Rock/Sandstone/Rock_Sandstone_Cobble_Wall.json","2288","AB64412ABB8EDA64F717995D58A795DF3E23307DDC4783BCAB52B6768710CABD"
"items","Rock_Sandstone_Half","Rock/Sandstone/Rock_Sandstone_Half","Server/Item/Items/Rock/Sandstone/Rock_Sandstone_Half.json","3237","D8070481669938165D23A0402791B8C31CDDDDAFA3ADFDC9E149506CA966DA02"
"items","Rock_Sandstone_Stairs","Rock/Sandstone/Rock_Sandstone_Stairs","Server/Item/Items/Rock/Sandstone/Rock_Sandstone_Stairs.json","3948","DD0FA7AD454F9967F158709A7B439135559C4D5BDD37AF8C3F4FFF1C92E65891"
"items","Rock_Sandstone_Stalactite_Large","Rock/Sandstone/Rock_Sandstone_Stalactite_Large","Server/Item/Items/Rock/Sandstone/Rock_Sandstone_Stalactite_Large.json","871","B111453D0D8C7A02156191C78F4B82AFAC7ABF7FAE3AED7CB72EFC5286E3390D"
"items","Rock_Sandstone_Stalactite_Small","Rock/Sandstone/Rock_Sandstone_Stalactite_Small","Server/Item/Items/Rock/Sandstone/Rock_Sandstone_Stalactite_Small.json","780","9489237AF45EDED403EB7CA87F33C129A4B561EC666761C14A9BA4C680229B31"
"items","Rock_Shale","Rock/Shale/Rock_Shale","Server/Item/Items/Rock/Shale/Rock_Shale.json","914","7B387F08150293A928688466C98271E58816AE33E01BF624E280CD710E595949"
"items","Rock_Shale_Beam","Rock/Shale/Rock_Shale_Beam","Server/Item/Items/Rock/Shale/Rock_Shale_Beam.json","823","782F4AC801E23208BD1D3048C201E60CF9F90950976A93CB770FDC319F5296B2"
"items","Rock_Shale_Brick","Rock/Shale/Rock_Shale_Brick","Server/Item/Items/Rock/Shale/Rock_Shale_Brick.json","1190","3CD3676AD75F557CE2D92230B3D73B8356DDAFC4280436EB2CADD38FA5185A55"
"items","Rock_Shale_Brick_Beam","Rock/Shale/Rock_Shale_Brick_Beam","Server/Item/Items/Rock/Shale/Rock_Shale_Brick_Beam.json","966","CFA64FACD11665D515FE88E8D18CA02FC7E68D9D0A4B840F35358BD14A24458C"
"items","Rock_Shale_Brick_Decorative","Rock/Shale/Rock_Shale_Brick_Decorative","Server/Item/Items/Rock/Shale/Rock_Shale_Brick_Decorative.json","1010","4F7D0882DD3FC5C093A3D67211564B80EEBF5F2BCE8CE7C4E58943A712B15140"
"items","Rock_Shale_Brick_Half","Rock/Shale/Rock_Shale_Brick_Half","Server/Item/Items/Rock/Shale/Rock_Shale_Brick_Half.json","2388","AACAB04E17C456EE08854A4572A39B77E3003B97FF8B57B88F3A97691A0C1CB3"
"items","Rock_Shale_Brick_Ornate","Rock/Shale/Rock_Shale_Brick_Ornate","Server/Item/Items/Rock/Shale/Rock_Shale_Brick_Ornate.json","1059","D426FF1FCDCDD13F8FF152B53E4E7F9A6A815F6E1569F6CDA23FABF53539B0D0"
"items","Rock_Shale_Brick_Pillar_Base","Rock/Shale/Rock_Shale_Brick_Pillar_Base","Server/Item/Items/Rock/Shale/Rock_Shale_Brick_Pillar_Base.json","1018","3784E5E0C5E612EF6045DDA0BC6E7321AE7DA65F84856BF8B5BBEC421624ADCA"
"items","Rock_Shale_Brick_Pillar_Middle","Rock/Shale/Rock_Shale_Brick_Pillar_Middle","Server/Item/Items/Rock/Shale/Rock_Shale_Brick_Pillar_Middle.json","1120","1A1ABF3F4E334F46C7E495CB03648A852A4F54AE59DCB4288914A3A5AB4C2DB2"
"items","Rock_Shale_Brick_Roof","Rock/Shale/Rock_Shale_Brick_Roof","Server/Item/Items/Rock/Shale/Rock_Shale_Brick_Roof.json","3784","DA10A87334A416F9FDB206961B95F40A498F7EFC569D0B31FDB9AAD9521376DF"
"items","Rock_Shale_Brick_Roof_Flat","Rock/Shale/Rock_Shale_Brick_Roof_Flat","Server/Item/Items/Rock/Shale/Rock_Shale_Brick_Roof_Flat.json","977","CDF17D47D31AF2647FED473B715B5C015FAB59F06683AAF7A6436B26BE855E40"
"items","Rock_Shale_Brick_Roof_Hollow","Rock/Shale/Rock_Shale_Brick_Roof_Hollow","Server/Item/Items/Rock/Shale/Rock_Shale_Brick_Roof_Hollow.json","3215","27AC590620E7C84F7990EDFE72C59127FB7730D26C2B3A02784B033B9C3AA724"
"items","Rock_Shale_Brick_Roof_Shallow","Rock/Shale/Rock_Shale_Brick_Roof_Shallow","Server/Item/Items/Rock/Shale/Rock_Shale_Brick_Roof_Shallow.json","3699","713613196DA81FD95FE486B6CA232D9B0D2CCCFF17BFF798AF61F512D7D9F1DD"
"items","Rock_Shale_Brick_Roof_Steep","Rock/Shale/Rock_Shale_Brick_Roof_Steep","Server/Item/Items/Rock/Shale/Rock_Shale_Brick_Roof_Steep.json","3011","B3BDACC6AE168587924EE90DE28ED9D1516B4ABD71CCDF9815B7CFDE177D8D6E"
"items","Rock_Shale_Brick_Smooth","Rock/Shale/Rock_Shale_Brick_Smooth","Server/Item/Items/Rock/Shale/Rock_Shale_Brick_Smooth.json","994","D38D91EB4379B301DDA19DDECD395D86FFCF94FF2C7FD11CDFB3733AFFD0EA23"
"items","Rock_Shale_Brick_Smooth_Half","Rock/Shale/Rock_Shale_Brick_Smooth_Half","Server/Item/Items/Rock/Shale/Rock_Shale_Brick_Smooth_Half.json","2582","E3B7CF3F051B2EF5D560F7620A508ADF7EDF0744549B16BA6D26924B2463DF45"
"items","Rock_Shale_Brick_Stairs","Rock/Shale/Rock_Shale_Brick_Stairs","Server/Item/Items/Rock/Shale/Rock_Shale_Brick_Stairs.json","3111","34A03C379092FE85F2160A49C9007BBC46A7319D2DA0B2640ADC4E076A05A47B"
"items","Rock_Shale_Brick_Wall","Rock/Shale/Rock_Shale_Brick_Wall","Server/Item/Items/Rock/Shale/Rock_Shale_Brick_Wall.json","2668","D99C110DE4A55318940020E0874A01C1AE2E547414D5D32AB8EFF5781574FE00"
"items","Rock_Shale_Cobble","Rock/Shale/Rock_Shale_Cobble","Server/Item/Items/Rock/Shale/Rock_Shale_Cobble.json","920","D8E647596FD672FD899C5232291CD03E9AE7DB05843CAB31CD93FE42278CB029"
"items","Rock_Shale_Cobble_Beam","Rock/Shale/Rock_Shale_Cobble_Beam","Server/Item/Items/Rock/Shale/Rock_Shale_Cobble_Beam.json","964","6EFA3FFD657AFED11CA046C50518D2AF4C35D78331A05063FE9C769DEEBA75C8"
"items","Rock_Shale_Cobble_Corner","Rock/Shale/Rock_Shale_Cobble_Corner","Server/Item/Items/Rock/Shale/Rock_Shale_Cobble_Corner.json","1172","F2B29A9CA22F3AEABAFDF8B3C29BF72C1A2BA267FF3B01C0AD2FBAC335F1EBA7"
"items","Rock_Shale_Cobble_Half","Rock/Shale/Rock_Shale_Cobble_Half","Server/Item/Items/Rock/Shale/Rock_Shale_Cobble_Half.json","2431","D0F90A4D8CE8DBEEA47877DC741D0FDF1F52A052EEEE404C44FDA498357143E6"
"items","Rock_Shale_Cobble_Roof","Rock/Shale/Rock_Shale_Cobble_Roof","Server/Item/Items/Rock/Shale/Rock_Shale_Cobble_Roof.json","3425","238570B9EA1F56AB23A80FD8C900E5189A55237545C9BE89E87AE4BE98E9AB84"
"items","Rock_Shale_Cobble_Roof_Flat","Rock/Shale/Rock_Shale_Cobble_Roof_Flat","Server/Item/Items/Rock/Shale/Rock_Shale_Cobble_Roof_Flat.json","970","C5669D138DB5B5747A8E261D000EF67E73EB06B77A0200A1724DE6E6E02BEF1A"
"items","Rock_Shale_Cobble_Roof_Hollow","Rock/Shale/Rock_Shale_Cobble_Roof_Hollow","Server/Item/Items/Rock/Shale/Rock_Shale_Cobble_Roof_Hollow.json","3074","AE3D74166B3EF49C004D3F98684B02DB6389E5DE866F18B25956F7686CF67837"
"items","Rock_Shale_Cobble_Roof_Shallow","Rock/Shale/Rock_Shale_Cobble_Roof_Shallow","Server/Item/Items/Rock/Shale/Rock_Shale_Cobble_Roof_Shallow.json","3677","63233B63BFA5A706031B9D3AF3950A2779AD32763EA204934BC9C91E817C7463"
"items","Rock_Shale_Cobble_Roof_Steep","Rock/Shale/Rock_Shale_Cobble_Roof_Steep","Server/Item/Items/Rock/Shale/Rock_Shale_Cobble_Roof_Steep.json","2833","22CDE5176B081C82B20812670068A9B05A51E0DDBB851AD54499EB2B198C0EB9"
"items","Rock_Shale_Cobble_Stairs","Rock/Shale/Rock_Shale_Cobble_Stairs","Server/Item/Items/Rock/Shale/Rock_Shale_Cobble_Stairs.json","3110","70C90B1A5D3B4080DF1559D82AA85509C490D6907902C3EA03479043EBB7C6A7"
"items","Rock_Shale_Cobble_Wall","Rock/Shale/Rock_Shale_Cobble_Wall","Server/Item/Items/Rock/Shale/Rock_Shale_Cobble_Wall.json","2095","914A800B30BA7E29407D948C31EE0E9333000050BB499837ED629B9062B83869"
"items","Rock_Shale_Half","Rock/Shale/Rock_Shale_Half","Server/Item/Items/Rock/Shale/Rock_Shale_Half.json","3005","E7605575B3C0ECDD0C509CA641D93AD76F53253329D4D392B51FB5BE9A3F7409"
"items","Rock_Shale_Stairs","Rock/Shale/Rock_Shale_Stairs","Server/Item/Items/Rock/Shale/Rock_Shale_Stairs.json","3916","A5DF5D2CF50CA0390784F9CB9B35BA92272F9034A9983EC3C897E4B25C9ADA37"
"items","Rock_Shale_Stalactites_Large","Rock/Shale/Rock_Shale_Stalactites_Large","Server/Item/Items/Rock/Shale/Rock_Shale_Stalactites_Large.json","937","8704F6FCDA43BC0D82B3C5739F502353FD1BAF77AE8AFD2075998D056D3630AA"
"items","Rock_Shale_Stalactites_Small","Rock/Shale/Rock_Shale_Stalactites_Small","Server/Item/Items/Rock/Shale/Rock_Shale_Stalactites_Small.json","787","05CE1F813DAFF367249C505BDE7189C5C8DBB60209DD366AF4DDDEF9E09E1FBA"
"items","Rock_Slate","Rock/Slate/Rock_Slate","Server/Item/Items/Rock/Slate/Rock_Slate.json","1088","33E1B13001BF470EF3B51819CFB92C1E9040BCD76E37D6CD3A3DA45803518ECB"
"items","Rock_Slate_Beam","Rock/Slate/Rock_Slate_Beam","Server/Item/Items/Rock/Slate/Rock_Slate_Beam.json","823","1C18FC4865AD7F487D2AB8B232954FC0A63411620F08D1BA10C5DBD681FDE9B6"
"items","Rock_Slate_Brick","Rock/Slate/Rock_Slate_Brick","Server/Item/Items/Rock/Slate/Rock_Slate_Brick.json","1229","C84BEBD27B25B8D4811DAD11D887E4D8D96EB7FD56B909B321C742CA27791A06"
"items","Rock_Slate_Brick_Beam","Rock/Slate/Rock_Slate_Brick_Beam","Server/Item/Items/Rock/Slate/Rock_Slate_Brick_Beam.json","1303","C264BAC3B3621D7B2D473656FD1FB7930661416E40C02E0AD17E53AD6E5000FD"
"items","Rock_Slate_Brick_Decorative","Rock/Slate/Rock_Slate_Brick_Decorative","Server/Item/Items/Rock/Slate/Rock_Slate_Brick_Decorative.json","1165","F0306D175C591628D6A099CD87D1FF187BD9C0E378414802AA4BF20E81D12D27"
"items","Rock_Slate_Brick_Half","Rock/Slate/Rock_Slate_Brick_Half","Server/Item/Items/Rock/Slate/Rock_Slate_Brick_Half.json","2593","4B02E2B3E366F9FE23DD989748790860EB363B61B515F5BA2C4A3E09A5B12E12"
"items","Rock_Slate_Brick_Ornate","Rock/Slate/Rock_Slate_Brick_Ornate","Server/Item/Items/Rock/Slate/Rock_Slate_Brick_Ornate.json","1149","ED90327EED1BCD0618096E7E81A33537965BB1DC062AC7200104E1F289C9D8CB"
"items","Rock_Slate_Brick_Pillar_Base","Rock/Slate/Rock_Slate_Brick_Pillar_Base","Server/Item/Items/Rock/Slate/Rock_Slate_Brick_Pillar_Base.json","1185","E9558B53C83EC4A6FE929A8D7B10F1E2FF402E24BD6BFBDE732611FDAF7B938E"
"items","Rock_Slate_Brick_Pillar_Middle","Rock/Slate/Rock_Slate_Brick_Pillar_Middle","Server/Item/Items/Rock/Slate/Rock_Slate_Brick_Pillar_Middle.json","1287","EADC23A088C1D561EFB8E9FDA9A9A2BD93355C719F320A8F9E754C6C58F1A656"
"items","Rock_Slate_Brick_Roof","Rock/Slate/Rock_Slate_Brick_Roof","Server/Item/Items/Rock/Slate/Rock_Slate_Brick_Roof.json","3386","B0CA5BF5EA98F520EED5C090EB0D241B869F8336A5E71769673D7BCDC0113EF6"
"items","Rock_Slate_Brick_Roof_Flat","Rock/Slate/Rock_Slate_Brick_Roof_Flat","Server/Item/Items/Rock/Slate/Rock_Slate_Brick_Roof_Flat.json","1234","08129726792540E37CA3BE982D4B680967479EBE7D9D33FA9E14495E1FAD2E82"
"items","Rock_Slate_Brick_Roof_Shallow","Rock/Slate/Rock_Slate_Brick_Roof_Shallow","Server/Item/Items/Rock/Slate/Rock_Slate_Brick_Roof_Shallow.json","3969","C408327CAF266EA8B8FF4098905BC38815D08370B19EEFAE37AC0555CF8EDDC5"
"items","Rock_Slate_Brick_Roof_Steep","Rock/Slate/Rock_Slate_Brick_Roof_Steep","Server/Item/Items/Rock/Slate/Rock_Slate_Brick_Roof_Steep.json","3128","CB39AE574C92BAB3BD5398F986C3ED76F187DE10016E23F71DDF854848CF62A5"
"items","Rock_Slate_Brick_Smooth","Rock/Slate/Rock_Slate_Brick_Smooth","Server/Item/Items/Rock/Slate/Rock_Slate_Brick_Smooth.json","1149","F3641D1AEA25EE016E6FD28171A70F3C5573EE72ACDB889B41ED283DD7BF7E83"
"items","Rock_Slate_Brick_Smooth_Half","Rock/Slate/Rock_Slate_Brick_Smooth_Half","Server/Item/Items/Rock/Slate/Rock_Slate_Brick_Smooth_Half.json","2737","D44A4671FAF039AC40437F502A59707887528783856ED973061539E981F67CDD"
"items","Rock_Slate_Brick_Stairs","Rock/Slate/Rock_Slate_Brick_Stairs","Server/Item/Items/Rock/Slate/Rock_Slate_Brick_Stairs.json","3252","A94788A51699C1483E1879357587EA3841F1F1C679A95B998780169B849F314D"
"items","Rock_Slate_Brick_Wall","Rock/Slate/Rock_Slate_Brick_Wall","Server/Item/Items/Rock/Slate/Rock_Slate_Brick_Wall.json","2213","23746EA45D5C51CF78071C4F72248516FB9C4DD35C48D2E34F8C44D9ED33714C"
"items","Rock_Slate_Cobble","Rock/Slate/Rock_Slate_Cobble","Server/Item/Items/Rock/Slate/Rock_Slate_Cobble.json","1048","349B96B65655AD98FB2592C702A423F693A8DB4FC870C0480D40A738A2517EF5"
"items","Rock_Slate_Cobble_Beam","Rock/Slate/Rock_Slate_Cobble_Beam","Server/Item/Items/Rock/Slate/Rock_Slate_Cobble_Beam.json","939","9AEC17241A09A06AB61D79BBBADEE0F7F595BEB549A16FCE2E00D366CD6669BE"
"items","Rock_Slate_Cobble_Corner","Rock/Slate/Rock_Slate_Cobble_Corner","Server/Item/Items/Rock/Slate/Rock_Slate_Cobble_Corner.json","1180","AC15777851D73D2BBB9CE6B134805BEE335F39691EC2DBF0CABCABC95510A9C4"
"items","Rock_Slate_Cobble_Half","Rock/Slate/Rock_Slate_Cobble_Half","Server/Item/Items/Rock/Slate/Rock_Slate_Cobble_Half.json","2439","8E992E10D1C2A4010328E0E77C6090B3EC8331B00C65907BC76267E14073D05A"
"items","Rock_Slate_Cobble_Roof","Rock/Slate/Rock_Slate_Cobble_Roof","Server/Item/Items/Rock/Slate/Rock_Slate_Cobble_Roof.json","3758","3E27A8B57D38D1E31D16033FF3C69FB8D766D500822D5275E2A2B84824B116D5"
"items","Rock_Slate_Cobble_Roof_Flat","Rock/Slate/Rock_Slate_Cobble_Roof_Flat","Server/Item/Items/Rock/Slate/Rock_Slate_Cobble_Roof_Flat.json","970","C0BD2679E941D6500DD109A505EE9280A133BDD36309A540D79FF1809AC26864"
"items","Rock_Slate_Cobble_Roof_Hollow","Rock/Slate/Rock_Slate_Cobble_Roof_Hollow","Server/Item/Items/Rock/Slate/Rock_Slate_Cobble_Roof_Hollow.json","3074","5FB06EFB9D3C734A90FEA7FC63CE45356CBCFA64DA0786EFF76E5A38B8F8538D"
"items","Rock_Slate_Cobble_Roof_Shallow","Rock/Slate/Rock_Slate_Cobble_Roof_Shallow","Server/Item/Items/Rock/Slate/Rock_Slate_Cobble_Roof_Shallow.json","3677","3A6365129FCF19F8E8FF3817147F9CFD2D6AFF241E90F030A982CC474BCDC7A2"
"items","Rock_Slate_Cobble_Roof_Steep","Rock/Slate/Rock_Slate_Cobble_Roof_Steep","Server/Item/Items/Rock/Slate/Rock_Slate_Cobble_Roof_Steep.json","2833","D1DEC7C82E92A7D7BA2D71EFC244D8EB2BB226D5EA514DE3B218722491129A1B"
"items","Rock_Slate_Cobble_Stairs","Rock/Slate/Rock_Slate_Cobble_Stairs","Server/Item/Items/Rock/Slate/Rock_Slate_Cobble_Stairs.json","3110","E530085F5446ABFE968D189E5DD9F593E26C84FF5EF1407555B5D7AEEC46CC27"
"items","Rock_Slate_Cobble_Wall","Rock/Slate/Rock_Slate_Cobble_Wall","Server/Item/Items/Rock/Slate/Rock_Slate_Cobble_Wall.json","2094","EEF5A4ECEA0DDAB8A1EBD386008EB947254EBAD686ADBE4BAC2C7E58B37876A7"
"items","Rock_Slate_Half","Rock/Slate/Rock_Slate_Half","Server/Item/Items/Rock/Slate/Rock_Slate_Half.json","3185","56A2B5D78DFEB9A24E65DE31DF7CC84EE1A3BEC9328C42395FB7DB83F4DBA6D9"
"items","Rock_Slate_Stairs","Rock/Slate/Rock_Slate_Stairs","Server/Item/Items/Rock/Slate/Rock_Slate_Stairs.json","3916","E2C93DA97A7FA85FBABA94B3F0DE6FBDC9209C077BF3DB7C30A1A9EDAA1E032A"
"items","Rock_Slate_Stalactite_Large","Rock/Slate/Rock_Slate_Stalactite_Large","Server/Item/Items/Rock/Slate/Rock_Slate_Stalactite_Large.json","804","107043A68A931C55A7A718F3345F500AC0DC8AF4D7FD4E215798F6175774000C"
"items","Rock_Slate_Stalactite_Small","Rock/Slate/Rock_Slate_Stalactite_Small","Server/Item/Items/Rock/Slate/Rock_Slate_Stalactite_Small.json","785","689A0FC037436C70025284EABFE1B919103F02AF8D7CA4FF323373CD4DB96D85"
"items","Rock_Stone","Rock/Stone/Rock_Stone","Server/Item/Items/Rock/Stone/Rock_Stone.json","1242","9C339027BAC65C73360108942D563A625E8800874510FE358AC5E543DD5187DE"
"items","Rock_Stone_Beam","Rock/Stone/Rock_Stone_Beam","Server/Item/Items/Rock/Stone/Rock_Stone_Beam.json","1808","F79A408A5AC0F973D824BA5CF0CC92D844C2D0A36BE28148F487DF5D89D11D17"
"items","Rock_Stone_Brick","Rock/Stone/Rock_Stone_Brick","Server/Item/Items/Rock/Stone/Rock_Stone_Brick.json","1318","B5E8795F0288484E470BE77505F56AC8E7A7F49616BCAECC9BA9F0C5A5061C17"
"items","Rock_Stone_Brick_Beam","Rock/Stone/Rock_Stone_Brick_Beam","Server/Item/Items/Rock/Stone/Rock_Stone_Brick_Beam.json","1706","00A2261EB483D0C2857D560CAF05D2FB46CA4D82728196AAFA8F2C80762FA52A"
"items","Rock_Stone_Brick_Decorative","Rock/Stone/Rock_Stone_Brick_Decorative","Server/Item/Items/Rock/Stone/Rock_Stone_Brick_Decorative.json","1211","333143371023D93D70089CA3CFA2F2BD93575C8C136EF09475D7DD543E6B8B24"
"items","Rock_Stone_Brick_Half","Rock/Stone/Rock_Stone_Brick_Half","Server/Item/Items/Rock/Stone/Rock_Stone_Brick_Half.json","3075","A2D5CEDC1C2FF54CF678DDC8DD093573356B8209FE0FD14052DF8CD6920E5737"
"items","Rock_Stone_Brick_Mossy","Rock/Stone/Rock_Stone_Brick_Mossy","Server/Item/Items/Rock/Stone/Rock_Stone_Brick_Mossy.json","1487","A27CDF365C033C78EBD7A2D84FE618ADD0915B4836EF196E136260390FEDD571"
"items","Rock_Stone_Brick_Ornate","Rock/Stone/Rock_Stone_Brick_Ornate","Server/Item/Items/Rock/Stone/Rock_Stone_Brick_Ornate.json","1285","5072440DCA832BBFA8E649AFFD797CA22D9D1C0484D7C332EA3D47A3321F8A49"
"items","Rock_Stone_Brick_Pillar_Base","Rock/Stone/Rock_Stone_Brick_Pillar_Base","Server/Item/Items/Rock/Stone/Rock_Stone_Brick_Pillar_Base.json","1493","64769C30F4B7702E8C114E048412D5ED7AB224615A771AA1FA8108F6A42D43C7"
"items","Rock_Stone_Brick_Pillar_Middle","Rock/Stone/Rock_Stone_Brick_Pillar_Middle","Server/Item/Items/Rock/Stone/Rock_Stone_Brick_Pillar_Middle.json","1465","F7D1C9E426CEB787F1FCDDAD4365445E4C8B9E765E3046AA1EC6F34A65FF34F5"
"items","Rock_Stone_Brick_Roof","Rock/Stone/Rock_Stone_Brick_Roof","Server/Item/Items/Rock/Stone/Rock_Stone_Brick_Roof.json","4445","63262B4578D15AC4B238F6C09D581CD328D92297136C7F60E102616365EAFE13"
"items","Rock_Stone_Brick_Roof_Flat","Rock/Stone/Rock_Stone_Brick_Roof_Flat","Server/Item/Items/Rock/Stone/Rock_Stone_Brick_Roof_Flat.json","1629","FD5BFEDB3F2EDCEC05D008F2929F83C6B56A36E3CA2DAE38BA04A0A88FF0BC8B"
"items","Rock_Stone_Brick_Roof_Hollow","Rock/Stone/Rock_Stone_Brick_Roof_Hollow","Server/Item/Items/Rock/Stone/Rock_Stone_Brick_Roof_Hollow.json","3692","788796FFB746D98BEBA88E347EF8483A9EEB2EE72BB0D18FC65B36D6DC06AF73"
"items","Rock_Stone_Brick_Roof_Shallow","Rock/Stone/Rock_Stone_Brick_Roof_Shallow","Server/Item/Items/Rock/Stone/Rock_Stone_Brick_Roof_Shallow.json","4448","02AB7AF25B9BA8450DE34C9E72BBAE71938CA669A212B6484372935C87427641"
"items","Rock_Stone_Brick_Roof_Steep","Rock/Stone/Rock_Stone_Brick_Roof_Steep","Server/Item/Items/Rock/Stone/Rock_Stone_Brick_Roof_Steep.json","3605","A1C5B1C41B41D5AF416E8A26083571A59259DE114CBB3C7A9D814153ED5E613E"
"items","Rock_Stone_Brick_Smooth","Rock/Stone/Rock_Stone_Brick_Smooth","Server/Item/Items/Rock/Stone/Rock_Stone_Brick_Smooth.json","1130","A4B518E24C7A144D116A56051ADD539381284107E573B735317A2E0743FFFCAF"
"items","Rock_Stone_Brick_Smooth_Half","Rock/Stone/Rock_Stone_Brick_Smooth_Half","Server/Item/Items/Rock/Stone/Rock_Stone_Brick_Smooth_Half.json","2924","1C2C5CA2EDCC42558022F92ECA479E3241D8A6094A4DB3EFCC21B3D82C6A6D81"
"items","Rock_Stone_Brick_Stairs","Rock/Stone/Rock_Stone_Brick_Stairs","Server/Item/Items/Rock/Stone/Rock_Stone_Brick_Stairs.json","3532","B43566104D827A4968D1AD9FFE0CAB63DDA18FD736703739BDBDE13920CB4553"
"items","Rock_Stone_Brick_Wall","Rock/Stone/Rock_Stone_Brick_Wall","Server/Item/Items/Rock/Stone/Rock_Stone_Brick_Wall.json","3007","48A246D81D86531E06B0936E40B23E1E51939754FA7C8E0D0269A3C34D12E340"
"items","Rock_Stone_Cobble","Rock/Stone/Rock_Stone_Cobble","Server/Item/Items/Rock/Stone/Rock_Stone_Cobble.json","1424","9734E0130EF572AA571E0EE11F07BFA45536A5F255A139C5B0D718151765127A"
"items","Rock_Stone_Cobble_Beam","Rock/Stone/Rock_Stone_Cobble_Beam","Server/Item/Items/Rock/Stone/Rock_Stone_Cobble_Beam.json","1697","2B2214BE36B97F9E0B2B389E1C25B822A71538EC2192D002A5C58FA14102A4BF"
"items","Rock_Stone_Cobble_Corner","Rock/Stone/Rock_Stone_Cobble_Corner","Server/Item/Items/Rock/Stone/Rock_Stone_Cobble_Corner.json","1299","5C3B4D5067A3E08CF3038A92979A6AAFA453755C592518B67A33DA395273EB5D"
"items","Rock_Stone_Cobble_Half","Rock/Stone/Rock_Stone_Cobble_Half","Server/Item/Items/Rock/Stone/Rock_Stone_Cobble_Half.json","2985","AA40BCEC7BF0B3BF0FC6D64812269275199D8C02DB9D92FBD776EAB52360CACD"
"items","Rock_Stone_Cobble_Mossy","Rock/Stone/Rock_Stone_Cobble_Mossy","Server/Item/Items/Rock/Stone/Rock_Stone_Cobble_Mossy.json","1043","0EDA05ADF9542687052C16DCE19BF0B59FD2F7B87DAD82A523348C57191A2003"
"items","Rock_Stone_Cobble_Mossy_Half","Rock/Stone/Rock_Stone_Cobble_Mossy_Half","Server/Item/Items/Rock/Stone/Rock_Stone_Cobble_Mossy_Half.json","2962","860937C1FBF54A5410350C2D850764D8FA77C64CA5033F4B138CDAE20C59306F"
"items","Rock_Stone_Cobble_Roof","Rock/Stone/Rock_Stone_Cobble_Roof","Server/Item/Items/Rock/Stone/Rock_Stone_Cobble_Roof.json","4413","DF96AAE64E1914EB3DA5FFB2A87C467AF5EA33DE8A80431D902D7BFB08879625"
"items","Rock_Stone_Cobble_Roof_Flat","Rock/Stone/Rock_Stone_Cobble_Roof_Flat","Server/Item/Items/Rock/Stone/Rock_Stone_Cobble_Roof_Flat.json","1616","5137CF9CEB5E08A0195411EE41C64E571507A6E80277E835230BC5183462B96E"
"items","Rock_Stone_Cobble_Roof_Hollow","Rock/Stone/Rock_Stone_Cobble_Roof_Hollow","Server/Item/Items/Rock/Stone/Rock_Stone_Cobble_Roof_Hollow.json","3681","A8186C9AE0C49F3F91D7B03F27088A711BDF2972D21DBB9D8A909989EF8F3446"
"items","Rock_Stone_Cobble_Roof_Shallow","Rock/Stone/Rock_Stone_Cobble_Roof_Shallow","Server/Item/Items/Rock/Stone/Rock_Stone_Cobble_Roof_Shallow.json","4420","4A80C6E91ABAEBE32529D31391B78D3FE50D620362357E9FEF9EE43A8E54D330"
"items","Rock_Stone_Cobble_Roof_Steep","Rock/Stone/Rock_Stone_Cobble_Roof_Steep","Server/Item/Items/Rock/Stone/Rock_Stone_Cobble_Roof_Steep.json","3571","2625B1330A766A8CC7365FA7062A3B190DC2774BF2DD852F1103A735A6763983"
"items","Rock_Stone_Cobble_Stairs","Rock/Stone/Rock_Stone_Cobble_Stairs","Server/Item/Items/Rock/Stone/Rock_Stone_Cobble_Stairs.json","3529","99245E78450FC03D39DC469537A5AC391D312EAA06E3D6807FD4CCB356CD228A"
"items","Rock_Stone_Cobble_Wall","Rock/Stone/Rock_Stone_Cobble_Wall","Server/Item/Items/Rock/Stone/Rock_Stone_Cobble_Wall.json","3199","F17F1C5678BCA4B8AF82B541D636CF501BECE9DB92FA636AC5A172A3D91EBEF9"
"items","Rock_Stone_Half","Rock/Stone/Rock_Stone_Half","Server/Item/Items/Rock/Stone/Rock_Stone_Half.json","2097","5A3633001A192F6230733966F0ABBE6A74388574A22141359C5BF56A6BF62E8F"
"items","Rock_Stone_Mossy","Rock/Stone/Rock_Stone_Mossy","Server/Item/Items/Rock/Stone/Rock_Stone_Mossy.json","1267","160C672C03561EFE5A7CC52B1C4875AE0E513776AE218B035A0CD6E6C4141F69"
"items","Rock_Stone_Stairs","Rock/Stone/Rock_Stone_Stairs","Server/Item/Items/Rock/Stone/Rock_Stone_Stairs.json","3916","5CF0F5D1E2E6BF0CE8A6EA65B7710D3EE82CF7002984C2BD52BE50CA21AB510D"
"items","Rock_Stone_Stalactite_Large","Rock/Stone/Rock_Stone_Stalactite_Large","Server/Item/Items/Rock/Stone/Rock_Stone_Stalactite_Large.json","1438","08168D3AF00B550513D37A18882D14D1D7566A027A10ADD75A044EDC4B8537E4"
"items","Rock_Stone_Stalactite_Small","Rock/Stone/Rock_Stone_Stalactite_Small","Server/Item/Items/Rock/Stone/Rock_Stone_Stalactite_Small.json","1290","A711B9F98048CB892552586345B64B037A9E4B9710E2E74329A6943318AA7B19"
"items","Stalactite_Smoke_Floor","Rock/Stone/Stalactite_Smoke_Floor","Server/Item/Items/Rock/Stone/Stalactite_Smoke_Floor.json","1394","EAF4D15D929A8A6E67873FDBC3591173539117B43177F122BFD94B5A07D98C52"
"items","Rock_Volcanic","Rock/Volcanic/Rock_Volcanic","Server/Item/Items/Rock/Volcanic/Rock_Volcanic.json","943","EEBE92EA076C87CD052BF74E2490D5D14E40EACD2D7A3E719A76B55B839F8921"
"items","Rock_Volcanic_Beam","Rock/Volcanic/Rock_Volcanic_Beam","Server/Item/Items/Rock/Volcanic/Rock_Volcanic_Beam.json","933","1CED838FCE0598164E67616A2787BE9CA40C4AD871B8B8BAAFF437B9ECD6FA4B"
"items","Rock_Volcanic_Brick","Rock/Volcanic/Rock_Volcanic_Brick","Server/Item/Items/Rock/Volcanic/Rock_Volcanic_Brick.json","1308","284460129D5443991492D86764EAA6B6CF770ED464BDF4C8961002E9473056E8"
"items","Rock_Volcanic_Brick_Beam","Rock/Volcanic/Rock_Volcanic_Brick_Beam","Server/Item/Items/Rock/Volcanic/Rock_Volcanic_Brick_Beam.json","1168","CADE4ED18108B5636AF5AFAD79519809993CC7DCCC44BD60AA55AD6C7CA13B70"
"items","Rock_Volcanic_Brick_Decorative","Rock/Volcanic/Rock_Volcanic_Brick_Decorative","Server/Item/Items/Rock/Volcanic/Rock_Volcanic_Brick_Decorative.json","1323","2DABE9C4F5E3DD52E926724142F9C1B2AA0720AB7DD69A146FB72F038E9507CF"
"items","Rock_Volcanic_Brick_Half","Rock/Volcanic/Rock_Volcanic_Brick_Half","Server/Item/Items/Rock/Volcanic/Rock_Volcanic_Brick_Half.json","2684","4DE31B6F12C1FE053FDE66E4DB356E49B9A04553BAF2ACCB205BB2D4D4DC6A8F"
"items","Rock_Volcanic_Brick_Ornate","Rock/Volcanic/Rock_Volcanic_Brick_Ornate","Server/Item/Items/Rock/Volcanic/Rock_Volcanic_Brick_Ornate.json","1305","1B96FDA1B2568F57E861108CC157226B25F68252751C80ED72ADF5AB90FB1072"
"items","Rock_Volcanic_Brick_Pillar_Base","Rock/Volcanic/Rock_Volcanic_Brick_Pillar_Base","Server/Item/Items/Rock/Volcanic/Rock_Volcanic_Brick_Pillar_Base.json","1220","5DA48E7A563B20D1B07E5586F5DADEA11C308BF87A6C397B4D73B544200571F3"
"items","Rock_Volcanic_Brick_Pillar_Middle","Rock/Volcanic/Rock_Volcanic_Brick_Pillar_Middle","Server/Item/Items/Rock/Volcanic/Rock_Volcanic_Brick_Pillar_Middle.json","1322","D5A0005391DB81A821C610C6DD899E8BD8E541391E1A5DAA21D77A44ACEF485D"
"items","Rock_Volcanic_Brick_Roof","Rock/Volcanic/Rock_Volcanic_Brick_Roof","Server/Item/Items/Rock/Volcanic/Rock_Volcanic_Brick_Roof.json","3803","FAEF757CC5B83FA7C6102DE6C95D1595CD03AA19B28988B730D43C17D8EA3D48"
"items","Rock_Volcanic_Brick_Roof_Flat","Rock/Volcanic/Rock_Volcanic_Brick_Roof_Flat","Server/Item/Items/Rock/Volcanic/Rock_Volcanic_Brick_Roof_Flat.json","1024","1EEE77387A342BC69B842144D98749D8DF1C8C02A04025D77F61E38995E2F2BD"
"items","Rock_Volcanic_Brick_Roof_Hollow","Rock/Volcanic/Rock_Volcanic_Brick_Roof_Hollow","Server/Item/Items/Rock/Volcanic/Rock_Volcanic_Brick_Roof_Hollow.json","3305","4E24F4895A2FC30863C5F0A699D803107E4362D08FD3B8199216385821E9820F"
"items","Rock_Volcanic_Brick_Roof_Shallow","Rock/Volcanic/Rock_Volcanic_Brick_Roof_Shallow","Server/Item/Items/Rock/Volcanic/Rock_Volcanic_Brick_Roof_Shallow.json","3793","ABAAED3D043552514368550EE1B70E523EBAA355DE60C069620308A41551F0C8"
"items","Rock_Volcanic_Brick_Roof_Steep","Rock/Volcanic/Rock_Volcanic_Brick_Roof_Steep","Server/Item/Items/Rock/Volcanic/Rock_Volcanic_Brick_Roof_Steep.json","3061","D06F9A0D234CC64C75BA0BC6635A0E2343674E360F13BA341AA53303E940109E"
"items","Rock_Volcanic_Brick_Smooth","Rock/Volcanic/Rock_Volcanic_Brick_Smooth","Server/Item/Items/Rock/Volcanic/Rock_Volcanic_Brick_Smooth.json","1305","DF19126E87782387AE40CB7140D83294017197D7AAB49649BF7AFFBAD7906E2E"
"items","Rock_Volcanic_Brick_Smooth_Half","Rock/Volcanic/Rock_Volcanic_Brick_Smooth_Half","Server/Item/Items/Rock/Volcanic/Rock_Volcanic_Brick_Smooth_Half.json","2801","425419DAF761A087E1A6FFF204E240F003D27AE055B96ADF2295F55BC7978B23"
"items","Rock_Volcanic_Brick_Stairs","Rock/Volcanic/Rock_Volcanic_Brick_Stairs","Server/Item/Items/Rock/Volcanic/Rock_Volcanic_Brick_Stairs.json","3316","C10828710309BB0CEBE782F7C9ADDDB955A5F9BF2AD0729B805AE7EAA3B747A6"
"items","Rock_Volcanic_Brick_Wall","Rock/Volcanic/Rock_Volcanic_Brick_Wall","Server/Item/Items/Rock/Volcanic/Rock_Volcanic_Brick_Wall.json","2325","19EE2A20BFBF967DA1648D65BA8362C46EE946BC71AB449BA54DCBF837FD1436"
"items","Rock_Volcanic_Cobble","Rock/Volcanic/Rock_Volcanic_Cobble","Server/Item/Items/Rock/Volcanic/Rock_Volcanic_Cobble.json","909","DF40697131D6EE192EC83DC88A110BFEBAEEF1786D7D946F721C11E799ADAC08"
"items","Rock_Volcanic_Cobble_Beam","Rock/Volcanic/Rock_Volcanic_Cobble_Beam","Server/Item/Items/Rock/Volcanic/Rock_Volcanic_Cobble_Beam.json","1166","946B26CBA72A81D91A542839C378042916AC5ABB09DED1E76271697C2B209D16"
"items","Rock_Volcanic_Cobble_Half","Rock/Volcanic/Rock_Volcanic_Cobble_Half","Server/Item/Items/Rock/Volcanic/Rock_Volcanic_Cobble_Half.json","2685","E4BA0776308C0D8FDFADF018564025AFFC8AAD10A5651D99BB75A5601D977F84"
"items","Rock_Volcanic_Cobble_Roof","Rock/Volcanic/Rock_Volcanic_Cobble_Roof","Server/Item/Items/Rock/Volcanic/Rock_Volcanic_Cobble_Roof.json","4034","35B0EA8D52C77A6E205F4C3F0F7647832C5F46829980D9EA7E3E1D78735649E5"
"items","Rock_Volcanic_Cobble_Roof_Flat","Rock/Volcanic/Rock_Volcanic_Cobble_Roof_Flat","Server/Item/Items/Rock/Volcanic/Rock_Volcanic_Cobble_Roof_Flat.json","1132","A754E44CBE5B4236F6E3A9FAE540FD356768F8B33669745E494FBAC326CE2522"
"items","Rock_Volcanic_Cobble_Roof_Hollow","Rock/Volcanic/Rock_Volcanic_Cobble_Roof_Hollow","Server/Item/Items/Rock/Volcanic/Rock_Volcanic_Cobble_Roof_Hollow.json","3244","69164EBBEEADCDCE854FBFE2E43C38023CDEEAD2670937D54C1749EDF97A18A1"
"items","Rock_Volcanic_Cobble_Roof_Shallow","Rock/Volcanic/Rock_Volcanic_Cobble_Roof_Shallow","Server/Item/Items/Rock/Volcanic/Rock_Volcanic_Cobble_Roof_Shallow.json","3921","0ACE8A5D2F2AFED82C33A815C07962CB009F1C35D634C4E31BF945AE587F174C"
"items","Rock_Volcanic_Cobble_Roof_Steep","Rock/Volcanic/Rock_Volcanic_Cobble_Roof_Steep","Server/Item/Items/Rock/Volcanic/Rock_Volcanic_Cobble_Roof_Steep.json","3033","1FB10AB79CCB21EE2E0BD2D11E4B82DEE462698EF6FE7418B1582D873D07709E"
"items","Rock_Volcanic_Cobble_Stairs","Rock/Volcanic/Rock_Volcanic_Cobble_Stairs","Server/Item/Items/Rock/Volcanic/Rock_Volcanic_Cobble_Stairs.json","3315","4A66275E2A3621BF9299D8D7BA41EE816354D7FF59822F409FDE519CCB81DE96"
"items","Rock_Volcanic_Cobble_Wall","Rock/Volcanic/Rock_Volcanic_Cobble_Wall","Server/Item/Items/Rock/Volcanic/Rock_Volcanic_Cobble_Wall.json","2241","1A03428D200146D5C78AB1014F11D0EAA921A00BCDDB7FCEF1304C79B97E1BEC"
"items","Rock_Volcanic_Cracked_Incandescent","Rock/Volcanic/Rock_Volcanic_Cracked_Incandescent","Server/Item/Items/Rock/Volcanic/Rock_Volcanic_Cracked_Incandescent.json","1261","74FC72AB12543EAEE31E3DA410915447A7725CF1F984FCE028967CD812CBC618"
"items","Rock_Volcanic_Cracked_Lava","Rock/Volcanic/Rock_Volcanic_Cracked_Lava","Server/Item/Items/Rock/Volcanic/Rock_Volcanic_Cracked_Lava.json","1226","26A4259B600088F57137BBC55C6307389DAE77BCEDD336A73778A81DEF2D019E"
"items","Rock_Volcanic_Cracked_Poisoned","Rock/Volcanic/Rock_Volcanic_Cracked_Poisoned","Server/Item/Items/Rock/Volcanic/Rock_Volcanic_Cracked_Poisoned.json","998","CFAE4A2A0BC3C13564EAD466DE82E18D04FB1469D1148EAE9DBC8C8D882A1EC2"
"items","Rock_Volcanic_Half","Rock/Volcanic/Rock_Volcanic_Half","Server/Item/Items/Rock/Volcanic/Rock_Volcanic_Half.json","2475","398D6ED3081BCE54A92C3738C11065F7FE7974857FF41EB8FDB4AF615A97AC2B"
"items","Rock_Volcanic_Stairs","Rock/Volcanic/Rock_Volcanic_Stairs","Server/Item/Items/Rock/Volcanic/Rock_Volcanic_Stairs.json","3945","6431C641E362CCCBA0E7C23E014E8D659B74539BDFB2EBCD7F728772E44526E4"
"items","Rock_Volcanic_Stalactite_Large","Rock/Volcanic/Rock_Volcanic_Stalactite_Large","Server/Item/Items/Rock/Volcanic/Rock_Volcanic_Stalactite_Large.json","811","ABCFC05E7969E5D8F4629E635B63E7001B41E148F60788F1324334DF3D1E0EA0"
"items","Rock_Volcanic_Stalactite_Small","Rock/Volcanic/Rock_Volcanic_Stalactite_Small","Server/Item/Items/Rock/Volcanic/Rock_Volcanic_Stalactite_Small.json","810","ACD0729AAC9E55DC5E27D30D3C97C8CE0FCEAF3F0477075CC2B5D50A883955BC"
"items","Rubble_Aqua","Rubble/Rubble_Aqua","Server/Item/Items/Rubble/Rubble_Aqua.json","821","2EBA8FAB9D55CF4846CEDBB848A35D97E7DA65B119A49C75E47B30BB8A01775F"
"items","Rubble_Aqua_Medium","Rubble/Rubble_Aqua_Medium","Server/Item/Items/Rubble/Rubble_Aqua_Medium.json","836","B1CB4544B31805276D937BE4B85C02424B982E7096ADE5181C862CCC0800A49F"
"items","Rubble_Basalt","Rubble/Rubble_Basalt","Server/Item/Items/Rubble/Rubble_Basalt.json","845","6595F9D2E0FCFCB2B9F3A4ACABE44174E4BA233DFECF4588AACE8E8E86A61C43"
"items","Rubble_Basalt_Medium","Rubble/Rubble_Basalt_Medium","Server/Item/Items/Rubble/Rubble_Basalt_Medium.json","860","7A456E0F9BABF463E091721CCE790A7F62AB1B13AACE1230953E4E66B511A64D"
"items","Rubble_Calcite","Rubble/Rubble_Calcite","Server/Item/Items/Rubble/Rubble_Calcite.json","852","24EB17FEC511B490E20C710B9A9FBD91A4CFACDEFF9ABA8DA248F2CF26C83E2C"
"items","Rubble_Calcite_Medium","Rubble/Rubble_Calcite_Medium","Server/Item/Items/Rubble/Rubble_Calcite_Medium.json","867","BFFD05E438AE392D18CF3CD54FA4564AEC2CE1FB6B847EAEC0BA896B38931C34"
"items","Rubble_Chalk","Rubble/Rubble_Chalk","Server/Item/Items/Rubble/Rubble_Chalk.json","895","9E5D09477B6DE29BCF9FE262A2D7E6D06582EA6F730DBC4BCB6A28BDCCA4ED22"
"items","Rubble_Chalk_Medium","Rubble/Rubble_Chalk_Medium","Server/Item/Items/Rubble/Rubble_Chalk_Medium.json","767","502B49DA0533283F0237E9F6520D4D2A4D12446BDA349C715BD5BA498DA9A0B9"
"items","Rubble_Dawnstone","Rubble/Rubble_Dawnstone","Server/Item/Items/Rubble/Rubble_Dawnstone.json","1764","DC76C5EE2B20A199567778F971D8FD737BDEAAFE4A058151D8DF323E9562B644"
"items","Rubble_Dawnstone_Medium","Rubble/Rubble_Dawnstone_Medium","Server/Item/Items/Rubble/Rubble_Dawnstone_Medium.json","1819","195BDD71721156C3754B3BF3213DBF4D72FB838E85C7F30BDBFFC129633CA366"
"items","Rubble_Ice","Rubble/Rubble_Ice","Server/Item/Items/Rubble/Rubble_Ice.json","1154","E6E5D8A294A2EF84527AE4C84EFCBEF9E5C9F1827A56964DF6856FFE3C85B91A"
"items","Rubble_Ice_Medium","Rubble/Rubble_Ice_Medium","Server/Item/Items/Rubble/Rubble_Ice_Medium.json","1169","C8B723960E9A93829588F5E72373E32E85723098F3EE1F0439C86258C51EE704"
"items","Rubble_Lime","Rubble/Rubble_Lime","Server/Item/Items/Rubble/Rubble_Lime.json","1018","D7B1B5FB3194C317002CA6824D2B7DDDFE46BAEFBB2631A05A43AF5B1A03CC4D"
"items","Rubble_Lime_Medium","Rubble/Rubble_Lime_Medium","Server/Item/Items/Rubble/Rubble_Lime_Medium.json","1008","93B5E92FDF6922B3016324D08C17F994B03B9A4A2CC9F607D4836A8C4B4EC524"
"items","Rubble_Magma_Cooled","Rubble/Rubble_Magma_Cooled","Server/Item/Items/Rubble/Rubble_Magma_Cooled.json","744","89418E27082E14015D3D22020326543A262B818F9EA9C17DE5E4850AEA1B9BB1"
"items","Rubble_Magma_Cooled_Medium","Rubble/Rubble_Magma_Cooled_Medium","Server/Item/Items/Rubble/Rubble_Magma_Cooled_Medium.json","819","086B3E9E94C77C150A99A9A2BFC405359EB9BC669B58A2D0012CB34F940BD88F"
"items","Rubble_Marble","Rubble/Rubble_Marble","Server/Item/Items/Rubble/Rubble_Marble.json","845","EC0A978F69B218D55A1744185A66A587E026DF73DA2EB1EA79D03D1804D780FF"
"items","Rubble_Marble_Medium","Rubble/Rubble_Marble_Medium","Server/Item/Items/Rubble/Rubble_Marble_Medium.json","860","2C8AD33AB85FAE8486EE76C5A340B1DEEE5E996C20D54AC8F5526196900CC797"
"items","Rubble_Quartzite","Rubble/Rubble_Quartzite","Server/Item/Items/Rubble/Rubble_Quartzite.json","869","7F03C68E91E118463543AFCFAAE9DE67426292FBFE959348356480A883FAE22E"
"items","Rubble_Quartzite_Medium","Rubble/Rubble_Quartzite_Medium","Server/Item/Items/Rubble/Rubble_Quartzite_Medium.json","886","BB2CA0E7F019EC714E49B355BD3F82DC364578950AE3E91A296A912E9B9A54D1"
"items","Rubble_Sandstone","Rubble/Rubble_Sandstone","Server/Item/Items/Rubble/Rubble_Sandstone.json","866","6BCEB427663393C0B85B6991394165C3F1DAA3D103E92E42A6A2576B8DD8215C"
"items","Rubble_Sandstone_Medium","Rubble/Rubble_Sandstone_Medium","Server/Item/Items/Rubble/Rubble_Sandstone_Medium.json","881","2E2FD62461B6E3D01BF295D786EB84C4DF60B33061B6BC675F1C8AC737068474"
"items","Rubble_Sandstone_Red","Rubble/Rubble_Sandstone_Red","Server/Item/Items/Rubble/Rubble_Sandstone_Red.json","894","47C1FF06CACA0135411E1AD7E371228EEF1B4490B37E1E77D08C1D6E0C96172B"
"items","Rubble_Sandstone_Red_Medium","Rubble/Rubble_Sandstone_Red_Medium","Server/Item/Items/Rubble/Rubble_Sandstone_Red_Medium.json","909","0D263DA8C5D41E277920E4934133D629D6D70180A48DD0B6F8E64BB47DA42468"
"items","Rubble_Sandstone_White","Rubble/Rubble_Sandstone_White","Server/Item/Items/Rubble/Rubble_Sandstone_White.json","908","C6F70B8AF2947D05635040C3799206777DD1F793B75E4AD7F6FB6F2EEF24F781"
"items","Rubble_Sandstone_White_Medium","Rubble/Rubble_Sandstone_White_Medium","Server/Item/Items/Rubble/Rubble_Sandstone_White_Medium.json","923","F1C12C7183A1B99C5FDC39A6624443F1EE8E40E8F8BF3B9534498EF5A9D30AA1"
"items","Rubble_Shale","Rubble/Rubble_Shale","Server/Item/Items/Rubble/Rubble_Shale.json","838","3F65E0AFE3F4D5ACB10256718D3E593CB9E0B68EB4EAD77FB24A3AEDE8630B46"
"items","Rubble_Shale_Medium","Rubble/Rubble_Shale_Medium","Server/Item/Items/Rubble/Rubble_Shale_Medium.json","853","70F757A6834D35E2AE589DAEEE5CACAC25CE27F7758C74672BF4F595955CA9AA"
"items","Rubble_Slate","Rubble/Rubble_Slate","Server/Item/Items/Rubble/Rubble_Slate.json","841","918FCEB9E25FF7D47245F08E20DD105EFBEBA3D84262E40D1549357E381A7485"
"items","Rubble_Slate_Medium","Rubble/Rubble_Slate_Medium","Server/Item/Items/Rubble/Rubble_Slate_Medium.json","856","DAB7885E2A2BBC07B095645AA5E6AA41005329D0A0CB20ADA3B800A87BC04E7D"
"items","Rubble_Stone","Rubble/Rubble_Stone","Server/Item/Items/Rubble/Rubble_Stone.json","1824","CD6011253975DE9A188C4031EE98D2B4418C6840CF0CDDD0F3983AED78B42519"
"items","Rubble_Stone_Medium","Rubble/Rubble_Stone_Medium","Server/Item/Items/Rubble/Rubble_Stone_Medium.json","853","B0F597A3C9747220210C708351CF29622A778AF6259E7148CE716F2CDC8D8E1D"
"items","Rubble_Stone_Mossy","Rubble/Rubble_Stone_Mossy","Server/Item/Items/Rubble/Rubble_Stone_Mossy.json","874","42AECD51EAB7EA4E8B918040AC7F800773020CEAEDBFE4C291BAB37B91CF76BD"
"items","Rubble_Stone_Mossy_Medium","Rubble/Rubble_Stone_Mossy_Medium","Server/Item/Items/Rubble/Rubble_Stone_Mossy_Medium.json","889","E09838FA9A87B8FCC8E370B2B215DDC1E835060FF6FAD5B793F675CB3978A2BC"
"items","Rubble_Volcanic","Rubble/Rubble_Volcanic","Server/Item/Items/Rubble/Rubble_Volcanic.json","859","BD01083CBBF6324A07B54E0F99D610E5F8064DFA87353196ADEC644AAA1EC0FC"
"items","Rubble_Volcanic_Medium","Rubble/Rubble_Volcanic_Medium","Server/Item/Items/Rubble/Rubble_Volcanic_Medium.json","874","75D53395F4474834A4A206C50A4745DDDEAD1B92F30A0EFC3D48C649043895CA"
"items","Soil_Clay_Brick","Soil/Clay_Brick/Soil_Clay_Brick","Server/Item/Items/Soil/Clay_Brick/Soil_Clay_Brick.json","1275","7CDDC9C0DA540DB914AA1C74D13DBDB28C373CD9DB9861C0C626849EA6285676"
"items","Soil_Clay_Brick_Beam","Soil/Clay_Brick/Soil_Clay_Brick_Beam","Server/Item/Items/Soil/Clay_Brick/Soil_Clay_Brick_Beam.json","1676","6FF8644E882FE59CB267D1672EF99BB1513582430E5063BE20E5F33D4D18E13A"
"items","Soil_Clay_Brick_Half","Soil/Clay_Brick/Soil_Clay_Brick_Half","Server/Item/Items/Soil/Clay_Brick/Soil_Clay_Brick_Half.json","2875","B0B46C73175EC6ECEE3644FEECCB16C56B3B1043857E7C7155CF0F87C39262AE"
"items","Soil_Clay_Brick_Stairs","Soil/Clay_Brick/Soil_Clay_Brick_Stairs","Server/Item/Items/Soil/Clay_Brick/Soil_Clay_Brick_Stairs.json","3455","C9BC4E263EB53CF7F56F32D96BBEF4D2870A66F2874D9FFE8211F83F40A6EBAA"
"items","Soil_Clay_Brick_Wall","Soil/Clay_Brick/Soil_Clay_Brick_Wall","Server/Item/Items/Soil/Clay_Brick/Soil_Clay_Brick_Wall.json","2985","2A5A890CE570AF20FA32BF62E9E0BF1724635E772055EFCD081EC96C1604EBC3"
"items","Soil_Clay_Cobble_Orange","Soil/Clay_Cobble/Soil_Clay_Cobble_Orange","Server/Item/Items/Soil/Clay_Cobble/Soil_Clay_Cobble_Orange.json","1639","D8FE6BFD7BA53AE652C721FDD6582757ECD1833214689675136739EDDDCA0A17"
"items","Soil_Clay_Cobble_Orange_Half","Soil/Clay_Cobble/Soil_Clay_Cobble_Orange_Half","Server/Item/Items/Soil/Clay_Cobble/Soil_Clay_Cobble_Orange_Half.json","3377","3638F3DBC54BE0AE65272FF510550939CD3017C92C77421F371453B95CB6E886"
"items","Soil_Clay_Cobble_Orange_Stairs","Soil/Clay_Cobble/Soil_Clay_Cobble_Orange_Stairs","Server/Item/Items/Soil/Clay_Cobble/Soil_Clay_Cobble_Orange_Stairs.json","3355","36FCBAC4F15CA63F14913306F1A1D887F23791078B7D1B5E1060C99CE5DB6F75"
"items","Soil_Clay_Ocean_Brick","Soil/Clay_Ocean_Brick/Soil_Clay_Ocean_Brick","Server/Item/Items/Soil/Clay_Ocean_Brick/Soil_Clay_Ocean_Brick.json","1355","E101EFAEF87435030D7F35769C192127370879B95A747EE7922EBF0EC9A0CCF2"
"items","Soil_Clay_Ocean_Brick_Beam","Soil/Clay_Ocean_Brick/Soil_Clay_Ocean_Brick_Beam","Server/Item/Items/Soil/Clay_Ocean_Brick/Soil_Clay_Ocean_Brick_Beam.json","1739","707DA48BCB44CB39BD47582AEF91E0846F2A779EC6C11A9BA697C9C88916B293"
"items","Soil_Clay_Ocean_Brick_Decorative","Soil/Clay_Ocean_Brick/Soil_Clay_Ocean_Brick_Decorative","Server/Item/Items/Soil/Clay_Ocean_Brick/Soil_Clay_Ocean_Brick_Decorative.json","1465","2E1471C553F70A377D3E50B11504198B7CA62158D88CAF8259AE2CEF528A543C"
"items","Soil_Clay_Ocean_Brick_Half","Soil/Clay_Ocean_Brick/Soil_Clay_Ocean_Brick_Half","Server/Item/Items/Soil/Clay_Ocean_Brick/Soil_Clay_Ocean_Brick_Half.json","2955","6FF396DA0FCBBF75335CB7B2444DE6792A8104A45CBB97AD392055E64E2A29C8"
"items","Soil_Clay_Ocean_Brick_Ornate","Soil/Clay_Ocean_Brick/Soil_Clay_Ocean_Brick_Ornate","Server/Item/Items/Soil/Clay_Ocean_Brick/Soil_Clay_Ocean_Brick_Ornate.json","1379","A99D3404A256AF21AFCB6FCED32A7E3DC1A69526882CEE9C7A0A02799F4384B3"
"items","Soil_Clay_Ocean_Brick_Pillar_Base","Soil/Clay_Ocean_Brick/Soil_Clay_Ocean_Brick_Pillar_Base","Server/Item/Items/Soil/Clay_Ocean_Brick/Soil_Clay_Ocean_Brick_Pillar_Base.json","1529","94CCAC2B4FE41BCB6759800B7B4BD7EFAC5E0836EDE718037F3A9E6FA8D6D767"
"items","Soil_Clay_Ocean_Brick_Pillar_Middle","Soil/Clay_Ocean_Brick/Soil_Clay_Ocean_Brick_Pillar_Middle","Server/Item/Items/Soil/Clay_Ocean_Brick/Soil_Clay_Ocean_Brick_Pillar_Middle.json","1495","F3B2376C228C4BE19338EAD6D0C75000A50F66B5867F03ADD5A870F8C70FB756"
"items","Soil_Clay_Ocean_Brick_Roof","Soil/Clay_Ocean_Brick/Soil_Clay_Ocean_Brick_Roof","Server/Item/Items/Soil/Clay_Ocean_Brick/Soil_Clay_Ocean_Brick_Roof.json","4211","43309250C2312B0D4031C7467432111746ADA1646A6C4874DD25B36E8B886127"
"items","Soil_Clay_Ocean_Brick_Roof_Flat","Soil/Clay_Ocean_Brick/Soil_Clay_Ocean_Brick_Roof_Flat","Server/Item/Items/Soil/Clay_Ocean_Brick/Soil_Clay_Ocean_Brick_Roof_Flat.json","1663","FD49CDC5FD55BBB5F3104B6CA9AF3775C11478748DBAB406022B7C79CACA3CAA"
"items","Soil_Clay_Ocean_Brick_Roof_Hollow","Soil/Clay_Ocean_Brick/Soil_Clay_Ocean_Brick_Roof_Hollow","Server/Item/Items/Soil/Clay_Ocean_Brick/Soil_Clay_Ocean_Brick_Roof_Hollow.json","3751","E04327ED40CDCB86B71E8FD36545614F4DEC7C9804E654806E2AADABA209B9FB"
"items","Soil_Clay_Ocean_Brick_Roof_Shallow","Soil/Clay_Ocean_Brick/Soil_Clay_Ocean_Brick_Roof_Shallow","Server/Item/Items/Soil/Clay_Ocean_Brick/Soil_Clay_Ocean_Brick_Roof_Shallow.json","4507","8FCAB00EE7728CBC36D5979CC30B12D6CA93CA6D1E0EC8C0CF37B9DAB9B6C8E4"
"items","Soil_Clay_Ocean_Brick_Roof_Steep","Soil/Clay_Ocean_Brick/Soil_Clay_Ocean_Brick_Roof_Steep","Server/Item/Items/Soil/Clay_Ocean_Brick/Soil_Clay_Ocean_Brick_Roof_Steep.json","3642","47EC33ADA49EE66F1E5C484D84B3371E1EDEDD6698A51CB7ACFF3415AFE8D41C"
"items","Soil_Clay_Ocean_Brick_Smooth","Soil/Clay_Ocean_Brick/Soil_Clay_Ocean_Brick_Smooth","Server/Item/Items/Soil/Clay_Ocean_Brick/Soil_Clay_Ocean_Brick_Smooth.json","1379","F06F289D32FBBE9383D06B3B03ABC9AB174A8024BEE21A321C59CC4FC1EEEA51"
"items","Soil_Clay_Ocean_Brick_Smooth_Half","Soil/Clay_Ocean_Brick/Soil_Clay_Ocean_Brick_Smooth_Half","Server/Item/Items/Soil/Clay_Ocean_Brick/Soil_Clay_Ocean_Brick_Smooth_Half.json","3007","678105F95160AD2F71D2CA3D450F4CE6F91119AA193B940445B40D75AA9B9C78"
"items","Soil_Clay_Ocean_Brick_Stairs","Soil/Clay_Ocean_Brick/Soil_Clay_Ocean_Brick_Stairs","Server/Item/Items/Soil/Clay_Ocean_Brick/Soil_Clay_Ocean_Brick_Stairs.json","3566","D3A76154E6D92D4CB3B3FBDF977F9A5780B0CE4433B1795F45F11FC3F4257D31"
"items","Soil_Clay_Ocean_Brick_Wall","Soil/Clay_Ocean_Brick/Soil_Clay_Ocean_Brick_Wall","Server/Item/Items/Soil/Clay_Ocean_Brick/Soil_Clay_Ocean_Brick_Wall.json","3102","FD6E719164A2A3A76161AB22FFE8F488ADACCF19A5EE3EE28D3195CAA05265EF"
"items","Soil_Clay_Ocean_Stalactite_Large","Soil/Clay_Ocean/Soil_Clay_Ocean_Stalactite_Large","Server/Item/Items/Soil/Clay_Ocean/Soil_Clay_Ocean_Stalactite_Large.json","1411","673BDB78C04E646EBDA6DA0C32B7C311CDA374CFE3F9C4B28F8C75A2A092DD3E"
"items","Soil_Clay_Ocean_Stalactite_Small","Soil/Clay_Ocean/Soil_Clay_Ocean_Stalactite_Small","Server/Item/Items/Soil/Clay_Ocean/Soil_Clay_Ocean_Stalactite_Small.json","1280","41C40D9080AFB0136E4ACFCB33257011620825B211817F339C2332BDB8FB2D30"
"items","Soil_Clay_Smooth_Black","Soil/Clay_Plaster/Soil_Clay_Smooth_Black","Server/Item/Items/Soil/Clay_Plaster/Soil_Clay_Smooth_Black.json","1516","CDC2461A028232365C1D2AF240DE5F7F608DE4748C107FED0F07E843E9FDFB2D"
"items","Soil_Clay_Smooth_Black_Half","Soil/Clay_Plaster/Soil_Clay_Smooth_Black_Half","Server/Item/Items/Soil/Clay_Plaster/Soil_Clay_Smooth_Black_Half.json","2736","361CD72D3D2004C04EC66906F2C1D7651F8BDF33204B3478320795B84A31FCB5"
"items","Soil_Clay_Smooth_Black_Stairs","Soil/Clay_Plaster/Soil_Clay_Smooth_Black_Stairs","Server/Item/Items/Soil/Clay_Plaster/Soil_Clay_Smooth_Black_Stairs.json","3366","F4367AF7E9F160A704AB4F63AF8B7C88B1DF558A248BCDF33F5D204F374FEDDA"
"items","Soil_Clay_Smooth_Blue","Soil/Clay_Plaster/Soil_Clay_Smooth_Blue","Server/Item/Items/Soil/Clay_Plaster/Soil_Clay_Smooth_Blue.json","1509","74A0FB43A8991C81714AF3FCD6C1244ADDDCA03C96FD52C2AE19BD8138176A58"
"items","Soil_Clay_Smooth_Blue_Half","Soil/Clay_Plaster/Soil_Clay_Smooth_Blue_Half","Server/Item/Items/Soil/Clay_Plaster/Soil_Clay_Smooth_Blue_Half.json","2732","2E1D3D8D21DA4E1D3CC50FE3E7A51938BC0084B41678F8F55599AF1EF38C11A3"
"items","Soil_Clay_Smooth_Blue_Stairs","Soil/Clay_Plaster/Soil_Clay_Smooth_Blue_Stairs","Server/Item/Items/Soil/Clay_Plaster/Soil_Clay_Smooth_Blue_Stairs.json","3364","078D3F2D666290FADBF9BCBCCE4408E66E45C84FC6E4C151B3B39D90F387B6D9"
"items","Soil_Clay_Smooth_Cyan","Soil/Clay_Plaster/Soil_Clay_Smooth_Cyan","Server/Item/Items/Soil/Clay_Plaster/Soil_Clay_Smooth_Cyan.json","1608","72215069A858217B1610987709731289B503CCD6D5FC17A045FDF025FA8207ED"
"items","Soil_Clay_Smooth_Cyan_Half","Soil/Clay_Plaster/Soil_Clay_Smooth_Cyan_Half","Server/Item/Items/Soil/Clay_Plaster/Soil_Clay_Smooth_Cyan_Half.json","2732","AB99FAF3B19C484354A9D21A08136B71AEFD7E4EEB2DD86677EC738F21987AAB"
"items","Soil_Clay_Smooth_Cyan_Stairs","Soil/Clay_Plaster/Soil_Clay_Smooth_Cyan_Stairs","Server/Item/Items/Soil/Clay_Plaster/Soil_Clay_Smooth_Cyan_Stairs.json","3364","310640EAA4D2F54F54AC052474CEE245207DF24FDF1A45B7C20DE955FB4E49A7"
"items","Soil_Clay_Smooth_Green","Soil/Clay_Plaster/Soil_Clay_Smooth_Green","Server/Item/Items/Soil/Clay_Plaster/Soil_Clay_Smooth_Green.json","1516","39DC1C1F4E2BE273743AC05666B65CCF22EBA8D98129C9D6032D0F26ABA1E67E"
"items","Soil_Clay_Smooth_Green_Half","Soil/Clay_Plaster/Soil_Clay_Smooth_Green_Half","Server/Item/Items/Soil/Clay_Plaster/Soil_Clay_Smooth_Green_Half.json","2736","13D942173C99A3B7CE28EEF63661F1E9B8FBE1B61B185AB3D486756D2A134A88"
"items","Soil_Clay_Smooth_Green_Stairs","Soil/Clay_Plaster/Soil_Clay_Smooth_Green_Stairs","Server/Item/Items/Soil/Clay_Plaster/Soil_Clay_Smooth_Green_Stairs.json","3366","6311C52F52B5FEF55EA07D301270178C71109D8C7528126D856A4F70C8C813A1"
"items","Soil_Clay_Smooth_GreenDark","Soil/Clay_Plaster/Soil_Clay_Smooth_GreenDark","Server/Item/Items/Soil/Clay_Plaster/Soil_Clay_Smooth_GreenDark.json","1604","554B0B905650DD32E8D911CBD7B975CDD6CBA02F2506679E0C9BB39C6E3E2D54"
"items","Soil_Clay_Smooth_GreenDark_Half","Soil/Clay_Plaster/Soil_Clay_Smooth_GreenDark_Half","Server/Item/Items/Soil/Clay_Plaster/Soil_Clay_Smooth_GreenDark_Half.json","2762","65AD6045E3016A50790D6246DCD64FFD771A568E51891FDDB3C70CDC1CA3DBEE"
"items","Soil_Clay_Smooth_GreenDark_Stairs","Soil/Clay_Plaster/Soil_Clay_Smooth_GreenDark_Stairs","Server/Item/Items/Soil/Clay_Plaster/Soil_Clay_Smooth_GreenDark_Stairs.json","3379","3548AD8D59A6684DC09716B3FBEA1952AC929164E1805A4DB9F5B79C6D2311F1"
"items","Soil_Clay_Smooth_Grey","Soil/Clay_Plaster/Soil_Clay_Smooth_Grey","Server/Item/Items/Soil/Clay_Plaster/Soil_Clay_Smooth_Grey.json","1592","C10348920F36AD33A433FFA8D562E12630143167E0650C04EB4D23DB26356132"
"items","Soil_Clay_Smooth_Grey_Half","Soil/Clay_Plaster/Soil_Clay_Smooth_Grey_Half","Server/Item/Items/Soil/Clay_Plaster/Soil_Clay_Smooth_Grey_Half.json","2730","D0AFCC550B1698876D892444E507AA47BB29ADB7B7ED13EAFE35529398C5D523"
"items","Soil_Clay_Smooth_Grey_Stairs","Soil/Clay_Plaster/Soil_Clay_Smooth_Grey_Stairs","Server/Item/Items/Soil/Clay_Plaster/Soil_Clay_Smooth_Grey_Stairs.json","3363","1B4320D63A8544A74A3F7AB9E6CB15FEE1033205D0892CE29D92B34A0675B73D"
"items","Soil_Clay_Smooth_Grey2","Soil/Clay_Plaster/Soil_Clay_Smooth_Grey2","Server/Item/Items/Soil/Clay_Plaster/Soil_Clay_Smooth_Grey2.json","1592","9942CF2D2848D4ED1876310F3EECA08D01044D9F9A5B4E66298FD11FD7D7CC4C"
"items","Soil_Clay_Smooth_Grey2_Half","Soil/Clay_Plaster/Soil_Clay_Smooth_Grey2_Half","Server/Item/Items/Soil/Clay_Plaster/Soil_Clay_Smooth_Grey2_Half.json","2738","B5B402A07D4B023A935626769BACCCA7ABBB6C878DE867723787D17CD4B8C488"
"items","Soil_Clay_Smooth_Grey2_Stairs","Soil/Clay_Plaster/Soil_Clay_Smooth_Grey2_Stairs","Server/Item/Items/Soil/Clay_Plaster/Soil_Clay_Smooth_Grey2_Stairs.json","3367","B1A400EE5B1FAD8E0F4FE404D4D47F9A29771061DC157E56DD2C4CB9B0851ABC"
"items","Soil_Clay_Smooth_Lime","Soil/Clay_Plaster/Soil_Clay_Smooth_Lime","Server/Item/Items/Soil/Clay_Plaster/Soil_Clay_Smooth_Lime.json","1590","212DCF23494BCE0BF7A55E0CBA52BC15993007E438DC55A7ECD5DB9E3A44B9B6"
"items","Soil_Clay_Smooth_Lime_Half","Soil/Clay_Plaster/Soil_Clay_Smooth_Lime_Half","Server/Item/Items/Soil/Clay_Plaster/Soil_Clay_Smooth_Lime_Half.json","2732","28E758142E68C3684F13F634187E0148F7B17A7C6026C424B3F8ED13410AFEEA"
"items","Soil_Clay_Smooth_Lime_Stairs","Soil/Clay_Plaster/Soil_Clay_Smooth_Lime_Stairs","Server/Item/Items/Soil/Clay_Plaster/Soil_Clay_Smooth_Lime_Stairs.json","3364","D562BC3EC1949DB73B187689F3DCA2B5F759079AF52F51D33FCC390DCAFE9B55"
"items","Soil_Clay_Smooth_Orange","Soil/Clay_Plaster/Soil_Clay_Smooth_Orange","Server/Item/Items/Soil/Clay_Plaster/Soil_Clay_Smooth_Orange.json","1593","F2D3A7FB97BC7F92E8C822D4440F2CC6072869B2DB62937523C661D9B73F123B"
"items","Soil_Clay_Smooth_Orange_Half","Soil/Clay_Plaster/Soil_Clay_Smooth_Orange_Half","Server/Item/Items/Soil/Clay_Plaster/Soil_Clay_Smooth_Orange_Half.json","2742","D68F0AE9765EB886153B2BAC13D3DFD74C1786E3646DE9810AAC0C487EF6DB8C"
"items","Soil_Clay_Smooth_Orange_Stairs","Soil/Clay_Plaster/Soil_Clay_Smooth_Orange_Stairs","Server/Item/Items/Soil/Clay_Plaster/Soil_Clay_Smooth_Orange_Stairs.json","3369","8A0265B94128F17A5DCE6DD2AB9DFECE0FA4C894368223C47926D25C419854DB"
"items","Soil_Clay_Smooth_Pink","Soil/Clay_Plaster/Soil_Clay_Smooth_Pink","Server/Item/Items/Soil/Clay_Plaster/Soil_Clay_Smooth_Pink.json","1512","D2D5C3EBEE83800E649F61ACD7B7766EEDDAD55549E25D34F744E2C9001A6A16"
"items","Soil_Clay_Smooth_Pink_Half","Soil/Clay_Plaster/Soil_Clay_Smooth_Pink_Half","Server/Item/Items/Soil/Clay_Plaster/Soil_Clay_Smooth_Pink_Half.json","2730","2F47795EB13D81E41CA015F4073EF5260E53B33CC8D535FF8FCD0DD9E597EED1"
"items","Soil_Clay_Smooth_Pink_Stairs","Soil/Clay_Plaster/Soil_Clay_Smooth_Pink_Stairs","Server/Item/Items/Soil/Clay_Plaster/Soil_Clay_Smooth_Pink_Stairs.json","3363","D0701878B61B3F26BAB21B4278A7CF55D54001AC998C7D038DBDFF48301139BB"
"items","Soil_Clay_Smooth_Purple","Soil/Clay_Plaster/Soil_Clay_Smooth_Purple","Server/Item/Items/Soil/Clay_Plaster/Soil_Clay_Smooth_Purple.json","1520","F8855A4FEAFBC51197E4036F12DE2B870720561EFEEC221AF44C4E69041DCD09"
"items","Soil_Clay_Smooth_Purple_Half","Soil/Clay_Plaster/Soil_Clay_Smooth_Purple_Half","Server/Item/Items/Soil/Clay_Plaster/Soil_Clay_Smooth_Purple_Half.json","2742","FD916E60B805D5567E72EE9B818F2BFEC4076CDEE6D90136AED9EA8DCF389F29"
"items","Soil_Clay_Smooth_Purple_Stairs","Soil/Clay_Plaster/Soil_Clay_Smooth_Purple_Stairs","Server/Item/Items/Soil/Clay_Plaster/Soil_Clay_Smooth_Purple_Stairs.json","3369","CC873D6BDE297A92998A2D484BBB0A658F0D96FCDF13A961D816C0DAB3BC49E4"
"items","Soil_Clay_Smooth_Red","Soil/Clay_Plaster/Soil_Clay_Smooth_Red","Server/Item/Items/Soil/Clay_Plaster/Soil_Clay_Smooth_Red.json","1583","A52B21194148E0EC5909C99211E8BF404F63198A35EE2D66B6B2F5C0197F0046"
"items","Soil_Clay_Smooth_Red_Half","Soil/Clay_Plaster/Soil_Clay_Smooth_Red_Half","Server/Item/Items/Soil/Clay_Plaster/Soil_Clay_Smooth_Red_Half.json","2724","A2D3212889447091DAA5EF5B594E68AF1C58E00104CFC7C68F66AD2DC72DE9FD"
"items","Soil_Clay_Smooth_Red_Stairs","Soil/Clay_Plaster/Soil_Clay_Smooth_Red_Stairs","Server/Item/Items/Soil/Clay_Plaster/Soil_Clay_Smooth_Red_Stairs.json","3360","29967DBB073CB32D3F08355681E71261275BC9931406CE527AC180C422F250E2"
"items","Soil_Clay_Smooth_Red2","Soil/Clay_Plaster/Soil_Clay_Smooth_Red2","Server/Item/Items/Soil/Clay_Plaster/Soil_Clay_Smooth_Red2.json","1601","C01224BE5C2051BA473D8CE5F5400A17292941D5320B30310C24FE382F855BD8"
"items","Soil_Clay_Smooth_Red2_Half","Soil/Clay_Plaster/Soil_Clay_Smooth_Red2_Half","Server/Item/Items/Soil/Clay_Plaster/Soil_Clay_Smooth_Red2_Half.json","2730","608660D7E932AD8546F9E4FD1BFE7FA4C2D3FF58945FF05CDEE630763A73C8F6"
"items","Soil_Clay_Smooth_Red2_Stairs","Soil/Clay_Plaster/Soil_Clay_Smooth_Red2_Stairs","Server/Item/Items/Soil/Clay_Plaster/Soil_Clay_Smooth_Red2_Stairs.json","3363","5A8F6BDC01A0147231A3E3C3059B1D73FBEDC45F3CA60BABEB7665E8EBEE0CDC"
"items","Soil_Clay_Smooth_White","Soil/Clay_Plaster/Soil_Clay_Smooth_White","Server/Item/Items/Soil/Clay_Plaster/Soil_Clay_Smooth_White.json","1516","5A0D287BB94B2ED65D34F4ADDF02F11146B259A756387718B6BCF3C7E8450789"
"items","Soil_Clay_Smooth_White_Half","Soil/Clay_Plaster/Soil_Clay_Smooth_White_Half","Server/Item/Items/Soil/Clay_Plaster/Soil_Clay_Smooth_White_Half.json","2736","75AF9CFF6183F0B6CC41A1974CE0D2C990425DCD2E429CBB914CB6F3302A0021"
"items","Soil_Clay_Smooth_White_Stairs","Soil/Clay_Plaster/Soil_Clay_Smooth_White_Stairs","Server/Item/Items/Soil/Clay_Plaster/Soil_Clay_Smooth_White_Stairs.json","3366","D9490D18A818077FD09FD01E2C6DCEA4F0A5A408008D10A182C56369CDBB1528"
"items","Soil_Clay_Smooth_Yellow","Soil/Clay_Plaster/Soil_Clay_Smooth_Yellow","Server/Item/Items/Soil/Clay_Plaster/Soil_Clay_Smooth_Yellow.json","1589","ECC99C7F8D0119D7792A0FAB982616DC24F46177CE7AC54F66F2750AE4A10A97"
"items","Soil_Clay_Smooth_Yellow_Half","Soil/Clay_Plaster/Soil_Clay_Smooth_Yellow_Half","Server/Item/Items/Soil/Clay_Plaster/Soil_Clay_Smooth_Yellow_Half.json","2742","398C588B2977780244EF7C3539F79868486C76323752C95E57BA85FCB0B2336A"
"items","Soil_Clay_Smooth_Yellow_Stairs","Soil/Clay_Plaster/Soil_Clay_Smooth_Yellow_Stairs","Server/Item/Items/Soil/Clay_Plaster/Soil_Clay_Smooth_Yellow_Stairs.json","3369","9AABFE350C95AE6551A7EB898AB3D426E9FBE5B3C54EC28E12276AD7B8349339"
"items","Soil_Clay_Smooth_Yellow2","Soil/Clay_Plaster/Soil_Clay_Smooth_Yellow2","Server/Item/Items/Soil/Clay_Plaster/Soil_Clay_Smooth_Yellow2.json","1595","74251572E1366E190C9C9532ADFEA01010E81A48B52C0F2120A9ECD59CEF44D9"
"items","Soil_Clay_Smooth_Yellow2_Half","Soil/Clay_Plaster/Soil_Clay_Smooth_Yellow2_Half","Server/Item/Items/Soil/Clay_Plaster/Soil_Clay_Smooth_Yellow2_Half.json","2748","DD5AED36C37BCCB04EF7D97996EFCC0A57333123A972F0CACD73CA71E6FD987B"
"items","Soil_Clay_Smooth_Yellow2_Stairs","Soil/Clay_Plaster/Soil_Clay_Smooth_Yellow2_Stairs","Server/Item/Items/Soil/Clay_Plaster/Soil_Clay_Smooth_Yellow2_Stairs.json","3372","E608F4A4FDD6F6B687796225298FC38D6C5385E2246514C86F6259FFD1F56D28"
"items","Soil_Clay_Raw_Brick","Soil/Clay_Raw/Soil_Clay_Raw_Brick","Server/Item/Items/Soil/Clay_Raw/Soil_Clay_Raw_Brick.json","1555","989D2DAA48CE1CDCB42E7BE7DDB2F630E6ACB52E4BEC22F2BC7794F9FAC45607"
"items","Soil_Clay_Raw_Brick_Half","Soil/Clay_Raw/Soil_Clay_Raw_Brick_Half","Server/Item/Items/Soil/Clay_Raw/Soil_Clay_Raw_Brick_Half.json","2824","433A3DE31CFC5F3CD33A7DA421624845DE8A317FF320561E67F73A0001E27100"
"items","Soil_Clay_Raw_Brick_Stairs","Soil/Clay_Raw/Soil_Clay_Raw_Brick_Stairs","Server/Item/Items/Soil/Clay_Raw/Soil_Clay_Raw_Brick_Stairs.json","3342","A91FF1781DBF402174DBAECF055E33F0F515ED2A30427F4738CB8AB0E617942B"
"items","Soil_Clay","Soil/Clay/Soil_Clay","Server/Item/Items/Soil/Clay/Soil_Clay.json","1365","758073009224613F3C14239C915BCBCDC7729BE29CD53890F61B641B42C1F43F"
"items","Soil_Clay_Beige","Soil/Clay/Soil_Clay_Beige","Server/Item/Items/Soil/Clay/Soil_Clay_Beige.json","1097","DED5C942F316D2238491BEE93DF28F6395CDC134607635ECBA8D720519D88A46"
"items","Soil_Clay_Black","Soil/Clay/Soil_Clay_Black","Server/Item/Items/Soil/Clay/Soil_Clay_Black.json","1101","30880013AB1A12C15CBF410C302D52537B61B37961C7EED8E42FAA0A87320972"
"items","Soil_Clay_Blue","Soil/Clay/Soil_Clay_Blue","Server/Item/Items/Soil/Clay/Soil_Clay_Blue.json","1098","1556E57439475F75E13FCEA005E90A81C3BCAF912BC5AA7FE69252B1A95D3139"
"items","Soil_Clay_Cyan","Soil/Clay/Soil_Clay_Cyan","Server/Item/Items/Soil/Clay/Soil_Clay_Cyan.json","1098","1462B31D2A6DDE7074A792D8716C171F10B3A403FF5114E7E4E17FBDDB370418"
"items","Soil_Clay_Green","Soil/Clay/Soil_Clay_Green","Server/Item/Items/Soil/Clay/Soil_Clay_Green.json","1101","28B913D808739E624945C365C56FEB8544BBF11FA45AB5EA2DFBEE18B5B9EC05"
"items","Soil_Clay_Grey","Soil/Clay/Soil_Clay_Grey","Server/Item/Items/Soil/Clay/Soil_Clay_Grey.json","1098","36B6380803619B9C7114E761D5B70B7F60DCFCD0BDFF04A7F7C171DB2D44C5D3"
"items","Soil_Clay_GreyLight","Soil/Clay/Soil_Clay_GreyLight","Server/Item/Items/Soil/Clay/Soil_Clay_GreyLight.json","1109","9458EE7F48592C4B03E7B31F7FB142065A5DBD5DBB5A7DC9D11CFB95B8B6FCF5"
"items","Soil_Clay_Lime","Soil/Clay/Soil_Clay_Lime","Server/Item/Items/Soil/Clay/Soil_Clay_Lime.json","1098","0D15ADF6E705CBB3065D6CBAB3D1AD84ED4EBACB7E9F293B16B1ED42D5D52F6A"
"items","Soil_Clay_Orange","Soil/Clay/Soil_Clay_Orange","Server/Item/Items/Soil/Clay/Soil_Clay_Orange.json","1104","8430143BA3F4E61FF583EBFDC63EF9360836B43582C870335B1F3C529D02CB12"
"items","Soil_Clay_Pink","Soil/Clay/Soil_Clay_Pink","Server/Item/Items/Soil/Clay/Soil_Clay_Pink.json","1098","16F564D480AF4907200BAAF8C2582261845A2D877576DD59CCA194DCC121A8C4"
"items","Soil_Clay_Purple","Soil/Clay/Soil_Clay_Purple","Server/Item/Items/Soil/Clay/Soil_Clay_Purple.json","1104","6ED71C71B5BBEA08393B8FC7CA57A1BD066D00AE5A8A626DAAD709FB5BD00012"
"items","Soil_Clay_Red","Soil/Clay/Soil_Clay_Red","Server/Item/Items/Soil/Clay/Soil_Clay_Red.json","1095","43DC35E976BAD051509041304B378EF4D17BAE0B082F8FF3FB7939B1BF6EC71C"
"items","Soil_Clay_Scarlet","Soil/Clay/Soil_Clay_Scarlet","Server/Item/Items/Soil/Clay/Soil_Clay_Scarlet.json","1103","FF7C1E22B3C39BB6CD1C66CCDC8D2A666BA65881B5B8C41A04CB52F9B02CC44A"
"items","Soil_Clay_Stalactite_Large","Soil/Clay/Soil_Clay_Stalactite_Large","Server/Item/Items/Soil/Clay/Soil_Clay_Stalactite_Large.json","1398","5712344CF880B89CBAD1F2107512D1E7646B65C6B6CDF92258F47BCA5D6C031D"
"items","Soil_Clay_Stalactite_Small","Soil/Clay/Soil_Clay_Stalactite_Small","Server/Item/Items/Soil/Clay/Soil_Clay_Stalactite_Small.json","1249","789F451859A0F5CB98EBCA86F9125C509A1DE8F2B4053C44568C907A8747247E"
"items","Soil_Clay_White","Soil/Clay/Soil_Clay_White","Server/Item/Items/Soil/Clay/Soil_Clay_White.json","1101","7278D93E20B3B6F77D2CFB09DBD11614527CAF3B547EA7A191E53D108B92DBFE"
"items","Soil_Clay_Yellow","Soil/Clay/Soil_Clay_Yellow","Server/Item/Items/Soil/Clay/Soil_Clay_Yellow.json","1104","6807E800B21BB010F35333A3F0EBA36E708BF7DECDDC21D4B229359E449B9749"
"items","Soil_Dirt","Soil/Dirt/Soil_Dirt","Server/Item/Items/Soil/Dirt/Soil_Dirt.json","568","4275E82DA6CD1ABB134EAC58108793BAD20E49EDC4C552844F4035D04C165C5D"
"items","Soil_Dirt_Burnt","Soil/Dirt/Soil_Dirt_Burnt","Server/Item/Items/Soil/Dirt/Soil_Dirt_Burnt.json","632","FABB4B290A90B16BA1F16717699751B062908B6E372A7641C0D78295C03C360B"
"items","Soil_Dirt_Burnt_Half","Soil/Dirt/Soil_Dirt_Burnt_Half","Server/Item/Items/Soil/Dirt/Soil_Dirt_Burnt_Half.json","2164","B0151E118631C86449941BA54B420E5E63AE84979DBA1C6EC80751F3D3BD9412"
"items","Soil_Dirt_Burnt_Stairs","Soil/Dirt/Soil_Dirt_Burnt_Stairs","Server/Item/Items/Soil/Dirt/Soil_Dirt_Burnt_Stairs.json","3328","355D5F54B96B753706009B484918465B90F12040FBBC2569EE236C231ACF2709"
"items","Soil_Dirt_Cold","Soil/Dirt/Soil_Dirt_Cold","Server/Item/Items/Soil/Dirt/Soil_Dirt_Cold.json","971","91C67A1F503AB0DFD9D692876CFB821CF060BB9F68E68D78733C8C54E93DF5A0"
"items","Soil_Dirt_Cold_Half","Soil/Dirt/Soil_Dirt_Cold_Half","Server/Item/Items/Soil/Dirt/Soil_Dirt_Cold_Half.json","2249","CBA98773DC979B512AB722B811A094329C0681AF0DF157A9FA7D008257D760BA"
"items","Soil_Dirt_Cold_Stairs","Soil/Dirt/Soil_Dirt_Cold_Stairs","Server/Item/Items/Soil/Dirt/Soil_Dirt_Cold_Stairs.json","3324","5F8C460708C70471DE4C2A2E55CC032EE6FC72F76486701819B2A00DCB9BBFDF"
"items","Soil_Dirt_Crystal","Soil/Dirt/Soil_Dirt_Crystal","Server/Item/Items/Soil/Dirt/Soil_Dirt_Crystal.json","1320","669CA18B3DA7DFFF6909087DB8FF3F0B302B2042D8CE64A83D3DB7954371FE98"
"items","Soil_Dirt_Dry","Soil/Dirt/Soil_Dirt_Dry","Server/Item/Items/Soil/Dirt/Soil_Dirt_Dry.json","964","4A6A54C4C155C65E458266E174E2D5D84774D601CC2A6A04328EB4EFFEAE0FA9"
"items","Soil_Dirt_Dry_Half","Soil/Dirt/Soil_Dirt_Dry_Half","Server/Item/Items/Soil/Dirt/Soil_Dirt_Dry_Half.json","2241","6B82D71C970CC39194E22242D7731D83D48007E7C1BAA20E3D18C3CE39EB7D7C"
"items","Soil_Dirt_Dry_Stairs","Soil/Dirt/Soil_Dirt_Dry_Stairs","Server/Item/Items/Soil/Dirt/Soil_Dirt_Dry_Stairs.json","3320","F99AF7963B1CCCEACFCB64D044615EEE9BDEAD4E8C361E47C2B964000DD16182"
"items","Soil_Dirt_Half","Soil/Dirt/Soil_Dirt_Half","Server/Item/Items/Soil/Dirt/Soil_Dirt_Half.json","2964","0BDB545F0B1E547A8625150FAFDEC3484971010CBA8A7209B8955D1B7A6ED564"
"items","Soil_Dirt_Lush","Soil/Dirt/Soil_Dirt_Lush","Server/Item/Items/Soil/Dirt/Soil_Dirt_Lush.json","743","3F9398A9E2E5A42725EA62F809849ED7D0B3EB3AF079EDB81AB71D13A255E12E"
"items","Soil_Dirt_Lush_Half","Soil/Dirt/Soil_Dirt_Lush_Half","Server/Item/Items/Soil/Dirt/Soil_Dirt_Lush_Half.json","2249","403C1F0B55EB1A5BDA480E755A1FB4F1DAFE56E8759726128332B1D5F005E2AE"
"items","Soil_Dirt_Lush_Stairs","Soil/Dirt/Soil_Dirt_Lush_Stairs","Server/Item/Items/Soil/Dirt/Soil_Dirt_Lush_Stairs.json","3324","659B1ECBA9C58DC5E00B2924DE1ECA4E81B1EE5492063C88A071E509157DB5A9"
"items","Soil_Dirt_Poisoned","Soil/Dirt/Soil_Dirt_Poisoned","Server/Item/Items/Soil/Dirt/Soil_Dirt_Poisoned.json","849","6EA416C49054C4ECD51E00FC0522218418E4B55725769E35521A41F5E2B91408"
"items","Soil_Dirt_Stairs","Soil/Dirt/Soil_Dirt_Stairs","Server/Item/Items/Soil/Dirt/Soil_Dirt_Stairs.json","3304","3BA41E5B6D265A8B2E6C5289920439AE3B2A9F9FA6587217C0DDB649654CD26E"
"items","Soil_Dirt_Tilled","Soil/Dirt/Soil_Dirt_Tilled","Server/Item/Items/Soil/Dirt/Soil_Dirt_Tilled.json","2080","E5D7DD5395DF25CE0B228A1F057A5E484DF30887645D618224BF207B90EA41FC"
"items","Soil_Dirt_Wet","Soil/Dirt/Soil_Dirt_Wet","Server/Item/Items/Soil/Dirt/Soil_Dirt_Wet.json","739","7D80988212354E60534F5715020E59B5B7507065CB9C1E36323E6E9F01300D0E"
"items","Soil_Dirt_Wet_Half","Soil/Dirt/Soil_Dirt_Wet_Half","Server/Item/Items/Soil/Dirt/Soil_Dirt_Wet_Half.json","2241","91140276737870CEC1D159CC7A594BDBCD800536B89A532EFE0750E8F57791E1"
"items","Soil_Dirt_Wet_Stairs","Soil/Dirt/Soil_Dirt_Wet_Stairs","Server/Item/Items/Soil/Dirt/Soil_Dirt_Wet_Stairs.json","3320","336A35A0D5DDA72AE9F3D530C22931ACE66AC529584B589B1A5AC0CEA5E1357C"
"items","Soil_Grass","Soil/Grass/Soil_Grass","Server/Item/Items/Soil/Grass/Soil_Grass.json","2829","ED55EA5EFA0209E94FE9ABBA0D7171D540CEC883538ACA29248C1183DE457B56"
"items","Soil_Grass_Burnt","Soil/Grass/Soil_Grass_Burnt","Server/Item/Items/Soil/Grass/Soil_Grass_Burnt.json","1536","F460BB35087FED8AC40C68C889E412078C054FA8DFDFC28DF4F46F4733E261B3"
"items","Soil_Grass_Burnt_Full","Soil/Grass/Soil_Grass_Burnt_Full","Server/Item/Items/Soil/Grass/Soil_Grass_Burnt_Full.json","1108","8C4AEE4FE05D34C64420BD50B40DB885063ABDA714269982512E2319E9D93C4D"
"items","Soil_Grass_Cold","Soil/Grass/Soil_Grass_Cold","Server/Item/Items/Soil/Grass/Soil_Grass_Cold.json","1447","65B7F4526ECC0FF8FCCB2EE96F46AC0788CC0E486B614D07A56ECCF7BB396001"
"items","Soil_Grass_Cold_Full","Soil/Grass/Soil_Grass_Cold_Full","Server/Item/Items/Soil/Grass/Soil_Grass_Cold_Full.json","1089","7353FBC6E4F80B4A2F14D7BAA7F23CE521673334DFCE407CE53FF3D38CD05503"
"items","Soil_Grass_Deep","Soil/Grass/Soil_Grass_Deep","Server/Item/Items/Soil/Grass/Soil_Grass_Deep.json","1691","C7CA7FB87DBC08937A96C731459086B78CAE7F4E4F8723E061AAEB16E32B101E"
"items","Soil_Grass_Deep_Full","Soil/Grass/Soil_Grass_Deep_Full","Server/Item/Items/Soil/Grass/Soil_Grass_Deep_Full.json","1154","D260A04AB23BF33BEB471802D0DD87878B6C4D19C21B70A4842A6D8584E7D641"
"items","Soil_Grass_Dry","Soil/Grass/Soil_Grass_Dry","Server/Item/Items/Soil/Grass/Soil_Grass_Dry.json","1507","D161612ADFF5E3C5A37BA0B78B62234C3916978CCAD8A30CD5F54C76A2B228E0"
"items","Soil_Grass_Dry_Full","Soil/Grass/Soil_Grass_Dry_Full","Server/Item/Items/Soil/Grass/Soil_Grass_Dry_Full.json","1120","4ED9E247CBB390ADE23DAFA5CE3C4DD976266A78949E07594F6479056850C09B"
"items","Soil_Grass_Full","Soil/Grass/Soil_Grass_Full","Server/Item/Items/Soil/Grass/Soil_Grass_Full.json","1157","A22E00AC35C48B8CCE5618261DA5D51CFE3366A188FA0245BC874267A81F2862"
"items","Soil_Grass_Sunny","Soil/Grass/Soil_Grass_Sunny","Server/Item/Items/Soil/Grass/Soil_Grass_Sunny.json","1217","B47B602AD5A553963A93CFE742CC263F7FA65FA482DFB966887D3EAD03289FDE"
"items","Soil_Grass_Sunny_Full","Soil/Grass/Soil_Grass_Sunny_Full","Server/Item/Items/Soil/Grass/Soil_Grass_Sunny_Full.json","813","1B81F09BE9C2F8889B320A9E37B2FF9438EB8E2E71DDEE0C5A6F99AF068AD6E2"
"items","Soil_Grass_Wet","Soil/Grass/Soil_Grass_Wet","Server/Item/Items/Soil/Grass/Soil_Grass_Wet.json","1468","EC0D86A39ED35D0D2AA1217157EC25E34A29F1C36DA9F787158A046CE6035335"
"items","Soil_Grass_Wet_Full","Soil/Grass/Soil_Grass_Wet_Full","Server/Item/Items/Soil/Grass/Soil_Grass_Wet_Full.json","724","5F76B6111A20B3CC964A05F61406E9B82526DE7599FD0D84687E306766D99238"
"items","Soil_Aqua_Gravel","Soil/Gravel/Soil_Aqua_Gravel","Server/Item/Items/Soil/Gravel/Soil_Aqua_Gravel.json","1108","208D9D8F5DCB1E81E950AD253DCBE1DA00CF91754077D8854B86CB4F99C20B8F"
"items","Soil_Aqua_Gravel_Half","Soil/Gravel/Soil_Aqua_Gravel_Half","Server/Item/Items/Soil/Gravel/Soil_Aqua_Gravel_Half.json","2390","F3C01900CDE9953AF046B4A653B710573360B4DEFBC4A731EB70BC85DB10572E"
"items","Soil_Basalt_Gravel","Soil/Gravel/Soil_Basalt_Gravel","Server/Item/Items/Soil/Gravel/Soil_Basalt_Gravel.json","1122","254A496BB95E70DECAE512CBD75725BC4DAF64794C99BA762CF181CFF9F6C118"
"items","Soil_Basalt_Gravel_Half","Soil/Gravel/Soil_Basalt_Gravel_Half","Server/Item/Items/Soil/Gravel/Soil_Basalt_Gravel_Half.json","2408","F4C37755A41B4697898EC2F0B4DEEE807384B6B2189039512BAA90E7E7B81ABB"
"items","Soil_Calcite_Gravel","Soil/Gravel/Soil_Calcite_Gravel","Server/Item/Items/Soil/Gravel/Soil_Calcite_Gravel.json","1129","594DADB93137F932F8D7DE73D75867603B989E2F3484B5039FA4657D161DE3D6"
"items","Soil_Calcite_Gravel_Half","Soil/Gravel/Soil_Calcite_Gravel_Half","Server/Item/Items/Soil/Gravel/Soil_Calcite_Gravel_Half.json","2417","4981F3F2DC9FCFC93A51350CFA47FED29011ABFA395EA8BEB5811698740CF181"
"items","Soil_Chalk_Gravel","Soil/Gravel/Soil_Chalk_Gravel","Server/Item/Items/Soil/Gravel/Soil_Chalk_Gravel.json","1115","A8F977FDD2517F8D98E2559344ED3C9D40A1FC3140E6FB4B59D506D824AC57C2"
"items","Soil_Chalk_Gravel_Half","Soil/Gravel/Soil_Chalk_Gravel_Half","Server/Item/Items/Soil/Gravel/Soil_Chalk_Gravel_Half.json","2399","08C4CCE36FE1A472E786A2BD3E93B54BE7BF4A4EB4488EFE86A7BD032C99761A"
"items","Soil_Gravel","Soil/Gravel/Soil_Gravel","Server/Item/Items/Soil/Gravel/Soil_Gravel.json","1656","8A9BB76F1DB446AE5C4C8C497B11D5B662C3F72D7A5D345C421E508DE7C91B97"
"items","Soil_Gravel_Half","Soil/Gravel/Soil_Gravel_Half","Server/Item/Items/Soil/Gravel/Soil_Gravel_Half.json","2490","479F7E341DEBD2EC8C920D29ED8262C9F17C2F5D4633D18F4444B481A121F8E4"
"items","Soil_Gravel_Lime","Soil/Gravel/Soil_Gravel_Lime","Server/Item/Items/Soil/Gravel/Soil_Gravel_Lime.json","1118","369EE4F065B9856F666636C70E5B04959BAB085300D49EF54ADF08DC247BC21A"
"items","Soil_Gravel_Mossy","Soil/Gravel/Soil_Gravel_Mossy","Server/Item/Items/Soil/Gravel/Soil_Gravel_Mossy.json","771","97AB2CC02606A0E304C67B38BA0A26FD227AC8619AE9FBDC2BD42ED72843FE08"
"items","Soil_Gravel_Mossy_Half","Soil/Gravel/Soil_Gravel_Mossy_Half","Server/Item/Items/Soil/Gravel/Soil_Gravel_Mossy_Half.json","2152","CC47AAEE596E8195B6799904DB0B3680CEB1968BDD2A653001BE96E7DED29D13"
"items","Soil_Gravel_Sand","Soil/Gravel/Soil_Gravel_Sand","Server/Item/Items/Soil/Gravel/Soil_Gravel_Sand.json","963","C4A41601A35E7D608F2AC6F68ADDFBD8FAEA8484AC3669822943F8F8F0443932"
"items","Soil_Gravel_Sand_Half","Soil/Gravel/Soil_Gravel_Sand_Half","Server/Item/Items/Soil/Gravel/Soil_Gravel_Sand_Half.json","2245","C57C64FC42F8267EAC9B170049C47C4D93C99842131A3B1652FAA8D66642091A"
"items","Soil_Gravel_Sand_Red","Soil/Gravel/Soil_Gravel_Sand_Red","Server/Item/Items/Soil/Gravel/Soil_Gravel_Sand_Red.json","991","E13A548C20FB4C8A06788450BFB69972D1834DD89741745F186F0429DB5BBFD8"
"items","Soil_Gravel_Sand_Red_Half","Soil/Gravel/Soil_Gravel_Sand_Red_Half","Server/Item/Items/Soil/Gravel/Soil_Gravel_Sand_Red_Half.json","2281","5049AF974E1D89B4615DB98C2D65803E13C8332B7A08BE33C665E49B9489BAF3"
"items","Soil_Gravel_Sand_White","Soil/Gravel/Soil_Gravel_Sand_White","Server/Item/Items/Soil/Gravel/Soil_Gravel_Sand_White.json","1008","BD28675F515FC118F934D719546234DC5DA1A83DE7FF1EB7E582C3318BF77820"
"items","Soil_Gravel_Sand_White_Half","Soil/Gravel/Soil_Gravel_Sand_White_Half","Server/Item/Items/Soil/Gravel/Soil_Gravel_Sand_White_Half.json","2324","840EE637B2C4F780D2CA6BCB8D0886DC2264A6F0975D1981378F82DBCC01ADAC"
"items","Soil_Lime_Gravel_Half","Soil/Gravel/Soil_Lime_Gravel_Half","Server/Item/Items/Soil/Gravel/Soil_Lime_Gravel_Half.json","2400","7F2E69E3EDE9D7263E79FCAD16AAA4658CB7D13ED6E2B3717EBE0C2F3C965C3C"
"items","Soil_Magma_Cooled_Gravel","Soil/Gravel/Soil_Magma_Cooled_Gravel","Server/Item/Items/Soil/Gravel/Soil_Magma_Cooled_Gravel.json","1164","3AEE49D46914EC5484C60C969A974DF5ED71C77641828FA9C0A9D831F11DED32"
"items","Soil_Magma_Cooled_Gravel_Half","Soil/Gravel/Soil_Magma_Cooled_Gravel_Half","Server/Item/Items/Soil/Gravel/Soil_Magma_Cooled_Gravel_Half.json","2441","170F6CA3DA2AEE961AEFFF37590ED2FCB5A89FCA5DF57599F5D42DA7B7306B7C"
"items","Soil_Marble_Gravel_Half","Soil/Gravel/Soil_Marble_Gravel_Half","Server/Item/Items/Soil/Gravel/Soil_Marble_Gravel_Half.json","2364","9D22F43132A78FE7E37C9307796117E3359B55AE686E16BAF3BDA129C05D3CCF"
"items","Soil_Pebbles","Soil/Gravel/Soil_Pebbles","Server/Item/Items/Soil/Gravel/Soil_Pebbles.json","821","6819DE3CB02A35F53CC00F7D816C4C8F91236AAA4858708C832CEE5649E01C09"
"items","Soil_Pebbles_Frozen","Soil/Gravel/Soil_Pebbles_Frozen","Server/Item/Items/Soil/Gravel/Soil_Pebbles_Frozen.json","846","9A35B5AA516490C6F6AC1C5AD30825D1F83AF1F5BC5E496ADCC196714FC3BBBB"
"items","Soil_Quartzite_Gravel","Soil/Gravel/Soil_Quartzite_Gravel","Server/Item/Items/Soil/Gravel/Soil_Quartzite_Gravel.json","1111","CA260F846141605DE9D4AB0AE4755A0B7EACF8738BDCF95064B023BE6410C6FC"
"items","Soil_Quartzite_Gravel_Half","Soil/Gravel/Soil_Quartzite_Gravel_Half","Server/Item/Items/Soil/Gravel/Soil_Quartzite_Gravel_Half.json","2504","2E270CDAA6AEB2C897CA33E2DBF2B3565EFB4578FBEC20050B67596866D2D6D5"
"items","Soil_Shale_Gravel_Half","Soil/Gravel/Soil_Shale_Gravel_Half","Server/Item/Items/Soil/Gravel/Soil_Shale_Gravel_Half.json","2367","D32F8F951828BC5B2D5BA8E52C7EEF197926D960D08014740C5B5F529F6C838C"
"items","Soil_Slate_Gravel","Soil/Gravel/Soil_Slate_Gravel","Server/Item/Items/Soil/Gravel/Soil_Slate_Gravel.json","1115","8BD4C77D665059B7A20864CE020D363BC5CC7A0CAEAD0A6B0003AF5F90A3EC7B"
"items","Soil_Slate_Gravel_Half","Soil/Gravel/Soil_Slate_Gravel_Half","Server/Item/Items/Soil/Gravel/Soil_Slate_Gravel_Half.json","2399","890CAE2901D5D9E770C4FF622D80BF3C49D59AEAF9928A53E370A724BE4114B3"
"items","Soil_Volcanic_Gravel","Soil/Gravel/Soil_Volcanic_Gravel","Server/Item/Items/Soil/Gravel/Soil_Volcanic_Gravel.json","1136","361AD7C09D4971B7FAE42AE232794725E1C2140F2F1665CD89629E86692873AB"
"items","Soil_Volcanic_Gravel_Half","Soil/Gravel/Soil_Volcanic_Gravel_Half","Server/Item/Items/Soil/Gravel/Soil_Volcanic_Gravel_Half.json","2426","476DDCA139CAA3362C97E1D1E5D5E93D1FEF0CB34AF8F53AEB2CB758B6C05797"
"items","Soil_Hive","Soil/Hive/Soil_Hive","Server/Item/Items/Soil/Hive/Soil_Hive.json","1212","9823CA1C576CFCD85E6CFEEE69B49DEB07A6629775AEB9E25E7051C7F2E5EF6F"
"items","Soil_Hive_Brick","Soil/Hive/Soil_Hive_Brick","Server/Item/Items/Soil/Hive/Soil_Hive_Brick.json","946","30F85465E02141976B11F05C08025194CFE327A4953B29481BAE8362463FC1C9"
"items","Soil_Hive_Brick_Beam","Soil/Hive/Soil_Hive_Brick_Beam","Server/Item/Items/Soil/Hive/Soil_Hive_Brick_Beam.json","1343","89904FD8FC8980BA35A9F9810B946448020813B983BD8D50A8DEDA916E627ED2"
"items","Soil_Hive_Brick_Fence","Soil/Hive/Soil_Hive_Brick_Fence","Server/Item/Items/Soil/Hive/Soil_Hive_Brick_Fence.json","1524","D3F8E3F2A4395C1C3F33567549F81CF4F49DC76F9DA8D9D9AC434C0421A5C302"
"items","Soil_Hive_Brick_Half","Soil/Hive/Soil_Hive_Brick_Half","Server/Item/Items/Soil/Hive/Soil_Hive_Brick_Half.json","2578","BE04ADD127C858B4A5E8ADC4AA9A2A85960E371E3FED5DC4F7A8E7DC71E45895"
"items","Soil_Hive_Brick_Smooth","Soil/Hive/Soil_Hive_Brick_Smooth","Server/Item/Items/Soil/Hive/Soil_Hive_Brick_Smooth.json","999","F65A72779785248279CC81F0D5BA8D237AC6839C3D5825BDD2497D2C9DAEABAF"
"items","Soil_Hive_Brick_Smooth_Half","Soil/Hive/Soil_Hive_Brick_Smooth_Half","Server/Item/Items/Soil/Hive/Soil_Hive_Brick_Smooth_Half.json","2941","FCB976015037CF1F5BA29620183F45768CFC796CB644538F8F431C1CB44F41CB"
"items","Soil_Hive_Brick_Stairs","Soil/Hive/Soil_Hive_Brick_Stairs","Server/Item/Items/Soil/Hive/Soil_Hive_Brick_Stairs.json","3374","671155549933078B8EC39464C60F6ED90F4361EBCA157A6EF7370D671CDDA09A"
"items","Soil_Hive_Corrupted","Soil/Hive/Soil_Hive_Corrupted","Server/Item/Items/Soil/Hive/Soil_Hive_Corrupted.json","1038","665C64CB6351A5386D9BB16D7D7B6628CCB770D390051D388BFC7A6D898CF425"
"items","Soil_Hive_Corrupted_Brick","Soil/Hive/Soil_Hive_Corrupted_Brick","Server/Item/Items/Soil/Hive/Soil_Hive_Corrupted_Brick.json","1005","E1FE6D546F277FF3EBCA7DA8E9407F89FD196FBF5EFA2D240174FFD1F161D9E5"
"items","Soil_Hive_Corrupted_Brick_Beam","Soil/Hive/Soil_Hive_Corrupted_Brick_Beam","Server/Item/Items/Soil/Hive/Soil_Hive_Corrupted_Brick_Beam.json","1392","6CE341D38137E0FA82F5F5138B1424FA16B941AACB4313497DD602DE351C40FE"
"items","Soil_Hive_Corrupted_Brick_Half","Soil/Hive/Soil_Hive_Corrupted_Brick_Half","Server/Item/Items/Soil/Hive/Soil_Hive_Corrupted_Brick_Half.json","2639","19DB9627416C866CCDBB205D55E954F4FF7593F5B51EC794ECB9C664F6FDBB5A"
"items","Soil_Hive_Corrupted_Brick_Smooth","Soil/Hive/Soil_Hive_Corrupted_Brick_Smooth","Server/Item/Items/Soil/Hive/Soil_Hive_Corrupted_Brick_Smooth.json","1049","530D63ED22EF59FD98622E8C4BFA401EA845A215CD8D27BC5CC8E7F9530814D8"
"items","Soil_Hive_Corrupted_Brick_Smooth_Half","Soil/Hive/Soil_Hive_Corrupted_Brick_Smooth_Half","Server/Item/Items/Soil/Hive/Soil_Hive_Corrupted_Brick_Smooth_Half.json","3002","085554180F1AEC1A4B0D16152363DDE6D0DFFCC0E4AD9F6CA61276F8D43F2049"
"items","Soil_Hive_Corrupted_Brick_Stairs","Soil/Hive/Soil_Hive_Corrupted_Brick_Stairs","Server/Item/Items/Soil/Hive/Soil_Hive_Corrupted_Brick_Stairs.json","3405","A399F650AF3F0EC8C9599DC28ED4A8A28D90EA191A63A786B47AFA4D25AF3518"
"items","Soil_Sand","Soil/Sand/Soil_Sand","Server/Item/Items/Soil/Sand/Soil_Sand.json","1204","71F623CB634ED6526FECF7396FDBEB28F9D2D35EA24ACC2A42744C01F5E70F07"
"items","Soil_Sand_Ashen","Soil/Sand/Soil_Sand_Ashen","Server/Item/Items/Soil/Sand/Soil_Sand_Ashen.json","1324","206FD650491CA72E94D95A2804F5C39FDE8A78F1298DF410FA50B89D211862AE"
"items","Soil_Sand_Red","Soil/Sand/Soil_Sand_Red","Server/Item/Items/Soil/Sand/Soil_Sand_Red.json","1230","2DF8B4ADCCFC92BA7924A26A2D001BAC2C8B5CA315988123342177ACD009A8A7"
"items","Soil_Sand_White","Soil/Sand/Soil_Sand_White","Server/Item/Items/Soil/Sand/Soil_Sand_White.json","1278","11FE4DBD414AE88DA5B46E62C690162DE2204C389EEE962DB867AE30A62673EB"
"items","Soil_Sand_White_Path_Half","Soil/Sand/Soil_Sand_White_Path_Half","Server/Item/Items/Soil/Sand/Soil_Sand_White_Path_Half.json","2915","3834E86A4DF390A95A56365DFC672013C8AEC039FB4F73F3174D494B47B88DF3"
"items","Soil_Snow","Soil/Snow/Soil_Snow","Server/Item/Items/Soil/Snow/Soil_Snow.json","1158","2C5BDB223AB1184CD10D5FA815BCD959FB675C8FEB6F3270FADCFB47CF7A5449"
"items","Soil_Snow_Brick","Soil/Snow/Soil_Snow_Brick","Server/Item/Items/Soil/Snow/Soil_Snow_Brick.json","1254","8D1763BBB195CFF57EB2C0F9155216FF927731074F05068200478EBD59EAA8D7"
"items","Soil_Snow_Brick_Beam","Soil/Snow/Soil_Snow_Brick_Beam","Server/Item/Items/Soil/Snow/Soil_Snow_Brick_Beam.json","1481","608681AC53EA386B1C40B0BFDD511ED440F9557A7D995876823F3E2F77563E78"
"items","Soil_Snow_Brick_Half","Soil/Snow/Soil_Snow_Brick_Half","Server/Item/Items/Soil/Snow/Soil_Snow_Brick_Half.json","2888","1A6CE893786D21B981F86F0FBA759A0868B8A2A4E425EB791CF46E3136BCBE13"
"items","Soil_Snow_Brick_Stairs","Soil/Snow/Soil_Snow_Brick_Stairs","Server/Item/Items/Soil/Snow/Soil_Snow_Brick_Stairs.json","3492","0BEE19A8F5B675BF2F8FDFEDED708C62BF1393F542CB6004CC1B7F6BC4FA0684"
"items","Soil_Snow_Brick_Wall","Soil/Snow/Soil_Snow_Brick_Wall","Server/Item/Items/Soil/Snow/Soil_Snow_Brick_Wall.json","3002","22C6FFC6C84A059B55E42CB71E5C28FD238C1ED5CDA2776D253FEF00D0DE71D7"
"items","Soil_Snow_Half","Soil/Snow/Soil_Snow_Half","Server/Item/Items/Soil/Snow/Soil_Snow_Half.json","2763","5EA55177A32C47417D3307423B01D41EF58F8E1DC9F69A6B3B4B5A3D110D945B"
"items","Soil_Ash","Soil/Soil_Ash","Server/Item/Items/Soil/Soil_Ash.json","970","5F54146F35D18CA5003EA7B4AC8751D94701D7A4B190D4103D612EDEAA6EF946"
"items","Soil_Clay_Ocean","Soil/Soil_Clay_Ocean","Server/Item/Items/Soil/Soil_Clay_Ocean.json","952","0833186119EFE3E6D8569F055BA7CE0FA155A5CE0800E6F11A0BD6C6387D9E2C"
"items","Soil_Leaves","Soil/Soil_Leaves","Server/Item/Items/Soil/Soil_Leaves.json","2079","41D9E73C9C270D73817121E71A47C17035D61B80FDC9D62E4FF1C27CD906DEA2"
"items","Soil_Leaves_Full","Soil/Soil_Leaves_Full","Server/Item/Items/Soil/Soil_Leaves_Full.json","2249","E6730FA88524247892B9840AFECF68F03D9E81E7485210AE7D42846553DAC2F7"
"items","Soil_Mud","Soil/Soil_Mud","Server/Item/Items/Soil/Soil_Mud.json","1591","83FBAB7B3CEC465798ECAFBF01466D7F286A2601725BCEE34328F852E2441E20"
"items","Soil_Mud_Dry","Soil/Soil_Mud_Dry","Server/Item/Items/Soil/Soil_Mud_Dry.json","1501","30B6B8FA546784AC0641567B199054CDDD276A1AFD5691F4C090D86BD039CED1"
"items","Soil_Needles","Soil/Soil_Needles","Server/Item/Items/Soil/Soil_Needles.json","1484","9D1C983F6533DABACED616AE0F04F847C696ACE070CEC9AD72EE52B36FBE4CF1"
"items","Soil_Pathway","Soil/Soil_Pathway","Server/Item/Items/Soil/Soil_Pathway.json","1711","ADFC8A5856BBC9F4EC0AB47B688434E28D9D68B49A6600A54D381110EEDF395A"
"items","Soil_Pathway_Half","Soil/Soil_Pathway_Half","Server/Item/Items/Soil/Soil_Pathway_Half.json","2832","59F1CFB14E8D5ECF7998C8BBFAAFA3D9C0238DAC391623FB41F9F90034E6A6B9"
"items","Soil_Pathway_Quarter","Soil/Soil_Pathway_Quarter","Server/Item/Items/Soil/Soil_Pathway_Quarter.json","2483","56B94B66680DBD409A61D92A5A27F0262232C2CE4CDC910041D890116E225742"
"items","Soil_Pathway_ThreeQuarter","Soil/Soil_Pathway_ThreeQuarter","Server/Item/Items/Soil/Soil_Pathway_ThreeQuarter.json","2504","978EAB71206601682CFE9FB558CF8D89BBCA365BE6DA0FEF836C988D6854E020"
"items","Soil_Roots_Poisoned","Soil/Soil_Roots_Poisoned","Server/Item/Items/Soil/Soil_Roots_Poisoned.json","1038","2CC65441278F4C3176F11699AC6C46308E34876E34DFCD953EE6802E7D0E8314"
"items","Soil_Seaweed_Block","Soil/Soil_Seaweed_Block","Server/Item/Items/Soil/Soil_Seaweed_Block.json","1277","A8A4C99870E6A0331AF3333C1036BD89A1D2F214CC6C59ED362424B8AD7CB404"
"items","Template_Soil","Soil/Template_Soil","Server/Item/Items/Soil/Template_Soil.json","1115","B8C606C91419D381E71FAD6068CC031E7783C105E936A2EC506CF5FAB0F9FEB7"
"items","Tool_Capture_Crate","Tool/Capture_Crate/Tool_Capture_Crate","Server/Item/Items/Tool/Capture_Crate/Tool_Capture_Crate.json","1857","F85F77C48A7D96B83DDCCFF650CBF0326BF851F3091ABC05C5D84084FACEC9B0"
"items","Tool_Feedbag","Tool/Feedbag/Tool_Feedbag","Server/Item/Items/Tool/Feedbag/Tool_Feedbag.json","1741","D7B38EEE920D9D417251DD05C09226D85AEF4DC9B0CADB5F945A460F7CEC9DDE"
"items","Tool_Fertilizer","Tool/Feedbag/Tool_Fertilizer","Server/Item/Items/Tool/Feedbag/Tool_Fertilizer.json","1841","51F61B6F7FDBBC5822DEA7F900018378397406F5C39F69CC45AC6DFD7ACE13B6"
"items","Tool_Fertilizer_Crystal","Tool/Feedbag/Tool_Fertilizer_Crystal","Server/Item/Items/Tool/Feedbag/Tool_Fertilizer_Crystal.json","1650","10E5AA4B4DEFA9D9B6F646E95EBD0511AD111C8FA88664F7FAC6F1F32AE32EBD"
"items","Tool_Hammer_Crude","Tool/Hammer/Tool_Hammer_Crude","Server/Item/Items/Tool/Hammer/Tool_Hammer_Crude.json","1818","2FCA333A8B2F78A8C883C65D99939102C09BE4F8E6C4C3CC529684DAFC6B85BE"
"items","Tool_Hammer_Iron","Tool/Hammer/Tool_Hammer_Iron","Server/Item/Items/Tool/Hammer/Tool_Hammer_Iron.json","909","CA2C7CFDF826BA8B86E6730807C4B2552F052DCA6BA85AD757949FC39F537A87"
"items","Tool_Bark_Scraper","Tool/Hatchet/Tool_Bark_Scraper","Server/Item/Items/Tool/Hatchet/Tool_Bark_Scraper.json","281","FB1E09FED28EFD78568A7810837E9C9C1D8380FA4617E6BE3A21CF1456E79B50"
"items","Tool_Hatchet_Adamantite","Tool/Hatchet/Tool_Hatchet_Adamantite","Server/Item/Items/Tool/Hatchet/Tool_Hatchet_Adamantite.json","2216","8BF75B389DABDAC8B0A0B62709A07A42B56651CB3DEF7CD7D582AA8C420CB229"
"items","Tool_Hatchet_Cobalt","Tool/Hatchet/Tool_Hatchet_Cobalt","Server/Item/Items/Tool/Hatchet/Tool_Hatchet_Cobalt.json","2161","9108A7FFEF5D0E503299AF8C3839955747441EC43A7AEDBE1614D8F283C67C1D"
"items","Tool_Hatchet_Copper","Tool/Hatchet/Tool_Hatchet_Copper","Server/Item/Items/Tool/Hatchet/Tool_Hatchet_Copper.json","2107","1565E4537D5528A077F680E7D2A3B09AFEA266FC4707A6627E4A4C43EB18A78B"
"items","Tool_Hatchet_Crude","Tool/Hatchet/Tool_Hatchet_Crude","Server/Item/Items/Tool/Hatchet/Tool_Hatchet_Crude.json","3492","0A8146E496BE6016BB060C9A17DA7E2FFC32DE9FC8AB213A59FB8B31BC4C6134"
"items","Tool_Hatchet_Iron","Tool/Hatchet/Tool_Hatchet_Iron","Server/Item/Items/Tool/Hatchet/Tool_Hatchet_Iron.json","2296","1C28684A6A116C66734284AF911EF3156F59D5CF1F997DC64385C44B91453AEA"
"items","Tool_Hatchet_Mithril","Tool/Hatchet/Tool_Hatchet_Mithril","Server/Item/Items/Tool/Hatchet/Tool_Hatchet_Mithril.json","2071","3A42DE8E1F4EB5EE943E8122A3ED4CCF0C014FEF94BFB3EE8CF38F0AEC067AA0"
"items","Tool_Hatchet_Onyxium","Tool/Hatchet/Tool_Hatchet_Onyxium","Server/Item/Items/Tool/Hatchet/Tool_Hatchet_Onyxium.json","1625","49028C81328AC49BBC359C9CCA875BBCADB14C6354EEA9FEE6987DD1C44A3167"
"items","Tool_Hatchet_Thorium","Tool/Hatchet/Tool_Hatchet_Thorium","Server/Item/Items/Tool/Hatchet/Tool_Hatchet_Thorium.json","2162","D8CD1709575485FA85EB1033B43AE14A2F5CF53A07FBA6C49FD09D3FD8D6D246"
"items","Tool_Hatchet_Wood","Tool/Hatchet/Tool_Hatchet_Wood","Server/Item/Items/Tool/Hatchet/Tool_Hatchet_Wood.json","1675","E54EBC1D00B70B83B6F944F5A3BDF75390E60F8391AA152F4CF10E3579E0175D"
"items","Tool_Hoe_Copper","Tool/Hoe/Tool_Hoe_Copper","Server/Item/Items/Tool/Hoe/Tool_Hoe_Copper.json","919","9439423584468C3160139F04B8092E2A660523469E8B92352F99E54B3677D32F"
"items","Tool_Hoe_Crude","Tool/Hoe/Tool_Hoe_Crude","Server/Item/Items/Tool/Hoe/Tool_Hoe_Crude.json","2093","4DA8EE3EE50C5E6EE8FA73AC168A0CE2B891F317225C2869CDC1F53B219C2251"
"items","Tool_Hoe_Iron","Tool/Hoe/Tool_Hoe_Iron","Server/Item/Items/Tool/Hoe/Tool_Hoe_Iron.json","911","4F797C3CB7F7F778449CC8C371AC8D698C4D9AC2EFDEAFEF8F370B75F3A72B79"
"items","Tool_Hoe_Thorium","Tool/Hoe/Tool_Hoe_Thorium","Server/Item/Items/Tool/Hoe/Tool_Hoe_Thorium.json","922","BFE94177BDBA5B74B50F0516CD7D38B93AFD0D9BEF67E605D882927A1C9E956E"
"items","Debug_Pickaxe_Shaped","Tool/Pickaxe/_Debug/Debug_Pickaxe_Shaped","Server/Item/Items/Tool/Pickaxe/_Debug/Debug_Pickaxe_Shaped.json","1642","3AC82FA15369FCB3F9827C24140116D143AE809B00CDD872A210D46603CE6FF7"
"items","Debug_Pickaxe_Shaped_Cylinder","Tool/Pickaxe/_Debug/Debug_Pickaxe_Shaped_Cylinder","Server/Item/Items/Tool/Pickaxe/_Debug/Debug_Pickaxe_Shaped_Cylinder.json","1656","C3DD39151EC98192DC22B49A7AD187F3973BB1BCB116622AE017BA9571C5240D"
"items","Tool_Pickaxe_Adamantite","Tool/Pickaxe/Tool_Pickaxe_Adamantite","Server/Item/Items/Tool/Pickaxe/Tool_Pickaxe_Adamantite.json","2213","CDB59001296F365DC3CD68DC8C9E7790E403AD87307FA902CD484ABF558CC6E4"
"items","Tool_Pickaxe_Cobalt","Tool/Pickaxe/Tool_Pickaxe_Cobalt","Server/Item/Items/Tool/Pickaxe/Tool_Pickaxe_Cobalt.json","2193","D212339DAE7E92E4A1841DCD1FE5F24777D951A4E318BF21C4CE9FEF07240296"
"items","Tool_Pickaxe_Copper","Tool/Pickaxe/Tool_Pickaxe_Copper","Server/Item/Items/Tool/Pickaxe/Tool_Pickaxe_Copper.json","2126","2312BDA65BFC307F7C539F8C8F1B9099BB250E1C5F595DC6116472F99D5940C6"
"items","Tool_Pickaxe_Crude","Tool/Pickaxe/Tool_Pickaxe_Crude","Server/Item/Items/Tool/Pickaxe/Tool_Pickaxe_Crude.json","3708","A36D033D4C1108B65BE36E5F2CDE9AE1851E813AF1103A5F51F9D4A502993BE9"
"items","Tool_Pickaxe_Iron","Tool/Pickaxe/Tool_Pickaxe_Iron","Server/Item/Items/Tool/Pickaxe/Tool_Pickaxe_Iron.json","2201","4AC64B9E1A1A9E63475C79870053B66CAC9FC60D35AAF77CA4BACDC7B7F0AE84"
"items","Tool_Pickaxe_Mithril","Tool/Pickaxe/Tool_Pickaxe_Mithril","Server/Item/Items/Tool/Pickaxe/Tool_Pickaxe_Mithril.json","2100","1D2DAF1F3F2994AF8814DDECF260FE447647FA77BCDC5C0016B75720C6CE77B8"
"items","Tool_Pickaxe_Onyxium","Tool/Pickaxe/Tool_Pickaxe_Onyxium","Server/Item/Items/Tool/Pickaxe/Tool_Pickaxe_Onyxium.json","1650","4B17BA6DBD24B8D9EA4065169FF1DF2DBCFEB226E3ADF396B569EFB05B37B8D2"
"items","Tool_Pickaxe_Scrap","Tool/Pickaxe/Tool_Pickaxe_Scrap","Server/Item/Items/Tool/Pickaxe/Tool_Pickaxe_Scrap.json","1689","D121FE3A60C35F7B7A32C83934D9EEE7AC6724A677ED65392FD356E13C5B23FF"
"items","Tool_Pickaxe_Thorium","Tool/Pickaxe/Tool_Pickaxe_Thorium","Server/Item/Items/Tool/Pickaxe/Tool_Pickaxe_Thorium.json","2194","EDB713A4B0C186C228C585032E78DBCA33287CD8AFC2B316B570546C2D099C78"
"items","Tool_Pickaxe_Wood","Tool/Pickaxe/Tool_Pickaxe_Wood","Server/Item/Items/Tool/Pickaxe/Tool_Pickaxe_Wood.json","1610","834CFFFC4DBAA1FD6E5A1CEEB92D8DB6C60E9355356E48BC828618FBD6702C00"
"items","Prototype_Tool_Book_Mana","Tool/Prototype/Prototype_Tool_Book_Mana","Server/Item/Items/Tool/Prototype/Prototype_Tool_Book_Mana.json","1274","AD33467FDD86DD184717F19BBDC1444C5A64ADC1E1FF9FD871B3B3B16E9DEE7F"
"items","Prototype_Tool_Guitar_Mana","Tool/Prototype/Prototype_Tool_Guitar_Mana","Server/Item/Items/Tool/Prototype/Prototype_Tool_Guitar_Mana.json","1266","036DF24D86BF6DD70409893D3FB1DE1ACAF7C9095B27DBA9EE8227F9B6A51F92"
"items","Prototype_Tool_Staff_Mana","Tool/Prototype/Prototype_Tool_Staff_Mana","Server/Item/Items/Tool/Prototype/Prototype_Tool_Staff_Mana.json","1268","25555A855780F9B188BB831CFDA94DA4BB0C104286681DBA8D3515970D6BA8F1"
"items","Tool_Repair_Kit_Crude","Tool/Repair_Kit/Tool_Repair_Kit_Crude","Server/Item/Items/Tool/Repair_Kit/Tool_Repair_Kit_Crude.json","1247","9AF1EA488D987ADD4BAF64E6873E892C6BBBEEE7E4569025AA83EA92CE75AE91"
"items","Tool_Repair_Kit_Iron","Tool/Repair_Kit/Tool_Repair_Kit_Iron","Server/Item/Items/Tool/Repair_Kit/Tool_Repair_Kit_Iron.json","1526","2B16050CE5F855AECFD1EFF66F854F5E4B46742861E3D6AA3EFB1CC127D05EE8"
"items","Tool_Repair_Kit_Rare","Tool/Repair_Kit/Tool_Repair_Kit_Rare","Server/Item/Items/Tool/Repair_Kit/Tool_Repair_Kit_Rare.json","758","3F2431DD11B384F55C2EE106AD4577008B9642B7C65DD2D9DAC49EFF77749BD9"
"items","Tool_Shears_Basic","Tool/Shears/Tool_Shears_Basic","Server/Item/Items/Tool/Shears/Tool_Shears_Basic.json","2107","F7787D06FF4CB3B10A4F88CA0E5690EA8053F6C4FF001267E1D72845B2A51AFF"
"items","Tool_Shovel_Cobalt","Tool/Shovel/Tool_Shovel_Cobalt","Server/Item/Items/Tool/Shovel/Tool_Shovel_Cobalt.json","1537","61F92368F3AC3BAD376C70CEC5A8250209BB47D707A69EE6E8CCADA49C1E5FA1"
"items","Tool_Shovel_Copper","Tool/Shovel/Tool_Shovel_Copper","Server/Item/Items/Tool/Shovel/Tool_Shovel_Copper.json","1539","200D1413DFE3C28B16852CDE65B30A37B4F0253A5E2A3C62F3CBBACA918273BF"
"items","Tool_Shovel_Crude","Tool/Shovel/Tool_Shovel_Crude","Server/Item/Items/Tool/Shovel/Tool_Shovel_Crude.json","2870","3A1F7A9560F8F36A7821269CC8F2392E18A9EE382D77E7A1ADD6C70F52026727"
"items","Tool_Shovel_Iron","Tool/Shovel/Tool_Shovel_Iron","Server/Item/Items/Tool/Shovel/Tool_Shovel_Iron.json","2090","77497BD9A41CB8F057F6120777E1660B5DD63E76398723C1DCAED019DFA320E5"
"items","Tool_Shovel_Thorium","Tool/Shovel/Tool_Shovel_Thorium","Server/Item/Items/Tool/Shovel/Tool_Shovel_Thorium.json","1541","579F36587F64A8541FD13B6870A755C36CB8848C1BF73249B1D7B8B03C305092"
"items","Tool_Sickle_Copper","Tool/Sickle/Tool_Sickle_Copper","Server/Item/Items/Tool/Sickle/Tool_Sickle_Copper.json","3004","095F7DB987B7D3AC60008F993916072692E8ED0749B362388895139B82529A71"
"items","Tool_Sickle_Crude","Tool/Sickle/Tool_Sickle_Crude","Server/Item/Items/Tool/Sickle/Tool_Sickle_Crude.json","2492","7A4E8A8154FB41C634162F5C427726DC8245B9AB29442A156B4B2E71BFE5A995"
"items","Tool_Sickle_Iron","Tool/Sickle/Tool_Sickle_Iron","Server/Item/Items/Tool/Sickle/Tool_Sickle_Iron.json","3064","BC2A8C0BBD99DDC0BEFD592D779DEBED9FE5160DBF86B9797C9864F566C04016"
"items","Tool_Sickle_Steel_Rusty","Tool/Sickle/Tool_Sickle_Steel_Rusty","Server/Item/Items/Tool/Sickle/Tool_Sickle_Steel_Rusty.json","2253","B349F298DE6C8ED9610071288FB3096BCB5F2FD3C1A76BC09FB3FA8F11752783"
"items","Tool_Fishing_Trap","Tool/Tool_Fishing_Trap","Server/Item/Items/Tool/Tool_Fishing_Trap.json","5674","7B2F8D101716C68CDF82AC171E7842DF1790FD7FC0C7A1610E7D21D5DF5D3764"
"items","Tool_Growth_Potion","Tool/Tool_Growth_Potion","Server/Item/Items/Tool/Tool_Growth_Potion.json","1681","37A23214E547818C5B8C2FB7317CA7562E4AB6F919C45334E2BFEA4B95BEF77E"
"items","Tool_Map","Tool/Tool_Map","Server/Item/Items/Tool/Tool_Map.json","406","39986286C638685697508DF322BEC5D3C68DA29AA6745CADA686649963E156B7"
"items","Tool_Sap_Shunt","Tool/Tool_Sap_Shunt","Server/Item/Items/Tool/Tool_Sap_Shunt.json","711","2AA781DD2D080BB852C4633E5CF3D6138CEE85EE721FBA4C2073BF658E36124A"
"items","Tool_Trap_Bait","Tool/Tool_Trap_Bait","Server/Item/Items/Tool/Tool_Trap_Bait.json","1982","F654CF5C9FABFE7CEECB6811B90125399294475BF8BCD9C682F31FDA67803159"
"items","Template_Tool_Watering_Can","Tool/Watering_Can/Template_Tool_Watering_Can","Server/Item/Items/Tool/Watering_Can/Template_Tool_Watering_Can.json","3075","037269EC78C7AACDD59B35270AE4BCACC1D2637D00DD19B3566A6E9881044443"
"items","Tool_Watering_Can","Tool/Watering_Can/Tool_Watering_Can","Server/Item/Items/Tool/Watering_Can/Tool_Watering_Can.json","3148","77D1E5B592E39EAF60067C3B10A970D1D7B7DCC9A73925DFD8A84E57BAA1EBE4"
"items","Survival_Trap_Grass","Trap/Survival_Trap_Grass","Server/Item/Items/Trap/Survival_Trap_Grass.json","2268","CC492D6B5DDA5E7BD09D22F699DA2019D27556798217BBED10FA6242B6419529"
"items","Survival_Trap_Snapjaw","Trap/Survival_Trap_Snapjaw","Server/Item/Items/Trap/Survival_Trap_Snapjaw.json","3767","D3A5ED906564057ACEF34B76352D81F12E791AB48A44BB6DA31539F772E9B70C"
"items","Survival_Trap_Spike_Iron","Trap/Survival_Trap_Spike_Iron","Server/Item/Items/Trap/Survival_Trap_Spike_Iron.json","2008","BD8BEC41FB62268173C02275EA86D4AFFF157B342B0F351986A65101D9672087"
"items","Survival_Trap_Spike_Wood","Trap/Survival_Trap_Spike_Wood","Server/Item/Items/Trap/Survival_Trap_Spike_Wood.json","2124","24D876B738F3116B93F636C9A220307F10E5695F1389B369624528FC7BBCB7D1"
"items","Survival_Trap_Spike_Wood_Large","Trap/Survival_Trap_Spike_Wood_Large","Server/Item/Items/Trap/Survival_Trap_Spike_Wood_Large.json","1915","39392B820EABDEC598D358C471D1669858ECB0EBDF695F56130D027C81A179D2"
"items","Trap_Ancient_Platform","Trap/Trap_Ancient_Platform","Server/Item/Items/Trap/Trap_Ancient_Platform.json","2338","A3164F36CADC9EEA996ECF7D17401605250431FA4FCCC0AA0BCD17D7F03EC239"
"items","Trap_Ice","Trap/Trap_Ice","Server/Item/Items/Trap/Trap_Ice.json","2207","617437E9C762AEBA7B94D3CFA47A6753984DB2C9FC4B415EE4CE423FB36908DE"
"items","Trap_Slate","Trap/Trap_Slate","Server/Item/Items/Trap/Trap_Slate.json","2087","42CCD7FA1941B8585D00305AE81419D0DDAEE172C8B6051DD8C03B059ACCE303"
"items","Upgrade_Backpack_1","Upgrade/Upgrade_Backpack_1","Server/Item/Items/Upgrade/Upgrade_Backpack_1.json","1539","1ED3EC6F1146B62E33543F2CC5B54C86FA8B4339DF94700CE81B7706A09DF14A"
"items","Upgrade_Backpack_2","Upgrade/Upgrade_Backpack_2","Server/Item/Items/Upgrade/Upgrade_Backpack_2.json","1620","B3F03DE0990BAE35DF943A0C95F3BAF228ED30A0855D89C05AAC5B7C0E67423A"
"items","Upgrade_Backpack_3","Upgrade/Upgrade_Backpack_3","Server/Item/Items/Upgrade/Upgrade_Backpack_3.json","1640","51C7CF3EF02355E9E68C78B29456FEEF9CF222423C833046F90444203984DC21"
"items","Utility_Bag_Seed","Utility/Utility_Bag_Seed","Server/Item/Items/Utility/Utility_Bag_Seed.json","999","6132A73AD339AED83F969754A451943F6F3A10A7AF575502B43C3D20ABE3D8EA"
"items","Utility_Helipack","Utility/Utility_Helipack","Server/Item/Items/Utility/Utility_Helipack.json","882","5D6720DFCD11A004C0AF35C56CA80E122AE8331D84554086EAB9FEFB2EE903EB"
"items","Utility_Leather_Backpack","Utility/Utility_Leather_Backpack","Server/Item/Items/Utility/Utility_Leather_Backpack.json","1030","BEA44E0CC9F9105E900B74151C54A97798A02E31FEDFA6A275BAAE9DA0A830C2"
"items","Utility_Leather_Medium_Backpack","Utility/Utility_Leather_Medium_Backpack","Server/Item/Items/Utility/Utility_Leather_Medium_Backpack.json","1189","D0B41EFCEC8709646DA713E48F464C150238FD55FA3F940527CCCEF2274DCEE0"
"items","Utility_Leather_Quiver","Utility/Utility_Leather_Quiver","Server/Item/Items/Utility/Utility_Leather_Quiver.json","922","A7BE89E44E6FD69D25F73301A68F8C060C2622B5588C87702CD31F7BF421959D"
"items","Debug_Bow_Two_Handed","Weapon/_Debug/Debug_Bow_Two_Handed","Server/Item/Items/Weapon/_Debug/Debug_Bow_Two_Handed.json","946","00564F729F27118DCB5F007443A69B1A35D42BB64510435C92F0BE0D46B482F2"
"items","Debug_Stick","Weapon/_Debug/Debug_Stick","Server/Item/Items/Weapon/_Debug/Debug_Stick.json","2176","7CA66DBE84ACD7C8203605A16B6CCDCD8862FEF09BCFE016A3CD89AA9435F740"
"items","Debug_Stick_Delay","Weapon/_Debug/Debug_Stick_Delay","Server/Item/Items/Weapon/_Debug/Debug_Stick_Delay.json","2190","C7B310FBD63C7477846F8CE54B070B6F912BE3BDDC71EDAEA51292F78C2210D6"
"items","Debug_Stick_Parry","Weapon/_Debug/Debug_Stick_Parry","Server/Item/Items/Weapon/_Debug/Debug_Stick_Parry.json","2299","FD937CEC7F2A04166F07D42D36E0F69265C92E60C1554918FD56E87580A60B62"
"items","Debug_Stick_Slow","Weapon/_Debug/Debug_Stick_Slow","Server/Item/Items/Weapon/_Debug/Debug_Stick_Slow.json","4218","6BCFAD98E59D8D1B2CB8439F41CE8E401416F69393593EB8FF1F7E7685172D60"
"items","Debug_Stick_Spawn_Deployable","Weapon/_Debug/Debug_Stick_Spawn_Deployable","Server/Item/Items/Weapon/_Debug/Debug_Stick_Spawn_Deployable.json","1921","0B4AA623F6E2548BA7C4C90754C54D3C88915CE9E209B9B4C795AD07FD67FB61"
"items","Debug_Stick_Stun","Weapon/_Debug/Debug_Stick_Stun","Server/Item/Items/Weapon/_Debug/Debug_Stick_Stun.json","2429","82EE44C4001F8C1DCBDD8A1754A23E9EB0E2DA8B93F76E2CE07BF09E255FD077"
"items","Weapon_Arrow_Clearshot","Weapon/Arrow/Weapon_Arrow_Clearshot","Server/Item/Items/Weapon/Arrow/Weapon_Arrow_Clearshot.json","3593","EAD71CE8E02D8B7E9B5C53F153C30A68688B4E0E29703C0E93C15F00D6C294AC"
"items","Weapon_Arrow_Crude","Weapon/Arrow/Weapon_Arrow_Crude","Server/Item/Items/Weapon/Arrow/Weapon_Arrow_Crude.json","4389","4BD106BBF1B41C3553434F71D7E7BBCF465608CDE8816A19CF98EB2E3FCC5F63"
"items","Weapon_Arrow_Deadeye","Weapon/Arrow/Weapon_Arrow_Deadeye","Server/Item/Items/Weapon/Arrow/Weapon_Arrow_Deadeye.json","3589","FDE9659D7AD9A3488F2BC642A023B3A8C506E4079D34D47803B3ED908F37CA84"
"items","Weapon_Arrow_Iron","Weapon/Arrow/Weapon_Arrow_Iron","Server/Item/Items/Weapon/Arrow/Weapon_Arrow_Iron.json","3585","9051BF0AB5AB585106EEF24B24ED958F9F6ABBA66E553ED51CDC70A82753857D"
"items","Weapon_Arrow_Trueshot","Weapon/Arrow/Weapon_Arrow_Trueshot","Server/Item/Items/Weapon/Arrow/Weapon_Arrow_Trueshot.json","3591","22B76D3A09E978AF15125209F6A62258FF21339450E08E573ADDB988277813E8"
"items","Weapon_Axe_Adamantite","Weapon/Axe/Weapon_Axe_Adamantite","Server/Item/Items/Weapon/Axe/Weapon_Axe_Adamantite.json","3529","E0B7A7C2F59A108D5CA53D22974F93A3C5665FC46826079CBAD2E6D0E0FFB5CA"
"items","Weapon_Axe_Bone","Weapon/Axe/Weapon_Axe_Bone","Server/Item/Items/Weapon/Axe/Weapon_Axe_Bone.json","2985","B0D7CE329631F07201C4E0D49ED32D57EFEBAEFF416350882D8278D58356A1CF"
"items","Weapon_Axe_Cobalt","Weapon/Axe/Weapon_Axe_Cobalt","Server/Item/Items/Weapon/Axe/Weapon_Axe_Cobalt.json","3506","21135375572A73BB90491F42636253FCB487485735D198566E391E6B62B304AD"
"items","Weapon_Axe_Copper","Weapon/Axe/Weapon_Axe_Copper","Server/Item/Items/Weapon/Axe/Weapon_Axe_Copper.json","3440","D526302FBAE1CA45DDC130DB033320F9DE0089272AD4FF792558DED62D2EBF60"
"items","Weapon_Axe_Crude","Weapon/Axe/Weapon_Axe_Crude","Server/Item/Items/Weapon/Axe/Weapon_Axe_Crude.json","3316","457671D2C90BE4DD974425222EC81B47E7C4FDEA4D35A12D7A024824F94BA36F"
"items","Weapon_Axe_Doomed","Weapon/Axe/Weapon_Axe_Doomed","Server/Item/Items/Weapon/Axe/Weapon_Axe_Doomed.json","3002","4B961A382E855D36F563C4390DB4898CB752D619777BDC815948461567D5061B"
"items","Weapon_Axe_Iron","Weapon/Axe/Weapon_Axe_Iron","Server/Item/Items/Weapon/Axe/Weapon_Axe_Iron.json","4026","DA115EBA3257C9FB99B9D0E521BD68756FD6FE75161FB5A3FAFC0D96A98A48F4"
"items","Weapon_Axe_Iron_Rusty","Weapon/Axe/Weapon_Axe_Iron_Rusty","Server/Item/Items/Weapon/Axe/Weapon_Axe_Iron_Rusty.json","2956","17A2676E69A46B0E24D6D8BB7419F8F640961E5EEF917C42017FDA3E0A013534"
"items","Weapon_Axe_Mithril","Weapon/Axe/Weapon_Axe_Mithril","Server/Item/Items/Weapon/Axe/Weapon_Axe_Mithril.json","2955","3BACE647B95A4F73D44E99A6A71087F14CB99098C4ABC432F5BB56DDF05EDB9B"
"items","Weapon_Axe_Onyxium","Weapon/Axe/Weapon_Axe_Onyxium","Server/Item/Items/Weapon/Axe/Weapon_Axe_Onyxium.json","2958","6C330C47C8E365F2D85F55D43539271A9AF0C1F22136FAECFDC1D475AB1285CE"
"items","Weapon_Axe_Stone_Trork","Weapon/Axe/Weapon_Axe_Stone_Trork","Server/Item/Items/Weapon/Axe/Weapon_Axe_Stone_Trork.json","3611","9BF8445B60DC36D0566A477E2327B229CC65A1B73B9BE103160B074292F44DD6"
"items","Weapon_Axe_Thorium","Weapon/Axe/Weapon_Axe_Thorium","Server/Item/Items/Weapon/Axe/Weapon_Axe_Thorium.json","3500","4C4CBCABD99280559E348ECEF7D3303EF07D266F31C1AAC052A11DE60A0656A0"
"items","Weapon_Axe_Tribal","Weapon/Axe/Weapon_Axe_Tribal","Server/Item/Items/Weapon/Axe/Weapon_Axe_Tribal.json","3308","202923A048CED0D253A98097D0C94583741E591610D3465B1F52F7F8BA6A919F"
"items","Template_Weapon_Battleaxe","Weapon/Battleaxe/Template_Weapon_Battleaxe","Server/Item/Items/Weapon/Battleaxe/Template_Weapon_Battleaxe.json","2142","A59FD1419E188A5700D6004357C5BE1D7AF2F66F473931B17BD1A36595AA9946"
"items","Weapon_Battleaxe_Adamantite","Weapon/Battleaxe/Weapon_Battleaxe_Adamantite","Server/Item/Items/Weapon/Battleaxe/Weapon_Battleaxe_Adamantite.json","3611","C9E303095B1CB92853F3A69A2534F175F4A84D0A7325EF9C3EE46053803644FE"
"items","Weapon_Battleaxe_Cobalt","Weapon/Battleaxe/Weapon_Battleaxe_Cobalt","Server/Item/Items/Weapon/Battleaxe/Weapon_Battleaxe_Cobalt.json","3588","DBC20299052E68607EB075892291FEC5D536EDF4AAE244E89FDE2AAFCF6EE82A"
"items","Weapon_Battleaxe_Copper","Weapon/Battleaxe/Weapon_Battleaxe_Copper","Server/Item/Items/Weapon/Battleaxe/Weapon_Battleaxe_Copper.json","3532","63A60BAC0BA54D732DEE66234E1EE33181ECD004E42FDAA9B7F69B18E3DAA8BE"
"items","Weapon_Battleaxe_Crude","Weapon/Battleaxe/Weapon_Battleaxe_Crude","Server/Item/Items/Weapon/Battleaxe/Weapon_Battleaxe_Crude.json","4925","B5F590DC22C7188B46BA4F6569625A926C0E6625BCA8EB3A61819765B0147A50"
"items","Weapon_Battleaxe_Doomed","Weapon/Battleaxe/Weapon_Battleaxe_Doomed","Server/Item/Items/Weapon/Battleaxe/Weapon_Battleaxe_Doomed.json","3111","3753F4EA12E96CE6D969482B846F4F129A5E8F4666F0628177F701D1020F26E0"
"items","Weapon_Battleaxe_Iron","Weapon/Battleaxe/Weapon_Battleaxe_Iron","Server/Item/Items/Weapon/Battleaxe/Weapon_Battleaxe_Iron.json","3544","B482857F15AED1FFF2E018DE5112356F214F3AB27A80E7E1A09CCD0FFB103983"
"items","Weapon_Battleaxe_Mithril","Weapon/Battleaxe/Weapon_Battleaxe_Mithril","Server/Item/Items/Weapon/Battleaxe/Weapon_Battleaxe_Mithril.json","3576","E66986C7D8A8A0F7CEB11B767650AF4B34E9DC5025CABBC4174712A99B7D142D"
"items","Weapon_Battleaxe_Onyxium","Weapon/Battleaxe/Weapon_Battleaxe_Onyxium","Server/Item/Items/Weapon/Battleaxe/Weapon_Battleaxe_Onyxium.json","3030","7A47359E7EEF22D0860D4944C48BD20365AF9E5C1E7D4719A08376500964D0A1"
"items","Weapon_Battleaxe_Scarab","Weapon/Battleaxe/Weapon_Battleaxe_Scarab","Server/Item/Items/Weapon/Battleaxe/Weapon_Battleaxe_Scarab.json","353","AC8D8376F84C8FD8ADD27279A77642B976525D348D2774334E31C2DD70E69EDF"
"items","Weapon_Battleaxe_Scythe_Void","Weapon/Battleaxe/Weapon_Battleaxe_Scythe_Void","Server/Item/Items/Weapon/Battleaxe/Weapon_Battleaxe_Scythe_Void.json","3479","FE1F36ECB80E2F25265916F1D7AFCD61CF86E5D59B9E2AF87EC3C8CC52C37273"
"items","Weapon_Battleaxe_Steel_Rusty","Weapon/Battleaxe/Weapon_Battleaxe_Steel_Rusty","Server/Item/Items/Weapon/Battleaxe/Weapon_Battleaxe_Steel_Rusty.json","2990","8B9F86BD912F574ADD5C4383BC077FCBB69D544327D54766704D63D7EF901B0B"
"items","Weapon_Battleaxe_Stone_Trork","Weapon/Battleaxe/Weapon_Battleaxe_Stone_Trork","Server/Item/Items/Weapon/Battleaxe/Weapon_Battleaxe_Stone_Trork.json","3056","1DE285CC361D43C3EF79C750557229631338E14B61847F7C3B35B55D0CE2162A"
"items","Weapon_Battleaxe_Thorium","Weapon/Battleaxe/Weapon_Battleaxe_Thorium","Server/Item/Items/Weapon/Battleaxe/Weapon_Battleaxe_Thorium.json","3589","C41A224D531225358BD278BF431F3807723FBCFD5C8044BF22896F2A35169C3A"
"items","Weapon_Battleaxe_Tribal","Weapon/Battleaxe/Weapon_Battleaxe_Tribal","Server/Item/Items/Weapon/Battleaxe/Weapon_Battleaxe_Tribal.json","1219","0F972289ACFC0180C305220BD2AE02545227896426891C9F4FB1F29D7A0B0F50"
"items","Weapon_Battleaxe_Wood_Fence","Weapon/Battleaxe/Weapon_Battleaxe_Wood_Fence","Server/Item/Items/Weapon/Battleaxe/Weapon_Battleaxe_Wood_Fence.json","425","F32E5A416C4D13678D63579EA61CE00713AFDC6DA3D7CE18BCC9170B811E4811"
"items","Weapon_Blowgun_Tribal","Weapon/Blowgun/Weapon_Blowgun_Tribal","Server/Item/Items/Weapon/Blowgun/Weapon_Blowgun_Tribal.json","937","B93289355216EAB11FDB05586370AEF26672AF50ED0F31D82EC38094BA46EA1C"
"items","Weapon_Bomb","Weapon/Bomb/Weapon_Bomb","Server/Item/Items/Weapon/Bomb/Weapon_Bomb.json","967","181151B3F4E2F6603172076288D162689A10CD86348EBD767B2AED5A4D132563"
"items","Weapon_Bomb_Continuous","Weapon/Bomb/Weapon_Bomb_Continuous","Server/Item/Items/Weapon/Bomb/Weapon_Bomb_Continuous.json","1049","9FE0C852B7B2CC6CF0F5D59DDF5615E89944507FE106701AA2D1B50B696C2098"
"items","Weapon_Bomb_Fire","Weapon/Bomb/Weapon_Bomb_Fire","Server/Item/Items/Weapon/Bomb/Weapon_Bomb_Fire.json","1229","716EC85AD3957510A933FEB69B073ABDEDB7FC37847A051885C2E3D8627AF4BE"
"items","Weapon_Bomb_Large_Fire","Weapon/Bomb/Weapon_Bomb_Large_Fire","Server/Item/Items/Weapon/Bomb/Weapon_Bomb_Large_Fire.json","1018","E38FA3A5FB06665C9F540CA2A6B2ECB535074E9B78D3D3576F870ADA10C62A92"
"items","Weapon_Bomb_Popberry","Weapon/Bomb/Weapon_Bomb_Popberry","Server/Item/Items/Weapon/Bomb/Weapon_Bomb_Popberry.json","1462","D15601F89FB80220324F99FA1817ACC603BEF53159430FC91FC6291963F3B065"
"items","Weapon_Bomb_Potion_Poison","Weapon/Bomb/Weapon_Bomb_Potion_Poison","Server/Item/Items/Weapon/Bomb/Weapon_Bomb_Potion_Poison.json","988","0C31AB7D5BCF6730316D8FC2992F618D05811055E4D0AB429B22300031EC3E29"
"items","Weapon_Bomb_Stun","Weapon/Bomb/Weapon_Bomb_Stun","Server/Item/Items/Weapon/Bomb/Weapon_Bomb_Stun.json","960","19B56FB01D83E62696C9E9E94C20A43E4769F984E965267B1E0FD49B2D74BD05"
"items","Weapon_Claws_Tribal","Weapon/Claws/Weapon_Claws_Tribal","Server/Item/Items/Weapon/Claws/Weapon_Claws_Tribal.json","5717","4C0FAFADB11FB7F461F11AAE6614290E3729602FE53697609136492D254FCD99"
"items","Weapon_Club_Adamantite","Weapon/Club/Weapon_Club_Adamantite","Server/Item/Items/Weapon/Club/Weapon_Club_Adamantite.json","3483","86F2C5DCE8C0476BFC0B4F027C3953763372F914791F404F47694BDF5D2B8D79"
"items","Weapon_Club_Cobalt","Weapon/Club/Weapon_Club_Cobalt","Server/Item/Items/Weapon/Club/Weapon_Club_Cobalt.json","3463","EB47B0106CF3901B7136290CE182F6B7008FA294DB5ECF984EBE59C3E2B4A017"
"items","Weapon_Club_Copper","Weapon/Club/Weapon_Club_Copper","Server/Item/Items/Weapon/Club/Weapon_Club_Copper.json","3402","5633493C0FEFC0333A5072A5495EE2015B1C07567E40D6BFD256CACF6795797D"
"items","Weapon_Club_Crude","Weapon/Club/Weapon_Club_Crude","Server/Item/Items/Weapon/Club/Weapon_Club_Crude.json","2236","5C2A539AF70E06779FFF8C05AE351B217517D4B9B0FF51A20FA0B7D22900C884"
"items","Weapon_Club_Doomed","Weapon/Club/Weapon_Club_Doomed","Server/Item/Items/Weapon/Club/Weapon_Club_Doomed.json","2817","37F23635437C7E43FAEC04C44B494D524C6D0430E071FB51D9F88F6C16D46F01"
"items","Weapon_Club_Iron","Weapon/Club/Weapon_Club_Iron","Server/Item/Items/Weapon/Club/Weapon_Club_Iron.json","3407","D5486D057F49BF146E792F17190BD0B758F5D18FA8604771283ADD7BE7B2244D"
"items","Weapon_Club_Iron_Rusty","Weapon/Club/Weapon_Club_Iron_Rusty","Server/Item/Items/Weapon/Club/Weapon_Club_Iron_Rusty.json","2763","EBA0554C66239E03B4E390B9431C7CD1D527DD68ED43DDA4312F26259F5269CB"
"items","Weapon_Club_Mithril","Weapon/Club/Weapon_Club_Mithril","Server/Item/Items/Weapon/Club/Weapon_Club_Mithril.json","2765","0143E436C41C3AAB0DFE5349A54D8E90A044FF44C1E2517EA0472E3369DEBD8B"
"items","Weapon_Club_Onyxium","Weapon/Club/Weapon_Club_Onyxium","Server/Item/Items/Weapon/Club/Weapon_Club_Onyxium.json","2768","0AFA3A0F5FE36A26C22222FEEE7003D3CC743415D33BBC5EBF2DF7F4940DC04A"
"items","Weapon_Club_Scrap","Weapon/Club/Weapon_Club_Scrap","Server/Item/Items/Weapon/Club/Weapon_Club_Scrap.json","2815","368435720AC103D78CFA22EC31C91554DFE9BFB00697DC3A6F9C403BCBF338C9"
"items","Weapon_Club_Steel_Flail_Rusty","Weapon/Club/Weapon_Club_Steel_Flail_Rusty","Server/Item/Items/Weapon/Club/Weapon_Club_Steel_Flail_Rusty.json","5364","B5FB79E5277DE9D72F8D997585B5AB147E8F598A2EF3C43DCE430C44A18F0238"
"items","Weapon_Club_Stone_Trork","Weapon/Club/Weapon_Club_Stone_Trork","Server/Item/Items/Weapon/Club/Weapon_Club_Stone_Trork.json","2813","F5192BBF5BF688FF9A51209E0F5D996A593F1379045F02B9079BB0B89C1F374B"
"items","Weapon_Club_Thorium","Weapon/Club/Weapon_Club_Thorium","Server/Item/Items/Weapon/Club/Weapon_Club_Thorium.json","3465","055796360A4BE5F03EFDE8965244454915B6DF4A40B474D97A53EFC9410908A5"
"items","Weapon_Club_Tribal","Weapon/Club/Weapon_Club_Tribal","Server/Item/Items/Weapon/Club/Weapon_Club_Tribal.json","3130","20873D1A736250E78700183DE4D5EB38717F3AD25DA6CF0FC9F31A5FF462BEF2"
"items","Weapon_Club_Zombie_Arm","Weapon/Club/Weapon_Club_Zombie_Arm","Server/Item/Items/Weapon/Club/Weapon_Club_Zombie_Arm.json","5202","00380E447E6006CAEA37582FBDED5A875AB267270DB84CECD0EF7F64361A8616"
"items","Weapon_Club_Zombie_Burnt_Arm","Weapon/Club/Weapon_Club_Zombie_Burnt_Arm","Server/Item/Items/Weapon/Club/Weapon_Club_Zombie_Burnt_Arm.json","5220","79F12A6746AB41ABFA4977C74A8B4AD55461C498592A903954BF3374939751A7"
"items","Weapon_Club_Zombie_Burnt_Leg","Weapon/Club/Weapon_Club_Zombie_Burnt_Leg","Server/Item/Items/Weapon/Club/Weapon_Club_Zombie_Burnt_Leg.json","5216","EEA0FB0ED0CF422650014B2A9B3EDC46608101F91207F2159E05F88E41681DE1"
"items","Weapon_Club_Zombie_Frost_Arm","Weapon/Club/Weapon_Club_Zombie_Frost_Arm","Server/Item/Items/Weapon/Club/Weapon_Club_Zombie_Frost_Arm.json","5220","33DBBDB116A9C9C5550E275EA9C380EC78B5D2E0504EA11AC8F3EB0812DBA596"
"items","Weapon_Club_Zombie_Frost_Leg","Weapon/Club/Weapon_Club_Zombie_Frost_Leg","Server/Item/Items/Weapon/Club/Weapon_Club_Zombie_Frost_Leg.json","5216","21CF626A243045C816E59BCD3E068E87D0E2CDF878F0F981CFCFB51A495B27CC"
"items","Weapon_Club_Zombie_Leg","Weapon/Club/Weapon_Club_Zombie_Leg","Server/Item/Items/Weapon/Club/Weapon_Club_Zombie_Leg.json","5198","7BAA6F6EA56D2F56D568F6BC64B48AC1C24974534EC2FC00F9F6B0D86B5A891F"
"items","Weapon_Club_Zombie_Sand_Arm","Weapon/Club/Weapon_Club_Zombie_Sand_Arm","Server/Item/Items/Weapon/Club/Weapon_Club_Zombie_Sand_Arm.json","5217","A4977AD6BD997CFFF67445F4C83D70232BA41870DC734903CA6E3B3D7E20B30B"
"items","Weapon_Club_Zombie_Sand_Leg","Weapon/Club/Weapon_Club_Zombie_Sand_Leg","Server/Item/Items/Weapon/Club/Weapon_Club_Zombie_Sand_Leg.json","5213","7DE89142A23421C508B88ED9A48189B3CE247C633EDB7B6AE851381A119305F5"
"items","Template_Weapon_Crossbow","Weapon/Crossbow/Template_Weapon_Crossbow","Server/Item/Items/Weapon/Crossbow/Template_Weapon_Crossbow.json","10411","DC7447349838D7654D39A978272955AC4A8B77D81DB68C5AE10E69C6ADA70DDB"
"items","Weapon_Crossbow_Ancient_Steel","Weapon/Crossbow/Weapon_Crossbow_Ancient_Steel","Server/Item/Items/Weapon/Crossbow/Weapon_Crossbow_Ancient_Steel.json","1512","F6BE36536715E471FB5AED4D6D74AD5B702A19EFC9CBFED184E072B6E368CBE0"
"items","Weapon_Crossbow_Iron","Weapon/Crossbow/Weapon_Crossbow_Iron","Server/Item/Items/Weapon/Crossbow/Weapon_Crossbow_Iron.json","2106","2EB122C6A512D41EAA54802DD7BEE6FBF1A71D848C76FE8FCBED7AF024C25A1D"
"items","Template_Weapon_Daggers","Weapon/Daggers/Template_Weapon_Daggers","Server/Item/Items/Weapon/Daggers/Template_Weapon_Daggers.json","4023","C56E685E61ABB9BC6582F0CE267BB1D7462803366846B0FC73D3B7EEC02028EB"
"items","Weapon_Daggers_Adamantite","Weapon/Daggers/Weapon_Daggers_Adamantite","Server/Item/Items/Weapon/Daggers/Weapon_Daggers_Adamantite.json","11868","6192BFDABBD2C41A8A8DDB8EB3B91406066BA6B0B5AE86F264DCF614339D5193"
"items","Weapon_Daggers_Adamantite_Saurian","Weapon/Daggers/Weapon_Daggers_Adamantite_Saurian","Server/Item/Items/Weapon/Daggers/Weapon_Daggers_Adamantite_Saurian.json","11439","06AE23D2F15608C4C23D349694F83573FB04F015C5682037D73D68B5E23624A7"
"items","Weapon_Daggers_Bone","Weapon/Daggers/Weapon_Daggers_Bone","Server/Item/Items/Weapon/Daggers/Weapon_Daggers_Bone.json","11220","BD2A0746F7A0F37EB7C51C302637A232678B51899496E1097CD55716F16315A5"
"items","Weapon_Daggers_Bronze","Weapon/Daggers/Weapon_Daggers_Bronze","Server/Item/Items/Weapon/Daggers/Weapon_Daggers_Bronze.json","4965","070C27A70F9276A679C92EB4D79987C20D27C004CF56B338DA4E022162BBA6C3"
"items","Weapon_Daggers_Bronze_Ancient","Weapon/Daggers/Weapon_Daggers_Bronze_Ancient","Server/Item/Items/Weapon/Daggers/Weapon_Daggers_Bronze_Ancient.json","4997","E338DDD5F4787896F89E4ED2CB4E0FC5148D349C6C3527C3DDF405277A7FBBF2"
"items","Weapon_Daggers_Claw_Bone","Weapon/Daggers/Weapon_Daggers_Claw_Bone","Server/Item/Items/Weapon/Daggers/Weapon_Daggers_Claw_Bone.json","5043","F1926D25C61BFB2271404007927917A04835B1021697D31AC2437E8CD21F5910"
"items","Weapon_Daggers_Cobalt","Weapon/Daggers/Weapon_Daggers_Cobalt","Server/Item/Items/Weapon/Daggers/Weapon_Daggers_Cobalt.json","11845","8A597EF59DF5B355639614FB6E22DF21636F07CEAB072FFD6E6AC4BD35ED2D92"
"items","Weapon_Daggers_Copper","Weapon/Daggers/Weapon_Daggers_Copper","Server/Item/Items/Weapon/Daggers/Weapon_Daggers_Copper.json","11791","66508C78EA60DEF7AD5FD8F253C5107D476FE0BCDA097A276DB73838567FEFA3"
"items","Weapon_Daggers_Crude","Weapon/Daggers/Weapon_Daggers_Crude","Server/Item/Items/Weapon/Daggers/Weapon_Daggers_Crude.json","14548","563855802AF133404B639272684ACAD9C77C468FB80D643BA5F808CA54D8EC72"
"items","Weapon_Daggers_Doomed","Weapon/Daggers/Weapon_Daggers_Doomed","Server/Item/Items/Weapon/Daggers/Weapon_Daggers_Doomed.json","11236","55898F4225ADEE7C40844AA344778054593E5987526064015D418992C76F6E56"
"items","Weapon_Daggers_Fang_Doomed","Weapon/Daggers/Weapon_Daggers_Fang_Doomed","Server/Item/Items/Weapon/Daggers/Weapon_Daggers_Fang_Doomed.json","11233","35AB994894AE26F2357E765475C7A58B11F342F84C20328CC443FC1156C949AE"
"items","Weapon_Daggers_Iron","Weapon/Daggers/Weapon_Daggers_Iron","Server/Item/Items/Weapon/Daggers/Weapon_Daggers_Iron.json","11800","C7C4D1751C6F714D11DC95880BD3C121EA8E1E5BCBDD106B3A381D500B9F19C3"
"items","Weapon_Daggers_Mithril","Weapon/Daggers/Weapon_Daggers_Mithril","Server/Item/Items/Weapon/Daggers/Weapon_Daggers_Mithril.json","11873","4ECF9EA1EB6929AC0D0FDA1B02F93FB733932224FC9EC0DA6CA81FB0068D7ADE"
"items","Weapon_Daggers_Onyxium","Weapon/Daggers/Weapon_Daggers_Onyxium","Server/Item/Items/Weapon/Daggers/Weapon_Daggers_Onyxium.json","5020","590495007971203C7D26DAE8990F895FA5AA4EC9F5D2DF381C2F147295F0BD11"
"items","Weapon_Daggers_Stone_Trork","Weapon/Daggers/Weapon_Daggers_Stone_Trork","Server/Item/Items/Weapon/Daggers/Weapon_Daggers_Stone_Trork.json","11239","C972845A083A1774084328E72CDFDB4037320A43F79FFE97CBA73C3BABD8FE06"
"items","Weapon_Daggers_Thorium","Weapon/Daggers/Weapon_Daggers_Thorium","Server/Item/Items/Weapon/Daggers/Weapon_Daggers_Thorium.json","11846","61E1B1D170776B65C661CFF5033C81C069ADC81FDA3D0C0BC2BC28B72EDC11A4"
"items","Weapon_Dart_Tribal","Weapon/Dart/Weapon_Dart_Tribal","Server/Item/Items/Weapon/Dart/Weapon_Dart_Tribal.json","3796","FDCF5CBE1A6348D2F315E3CEE390DA74E18602B9D0076A4564497073BBABB9C7"
"items","Weapon_Deployable_Healing_Totem","Weapon/Deployable/Weapon_Deployable_Healing_Totem","Server/Item/Items/Weapon/Deployable/Weapon_Deployable_Healing_Totem.json","1920","47A2C03E7B4C3DEAB9D461B7589C9CC26C39F25126737C527BB56E2FC0720DD2"
"items","Weapon_Deployable_Slowness_Totem","Weapon/Deployable/Weapon_Deployable_Slowness_Totem","Server/Item/Items/Weapon/Deployable/Weapon_Deployable_Slowness_Totem.json","1893","1673D9B3190950315FB9E3155F440B144965B198E341AE01E265ECA37B8BCCF3"
"items","Weapon_Deployable_Turret","Weapon/Deployable/Weapon_Deployable_Turret","Server/Item/Items/Weapon/Deployable/Weapon_Deployable_Turret.json","1299","D2E920740B7642306E40F1DB3FEBB2A553B895D738F9FBBBD0D18B25C3C84B69"
"items","Flamethrower_Goblin","Weapon/Flamethrower/Flamethrower_Goblin","Server/Item/Items/Weapon/Flamethrower/Flamethrower_Goblin.json","1888","FB019E0710BD48C030161008CAEE2D7DEE5FBFA1C7F1603060D80CD17E695CD9"
"items","Weapon_Gun","Weapon/Gun/Weapon_Gun","Server/Item/Items/Weapon/Gun/Weapon_Gun.json","2443","96A26D3E364D7BB65EF55EA15720629B5E028403024565028F92511AA5132DDA"
"items","Weapon_Gun_Blunderbuss","Weapon/Gun/Weapon_Gun_Blunderbuss","Server/Item/Items/Weapon/Gun/Weapon_Gun_Blunderbuss.json","2381","99B5CDE6CB33B86DA505C3B5B8D591663A6FB6817E1C53113475A18E54CC6583"
"items","Weapon_Gun_Blunderbuss_Rusty","Weapon/Gun/Weapon_Gun_Blunderbuss_Rusty","Server/Item/Items/Weapon/Gun/Weapon_Gun_Blunderbuss_Rusty.json","2387","CD9DD7E2E13664A6E31C8A5193CC92B9DCA3FCBFE1618C9A08BBBC62A3D8B9B3"
"items","Weapon_Kunai","Weapon/Kunai/Weapon_Kunai","Server/Item/Items/Weapon/Kunai/Weapon_Kunai.json","962","4E458FAF60357A51C6D1978F186F27895AA0253990E098C2B868A5D8CEB5D1C6"
"items","Weapon_Longsword_Adamantite","Weapon/Longsword/Weapon_Longsword_Adamantite","Server/Item/Items/Weapon/Longsword/Weapon_Longsword_Adamantite.json","4164","3D45D138840663B1D724764EFC850B1C63F2DC4C1D824ACF454B58A815193025"
"items","Weapon_Longsword_Adamantite_Saurian","Weapon/Longsword/Weapon_Longsword_Adamantite_Saurian","Server/Item/Items/Weapon/Longsword/Weapon_Longsword_Adamantite_Saurian.json","3624","782183B20267E44CD0A55335CE0521F37E5185295880318D419416426949FF61"
"items","Weapon_Longsword_Cobalt","Weapon/Longsword/Weapon_Longsword_Cobalt","Server/Item/Items/Weapon/Longsword/Weapon_Longsword_Cobalt.json","4083","460AAD3FDBB7E1326F27E75CC135164CA5F59564932F91AABC5CC816E4D7712C"
"items","Weapon_Longsword_Copper","Weapon/Longsword/Weapon_Longsword_Copper","Server/Item/Items/Weapon/Longsword/Weapon_Longsword_Copper.json","4029","B4E9B665F918B2A779A7B2A7F2D8B92A191B1F7373D8939C10D30A828DB4156B"
"items","Weapon_Longsword_Crude","Weapon/Longsword/Weapon_Longsword_Crude","Server/Item/Items/Weapon/Longsword/Weapon_Longsword_Crude.json","4028","05124B78EB95905AF56C9EB005A78138F05BBCD6E963B54CDEE68CDD2EF9DFEC"
"items","Weapon_Longsword_Flame","Weapon/Longsword/Weapon_Longsword_Flame","Server/Item/Items/Weapon/Longsword/Weapon_Longsword_Flame.json","5957","8EFF2E908A4DAF975FDCACDE87394601D5489B02A77FA07ED76ECAB1AE341344"
"items","Weapon_Longsword_Iron","Weapon/Longsword/Weapon_Longsword_Iron","Server/Item/Items/Weapon/Longsword/Weapon_Longsword_Iron.json","4043","1C4F0456F4732D46B51505CA5350A8F49A6B032186DE5760BDD9E528C84D70A2"
"items","Weapon_Longsword_Katana","Weapon/Longsword/Weapon_Longsword_Katana","Server/Item/Items/Weapon/Longsword/Weapon_Longsword_Katana.json","3528","7B126C5BBE2E9DC6DA7A0345DCD8940D61EC7CACEA25EFE586865CC8597656E4"
"items","Weapon_Longsword_Mithril","Weapon/Longsword/Weapon_Longsword_Mithril","Server/Item/Items/Weapon/Longsword/Weapon_Longsword_Mithril.json","3531","C1A63B7F6BC94C9AC674F1C75AE81184831B44C86E537C2951887E7354D0443C"
"items","Weapon_Longsword_Onyxium","Weapon/Longsword/Weapon_Longsword_Onyxium","Server/Item/Items/Weapon/Longsword/Weapon_Longsword_Onyxium.json","3535","03DD857C456599C3FBE11FFBA2CE44A96545F254C4A7CB189975564E7820A01A"
"items","Weapon_Longsword_Praetorian","Weapon/Longsword/Weapon_Longsword_Praetorian","Server/Item/Items/Weapon/Longsword/Weapon_Longsword_Praetorian.json","3594","E0A66590FCF6806C12C6DC41B153C10B191EEFAD81489A6DAB19817282DBA3EF"
"items","Weapon_Longsword_Praetorian_NPC","Weapon/Longsword/Weapon_Longsword_Praetorian_NPC","Server/Item/Items/Weapon/Longsword/Weapon_Longsword_Praetorian_NPC.json","338","4F750FB15C9CCF6E38BD54B4CF20CBB64194A659D28402F1AD6E0ABEDE43B4A5"
"items","Weapon_Longsword_Scarab","Weapon/Longsword/Weapon_Longsword_Scarab","Server/Item/Items/Weapon/Longsword/Weapon_Longsword_Scarab.json","4176","FCDCAD2CBB7BBF29AE14FFEB9FDFEE12C626CBA3EF470F8365476DF86C4C192C"
"items","Weapon_Longsword_Spectral","Weapon/Longsword/Weapon_Longsword_Spectral","Server/Item/Items/Weapon/Longsword/Weapon_Longsword_Spectral.json","3681","FD976C32161CBB9308D5B45026D453E1DA5164B09B4A6A905BFD4757F2DB1149"
"items","Weapon_Longsword_Stone_Trork","Weapon/Longsword/Weapon_Longsword_Stone_Trork","Server/Item/Items/Weapon/Longsword/Weapon_Longsword_Stone_Trork.json","3581","2FAD8C5074D2DAB6C16A6C69B6D7E3DB497C54E3EB16154FD9BA687FAE352640"
"items","Weapon_Longsword_Thorium","Weapon/Longsword/Weapon_Longsword_Thorium","Server/Item/Items/Weapon/Longsword/Weapon_Longsword_Thorium.json","4085","87FE6D0D851037DE168C7E004B35943D6684E35B32B9082DAB0A67C2776836B8"
"items","Weapon_Longsword_Tribal","Weapon/Longsword/Weapon_Longsword_Tribal","Server/Item/Items/Weapon/Longsword/Weapon_Longsword_Tribal.json","3580","B1D230255ACBDE1E73E341290F7096564543201ADF4DA0447F5354F8DD8F69E4"
"items","Weapon_Longsword_Void","Weapon/Longsword/Weapon_Longsword_Void","Server/Item/Items/Weapon/Longsword/Weapon_Longsword_Void.json","3913","C05C7F702AF6B49FEBC58C3A54954D1C10C6AF51FA1363C2932690E1265A9C18"
"items","Template_Weapon_Mace","Weapon/Mace/Template_Weapon_Mace","Server/Item/Items/Weapon/Mace/Template_Weapon_Mace.json","2135","688433BD8510427BAFA165598B37433C8D3E1320A3E7F13E2CE2800DAB8EA192"
"items","Weapon_Mace_Adamantite","Weapon/Mace/Weapon_Mace_Adamantite","Server/Item/Items/Weapon/Mace/Weapon_Mace_Adamantite.json","4791","D52818FB9DBBC1C03DCC5FCB71C4DD46C27EFE1BD24D1CEACC8CEA9527F9CA45"
"items","Weapon_Mace_Cobalt","Weapon/Mace/Weapon_Mace_Cobalt","Server/Item/Items/Weapon/Mace/Weapon_Mace_Cobalt.json","4769","A8C76547A50F01E1B89D76C9BDF26219488850A9CF23F951889E1D07A6C4582D"
"items","Weapon_Mace_Copper","Weapon/Mace/Weapon_Mace_Copper","Server/Item/Items/Weapon/Mace/Weapon_Mace_Copper.json","4712","E0075596828A03684A4113D490CF7DA52DDD9811A8ADF7F98746DD66E1DE578C"
"items","Weapon_Mace_Crude","Weapon/Mace/Weapon_Mace_Crude","Server/Item/Items/Weapon/Mace/Weapon_Mace_Crude.json","6765","A0ECF2F90F040CBDD6ECEC84D9059CA9FECEFBB99E4C09D7CF004BBAEB616B0F"
"items","Weapon_Mace_Iron","Weapon/Mace/Weapon_Mace_Iron","Server/Item/Items/Weapon/Mace/Weapon_Mace_Iron.json","4723","9C2541F6E920369E66A094CF319B32DF3586F1B4CB8A951A4473737D37FC8251"
"items","Weapon_Mace_Mithril","Weapon/Mace/Weapon_Mace_Mithril","Server/Item/Items/Weapon/Mace/Weapon_Mace_Mithril.json","4621","522A6E5AB8470EF64A094F5630920130CC77683B37F8DE31189E6241CAB5C611"
"items","Weapon_Mace_Onyxium","Weapon/Mace/Weapon_Mace_Onyxium","Server/Item/Items/Weapon/Mace/Weapon_Mace_Onyxium.json","4382","FEA9ABD60EFBA949EA819694432280A123A782B5665E81686CA52E9078A4D033"
"items","Weapon_Mace_Prisma","Weapon/Mace/Weapon_Mace_Prisma","Server/Item/Items/Weapon/Mace/Weapon_Mace_Prisma.json","328","1A6871E4B3C3865BBAF7305D71DFE57AFF99F8C89B781962715403DE6F7813FF"
"items","Weapon_Mace_Scrap","Weapon/Mace/Weapon_Mace_Scrap","Server/Item/Items/Weapon/Mace/Weapon_Mace_Scrap.json","4106","9AE0F29D3B4FD229A9B4E9D83272BE9A8297ABB7A2D72DC39D80782E0104F07A"
"items","Weapon_Mace_Scrap_NPC","Weapon/Mace/Weapon_Mace_Scrap_NPC","Server/Item/Items/Weapon/Mace/Weapon_Mace_Scrap_NPC.json","3749","705B7E81B355C3B4595D410CD300ED1A9CADC2F39FB061D361E5202C921030FF"
"items","Weapon_Mace_Stone_Trork","Weapon/Mace/Weapon_Mace_Stone_Trork","Server/Item/Items/Weapon/Mace/Weapon_Mace_Stone_Trork.json","4108","51426793B8E7EC854B8B45A7E66AD48148DE973A2E862A2C9B8501E6B356EAC7"
"items","Weapon_Mace_Thorium","Weapon/Mace/Weapon_Mace_Thorium","Server/Item/Items/Weapon/Mace/Weapon_Mace_Thorium.json","4769","AC912643B2F8C9F565FADEE9AE2356C3C0646C3085618E28C127BDC65A401DFD"
"items","Template_Weapon_Shield","Weapon/Shield/Template_Weapon_Shield","Server/Item/Items/Weapon/Shield/Template_Weapon_Shield.json","2731","F93C24C0B1B1B5D0A878F81ABE7586BC68463F366B42BBE237A778DCD885C45D"
"items","Weapon_Shield_Adamantite","Weapon/Shield/Weapon_Shield_Adamantite","Server/Item/Items/Weapon/Shield/Weapon_Shield_Adamantite.json","1179","3EAAF72DBCB7EF84271B635802BC754BC53F115DEDFF196F25EDDEDC47A1ADE8"
"items","Weapon_Shield_Cobalt","Weapon/Shield/Weapon_Shield_Cobalt","Server/Item/Items/Weapon/Shield/Weapon_Shield_Cobalt.json","1156","B65BE720BEC7521C1DB447DE7301F5AF3C8564466C6CFFBD0199154AAB315C76"
"items","Weapon_Shield_Copper","Weapon/Shield/Weapon_Shield_Copper","Server/Item/Items/Weapon/Shield/Weapon_Shield_Copper.json","2239","3A7D60075A5B351E75E839FAD4B750DB7228073E108EEF2B0ED148AA4F715210"
"items","Weapon_Shield_Doomed","Weapon/Shield/Weapon_Shield_Doomed","Server/Item/Items/Weapon/Shield/Weapon_Shield_Doomed.json","673","58AA176AC02EA6E9DA341089C6FCF8A908458FEC5AFB1AB47552E931C954F54A"
"items","Weapon_Shield_Iron","Weapon/Shield/Weapon_Shield_Iron","Server/Item/Items/Weapon/Shield/Weapon_Shield_Iron.json","1112","977898E7160D697EE2683F6FDB7F47460873AB564E1CE5557C4B3A720E857356"
"items","Weapon_Shield_Mithril","Weapon/Shield/Weapon_Shield_Mithril","Server/Item/Items/Weapon/Shield/Weapon_Shield_Mithril.json","1157","3462547469CA0DBF2BA1851254CE9007B688629F4D87F2BDB35CB63DCBFCE4DC"
"items","Weapon_Shield_Onyxium","Weapon/Shield/Weapon_Shield_Onyxium","Server/Item/Items/Weapon/Shield/Weapon_Shield_Onyxium.json","343","D50618DCA5BDA7EB42CC81B7AC8C62C44E0F3146DC13186A4CD6F1B8E4D67CFD"
"items","Weapon_Shield_Orbis_Incandescent","Weapon/Shield/Weapon_Shield_Orbis_Incandescent","Server/Item/Items/Weapon/Shield/Weapon_Shield_Orbis_Incandescent.json","435","B9917B206ACF61EFB3732882870B579EE6AD07156CC5DD6F99F9908627970316"
"items","Weapon_Shield_Orbis_Knight","Weapon/Shield/Weapon_Shield_Orbis_Knight","Server/Item/Items/Weapon/Shield/Weapon_Shield_Orbis_Knight.json","421","A950D6FA81E8237AC9E092D7FD59C426C61308AADFB2AAF5D007F5DCBF14A098"
"items","Weapon_Shield_Praetorian","Weapon/Shield/Weapon_Shield_Praetorian","Server/Item/Items/Weapon/Shield/Weapon_Shield_Praetorian.json","408","B98F0AE0EE639C4E052AA5C6D6ECE097A234125104FBCB3F0B2CE2F78A1986CF"
"items","Weapon_Shield_Rusty","Weapon/Shield/Weapon_Shield_Rusty","Server/Item/Items/Weapon/Shield/Weapon_Shield_Rusty.json","601","090B29DBEA385835E7914AF1F3F46294C4C6B703CFC50EE49B81CF1339B18520"
"items","Weapon_Shield_Scrap","Weapon/Shield/Weapon_Shield_Scrap","Server/Item/Items/Weapon/Shield/Weapon_Shield_Scrap.json","667","43B67A643F85B15B4BFB1E3B0B42FC3D504BBE3D4AB92B7544AAD8A29E5C9061"
"items","Weapon_Shield_Scrap_Spiked","Weapon/Shield/Weapon_Shield_Scrap_Spiked","Server/Item/Items/Weapon/Shield/Weapon_Shield_Scrap_Spiked.json","703","2286EDC37ED51ADFD3FCCC8E14B9BEBC55205B4B7431A1FB79EDD85D85F26F1B"
"items","Weapon_Shield_Thorium","Weapon/Shield/Weapon_Shield_Thorium","Server/Item/Items/Weapon/Shield/Weapon_Shield_Thorium.json","1157","3B650955DC271397C6572027D746101F337AE9E39BD839DDB74A98B5673F6380"
"items","Weapon_Shield_Wood","Weapon/Shield/Weapon_Shield_Wood","Server/Item/Items/Weapon/Shield/Weapon_Shield_Wood.json","636","A13248F8EEA8F7D299E29F09A09F84C6E91483D6A45F2FB0D382AA08569A2397"
"items","Template_Weapon_Shortbow","Weapon/Shortbow/Template_Weapon_Shortbow","Server/Item/Items/Weapon/Shortbow/Template_Weapon_Shortbow.json","15972","B164A26897E2C89744604F60DB27D3E4849BF4F65F5A97B094F1D948C414F560"
"items","Weapon_Shortbow_Adamantite","Weapon/Shortbow/Weapon_Shortbow_Adamantite","Server/Item/Items/Weapon/Shortbow/Weapon_Shortbow_Adamantite.json","7312","9076A0706B7FBE0BDD4E158711DFAFB74A06EF1E3A4D590F760EA357407FB136"
"items","Weapon_Shortbow_Bomb","Weapon/Shortbow/Weapon_Shortbow_Bomb","Server/Item/Items/Weapon/Shortbow/Weapon_Shortbow_Bomb.json","1999","E5EB5D4A120FF7C6E5AD1D3AA6950892C7561E41F7094A1524BEE6E6606EF3C0"
"items","Weapon_Shortbow_Bronze","Weapon/Shortbow/Weapon_Shortbow_Bronze","Server/Item/Items/Weapon/Shortbow/Weapon_Shortbow_Bronze.json","7847","EE003ED1F0D851CD2597D4015DB364B170D6FD0C27EF3971CDFD831CD2DBAECB"
"items","Weapon_Shortbow_Cobalt","Weapon/Shortbow/Weapon_Shortbow_Cobalt","Server/Item/Items/Weapon/Shortbow/Weapon_Shortbow_Cobalt.json","7281","85B4D03DDD45EF94ED23E621BF5C2A348D90BE617D593BFC3707414DEE4715B1"
"items","Weapon_Shortbow_Combat","Weapon/Shortbow/Weapon_Shortbow_Combat","Server/Item/Items/Weapon/Shortbow/Weapon_Shortbow_Combat.json","1524","B2710CFD65EBAC3AAE4137EE21D0D2386204590E5C738A65E2CCFF764F7DC9EC"
"items","Weapon_Shortbow_Copper","Weapon/Shortbow/Weapon_Shortbow_Copper","Server/Item/Items/Weapon/Shortbow/Weapon_Shortbow_Copper.json","7224","D01DC9A189C1CB91BAD227F27D2E3D86F3BEF800086DEC74C48CCCAF5A9A6A00"
"items","Weapon_Shortbow_Crude","Weapon/Shortbow/Weapon_Shortbow_Crude","Server/Item/Items/Weapon/Shortbow/Weapon_Shortbow_Crude.json","8961","E81A8A8DDACC8A4672573F926247466297312ACF04BE8B4B91BEC13DA5E39CBB"
"items","Weapon_Shortbow_Doomed","Weapon/Shortbow/Weapon_Shortbow_Doomed","Server/Item/Items/Weapon/Shortbow/Weapon_Shortbow_Doomed.json","7976","E509C4BEE15B544D757BCDF2B87FE2C53E6E7F002D627FDF1743CCBAF58DFE2C"
"items","Weapon_Shortbow_Flame","Weapon/Shortbow/Weapon_Shortbow_Flame","Server/Item/Items/Weapon/Shortbow/Weapon_Shortbow_Flame.json","3502","2569A96D90FD4030019690BA95DF2552023B1CC93D3846F9CD8A233A4B533E1E"
"items","Weapon_Shortbow_Frost","Weapon/Shortbow/Weapon_Shortbow_Frost","Server/Item/Items/Weapon/Shortbow/Weapon_Shortbow_Frost.json","3502","74100121FC836014CDC5E78BEC6D1EBB7FF89BA393086B0BF86B46C9278A5B6C"
"items","Weapon_Shortbow_Iron","Weapon/Shortbow/Weapon_Shortbow_Iron","Server/Item/Items/Weapon/Shortbow/Weapon_Shortbow_Iron.json","4030","0221070B9135B59E5943FB58FDAE52D11CD74711F5023B3B622643E476D5051F"
"items","Weapon_Shortbow_Iron_Rusty","Weapon/Shortbow/Weapon_Shortbow_Iron_Rusty","Server/Item/Items/Weapon/Shortbow/Weapon_Shortbow_Iron_Rusty.json","4737","E29DF4293B9DA004519963F094FEE40BDB0FB1AACA36F6452826D41AA5D7DB5B"
"items","Weapon_Shortbow_Mithril","Weapon/Shortbow/Weapon_Shortbow_Mithril","Server/Item/Items/Weapon/Shortbow/Weapon_Shortbow_Mithril.json","7137","F12E27D4DB72A01FAE8E8ACB119ACEF6530E96864C7A5C2AD289949D19206713"
"items","Weapon_Shortbow_Onyxium","Weapon/Shortbow/Weapon_Shortbow_Onyxium","Server/Item/Items/Weapon/Shortbow/Weapon_Shortbow_Onyxium.json","7904","AB4E5030EE47FDE4FACDA62C5C0309D5F59314BB9026550A0FD910A89DF101BA"
"items","Weapon_Shortbow_Pull","Weapon/Shortbow/Weapon_Shortbow_Pull","Server/Item/Items/Weapon/Shortbow/Weapon_Shortbow_Pull.json","743","5E0F44C26EF8A63A4C8C3515D84DEF1E8C802CA21CB0DF9F990541395D46B188"
"items","Weapon_Shortbow_Ricochet","Weapon/Shortbow/Weapon_Shortbow_Ricochet","Server/Item/Items/Weapon/Shortbow/Weapon_Shortbow_Ricochet.json","837","2A971D7EBC7CBED9A537FCD82B129BB338E68938E84DFF21891837527F988C1E"
"items","Weapon_Shortbow_Test_Zoom","Weapon/Shortbow/Weapon_Shortbow_Test_Zoom","Server/Item/Items/Weapon/Shortbow/Weapon_Shortbow_Test_Zoom.json","2808","77C553A7F499A90B513E646E405A4181E36758F28B6AD2666F0FB290BA20693C"
"items","Weapon_Shortbow_Thorium","Weapon/Shortbow/Weapon_Shortbow_Thorium","Server/Item/Items/Weapon/Shortbow/Weapon_Shortbow_Thorium.json","7251","72C32C9511416898A9136C1D975D2C4C4595F763C871A02F1FF294D4067518DF"
"items","Weapon_Shortbow_Vampire","Weapon/Shortbow/Weapon_Shortbow_Vampire","Server/Item/Items/Weapon/Shortbow/Weapon_Shortbow_Vampire.json","1994","FD01B554EE629C8660B6208A5AF5E0ADE472879661B6D4F40F20D8F728833CAC"
"items","Weapon_Spear_Adamantite","Weapon/Spear/Weapon_Spear_Adamantite","Server/Item/Items/Weapon/Spear/Weapon_Spear_Adamantite.json","1819","B6BF824B7E86A167EEEDACAF22979C66F5D1C82FF5E3A22F471FA9006F2DDAA9"
"items","Weapon_Spear_Adamantite_Saurian","Weapon/Spear/Weapon_Spear_Adamantite_Saurian","Server/Item/Items/Weapon/Spear/Weapon_Spear_Adamantite_Saurian.json","1869","9AB0F35B1370683596F4372CD94910D23B6E23E652E0A8E43ADE5E71868E97D2"
"items","Weapon_Spear_Bone","Weapon/Spear/Weapon_Spear_Bone","Server/Item/Items/Weapon/Spear/Weapon_Spear_Bone.json","1781","1A2292D4FD7D1B3981ED7485B09854642F7F766D2B98ABB75DC77CDE4700E0BE"
"items","Weapon_Spear_Bronze","Weapon/Spear/Weapon_Spear_Bronze","Server/Item/Items/Weapon/Spear/Weapon_Spear_Bronze.json","1755","52650231BD7361ED225D99B8C65CF24B5CD9C2F7E2153E88862DEC9BDCBBB0B0"
"items","Weapon_Spear_Cobalt","Weapon/Spear/Weapon_Spear_Cobalt","Server/Item/Items/Weapon/Spear/Weapon_Spear_Cobalt.json","1748","D88F7C6B2F3A2817A5469B9D7879E7D8BA1BDB0473992DF7A97E79630603242E"
"items","Weapon_Spear_Copper","Weapon/Spear/Weapon_Spear_Copper","Server/Item/Items/Weapon/Spear/Weapon_Spear_Copper.json","1795","76480306D94EB596B29B3FD16D1D09DFC72090EBC35C76AC58E779B57B7F253A"
"items","Weapon_Spear_Crude","Weapon/Spear/Weapon_Spear_Crude","Server/Item/Items/Weapon/Spear/Weapon_Spear_Crude.json","2027","F5242D595C79FDEB34E53AB3FDD6CAD7FFE1B8DBEB9E790DA5BD192F894D4A67"
"items","Weapon_Spear_Double_Incandescent","Weapon/Spear/Weapon_Spear_Double_Incandescent","Server/Item/Items/Weapon/Spear/Weapon_Spear_Double_Incandescent.json","3475","3CC30230D047E5CC05ACAAE022A9AF9B7707897355C6DA3C4883893CD206D1FF"
"items","Weapon_Spear_Fishbone","Weapon/Spear/Weapon_Spear_Fishbone","Server/Item/Items/Weapon/Spear/Weapon_Spear_Fishbone.json","1801","3B7751F7590D7DE27BC7EEF53F2C38C2F94A41059BC61AE3A928C3460E67F369"
"items","Weapon_Spear_Iron","Weapon/Spear/Weapon_Spear_Iron","Server/Item/Items/Weapon/Spear/Weapon_Spear_Iron.json","1792","877E485DB0065AF8B3FE2C4A6DEA1C2DACD4482D9B89C3949F616FEF44D58548"
"items","Weapon_Spear_Leaf","Weapon/Spear/Weapon_Spear_Leaf","Server/Item/Items/Weapon/Spear/Weapon_Spear_Leaf.json","1856","761D55C3EBC6CBD3779BE81ED2495698056C52EBBF5C4FE5992C39C76565A87E"
"items","Weapon_Spear_Mithril","Weapon/Spear/Weapon_Spear_Mithril","Server/Item/Items/Weapon/Spear/Weapon_Spear_Mithril.json","1804","C510D1708E2CAF513A8E0DCBAE562519B249DD3585881717E23CE881813AD6FF"
"items","Weapon_Spear_Onyxium","Weapon/Spear/Weapon_Spear_Onyxium","Server/Item/Items/Weapon/Spear/Weapon_Spear_Onyxium.json","1749","311F964182A4E97A0B7CB2C969D03EA7B7984BF05EBEB20EED53CA52A4CC6B7F"
"items","Weapon_Spear_Scrap","Weapon/Spear/Weapon_Spear_Scrap","Server/Item/Items/Weapon/Spear/Weapon_Spear_Scrap.json","1791","1756599948B321DD592A0FA1D6AB1BC9CD766D873EE9DE517DE3D9B68D7B14DA"
"items","Weapon_Spear_Stone_Trork","Weapon/Spear/Weapon_Spear_Stone_Trork","Server/Item/Items/Weapon/Spear/Weapon_Spear_Stone_Trork.json","1814","B463227FD47C32325761A655942BBD374D0883B9492F83E34C778ECD369D0421"
"items","Weapon_Spear_Thorium","Weapon/Spear/Weapon_Spear_Thorium","Server/Item/Items/Weapon/Spear/Weapon_Spear_Thorium.json","1749","5281EAAF25D8F8B7C6267F7F4C1622D1913AB1B3F920D517F73FF9003B1D6829"
"items","Weapon_Spear_Tribal","Weapon/Spear/Weapon_Spear_Tribal","Server/Item/Items/Weapon/Spear/Weapon_Spear_Tribal.json","1852","DEADCC54A4C7D8EB88B191DD720AC99A1624F2512DE340BD874C8F9199331DF6"
"items","Weapon_Spellbook_Demon","Weapon/Spellbook/Weapon_Spellbook_Demon","Server/Item/Items/Weapon/Spellbook/Weapon_Spellbook_Demon.json","1770","13394BA8484C6F0C82A835C36D3D3BF4CFBA27380C34BA44AE8623DB8F9190BA"
"items","Weapon_Spellbook_Fire","Weapon/Spellbook/Weapon_Spellbook_Fire","Server/Item/Items/Weapon/Spellbook/Weapon_Spellbook_Fire.json","1719","4A7B7F96DA792CBF3027DE47BBAAE206CB2BA1C00C7D3503D72E2FC18733D563"
"items","Weapon_Spellbook_Frost","Weapon/Spellbook/Weapon_Spellbook_Frost","Server/Item/Items/Weapon/Spellbook/Weapon_Spellbook_Frost.json","1736","F3A88FD76A27FB4D694E5DD8CEB74A26C3D051301E03853B82C435058E03361B"
"items","Weapon_Spellbook_Grimoire_Brown","Weapon/Spellbook/Weapon_Spellbook_Grimoire_Brown","Server/Item/Items/Weapon/Spellbook/Weapon_Spellbook_Grimoire_Brown.json","1766","0F24B61B35AF81643BAE64C31A6E34AEB0B7D71483AA41584F58ECDD052C02B3"
"items","Weapon_Spellbook_Grimoire_Purple","Weapon/Spellbook/Weapon_Spellbook_Grimoire_Purple","Server/Item/Items/Weapon/Spellbook/Weapon_Spellbook_Grimoire_Purple.json","1769","C750D83EA1EFCE0A007E773338B692952797CFD5D2C7FA9E9ABFF0989553BA42"
"items","Weapon_Spellbook_Rekindle_Embers","Weapon/Spellbook/Weapon_Spellbook_Rekindle_Embers","Server/Item/Items/Weapon/Spellbook/Weapon_Spellbook_Rekindle_Embers.json","5411","E43425DEC7DA8D7A9B05DE04CF0EDDF0252F6112E9B70B74FCA0FC17D359A151"
"items","Halloween_Broomstick","Weapon/Staff/Halloween_Broomstick","Server/Item/Items/Weapon/Staff/Halloween_Broomstick.json","1637","B88E041532C8E93C94D9178312A68B73807595105938E6C4FEE0BEED1DADFF7B"
"items","Weapon_Staff_Adamantite","Weapon/Staff/Weapon_Staff_Adamantite","Server/Item/Items/Weapon/Staff/Weapon_Staff_Adamantite.json","1671","C177FC2BBD7FB66AD1169E9AD1E989EED42660B5F9FFA7E87077DD43C0059271"
"items","Weapon_Staff_Bo_Bamboo","Weapon/Staff/Weapon_Staff_Bo_Bamboo","Server/Item/Items/Weapon/Staff/Weapon_Staff_Bo_Bamboo.json","1663","66F7FA8946EC7B967D6C1DDEA8DC0BAC89B6774220ECDD035A2653F2E55519A0"
"items","Weapon_Staff_Bo_Wood","Weapon/Staff/Weapon_Staff_Bo_Wood","Server/Item/Items/Weapon/Staff/Weapon_Staff_Bo_Wood.json","1657","FCB7E2209B77536E2D73024D623E8D99E1C01AF4D0508E0B2CCC3B2F9B27123B"
"items","Weapon_Staff_Bone","Weapon/Staff/Weapon_Staff_Bone","Server/Item/Items/Weapon/Staff/Weapon_Staff_Bone.json","1866","67F5B3B9C140A9114DBBA26A793D44BF0B019CA1F81D679004AC37862414781B"
"items","Weapon_Staff_Bronze","Weapon/Staff/Weapon_Staff_Bronze","Server/Item/Items/Weapon/Staff/Weapon_Staff_Bronze.json","1809","FF25CC655F617B0C30C9DBF116C56EC95621BFAFEF8F6BD19948D6E40E062D9E"
"items","Weapon_Staff_Cane","Weapon/Staff/Weapon_Staff_Cane","Server/Item/Items/Weapon/Staff/Weapon_Staff_Cane.json","1699","9042EB7058CC7ADB3ABA8B68FE2766BAAA7AF1B246A0032C271D5E9C41F439DB"
"items","Weapon_Staff_Cobalt","Weapon/Staff/Weapon_Staff_Cobalt","Server/Item/Items/Weapon/Staff/Weapon_Staff_Cobalt.json","1670","D4C73999171A81D9327859BEC0B5EA1DD1CB5F220E1180467ACBDE90BA76A488"
"items","Weapon_Staff_Copper","Weapon/Staff/Weapon_Staff_Copper","Server/Item/Items/Weapon/Staff/Weapon_Staff_Copper.json","1655","A85A9A70DBBBB613A7DCAE2FA64395553B77388AFAA5AEDA0467B4FB44B4F513"
"items","Weapon_Staff_Crystal_Fire_Trork","Weapon/Staff/Weapon_Staff_Crystal_Fire_Trork","Server/Item/Items/Weapon/Staff/Weapon_Staff_Crystal_Fire_Trork.json","1868","F96DDE556CCCA034C60FAF7452B550B966028E60F4BCAE69623E6FC74BF34FD6"
"items","Weapon_Staff_Crystal_Flame","Weapon/Staff/Weapon_Staff_Crystal_Flame","Server/Item/Items/Weapon/Staff/Weapon_Staff_Crystal_Flame.json","7779","9ECF26D4778898D79BAE4A47DDEF0CEDAE9BACA5C87F93FE02C45A1085A06640"
"items","Weapon_Staff_Crystal_Ice","Weapon/Staff/Weapon_Staff_Crystal_Ice","Server/Item/Items/Weapon/Staff/Weapon_Staff_Crystal_Ice.json","4209","0865171FA2A4400786278CFD92F40D1B5F12A4C9F224E8E1125D40499F7C491D"
"items","Weapon_Staff_Crystal_Purple","Weapon/Staff/Weapon_Staff_Crystal_Purple","Server/Item/Items/Weapon/Staff/Weapon_Staff_Crystal_Purple.json","1881","D22F9FBBBDF40A097D00C9CCC8ADB512D6DB0A66B9010C4A93452E55DE1FAADC"
"items","Weapon_Staff_Crystal_Red","Weapon/Staff/Weapon_Staff_Crystal_Red","Server/Item/Items/Weapon/Staff/Weapon_Staff_Crystal_Red.json","1811","DC5BCDFB58C81F7F7DE4CDE9BE46A3C99ED576BBE8CC4DE284C86E31A53BC4FD"
"items","Weapon_Staff_Doomed","Weapon/Staff/Weapon_Staff_Doomed","Server/Item/Items/Weapon/Staff/Weapon_Staff_Doomed.json","1712","065C63D8295CB521E63CE33F4C0CFCD6481467B45890BA51D1F31EF97CE8A97E"
"items","Weapon_Staff_Frost","Weapon/Staff/Weapon_Staff_Frost","Server/Item/Items/Weapon/Staff/Weapon_Staff_Frost.json","2350","FB05A121FAC55E5BACE213B248FB9AC4833E57F8CA7CEF492E06B0374AE18D02"
"items","Weapon_Staff_Iron","Weapon/Staff/Weapon_Staff_Iron","Server/Item/Items/Weapon/Staff/Weapon_Staff_Iron.json","1646","4343AACE8D0D19E3367DF68C798CF4D4D7DD820F0DA0E527EC9966FCBBB3C8F9"
"items","Weapon_Staff_Mithril","Weapon/Staff/Weapon_Staff_Mithril","Server/Item/Items/Weapon/Staff/Weapon_Staff_Mithril.json","1659","5F17D9B8796F2A06231E63D16D6D663E3867809FC6141912E4381C9569A91A31"
"items","Weapon_Staff_Onion","Weapon/Staff/Weapon_Staff_Onion","Server/Item/Items/Weapon/Staff/Weapon_Staff_Onion.json","1706","368DD6C1E917A30D53401D728DB0668E9692B610A8B25AA4A4CD081ED823CC8E"
"items","Weapon_Staff_Onyxium","Weapon/Staff/Weapon_Staff_Onyxium","Server/Item/Items/Weapon/Staff/Weapon_Staff_Onyxium.json","1658","B341B0290A12C038581FBFA297CF5B4EDAAE5A0ADB29BF0073FB922F57AEEA5E"
"items","Weapon_Staff_Thorium","Weapon/Staff/Weapon_Staff_Thorium","Server/Item/Items/Weapon/Staff/Weapon_Staff_Thorium.json","1659","2876BF3AA8A4E570B47C8B453D3007BCE36F12528F5FF3FBDCFDD18A57FDD9B5"
"items","Weapon_Staff_Wizard","Weapon/Staff/Weapon_Staff_Wizard","Server/Item/Items/Weapon/Staff/Weapon_Staff_Wizard.json","1653","1616C7810C151110D3C1BD9540D2D2444BC582A68A3EDC5C459C37ED95AD72E2"
"items","Weapon_Staff_Wood","Weapon/Staff/Weapon_Staff_Wood","Server/Item/Items/Weapon/Staff/Weapon_Staff_Wood.json","1644","AAC54D9011FB88B398DA20EF1D3110237F31C08C5C233D15DC2607953B323873"
"items","Weapon_Staff_Wood_Kweebec","Weapon/Staff/Weapon_Staff_Wood_Kweebec","Server/Item/Items/Weapon/Staff/Weapon_Staff_Wood_Kweebec.json","1728","9332D3F78CBA88A914BAE2AAA9311ED218E30F705CDD94B7E33B9C3A7A6595E8"
"items","Weapon_Staff_Wood_Rotten","Weapon/Staff/Weapon_Staff_Wood_Rotten","Server/Item/Items/Weapon/Staff/Weapon_Staff_Wood_Rotten.json","1986","77ACBB0B24DE3F08FC1FCB5062425C61EDD4B3508513BDB9065C7742B18F72F7"
"items","Template_Weapon_Sword","Weapon/Sword/Template_Weapon_Sword","Server/Item/Items/Weapon/Sword/Template_Weapon_Sword.json","3010","31918F9174E4CCD461654EECD0D8E0D31E071D263978B1764951F4F54AB1A9D1"
"items","Weapon_Sword_Adamantite","Weapon/Sword/Weapon_Sword_Adamantite","Server/Item/Items/Weapon/Sword/Weapon_Sword_Adamantite.json","3935","D8A66B9ED32EFA3FC867C33849AB40D0ABF73D254829CE00A9DB9B232D1F90F2"
"items","Weapon_Sword_Bone","Weapon/Sword/Weapon_Sword_Bone","Server/Item/Items/Weapon/Sword/Weapon_Sword_Bone.json","3396","6601BE83EE1850B0DAD9160E0502812E964A9639F77D973501A68AD7C73D4555"
"items","Weapon_Sword_Bronze","Weapon/Sword/Weapon_Sword_Bronze","Server/Item/Items/Weapon/Sword/Weapon_Sword_Bronze.json","3336","A687F06EDC05485DB992480E269F047DEFF0DD24617AB562B9142D8CD8B81AB6"
"items","Weapon_Sword_Bronze_Ancient","Weapon/Sword/Weapon_Sword_Bronze_Ancient","Server/Item/Items/Weapon/Sword/Weapon_Sword_Bronze_Ancient.json","3368","73A6B5ECFC2F19371C2C5A3D4B0F773297646CA79AA60DC21852F14E130DE5F9"
"items","Weapon_Sword_Cobalt","Weapon/Sword/Weapon_Sword_Cobalt","Server/Item/Items/Weapon/Sword/Weapon_Sword_Cobalt.json","3944","3A36B8D7DA964A29A040770DA2FD3B27B175A9DBD4BA55A07B8CE95857D01803"
"items","Weapon_Sword_Copper","Weapon/Sword/Weapon_Sword_Copper","Server/Item/Items/Weapon/Sword/Weapon_Sword_Copper.json","3958","5B59FD19FC6BA0EF86220E5AF733983D5991FA21ADE7977341A0CCF96539E077"
"items","Weapon_Sword_Crude","Weapon/Sword/Weapon_Sword_Crude","Server/Item/Items/Weapon/Sword/Weapon_Sword_Crude.json","5763","3CACC9ACDB34C46F17951B973DC54EFAAEE64D5DC1C6C543F6A3987ED53581D3"
"items","Weapon_Sword_Cutlass","Weapon/Sword/Weapon_Sword_Cutlass","Server/Item/Items/Weapon/Sword/Weapon_Sword_Cutlass.json","319","B72C955ADE830D48924D89902AF4162658137FD0D44EF039A2A140C99540A635"
"items","Weapon_Sword_Doomed","Weapon/Sword/Weapon_Sword_Doomed","Server/Item/Items/Weapon/Sword/Weapon_Sword_Doomed.json","3412","6FDA5DFB5EA46D9821128E8AE8F5374C5ED3707AC32E1A6FB8BA15FEEB88B377"
"items","Weapon_Sword_Frost","Weapon/Sword/Weapon_Sword_Frost","Server/Item/Items/Weapon/Sword/Weapon_Sword_Frost.json","731","6DC1F8FC390C58C90EC549631C7A8D3B5DCBB29E5A4A33AC680343486D4AC679"
"items","Weapon_Sword_Iron","Weapon/Sword/Weapon_Sword_Iron","Server/Item/Items/Weapon/Sword/Weapon_Sword_Iron.json","3899","E307701BEAD3657CD83F879041CF27F34C04266E8F5A17126F27D3D1F3D50017"
"items","Weapon_Sword_Mithril","Weapon/Sword/Weapon_Sword_Mithril","Server/Item/Items/Weapon/Sword/Weapon_Sword_Mithril.json","4079","FF622AAC7A21A94900B3D3174610725589884A3ADDFE5770203C22620731A0DE"
"items","Weapon_Sword_Nexus","Weapon/Sword/Weapon_Sword_Nexus","Server/Item/Items/Weapon/Sword/Weapon_Sword_Nexus.json","330","537C9F57C763FF187FE2A0AD4AC3C1BF1E07F8B4BF4535DDD3139DA1A8E1E067"
"items","Weapon_Sword_Onyxium","Weapon/Sword/Weapon_Sword_Onyxium","Server/Item/Items/Weapon/Sword/Weapon_Sword_Onyxium.json","3392","743356FBEE9822DE596A6D0781CEBAD2D0C4268605A38B5B51F49E53A33C6FED"
"items","Weapon_Sword_Runic","Weapon/Sword/Weapon_Sword_Runic","Server/Item/Items/Weapon/Sword/Weapon_Sword_Runic.json","330","A5C494BC56A4F4C5463B2F876C88C2285E995DCEBD25F651360011DABA371F68"
"items","Weapon_Sword_Scrap","Weapon/Sword/Weapon_Sword_Scrap","Server/Item/Items/Weapon/Sword/Weapon_Sword_Scrap.json","6148","96B26DC622ADA949CB72BDA931D5EF009266B411DC5293A72A7A0AB57A401C6A"
"items","Weapon_Sword_Silversteel","Weapon/Sword/Weapon_Sword_Silversteel","Server/Item/Items/Weapon/Sword/Weapon_Sword_Silversteel.json","354","DE6C6FE0FA15725700E90B250CFF4DE542074D9710AACB32379693BDFAAFF616"
"items","Weapon_Sword_Steel","Weapon/Sword/Weapon_Sword_Steel","Server/Item/Items/Weapon/Sword/Weapon_Sword_Steel.json","332","AD16C2A0A7679967F47C3504C3AA985F80308F48DE187CAB6D7AAE3D77E8A26A"
"items","Weapon_Sword_Steel_Incandescent","Weapon/Sword/Weapon_Sword_Steel_Incandescent","Server/Item/Items/Weapon/Sword/Weapon_Sword_Steel_Incandescent.json","554","0050D50E9177A9F5DD519BBE98195AFED0E8B202902AA036D155F60025A689F1"
"items","Weapon_Sword_Steel_Rusty","Weapon/Sword/Weapon_Sword_Steel_Rusty","Server/Item/Items/Weapon/Sword/Weapon_Sword_Steel_Rusty.json","3463","9063A8B5D0FA2240D10B591045084EDE778646BB6B7810F4AE56D7B3C2E139DC"
"items","Weapon_Sword_Stone_Trork","Weapon/Sword/Weapon_Sword_Stone_Trork","Server/Item/Items/Weapon/Sword/Weapon_Sword_Stone_Trork.json","3416","70CDC55250794C01E8FBADCEBFE617AE97FE5F1DD044A1B8C516BEB7497C2D73"
"items","Weapon_Sword_Thorium","Weapon/Sword/Weapon_Sword_Thorium","Server/Item/Items/Weapon/Sword/Weapon_Sword_Thorium.json","3944","38C9343AEDE5B6864BF598B74585914AB008966A9141A28DBF54A55CA4EE78DA"
"items","Weapon_Sword_Wood","Weapon/Sword/Weapon_Sword_Wood","Server/Item/Items/Weapon/Sword/Weapon_Sword_Wood.json","325","D1C5D5D1C8F9FC8E7E29680874FACFE114375A5D0A2EEC66E60C162334C008D9"
"items","Weapon_Wand_Root","Weapon/Wand/Weapon_Wand_Root","Server/Item/Items/Weapon/Wand/Weapon_Wand_Root.json","929","D9F48EB80993FE5285C6F40C9D84DD8525F894F3BA1791B2DE16DB8CCBC60B48"
"items","Weapon_Wand_Stoneskin","Weapon/Wand/Weapon_Wand_Stoneskin","Server/Item/Items/Weapon/Wand/Weapon_Wand_Stoneskin.json","939","AF6913CFA4E083BC23DA4E1B2CE740BDF78049E07A107C5389957E7007ED9273"
"items","Weapon_Wand_Tribal","Weapon/Wand/Weapon_Wand_Tribal","Server/Item/Items/Weapon/Wand/Weapon_Wand_Tribal.json","3166","23F370F9DCF2D7EEBEECB16FFEEBD3123FA4E2FBC74DC1721DEB4B2916406451"
"items","Weapon_Wand_Wood","Weapon/Wand/Weapon_Wand_Wood","Server/Item/Items/Weapon/Wand/Weapon_Wand_Wood.json","3013","B276067C55A63D73EEB9D150EDB24A81D83C6F6D1DD137749FE1118FA0DB511B"
"items","Weapon_Wand_Wood_Rotten","Weapon/Wand/Weapon_Wand_Wood_Rotten","Server/Item/Items/Weapon/Wand/Weapon_Wand_Wood_Rotten.json","3026","9C935DBD2C118B43F6A41DA445FAF2C91C7EFAE8402269F47A3428CA5FAA5D7C"
"items","Wood_Amber_Branch_Corner","Wood/Amber/Wood_Amber_Branch_Corner","Server/Item/Items/Wood/Amber/Wood_Amber_Branch_Corner.json","520","0447198F6AC67607B93D7491C69C2E07D545327CF7B6E335D44E68414E2E5128"
"items","Wood_Amber_Branch_Long","Wood/Amber/Wood_Amber_Branch_Long","Server/Item/Items/Wood/Amber/Wood_Amber_Branch_Long.json","514","578BD8CB865091B568F214F9830DD1AE2BFBD1CEFD8A05DF1EA13D4844A31B78"
"items","Wood_Amber_Branch_Short","Wood/Amber/Wood_Amber_Branch_Short","Server/Item/Items/Wood/Amber/Wood_Amber_Branch_Short.json","517","A8E00F1AB1A05E99767659FF93F28EAE08CD071B2C2250C075D08891CA7E87B3"
"items","Wood_Amber_Roots","Wood/Amber/Wood_Amber_Roots","Server/Item/Items/Wood/Amber/Wood_Amber_Roots.json","1426","FF646ED1DBB44BAC273CBF10954C3B9EB612551CB47C81079E34F241A320846C"
"items","Wood_Amber_Trunk","Wood/Amber/Wood_Amber_Trunk","Server/Item/Items/Wood/Amber/Wood_Amber_Trunk.json","1017","57485B1A8DFD4BBA276B350BDF2354D05DA824B9357F088E4C2809A3552D16FA"
"items","Wood_Amber_Trunk_Full","Wood/Amber/Wood_Amber_Trunk_Full","Server/Item/Items/Wood/Amber/Wood_Amber_Trunk_Full.json","669","F72EE7B0F7FE157DB54B9634DC720936D74A998C099DCC49D9DAD3AA2C14DCAF"
"items","Wood_Amber_Trunk_Half","Wood/Amber/Wood_Amber_Trunk_Half","Server/Item/Items/Wood/Amber/Wood_Amber_Trunk_Half.json","2787","CFE0D669C7A622CB1AE57996D975EB7BA18896B8B3496FD67886F58538F0C5DC"
"items","Wood_Amber_Trunk_Stairs","Wood/Amber/Wood_Amber_Trunk_Stairs","Server/Item/Items/Wood/Amber/Wood_Amber_Trunk_Stairs.json","3963","69B6BF8D5039EE7FE8CC0183EABFE594373F68C9ADE681854C34B9117D5ED2CE"
"items","Wood_Apple_Branch_Corner","Wood/Apple/Wood_Apple_Branch_Corner","Server/Item/Items/Wood/Apple/Wood_Apple_Branch_Corner.json","770","952581CC59CA8B896F305B978233FF6B806F0A55915010498A1A963EC0EE58B6"
"items","Wood_Apple_Branch_Long","Wood/Apple/Wood_Apple_Branch_Long","Server/Item/Items/Wood/Apple/Wood_Apple_Branch_Long.json","722","CD24F5D963975B588DD4785F6F9AB4191D48859C26B84BF59CE7FE247B45A004"
"items","Wood_Apple_Branch_Short","Wood/Apple/Wood_Apple_Branch_Short","Server/Item/Items/Wood/Apple/Wood_Apple_Branch_Short.json","766","6E0DBCF113206A080863BF0EF0CB8ED2C32F140359EA2482E51737CD10CCEF34"
"items","Wood_Apple_Roots","Wood/Apple/Wood_Apple_Roots","Server/Item/Items/Wood/Apple/Wood_Apple_Roots.json","589","0B8EF5CD9020B268CBA7399025C80773948EF1333B16B549295C948D91AD7450"
"items","Wood_Apple_Trunk","Wood/Apple/Wood_Apple_Trunk","Server/Item/Items/Wood/Apple/Wood_Apple_Trunk.json","1168","8038D302F3F8BB37AFB2780E5F1849981F60D031D9A1F0E35E8DAB0733368B21"
"items","Wood_Apple_Trunk_Full","Wood/Apple/Wood_Apple_Trunk_Full","Server/Item/Items/Wood/Apple/Wood_Apple_Trunk_Full.json","700","4AD4E7ABA6073FCDAB8E4F504523B009427F38D9B24450856136D10C2895597D"
"items","Wood_Apple_Trunk_Half","Wood/Apple/Wood_Apple_Trunk_Half","Server/Item/Items/Wood/Apple/Wood_Apple_Trunk_Half.json","3164","83EF9AE06B6EA2DF40D9BDEC2B022302995CC2B9DC5B0A16644CC3811077550C"
"items","Wood_Apple_Trunk_Stairs","Wood/Apple/Wood_Apple_Trunk_Stairs","Server/Item/Items/Wood/Apple/Wood_Apple_Trunk_Stairs.json","3696","76E926590BA9CD8661396A1664B0E618060593CBA37B9E4EBF62E595DCBB18FD"
"items","Wood_Ash_Branch_Corner","Wood/Ash/Wood_Ash_Branch_Corner","Server/Item/Items/Wood/Ash/Wood_Ash_Branch_Corner.json","512","626D9ECA2B2CB9AA51BE718536B7AB25BEB8CAE579077A6930613934FA04E061"
"items","Wood_Ash_Branch_Long","Wood/Ash/Wood_Ash_Branch_Long","Server/Item/Items/Wood/Ash/Wood_Ash_Branch_Long.json","506","B622C54DF26280FC3D68706440A36556D26B0046A4CBAC68103BAB3A7F0A64CF"
"items","Wood_Ash_Branch_Short","Wood/Ash/Wood_Ash_Branch_Short","Server/Item/Items/Wood/Ash/Wood_Ash_Branch_Short.json","509","39F4F2EC0A9A623D9C8D065FF8A5A9F7A5D93E24F8FF4380DD9B2FCE69B82D6C"
"items","Wood_Ash_Roots","Wood/Ash/Wood_Ash_Roots","Server/Item/Items/Wood/Ash/Wood_Ash_Roots.json","1355","082729F69A52ED8D62EFFCAEB8DE81F970610C9DE1E90280D557E477FD4B2025"
"items","Wood_Ash_Trunk","Wood/Ash/Wood_Ash_Trunk","Server/Item/Items/Wood/Ash/Wood_Ash_Trunk.json","997","FD82848F318177348D7C4932706626BC0480204E716CE842781FDBAD13770962"
"items","Wood_Ash_Trunk_Full","Wood/Ash/Wood_Ash_Trunk_Full","Server/Item/Items/Wood/Ash/Wood_Ash_Trunk_Full.json","655","5D179D4F825E482762C4A5C83CC63C1664E70325206379750DCCB2C2F91E8880"
"items","Wood_Ash_Trunk_Half","Wood/Ash/Wood_Ash_Trunk_Half","Server/Item/Items/Wood/Ash/Wood_Ash_Trunk_Half.json","2767","494B3F1F0A780B032B01D7F0311BEE83B3015EAD159AC04B29020E0266A8BD04"
"items","Wood_Ash_Trunk_Stairs","Wood/Ash/Wood_Ash_Trunk_Stairs","Server/Item/Items/Wood/Ash/Wood_Ash_Trunk_Stairs.json","3941","CFCA4F6F62AA3B90056D2814316B16E0C70F546292BC9C9235394608AB242903"
"items","Wood_Aspen_Branch_Corner","Wood/Aspen/Wood_Aspen_Branch_Corner","Server/Item/Items/Wood/Aspen/Wood_Aspen_Branch_Corner.json","520","9A7634D35F275B66ED9E0B0486B4E19C911514B3F7FB2C1349205FCF277B4C11"
"items","Wood_Aspen_Branch_Long","Wood/Aspen/Wood_Aspen_Branch_Long","Server/Item/Items/Wood/Aspen/Wood_Aspen_Branch_Long.json","514","BD41CB4A1FA70CE1E83220673689B675A27562D3CC556722E42F42A4F37CB86A"
"items","Wood_Aspen_Branch_Short","Wood/Aspen/Wood_Aspen_Branch_Short","Server/Item/Items/Wood/Aspen/Wood_Aspen_Branch_Short.json","517","44ADA8250ED86A74CC6AF12E8E9A76221357CAA7472AE5425694E956412EBE62"
"items","Wood_Aspen_Roots","Wood/Aspen/Wood_Aspen_Roots","Server/Item/Items/Wood/Aspen/Wood_Aspen_Roots.json","1367","CDE40E7BA4873C266DC9E28809D92AC7A066C28D867A92D2A4642B0260F8DDB8"
"items","Wood_Aspen_Trunk","Wood/Aspen/Wood_Aspen_Trunk","Server/Item/Items/Wood/Aspen/Wood_Aspen_Trunk.json","1013","18CE40C24E6D55FE41513E7438FD7F6CC2FFE55DE0F32F5D11A6259642C485BB"
"items","Wood_Aspen_Trunk_Full","Wood/Aspen/Wood_Aspen_Trunk_Full","Server/Item/Items/Wood/Aspen/Wood_Aspen_Trunk_Full.json","669","D94D0DB651656F96591D3826DD7AB66EED6956F0006B1C27A43171BA888E108F"
"items","Wood_Aspen_Trunk_Half","Wood/Aspen/Wood_Aspen_Trunk_Half","Server/Item/Items/Wood/Aspen/Wood_Aspen_Trunk_Half.json","2787","E8742B59A485ADAF0A7D86E28F612ECA3D7ACAF07C08314B82C1733D041B8021"
"items","Wood_Aspen_Trunk_Stairs","Wood/Aspen/Wood_Aspen_Trunk_Stairs","Server/Item/Items/Wood/Aspen/Wood_Aspen_Trunk_Stairs.json","3963","915B627C40417447EEB77070625530DC143BDE89F1AE28CFADE170D88E9A2071"
"items","Wood_Azure_Branch_Corner","Wood/Azure/Wood_Azure_Branch_Corner","Server/Item/Items/Wood/Azure/Wood_Azure_Branch_Corner.json","520","D08640FBD9BE0414DC71D14B35956CAED249E061B00FE4C13A143982DD0180E4"
"items","Wood_Azure_Branch_Long","Wood/Azure/Wood_Azure_Branch_Long","Server/Item/Items/Wood/Azure/Wood_Azure_Branch_Long.json","514","7A76EF9D4FA5798DFB06F3FD2077C007B066119A3C8D45A6D3E54A63D42F4AF7"
"items","Wood_Azure_Branch_Short","Wood/Azure/Wood_Azure_Branch_Short","Server/Item/Items/Wood/Azure/Wood_Azure_Branch_Short.json","517","94CD3074A5D399B5D45065732850A6B551A7C483415024C881AB8E140BC262F8"
"items","Wood_Azure_Roots","Wood/Azure/Wood_Azure_Roots","Server/Item/Items/Wood/Azure/Wood_Azure_Roots.json","1367","586ED02EB0BF939EABAD28810C808F3A566B57651A0DA654EAA1E81DBAC95F5D"
"items","Wood_Azure_Trunk","Wood/Azure/Wood_Azure_Trunk","Server/Item/Items/Wood/Azure/Wood_Azure_Trunk.json","884","EA2D40F2242F27749B6109D26D47A29C7EA2E636F686C1691FB505C9B55BA7CC"
"items","Wood_Azure_Trunk_Full","Wood/Azure/Wood_Azure_Trunk_Full","Server/Item/Items/Wood/Azure/Wood_Azure_Trunk_Full.json","669","B085465057C93562CCB5397DAF609890BC988AF8364DA289FFFC720FF68FEA4E"
"items","Wood_Azure_Trunk_Half","Wood/Azure/Wood_Azure_Trunk_Half","Server/Item/Items/Wood/Azure/Wood_Azure_Trunk_Half.json","2789","39C87D51CBC08E3BFE661C73871E34426E663F6F58356D540CB811EA38D25C4F"
"items","Wood_Azure_Trunk_Stairs","Wood/Azure/Wood_Azure_Trunk_Stairs","Server/Item/Items/Wood/Azure/Wood_Azure_Trunk_Stairs.json","3965","4367457E2C7EE9879223C2BDA6EEC9A47EF276B424D9C5BEC38C5CAB41EAA43A"
"items","Wood_Bamboo_Branch_Corner","Wood/Bamboo/Wood_Bamboo_Branch_Corner","Server/Item/Items/Wood/Bamboo/Wood_Bamboo_Branch_Corner.json","679","D955EF62339F2AFEBEF48BA3E310A5BABA5BE57751663C4A58A26F19263CF445"
"items","Wood_Bamboo_Branch_Corner_Deco","Wood/Bamboo/Wood_Bamboo_Branch_Corner_Deco","Server/Item/Items/Wood/Bamboo/Wood_Bamboo_Branch_Corner_Deco.json","839","9AD38E46FCCD1B5A6B83C478AAE88A0E3D7639C2F8223D3099507C98863D2ADD"
"items","Wood_Bamboo_Branch_Long","Wood/Bamboo/Wood_Bamboo_Branch_Long","Server/Item/Items/Wood/Bamboo/Wood_Bamboo_Branch_Long.json","599","05C9D9DBF4960390DFE4CCB6AED0AA4B8C26955C4A48D70D97DF90ADAAB2FEF0"
"items","Wood_Bamboo_Branch_Long_Deco","Wood/Bamboo/Wood_Bamboo_Branch_Long_Deco","Server/Item/Items/Wood/Bamboo/Wood_Bamboo_Branch_Long_Deco.json","1007","095D351F36A10260B46188474C415E0A85CD7AD3B0EC6EA62817AB8FAADED77E"
"items","Wood_Bamboo_Branch_Short","Wood/Bamboo/Wood_Bamboo_Branch_Short","Server/Item/Items/Wood/Bamboo/Wood_Bamboo_Branch_Short.json","676","841C28722985742CB70BB786B7B3FDD5D0FE9851B72409DCE8BD1B6842076B7C"
"items","Wood_Bamboo_Branch_Short_Deco","Wood/Bamboo/Wood_Bamboo_Branch_Short_Deco","Server/Item/Items/Wood/Bamboo/Wood_Bamboo_Branch_Short_Deco.json","836","006568AE7E06D8B68E8C2482980F07648197AC1BC1F818BB02CA36FD5AB4F730"
"items","Wood_Bamboo_Roots","Wood/Bamboo/Wood_Bamboo_Roots","Server/Item/Items/Wood/Bamboo/Wood_Bamboo_Roots.json","1414","3EF57C7775C32166CC4408D295347B2E2286754900C34725A45338209A6454E5"
"items","Wood_Bamboo_Roots_Deco","Wood/Bamboo/Wood_Bamboo_Roots_Deco","Server/Item/Items/Wood/Bamboo/Wood_Bamboo_Roots_Deco.json","795","6A446F1C68794AED78B662FE9EDBEC15F5C03DE995E74D32DFF4B17E88F65BEF"
"items","Wood_Bamboo_Trunk","Wood/Bamboo/Wood_Bamboo_Trunk","Server/Item/Items/Wood/Bamboo/Wood_Bamboo_Trunk.json","1024","1E3D9D892E1A90241FDA051893F07AF3789DF856D2AEA51C089E5ED166B46D67"
"items","Wood_Bamboo_Trunk_Deco","Wood/Bamboo/Wood_Bamboo_Trunk_Deco","Server/Item/Items/Wood/Bamboo/Wood_Bamboo_Trunk_Deco.json","858","8B3B94F7042DCE4A1FB237B2786B0F80D27DD62A72788E74EEEF8004B7772B0E"
"items","Wood_Bamboo_Trunk_Full","Wood/Bamboo/Wood_Bamboo_Trunk_Full","Server/Item/Items/Wood/Bamboo/Wood_Bamboo_Trunk_Full.json","671","BE14CA37876EC72466C10C98D1F8C7F309A47C8F4ABEFBE61E90943EE332C51E"
"items","Wood_Bamboo_Trunk_Full_Deco","Wood/Bamboo/Wood_Bamboo_Trunk_Full_Deco","Server/Item/Items/Wood/Bamboo/Wood_Bamboo_Trunk_Full_Deco.json","870","AC6A59A40219F044B0B4C14D2CD8EB74A63124C226331C485868F83F2E69E78C"
"items","Wood_Bamboo_Trunk_Half","Wood/Bamboo/Wood_Bamboo_Trunk_Half","Server/Item/Items/Wood/Bamboo/Wood_Bamboo_Trunk_Half.json","2835","913D4D3F1988995D9FC8834491D12B7619FA238D976619A772B2D61CA92167B3"
"items","Wood_Bamboo_Trunk_Half_Deco","Wood/Bamboo/Wood_Bamboo_Trunk_Half_Deco","Server/Item/Items/Wood/Bamboo/Wood_Bamboo_Trunk_Half_Deco.json","2878","63C5CA931645788B6705293DC03768EB3680FD24C63CE6072C69FF1359B4AF21"
"items","Wood_Bamboo_Trunk_Stairs","Wood/Bamboo/Wood_Bamboo_Trunk_Stairs","Server/Item/Items/Wood/Bamboo/Wood_Bamboo_Trunk_Stairs.json","3949","7094E6C9153369CA8CF6F97BA0F8AD538CA3AE98BB554DC8D6A3ECC159383A0E"
"items","Wood_Bamboo_Trunk_Stairs_Deco","Wood/Bamboo/Wood_Bamboo_Trunk_Stairs_Deco","Server/Item/Items/Wood/Bamboo/Wood_Bamboo_Trunk_Stairs_Deco.json","3994","50D75DED2EB5AE82B244EDC18A308F62017A3DC998A26C7262855700D2EBAA7B"
"items","Wood_Banyan_Branch_Corner","Wood/Banyan/Wood_Banyan_Branch_Corner","Server/Item/Items/Wood/Banyan/Wood_Banyan_Branch_Corner.json","524","5E2513A7DA371F0484A44FD5E751E22BAF869B730187E9F01A86A0B978C4E9AC"
"items","Wood_Banyan_Branch_Long","Wood/Banyan/Wood_Banyan_Branch_Long","Server/Item/Items/Wood/Banyan/Wood_Banyan_Branch_Long.json","518","28B8FDC02A088618E8484828634AF4CB6B7824A507195F7B8CD35D2CB429787F"
"items","Wood_Banyan_Branch_Short","Wood/Banyan/Wood_Banyan_Branch_Short","Server/Item/Items/Wood/Banyan/Wood_Banyan_Branch_Short.json","521","6CF18F64FAFE2AEAC40CD710FF8EE2F2CC8AD5B31C7F9474851F6F7DE20320EF"
"items","Wood_Banyan_Roots","Wood/Banyan/Wood_Banyan_Roots","Server/Item/Items/Wood/Banyan/Wood_Banyan_Roots.json","1373","3D7E68C3AC845B7B22862EB84112395541D85E671AFD7FA243AA2B1A03246CC8"
"items","Wood_Banyan_Trunk","Wood/Banyan/Wood_Banyan_Trunk","Server/Item/Items/Wood/Banyan/Wood_Banyan_Trunk.json","1021","B966731E37CDCC40E2C62DCFA30C1E77C14D4137311B2761325446F04FD95316"
"items","Wood_Banyan_Trunk_Full","Wood/Banyan/Wood_Banyan_Trunk_Full","Server/Item/Items/Wood/Banyan/Wood_Banyan_Trunk_Full.json","676","A8E2F9D095C2EEDEF98AC272C0C6AF3D592D1172B0B785C4C4195AEC031CFEC1"
"items","Wood_Banyan_Trunk_Half","Wood/Banyan/Wood_Banyan_Trunk_Half","Server/Item/Items/Wood/Banyan/Wood_Banyan_Trunk_Half.json","2797","A41D159C5DA3C0CF498787034C9AFFCEDC2EC5ADFAA2D45DDFC78B541E0BC960"
"items","Wood_Banyan_Trunk_Stairs","Wood/Banyan/Wood_Banyan_Trunk_Stairs","Server/Item/Items/Wood/Banyan/Wood_Banyan_Trunk_Stairs.json","3974","8796F1769C5573BA6CD5224907F9A4A8A72D749289011654ACCBA54A8072ADFB"
"items","Prototype_Wood_Beech_Branch_Corner_Sideways","Wood/Beech/Prototype_Wood_Beech_Branch_Corner_Sideways","Server/Item/Items/Wood/Beech/Prototype_Wood_Beech_Branch_Corner_Sideways.json","2227","095E41B31B90897643E0BB2CD4F00D6D8F61947234E9E6679C958DEDBD1D18D0"
"items","Prototype_Wood_Beech_Branch_Five","Wood/Beech/Prototype_Wood_Beech_Branch_Five","Server/Item/Items/Wood/Beech/Prototype_Wood_Beech_Branch_Five.json","2194","D4483A105B304C308A7632C3DBC47596FBF9060C40105DF4A978BA1C0989DE1A"
"items","Prototype_Wood_Beech_Branch_Five_Sideways","Wood/Beech/Prototype_Wood_Beech_Branch_Five_Sideways","Server/Item/Items/Wood/Beech/Prototype_Wood_Beech_Branch_Five_Sideways.json","2221","04A4E0CF5BB1398C7083E91F4AB33D2960B15BAB534F9397D24EEC85D6F18934"
"items","Prototype_Wood_Beech_Branch_Four_Edge","Wood/Beech/Prototype_Wood_Beech_Branch_Four_Edge","Server/Item/Items/Wood/Beech/Prototype_Wood_Beech_Branch_Four_Edge.json","2209","C7B57319B16C3ABA1769EB1A9802E92D60B155E5DAFC1641D8E66308F707926A"
"items","Prototype_Wood_Beech_Branch_Four_Edge_Sideways","Wood/Beech/Prototype_Wood_Beech_Branch_Four_Edge_Sideways","Server/Item/Items/Wood/Beech/Prototype_Wood_Beech_Branch_Four_Edge_Sideways.json","2236","B902F6B86154603A79798E4147B9D94B643FF26725F6628B815DC6B245B150B7"
"items","Prototype_Wood_Beech_Branch_Fullsided","Wood/Beech/Prototype_Wood_Beech_Branch_Fullsided","Server/Item/Items/Wood/Beech/Prototype_Wood_Beech_Branch_Fullsided.json","2209","EA8314460410C8F48AE2228F11BB57D45FEC97353CBB51101F70CCDFC367F927"
"items","Prototype_Wood_Beech_Branch_Three_Corner","Wood/Beech/Prototype_Wood_Beech_Branch_Three_Corner","Server/Item/Items/Wood/Beech/Prototype_Wood_Beech_Branch_Three_Corner.json","2200","EF6AD770B175F4F98EECD7732A739B07C46C99A42D0CDA0381F287C5E44A2CD3"
"items","Prototype_Wood_Beech_Branch_Three_T","Wood/Beech/Prototype_Wood_Beech_Branch_Three_T","Server/Item/Items/Wood/Beech/Prototype_Wood_Beech_Branch_Three_T.json","2185","08E73104551A87A36C9CB42711584D87A489688EB4DDBDE4063C78B54119022D"
"items","Prototype_Wood_Beech_Branch_Three_T_Sideways","Wood/Beech/Prototype_Wood_Beech_Branch_Three_T_Sideways","Server/Item/Items/Wood/Beech/Prototype_Wood_Beech_Branch_Three_T_Sideways.json","2212","76B688458BCC79A984C9F7F2FBCC66AE81CA06F7CDC5BBB317C94B33DEE05740"
"items","Prototype_Wood_Beech_Branch_X","Wood/Beech/Prototype_Wood_Beech_Branch_X","Server/Item/Items/Wood/Beech/Prototype_Wood_Beech_Branch_X.json","2185","3525EEB3E85957AA74B888FD66872D8AB9C187AC8294BCA71A8E969CD5737A6D"
"items","Prototype_Wood_Beech_Branch_X_Sideways","Wood/Beech/Prototype_Wood_Beech_Branch_X_Sideways","Server/Item/Items/Wood/Beech/Prototype_Wood_Beech_Branch_X_Sideways.json","2212","4C7CDFE32C03FF722B168529706B3C1383F8D05C1883F4CF7F4B9E63389949EC"
"items","Wood_Beech_Branch_Corner","Wood/Beech/Wood_Beech_Branch_Corner","Server/Item/Items/Wood/Beech/Wood_Beech_Branch_Corner.json","520","55C2E0CBC1909CDEFE43DE063EFF2D6EFD1E1502F7EDC8709409E3151E57A2DC"
"items","Wood_Beech_Branch_Long","Wood/Beech/Wood_Beech_Branch_Long","Server/Item/Items/Wood/Beech/Wood_Beech_Branch_Long.json","514","4F46783BD0412D0C4964C2F20DB8CE73FC1B632BACB6927BDB50D65A9BD512C5"
"items","Wood_Beech_Branch_Short","Wood/Beech/Wood_Beech_Branch_Short","Server/Item/Items/Wood/Beech/Wood_Beech_Branch_Short.json","517","0878A96649D9A413C706CA5EBBFABAA7140523130985B27FFAAFB1232508F902"
"items","Wood_Beech_Roots","Wood/Beech/Wood_Beech_Roots","Server/Item/Items/Wood/Beech/Wood_Beech_Roots.json","1367","7EEB407A3C1E1933CD619C4014BB46A594B7751BF27588A51EC1E2D153F27893"
"items","Wood_Beech_Trunk","Wood/Beech/Wood_Beech_Trunk","Server/Item/Items/Wood/Beech/Wood_Beech_Trunk.json","1013","66DBAC4B6E7F7A793C07F189A97470A29288CBF43339E853A24D9DD4C3137019"
"items","Wood_Beech_Trunk_Full","Wood/Beech/Wood_Beech_Trunk_Full","Server/Item/Items/Wood/Beech/Wood_Beech_Trunk_Full.json","669","58B503AADF1FFE4FE2AEAF2D836D88B95F73CA23A015A2F893A985C5EDF7D72F"
"items","Wood_Beech_Trunk_Half","Wood/Beech/Wood_Beech_Trunk_Half","Server/Item/Items/Wood/Beech/Wood_Beech_Trunk_Half.json","2787","DCEC76624A27FE1E85F4CBC1EEED75C94A9E706F4F0C0C396529B183A3136141"
"items","Wood_Beech_Trunk_Stairs","Wood/Beech/Wood_Beech_Trunk_Stairs","Server/Item/Items/Wood/Beech/Wood_Beech_Trunk_Stairs.json","3963","99F708E0056689F0B7002CDFC0291A056F7EA4D5573C6023B6F898041CB89F93"
"items","Wood_Birch_Branch_Corner","Wood/Birch/Wood_Birch_Branch_Corner","Server/Item/Items/Wood/Birch/Wood_Birch_Branch_Corner.json","520","8C1040FBBA2D905C71635EDFC61988E501F098611AF2A2A491250BB24B18C98C"
"items","Wood_Birch_Branch_Long","Wood/Birch/Wood_Birch_Branch_Long","Server/Item/Items/Wood/Birch/Wood_Birch_Branch_Long.json","514","A452765F4D13006EC42AF3B13A67E2095937A900C117FF571F249550C3E04BC0"
"items","Wood_Birch_Branch_Short","Wood/Birch/Wood_Birch_Branch_Short","Server/Item/Items/Wood/Birch/Wood_Birch_Branch_Short.json","517","7820F0C5B71C2F813697A4F007740459B5E7A591121509E7B35B03B47F3621E6"
"items","Wood_Birch_Roots","Wood/Birch/Wood_Birch_Roots","Server/Item/Items/Wood/Birch/Wood_Birch_Roots.json","1367","66CABA26A731C5472B7CA23021488C09F26859E81B6B61D87E54B601B8628C74"
"items","Wood_Birch_Trunk","Wood/Birch/Wood_Birch_Trunk","Server/Item/Items/Wood/Birch/Wood_Birch_Trunk.json","1015","E996A636173F73B49A7E7991D88D1AEB6DF756BC0F588656B7C291ECB944C12D"
"items","Wood_Birch_Trunk_Full","Wood/Birch/Wood_Birch_Trunk_Full","Server/Item/Items/Wood/Birch/Wood_Birch_Trunk_Full.json","669","F3A0E100741EC8E90238522BB2A0CE9AF24137CA537B7ED359E2F6B29CBB1FEC"
"items","Wood_Birch_Trunk_Half","Wood/Birch/Wood_Birch_Trunk_Half","Server/Item/Items/Wood/Birch/Wood_Birch_Trunk_Half.json","2787","6F2C788E0E1157DAA6F3F020921FE3025DC4DC1AE469B34CFE2C89A48AB02E31"
"items","Wood_Birch_Trunk_Stairs","Wood/Birch/Wood_Birch_Trunk_Stairs","Server/Item/Items/Wood/Birch/Wood_Birch_Trunk_Stairs.json","3963","B09162D30F566EFF55E3B5034CA869BD0D5858C9EF6281E1E7C2C9A6119F4E7B"
"items","Prototype_Wood_Blackwood_Fence_Platform","Wood/Blackwood/Prototype_Wood_Blackwood_Fence_Platform","Server/Item/Items/Wood/Blackwood/Prototype_Wood_Blackwood_Fence_Platform.json","945","17052375F29ECE58510C00BF1EE7B3B9C4077B2001C07DB3F4F752E5418469AE"
"items","Wood_Blackwood_Beam","Wood/Blackwood/Wood_Blackwood_Beam","Server/Item/Items/Wood/Blackwood/Wood_Blackwood_Beam.json","859","92550D72413D71E9BE9A837F861FC4B7F90DD3B18FA9BB134B39EEE5F1753111"
"items","Wood_Blackwood_Decorative","Wood/Blackwood/Wood_Blackwood_Decorative","Server/Item/Items/Wood/Blackwood/Wood_Blackwood_Decorative.json","909","F10AE0FFAACAB3AE82F4A3CB2932EA682EB772BE5417D35E9F3896A61C14EF20"
"items","Wood_Blackwood_Fence","Wood/Blackwood/Wood_Blackwood_Fence","Server/Item/Items/Wood/Blackwood/Wood_Blackwood_Fence.json","2050","F45C94C1A529641674DE572DD16E3430E539E0150FBFFEC904EBA3F28F8F982F"
"items","Wood_Blackwood_Fence_Gate","Wood/Blackwood/Wood_Blackwood_Fence_Gate","Server/Item/Items/Wood/Blackwood/Wood_Blackwood_Fence_Gate.json","2526","187C37E7AEF597F14D19325B26E92F1A9F3088FEAAFCBEEC5C8E696600A6E7E9"
"items","Wood_Blackwood_Ornate","Wood/Blackwood/Wood_Blackwood_Ornate","Server/Item/Items/Wood/Blackwood/Wood_Blackwood_Ornate.json","817","94F20C99D398FDF87F590C146CC14A269E3A0073DD8107D247C41408A4321B97"
"items","Wood_Blackwood_Planks","Wood/Blackwood/Wood_Blackwood_Planks","Server/Item/Items/Wood/Blackwood/Wood_Blackwood_Planks.json","1071","A2D401B83665AF1CF46FC6F9E3D9A461A94BF6970E9A7CCF69D3FE7870A4BDF6"
"items","Wood_Blackwood_Planks_Half","Wood/Blackwood/Wood_Blackwood_Planks_Half","Server/Item/Items/Wood/Blackwood/Wood_Blackwood_Planks_Half.json","2351","B9ECB3B6244FA357E82B28CCB16E1DD96C1AA177BA3B0290C155991331F36C72"
"items","Wood_Blackwood_Roof","Wood/Blackwood/Wood_Blackwood_Roof","Server/Item/Items/Wood/Blackwood/Wood_Blackwood_Roof.json","5462","AABDBB8BCCE58BDC7A653629E63CC2E2A4D13A5A3BD7A889CF495C987622BB70"
"items","Wood_Blackwood_Roof_Flat","Wood/Blackwood/Wood_Blackwood_Roof_Flat","Server/Item/Items/Wood/Blackwood/Wood_Blackwood_Roof_Flat.json","1230","6F35D2BEB080164BBB501AF09608017E7739AD279BE1C476F8008BADD04B70F1"
"items","Wood_Blackwood_Roof_Hollow","Wood/Blackwood/Wood_Blackwood_Roof_Hollow","Server/Item/Items/Wood/Blackwood/Wood_Blackwood_Roof_Hollow.json","4108","C50326311AF0E93952FF8F6CD85D72F874F62D39477DCC80A5D6495510B56BF9"
"items","Wood_Blackwood_Roof_Shallow","Wood/Blackwood/Wood_Blackwood_Roof_Shallow","Server/Item/Items/Wood/Blackwood/Wood_Blackwood_Roof_Shallow.json","3613","48DC59751397A0AB86A35E617BE40F135692DEA1C67A8CD356EDC964098F9151"
"items","Wood_Blackwood_Roof_Steep","Wood/Blackwood/Wood_Blackwood_Roof_Steep","Server/Item/Items/Wood/Blackwood/Wood_Blackwood_Roof_Steep.json","3363","22FF10370EE5D782B492AD83689FDA5753DB1E722423393F4F9CC39866626718"
"items","Wood_Blackwood_Stairs","Wood/Blackwood/Wood_Blackwood_Stairs","Server/Item/Items/Wood/Blackwood/Wood_Blackwood_Stairs.json","3206","DCCD199FD0BF284743A6804D46BEAB2A55BE61E9E1F10911267F8CC7A6D3F915"
"items","Wood_Bottletree_Branch_Corner","Wood/Bottletree/Wood_Bottletree_Branch_Corner","Server/Item/Items/Wood/Bottletree/Wood_Bottletree_Branch_Corner.json","536","A6624470A1F85D10A89C0154A5D3270C453C333124A148FB8B572B42BF60842B"
"items","Wood_Bottletree_Branch_Long","Wood/Bottletree/Wood_Bottletree_Branch_Long","Server/Item/Items/Wood/Bottletree/Wood_Bottletree_Branch_Long.json","530","ECDE170711309B21A1C0AEE37E659679D280878BFDF68F4D1000F73FAE35B2CB"
"items","Wood_Bottletree_Branch_Short","Wood/Bottletree/Wood_Bottletree_Branch_Short","Server/Item/Items/Wood/Bottletree/Wood_Bottletree_Branch_Short.json","533","CA5175DF2012FD8D39371385159B569C35852C8C3778A7923575871B05ADDE43"
"items","Wood_Bottletree_Roots","Wood/Bottletree/Wood_Bottletree_Roots","Server/Item/Items/Wood/Bottletree/Wood_Bottletree_Roots.json","1393","4E2B502C89EEFA6A0D92544AB48EB94E45AD89CF442C58C2074A255921F9B891"
"items","Wood_Bottletree_Trunk","Wood/Bottletree/Wood_Bottletree_Trunk","Server/Item/Items/Wood/Bottletree/Wood_Bottletree_Trunk.json","1043","40BF9BF24AD8D087E4AE48C23605FEF9B7A63AB5A28BDE105B178DFE8AABAAAE"
"items","Wood_Bottletree_Trunk_Full","Wood/Bottletree/Wood_Bottletree_Trunk_Full","Server/Item/Items/Wood/Bottletree/Wood_Bottletree_Trunk_Full.json","696","25D562A7A49029FD1F5AE25E76A60E35802AF1CB2EEBB9FFEDFF8267A7580AE2"
"items","Wood_Bottletree_Trunk_Half","Wood/Bottletree/Wood_Bottletree_Trunk_Half","Server/Item/Items/Wood/Bottletree/Wood_Bottletree_Trunk_Half.json","2829","E9437412EF7876F56BB7920DBFCA633BFB1D43041FE7B4ACA634FBF2B0CAA981"
"items","Wood_Bottletree_Trunk_Stairs","Wood/Bottletree/Wood_Bottletree_Trunk_Stairs","Server/Item/Items/Wood/Bottletree/Wood_Bottletree_Trunk_Stairs.json","3998","4F51ED2BD970DC148233B5AFFA6F7A62D782B8AB6577CE671F7E729ECB1AE792"
"items","Wood_Burnt_Branch_Corner","Wood/Burnt/Wood_Burnt_Branch_Corner","Server/Item/Items/Wood/Burnt/Wood_Burnt_Branch_Corner.json","676","CCB2A0EF26FC30DC33853ADDCEA48F2FEA8B9B311BCD07D8D480B73A5F7BAFBA"
"items","Wood_Burnt_Branch_Long","Wood/Burnt/Wood_Burnt_Branch_Long","Server/Item/Items/Wood/Burnt/Wood_Burnt_Branch_Long.json","670","20C2CC0D83EE79103C202534FAE87E03381F07BC0318CD2D20631CEC00C83CDB"
"items","Wood_Burnt_Branch_Short","Wood/Burnt/Wood_Burnt_Branch_Short","Server/Item/Items/Wood/Burnt/Wood_Burnt_Branch_Short.json","673","6E48AFCDD1794F6355130C02E4E5AFFEB3195E887F801E1FC8B7B10AE682BFA7"
"items","Wood_Burnt_Roots","Wood/Burnt/Wood_Burnt_Roots","Server/Item/Items/Wood/Burnt/Wood_Burnt_Roots.json","1367","267157491F469D67C59984DA8ADE9EB56D3C013512A0A7DF7C7FE361B56DE4D9"
"items","Wood_Burnt_Trunk","Wood/Burnt/Wood_Burnt_Trunk","Server/Item/Items/Wood/Burnt/Wood_Burnt_Trunk.json","1132","5185A6B97223189A801D536F701D45705ED1380023E200E99A825AF109A113F0"
"items","Wood_Burnt_Trunk_Full","Wood/Burnt/Wood_Burnt_Trunk_Full","Server/Item/Items/Wood/Burnt/Wood_Burnt_Trunk_Full.json","664","A08A61F2A345D7959A52C400A88BD7C04E19EF8CC9AF7303F7A2B6B5654AF2AF"
"items","Wood_Burnt_Trunk_Half","Wood/Burnt/Wood_Burnt_Trunk_Half","Server/Item/Items/Wood/Burnt/Wood_Burnt_Trunk_Half.json","2787","54C83538D04800213303674D17BC4618443F27BFB672DFCFDDA0DABA4A69E0C5"
"items","Wood_Burnt_Trunk_Stairs","Wood/Burnt/Wood_Burnt_Trunk_Stairs","Server/Item/Items/Wood/Burnt/Wood_Burnt_Trunk_Stairs.json","3963","48482A12CDB0401B79B05596B5A9F85A236331B109AA5FFC2F7B88FD7C227095"
"items","Wood_Camphor_Branch_Corner","Wood/Camphor/Wood_Camphor_Branch_Corner","Server/Item/Items/Wood/Camphor/Wood_Camphor_Branch_Corner.json","528","50DF3E9133B021687535CAC7322B01C64436C0445FEEB00B89AB9B767D2DB81A"
"items","Wood_Camphor_Branch_Long","Wood/Camphor/Wood_Camphor_Branch_Long","Server/Item/Items/Wood/Camphor/Wood_Camphor_Branch_Long.json","522","4C19F476B4E8A37CED765B0675338736DDFE5BD5816C3A7FEBD80FB4BFFF3E37"
"items","Wood_Camphor_Branch_Short","Wood/Camphor/Wood_Camphor_Branch_Short","Server/Item/Items/Wood/Camphor/Wood_Camphor_Branch_Short.json","525","E5FF0E22782A6337A84FA41BB6CDC05F1D8B1078034943B1BE625976DE33056F"
"items","Wood_Camphor_Roots","Wood/Camphor/Wood_Camphor_Roots","Server/Item/Items/Wood/Camphor/Wood_Camphor_Roots.json","1379","B9D5FBFD4455EE1B962CBC9DC88B0A151D1184878FC704E33672B6A493E8E9C6"
"items","Wood_Camphor_Trunk","Wood/Camphor/Wood_Camphor_Trunk","Server/Item/Items/Wood/Camphor/Wood_Camphor_Trunk.json","1026","7593E48DA08F54B82AAE6C5BA79C061AB1ECF74E8EAC9B4E97B05D160A2809C1"
"items","Wood_Camphor_Trunk_Full","Wood/Camphor/Wood_Camphor_Trunk_Full","Server/Item/Items/Wood/Camphor/Wood_Camphor_Trunk_Full.json","678","D11679CC9C00079F0E9BE3AB640503239B36F49D7BD2C25C8037A22E7E6183CD"
"items","Wood_Camphor_Trunk_Half","Wood/Camphor/Wood_Camphor_Trunk_Half","Server/Item/Items/Wood/Camphor/Wood_Camphor_Trunk_Half.json","2807","241DF3549A5608B87FF3A34E9B3F68633F9C5ECD20CAFED97DA8A0EBDEB89530"
"items","Wood_Camphor_Trunk_Stairs","Wood/Camphor/Wood_Camphor_Trunk_Stairs","Server/Item/Items/Wood/Camphor/Wood_Camphor_Trunk_Stairs.json","3985","4182D37C07425D2EBAD81BDC301870C813B4DF0863207728437D8DAC6C429924"
"items","Wood_Cedar_Branch_Corner","Wood/Cedar/Wood_Cedar_Branch_Corner","Server/Item/Items/Wood/Cedar/Wood_Cedar_Branch_Corner.json","520","148CF6B7FDC2E463E968C58052207782FAF0BD3C125E919DA669FA5B64FB42EC"
"items","Wood_Cedar_Branch_Long","Wood/Cedar/Wood_Cedar_Branch_Long","Server/Item/Items/Wood/Cedar/Wood_Cedar_Branch_Long.json","514","6837A7DEC00E06928FCEE632804107A5262DE4D4C9BD033331424533EF2508A0"
"items","Wood_Cedar_Branch_Short","Wood/Cedar/Wood_Cedar_Branch_Short","Server/Item/Items/Wood/Cedar/Wood_Cedar_Branch_Short.json","517","3CE5A91C70D7B5B51AF5E871C8149843F471D90F7A382D2DA5001EC8AA2676B4"
"items","Wood_Cedar_Roots","Wood/Cedar/Wood_Cedar_Roots","Server/Item/Items/Wood/Cedar/Wood_Cedar_Roots.json","1367","357FD41151C07F96A67EED3EF9FC54E698174876E32FE846D79BBB54147902C5"
"items","Wood_Cedar_Trunk","Wood/Cedar/Wood_Cedar_Trunk","Server/Item/Items/Wood/Cedar/Wood_Cedar_Trunk.json","1008","9741C544FC7176F95BFE5EE0285945D204169E7C41AD42B8E4E31946E3798139"
"items","Wood_Cedar_Trunk_Full","Wood/Cedar/Wood_Cedar_Trunk_Full","Server/Item/Items/Wood/Cedar/Wood_Cedar_Trunk_Full.json","664","3AF2EB1767C67D4DC60FDFB163263B6FCE8E4D65E84256BB85E6AD50B0449292"
"items","Wood_Cedar_Trunk_Half","Wood/Cedar/Wood_Cedar_Trunk_Half","Server/Item/Items/Wood/Cedar/Wood_Cedar_Trunk_Half.json","2787","44D9AEF398D5713A670B80E2ED5434A6B517FAB822CCA5687942411537606F5B"
"items","Wood_Cedar_Trunk_Stairs","Wood/Cedar/Wood_Cedar_Trunk_Stairs","Server/Item/Items/Wood/Cedar/Wood_Cedar_Trunk_Stairs.json","3963","28ABFC91F375097F1EDE24747DD44F49575F3BA62273312A6C1DEC5D7EE4FA7A"
"items","Wood_Crystal_Branch_Corner","Wood/Crystal/Wood_Crystal_Branch_Corner","Server/Item/Items/Wood/Crystal/Wood_Crystal_Branch_Corner.json","528","FFEDC3EFAF1C5A17DEBE48ED4961FDC1F9AAD005C3994100BB855425D40DF29A"
"items","Wood_Crystal_Branch_Long","Wood/Crystal/Wood_Crystal_Branch_Long","Server/Item/Items/Wood/Crystal/Wood_Crystal_Branch_Long.json","522","B77A4F51C1075506E41D9E8FA2229B4F271CDD5AA77D4EB01323B6B33C091E0D"
"items","Wood_Crystal_Branch_Short","Wood/Crystal/Wood_Crystal_Branch_Short","Server/Item/Items/Wood/Crystal/Wood_Crystal_Branch_Short.json","525","91D9A269531887AED3FEEADFF7D161B3A5497A32DCD7E198E7C2E7D0350FEF2A"
"items","Wood_Crystal_Roots","Wood/Crystal/Wood_Crystal_Roots","Server/Item/Items/Wood/Crystal/Wood_Crystal_Roots.json","1379","A717AD215FBE2DCDC60DD58868B7A3499180897C1A64DC1EB36542FE3B622F9A"
"items","Wood_Crystal_Trunk","Wood/Crystal/Wood_Crystal_Trunk","Server/Item/Items/Wood/Crystal/Wood_Crystal_Trunk.json","893","7AE62B8214ECA423DAE9C4F33C113CA526C751E4C6098F5CBA02150ED4876157"
"items","Wood_Crystal_Trunk_Full","Wood/Crystal/Wood_Crystal_Trunk_Full","Server/Item/Items/Wood/Crystal/Wood_Crystal_Trunk_Full.json","678","42CEFB3DA65B3BF8C352440EDCA012ACB04ED8C00249F0A197061FF12E16041F"
"items","Wood_Crystal_Trunk_Half","Wood/Crystal/Wood_Crystal_Trunk_Half","Server/Item/Items/Wood/Crystal/Wood_Crystal_Trunk_Half.json","2809","6FFF186A978A6E4AD383932D5974197E40BA15A4BCCBC1E85E37D6046E7DA4A3"
"items","Wood_Crystal_Trunk_Stairs","Wood/Crystal/Wood_Crystal_Trunk_Stairs","Server/Item/Items/Wood/Crystal/Wood_Crystal_Trunk_Stairs.json","3987","6B18B2DEB84FDB4B27B5A7FFA37D3E4EF8735B7E61F6AEBF98361BF39795A6CE"
"items","Prototype_Wood_Darkwood_Fence_Platform","Wood/Darkwood/Prototype_Wood_Darkwood_Fence_Platform","Server/Item/Items/Wood/Darkwood/Prototype_Wood_Darkwood_Fence_Platform.json","939","B7AE4074D7C2A614C5241CFA3A0086E9C7D33C2490829456DEB0D7EC10851090"
"items","Wood_Darkwood_Beam","Wood/Darkwood/Wood_Darkwood_Beam","Server/Item/Items/Wood/Darkwood/Wood_Darkwood_Beam.json","853","A718E46077A0E5C8B41A5E196FC5C1761B954D57EB3293FD811D3AAE8BD96CCD"
"items","Wood_Darkwood_Decorative","Wood/Darkwood/Wood_Darkwood_Decorative","Server/Item/Items/Wood/Darkwood/Wood_Darkwood_Decorative.json","1031","BB383E42F46FEDADC13A7B5A363E46139A641545B689BDF03954456F03EB7181"
"items","Wood_Darkwood_Fence","Wood/Darkwood/Wood_Darkwood_Fence","Server/Item/Items/Wood/Darkwood/Wood_Darkwood_Fence.json","2034","866CADA28471D47D5E440717F2D97EC0F52D225B3DD903758D67C0C1FAAAF450"
"items","Wood_Darkwood_Fence_Gate","Wood/Darkwood/Wood_Darkwood_Fence_Gate","Server/Item/Items/Wood/Darkwood/Wood_Darkwood_Fence_Gate.json","2515","C928F59D5D008BE2FFD53B4121BD315999588B5F8A8BFFB4484E2BA179D4E044"
"items","Wood_Darkwood_Ornate","Wood/Darkwood/Wood_Darkwood_Ornate","Server/Item/Items/Wood/Darkwood/Wood_Darkwood_Ornate.json","810","7BF42D7B5958A57316B3C5361ABDAB72CBFBBED45694A735E20E32009762CC09"
"items","Wood_Darkwood_Planks","Wood/Darkwood/Wood_Darkwood_Planks","Server/Item/Items/Wood/Darkwood/Wood_Darkwood_Planks.json","1077","17A6D2BA8CF85A1262543AFD0E1EDE676F5DA7AFA81A098E319EAA6F7FA1D942"
"items","Wood_Darkwood_Planks_Half","Wood/Darkwood/Wood_Darkwood_Planks_Half","Server/Item/Items/Wood/Darkwood/Wood_Darkwood_Planks_Half.json","2352","37DEE93283B71016782D091DD2519A93F9800D75C859B6544CBD6C7D6D0071E4"
"items","Wood_Darkwood_Roof","Wood/Darkwood/Wood_Darkwood_Roof","Server/Item/Items/Wood/Darkwood/Wood_Darkwood_Roof.json","3911","2A8844B87827F0D058E69C5F4E03FE9879B160BA4439F6D664858C84E2D05A00"
"items","Wood_Darkwood_Roof_Flat","Wood/Darkwood/Wood_Darkwood_Roof_Flat","Server/Item/Items/Wood/Darkwood/Wood_Darkwood_Roof_Flat.json","1109","063FA62C4FC1BD7BC0860D4F14142A4D900B5A49CADAF435293EC7239CA45CDF"
"items","Wood_Darkwood_Roof_Hollow","Wood/Darkwood/Wood_Darkwood_Roof_Hollow","Server/Item/Items/Wood/Darkwood/Wood_Darkwood_Roof_Hollow.json","3254","CCD65883194A264F658E2F7CEADE281201B16BF1C5040A4504E5239A6937CCF0"
"items","Wood_Darkwood_Roof_Shallow","Wood/Darkwood/Wood_Darkwood_Roof_Shallow","Server/Item/Items/Wood/Darkwood/Wood_Darkwood_Roof_Shallow.json","3491","D2CF3F04D3D822516D324A15A458C87A091547995C39EC5C3D4209C0B40B6F72"
"items","Wood_Darkwood_Roof_Steep","Wood/Darkwood/Wood_Darkwood_Roof_Steep","Server/Item/Items/Wood/Darkwood/Wood_Darkwood_Roof_Steep.json","2877","52BD4DFA853272826B4B3F833D51B0D7737E1F81349C0731D23FD9297D186CDB"
"items","Wood_Darkwood_Stairs","Wood/Darkwood/Wood_Darkwood_Stairs","Server/Item/Items/Wood/Darkwood/Wood_Darkwood_Stairs.json","3232","52B1D44752501D3A6CF6A55A2C410CB59778482FFFEFE2664BBD6C1FE299BF77"
"items","Prototype_Wood_Deadwood_Fence_Platform","Wood/Deadwood/Prototype_Wood_Deadwood_Fence_Platform","Server/Item/Items/Wood/Deadwood/Prototype_Wood_Deadwood_Fence_Platform.json","942","BF1203394E39B4AB3492C2382758B463C0215AEC592FCEE5F921B9CDA41D5600"
"items","Wood_Deadwood_Beam","Wood/Deadwood/Wood_Deadwood_Beam","Server/Item/Items/Wood/Deadwood/Wood_Deadwood_Beam.json","853","7C7B41D55C2D1A09629EDB66C8878760FA1F9D247873881C0B72DE718192FDAF"
"items","Wood_Deadwood_Decorative","Wood/Deadwood/Wood_Deadwood_Decorative","Server/Item/Items/Wood/Deadwood/Wood_Deadwood_Decorative.json","826","51DF6126B958BD624BADCA07956917A812934788CC32735275A6D444F31A47CF"
"items","Wood_Deadwood_Fence","Wood/Deadwood/Wood_Deadwood_Fence","Server/Item/Items/Wood/Deadwood/Wood_Deadwood_Fence.json","2034","E6FFB9C46C1AAD5C217C4804C3291409DD8869B819FDF2A6F2DDF5F3962481DE"
"items","Wood_Deadwood_Fence_Gate","Wood/Deadwood/Wood_Deadwood_Fence_Gate","Server/Item/Items/Wood/Deadwood/Wood_Deadwood_Fence_Gate.json","2515","1EFE51E2E55FF737AACDB294EB70DEC61573E8C2C43AA293708A19B89F9DF5F2"
"items","Wood_Deadwood_Ornate","Wood/Deadwood/Wood_Deadwood_Ornate","Server/Item/Items/Wood/Deadwood/Wood_Deadwood_Ornate.json","810","AC84E0243AB019E4316C70095882BEB20A12345E29B86057558F00FD66DCA0BE"
"items","Wood_Deadwood_Planks","Wood/Deadwood/Wood_Deadwood_Planks","Server/Item/Items/Wood/Deadwood/Wood_Deadwood_Planks.json","1131","BB295535E5EEED3098979F81B5B4E2271C307514B14018A85493C58AAF69C8C1"
"items","Wood_Deadwood_Planks_Half","Wood/Deadwood/Wood_Deadwood_Planks_Half","Server/Item/Items/Wood/Deadwood/Wood_Deadwood_Planks_Half.json","2342","457F6962FE0961877201AB3AC3944DC8B56A07D7009575D7C0272D169F9A31A7"
"items","Wood_Deadwood_Roof","Wood/Deadwood/Wood_Deadwood_Roof","Server/Item/Items/Wood/Deadwood/Wood_Deadwood_Roof.json","3871","DDCD21513EF0AC8CDA09417AF543D51BF41F5C7E57DDB6F8A0730D7D7A25E1EF"
"items","Wood_Deadwood_Roof_Flat","Wood/Deadwood/Wood_Deadwood_Roof_Flat","Server/Item/Items/Wood/Deadwood/Wood_Deadwood_Roof_Flat.json","1017","A8086FBF2E7D397494B28984CD8FD529C40DE1AE6FFDFF8241BBB16B7C5D9E64"
"items","Wood_Deadwood_Roof_Hollow","Wood/Deadwood/Wood_Deadwood_Roof_Hollow","Server/Item/Items/Wood/Deadwood/Wood_Deadwood_Roof_Hollow.json","3227","20058E6A3AA99129F64F3F4369BA777EEDBBC73725189BE9488098C776ECA807"
"items","Wood_Deadwood_Roof_Shallow","Wood/Deadwood/Wood_Deadwood_Roof_Shallow","Server/Item/Items/Wood/Deadwood/Wood_Deadwood_Roof_Shallow.json","3593","4378D6E3A518934FD622F717085FF5DF68737EA9DBC1BB5DC88455463C6257DD"
"items","Wood_Deadwood_Roof_Steep","Wood/Deadwood/Wood_Deadwood_Roof_Steep","Server/Item/Items/Wood/Deadwood/Wood_Deadwood_Roof_Steep.json","2979","2A2E0B3753F21D428CE8715A31CED70B44700F26EDED5CF49599475730285332"
"items","Wood_Deadwood_Stairs","Wood/Deadwood/Wood_Deadwood_Stairs","Server/Item/Items/Wood/Deadwood/Wood_Deadwood_Stairs.json","3199","61A201F95DE752CC6CF1FC244D9077A5B7AA8C99647E7D7197403D8F507EB398"
"items","Wood_Dry_Branch_Corner","Wood/Dry/Wood_Dry_Branch_Corner","Server/Item/Items/Wood/Dry/Wood_Dry_Branch_Corner.json","512","7289686715B697B5000F0FFCF7478D5B53B500460F07890D467996F7EEC44DF0"
"items","Wood_Dry_Branch_Long","Wood/Dry/Wood_Dry_Branch_Long","Server/Item/Items/Wood/Dry/Wood_Dry_Branch_Long.json","506","261710C4D590FAD40CA599D3FD732802A685CCEB0963CA976601C950041514B6"
"items","Wood_Dry_Branch_Short","Wood/Dry/Wood_Dry_Branch_Short","Server/Item/Items/Wood/Dry/Wood_Dry_Branch_Short.json","509","CA5D967EF39D173753C1F4670AE3679464079EF94480B2F54A8DC1AF08376FBA"
"items","Wood_Dry_Roots","Wood/Dry/Wood_Dry_Roots","Server/Item/Items/Wood/Dry/Wood_Dry_Roots.json","1320","45D9A2061EA3396A8C8300F4C97344F3876BBE43E570BF53B163925394F214AA"
"items","Wood_Dry_Trunk","Wood/Dry/Wood_Dry_Trunk","Server/Item/Items/Wood/Dry/Wood_Dry_Trunk.json","990","279DCA935D2230BEFA6C4E4AA5C684B2D4691088FF2B8877DEE63FFF6AD695AF"
"items","Wood_Dry_Trunk_Full","Wood/Dry/Wood_Dry_Trunk_Full","Server/Item/Items/Wood/Dry/Wood_Dry_Trunk_Full.json","650","ABCD2D8943B40F7165BCABE2ABB95CB1249DB456D3A910D71695C07C9D389D47"
"items","Wood_Dry_Trunk_Half","Wood/Dry/Wood_Dry_Trunk_Half","Server/Item/Items/Wood/Dry/Wood_Dry_Trunk_Half.json","2767","11D2C88E577C5CF93FF3CEEC8D4EADA81D2ECFA849BBE6A55694C3644FCE20DE"
"items","Wood_Dry_Trunk_Stairs","Wood/Dry/Wood_Dry_Trunk_Stairs","Server/Item/Items/Wood/Dry/Wood_Dry_Trunk_Stairs.json","3941","306EABACF0D270316E6E8955060FDBB2C36D95C857BD43AA1232001566441DE0"
"items","Prototype_Wood_Drywood_Fence_Platform","Wood/Drywood/Prototype_Wood_Drywood_Fence_Platform","Server/Item/Items/Wood/Drywood/Prototype_Wood_Drywood_Fence_Platform.json","894","701D82C3179039C9CE041E22BA280586F27BAF3B3C2B58C00B0BD80F9248E1FC"
"items","Wood_Drywood_Beam","Wood/Drywood/Wood_Drywood_Beam","Server/Item/Items/Wood/Drywood/Wood_Drywood_Beam.json","758","7FFEDDF668C8674AE0EC8C70790E494661977D3E11FD61C0715AAE71E11967A3"
"items","Wood_Drywood_Decorative","Wood/Drywood/Wood_Drywood_Decorative","Server/Item/Items/Wood/Drywood/Wood_Drywood_Decorative.json","836","2325622219D5CA65310735D735CF4FC24630A8B5BFE6A9CBE4068D82098AA9F1"
"items","Wood_Drywood_Fence","Wood/Drywood/Wood_Drywood_Fence","Server/Item/Items/Wood/Drywood/Wood_Drywood_Fence.json","1929","5E01A0F6A6263ABB879A3CB2492D87EB3812F49B77C6278C8C461B55AA0C1C1A"
"items","Wood_Drywood_Fence_Gate","Wood/Drywood/Wood_Drywood_Fence_Gate","Server/Item/Items/Wood/Drywood/Wood_Drywood_Fence_Gate.json","2504","F25F501C535196FC5182FB0D778C2EAA1D7E296466EB2075261AB12D399F6F28"
"items","Wood_Drywood_Ornate","Wood/Drywood/Wood_Drywood_Ornate","Server/Item/Items/Wood/Drywood/Wood_Drywood_Ornate.json","746","BBA5EC6B0861649718497EFB610C1BF434E6B3DDA0F07863CB1B4D8DF7EF741B"
"items","Wood_Drywood_Planks","Wood/Drywood/Wood_Drywood_Planks","Server/Item/Items/Wood/Drywood/Wood_Drywood_Planks.json","968","23F81269089551BC27AAF296C2480126C6AFE90AEA5BE223A787233E60AFBD9A"
"items","Wood_Drywood_Planks_Half","Wood/Drywood/Wood_Drywood_Planks_Half","Server/Item/Items/Wood/Drywood/Wood_Drywood_Planks_Half.json","2254","704CA4C33E9A933074A16DF331076E48FA2314F3D18A7C03AE604D5E90DC7F04"
"items","Wood_Drywood_Roof","Wood/Drywood/Wood_Drywood_Roof","Server/Item/Items/Wood/Drywood/Wood_Drywood_Roof.json","3809","E16F82DC90EAD98A2CE99224D3FBE5BBBDCA8F976FFF359CFD6D1B547E59DDDC"
"items","Wood_Drywood_Roof_Flat","Wood/Drywood/Wood_Drywood_Roof_Flat","Server/Item/Items/Wood/Drywood/Wood_Drywood_Roof_Flat.json","1064","1A6DB1C9D9BAF5972524CE7E79DAAA259E3C42207356D973E2AFD10BBC62F13E"
"items","Wood_Drywood_Roof_Hollow","Wood/Drywood/Wood_Drywood_Roof_Hollow","Server/Item/Items/Wood/Drywood/Wood_Drywood_Roof_Hollow.json","3204","29B9B0093B9FFE9C1D967865853A9FDA8613BC71C13D5B8C2A5123B34064F316"
"items","Wood_Drywood_Roof_Shallow","Wood/Drywood/Wood_Drywood_Roof_Shallow","Server/Item/Items/Wood/Drywood/Wood_Drywood_Roof_Shallow.json","3445","ABD7B099F48505BA968A827F606B9DF02D36461F60624C0910BB92BFB00B6E54"
"items","Wood_Drywood_Roof_Steep","Wood/Drywood/Wood_Drywood_Roof_Steep","Server/Item/Items/Wood/Drywood/Wood_Drywood_Roof_Steep.json","2831","82B69CC1151B49675FE1B3DDB1880E66CCCF0CC8A44642CBF90608434C36535C"
"items","Wood_Drywood_Stairs","Wood/Drywood/Wood_Drywood_Stairs","Server/Item/Items/Wood/Drywood/Wood_Drywood_Stairs.json","3153","6AC103BA7B58378B262209A7E33373E3500640D5C2D9036607B7587D1F9AFA55"
"items","Wood_Fig_Blue_Branch_Corner","Wood/Fig_Blue/Wood_Fig_Blue_Branch_Corner","Server/Item/Items/Wood/Fig_Blue/Wood_Fig_Blue_Branch_Corner.json","532","5BC55126F80D2C0F3EB8D17912B86E51726AF678FC44AA373BF1A91C04DF78A7"
"items","Wood_Fig_Blue_Branch_Long","Wood/Fig_Blue/Wood_Fig_Blue_Branch_Long","Server/Item/Items/Wood/Fig_Blue/Wood_Fig_Blue_Branch_Long.json","526","5C166F005C007E4B0882C92708AB9A403C0BA5C9D9731F1DFB2599DDE9DFF46A"
"items","Wood_Fig_Blue_Branch_Short","Wood/Fig_Blue/Wood_Fig_Blue_Branch_Short","Server/Item/Items/Wood/Fig_Blue/Wood_Fig_Blue_Branch_Short.json","529","3E81E9D4862980A6812090E726FA319C3A05CAFAA299A14F4C16AF9266943029"
"items","Wood_Fig_Blue_Roots","Wood/Fig_Blue/Wood_Fig_Blue_Roots","Server/Item/Items/Wood/Fig_Blue/Wood_Fig_Blue_Roots.json","1404","025331932A8268210D91BD343FA69DF728841AB56849616A14734AC51C127909"
"items","Wood_Fig_Blue_Trunk","Wood/Fig_Blue/Wood_Fig_Blue_Trunk","Server/Item/Items/Wood/Fig_Blue/Wood_Fig_Blue_Trunk.json","1035","0396D0D90462A49AD9F5528E5C63329F6C98CAFD93A32E9280DC4BBA1F51BBA9"
"items","Wood_Fig_Blue_Trunk_Full","Wood/Fig_Blue/Wood_Fig_Blue_Trunk_Full","Server/Item/Items/Wood/Fig_Blue/Wood_Fig_Blue_Trunk_Full.json","690","B3278B4925F1D2AA9DD58AEC09A9D01734951DDF483867FF4771A8456D75DDAD"
"items","Wood_Fig_Blue_Trunk_Half","Wood/Fig_Blue/Wood_Fig_Blue_Trunk_Half","Server/Item/Items/Wood/Fig_Blue/Wood_Fig_Blue_Trunk_Half.json","2817","12FB5CF9E6B85E47674C8D60554693F91C61CDF864FEA7E35FAF2AC4F64C6752"
"items","Wood_Fig_Blue_Trunk_Stairs","Wood/Fig_Blue/Wood_Fig_Blue_Trunk_Stairs","Server/Item/Items/Wood/Fig_Blue/Wood_Fig_Blue_Trunk_Stairs.json","3996","541E248622D9E68FDBDB5C84BF1E2ECC60FB10EC4BED7BC209D36DB934FE6926"
"items","Wood_Fir_Branch_Corner","Wood/Fir/Wood_Fir_Branch_Corner","Server/Item/Items/Wood/Fir/Wood_Fir_Branch_Corner.json","515","E2810648EAD48069E3EB555BDFE3BAEA671A75C325258934AA92953721D9040D"
"items","Wood_Fir_Branch_Long","Wood/Fir/Wood_Fir_Branch_Long","Server/Item/Items/Wood/Fir/Wood_Fir_Branch_Long.json","509","807F468279ED1008B59D25AF1F58E39A9F020EE3E892CDA22678418B3E2505D2"
"items","Wood_Fir_Branch_Short","Wood/Fir/Wood_Fir_Branch_Short","Server/Item/Items/Wood/Fir/Wood_Fir_Branch_Short.json","512","B9602915412ABEA6AC0D98846C15D485D553171FE94DD7FF7B80F09CE4D200E9"
"items","Wood_Fir_Roots","Wood/Fir/Wood_Fir_Roots","Server/Item/Items/Wood/Fir/Wood_Fir_Roots.json","1358","362B43CF42489BD097A05DC792E2731B6F6D40F9808DEA38922833AB729C6A2B"
"items","Wood_Fir_Trunk","Wood/Fir/Wood_Fir_Trunk","Server/Item/Items/Wood/Fir/Wood_Fir_Trunk.json","997","06E2BAFF31FC41E8B484C4D937726F23F55A8ABCCC5A959ECFAF7053086DDABF"
"items","Wood_Fir_Trunk_Full","Wood/Fir/Wood_Fir_Trunk_Full","Server/Item/Items/Wood/Fir/Wood_Fir_Trunk_Full.json","655","8B9E234AEF532F79FCA0B2C58713BBBB78BE7CFE5C4259C9B27649863B24309F"
"items","Wood_Fir_Trunk_Half","Wood/Fir/Wood_Fir_Trunk_Half","Server/Item/Items/Wood/Fir/Wood_Fir_Trunk_Half.json","2767","396082EBF219859937335BD66EB3CF084B085C1E6D2B2452A629BD8C4284BBA4"
"items","Wood_Fir_Trunk_Stairs","Wood/Fir/Wood_Fir_Trunk_Stairs","Server/Item/Items/Wood/Fir/Wood_Fir_Trunk_Stairs.json","3941","E1A7DC9CB478DBE927E95F487F5FD124071B8085E6632A82755DF8149B9B5979"
"items","Wood_Fire_Branch_Corner","Wood/Fire/Wood_Fire_Branch_Corner","Server/Item/Items/Wood/Fire/Wood_Fire_Branch_Corner.json","516","C1FB5134EF241BAA0A2BF97EACE302E6A9CDDCB68B9B92BB265426B87BE8E5F5"
"items","Wood_Fire_Branch_Long","Wood/Fire/Wood_Fire_Branch_Long","Server/Item/Items/Wood/Fire/Wood_Fire_Branch_Long.json","510","CEDEA89809FC6FBE7698745B19EE1EF40C9D2E52662D123713179B4B9C8298C4"
"items","Wood_Fire_Branch_Short","Wood/Fire/Wood_Fire_Branch_Short","Server/Item/Items/Wood/Fire/Wood_Fire_Branch_Short.json","513","B054EE12C6505BF529D89ABC1C09FAF24403D4787526BF9E89A35F429609B59D"
"items","Wood_Fire_Roots","Wood/Fire/Wood_Fire_Roots","Server/Item/Items/Wood/Fire/Wood_Fire_Roots.json","1360","91126ACDC42DDB24790D2733C4FACC68C7F232589D17F2E9D03F151A6877D42D"
"items","Wood_Fire_Trunk","Wood/Fire/Wood_Fire_Trunk","Server/Item/Items/Wood/Fire/Wood_Fire_Trunk.json","1002","8BD1568F239C8B0D87EE0E580919400BD97150DB4993AC0FA0414F9DCF5844EA"
"items","Wood_Fire_Trunk_Full","Wood/Fire/Wood_Fire_Trunk_Full","Server/Item/Items/Wood/Fire/Wood_Fire_Trunk_Full.json","657","E07064600116CAD2DB17ECBAC9B9023A1E91C1B5B8187CEA8CFF004CE8E2DF69"
"items","Wood_Fire_Trunk_Half","Wood/Fire/Wood_Fire_Trunk_Half","Server/Item/Items/Wood/Fire/Wood_Fire_Trunk_Half.json","2777","70BD2B00F9D47A409E9ECF96965086666923AAC21D68C8856077DF33773D8E8B"
"items","Wood_Fire_Trunk_Stairs","Wood/Fire/Wood_Fire_Trunk_Stairs","Server/Item/Items/Wood/Fire/Wood_Fire_Trunk_Stairs.json","3952","DB746AD51F38CB080D92F993843A678E36296AE8CBF6BC201E498E76F634918A"
"items","Wood_Gnarled_Roots","Wood/Gnarled/Wood_Gnarled_Roots","Server/Item/Items/Wood/Gnarled/Wood_Gnarled_Roots.json","1439","449B2AB7D0E4085CF9E1B23AA2B7C8B7AF93110590D3B6B645C9B7928220C26A"
"items","Prototype_Wood_Goldenwood_Fence_Platform","Wood/Goldenwood/Prototype_Wood_Goldenwood_Fence_Platform","Server/Item/Items/Wood/Goldenwood/Prototype_Wood_Goldenwood_Fence_Platform.json","986","A1B886391C0BA010C1D6E34F658A2C189A59BC606083BCD658161914BBAF41B9"
"items","Wood_Goldenwood_Beam","Wood/Goldenwood/Wood_Goldenwood_Beam","Server/Item/Items/Wood/Goldenwood/Wood_Goldenwood_Beam.json","863","C2B5311BC3A1DE851E9D34897D49C49E7D1BC96661E3E752458438A622315B0F"
"items","Wood_Goldenwood_Decorative","Wood/Goldenwood/Wood_Goldenwood_Decorative","Server/Item/Items/Wood/Goldenwood/Wood_Goldenwood_Decorative.json","912","B01F3309498A476BCE0E0F1B912A547C6B41E0D997B9AE3FA98918CC9573ECB4"
"items","Wood_Goldenwood_Fence","Wood/Goldenwood/Wood_Goldenwood_Fence","Server/Item/Items/Wood/Goldenwood/Wood_Goldenwood_Fence.json","2150","A9FC3A5F7F3EC4619CC8435D8083755FEB4CEDEEDB0E14A30FA4B007BAF0C67C"
"items","Wood_Goldenwood_Fence_Gate","Wood/Goldenwood/Wood_Goldenwood_Fence_Gate","Server/Item/Items/Wood/Goldenwood/Wood_Goldenwood_Fence_Gate.json","2618","34EC837B93B75FA27A9ED536CBB8C0CBED6A8665A3FA9C895D96786BE4C64E4C"
"items","Wood_Goldenwood_Ornate","Wood/Goldenwood/Wood_Goldenwood_Ornate","Server/Item/Items/Wood/Goldenwood/Wood_Goldenwood_Ornate.json","824","BBF29BE3AAED638301FF2AC5E7B899B2837AD41B4B3EB378162A138AFDF81D18"
"items","Wood_Goldenwood_Planks","Wood/Goldenwood/Wood_Goldenwood_Planks","Server/Item/Items/Wood/Goldenwood/Wood_Goldenwood_Planks.json","1078","0111A77D40EDBA8C21BADACAA6FED8F55B4750503AF65A29939370012C93F878"
"items","Wood_Goldenwood_Planks_Half","Wood/Goldenwood/Wood_Goldenwood_Planks_Half","Server/Item/Items/Wood/Goldenwood/Wood_Goldenwood_Planks_Half.json","2370","E4399A91BD951A6FDC4B1F698245CA969991C00DB1192FBD04CCA4DE0024FED3"
"items","Wood_Goldenwood_Roof","Wood/Goldenwood/Wood_Goldenwood_Roof","Server/Item/Items/Wood/Goldenwood/Wood_Goldenwood_Roof.json","3937","A9E8C5234B996AC5F5D5DE668703AFE4C4879730A9F6DB42F5FD29FE132B7BC7"
"items","Wood_Goldenwood_Roof_Flat","Wood/Goldenwood/Wood_Goldenwood_Roof_Flat","Server/Item/Items/Wood/Goldenwood/Wood_Goldenwood_Roof_Flat.json","1121","1269ABD189D4A95821DAF5176E960EF05B390F3682857788BF8DFB616BBEB30B"
"items","Wood_Goldenwood_Roof_Hollow","Wood/Goldenwood/Wood_Goldenwood_Roof_Hollow","Server/Item/Items/Wood/Goldenwood/Wood_Goldenwood_Roof_Hollow.json","3276","0C9FC3D7B3869CCE5E046872D124B3C5CBD7334D2449A66D654455D450437AC3"
"items","Wood_Goldenwood_Roof_Shallow","Wood/Goldenwood/Wood_Goldenwood_Roof_Shallow","Server/Item/Items/Wood/Goldenwood/Wood_Goldenwood_Roof_Shallow.json","3505","8C9AAB1078F0A6A3E3F6A54CEE7D4A1740C38A64F8D5EBFF88A564E307272BFF"
"items","Wood_Goldenwood_Roof_Steep","Wood/Goldenwood/Wood_Goldenwood_Roof_Steep","Server/Item/Items/Wood/Goldenwood/Wood_Goldenwood_Roof_Steep.json","2891","4872F4F8715D99C23C45AF34B68E5CB49CD01D571C353C56EBB92B1C35322741"
"items","Wood_Goldenwood_Stairs","Wood/Goldenwood/Wood_Goldenwood_Stairs","Server/Item/Items/Wood/Goldenwood/Wood_Goldenwood_Stairs.json","3213","51755D44166EBB64722E0C68E409AC3E7ED4312BF5CC4FEE6B0BE0341A47A698"
"items","Prototype_Wood_Greenwood_Fence_Platform","Wood/Greenwood/Prototype_Wood_Greenwood_Fence_Platform","Server/Item/Items/Wood/Greenwood/Prototype_Wood_Greenwood_Fence_Platform.json","980","573E69659E2880BC236838B2396DC4D7203DEAAD7BBDF32F99525D0F4621633E"
"items","Wood_Greenwood_Beam","Wood/Greenwood/Wood_Greenwood_Beam","Server/Item/Items/Wood/Greenwood/Wood_Greenwood_Beam.json","859","A17F6F5C7E28623B061C26FE7428748D4E3CD8D87981A87D60A3E3DB7512D8FD"
"items","Wood_Greenwood_Decorative","Wood/Greenwood/Wood_Greenwood_Decorative","Server/Item/Items/Wood/Greenwood/Wood_Greenwood_Decorative.json","833","AF91BF24D9CE60BD03DD6880737EA0B03FF3089BFFFC76D098B210A99DD89393"
"items","Wood_Greenwood_Fence","Wood/Greenwood/Wood_Greenwood_Fence","Server/Item/Items/Wood/Greenwood/Wood_Greenwood_Fence.json","2050","02A9C7C450CE7077E3270DA0652FFABABFB18B17CA9B5F13CF44DE70AE4D6A8D"
"items","Wood_Greenwood_Fence_Gate","Wood/Greenwood/Wood_Greenwood_Fence_Gate","Server/Item/Items/Wood/Greenwood/Wood_Greenwood_Fence_Gate.json","2526","FE1C826C76FD838E985E7C9B6A00E33C562F825213567016D09290B62D3B0753"
"items","Wood_Greenwood_Ornate","Wood/Greenwood/Wood_Greenwood_Ornate","Server/Item/Items/Wood/Greenwood/Wood_Greenwood_Ornate.json","817","AD553B956BC7E8AC889F1A9A6D875FC2D81CC2D7A7515C6965C636C41F50DD1E"
"items","Wood_Greenwood_Planks","Wood/Greenwood/Wood_Greenwood_Planks","Server/Item/Items/Wood/Greenwood/Wood_Greenwood_Planks.json","1009","928BF2BD014A96456950FCE20FE871B84E597DA460F4BFEF5EFE1766D2A644EA"
"items","Wood_Greenwood_Planks_Half","Wood/Greenwood/Wood_Greenwood_Planks_Half","Server/Item/Items/Wood/Greenwood/Wood_Greenwood_Planks_Half.json","2329","F6676BBF9B0C5719EBE955CAA6FFAD23EE0004193CF683339E71A41FF3F40D5D"
"items","Wood_Greenwood_Roof","Wood/Greenwood/Wood_Greenwood_Roof","Server/Item/Items/Wood/Greenwood/Wood_Greenwood_Roof.json","3959","53CC6F085A53DC5CF7EFAC36E88E426F9BCF4E7CC6D6DBC5F63E5BF32FD30084"
"items","Wood_Greenwood_Roof_Flat","Wood/Greenwood/Wood_Greenwood_Roof_Flat","Server/Item/Items/Wood/Greenwood/Wood_Greenwood_Roof_Flat.json","1125","0D6E490F08D9F4441F85F69FA81FBD2ABDE8444AFA1E7D1AB21B574860B02DAF"
"items","Wood_Greenwood_Roof_Hollow","Wood/Greenwood/Wood_Greenwood_Roof_Hollow","Server/Item/Items/Wood/Greenwood/Wood_Greenwood_Roof_Hollow.json","3322","C2EFB79B9E9A16BA4A6F0DCA9AEE61E7A0E7284E18D2BAAE67539227D42DA94B"
"items","Wood_Greenwood_Roof_Shallow","Wood/Greenwood/Wood_Greenwood_Roof_Shallow","Server/Item/Items/Wood/Greenwood/Wood_Greenwood_Roof_Shallow.json","3528","B6EA26C03FD212EA7859176E65B3E8D542EB8097461CDE18162B58CABE2C78FD"
"items","Wood_Greenwood_Roof_Steep","Wood/Greenwood/Wood_Greenwood_Roof_Steep","Server/Item/Items/Wood/Greenwood/Wood_Greenwood_Roof_Steep.json","3066","F4499D9D74839592870E95D9648E4BB675109758DBE4F1237938F704282C403E"
"items","Wood_Greenwood_Stairs","Wood/Greenwood/Wood_Greenwood_Stairs","Server/Item/Items/Wood/Greenwood/Wood_Greenwood_Stairs.json","3206","0749D566AA06E16BEC6738E530651953639F753585D5EC290DE04BE51F9C8301"
"items","Wood_Gumboab_Branch_Corner","Wood/Gumboab/Wood_Gumboab_Branch_Corner","Server/Item/Items/Wood/Gumboab/Wood_Gumboab_Branch_Corner.json","528","C92C3C5BE622A04B998A7FE53F869C8947D3D167B58B6EB915ECC2D7992D3426"
"items","Wood_Gumboab_Branch_Long","Wood/Gumboab/Wood_Gumboab_Branch_Long","Server/Item/Items/Wood/Gumboab/Wood_Gumboab_Branch_Long.json","522","9681ED9D9F198E6BDA3EBBDDEE1A21101AE6DBDF9942C03D7B784123610F5467"
"items","Wood_Gumboab_Branch_Short","Wood/Gumboab/Wood_Gumboab_Branch_Short","Server/Item/Items/Wood/Gumboab/Wood_Gumboab_Branch_Short.json","525","007A3482EAC9ED846A235E9D209E901047D37C61C8A00C1D006E1B6DA21FCB1A"
"items","Wood_Gumboab_Roots","Wood/Gumboab/Wood_Gumboab_Roots","Server/Item/Items/Wood/Gumboab/Wood_Gumboab_Roots.json","1379","2709EF2B662B4AE896BC613D25EB156847ED133B0691E669BCDDE88336A6709E"
"items","Wood_Gumboab_Trunk","Wood/Gumboab/Wood_Gumboab_Trunk","Server/Item/Items/Wood/Gumboab/Wood_Gumboab_Trunk.json","1031","846CCF2F9B3C009515A1DB67A56E925F0F2F07C6FD20A8E707ACEB343A7391BA"
"items","Wood_Gumboab_Trunk_Full","Wood/Gumboab/Wood_Gumboab_Trunk_Full","Server/Item/Items/Wood/Gumboab/Wood_Gumboab_Trunk_Full.json","683","20FD93ECDB9FF35A76F73561CAECB329E2F995BD2EA2BD7B7FD3B4DBF3DF546C"
"items","Wood_Gumboab_Trunk_Half","Wood/Gumboab/Wood_Gumboab_Trunk_Half","Server/Item/Items/Wood/Gumboab/Wood_Gumboab_Trunk_Half.json","2807","07731968BEE73747B5A5AA71ED79516C80C1CE2F38894901E5E4CCBD50026FC6"
"items","Wood_Gumboab_Trunk_Stairs","Wood/Gumboab/Wood_Gumboab_Trunk_Stairs","Server/Item/Items/Wood/Gumboab/Wood_Gumboab_Trunk_Stairs.json","3985","C76E9401DF88B48EB4A113CF9E3CC672ED7877B9D61976BDDF42848ABF5E8ABB"
"items","Prototype_Wood_Hardwood_Fence_Platform","Wood/Hardwood/Prototype_Wood_Hardwood_Fence_Platform","Server/Item/Items/Wood/Hardwood/Prototype_Wood_Hardwood_Fence_Platform.json","940","E35B3A91A683B7F7212C24F6028AAC71D2B81E76051237DE6072CD959DC22257"
"items","Wood_Hardwood_Beam","Wood/Hardwood/Wood_Hardwood_Beam","Server/Item/Items/Wood/Hardwood/Wood_Hardwood_Beam.json","853","262DC146CDF07A482EBD2A9123E9E48E5E38933990377DD160A1D93B4C07210B"
"items","Wood_Hardwood_Decorative","Wood/Hardwood/Wood_Hardwood_Decorative","Server/Item/Items/Wood/Hardwood/Wood_Hardwood_Decorative.json","1056","F38AA6DBF005FB3D8402A76B9277B0DC8B889E796C1FFD66F4778A697335422A"
"items","Wood_Hardwood_Fence","Wood/Hardwood/Wood_Hardwood_Fence","Server/Item/Items/Wood/Hardwood/Wood_Hardwood_Fence.json","2035","F3DC3BEF1C38AED71FB5C4AC4ECB744B028BC5AF11E75599EF98C91C890CF163"
"items","Wood_Hardwood_Fence_Gate","Wood/Hardwood/Wood_Hardwood_Fence_Gate","Server/Item/Items/Wood/Hardwood/Wood_Hardwood_Fence_Gate.json","2515","3D7C3DE2B3E76D764A5D89A7DF49C274DF34283BE370FD37F4C62E065E241343"
"items","Wood_Hardwood_Ornate","Wood/Hardwood/Wood_Hardwood_Ornate","Server/Item/Items/Wood/Hardwood/Wood_Hardwood_Ornate.json","1036","4253D1B101CDBA16FF2B2571E2B9A6959BD2EC0ECDF548509C223B8B949C3011"
"items","Wood_Hardwood_Planks","Wood/Hardwood/Wood_Hardwood_Planks","Server/Item/Items/Wood/Hardwood/Wood_Hardwood_Planks.json","1235","37F3683ACBC08240BE272210C19434FD76D1C218406B05CA7707BCB0AB6BEC9D"
"items","Wood_Hardwood_Planks_Half","Wood/Hardwood/Wood_Hardwood_Planks_Half","Server/Item/Items/Wood/Hardwood/Wood_Hardwood_Planks_Half.json","2497","5DCAC08139DEE5A75A1487496F4B0CC83119D83FD3A7443274A331B89944F70E"
"items","Wood_Hardwood_Roof","Wood/Hardwood/Wood_Hardwood_Roof","Server/Item/Items/Wood/Hardwood/Wood_Hardwood_Roof.json","3911","83151550553FFC80D4D06F9D86F663B102143D9C7677A3F692DBF213DC0B70A3"
"items","Wood_Hardwood_Roof_Flat","Wood/Hardwood/Wood_Hardwood_Roof_Flat","Server/Item/Items/Wood/Hardwood/Wood_Hardwood_Roof_Flat.json","1109","BE851EAE2F70A3DD33B7688BA2AB815A361EE8B11653616CBE1363C7E54AF729"
"items","Wood_Hardwood_Roof_Hollow","Wood/Hardwood/Wood_Hardwood_Roof_Hollow","Server/Item/Items/Wood/Hardwood/Wood_Hardwood_Roof_Hollow.json","3254","4D167AB8B8F3F08026F1BAD1054082E6CD799CBC615F9D5D17FCC7210C281FD2"
"items","Wood_Hardwood_Roof_Shallow","Wood/Hardwood/Wood_Hardwood_Roof_Shallow","Server/Item/Items/Wood/Hardwood/Wood_Hardwood_Roof_Shallow.json","3491","7F6C4A75E810F5079F919CA027AEA901ACB6D615876C9E59F92060A1784FF5EB"
"items","Wood_Hardwood_Roof_Steep","Wood/Hardwood/Wood_Hardwood_Roof_Steep","Server/Item/Items/Wood/Hardwood/Wood_Hardwood_Roof_Steep.json","2877","AF7F1C8846407432B5F5A6D6396545E5716F481D89964934002B277895C91891"
"items","Wood_Hardwood_Stairs","Wood/Hardwood/Wood_Hardwood_Stairs","Server/Item/Items/Wood/Hardwood/Wood_Hardwood_Stairs.json","3354","D1DF5A57638DB52501304A29972DB54119539D59ABDEA2D01817963D5D1A3248"
"items","Wood_Ice_Branch_Corner","Wood/Ice/Wood_Ice_Branch_Corner","Server/Item/Items/Wood/Ice/Wood_Ice_Branch_Corner.json","765","25E55C505397F6D321E971053BE3A85B5DFB78331D1B9607786E603BB0C35BB7"
"items","Wood_Ice_Branch_Long","Wood/Ice/Wood_Ice_Branch_Long","Server/Item/Items/Wood/Ice/Wood_Ice_Branch_Long.json","717","905B96E05961FACB799B86146B3DDFF145D1F5845C10610F83CC5C61F3348F95"
"items","Wood_Ice_Branch_Short","Wood/Ice/Wood_Ice_Branch_Short","Server/Item/Items/Wood/Ice/Wood_Ice_Branch_Short.json","761","8F17622B681BE1E38D70F26531E4FF0107B9400DE1CF853974EB462B628F7CAF"
"items","Wood_Ice_Roots","Wood/Ice/Wood_Ice_Roots","Server/Item/Items/Wood/Ice/Wood_Ice_Roots.json","1402","5A83A7D51EA49C0CFBA39E3501C26FE0946FE56C7F3800F6EEE489B7F6979E75"
"items","Wood_Ice_Trunk","Wood/Ice/Wood_Ice_Trunk","Server/Item/Items/Wood/Ice/Wood_Ice_Trunk.json","865","9A0CC38BB33B9C6958FB6C7CB4EA1ECBEF77559F3152B4A49CE3526F4E017A54"
"items","Wood_Ice_Trunk_Full","Wood/Ice/Wood_Ice_Trunk_Full","Server/Item/Items/Wood/Ice/Wood_Ice_Trunk_Full.json","648","94E0A51EC5E0A05A5E331D3F5D0F3EEA53DC9EAC9FF46DFF52CD5E269CAA5E70"
"items","Wood_Ice_Trunk_Half","Wood/Ice/Wood_Ice_Trunk_Half","Server/Item/Items/Wood/Ice/Wood_Ice_Trunk_Half.json","2759","11C6FD2F31D79434F26D02D6AFEADB6AF5ABB925177EB2C1BCBD84C897047D56"
"items","Wood_Ice_Trunk_Stairs","Wood/Ice/Wood_Ice_Trunk_Stairs","Server/Item/Items/Wood/Ice/Wood_Ice_Trunk_Stairs.json","3918","44B661152C9F63F42D574F5A54AB9B05E4FF5F52EFC750BEDADEABF9586D39DC"
"items","Wood_Jungle_Branch_Corner","Wood/Jungle/Wood_Jungle_Branch_Corner","Server/Item/Items/Wood/Jungle/Wood_Jungle_Branch_Corner.json","524","21F96E33ECC5073E4BD30B09F2972CA8EF2F51BD4AE5DD908323D547BED00D6F"
"items","Wood_Jungle_Branch_Long","Wood/Jungle/Wood_Jungle_Branch_Long","Server/Item/Items/Wood/Jungle/Wood_Jungle_Branch_Long.json","518","E0398BB9EAF8052A9E505C6596FCB746BFE864EDB156AEC28AC9B4CA17B6AB60"
"items","Wood_Jungle_Branch_Short","Wood/Jungle/Wood_Jungle_Branch_Short","Server/Item/Items/Wood/Jungle/Wood_Jungle_Branch_Short.json","521","1406BB67EE9E17C9B68814277BC03062BE53FB6E21E99521E3631CB06D841695"
"items","Wood_Jungle_Roots","Wood/Jungle/Wood_Jungle_Roots","Server/Item/Items/Wood/Jungle/Wood_Jungle_Roots.json","1373","4260410A6B0E1C9141A37BD5311996FCD3ED3D3093CF39C56BEBE4ECDE617497"
"items","Wood_Jungle_Trunk","Wood/Jungle/Wood_Jungle_Trunk","Server/Item/Items/Wood/Jungle/Wood_Jungle_Trunk.json","1023","69D5C628549B57123C53FE6EE65ED7BA503235F16586146D4A2E24C35131ADF0"
"items","Wood_Jungle_Trunk_Full","Wood/Jungle/Wood_Jungle_Trunk_Full","Server/Item/Items/Wood/Jungle/Wood_Jungle_Trunk_Full.json","676","0DED8EA098FC990169CCA52A35B9A850FB83F7B2CE3FF943EC75CF2A0D7A4A12"
"items","Wood_Jungle_Trunk_Half","Wood/Jungle/Wood_Jungle_Trunk_Half","Server/Item/Items/Wood/Jungle/Wood_Jungle_Trunk_Half.json","2797","918D5988285AFAEE56731BEA53F83EB25B12B1F9B5C84087B459BB92624E9B1E"
"items","Wood_Jungle_Trunk_Stairs","Wood/Jungle/Wood_Jungle_Trunk_Stairs","Server/Item/Items/Wood/Jungle/Wood_Jungle_Trunk_Stairs.json","3974","734B5CB5D35260607C8255AEB6EBCFA0690B34EDD87740351EF9F8FE909B3515"
"items","Prototype_Wood_Lightwood_Fence_Platform","Wood/Lightwood/Prototype_Wood_Lightwood_Fence_Platform","Server/Item/Items/Wood/Lightwood/Prototype_Wood_Lightwood_Fence_Platform.json","982","1BA48B7AD786031387EB033064C485F055A92479526178CE04802F460FCA31D8"
"items","Wood_Lightwood_Beam","Wood/Lightwood/Wood_Lightwood_Beam","Server/Item/Items/Wood/Lightwood/Wood_Lightwood_Beam.json","859","5B91D700E3B02F01B8DE97681FCE602ED87D31AF17B13ACA5F519D030EA64C4B"
"items","Wood_Lightwood_Decorative","Wood/Lightwood/Wood_Lightwood_Decorative","Server/Item/Items/Wood/Lightwood/Wood_Lightwood_Decorative.json","833","6DBAE69657DC3DB523F13F2BE0E22F9D2BD4C6AE5670F1A72923C05635C256D8"
"items","Wood_Lightwood_Fence","Wood/Lightwood/Wood_Lightwood_Fence","Server/Item/Items/Wood/Lightwood/Wood_Lightwood_Fence.json","2052","3CC097AE6D62065C90A77EBF37F37C72BFD67CD077D93F817A1675233ED1A010"
"items","Wood_Lightwood_Fence_Gate","Wood/Lightwood/Wood_Lightwood_Fence_Gate","Server/Item/Items/Wood/Lightwood/Wood_Lightwood_Fence_Gate.json","2526","E136397978E3C0896D95C55F06D9931658440314D4A95E98CEB94F4AA9F296D0"
"items","Wood_Lightwood_Ornate","Wood/Lightwood/Wood_Lightwood_Ornate","Server/Item/Items/Wood/Lightwood/Wood_Lightwood_Ornate.json","817","938E559EB7DEC713C7584C6E286377768CCA1548EDC2FEDA158BE62F08152809"
"items","Wood_Lightwood_Planks","Wood/Lightwood/Wood_Lightwood_Planks","Server/Item/Items/Wood/Lightwood/Wood_Lightwood_Planks.json","1071","BDF2865B5759BF1ECD9D3533CF3425E777D8842EC93BD47666BFC17075EA53C7"
"items","Wood_Lightwood_Planks_Half","Wood/Lightwood/Wood_Lightwood_Planks_Half","Server/Item/Items/Wood/Lightwood/Wood_Lightwood_Planks_Half.json","2351","0C6F6F11EFF731DDEEF52868E42AF8FDCD6444ABAD5F9BBFDB56D84F5C141B2A"
"items","Wood_Lightwood_Roof","Wood/Lightwood/Wood_Lightwood_Roof","Server/Item/Items/Wood/Lightwood/Wood_Lightwood_Roof.json","3924","ABB1733C2E74BC2E13938982BCB2D58B255B27D82266736FBC012710AC19303F"
"items","Wood_Lightwood_Roof_Flat","Wood/Lightwood/Wood_Lightwood_Roof_Flat","Server/Item/Items/Wood/Lightwood/Wood_Lightwood_Roof_Flat.json","1115","F8B95A5BD64C40DB4CB87B4EE405DF1DBBD98E559AC7B592CF2FEFD01B81485E"
"items","Wood_Lightwood_Roof_Hollow","Wood/Lightwood/Wood_Lightwood_Roof_Hollow","Server/Item/Items/Wood/Lightwood/Wood_Lightwood_Roof_Hollow.json","3265","7EB28E591F7B1D599D2FB73F830F9B97C586424922E3A678421CA065DCFEA030"
"items","Wood_Lightwood_Roof_Shallow","Wood/Lightwood/Wood_Lightwood_Roof_Shallow","Server/Item/Items/Wood/Lightwood/Wood_Lightwood_Roof_Shallow.json","3498","8B8BFF028A713F3B1B9A38056C67FC91B8537B293C6BA7B75DF5BDEE45BF2233"
"items","Wood_Lightwood_Roof_Steep","Wood/Lightwood/Wood_Lightwood_Roof_Steep","Server/Item/Items/Wood/Lightwood/Wood_Lightwood_Roof_Steep.json","2884","3D770847903E08F392FAD2EC63710E38C5E519B8DBBC7C39CE155DBFA87A1941"
"items","Wood_Lightwood_Stairs","Wood/Lightwood/Wood_Lightwood_Stairs","Server/Item/Items/Wood/Lightwood/Wood_Lightwood_Stairs.json","3206","119F9F3CDF76B90469DC5C9BA35C951B46C4B2957195C95D0F5F784A169FFDD1"
"items","Wood_Maple_Branch_Corner","Wood/Maple/Wood_Maple_Branch_Corner","Server/Item/Items/Wood/Maple/Wood_Maple_Branch_Corner.json","527","FA4D9B22886ABB2918783347558F1EB240BACE22BE6DC0BE739D32E4BB9C053B"
"items","Wood_Maple_Branch_Long","Wood/Maple/Wood_Maple_Branch_Long","Server/Item/Items/Wood/Maple/Wood_Maple_Branch_Long.json","550","F5C9F76F8760161288F34FADA2DC9F668D8E95B2A295389A585303C064FB91CC"
"items","Wood_Maple_Branch_Short","Wood/Maple/Wood_Maple_Branch_Short","Server/Item/Items/Wood/Maple/Wood_Maple_Branch_Short.json","524","3BE5D4852A96FCE34C8B51078FDD3D0D0DBA25FEAFF88C7AE72E49DB5A4120AD"
"items","Wood_Maple_Roots","Wood/Maple/Wood_Maple_Roots","Server/Item/Items/Wood/Maple/Wood_Maple_Roots.json","1374","62ECD4465C89C0D34C7637E13582E72126B3E4A4F8AD060B076D8F10F93EFD28"
"items","Wood_Maple_Trunk","Wood/Maple/Wood_Maple_Trunk","Server/Item/Items/Wood/Maple/Wood_Maple_Trunk.json","1054","D6E14129968F7F960200CB2294BFC967737893276EDE25BED5D7A4F964B5FEC6"
"items","Wood_Maple_Trunk_Full","Wood/Maple/Wood_Maple_Trunk_Full","Server/Item/Items/Wood/Maple/Wood_Maple_Trunk_Full.json","712","176E64F3A32DD8E89982A3C42FD4898A7088B2F23119DF4CD792C30C3392E7D6"
"items","Wood_Maple_Trunk_Half","Wood/Maple/Wood_Maple_Trunk_Half","Server/Item/Items/Wood/Maple/Wood_Maple_Trunk_Half.json","2801","84E2BB2EDA68174881A33F403192DBE917957EF25812ADCBE8BB1F78D4730061"
"items","Wood_Maple_Trunk_Stairs","Wood/Maple/Wood_Maple_Trunk_Stairs","Server/Item/Items/Wood/Maple/Wood_Maple_Trunk_Stairs.json","3998","2E75A71E0D98388E2384761D21807E118D1597F64291C3D0E5F3C528FF524FB5"
"items","Wood_Oak_Branch_Corner","Wood/Oak/Wood_Oak_Branch_Corner","Server/Item/Items/Wood/Oak/Wood_Oak_Branch_Corner.json","1301","BBF9259BF9B487DD67D0ABB87A5A995131C9AC3C6BB2DED94B028DAE32AE383D"
"items","Wood_Oak_Branch_Long","Wood/Oak/Wood_Oak_Branch_Long","Server/Item/Items/Wood/Oak/Wood_Oak_Branch_Long.json","2039","4373F1A0FD3E92A950C22AE826E5AFE976BFFBE66BA332DA0F0B71427CECD77C"
"items","Wood_Oak_Branch_Short","Wood/Oak/Wood_Oak_Branch_Short","Server/Item/Items/Wood/Oak/Wood_Oak_Branch_Short.json","812","999481B81998C16F0AB01F8FE55536CC3E0B5F5B8BD52FACE57FC33886E12212"
"items","Wood_Oak_Roots","Wood/Oak/Wood_Oak_Roots","Server/Item/Items/Wood/Oak/Wood_Oak_Roots.json","1355","ACC17927C02F483EF043DE234A20556B950E2CBFACF0EF10458AED42630D2B41"
"items","Wood_Oak_Trunk","Wood/Oak/Wood_Oak_Trunk","Server/Item/Items/Wood/Oak/Wood_Oak_Trunk.json","3214","D5204BD6531C5BBB2D7114F9497CCF639A75C93BADCFDC5593FF90FE369D0D10"
"items","Wood_Oak_Trunk_Full","Wood/Oak/Wood_Oak_Trunk_Full","Server/Item/Items/Wood/Oak/Wood_Oak_Trunk_Full.json","503","54D8B4A9DB443DC5D4E10AF33D493860A18AAF50817AF6A86E04D2A4BAB91299"
"items","Wood_Oak_Trunk_Half","Wood/Oak/Wood_Oak_Trunk_Half","Server/Item/Items/Wood/Oak/Wood_Oak_Trunk_Half.json","3146","583638CED8DB51EA14BA7B4E0CCEFD26B228623F5551213C9867CE91C0F8E824"
"items","Wood_Oak_Trunk_Stairs","Wood/Oak/Wood_Oak_Trunk_Stairs","Server/Item/Items/Wood/Oak/Wood_Oak_Trunk_Stairs.json","4414","06E20247FBE486B9EC37DEAC68B5D8C9FF7FF14209739C80E892B96B61B3B209"
"items","Wood_Palm_Branch_Corner","Wood/Palm/Wood_Palm_Branch_Corner","Server/Item/Items/Wood/Palm/Wood_Palm_Branch_Corner.json","516","EA4804BE93E41088283D86F4BEF2726BE4E59A105F6D3D367FABF8D9D2B1C5B8"
"items","Wood_Palm_Branch_Long","Wood/Palm/Wood_Palm_Branch_Long","Server/Item/Items/Wood/Palm/Wood_Palm_Branch_Long.json","510","65703FC5F3D78DFAF8A38C27D6F118C257669D3EFC0A31285D9076F791F59445"
"items","Wood_Palm_Branch_Short","Wood/Palm/Wood_Palm_Branch_Short","Server/Item/Items/Wood/Palm/Wood_Palm_Branch_Short.json","513","ED0855E5B547C27A772603B002FD47FAB2237316568E9B70DC58AC6356056BB6"
"items","Wood_Palm_Roots","Wood/Palm/Wood_Palm_Roots","Server/Item/Items/Wood/Palm/Wood_Palm_Roots.json","1361","00ED53CA052B0E6025B1F1228292842164B01068A89FCFACCE457220814B9147"
"items","Wood_Palm_Trunk","Wood/Palm/Wood_Palm_Trunk","Server/Item/Items/Wood/Palm/Wood_Palm_Trunk.json","1009","1FBA277000BF325675ECA0183B4B92B3F62667BEFD66F91576B72EF870B9BE71"
"items","Wood_Palm_Trunk_Full","Wood/Palm/Wood_Palm_Trunk_Full","Server/Item/Items/Wood/Palm/Wood_Palm_Trunk_Full.json","662","3CFCC7EA26DEE8FB74F1C9737D1662DEC6061BACCC32FDEC1BFB468EA1593EB5"
"items","Wood_Palm_Trunk_Half","Wood/Palm/Wood_Palm_Trunk_Half","Server/Item/Items/Wood/Palm/Wood_Palm_Trunk_Half.json","2777","0224112E62E501F148BCEBDD75370C4287B2F3865B3F60A3C30E3DF24828D7CF"
"items","Wood_Palm_Trunk_Stairs","Wood/Palm/Wood_Palm_Trunk_Stairs","Server/Item/Items/Wood/Palm/Wood_Palm_Trunk_Stairs.json","3952","67CA701E24BF42F2A4F55F31828C283F73FB1B26D49D4FB095EF1978F5B56F53"
"items","Wood_Palo_Branch_Corner","Wood/Palo/Wood_Palo_Branch_Corner","Server/Item/Items/Wood/Palo/Wood_Palo_Branch_Corner.json","516","87E8F8CCFEAD3670851AD168E4EE8FC5C77C2FF724FAE1CE807B7219F85D0F99"
"items","Wood_Palo_Branch_Long","Wood/Palo/Wood_Palo_Branch_Long","Server/Item/Items/Wood/Palo/Wood_Palo_Branch_Long.json","510","3FA7A4D432D73B1228DC4576DF6269CB5D81957DF2EDFFE4AA4A2262625B5D8F"
"items","Wood_Palo_Branch_Short","Wood/Palo/Wood_Palo_Branch_Short","Server/Item/Items/Wood/Palo/Wood_Palo_Branch_Short.json","513","4CC2E9D062306272F46219B8B77B32F224518542FD3C60958436D67DC08ABED2"
"items","Wood_Palo_Roots","Wood/Palo/Wood_Palo_Roots","Server/Item/Items/Wood/Palo/Wood_Palo_Roots.json","1361","AE77782EE2D9C24F18E74C5457E23224555C7B8C1401F6C83211F6C7EBB4536E"
"items","Wood_Palo_Trunk","Wood/Palo/Wood_Palo_Trunk","Server/Item/Items/Wood/Palo/Wood_Palo_Trunk.json","1002","0CE8C275509C73FB3575C6B3DABED469BBFA25EA8FFDFC6ACDFDF199C12CCBF9"
"items","Wood_Palo_Trunk_Full","Wood/Palo/Wood_Palo_Trunk_Full","Server/Item/Items/Wood/Palo/Wood_Palo_Trunk_Full.json","657","CD67905A1D5DCDFF2574A5BBBA2219ABC119AF4F22A02EF622FE840E9E6B935B"
"items","Wood_Palo_Trunk_Half","Wood/Palo/Wood_Palo_Trunk_Half","Server/Item/Items/Wood/Palo/Wood_Palo_Trunk_Half.json","2777","D81E4760C2D5FCA0A5F94B1DF23CDD5AD1125A5D51CF9E9DF1E856B278B86887"
"items","Wood_Palo_Trunk_Stairs","Wood/Palo/Wood_Palo_Trunk_Stairs","Server/Item/Items/Wood/Palo/Wood_Palo_Trunk_Stairs.json","3952","31C1A05929EF8FFEAE32B7125CB83C34AAA08FEAC6F5541D6C69ED36F0E9B9AC"
"items","Wood_Petrified_Branch_Corner","Wood/Petrified/Wood_Petrified_Branch_Corner","Server/Item/Items/Wood/Petrified/Wood_Petrified_Branch_Corner.json","536","0977D46DD48B4A7F499FECA7164B2082185A3A7340B0868BAEEE6F84555CD1C8"
"items","Wood_Petrified_Branch_Long","Wood/Petrified/Wood_Petrified_Branch_Long","Server/Item/Items/Wood/Petrified/Wood_Petrified_Branch_Long.json","530","5BC2093A645E5E340ECA146BB903B02F58797AA15EE0B9E3D2EB0A6A2A4C02A1"
"items","Wood_Petrified_Branch_Short","Wood/Petrified/Wood_Petrified_Branch_Short","Server/Item/Items/Wood/Petrified/Wood_Petrified_Branch_Short.json","533","72ADA975B515A1C02BB48E4DAE828987956C8F7DDEEDF900138965FADAA66C61"
"items","Wood_Petrified_Roots","Wood/Petrified/Wood_Petrified_Roots","Server/Item/Items/Wood/Petrified/Wood_Petrified_Roots.json","1388","8895429FF5BA7AC186806F4C0CE2D1495762559172D279FD2FDEB229E4A14B5F"
"items","Wood_Petrified_Trunk","Wood/Petrified/Wood_Petrified_Trunk","Server/Item/Items/Wood/Petrified/Wood_Petrified_Trunk.json","1204","F8FCEF1FA6E53750B07049A5210D128E322F72BB092768339903B430DCC846DC"
"items","Wood_Petrified_Trunk_Full","Wood/Petrified/Wood_Petrified_Trunk_Full","Server/Item/Items/Wood/Petrified/Wood_Petrified_Trunk_Full.json","856","117B797080AA4EF1756D9AD958ACB7B4DBDEC1FD69E6E464B0AE869EC34E6219"
"items","Wood_Petrified_Trunk_Half","Wood/Petrified/Wood_Petrified_Trunk_Half","Server/Item/Items/Wood/Petrified/Wood_Petrified_Trunk_Half.json","2827","66535157408EE9511AB6EBDF0886F67E406B532E273958DCA3A2B8507CE43A02"
"items","Wood_Petrified_Trunk_Stairs","Wood/Petrified/Wood_Petrified_Trunk_Stairs","Server/Item/Items/Wood/Petrified/Wood_Petrified_Trunk_Stairs.json","4007","300CC74043E0B88B56B9FF204C22FC1E4E487491C3D8CC037FA1F74E2E781D18"
"items","Wood_Poisoned_Branch_Corner","Wood/Poisoned/Wood_Poisoned_Branch_Corner","Server/Item/Items/Wood/Poisoned/Wood_Poisoned_Branch_Corner.json","530","A3EB94B9D6C8B5CF6E3403920312601CD1D5949D05858D2E0D8BC716BD70CF80"
"items","Wood_Poisoned_Branch_Long","Wood/Poisoned/Wood_Poisoned_Branch_Long","Server/Item/Items/Wood/Poisoned/Wood_Poisoned_Branch_Long.json","524","40AB02BA677CCDB8B94453D194C332219194313B8DDD02B764B9C6846CB55735"
"items","Wood_Poisoned_Branch_Short","Wood/Poisoned/Wood_Poisoned_Branch_Short","Server/Item/Items/Wood/Poisoned/Wood_Poisoned_Branch_Short.json","527","734A4B455113325C02887030D6C0175C693BAA6873A9C16C80A57851FE74BAF8"
"items","Wood_Poisoned_Roots","Wood/Poisoned/Wood_Poisoned_Roots","Server/Item/Items/Wood/Poisoned/Wood_Poisoned_Roots.json","1285","5F2FC1052508F5CBA271211325747280E59D651ED0BB64A47CE5144A9C1D39E1"
"items","Wood_Poisoned_Trunk","Wood/Poisoned/Wood_Poisoned_Trunk","Server/Item/Items/Wood/Poisoned/Wood_Poisoned_Trunk.json","905","E2685A0FE54E9588CE14D9E7491EC3E2E0D2C195F5B2E1B5F0F58453C0B5F638"
"items","Wood_Poisoned_Trunk_Full","Wood/Poisoned/Wood_Poisoned_Trunk_Full","Server/Item/Items/Wood/Poisoned/Wood_Poisoned_Trunk_Full.json","688","6D4584394B913B61E65579ED59E2132040FBCED0B65196E3C4B7ACA1BF07BDDF"
"items","Wood_Poisoned_Trunk_Half","Wood/Poisoned/Wood_Poisoned_Trunk_Half","Server/Item/Items/Wood/Poisoned/Wood_Poisoned_Trunk_Half.json","2815","DDBE8D58448F29EEC5E429F5600A100ACEA69B98098D69CFB60854BC0E69EAEA"
"items","Wood_Poisoned_Trunk_Stairs","Wood/Poisoned/Wood_Poisoned_Trunk_Stairs","Server/Item/Items/Wood/Poisoned/Wood_Poisoned_Trunk_Stairs.json","3988","6B4AEA94A060570F1CA6137683D0C5D114132A27E587CA5C23CDED14276EE6FF"
"items","Prototype_Wood_Redwood_Fence_Platform","Wood/Redwood/Prototype_Wood_Redwood_Fence_Platform","Server/Item/Items/Wood/Redwood/Prototype_Wood_Redwood_Fence_Platform.json","968","B5C43AA8E132151B1088ADE044C882DBDBC556A42C02025B2D1650D69A14F8B9"
"items","Wood_Redwood_Beam","Wood/Redwood/Wood_Redwood_Beam","Server/Item/Items/Wood/Redwood/Wood_Redwood_Beam.json","847","6DBD1EFE3CA7BF9CB8ABDB88634C5219AA42542B54E3C6C01BBF74D219E73F7F"
"items","Wood_Redwood_Branch_Corner","Wood/Redwood/Wood_Redwood_Branch_Corner","Server/Item/Items/Wood/Redwood/Wood_Redwood_Branch_Corner.json","528","1FA2DB4D68F4555C6F19C0A8B0B70624C1CC2D255AAFE103A56E76777876E095"
"items","Wood_Redwood_Branch_Long","Wood/Redwood/Wood_Redwood_Branch_Long","Server/Item/Items/Wood/Redwood/Wood_Redwood_Branch_Long.json","522","1B42EE19A4072E685FCE1B9F23CF770F1C375C1456787743C1511433F317F41D"
"items","Wood_Redwood_Branch_Short","Wood/Redwood/Wood_Redwood_Branch_Short","Server/Item/Items/Wood/Redwood/Wood_Redwood_Branch_Short.json","525","E0DEAAF94CC6AB0D331BAB60018A2FB7B8662E85C24A54EF05644A8FF81B686D"
"items","Wood_Redwood_Decorative","Wood/Redwood/Wood_Redwood_Decorative","Server/Item/Items/Wood/Redwood/Wood_Redwood_Decorative.json","893","31126D0728F6C52082F2EEA26937586CE67BC6822EED7E0BBF8B8F8DB2798B5A"
"items","Wood_Redwood_Fence","Wood/Redwood/Wood_Redwood_Fence","Server/Item/Items/Wood/Redwood/Wood_Redwood_Fence.json","2052","A1BD3125F66FFAB1A643444326759AC7F69054D4626BE7DD28F03E5AFF31E500"
"items","Wood_Redwood_Fence_Gate","Wood/Redwood/Wood_Redwood_Fence_Gate","Server/Item/Items/Wood/Redwood/Wood_Redwood_Fence_Gate.json","2472","3602DAD7F5E194D1237E5ED5EDFD52C6459661BA233B9CEEA146BBD04F09360F"
"items","Wood_Redwood_Ornate","Wood/Redwood/Wood_Redwood_Ornate","Server/Item/Items/Wood/Redwood/Wood_Redwood_Ornate.json","803","825736A22FC4446056AAC65E225E2F785C3CDBE71CE22796339C043B5888BF85"
"items","Wood_Redwood_Planks","Wood/Redwood/Wood_Redwood_Planks","Server/Item/Items/Wood/Redwood/Wood_Redwood_Planks.json","1006","ABCE2950BB57EB0FD94B9802618AC7AFB76FF1BF600584F9A4AFFAB9428027CE"
"items","Wood_Redwood_Planks_Half","Wood/Redwood/Wood_Redwood_Planks_Half","Server/Item/Items/Wood/Redwood/Wood_Redwood_Planks_Half.json","2333","698C301B6EF2B0B93E819CCB1819F7D86F9FB5863F861B4A76093D8A0991D4C1"
"items","Wood_Redwood_Roof","Wood/Redwood/Wood_Redwood_Roof","Server/Item/Items/Wood/Redwood/Wood_Redwood_Roof.json","3898","A556F64921B9BADF0D821BD6E615131B9C518D5D10F4DF9FD0B5B0FD7007F08E"
"items","Wood_Redwood_Roof_Flat","Wood/Redwood/Wood_Redwood_Roof_Flat","Server/Item/Items/Wood/Redwood/Wood_Redwood_Roof_Flat.json","1103","52A11C5F24CD37C24A5917BF93346A1F43365CCF88640B96553ED52E281CC83C"
"items","Wood_Redwood_Roof_Hollow","Wood/Redwood/Wood_Redwood_Roof_Hollow","Server/Item/Items/Wood/Redwood/Wood_Redwood_Roof_Hollow.json","3243","BDEA0F55C49145FB7AE832A52341143A9BE489A461BEE983DF6026CB67B96035"
"items","Wood_Redwood_Roof_Shallow","Wood/Redwood/Wood_Redwood_Roof_Shallow","Server/Item/Items/Wood/Redwood/Wood_Redwood_Roof_Shallow.json","3484","3A0086B921622D196164E05CD521E4B1FC4EC7F25E552BA66A90FF3BAD89806B"
"items","Wood_Redwood_Roof_Steep","Wood/Redwood/Wood_Redwood_Roof_Steep","Server/Item/Items/Wood/Redwood/Wood_Redwood_Roof_Steep.json","2870","D06647BBB3BA1E2E5FB2BCE823AD73B5FEAA7778F28D6E402EE5B6AC8DBDB137"
"items","Wood_Redwood_Roots","Wood/Redwood/Wood_Redwood_Roots","Server/Item/Items/Wood/Redwood/Wood_Redwood_Roots.json","1379","9CB28B902F46D296DB03866853FFA0E9633F34C847E9A34F9C71ED161B238848"
"items","Wood_Redwood_Stairs","Wood/Redwood/Wood_Redwood_Stairs","Server/Item/Items/Wood/Redwood/Wood_Redwood_Stairs.json","3192","3A99325C17E670DDBD7EF274C059B247DFF4BC9969F7D9D8B71600472926013B"
"items","Wood_Redwood_Trunk","Wood/Redwood/Wood_Redwood_Trunk","Server/Item/Items/Wood/Redwood/Wood_Redwood_Trunk.json","982","681A98B1E35247148502F0F2FE526EC824AB2317437BB0F71D5879A1279DBE99"
"items","Wood_Redwood_Trunk_Full","Wood/Redwood/Wood_Redwood_Trunk_Full","Server/Item/Items/Wood/Redwood/Wood_Redwood_Trunk_Full.json","678","7FD666403AD2622D14708AE75D9F36256C5A2FEFA28DEB4AC910801B92B366EC"
"items","Wood_Redwood_Trunk_Half","Wood/Redwood/Wood_Redwood_Trunk_Half","Server/Item/Items/Wood/Redwood/Wood_Redwood_Trunk_Half.json","2807","5E2EBC56EE7000A6B66C781ABD1E491EBE35F4E634940F6CFD703FDC519684FF"
"items","Wood_Redwood_Trunk_Stairs","Wood/Redwood/Wood_Redwood_Trunk_Stairs","Server/Item/Items/Wood/Redwood/Wood_Redwood_Trunk_Stairs.json","3985","B9912CE5850E1BB41E0986E4412F363472454C92073AA6EDB38631C8F5C63F7F"
"items","Wood_Sallow_Branch_Corner","Wood/Sallow/Wood_Sallow_Branch_Corner","Server/Item/Items/Wood/Sallow/Wood_Sallow_Branch_Corner.json","524","80BA59CCCD2B1E0B7C2286BDBC07E1BF1CF0FFFC13D1B58284FA5D2F8A873503"
"items","Wood_Sallow_Branch_Long","Wood/Sallow/Wood_Sallow_Branch_Long","Server/Item/Items/Wood/Sallow/Wood_Sallow_Branch_Long.json","518","19E4C5A0EA394B356303CC8D0C230C4028ACE3CDDA22F1DE69E212784302EE77"
"items","Wood_Sallow_Branch_Short","Wood/Sallow/Wood_Sallow_Branch_Short","Server/Item/Items/Wood/Sallow/Wood_Sallow_Branch_Short.json","521","923CAB419DB8897F4027F312AA3911AADAA3DB4774E59DD2ABA1437DE30EA409"
"items","Wood_Sallow_Roots","Wood/Sallow/Wood_Sallow_Roots","Server/Item/Items/Wood/Sallow/Wood_Sallow_Roots.json","1373","EE6FB08EC103B4854C51A8301366946CDBCE2FE205769817BED79DACA8E0BEB3"
"items","Wood_Sallow_Trunk","Wood/Sallow/Wood_Sallow_Trunk","Server/Item/Items/Wood/Sallow/Wood_Sallow_Trunk.json","1025","1784BE592D3EC13346B5149F6A892047D3C22F585E423B39C7417798B3938BA6"
"items","Wood_Sallow_Trunk_Full","Wood/Sallow/Wood_Sallow_Trunk_Full","Server/Item/Items/Wood/Sallow/Wood_Sallow_Trunk_Full.json","676","97A0D20BB6DD64986E2D34AA47172D974FB72DA1BB7DCA8146E7E6716DBBF884"
"items","Wood_Sallow_Trunk_Half","Wood/Sallow/Wood_Sallow_Trunk_Half","Server/Item/Items/Wood/Sallow/Wood_Sallow_Trunk_Half.json","2797","9F17B5B5A654B09F3717E087717D1FF43A82C6CD31024DC0ADE5D79498013F9D"
"items","Wood_Sallow_Trunk_Stairs","Wood/Sallow/Wood_Sallow_Trunk_Stairs","Server/Item/Items/Wood/Sallow/Wood_Sallow_Trunk_Stairs.json","3974","939F9345E431E327058890E449379C6CD3469DBE75FD9F2907CB12036D31FF29"
"items","Prototype_Wood_Softwood_Fence_Platform","Wood/Softwood/Prototype_Wood_Softwood_Fence_Platform","Server/Item/Items/Wood/Softwood/Prototype_Wood_Softwood_Fence_Platform.json","1574","658C706CD0AF9016D78B0E5E58711159723B14C524348FC25B3D0995EFF1944A"
"items","Wood_Softwood_Beam","Wood/Softwood/Wood_Softwood_Beam","Server/Item/Items/Wood/Softwood/Wood_Softwood_Beam.json","1936","A78441241C6463001C71EFF3E1568A71AF1F23762685728889A585E5A7E6BF0F"
"items","Wood_Softwood_Decorative","Wood/Softwood/Wood_Softwood_Decorative","Server/Item/Items/Wood/Softwood/Wood_Softwood_Decorative.json","1424","ED14297AE4B38213C260A00B8728D48C265471E9F7BA4A518CE636E804B61940"
"items","Wood_Softwood_Fence","Wood/Softwood/Wood_Softwood_Fence","Server/Item/Items/Wood/Softwood/Wood_Softwood_Fence.json","2837","860D65558774A1A658D5E3E22D0427426D05B16D7221C1106A7CE28187E559ED"
"items","Wood_Softwood_Fence_Gate","Wood/Softwood/Wood_Softwood_Fence_Gate","Server/Item/Items/Wood/Softwood/Wood_Softwood_Fence_Gate.json","3602","E97BF37FA2DBCC6E6EB7AD98904213565CE62D4D1813E222B106A0EDDE2A1CDD"
"items","Wood_Softwood_Ornate","Wood/Softwood/Wood_Softwood_Ornate","Server/Item/Items/Wood/Softwood/Wood_Softwood_Ornate.json","1474","3865123508A9809C424FC7C3B2250446FDB29A794A22B7E725D2D4630641872A"
"items","Wood_Softwood_Planks","Wood/Softwood/Wood_Softwood_Planks","Server/Item/Items/Wood/Softwood/Wood_Softwood_Planks.json","2045","5FE50300240F56B22ECBF85CA102706CD6AE0AE6436D0FFF7A870B0CE0AF841F"
"items","Wood_Softwood_Planks_Half","Wood/Softwood/Wood_Softwood_Planks_Half","Server/Item/Items/Wood/Softwood/Wood_Softwood_Planks_Half.json","3310","CCF8ACFD1ADB05083BA362FDA933BE1F0E589C581438A642BA119EED06B1B5DC"
"items","Wood_Softwood_Roof","Wood/Softwood/Wood_Softwood_Roof","Server/Item/Items/Wood/Softwood/Wood_Softwood_Roof.json","4565","288D637900A6A5EF1511368E2E5C64AD3347C477A32ED96905F256861DA0817C"
"items","Wood_Softwood_Roof_Flat","Wood/Softwood/Wood_Softwood_Roof_Flat","Server/Item/Items/Wood/Softwood/Wood_Softwood_Roof_Flat.json","1594","A92413A2BF5E2E762650A167A97CF023411149C3FD9224BEB49078CF104E46F0"
"items","Wood_Softwood_Roof_Hollow","Wood/Softwood/Wood_Softwood_Roof_Hollow","Server/Item/Items/Wood/Softwood/Wood_Softwood_Roof_Hollow.json","3671","77B03BB91A9206B99F25C5C938F0DB0641668C417051B06A5B7B6E50E9F38820"
"items","Wood_Softwood_Roof_Shallow","Wood/Softwood/Wood_Softwood_Roof_Shallow","Server/Item/Items/Wood/Softwood/Wood_Softwood_Roof_Shallow.json","4175","7AA9C6B6542B46ACD532E8817F58EC2F49EE75E49E0158767F42E05BC00CBFBE"
"items","Wood_Softwood_Roof_Steep","Wood/Softwood/Wood_Softwood_Roof_Steep","Server/Item/Items/Wood/Softwood/Wood_Softwood_Roof_Steep.json","3558","D19BE6D01E537E3A52186C9E249C3FCBA713047D41FE80EC08C5FF36948A064E"
"items","Wood_Softwood_Stairs","Wood/Softwood/Wood_Softwood_Stairs","Server/Item/Items/Wood/Softwood/Wood_Softwood_Stairs.json","3920","881FC9B039C8C3DF5A7FBBC8C50854FF3CCF60F3B93AD684CC5228872A2EFC76"
"items","Wood_Spiral_Branch_Corner","Wood/Spiral/Wood_Spiral_Branch_Corner","Server/Item/Items/Wood/Spiral/Wood_Spiral_Branch_Corner.json","524","B126FBFF82865850E369EDD8C3D71702F4F0359CFCB95F3150B4592154BD2556"
"items","Wood_Spiral_Branch_Long","Wood/Spiral/Wood_Spiral_Branch_Long","Server/Item/Items/Wood/Spiral/Wood_Spiral_Branch_Long.json","673","D17741082C439525F93DD93A8A41F8D3837E1B87F64CC4B182E4146B23B52BD5"
"items","Wood_Spiral_Branch_Short","Wood/Spiral/Wood_Spiral_Branch_Short","Server/Item/Items/Wood/Spiral/Wood_Spiral_Branch_Short.json","676","04F5FC8036F865648C69090F24706A0BD1F787A56FF0AE34442DB6A9D43DEB9F"
"items","Wood_Spiral_Roots","Wood/Spiral/Wood_Spiral_Roots","Server/Item/Items/Wood/Spiral/Wood_Spiral_Roots.json","1236","061871FE2F9CC101492D108124D01CBDB892BEA9C3BC5FECFBB7520551591B36"
"items","Wood_Spiral_Trunk","Wood/Spiral/Wood_Spiral_Trunk","Server/Item/Items/Wood/Spiral/Wood_Spiral_Trunk.json","891","8D1CE01888DBF63157736B605DFABE24179C2A694D1228E1CF770D522EBE2E57"
"items","Wood_Spiral_Trunk_Full","Wood/Spiral/Wood_Spiral_Trunk_Full","Server/Item/Items/Wood/Spiral/Wood_Spiral_Trunk_Full.json","676","0A0CD012CFAC14453DFA3173244EB9F6371C6F6C5898DD9332A5F8D1400563A6"
"items","Wood_Spiral_Trunk_Half","Wood/Spiral/Wood_Spiral_Trunk_Half","Server/Item/Items/Wood/Spiral/Wood_Spiral_Trunk_Half.json","2799","434015D9A7FC6FCBAB6B3D84D34F65ED60EAC1157ACAE6B8F76F7797C31ECDA6"
"items","Wood_Spiral_Trunk_Stairs","Wood/Spiral/Wood_Spiral_Trunk_Stairs","Server/Item/Items/Wood/Spiral/Wood_Spiral_Trunk_Stairs.json","3976","7C0174A80F9E5C73F3C2920B29FA287997C6503ADC1BAF4BDCF5DB3922D006FC"
"items","Wood_Sticks","Wood/Sticks/Wood_Sticks","Server/Item/Items/Wood/Sticks/Wood_Sticks.json","1743","2CB7D02BD6E83EA267F8203ABEA08B8D65781298776247956A6E4F59399D43E8"
"items","Wood_Stormbark_Branch_Corner","Wood/Stormbark/Wood_Stormbark_Branch_Corner","Server/Item/Items/Wood/Stormbark/Wood_Stormbark_Branch_Corner.json","536","1AEA464B2E47692ABF6BD5437AD865E64DF0B4686977E1DAAEFC129A571C92BA"
"items","Wood_Stormbark_Branch_Long","Wood/Stormbark/Wood_Stormbark_Branch_Long","Server/Item/Items/Wood/Stormbark/Wood_Stormbark_Branch_Long.json","530","10D2330548803AC35960A72226EE5B094B61300561E9E93AC602B71038AF732B"
"items","Wood_Stormbark_Branch_Short","Wood/Stormbark/Wood_Stormbark_Branch_Short","Server/Item/Items/Wood/Stormbark/Wood_Stormbark_Branch_Short.json","533","C24D1CE01C7AC0C55E0F37F43899CE2285C7725EE787C5276A9BB38BF5AB4195"
"items","Wood_Stormbark_Roots","Wood/Stormbark/Wood_Stormbark_Roots","Server/Item/Items/Wood/Stormbark/Wood_Stormbark_Roots.json","1381","FB880AE5575ADE7C17168BBE41E05F9EE81D9DD8009C9DBE47A8536E2A9753B8"
"items","Wood_Stormbark_Trunk","Wood/Stormbark/Wood_Stormbark_Trunk","Server/Item/Items/Wood/Stormbark/Wood_Stormbark_Trunk.json","907","872C3F0563D037DF21852E7598EDA20F842F9970F275A41AD9560AF4FD9F2144"
"items","Wood_Stormbark_Trunk_Full","Wood/Stormbark/Wood_Stormbark_Trunk_Full","Server/Item/Items/Wood/Stormbark/Wood_Stormbark_Trunk_Full.json","715","7A7914E0524572008D3B4E6A644C9274919E5CAAC3317A09687F7A507A29F310"
"items","Wood_Stormbark_Trunk_Half","Wood/Stormbark/Wood_Stormbark_Trunk_Half","Server/Item/Items/Wood/Stormbark/Wood_Stormbark_Trunk_Half.json","2829","E20215016F7ECC40053F125D8C069FCA071ABB3736DAA9E5862A9ECAD67FC224"
"items","Wood_Stormbark_Trunk_Stairs","Wood/Stormbark/Wood_Stormbark_Trunk_Stairs","Server/Item/Items/Wood/Stormbark/Wood_Stormbark_Trunk_Stairs.json","4009","A16A4C59DC2CBE60A6D9F8A8494B906970E673737B9B3E342655EDB0E25D698C"
"items","Prototype_Wood_Tropicalwood_Fence_Platform","Wood/Tropicalwood/Prototype_Wood_Tropicalwood_Fence_Platform","Server/Item/Items/Wood/Tropicalwood/Prototype_Wood_Tropicalwood_Fence_Platform.json","963","8F4400E178755BE52E586DA3C45BEDFCE16D143DC3A81849862778F85EFADAF2"
"items","Wood_Tropicalwood_Beam","Wood/Tropicalwood/Wood_Tropicalwood_Beam","Server/Item/Items/Wood/Tropicalwood/Wood_Tropicalwood_Beam.json","877","0B16C076CC6E2C358488443362600DA3CB3BF6443364474917EDEB6E49D6D208"
"items","Wood_Tropicalwood_Decorative","Wood/Tropicalwood/Wood_Tropicalwood_Decorative","Server/Item/Items/Wood/Tropicalwood/Wood_Tropicalwood_Decorative.json","854","9C4919581525AFD8AA9B6F123E44799DAB75A54BD8702E3A44F35F1514A46786"
"items","Wood_Tropicalwood_Fence","Wood/Tropicalwood/Wood_Tropicalwood_Fence","Server/Item/Items/Wood/Tropicalwood/Wood_Tropicalwood_Fence.json","2098","4B148163EA002F0044C488A6B646AE8A3C748B190ACDDDA26A24F1ABAD011079"
"items","Wood_Tropicalwood_Fence_Gate","Wood/Tropicalwood/Wood_Tropicalwood_Fence_Gate","Server/Item/Items/Wood/Tropicalwood/Wood_Tropicalwood_Fence_Gate.json","2559","F16B075A6F24FB12E63964AF310CF43F2661C722B801ECA63AF3AE4FE3AB4D0D"
"items","Wood_Tropicalwood_Ornate","Wood/Tropicalwood/Wood_Tropicalwood_Ornate","Server/Item/Items/Wood/Tropicalwood/Wood_Tropicalwood_Ornate.json","838","FDDD6ECA79BA6B3C7E560E6E52DA358FF52251D1F815B13AE451D60415B06043"
"items","Wood_Tropicalwood_Planks","Wood/Tropicalwood/Wood_Tropicalwood_Planks","Server/Item/Items/Wood/Tropicalwood/Wood_Tropicalwood_Planks.json","1041","6F1C9B6C9454DAE34B5BCD24F620DDBC8DB772851A53BF105DF85C642DCF8351"
"items","Wood_Tropicalwood_Planks_Half","Wood/Tropicalwood/Wood_Tropicalwood_Planks_Half","Server/Item/Items/Wood/Tropicalwood/Wood_Tropicalwood_Planks_Half.json","2389","7F2ED92D4EF19AFEF790B1D1E40BE754EB145E6D03089077114EAD233AB09C25"
"items","Wood_Tropicalwood_Roof","Wood/Tropicalwood/Wood_Tropicalwood_Roof","Server/Item/Items/Wood/Tropicalwood/Wood_Tropicalwood_Roof.json","3923","04EDFD8C03F5FBF6554C8BC81F16E49ACE2DCD741FE15A6017B849B963328718"
"items","Wood_Tropicalwood_Roof_Flat","Wood/Tropicalwood/Wood_Tropicalwood_Roof_Flat","Server/Item/Items/Wood/Tropicalwood/Wood_Tropicalwood_Roof_Flat.json","1041","E2C7E3AE8AEA66BA9DD10E3B683021E6DDB568512DC8747C2CD9FF95645C186C"
"items","Wood_Tropicalwood_Roof_Hollow","Wood/Tropicalwood/Wood_Tropicalwood_Roof_Hollow","Server/Item/Items/Wood/Tropicalwood/Wood_Tropicalwood_Roof_Hollow.json","3385","2FC07372F299D9234AFB883121E04183C4552D1A04919666BF83EA5E4C27CE9B"
"items","Wood_Tropicalwood_Roof_Shallow","Wood/Tropicalwood/Wood_Tropicalwood_Roof_Shallow","Server/Item/Items/Wood/Tropicalwood/Wood_Tropicalwood_Roof_Shallow.json","3467","F5AA93261440EE92786F0412C97F1814645FD215A2B9C2E39F23D56E0950F754"
"items","Wood_Tropicalwood_Roof_Steep","Wood/Tropicalwood/Wood_Tropicalwood_Roof_Steep","Server/Item/Items/Wood/Tropicalwood/Wood_Tropicalwood_Roof_Steep.json","2855","99F452BB1FC3E5D4F9AD3C54BBEE4D1D609D9E993236E712679E26CEBD346243"
"items","Wood_Tropicalwood_Stairs","Wood/Tropicalwood/Wood_Tropicalwood_Stairs","Server/Item/Items/Wood/Tropicalwood/Wood_Tropicalwood_Stairs.json","3181","CE8D368CFFF21BA229C60C6C1CCF81A3838755BD3ED4EAFDB3B22C2B98429A57"
"items","Wood_Village_Wall_Black_Full","Wood/Village/Wood_Village_Wall_Black_Full","Server/Item/Items/Wood/Village/Wood_Village_Wall_Black_Full.json","2969","8AD66FFDAB6B6756FE0A808F1620D7931D842FE703DBA43EE8C37C45282367D9"
"items","Wood_Village_Wall_Blue_Full","Wood/Village/Wood_Village_Wall_Blue_Full","Server/Item/Items/Wood/Village/Wood_Village_Wall_Blue_Full.json","2970","B9F41002FDA5CCC6BCBEA8093724A396062432FA66F1945DC03B92E4C6A3CF1E"
"items","Wood_Village_Wall_Cyan_Full","Wood/Village/Wood_Village_Wall_Cyan_Full","Server/Item/Items/Wood/Village/Wood_Village_Wall_Cyan_Full.json","2970","91464DFD2D8F482561EFBB21B703A36FDF437960CA9D0DB4E8250F63166E2F8F"
"items","Wood_Village_Wall_Full","Wood/Village/Wood_Village_Wall_Full","Server/Item/Items/Wood/Village/Wood_Village_Wall_Full.json","2933","92F1D267212F88C798A391A70E8DBF3A422B366548EA28F917943017112947E5"
"items","Wood_Village_Wall_Green_Full","Wood/Village/Wood_Village_Wall_Green_Full","Server/Item/Items/Wood/Village/Wood_Village_Wall_Green_Full.json","2987","E3D84C754A17C4DFF7D254CAA1C6944A79C8988FC6471E4983772A97A00D081F"
"items","Wood_Village_Wall_Grey_Full","Wood/Village/Wood_Village_Wall_Grey_Full","Server/Item/Items/Wood/Village/Wood_Village_Wall_Grey_Full.json","2971","0A0B193C43E1DCDAA2160AD8F7F8B10FB259CA6987AAC4E12BBAFBE39C0C66EE"
"items","Wood_Village_Wall_GreyDark_Full","Wood/Village/Wood_Village_Wall_GreyDark_Full","Server/Item/Items/Wood/Village/Wood_Village_Wall_GreyDark_Full.json","3004","337E4EDBA79524A77830BF75254BBAA4D6A04A44D5B4E726B71F705642B09CD8"
"items","Wood_Village_Wall_Lime_Full","Wood/Village/Wood_Village_Wall_Lime_Full","Server/Item/Items/Wood/Village/Wood_Village_Wall_Lime_Full.json","2970","E72806FBCF8AFCC55C79D66E546D31305637A5DE1B26B5046FAAA21704DFC477"
"items","Wood_Village_Wall_Ocean_Full","Wood/Village/Wood_Village_Wall_Ocean_Full","Server/Item/Items/Wood/Village/Wood_Village_Wall_Ocean_Full.json","2969","3A00ABFEE582F8953B2BB0739A9D8267CC8C88AB659F0D9665C0B1EF1200C9B2"
"items","Wood_Village_Wall_Orange_Full","Wood/Village/Wood_Village_Wall_Orange_Full","Server/Item/Items/Wood/Village/Wood_Village_Wall_Orange_Full.json","3019","7BAC9E72B6CC299587B48766B9636E243BBCE5F1483B0022A6624672B776EFD2"
"items","Wood_Village_Wall_Pink_Full","Wood/Village/Wood_Village_Wall_Pink_Full","Server/Item/Items/Wood/Village/Wood_Village_Wall_Pink_Full.json","2952","3A6CBE09765490877769A5B972533C7CD030724949A72472CEE46E90FD0CD423"
"items","Wood_Village_Wall_Purple_Full","Wood/Village/Wood_Village_Wall_Purple_Full","Server/Item/Items/Wood/Village/Wood_Village_Wall_Purple_Full.json","2986","4B545300868898D916F0572A707B947B4612F7A7216478428534F68154BF9A92"
"items","Wood_Village_Wall_Red_Full","Wood/Village/Wood_Village_Wall_Red_Full","Server/Item/Items/Wood/Village/Wood_Village_Wall_Red_Full.json","2915","8B28C84AD511FE82C9FA5B9AFB173D29B14998DFB51F2F32A4D5E5B620BBA568"
"items","Wood_Village_Wall_RedDark_Full","Wood/Village/Wood_Village_Wall_RedDark_Full","Server/Item/Items/Wood/Village/Wood_Village_Wall_RedDark_Full.json","2987","1CAEE2C17D4CE214E284F23D923C31A9A946FFA50999ADB637886A38102A4FF8"
"items","Wood_Village_Wall_White_Full","Wood/Village/Wood_Village_Wall_White_Full","Server/Item/Items/Wood/Village/Wood_Village_Wall_White_Full.json","2987","67BC083E7BBF4858AF3C99B642307EEC76054B1611E4A9D7360A62066E50B5A8"
"items","Wood_Village_Wall_Yellow_Full","Wood/Village/Wood_Village_Wall_Yellow_Full","Server/Item/Items/Wood/Village/Wood_Village_Wall_Yellow_Full.json","3005","CE2898FB7015B095D1106756103C9A9745B3EA4CFAC5783A28E808D3661091F5"
"items","Wood_Windwillow_Branch_Corner","Wood/Windwillow/Wood_Windwillow_Branch_Corner","Server/Item/Items/Wood/Windwillow/Wood_Windwillow_Branch_Corner.json","530","A3378D5353CEA300E541461849D56ED0EAB3DFC8FF4F380F1C02823A9128F11D"
"items","Wood_Windwillow_Branch_Long","Wood/Windwillow/Wood_Windwillow_Branch_Long","Server/Item/Items/Wood/Windwillow/Wood_Windwillow_Branch_Long.json","524","950600C70D731616E982337619FB119011F5D307F7999AD4C0BE9BABC9565633"
"items","Wood_Windwillow_Branch_Short","Wood/Windwillow/Wood_Windwillow_Branch_Short","Server/Item/Items/Wood/Windwillow/Wood_Windwillow_Branch_Short.json","527","6D82D584E06E157FEAA2A1A69C0F76F75A25E62291B479EA237F73E22ED1AAC6"
"items","Wood_Windwillow_Roots","Wood/Windwillow/Wood_Windwillow_Roots","Server/Item/Items/Wood/Windwillow/Wood_Windwillow_Roots.json","1383","267A1D23A9BE12C54E21F1A58B95C6BEAA858311D9E8A5BF25FA5C64934903F7"
"items","Wood_Windwillow_Trunk","Wood/Windwillow/Wood_Windwillow_Trunk","Server/Item/Items/Wood/Windwillow/Wood_Windwillow_Trunk.json","898","A88FF301462B92104A2AF7C948D32F6897ECFC4D186625844FACA7EF4B483D3A"
"items","Wood_Windwillow_Trunk_Full","Wood/Windwillow/Wood_Windwillow_Trunk_Full","Server/Item/Items/Wood/Windwillow/Wood_Windwillow_Trunk_Full.json","683","AC91886B716B25F0E06603AEC64D3B45AC1E74F51EAB63C9879EAD1765705CF3"
"items","Wood_Windwillow_Trunk_Half","Wood/Windwillow/Wood_Windwillow_Trunk_Half","Server/Item/Items/Wood/Windwillow/Wood_Windwillow_Trunk_Half.json","2827","2B5A2CA22C740CBA21385442290F721698D3467FB817B626F3C10E7908F2539C"
"items","Wood_Windwillow_Trunk_Stairs","Wood/Windwillow/Wood_Windwillow_Trunk_Stairs","Server/Item/Items/Wood/Windwillow/Wood_Windwillow_Trunk_Stairs.json","3990","14DF95EC05432EDF64E6CA7CADEB969DCAF3555E2A89819B4B2666E4A81C965E"
"items","Wood_Wisteria_Wild_Branch_Corner","Wood/Wisteria/Wood_Wisteria_Wild_Branch_Corner","Server/Item/Items/Wood/Wisteria/Wood_Wisteria_Wild_Branch_Corner.json","547","5A4A85E4E3592607B352F28E0A92C9A1C7129DE176B478246CF659423BE99560"
"items","Wood_Wisteria_Wild_Branch_Long","Wood/Wisteria/Wood_Wisteria_Wild_Branch_Long","Server/Item/Items/Wood/Wisteria/Wood_Wisteria_Wild_Branch_Long.json","541","31F2D593E6A3A22C6A5BFF2D5BD70E8D2034AEE5427F9875CDBB2D767F0B6ED8"
"items","Wood_Wisteria_Wild_Branch_Short","Wood/Wisteria/Wood_Wisteria_Wild_Branch_Short","Server/Item/Items/Wood/Wisteria/Wood_Wisteria_Wild_Branch_Short.json","544","B5E43376520FE7F1A693E434958CD17106E9D84681769334B562F2C1133D3142"
"items","Wood_Wisteria_Wild_Roots","Wood/Wisteria/Wood_Wisteria_Wild_Roots","Server/Item/Items/Wood/Wisteria/Wood_Wisteria_Wild_Roots.json","1394","7E339159EA99F100EE32C87ECEE8BBF24CE17A7313AEC670930F663D9AD0C416"
"items","Wood_Wisteria_Wild_Trunk","Wood/Wisteria/Wood_Wisteria_Wild_Trunk","Server/Item/Items/Wood/Wisteria/Wood_Wisteria_Wild_Trunk.json","1076","B6D34EA20B679D73AA47B22783FDC390D44129835C164C1CBECF62B7A577E6FD"
"items","Wood_Wisteria_Wild_Trunk_Full","Wood/Wisteria/Wood_Wisteria_Wild_Trunk_Full","Server/Item/Items/Wood/Wisteria/Wood_Wisteria_Wild_Trunk_Full.json","951","040A47CF492DF5F4C6622FC93F845C3B28CA4E22FD304B32AB6D92429A3DD20D"
"items","Wood_Wisteria_Wild_Trunk_Half","Wood/Wisteria/Wood_Wisteria_Wild_Trunk_Half","Server/Item/Items/Wood/Wisteria/Wood_Wisteria_Wild_Trunk_Half.json","2859","2F43340D8353C7647C42CB06B5A0B9173F1DFCCE04A2F6B71C252BE81AD70AB1"
"items","Wood_Wisteria_Wild_Trunk_Stairs","Wood/Wisteria/Wood_Wisteria_Wild_Trunk_Stairs","Server/Item/Items/Wood/Wisteria/Wood_Wisteria_Wild_Trunk_Stairs.json","4043","75F190547536EF5D40E53659FBFF1D682201D92C140E5100431898E9F60BBAB1"
"items","Wood_Stripped_Deco","Wood/Wood_Stripped_Deco","Server/Item/Items/Wood/Wood_Stripped_Deco.json","1304","3953270236EDF964F601EA9907385AD7AC65B73CBEB90D9F47B3725E0177593C"
"items","Wood_Torch_Wall","Wood/Wood_Torch_Wall","Server/Item/Items/Wood/Wood_Torch_Wall.json","3078","3029DEB0595BA1D84FD85F770EA6314BFEA049B35347767EF4734067D9A85500"
