"category","id","relativeId","archivePath","bytes","sha256"
"npc-roles","BlankTemplate","_Core/BlankTemplate","Server/NPC/Roles/_Core/BlankTemplate.json","775","AC0962E9B678AE41A08FCD9C28F7B3CC71CE37F4DC5F6B07941A7A45A005FA0F"
"npc-roles","Component_ActionList_Sleep","_Core/Components/ActionLists/Component_ActionList_Sleep","Server/NPC/Roles/_Core/Components/ActionLists/Component_ActionList_Sleep.json","234","5324D2B46FDDCA23A7B10BC21E7A401D691770A04032A4B689775656D32CBCC7"
"npc-roles","Component_ActionList_Wake","_Core/Components/ActionLists/Component_ActionList_Wake","Server/NPC/Roles/_Core/Components/ActionLists/Component_ActionList_Wake.json","227","3CA0C678B6BB30D9F75E4FCF648D48CA8E5214943BB621EB91A9632865F5D385"
"npc-roles","Component_Instruction_Attack_Sequence_Cactee","_Core/Components/Component_Instruction_Attack_Sequence_Cactee","Server/NPC/Roles/_Core/Components/Component_Instruction_Attack_Sequence_Cactee.json","1118","F4CA69AC212E03898FE85477EBC234478182C0CEE258B2466867FADAD596F55D"
"npc-roles","Component_Instruction_Cactee_Idle_Motion","_Core/Components/Component_Instruction_Cactee_Idle_Motion","Server/NPC/Roles/_Core/Components/Component_Instruction_Cactee_Idle_Motion.json","440","F260BD1597B6C21C99D39E3E5DE2C59E1A0AF9C92A8875D9E12388191D58487E"
"npc-roles","Component_Instruction_Attack_Sequence_Eye_Void","_Core/Components/Deprecated/Component_Instruction_Attack_Sequence_Eye_Void","Server/NPC/Roles/_Core/Components/Deprecated/Component_Instruction_Attack_Sequence_Eye_Void.json","898","5D57D9B349EF0FDB22C9BE2B871364F311B48E86DA57BDCA97F5FB5E173F9362"
"npc-roles","Component_Instruction_Attack_Sequence_Spirit","_Core/Components/Deprecated/Component_Instruction_Attack_Sequence_Spirit","Server/NPC/Roles/_Core/Components/Deprecated/Component_Instruction_Attack_Sequence_Spirit.json","868","1B1F51488AE6FDD4C0931C72183C5578503CFF56E7BBE233B08A91698E0587EC"
"npc-roles","Template_Instruction_Flock_Attack","_Core/Components/Flock/Template_Instruction_Flock_Attack","Server/NPC/Roles/_Core/Components/Flock/Template_Instruction_Flock_Attack.json","2637","F69824C3AA6E2752E6D03FDA6E516CAEC555E788995B175F1B0EC58D6451BCD2"
"npc-roles","Template_Instruction_Flock_Attack_State","_Core/Components/Flock/Template_Instruction_Flock_Attack_State","Server/NPC/Roles/_Core/Components/Flock/Template_Instruction_Flock_Attack_State.json","2908","78DBA66A42A98EEADD2ECD58724239160A2E64521C976999ED83544009616F3C"
"npc-roles","Template_Instruction_Flock_Join","_Core/Components/Flock/Template_Instruction_Flock_Join","Server/NPC/Roles/_Core/Components/Flock/Template_Instruction_Flock_Join.json","3217","ADFEB6362B342D40A284CF58E3402386C2CC57691E961B86B1D337DAFEBC78E6"
"npc-roles","Template_Instruction_Flock_Motion","_Core/Components/Flock/Template_Instruction_Flock_Motion","Server/NPC/Roles/_Core/Components/Flock/Template_Instruction_Flock_Motion.json","1509","29C0B8144D8265AAED9C9FA5520E72B5C1A906B3821212D14B19B850FDA617AD"
"npc-roles","Component_Path_Square","_Core/Components/Paths/Component_Path_Square","Server/NPC/Roles/_Core/Components/Paths/Component_Path_Square.json","457","C11B757FC2516EE7B14D97CDB95D399AD43A8B103D5845AEB08503AE70D6D1BB"
"npc-roles","Component_Instruction_Combat_Throw_NPC","_Core/Components/Selectors/Combat/Component_Instruction_Combat_Throw_NPC","Server/NPC/Roles/_Core/Components/Selectors/Combat/Component_Instruction_Combat_Throw_NPC.json","4617","9FD5C076BC5A4DA2D5214795D205B4CBFE6292382DFF2C081C2D5234320A0991"
"npc-roles","Component_Instruction_Generic_Alerted","_Core/Components/Selectors/Component_Instruction_Generic_Alerted","Server/NPC/Roles/_Core/Components/Selectors/Component_Instruction_Generic_Alerted.json","1743","F9E592B7C73F44FCD165579ADB700F7426B6A7E96325CFBE3C749E1646630341"
"npc-roles","Component_Instruction_Generic_Alerted_With_Friendly","_Core/Components/Selectors/Component_Instruction_Generic_Alerted_With_Friendly","Server/NPC/Roles/_Core/Components/Selectors/Component_Instruction_Generic_Alerted_With_Friendly.json","2847","F7D07A4AAEE884EFA99C6D549A5A2F84BD5537B73BC0685908A4323EAFCCDED7"
"npc-roles","Component_Instruction_Generic_Detection","_Core/Components/Selectors/Component_Instruction_Generic_Detection","Server/NPC/Roles/_Core/Components/Selectors/Component_Instruction_Generic_Detection.json","2394","79E6C6E020D70B0A29CD7F355418B5AB8489AE4884B952189A9D28D5A84A5BDE"
"npc-roles","Component_Instruction_Generic_Greet","_Core/Components/Selectors/Component_Instruction_Generic_Greet","Server/NPC/Roles/_Core/Components/Selectors/Component_Instruction_Generic_Greet.json","1875","77E20E1A81C24046676E3B7D30F69E243C5E7F923FC22251954D0C4005B45615"
"npc-roles","Component_Instruction_Generic_Idle","_Core/Components/Selectors/Component_Instruction_Generic_Idle","Server/NPC/Roles/_Core/Components/Selectors/Component_Instruction_Generic_Idle.json","2457","713F22F8DCD9E9B135EBFB1D952AE62DE87942363767E8432C790CFB159A30A7"
"npc-roles","Component_Instruction_Generic_Multitarget_Flee","_Core/Components/Selectors/Component_Instruction_Generic_Multitarget_Flee","Server/NPC/Roles/_Core/Components/Selectors/Component_Instruction_Generic_Multitarget_Flee.json","1984","AFD39E3165ED847D483EBA6839B47672C937AFA00EA5B47876669B36001CEA65"
"npc-roles","Component_Instruction_Generic_Panic","_Core/Components/Selectors/Component_Instruction_Generic_Panic","Server/NPC/Roles/_Core/Components/Selectors/Component_Instruction_Generic_Panic.json","807","0EC9EADDACE5B0A4A6079FCC1A873DA7FB6DDAF2C5648441FFA6A114ECE0F16F"
"npc-roles","Component_Instruction_Generic_Return_Home","_Core/Components/Selectors/Component_Instruction_Generic_Return_Home","Server/NPC/Roles/_Core/Components/Selectors/Component_Instruction_Generic_Return_Home.json","1245","4D86D4BB4F572C2B90672929FA5F3E3816F182E689E5703EB974CC594ED53D72"
"npc-roles","Component_Instruction_Generic_Search","_Core/Components/Selectors/Component_Instruction_Generic_Search","Server/NPC/Roles/_Core/Components/Selectors/Component_Instruction_Generic_Search.json","2856","88460C21CDA07A4A97506C994D154FBC56DA1A9D15571705D70C760EBEE10702"
"npc-roles","Component_Instruction_Intelligent_Idle","_Core/Components/Selectors/Component_Instruction_Intelligent_Idle","Server/NPC/Roles/_Core/Components/Selectors/Component_Instruction_Intelligent_Idle.json","2260","F4B6C4B1B7562DB91BF4A91820FBDE67477DE4FA41A6C2ECD689B06975D1C9FD"
"npc-roles","Component_Instruction_Interaction_Complete_Task_Simple","_Core/Components/Selectors/Component_Instruction_Interaction_Complete_Task_Simple","Server/NPC/Roles/_Core/Components/Selectors/Component_Instruction_Interaction_Complete_Task_Simple.json","1640","7CFEC3587E25CBA17A9C654248D6002F405059B60523FF1724C186C788F49D50"
"npc-roles","Component_Instruction_Interaction_Mount","_Core/Components/Selectors/Component_Instruction_Interaction_Mount","Server/NPC/Roles/_Core/Components/Selectors/Component_Instruction_Interaction_Mount.json","1396","09922FD075684BA4838CB86EC18EF5C5D3C581727956DEAC07CD7113E7EAF4EE"
"npc-roles","Component_Instruction_Interaction_Reputation","_Core/Components/Selectors/Component_Instruction_Interaction_Reputation","Server/NPC/Roles/_Core/Components/Selectors/Component_Instruction_Interaction_Reputation.json","1399","C0FAA88CB19F3DA7A98D913CFBAEE0E00FC0EDECC24C900C41AF270DE6E8D7C4"
"npc-roles","Component_Instruction_Interaction_Simple","_Core/Components/Selectors/Component_Instruction_Interaction_Simple","Server/NPC/Roles/_Core/Components/Selectors/Component_Instruction_Interaction_Simple.json","1069","5794A5AE0BCBF8388356F0970509E18D277ADED6829F7B4366E2FD85E63A1403"
"npc-roles","Component_Instruction_Wild_Panic_Aggressive","_Core/Components/Selectors/Component_Instruction_Wild_Panic_Aggressive","Server/NPC/Roles/_Core/Components/Selectors/Component_Instruction_Wild_Panic_Aggressive.json","1989","2A2D91B85F67EDEF6ACA6138059D9C1C4F5C1797917943EE4FD179EFEC4856CA"
"npc-roles","Component_Instruction_Wild_Panic_Passive","_Core/Components/Selectors/Component_Instruction_Wild_Panic_Passive","Server/NPC/Roles/_Core/Components/Selectors/Component_Instruction_Wild_Panic_Passive.json","1109","A1282BBDDD1DEE76302AFDD364DD1AA33ADB75409B88E0A257571EDCED6F6740"
"npc-roles","Component_Instruction_Wild_Sleep_State","_Core/Components/Selectors/Component_Instruction_Wild_Sleep_State","Server/NPC/Roles/_Core/Components/Selectors/Component_Instruction_Wild_Sleep_State.json","3116","29DA24CEF90AD083EE8FB41D8EF659146120DFA1EE6F3FEAE1A3DAD1F506E191"
"npc-roles","Component_Sensor_Day","_Core/Components/Sensors/Component_Sensor_Day","Server/NPC/Roles/_Core/Components/Sensors/Component_Sensor_Day.json","459","97D0D2C9A7C73BD9B05463235C68F31955599F4CB30280D80544DF575243C37C"
"npc-roles","Component_Sensor_Is_Indoors","_Core/Components/Sensors/Component_Sensor_Is_Indoors","Server/NPC/Roles/_Core/Components/Sensors/Component_Sensor_Is_Indoors.json","118","D1F9C23F718F59878A470A99A68003F0F80545AD89D461932356E487C7EDC9F0"
"npc-roles","Component_Sensor_Leads_Flock","_Core/Components/Sensors/Component_Sensor_Leads_Flock","Server/NPC/Roles/_Core/Components/Sensors/Component_Sensor_Leads_Flock.json","596","3FB125A09D87F509F9D627B791E955C3A909D453D17AA0B753F7EF305A9B24EC"
"npc-roles","Component_Sensor_Lost_Target_Detection","_Core/Components/Sensors/Component_Sensor_Lost_Target_Detection","Server/NPC/Roles/_Core/Components/Sensors/Component_Sensor_Lost_Target_Detection.json","1967","CD2DEB7EF601DE8F41D40CE02F3905C90C2196E741CB0F1D94531BF5C7EA031C"
"npc-roles","Component_Sensor_Night","_Core/Components/Sensors/Component_Sensor_Night","Server/NPC/Roles/_Core/Components/Sensors/Component_Sensor_Night.json","453","0C55A74D8CBAC6C16FD7C02195B524AA3ECF55B373CE042DC055D2A968EAEAD4"
"npc-roles","Component_Sensor_Player_Hidden_Nearby","_Core/Components/Sensors/Component_Sensor_Player_Hidden_Nearby","Server/NPC/Roles/_Core/Components/Sensors/Component_Sensor_Player_Hidden_Nearby.json","1822","CCFB71A5CCA2C65BEE8C9F5DB2A0977B98297A1B90A51E1BFDF6EFADA9B58400"
"npc-roles","Component_Sensor_Scent_By_Attitude","_Core/Components/Sensors/Component_Sensor_Scent_By_Attitude","Server/NPC/Roles/_Core/Components/Sensors/Component_Sensor_Scent_By_Attitude.json","1574","35443C8E6C60A09E67ADE75859B549F5E7EEFDC691BFE9E4F8A86799977CE38E"
"npc-roles","Component_Sensor_Sight","_Core/Components/Sensors/Component_Sensor_Sight","Server/NPC/Roles/_Core/Components/Sensors/Component_Sensor_Sight.json","792","F178C6F971BD656C4E3CE7C84CD2D0B28BBD0803D25C46CA528D55CDCD000FF5"
"npc-roles","Component_Sensor_Sight_By_Attitude","_Core/Components/Sensors/Component_Sensor_Sight_By_Attitude","Server/NPC/Roles/_Core/Components/Sensors/Component_Sensor_Sight_By_Attitude.json","1667","CBA944CA1F22B9F2D0A2D532234CA356587C0EFC3D4C5BD81435D7FA854343AE"
"npc-roles","Component_Sensor_Sight_Or_Sound_Combined","_Core/Components/Sensors/Component_Sensor_Sight_Or_Sound_Combined","Server/NPC/Roles/_Core/Components/Sensors/Component_Sensor_Sight_Or_Sound_Combined.json","1125","9E52328A89A25BCA02463BC8038EA789EA3C72E4530DFE6B8FFF8368D6180747"
"npc-roles","Component_Sensor_Sight_With_Light_By_Attitude","_Core/Components/Sensors/Component_Sensor_Sight_With_Light_By_Attitude","Server/NPC/Roles/_Core/Components/Sensors/Component_Sensor_Sight_With_Light_By_Attitude.json","2147","711067D6611D1F014048224E1273DE584E42D96DACF34584F37D35F3CF6F0926"
"npc-roles","Component_Sensor_Sound","_Core/Components/Sensors/Component_Sensor_Sound","Server/NPC/Roles/_Core/Components/Sensors/Component_Sensor_Sound.json","832","A2502DDF092D791F98EDE1DD822428D151ABB2E0B99C5DD15DABA2BF89B8454E"
"npc-roles","Component_Sensor_Sound_By_Attitude","_Core/Components/Sensors/Component_Sensor_Sound_By_Attitude","Server/NPC/Roles/_Core/Components/Sensors/Component_Sensor_Sound_By_Attitude.json","1765","3F0F890B54FFEB12D30476EB4CE49570BB4B7CB74EE591CFA38FC2AF67AEE53E"
"npc-roles","Component_Sensor_Standard_Detection","_Core/Components/Sensors/Component_Sensor_Standard_Detection","Server/NPC/Roles/_Core/Components/Sensors/Component_Sensor_Standard_Detection.json","3927","12AB855CEDB21706DABBC4B521EA99B5C17FD3A08DBA4BBF8FD02CFCACCCAC17"
"npc-roles","Component_Sensor_Target_Hidden_Nearby","_Core/Components/Sensors/Component_Sensor_Target_Hidden_Nearby","Server/NPC/Roles/_Core/Components/Sensors/Component_Sensor_Target_Hidden_Nearby.json","2628","0726EC9796BDEF110054BBE20F718B4F85BC18EDED47A1661588A02180F2EC03"
"npc-roles","Component_Sensor_Threatened","_Core/Components/Sensors/Component_Sensor_Threatened","Server/NPC/Roles/_Core/Components/Sensors/Component_Sensor_Threatened.json","1257","E354F5A3949B67D458428D2988763B0946761723FBC33406121F866207178F5C"
"npc-roles","Component_Sensor_Timed_Nap","_Core/Components/Sensors/Component_Sensor_Timed_Nap","Server/NPC/Roles/_Core/Components/Sensors/Component_Sensor_Timed_Nap.json","183","D66DA8F85FC9EDFEA5364BC0A9D2CB31F2775461ACB3F5B4DDE71B6FB084F6A7"
"npc-roles","Test_Is_Indoors_Component","_Core/Components/Sensors/Test_Is_Indoors_Component","Server/NPC/Roles/_Core/Components/Sensors/Test_Is_Indoors_Component.json","1241","6D56BBDA37F058833C2E65CE18441246A29FD9F3BB7ACE38DEF5AC1D83F4AAC6"
"npc-roles","Component_Instruction_Allied_Damage_Check","_Core/Components/Steps/Component_Instruction_Allied_Damage_Check","Server/NPC/Roles/_Core/Components/Steps/Component_Instruction_Allied_Damage_Check.json","1561","B2FD9BC6C12EEF1CDE88AC549B5C79351CC94ABB9195A933F801B301754D934F"
"npc-roles","Component_Instruction_Attack_Sequence_Temp","_Core/Components/Steps/Component_Instruction_Attack_Sequence_Temp","Server/NPC/Roles/_Core/Components/Steps/Component_Instruction_Attack_Sequence_Temp.json","870","57220857A116F68BA0BFF3124F0E56CCCF36E30E5883F1B064A9341454AA48D4"
"npc-roles","Component_Instruction_Attack_Sequence_Temp_Ranged","_Core/Components/Steps/Component_Instruction_Attack_Sequence_Temp_Ranged","Server/NPC/Roles/_Core/Components/Steps/Component_Instruction_Attack_Sequence_Temp_Ranged.json","902","776D6FD12BE22019D52AC6B294B1E5E7CDAFB7E439B3BC8DE24176B98065F84F"
"npc-roles","Component_Instruction_Clear_Status_Animation","_Core/Components/Steps/Component_Instruction_Clear_Status_Animation","Server/NPC/Roles/_Core/Components/Steps/Component_Instruction_Clear_Status_Animation.json","253","31EC1A5F933C08862F23C7E3208167B9A6612CBFAE2F561153FE14B406DE03D2"
"npc-roles","Component_Instruction_Combat_Back_Off","_Core/Components/Steps/Component_Instruction_Combat_Back_Off","Server/NPC/Roles/_Core/Components/Steps/Component_Instruction_Combat_Back_Off.json","4290","77BB7A944333DB0EE94625532A852B8FF822CE5EE9A1B4F94392FDF7FC355740"
"npc-roles","Component_Instruction_Combat_Flock_Take_Turns","_Core/Components/Steps/Component_Instruction_Combat_Flock_Take_Turns","Server/NPC/Roles/_Core/Components/Steps/Component_Instruction_Combat_Flock_Take_Turns.json","10667","7FC607197D27C213A28C7E89FECB3ABFC32F27A9307F9A671922514284C4BBE9"
"npc-roles","Component_Instruction_Combat_Retreat","_Core/Components/Steps/Component_Instruction_Combat_Retreat","Server/NPC/Roles/_Core/Components/Steps/Component_Instruction_Combat_Retreat.json","1873","F65595F0B0D5F97C894167FAB3ACFFB80E72146D983051492610632B81EF7FFF"
"npc-roles","Component_Instruction_Combat_Target_Swap","_Core/Components/Steps/Component_Instruction_Combat_Target_Swap","Server/NPC/Roles/_Core/Components/Steps/Component_Instruction_Combat_Target_Swap.json","3598","734437340C913C248DC7C94649AEE04AA738A215A8ECC0C241AD0DB687C3AF3D"
"npc-roles","Component_Instruction_Damage_Check","_Core/Components/Steps/Component_Instruction_Damage_Check","Server/NPC/Roles/_Core/Components/Steps/Component_Instruction_Damage_Check.json","1295","F0B09A96A1789DC3194766778B6E30E7C0771E78B3EE6F0FD3A4DDE3A168F15C"
"npc-roles","Component_Instruction_Graze","_Core/Components/Steps/Component_Instruction_Graze","Server/NPC/Roles/_Core/Components/Steps/Component_Instruction_Graze.json","1502","B8927B9EFBBA8DAAD757D9BAE408C7C779F7A6AD575EFAC7327EDCC919390898"
"npc-roles","Component_Instruction_Intelligent_Chase","_Core/Components/Steps/Component_Instruction_Intelligent_Chase","Server/NPC/Roles/_Core/Components/Steps/Component_Instruction_Intelligent_Chase.json","7181","B6C850AC932066777457DF8B3011F0C87335FBEFF0066050E57D110AC7FD8250"
"npc-roles","Component_Instruction_Intelligent_Idle_Motion_Configurable_Leashed_Wander","_Core/Components/Steps/Component_Instruction_Intelligent_Idle_Motion_Configurable_Leashed_Wander","Server/NPC/Roles/_Core/Components/Steps/Component_Instruction_Intelligent_Idle_Motion_Configurable_Leashed_Wander.json","2566","297D68EEFC9BA59156CDFEB2B220BB534F3D54676BEFD19A603647CCF53C36FF"
"npc-roles","Component_Instruction_Intelligent_Idle_Motion_Follow_Path","_Core/Components/Steps/Component_Instruction_Intelligent_Idle_Motion_Follow_Path","Server/NPC/Roles/_Core/Components/Steps/Component_Instruction_Intelligent_Idle_Motion_Follow_Path.json","774","1961DE0E342A3F31CA7FF8557F4A2347C36077EE8163CE3DCF3A659816F69350"
"npc-roles","Component_Instruction_Intelligent_Idle_Motion_Leashed_Wander","_Core/Components/Steps/Component_Instruction_Intelligent_Idle_Motion_Leashed_Wander","Server/NPC/Roles/_Core/Components/Steps/Component_Instruction_Intelligent_Idle_Motion_Leashed_Wander.json","1877","E5ADF4BC4C6E262FA0A47451653CADD5EF8749140998308F2F357DF035C1BA3C"
"npc-roles","Component_Instruction_Intelligent_Idle_Motion_Wander","_Core/Components/Steps/Component_Instruction_Intelligent_Idle_Motion_Wander","Server/NPC/Roles/_Core/Components/Steps/Component_Instruction_Intelligent_Idle_Motion_Wander.json","1626","392001C2C922F72792D622D33D4ABFD98339E5D6EBC09443A6DDF3B14020522D"
"npc-roles","Component_Instruction_Intelligent_Idle_Motion_Wander_Far","_Core/Components/Steps/Component_Instruction_Intelligent_Idle_Motion_Wander_Far","Server/NPC/Roles/_Core/Components/Steps/Component_Instruction_Intelligent_Idle_Motion_Wander_Far.json","1660","EE9DA57C8FC2A4F8DC75C5D84E9CC5280799FEEA7D26954FE9F7929B663669FB"
"npc-roles","Component_Instruction_Intelligent_Switch_To_Ranged_Attack","_Core/Components/Steps/Component_Instruction_Intelligent_Switch_To_Ranged_Attack","Server/NPC/Roles/_Core/Components/Steps/Component_Instruction_Intelligent_Switch_To_Ranged_Attack.json","2265","6F410C73F97BEE6798F66FF4E738C49D36F37744A3CB30F447CA24F04B530D8B"
"npc-roles","Component_Instruction_Leash_To_Flock_Leader","_Core/Components/Steps/Component_Instruction_Leash_To_Flock_Leader","Server/NPC/Roles/_Core/Components/Steps/Component_Instruction_Leash_To_Flock_Leader.json","1372","3EDBF801567BC3394D815BECE11651DC89F0FDC18132F73FA0C26BA58530A92F"
"npc-roles","Component_Instruction_Null","_Core/Components/Steps/Component_Instruction_Null","Server/NPC/Roles/_Core/Components/Steps/Component_Instruction_Null.json","134","DC6AE979FCF8E1EA2E1332038B287DAA139C6BBB736B9CA45C8A9A7C0BF3EE64"
"npc-roles","Component_Instruction_Play_Animation","_Core/Components/Steps/Component_Instruction_Play_Animation","Server/NPC/Roles/_Core/Components/Steps/Component_Instruction_Play_Animation.json","414","D29FC56E05DA9FF2B473A1ED82EC2BF1A060FEE336BE4D46339AD64F39025D6E"
"npc-roles","Component_Instruction_Play_Animation_In_State_For_Duration","_Core/Components/Steps/Component_Instruction_Play_Animation_In_State_For_Duration","Server/NPC/Roles/_Core/Components/Steps/Component_Instruction_Play_Animation_In_State_For_Duration.json","735","9F700B04FE3E9C982B2A448AC1692006E6A3551CE5CC4FCCE852E42601045ABE"
"npc-roles","Component_Instruction_Sight_Or_Sound_Check","_Core/Components/Steps/Component_Instruction_Sight_Or_Sound_Check","Server/NPC/Roles/_Core/Components/Steps/Component_Instruction_Sight_Or_Sound_Check.json","2412","C7BD2593D3D6D7516C85B3BBACDB7BA61862DEFBE4D0F6F17A886C3A501E01F2"
"npc-roles","Component_Instruction_Simple_Combat_Action_Evaluator","_Core/Components/Steps/Component_Instruction_Simple_Combat_Action_Evaluator","Server/NPC/Roles/_Core/Components/Steps/Component_Instruction_Simple_Combat_Action_Evaluator.json","2041","C24062DF500000B7F4A25F56CF2701A0F95A1628C614060A87A584BD14E27612"
"npc-roles","Component_Instruction_Simple_Soft_Leash","_Core/Components/Steps/Component_Instruction_Simple_Soft_Leash","Server/NPC/Roles/_Core/Components/Steps/Component_Instruction_Simple_Soft_Leash.json","360","B745668E4C1DA72E43A355DC02EE19F27B02D0087B3972AA6B20EA01B124F462"
"npc-roles","Component_Instruction_Soft_Leash","_Core/Components/Steps/Component_Instruction_Soft_Leash","Server/NPC/Roles/_Core/Components/Steps/Component_Instruction_Soft_Leash.json","3094","6469877CC846F7B5F22168AF8AE3956B47CC20F8B0EAAEEF0BE831BC75F505C3"
"npc-roles","Component_Instruction_Spread_Out","_Core/Components/Steps/Component_Instruction_Spread_Out","Server/NPC/Roles/_Core/Components/Steps/Component_Instruction_Spread_Out.json","709","C540612331E460542EB8051DAD0E3E3E6AF912577D9AB5D7CE6F5A6BFFF6E9FF"
"npc-roles","Component_Instruction_State_Timeout","_Core/Components/Steps/Component_Instruction_State_Timeout","Server/NPC/Roles/_Core/Components/Steps/Component_Instruction_State_Timeout.json","473","CF7961D8399C4EC3E6173CB7AEAA67DCB30F551497A5681A143C837435C07A75"
"npc-roles","Component_Instruction_Stationary_Idle","_Core/Components/Steps/Component_Instruction_Stationary_Idle","Server/NPC/Roles/_Core/Components/Steps/Component_Instruction_Stationary_Idle.json","415","85DFB696B4C1C3F8497E7259F4DD71A7457BD5A3E74AF57B9544FB379C9B3313"
"npc-roles","Component_Instruction_Target_Adjusted_Attack","_Core/Components/Steps/Component_Instruction_Target_Adjusted_Attack","Server/NPC/Roles/_Core/Components/Steps/Component_Instruction_Target_Adjusted_Attack.json","4734","CF919BA76BB12989A56CC5B489F7E30D74E852707CCB0049FA3B1D6937276F67"
"npc-roles","Component_Instruction_Target_Adjusted_Attack_Melee","_Core/Components/Steps/Component_Instruction_Target_Adjusted_Attack_Melee","Server/NPC/Roles/_Core/Components/Steps/Component_Instruction_Target_Adjusted_Attack_Melee.json","2709","45C63F868649DDAE79CF600A52D19E30FAA65092BD8F617B3A3B81C5EF66B165"
"npc-roles","Component_Instruction_Waking_Idle","_Core/Components/Steps/Component_Instruction_Waking_Idle","Server/NPC/Roles/_Core/Components/Steps/Component_Instruction_Waking_Idle.json","1285","0913BA4912379450D78A0D4182FC20A1F13675D0C44C4139B66B4FC5849CACB3"
"npc-roles","Template_Placeholder","_Core/Template_Placeholder","Server/NPC/Roles/_Core/Template_Placeholder.json","1928","506EA73D8AA5CEAEA66554FB5E981444421A53EBB22A0762EFA35B01DF6551AF"
"npc-roles","Template_Eye","_Core/Templates/Deprecated/Template_Eye","Server/NPC/Roles/_Core/Templates/Deprecated/Template_Eye.json","24248","CD3BEB28F6AAFD2854EFFC1B0BB89E3851891DB34DB73998FE169BB6BA79180A"
"npc-roles","Template_Scarak_Seeker","_Core/Templates/Deprecated/Template_Scarak_Seeker","Server/NPC/Roles/_Core/Templates/Deprecated/Template_Scarak_Seeker.json","9351","6EFE625FCCFAC1586040660E554AFD879F71A8632E58BC312E1BB27C8BDD4951"
"npc-roles","Template_Spirit","_Core/Templates/Deprecated/Template_Spirit","Server/NPC/Roles/_Core/Templates/Deprecated/Template_Spirit.json","21132","BDF18492E39E1675C059A96B80D2C64C3925347F3792381DF8CF42FFB0FF5212"
"npc-roles","Template_Animal_Neutral","_Core/Templates/Template_Animal_Neutral","Server/NPC/Roles/_Core/Templates/Template_Animal_Neutral.json","55773","EB43638BF186AB29078E4513BAE5C9C73BF65CE8C61B13904033FE2726F5ABE1"
"npc-roles","Template_Beasts_Passive_Cactee","_Core/Templates/Template_Beasts_Passive_Cactee","Server/NPC/Roles/_Core/Templates/Template_Beasts_Passive_Cactee.json","23854","CD54A60024A3261AACAFE81F8A09F9DC9ED31CFF973B8D1A43C7417433E1C4C2"
"npc-roles","Template_Beasts_Passive_Critter","_Core/Templates/Template_Beasts_Passive_Critter","Server/NPC/Roles/_Core/Templates/Template_Beasts_Passive_Critter.json","13148","2B5772B15E811F0311F209BDB5854AC1B489294F7FFFEEC4599E646D8F5A33CE"
"npc-roles","Template_Birds_Passive","_Core/Templates/Template_Birds_Passive","Server/NPC/Roles/_Core/Templates/Template_Birds_Passive.json","16096","414BF2343A90A193C0052563249DF9E113FB4449409363CF3DA44EABBDF54D2A"
"npc-roles","Template_Edible_Critter","_Core/Templates/Template_Edible_Critter","Server/NPC/Roles/_Core/Templates/Template_Edible_Critter.json","3834","E77FB7E7301B8E9AED98D86820C596D08800CC427CDC4F8C4BB6DA6BABED6397"
"npc-roles","Template_Flying_Aggressive","_Core/Templates/Template_Flying_Aggressive","Server/NPC/Roles/_Core/Templates/Template_Flying_Aggressive.json","26752","3785842DB2E6A3EDF35F3E81B18C1497577538F6352E0A8E6549C80408FB3770"
"npc-roles","Template_Intelligent","_Core/Templates/Template_Intelligent","Server/NPC/Roles/_Core/Templates/Template_Intelligent.json","75212","9CCA6703D8FFE1AECA9E73469C560248BDF782FFD41E9D719FCD73F8FA29D211"
"npc-roles","Template_Livestock","_Core/Templates/Template_Livestock","Server/NPC/Roles/_Core/Templates/Template_Livestock.json","81345","C14881D8523F1866827336533CB11DAC6B5962A3758F7E3AE4C5D892D2AF0FED"
"npc-roles","Template_Predator","_Core/Templates/Template_Predator","Server/NPC/Roles/_Core/Templates/Template_Predator.json","82802","A9E4487E3C46D8381D565C47A65854C97B95337E17F590E5D059625536F0DD59"
"npc-roles","Template_Summoned_Ally","_Core/Templates/Template_Summoned_Ally","Server/NPC/Roles/_Core/Templates/Template_Summoned_Ally.json","37228","51C32B985347FEACD66D01435A130AFB64BE3B1A7AC551B61D819E1FEE0D3EC1"
"npc-roles","Template_Swimming_Aggressive","_Core/Templates/Template_Swimming_Aggressive","Server/NPC/Roles/_Core/Templates/Template_Swimming_Aggressive.json","19374","21FED958A8A2CE3703A5C9E5EF02E2E0079575C6C657016C182704C13B60C31E"
"npc-roles","Template_Swimming_Passive","_Core/Templates/Template_Swimming_Passive","Server/NPC/Roles/_Core/Templates/Template_Swimming_Passive.json","12334","2040CC7FF43F19D78F88DFC1DF67E6BFD72981367BDB28F63CB728C803E8F51B"
"npc-roles","Template_Temple","_Core/Templates/Template_Temple","Server/NPC/Roles/_Core/Templates/Template_Temple.json","14171","5985F07EB95626F626827B5AB2FE54D4CF018B0DDDF59EA88247C5576931BDBF"
"npc-roles","Template_Combat_Balancing","_Core/Tests_Development/Template_Combat_Balancing","Server/NPC/Roles/_Core/Tests_Development/Template_Combat_Balancing.json","17505","068303E63D417DE9252826D954EBEDC22685D59EB8B6E2CFD80D73DB18B49BD2"
"npc-roles","Test_Action_Random","_Core/Tests_Development/Test_Action_Random","Server/NPC/Roles/_Core/Tests_Development/Test_Action_Random.json","3422","8806457B9C596591DE57547F4E97F8AE5D28E3BA2BA40708D4A97217546F7C60"
"npc-roles","Test_Altitude_Filter","_Core/Tests_Development/Test_Altitude_Filter","Server/NPC/Roles/_Core/Tests_Development/Test_Altitude_Filter.json","1462","533831A22BCCB94657FB2C6B911F359D26B628CFEBC67EC219077BD228948A5F"
"npc-roles","Test_Apply_EntityEffect","_Core/Tests_Development/Test_Apply_EntityEffect","Server/NPC/Roles/_Core/Tests_Development/Test_Apply_EntityEffect.json","1164","CF97A226D3BB743C1BA76B66566EACF91AD31C85676433C201A300F1A1AA2FD9"
"npc-roles","Test_ApplyForce","_Core/Tests_Development/Test_ApplyForce","Server/NPC/Roles/_Core/Tests_Development/Test_ApplyForce.json","1231","2971B6C55A3CD2610126A0ECF41AE15FCB822FB8191DAEDB3089364A163F2ECF"
"npc-roles","Test_Bow_Charge","_Core/Tests_Development/Test_Bow_Charge","Server/NPC/Roles/_Core/Tests_Development/Test_Bow_Charge.json","1784","3497DFB74F44BDB0F1302BC63987B907E91C70776A96E35A491B455C6A83524D"
"npc-roles","Test_Can_Join_Flock","_Core/Tests_Development/Test_Can_Join_Flock","Server/NPC/Roles/_Core/Tests_Development/Test_Can_Join_Flock.json","1093","4639CB11CA9BBC60F5F05C57270E5C0B4C0144C8DF0C166AE3528DA3F28FB4F0"
"npc-roles","Test_Charge_Aiming","_Core/Tests_Development/Test_Charge_Aiming","Server/NPC/Roles/_Core/Tests_Development/Test_Charge_Aiming.json","1097","05009D1D94F3C443C845ABDD9E563A996B3831ACC93460F53341D86AA74C7444"
"npc-roles","Test_Combat_Absolute_Stat","_Core/Tests_Development/Test_Combat_Absolute_Stat","Server/NPC/Roles/_Core/Tests_Development/Test_Combat_Absolute_Stat.json","164","49A94637C84F60702B1E85172586E78F48DD4F783BD8F4C03514B2E0D1FF460C"
"npc-roles","Test_Combat_Action_Charge","_Core/Tests_Development/Test_Combat_Action_Charge","Server/NPC/Roles/_Core/Tests_Development/Test_Combat_Action_Charge.json","164","2C85BD73D63767D2C5A1E71F8AF5F7F797B9058F6183FE946C5C4B40669E5EE0"
"npc-roles","Test_Combat_Action_Evaluator","_Core/Tests_Development/Test_Combat_Action_Evaluator","Server/NPC/Roles/_Core/Tests_Development/Test_Combat_Action_Evaluator.json","5975","325A0610B0EC197DAEC477667B7691016886B6F16F8BA746EB2489583F684095"
"npc-roles","Test_Combat_Action_Evaluator_Damage","_Core/Tests_Development/Test_Combat_Action_Evaluator_Damage","Server/NPC/Roles/_Core/Tests_Development/Test_Combat_Action_Evaluator_Damage.json","174","A413F2D0C167FC5A846C4A4D5498A30E56A9075180A2E809E00EE380D7E6FABF"
"npc-roles","Test_Combat_Action_Evaluator_Movement_State","_Core/Tests_Development/Test_Combat_Action_Evaluator_Movement_State","Server/NPC/Roles/_Core/Tests_Development/Test_Combat_Action_Evaluator_Movement_State.json","182","ECAF6EAC981C987A3964477DF569CE43E2505ECB10EA9EF77D871862A549EF5A"
"npc-roles","Test_Combat_Action_Evaluator_No_Ranged","_Core/Tests_Development/Test_Combat_Action_Evaluator_No_Ranged","Server/NPC/Roles/_Core/Tests_Development/Test_Combat_Action_Evaluator_No_Ranged.json","177","58A9DE4FC3288EE7010DA79FE42651FD7F4930A31F263207AEAA602D5AC91F41"
"npc-roles","Test_Combat_Balancing","_Core/Tests_Development/Test_Combat_Balancing","Server/NPC/Roles/_Core/Tests_Development/Test_Combat_Balancing.json","1717","0EA8440FF26DD099D8EBF6DBEF942E5C803105FCD6C8DB01F737FDC06B03EA2B"
"npc-roles","Test_Combat_Charged_Attack","_Core/Tests_Development/Test_Combat_Charged_Attack","Server/NPC/Roles/_Core/Tests_Development/Test_Combat_Charged_Attack.json","165","CC1018C81B6F6C10EB93B7C01A6FD6083B638D346F506337BCBDCFC64AD734B7"
"npc-roles","Test_Combat_Elite_Goblin","_Core/Tests_Development/Test_Combat_Elite_Goblin","Server/NPC/Roles/_Core/Tests_Development/Test_Combat_Elite_Goblin.json","6308","C5E1E6E37DD4D278ED3393FBA01FAEE6FB927A835169BA4414A85D0EB5B3A56F"
"npc-roles","Test_Combat_Knight","_Core/Tests_Development/Test_Combat_Knight","Server/NPC/Roles/_Core/Tests_Development/Test_Combat_Knight.json","6094","F5039736D7E2DE6883142C5C2AB44658AD15C0B16938C8B7CC772458A3EC9BBE"
"npc-roles","Test_Combat_Long_Basic_Attack_Cooldown","_Core/Tests_Development/Test_Combat_Long_Basic_Attack_Cooldown","Server/NPC/Roles/_Core/Tests_Development/Test_Combat_Long_Basic_Attack_Cooldown.json","176","254B35A5F849C964E58A5F0DE4C292230A40B416A3C873C0356F7B05487CC3A3"
"npc-roles","Test_Combat_Sensor_Sheep","_Core/Tests_Development/Test_Combat_Sensor_Sheep","Server/NPC/Roles/_Core/Tests_Development/Test_Combat_Sensor_Sheep.json","3510","BA032197C819D281E1973EB605C766A30A4235613E6638933CCAACFBDA9818B9"
"npc-roles","Test_Combat_Target_Count","_Core/Tests_Development/Test_Combat_Target_Count","Server/NPC/Roles/_Core/Tests_Development/Test_Combat_Target_Count.json","163","CDDBA7E46B6C444037E308B6B11A7B8F5A1147D82789778DCD61A5896677CB5A"
"npc-roles","Test_Constraints_Flee_Legacy_Relaxed","_Core/Tests_Development/Test_Constraints_Flee_Legacy_Relaxed","Server/NPC/Roles/_Core/Tests_Development/Test_Constraints_Flee_Legacy_Relaxed.json","898","8AE08E1B08383932CE3EA6F1AC4FC39AEEF47AADF6BA457A28F2FCC50ADAF912"
"npc-roles","Test_Constraints_Flee_Legacy_Unrelaxed","_Core/Tests_Development/Test_Constraints_Flee_Legacy_Unrelaxed","Server/NPC/Roles/_Core/Tests_Development/Test_Constraints_Flee_Legacy_Unrelaxed.json","1041","CB5EB5115F75B5992BB7729F2808E060E7F3FC73A83BFEA9243F5FA87D9E32A1"
"npc-roles","Test_Constraints_Seek_Breathe","_Core/Tests_Development/Test_Constraints_Seek_Breathe","Server/NPC/Roles/_Core/Tests_Development/Test_Constraints_Seek_Breathe.json","972","DD8F633FA1FF8D6456BF1ECCF12CC8C3AC278D293B96D2348094D5824BCFE702"
"npc-roles","Test_Constraints_Seek_Drop","_Core/Tests_Development/Test_Constraints_Seek_Drop","Server/NPC/Roles/_Core/Tests_Development/Test_Constraints_Seek_Drop.json","966","9F62E4BBA8339B7873931A986FE20C0848E0642D8694DDA19AED3290D9A3730F"
"npc-roles","Test_Constraints_Seek_Fence","_Core/Tests_Development/Test_Constraints_Seek_Fence","Server/NPC/Roles/_Core/Tests_Development/Test_Constraints_Seek_Fence.json","967","4FA639FB23F9626AC0366F5E4578BDBC888038A40BC6C30586D341C2E91DB30B"
"npc-roles","Test_Constraints_Seek_Legacy_Relaxed","_Core/Tests_Development/Test_Constraints_Seek_Legacy_Relaxed","Server/NPC/Roles/_Core/Tests_Development/Test_Constraints_Seek_Legacy_Relaxed.json","975","EB26338E1FE979F8F6C0A2DCBE914B723C4E5C4ADD1C9DD0FEDCF261AA9483C7"
"npc-roles","Test_Constraints_Seek_Legacy_Relaxed_Small","_Core/Tests_Development/Test_Constraints_Seek_Legacy_Relaxed_Small","Server/NPC/Roles/_Core/Tests_Development/Test_Constraints_Seek_Legacy_Relaxed_Small.json","971","C87F3CFB16547E2EB39DF26205A8462BFF9EA71E74693B46A29DF33BD88D119F"
"npc-roles","Test_Constraints_Seek_Legacy_Unrelaxed","_Core/Tests_Development/Test_Constraints_Seek_Legacy_Unrelaxed","Server/NPC/Roles/_Core/Tests_Development/Test_Constraints_Seek_Legacy_Unrelaxed.json","978","C5B44C3BEB9BD45995E75687016EA20C5398C3CA022BBFF06B0E14416852BD5A"
"npc-roles","Test_Constraints_Seek_Legacy_Unrelaxed_Small","_Core/Tests_Development/Test_Constraints_Seek_Legacy_Unrelaxed_Small","Server/NPC/Roles/_Core/Tests_Development/Test_Constraints_Seek_Legacy_Unrelaxed_Small.json","974","8B9AE497EE2FBAB333ED7746E4458DCF68EF9462E0D6FB57D6494F42D85F1210"
"npc-roles","Test_Constraints_Seek_None","_Core/Tests_Development/Test_Constraints_Seek_None","Server/NPC/Roles/_Core/Tests_Development/Test_Constraints_Seek_None.json","959","670D57E7CF8DB2F84646D7371299801DD8BAA58518E8C0DCB32D50C6CC0163AF"
"npc-roles","Test_Constraints_Seek_Wade","_Core/Tests_Development/Test_Constraints_Seek_Wade","Server/NPC/Roles/_Core/Tests_Development/Test_Constraints_Seek_Wade.json","966","BF10C576D1782CED7DFEAE64AC7CEAB53E38BE9692A491B89BE4A80C0591181D"
"npc-roles","Test_Constraints_Seek_Wade_Breathe","_Core/Tests_Development/Test_Constraints_Seek_Wade_Breathe","Server/NPC/Roles/_Core/Tests_Development/Test_Constraints_Seek_Wade_Breathe.json","985","A3CDC3EA997E666A90C927B5AFCEE518193FCF668C22CB278978BFC3ABB34C04"
"npc-roles","Test_Constraints_Wander_Legacy_Relaxed","_Core/Tests_Development/Test_Constraints_Wander_Legacy_Relaxed","Server/NPC/Roles/_Core/Tests_Development/Test_Constraints_Wander_Legacy_Relaxed.json","853","F20A5140303C853064AEEED794EF6720F8298BDBB48C79B7509CBD170A971FC4"
"npc-roles","Test_Constraints_Wander_Legacy_Unrelaxed","_Core/Tests_Development/Test_Constraints_Wander_Legacy_Unrelaxed","Server/NPC/Roles/_Core/Tests_Development/Test_Constraints_Wander_Legacy_Unrelaxed.json","856","718AC0D5F5166054B020F70B479D53BFAF6D1710076812CAF3DDEBA2FD131E2A"
"npc-roles","Test_Die","_Core/Tests_Development/Test_Die","Server/NPC/Roles/_Core/Tests_Development/Test_Die.json","716","F13C487154353518CA2EEA2FFEF9F39928B513CF24687F2BF41CB6D3844E5B2E"
"npc-roles","Test_Disabled_Combat_Collector","_Core/Tests_Development/Test_Disabled_Combat_Collector","Server/NPC/Roles/_Core/Tests_Development/Test_Disabled_Combat_Collector.json","110","5857541369F897EB6E64A25B2989C29EC3D7B25F49DE80DDB0E6BDA7F984B4A9"
"npc-roles","Test_EntityFilter_Walk","_Core/Tests_Development/Test_EntityFilter_Walk","Server/NPC/Roles/_Core/Tests_Development/Test_EntityFilter_Walk.json","1091","9DCB1E4A8BB9FBD049120977FBC2B22D73D9EF8B354D292205E1F6C2C292099F"
"npc-roles","Test_FX_Trail","_Core/Tests_Development/Test_FX_Trail","Server/NPC/Roles/_Core/Tests_Development/Test_FX_Trail.json","920","64D65E965341D981E26448634C75E4B6F692FCA682CAD9DC0954CBEF52C7AA2E"
"npc-roles","Test_Head_Motion_Rotate","_Core/Tests_Development/Test_Head_Motion_Rotate","Server/NPC/Roles/_Core/Tests_Development/Test_Head_Motion_Rotate.json","942","C8429421A7B4135730316C031F96EEFDF59D6CCF7AE1BEB8EC05D53D602D0BB6"
"npc-roles","Test_Head_Motion_Sequence","_Core/Tests_Development/Test_Head_Motion_Sequence","Server/NPC/Roles/_Core/Tests_Development/Test_Head_Motion_Sequence.json","1536","885BCC7D775390E914F376F6A2EF18CCF6F18FE2FCFF771C6C5EF1AEB8176F7A"
"npc-roles","Test_Inside_Block_Filter","_Core/Tests_Development/Test_Inside_Block_Filter","Server/NPC/Roles/_Core/Tests_Development/Test_Inside_Block_Filter.json","1090","8D61B339E6275C63697BD3BA5632A841C8BA192F4395C8531FBD86748D943EFA"
"npc-roles","Test_InteractionVars_Template","_Core/Tests_Development/Test_InteractionVars_Template","Server/NPC/Roles/_Core/Tests_Development/Test_InteractionVars_Template.json","3354","F3AE9B31ACFE74E994F22179B520F6FC8DC6B239C74ABEF82CDC5475D89C50C6"
"npc-roles","Test_InteractionVars_Variant","_Core/Tests_Development/Test_InteractionVars_Variant","Server/NPC/Roles/_Core/Tests_Development/Test_InteractionVars_Variant.json","654","5B708A0746E5D215372E0EFD48480B9F3F22515B2035215867C893F2CAB5CB54"
"npc-roles","Test_Item_Attitude","_Core/Tests_Development/Test_Item_Attitude","Server/NPC/Roles/_Core/Tests_Development/Test_Item_Attitude.json","1555","2999A089124617FE2B653F0B1B5DA786198270B1DCEFA1FFE31A05AB915E5B53"
"npc-roles","Test_Maintain_Distance","_Core/Tests_Development/Test_Maintain_Distance","Server/NPC/Roles/_Core/Tests_Development/Test_Maintain_Distance.json","1336","1A0E7C248306BA4875333B9A95039BB43D4837678398DF3E138A8F643C4E8EA1"
"npc-roles","Test_Maintain_Distance_Melee","_Core/Tests_Development/Test_Maintain_Distance_Melee","Server/NPC/Roles/_Core/Tests_Development/Test_Maintain_Distance_Melee.json","1432","AE3A6155AAC24ED53194218CE86CD8063E23138A6FAABE3906A9CDE91472422D"
"npc-roles","Test_Manual_Beacon","_Core/Tests_Development/Test_Manual_Beacon","Server/NPC/Roles/_Core/Tests_Development/Test_Manual_Beacon.json","950","0F9BB32A82739A60B74FBD05125ABA8D44A4044D42562864811D8FF377B8BECD"
"npc-roles","Test_Motion_Charge","_Core/Tests_Development/Test_Motion_Charge","Server/NPC/Roles/_Core/Tests_Development/Test_Motion_Charge.json","4569","DACB01B31A11143926F5908596FAC7557B8A6853AAA6DE79FE3B41C3F59F869F"
"npc-roles","Test_Motion_Charge_Debug","_Core/Tests_Development/Test_Motion_Charge_Debug","Server/NPC/Roles/_Core/Tests_Development/Test_Motion_Charge_Debug.json","4677","EE2A70620482799FC74D9D88F2D4B553935755D4F3D00050B8963841D6FA7324"
"npc-roles","Test_Motion_Charge_Path","_Core/Tests_Development/Test_Motion_Charge_Path","Server/NPC/Roles/_Core/Tests_Development/Test_Motion_Charge_Path.json","4734","25E52DB5879ED82ECD1ACF2F326DD01A04D9BA755475BE767CA7BB2994182FB5"
"npc-roles","Test_Motion_Charge_Repath","_Core/Tests_Development/Test_Motion_Charge_Repath","Server/NPC/Roles/_Core/Tests_Development/Test_Motion_Charge_Repath.json","4678","C5F63B7FC90B6A360AA2F2CF84B67E92E78A165C3FC72DB43799D38684573CDC"
"npc-roles","Test_Motion_Charge_Rot","_Core/Tests_Development/Test_Motion_Charge_Rot","Server/NPC/Roles/_Core/Tests_Development/Test_Motion_Charge_Rot.json","4573","44EF44FED775D4A1082CB301E5050B9486042BF402B8B21D3E70DC950281C169"
"npc-roles","Test_Motion_Charge_Skip","_Core/Tests_Development/Test_Motion_Charge_Skip","Server/NPC/Roles/_Core/Tests_Development/Test_Motion_Charge_Skip.json","4574","2221262EBC5ED5266E899BD2741A7567F271C1F499EFB47C6DE84D3477ED1D5F"
"npc-roles","Test_Motion_Charge_Slope","_Core/Tests_Development/Test_Motion_Charge_Slope","Server/NPC/Roles/_Core/Tests_Development/Test_Motion_Charge_Slope.json","4575","AE59C3567D1814D62EF42DA50F37036601569A33417EB4F25BAEE563FCC86477"
"npc-roles","Test_Motion_Charge_Speed","_Core/Tests_Development/Test_Motion_Charge_Speed","Server/NPC/Roles/_Core/Tests_Development/Test_Motion_Charge_Speed.json","4573","34F8FBC33CB1D33EA45784CBA69EE0447F6AD9772190A757EA504294071213AC"
"npc-roles","Test_Motion_Charge_States","_Core/Tests_Development/Test_Motion_Charge_States","Server/NPC/Roles/_Core/Tests_Development/Test_Motion_Charge_States.json","4576","5F9DD39DC01845A3B63D60403B18D41E76D340D16CB27950E9905D436FB61E00"
"npc-roles","Test_Motion_Charge_Stop","_Core/Tests_Development/Test_Motion_Charge_Stop","Server/NPC/Roles/_Core/Tests_Development/Test_Motion_Charge_Stop.json","4573","92F8007D6503A4B8D54B36A3F629C8606481CBFF88F90FE79C895E2A347EBA80"
"npc-roles","Test_Motion_Charge_Stun","_Core/Tests_Development/Test_Motion_Charge_Stun","Server/NPC/Roles/_Core/Tests_Development/Test_Motion_Charge_Stun.json","6291","742AC55A8F9B8304E1CC582E9BAA842A974A25B0285FE55A2FEC918496C781CA"
"npc-roles","Test_Only_Basic_Attacks","_Core/Tests_Development/Test_Only_Basic_Attacks","Server/NPC/Roles/_Core/Tests_Development/Test_Only_Basic_Attacks.json","162","ECEA07E52F57C8514A219085D1FBB06C3B9D16B97F27AC1FBD84B5E369B09DEB"
"npc-roles","Test_Patrol_Path","_Core/Tests_Development/Test_Patrol_Path","Server/NPC/Roles/_Core/Tests_Development/Test_Patrol_Path.json","1436","E1F3C87D4E07C0CE948C9D950D2044506A57CE828D946A09C331291A536B8480"
"npc-roles","Test_Patrol_Path_Sweep","_Core/Tests_Development/Test_Patrol_Path_Sweep","Server/NPC/Roles/_Core/Tests_Development/Test_Patrol_Path_Sweep.json","1761","D5818E178E43E7D2EAF950079E70D4AAE673A8673F771562F797B24A6BEADAA6"
"npc-roles","Test_Prioritiser_Provided_Filter","_Core/Tests_Development/Test_Prioritiser_Provided_Filter","Server/NPC/Roles/_Core/Tests_Development/Test_Prioritiser_Provided_Filter.json","1007","B36BD08E5698B6AE7E40109305F6780F354C4C9922798F0F1CCAA1A3FA3C5AEC"
"npc-roles","Test_Remove","_Core/Tests_Development/Test_Remove","Server/NPC/Roles/_Core/Tests_Development/Test_Remove.json","1193","3C266B337ABD6AC4ECF1031290AE72FDC4BDF2D437C1AB66AB7BF5190497B18A"
"npc-roles","Test_Separate_Head_Body_Motion","_Core/Tests_Development/Test_Separate_Head_Body_Motion","Server/NPC/Roles/_Core/Tests_Development/Test_Separate_Head_Body_Motion.json","971","0BFD789C2DBA1DF66572C504DB774DE25E45C3A5A86BB4E20F89D265D9F7CE51"
"npc-roles","Test_Separation_Flee","_Core/Tests_Development/Test_Separation_Flee","Server/NPC/Roles/_Core/Tests_Development/Test_Separation_Flee.json","1084","E87ECFEC0F3A95D73BA766AEBB6A14DDD48459BC15958EF9D68E4186D2FBF965"
"npc-roles","Test_Separation_Flock","_Core/Tests_Development/Test_Separation_Flock","Server/NPC/Roles/_Core/Tests_Development/Test_Separation_Flock.json","2632","69B79A6CE6BEA27A46236387969407EE3918C9B8CC5F4BEBBFB88B6EC55ED202"
"npc-roles","Test_Separation_Maintain","_Core/Tests_Development/Test_Separation_Maintain","Server/NPC/Roles/_Core/Tests_Development/Test_Separation_Maintain.json","1421","46CC8E744274F8BE2C8A737511A139D863E59EA86EEFB9D5DA491E08B3BFD7E5"
"npc-roles","Test_Separation_Maintain_Melee","_Core/Tests_Development/Test_Separation_Maintain_Melee","Server/NPC/Roles/_Core/Tests_Development/Test_Separation_Maintain_Melee.json","1517","3EB6856DED517B4B2625F3A0F41856CAA707AF89863825D5DF8CF65CE8A7F1D8"
"npc-roles","Test_Separation_Path","_Core/Tests_Development/Test_Separation_Path","Server/NPC/Roles/_Core/Tests_Development/Test_Separation_Path.json","941","6CD6A1110264F8B16C251C874ECA5F8040785E59B35A11203D6028FB0CB2ACB0"
"npc-roles","Test_Separation_Seek","_Core/Tests_Development/Test_Separation_Seek","Server/NPC/Roles/_Core/Tests_Development/Test_Separation_Seek.json","1392","3B670727BF9810291B9DC272FD41592305D91D0C8ABB9E5CCB143AD2A671FD11"
"npc-roles","Test_Separation_Stationary","_Core/Tests_Development/Test_Separation_Stationary","Server/NPC/Roles/_Core/Tests_Development/Test_Separation_Stationary.json","776","70AA363973C1FA62A17AD6FB4E095736AE21E97CE3BE98E73904E10B211927D9"
"npc-roles","Test_Separation_Wander","_Core/Tests_Development/Test_Separation_Wander","Server/NPC/Roles/_Core/Tests_Development/Test_Separation_Wander.json","1306","D08F244DC89FAA952632441F0A017C639FCD29981DE4FF1FE74D82C77CD22A25"
"npc-roles","Test_Set_Health_Regen","_Core/Tests_Development/Test_Set_Health_Regen","Server/NPC/Roles/_Core/Tests_Development/Test_Set_Health_Regen.json","1372","89F95C8FEDE1CCB2889EE3727A94D19FE514444A5933B2B3D4E9DC00EA898306"
"npc-roles","Test_Set_Invulnerable","_Core/Tests_Development/Test_Set_Invulnerable","Server/NPC/Roles/_Core/Tests_Development/Test_Set_Invulnerable.json","1228","40F52F882556776068C2692A5AD49378BBED60B73CE16E3AE8F88E7C3913BE0B"
"npc-roles","Test_Set_Stat","_Core/Tests_Development/Test_Set_Stat","Server/NPC/Roles/_Core/Tests_Development/Test_Set_Stat.json","2771","871274F93B2C14932A41D7429ADEEB95531598AA2CAE2B45A0E0D19644C20F57"
"npc-roles","Test_Simple_Positioning","_Core/Tests_Development/Test_Simple_Positioning","Server/NPC/Roles/_Core/Tests_Development/Test_Simple_Positioning.json","162","4A7B831FA74CA4BC99839DEA14827872503B5E619AF600CFFC275478170E1B10"
"npc-roles","Test_Sword_Attack_Charge","_Core/Tests_Development/Test_Sword_Attack_Charge","Server/NPC/Roles/_Core/Tests_Development/Test_Sword_Attack_Charge.json","1323","D12AB6D86E1938BDC293334EB22CF148C44E1C04877AA4109E59BB583D6BD0F3"
"npc-roles","Test_TorchHolder","_Core/Tests_Development/Test_TorchHolder","Server/NPC/Roles/_Core/Tests_Development/Test_TorchHolder.json","955","AD7B8CEACA41B8BADB5BD54708D361D45CA3135F53C600A566F4FBAE56D901EC"
"npc-roles","Test_Weapon_Attack","_Core/Tests_Development/Test_Weapon_Attack","Server/NPC/Roles/_Core/Tests_Development/Test_Weapon_Attack.json","1176","7C7794CD1AFAF8070F9683E76CDC6B9E6D0402C7DFC37127758FCD57E0DAC7AE"
"npc-roles","Test_Beacon","_Core/Tests/Beacons/Test_Beacon","Server/NPC/Roles/_Core/Tests/Beacons/Test_Beacon.json","3052","3E05ED7460F07EAD89464361CF3044657A24185004EDC10097C1C4CE854E4608"
"npc-roles","Test_Beacon_Bird","_Core/Tests/Beacons/Test_Beacon_Bird","Server/NPC/Roles/_Core/Tests/Beacons/Test_Beacon_Bird.json","2457","E508708073753C8141943C0EDD8D15CFA485A2DE66819F1D41F05ADA0A27EAD6"
"npc-roles","Test_Beacon_Player","_Core/Tests/Beacons/Test_Beacon_Player","Server/NPC/Roles/_Core/Tests/Beacons/Test_Beacon_Player.json","2354","EE8C04733EA0B1B238B4BD1E7A09E364BC0BD0FE3F478CB3AD3F70AB53801108"
"npc-roles","Test_Beacon_Trork_Hunter","_Core/Tests/Beacons/Test_Beacon_Trork_Hunter","Server/NPC/Roles/_Core/Tests/Beacons/Test_Beacon_Trork_Hunter.json","4097","EEBBE0A94959927710A55CC4918C957603169A14690667EA19D8DD005B25613A"
"npc-roles","Test_Beacon_Trork_Leader","_Core/Tests/Beacons/Test_Beacon_Trork_Leader","Server/NPC/Roles/_Core/Tests/Beacons/Test_Beacon_Trork_Leader.json","3118","5CD42288224A93BB71754139A2F00D66FA7EB19E7140CDE4F925A6BAAE6EACD9"
"npc-roles","Test_Beacon_Trork_Soldier","_Core/Tests/Beacons/Test_Beacon_Trork_Soldier","Server/NPC/Roles/_Core/Tests/Beacons/Test_Beacon_Trork_Soldier.json","2078","0F9E0F9EC12A85200019241FE028A5674C3A3A7B5A2D4A82CD8D5C0CF95DCEDF"
"npc-roles","Test_Beacon_Trork_Soldier_Path","_Core/Tests/Beacons/Test_Beacon_Trork_Soldier_Path","Server/NPC/Roles/_Core/Tests/Beacons/Test_Beacon_Trork_Soldier_Path.json","2865","67734493DC684AF1318C92D82556FEFE92E08269BCEFC7A9E52BD631662B4490"
"npc-roles","Test_Beacon_Trork_Soldier_Wander","_Core/Tests/Beacons/Test_Beacon_Trork_Soldier_Wander","Server/NPC/Roles/_Core/Tests/Beacons/Test_Beacon_Trork_Soldier_Wander.json","2117","2AF4D1EA1962F34A1FE977640AC392EB7582B258FFCFD548E5EEB160FCD56898"
"npc-roles","Test_Beacon_Trork_Wolf","_Core/Tests/Beacons/Test_Beacon_Trork_Wolf","Server/NPC/Roles/_Core/Tests/Beacons/Test_Beacon_Trork_Wolf.json","3164","39750A96501509B4651DFDDFEB657FD1DB87B5282C062D3EFEF26C7ABAC25DC8"
"npc-roles","Test_Beacon_Wolf","_Core/Tests/Beacons/Test_Beacon_Wolf","Server/NPC/Roles/_Core/Tests/Beacons/Test_Beacon_Wolf.json","2181","C2FB8366CC70675CE3576C66F731160B6E4209564450F1533BF02DDF7F37A0FC"
"npc-roles","Test_Beacon_Wolf_Leader","_Core/Tests/Beacons/Test_Beacon_Wolf_Leader","Server/NPC/Roles/_Core/Tests/Beacons/Test_Beacon_Wolf_Leader.json","1350","BCAABB8E0F1CBC56A46BA44DE2E0C2771838C2821F7E15C9486FA1D11CE13036"
"npc-roles","Test_Capped_Beacon","_Core/Tests/Beacons/Test_Capped_Beacon","Server/NPC/Roles/_Core/Tests/Beacons/Test_Capped_Beacon.json","952","58D3C5308190E7F2D6F8B784BB5A81785A4B48602B1B2D20ECE98B2D0BF78A72"
"npc-roles","Test_Notify_Action","_Core/Tests/Beacons/Test_Notify_Action","Server/NPC/Roles/_Core/Tests/Beacons/Test_Notify_Action.json","887","CB771ABCEEABE46F8D404EBFDF5CE0FE269BE5FEE2C808189C6B6709594E8481"
"npc-roles","Test_Receive_Beacon","_Core/Tests/Beacons/Test_Receive_Beacon","Server/NPC/Roles/_Core/Tests/Beacons/Test_Receive_Beacon.json","874","F663141F26A1EFB0532D65A6479F8BB55E7DC7F29E1756A474ACC6A37BE276A4"
"npc-roles","Test_Benchmark_Sensor_80","_Core/Tests/Benchmark/Test_Benchmark_Sensor_80","Server/NPC/Roles/_Core/Tests/Benchmark/Test_Benchmark_Sensor_80.json","2166","8EC5833B4D5940B8BF092BEF72D41535FCB12085F3352227B75C9CF9CAE08FA4"
"npc-roles","Test_Bird","_Core/Tests/Birds/Test_Bird","Server/NPC/Roles/_Core/Tests/Birds/Test_Bird.json","1103","2A794B41783A7AE4E6D9396901B4B9D2F3A45791CC8AA174254D25993C36C65D"
"npc-roles","Test_Bird_Desired_Altitude_Weight","_Core/Tests/Birds/Test_Bird_Desired_Altitude_Weight","Server/NPC/Roles/_Core/Tests/Birds/Test_Bird_Desired_Altitude_Weight.json","1290","2C85679FE3081FED52CF474F63A50E9835ED1D6616B39289FF7F599E82420BBD"
"npc-roles","Test_Bird_Flee","_Core/Tests/Birds/Test_Bird_Flee","Server/NPC/Roles/_Core/Tests/Birds/Test_Bird_Flee.json","2204","E5006FC8ED77CFC370948437E1ABB6C2DAEEDDD1BBFD0E3C916E991A2CFD3143"
"npc-roles","Test_Bird_Land","_Core/Tests/Birds/Test_Bird_Land","Server/NPC/Roles/_Core/Tests/Birds/Test_Bird_Land.json","3919","03E01BD21D6C477B14EFBD0FFFFD366A4B247FD4895CC4F369ACB73284370937"
"npc-roles","Test_Bird_Land_Ray","_Core/Tests/Birds/Test_Bird_Land_Ray","Server/NPC/Roles/_Core/Tests/Birds/Test_Bird_Land_Ray.json","3906","14747EE2AB138086B15551082C207A810073BDDD7CD1D60710BEE4135E05FF85"
"npc-roles","Test_Bird_Land_Seeds","_Core/Tests/Birds/Test_Bird_Land_Seeds","Server/NPC/Roles/_Core/Tests/Birds/Test_Bird_Land_Seeds.json","5530","1662989176311D8A27404E5FE80FB014D8AE98DB36FEDF7CF6D1403AB5093E13"
"npc-roles","Test_Bird_Override_Altitude","_Core/Tests/Birds/Test_Bird_Override_Altitude","Server/NPC/Roles/_Core/Tests/Birds/Test_Bird_Override_Altitude.json","2232","E27E55FD3786E51EAF6C191DF69D1774420CB34A6267419CBAC3289F5FF397B6"
"npc-roles","Test_Bird_Seek","_Core/Tests/Birds/Test_Bird_Seek","Server/NPC/Roles/_Core/Tests/Birds/Test_Bird_Seek.json","1276","7807B063522DF4C30E8E38416892AD4982204B7061DB9F1BCD88DC96E7C1051D"
"npc-roles","Test_Bird_TakeOff","_Core/Tests/Birds/Test_Bird_TakeOff","Server/NPC/Roles/_Core/Tests/Birds/Test_Bird_TakeOff.json","1525","8E9B097F89A4CF3FD49E5A226D9C1C5F94931788C89E5A7F63BE737BBC21E9CD"
"npc-roles","Test_Bird_Wander","_Core/Tests/Birds/Test_Bird_Wander","Server/NPC/Roles/_Core/Tests/Birds/Test_Bird_Wander.json","1503","623A7556C98B8A8DC6E07E21E24AF3FDC5A902EED51078E74163EB81D15A86FC"
"npc-roles","Test_Block_Sensor","_Core/Tests/BlockSensor/Test_Block_Sensor","Server/NPC/Roles/_Core/Tests/BlockSensor/Test_Block_Sensor.json","1563","1A0521AC5D00019B7C86E9FE5E9074C6557F0A3BA680103044F7357CFD88DEC5"
"npc-roles","Test_Block_Sensor_Mobile","_Core/Tests/BlockSensor/Test_Block_Sensor_Mobile","Server/NPC/Roles/_Core/Tests/BlockSensor/Test_Block_Sensor_Mobile.json","1068","AF57416C2C380F2A9D5756B02C909914EEC7D79B560B6BB6960CE62C60C6DC56"
"npc-roles","Test_Block_Sensor_Reservation","_Core/Tests/BlockSensor/Test_Block_Sensor_Reservation","Server/NPC/Roles/_Core/Tests/BlockSensor/Test_Block_Sensor_Reservation.json","1754","F60C00C3F96F299F4029A6A6F5AA8F80E49DABBDD2ED08FCE0CDEFCDD448B2E4"
"npc-roles","Test_Sensor_Search_Ray","_Core/Tests/BlockSensor/Test_Sensor_Search_Ray","Server/NPC/Roles/_Core/Tests/BlockSensor/Test_Sensor_Search_Ray.json","1217","9AEB531BF4AC9EBC1323940713289D85260A23BF84FEECEA041EAF91B4637F5A"
"npc-roles","Test_Platform","_Core/Tests/Collision/Test_Platform","Server/NPC/Roles/_Core/Tests/Collision/Test_Platform.json","783","EB5FD792294BEDA48F6DCCFEB1FF1F3D074EC9CD9DC12E0ACDB3C7B94F933DA2"
"npc-roles","Test_Attack_Bow","_Core/Tests/Combat/Test_Attack_Bow","Server/NPC/Roles/_Core/Tests/Combat/Test_Attack_Bow.json","1510","DE983AE413F17408EDC4C11A7FDB6C5985DB705935CD754F630CEF037CC0386B"
"npc-roles","Test_Attack_On_Death","_Core/Tests/Combat/Test_Attack_On_Death","Server/NPC/Roles/_Core/Tests/Combat/Test_Attack_On_Death.json","1188","5F1FC62734426DD1DD940C1C8EEC0348C0DDD0C256D399C3D491A02D800E2133"
"npc-roles","Test_Attack_Switch","_Core/Tests/Combat/Test_Attack_Switch","Server/NPC/Roles/_Core/Tests/Combat/Test_Attack_Switch.json","3640","3521BBD3F7A694C6ADADBE69194BC264573FBFDE9C86480D3E686AED65C230AA"
"npc-roles","Test_Bow_Target","_Core/Tests/Combat/Test_Bow_Target","Server/NPC/Roles/_Core/Tests/Combat/Test_Bow_Target.json","1769","C167CA7BA81F40364CA039CD77C5BEF8DE41C2E5CFC029F42BB6E2286F7101E8"
"npc-roles","Test_Combat_Mitigation","_Core/Tests/Combat/Test_Combat_Mitigation","Server/NPC/Roles/_Core/Tests/Combat/Test_Combat_Mitigation.json","4185","322825FE59CC5046C37B27124E97EA1BBC3A507F6B093E60D35020B260AAA1F2"
"npc-roles","Test_Combat_Sensor_Charge","_Core/Tests/Combat/Test_Combat_Sensor_Charge","Server/NPC/Roles/_Core/Tests/Combat/Test_Combat_Sensor_Charge.json","2357","02D23CEF5458795C5D796D229EAA348989A45DAAD8DF6D0660F524A558327CAE"
"npc-roles","Test_Deal_Friendly_Damage","_Core/Tests/Combat/Test_Deal_Friendly_Damage","Server/NPC/Roles/_Core/Tests/Combat/Test_Deal_Friendly_Damage.json","2790","B0E0DD02C08F951F1E67F112A4F717844208A297DC3EEC58FC80CE599CCF2589"
"npc-roles","Test_Death_Particles","_Core/Tests/Combat/Test_Death_Particles","Server/NPC/Roles/_Core/Tests/Combat/Test_Death_Particles.json","1059","258584BAA96EC3B75456B801EF569912BB2B5FA5122310287C7383D834F99993"
"npc-roles","Test_Entity_Effect","_Core/Tests/Combat/Test_Entity_Effect","Server/NPC/Roles/_Core/Tests/Combat/Test_Entity_Effect.json","1391","9BA4D114AAC812C86A8F083E6F99B74026728BE058136DA0861992A79CEB2EE2"
"npc-roles","Test_Entity_Effect_Condition","_Core/Tests/Combat/Test_Entity_Effect_Condition","Server/NPC/Roles/_Core/Tests/Combat/Test_Entity_Effect_Condition.json","4441","DBF0F6CCD72F3A2EA4DEE67C96B50CBEDFFCC48CA09D34E953E04FBE9D80B1A4"
"npc-roles","Test_Entity_Effect_Filter","_Core/Tests/Combat/Test_Entity_Effect_Filter","Server/NPC/Roles/_Core/Tests/Combat/Test_Entity_Effect_Filter.json","908","4CDDA1B83A9191D4E54D7CF93B5894A3509B04EF3E4465CD13D14C94E3304077"
"npc-roles","Test_Goblin_Attack","_Core/Tests/Combat/Test_Goblin_Attack","Server/NPC/Roles/_Core/Tests/Combat/Test_Goblin_Attack.json","5367","D698A881EEEEA703BB5EB121973C0228317137766BE392C3EBA82049BCC88FBA"
"npc-roles","Test_Guided_Block","_Core/Tests/Combat/Test_Guided_Block","Server/NPC/Roles/_Core/Tests/Combat/Test_Guided_Block.json","969","18BBFB8CF97850E19A8B58B17A75763714077AD197EB5ECDC9D681A035534E04"
"npc-roles","Test_Guided_Bow","_Core/Tests/Combat/Test_Guided_Bow","Server/NPC/Roles/_Core/Tests/Combat/Test_Guided_Bow.json","3050","E7EF0E08B5A2D8C5F07C8A5343E9429876E627DEB6B84FC01A8773A1D1A34704"
"npc-roles","Test_Inflicted_Damage","_Core/Tests/Combat/Test_Inflicted_Damage","Server/NPC/Roles/_Core/Tests/Combat/Test_Inflicted_Damage.json","2216","BA912B874BE5CDD08BCD8681168D23BD5B2FDED4E0CB1E44FF24A32952F6891C"
"npc-roles","Test_Sensor_Height_Bow","_Core/Tests/Combat/Test_Sensor_Height_Bow","Server/NPC/Roles/_Core/Tests/Combat/Test_Sensor_Height_Bow.json","6192","33139A934252B786024FB472A35508EFA7E9326CACD1550FD51A2810596ADA22"
"npc-roles","Test_Shooter","_Core/Tests/Combat/Test_Shooter","Server/NPC/Roles/_Core/Tests/Combat/Test_Shooter.json","2702","5FD7D8F4D0E4C323B86C1D25CB058631CDC2DCA0DFCBAD10DB6617693AC9D312"
"npc-roles","Test_Take_Friendly_Damage","_Core/Tests/Combat/Test_Take_Friendly_Damage","Server/NPC/Roles/_Core/Tests/Combat/Test_Take_Friendly_Damage.json","1476","24303D9114B5A2B2C371F0B03F427585AAE6F3ED7AE05ACC64BFDFC640471CD3"
"npc-roles","Template_Age_Sensor_Test","_Core/Tests/Components/Template_Age_Sensor_Test","Server/NPC/Roles/_Core/Tests/Components/Template_Age_Sensor_Test.json","298","B29C5ECDBA4915CE763DFF2A5F778A68FF2E7B9C2A58FC914D3DF83E8CEBE15A"
"npc-roles","Test_Action_List_Component","_Core/Tests/Components/Test_Action_List_Component","Server/NPC/Roles/_Core/Tests/Components/Test_Action_List_Component.json","931","105A119F11D16420CE70292DDAE10BC1DAB8BFBD9259621729F089F3C940D2F6"
"npc-roles","Test_Component_Action_List","_Core/Tests/Components/Test_Component_Action_List","Server/NPC/Roles/_Core/Tests/Components/Test_Component_Action_List.json","305","1D69F9409CE836D8C0619D8936D04DB562AE79B5FE77EF7BD668B812D5952321"
"npc-roles","Test_Component_Attack_Sequence","_Core/Tests/Components/Test_Component_Attack_Sequence","Server/NPC/Roles/_Core/Tests/Components/Test_Component_Attack_Sequence.json","14783","1EF89AD0DB52E177B666891BBA8E977A48441061B4C521ECFAEAA6A74D3A17A3"
"npc-roles","Test_Component_Set_State","_Core/Tests/Components/Test_Component_Set_State","Server/NPC/Roles/_Core/Tests/Components/Test_Component_Set_State.json","825","5A0A3BE4B1BE987DD27382BB960C0BC5790A23AA0650CCFE6DE0815D74DDB86D"
"npc-roles","Test_Template_Sensor","_Core/Tests/Components/Test_Template_Sensor","Server/NPC/Roles/_Core/Tests/Components/Test_Template_Sensor.json","358","61BFBD1A54A98F41058894E1DAB76F86D3EE436E3652DE9FFF7CDEC847AEC5CC"
"npc-roles","Test_Component_Instruction_Flee","_Core/Tests/ComputableComponents/Test_Component_Instruction_Flee","Server/NPC/Roles/_Core/Tests/ComputableComponents/Test_Component_Instruction_Flee.json","376","4D6857790298CD7DF1CE352B5BDB681118C477B38D2D21396755469CD8C70D49"
"npc-roles","Test_Component_Instruction_Seek","_Core/Tests/ComputableComponents/Test_Component_Instruction_Seek","Server/NPC/Roles/_Core/Tests/ComputableComponents/Test_Component_Instruction_Seek.json","584","4DE89C58A47C38C3168C1A3BDE7D177A25E9EBAFDF76E06D5A8AA31384766DD2"
"npc-roles","Test_Computable_Component_Template","_Core/Tests/ComputableComponents/Test_Computable_Component_Template","Server/NPC/Roles/_Core/Tests/ComputableComponents/Test_Computable_Component_Template.json","1375","7D27B6322A7D34F1303F6D60443FCD0F86838DB3E3BFC0FCED0B0FB1DC2FE886"
"npc-roles","Test_Computable_Flee","_Core/Tests/ComputableComponents/Test_Computable_Flee","Server/NPC/Roles/_Core/Tests/ComputableComponents/Test_Computable_Flee.json","192","E97BA5208D0BE0239EB30D86119E4EF5295481D6ED8E189B9059B5DF136E8920"
"npc-roles","Test_Computable_Null","_Core/Tests/ComputableComponents/Test_Computable_Null","Server/NPC/Roles/_Core/Tests/ComputableComponents/Test_Computable_Null.json","166","227D37C864A665A861CA67525EF751D5610B851109A73A6BA020F74836C51815"
"npc-roles","Test_Computable_Seek","_Core/Tests/ComputableComponents/Test_Computable_Seek","Server/NPC/Roles/_Core/Tests/ComputableComponents/Test_Computable_Seek.json","209","7475DE640FD420D91F7AF9C694C826E459B011B93C2403ADE2480AF52861640F"
"npc-roles","Test_Culling_No_Wander","_Core/Tests/Culling/Test_Culling_No_Wander","Server/NPC/Roles/_Core/Tests/Culling/Test_Culling_No_Wander.json","160","24FEC5C0DFB11E0C81E2C2453D6802727080255730390BD2B51342024AF98BB0"
"npc-roles","Test_Culling_Wander","_Core/Tests/Culling/Test_Culling_Wander","Server/NPC/Roles/_Core/Tests/Culling/Test_Culling_Wander.json","159","02A3DB167CFD77808A2EE0751710A1EEE1D72A99F5378E6F493AFBAB034231A4"
"npc-roles","Test_Template_Instruction_Culling","_Core/Tests/Culling/Test_Template_Instruction_Culling","Server/NPC/Roles/_Core/Tests/Culling/Test_Template_Instruction_Culling.json","988","ECEFFD4E2163D27E92400488B49614F828C1134D68C07BF9CA282A67B75B7953"
"npc-roles","Test_Template_Instruction_Switch","_Core/Tests/Culling/Test_Template_Instruction_Switch","Server/NPC/Roles/_Core/Tests/Culling/Test_Template_Instruction_Switch.json","989","F84868754EBFCB20C2F009FBD6FB9DACD8FE1279BC4E1A686EB5080230CDAD5E"
"npc-roles","Test_Fail_ForEach_BlockingSequence","_Core/Tests/Failing/Test_Fail_ForEach_BlockingSequence","Server/NPC/Roles/_Core/Tests/Failing/Test_Fail_ForEach_BlockingSequence.json","1312","B3B20960BEB132510506E7345211042DFD5700FC0453F297DB457FA1A5583A62"
"npc-roles","Test_Fail_ForEach_CombatAbility","_Core/Tests/Failing/Test_Fail_ForEach_CombatAbility","Server/NPC/Roles/_Core/Tests/Failing/Test_Fail_ForEach_CombatAbility.json","1184","DE071C48E03D4A74468467D15012667D5835A12A59E33F60CD4BCC6C6B5005C6"
"npc-roles","Test_Fail_ForEach_NestedIsolateForEach","_Core/Tests/Failing/Test_Fail_ForEach_NestedIsolateForEach","Server/NPC/Roles/_Core/Tests/Failing/Test_Fail_ForEach_NestedIsolateForEach.json","1285","6A24F28E20F8F79EDC1E7B11C6BEDA4082B8D16E1EF40DC14B1A7CE8A125F96C"
"npc-roles","Test_Fail_ForEach_NestedSpawn","_Core/Tests/Failing/Test_Fail_ForEach_NestedSpawn","Server/NPC/Roles/_Core/Tests/Failing/Test_Fail_ForEach_NestedSpawn.json","1419","8B4B42D5C39F3374FEFD29CAB8CADA2765A9B6992E7AE96F1379DAC4BF9089BD"
"npc-roles","Test_Fail_ForEach_Spawn","_Core/Tests/Failing/Test_Fail_ForEach_Spawn","Server/NPC/Roles/_Core/Tests/Failing/Test_Fail_ForEach_Spawn.json","1175","9DE5691A5495FD730A4982EF4E3A7648E2A143FBA424212D7480F634946B4B32"
"npc-roles","Test_Fail_ForEach_Timeout","_Core/Tests/Failing/Test_Fail_ForEach_Timeout","Server/NPC/Roles/_Core/Tests/Failing/Test_Fail_ForEach_Timeout.json","1209","3A8D954784DA71E188DA4CFEA3C5D376EAD53F3DB4E42C13AE934EF2C1987465"
"npc-roles","Test_Fail_ItemInHand","_Core/Tests/Failing/Test_Fail_ItemInHand","Server/NPC/Roles/_Core/Tests/Failing/Test_Fail_ItemInHand.json","1103","0FF8512711BBAF6674CD19F1EE93B836AFBD1475E8CC52F80D952CC8BFBACD4B"
"npc-roles","Test_Dog_Flock","_Core/Tests/Flocking/Test_Dog_Flock","Server/NPC/Roles/_Core/Tests/Flocking/Test_Dog_Flock.json","2875","DAC10F0CB93C53F1792FDE8658E5B55EFB8EA37A908C31FD847D624F7D6D3A2F"
"npc-roles","Test_Flock_Damage","_Core/Tests/Flocking/Test_Flock_Damage","Server/NPC/Roles/_Core/Tests/Flocking/Test_Flock_Damage.json","1507","C12A36EE7F445495F15C14E8CCDF3ADCB90C126343D51B190622C260BD4D8252"
"npc-roles","Test_Flock_Mixed","_Core/Tests/Flocking/Test_Flock_Mixed","Server/NPC/Roles/_Core/Tests/Flocking/Test_Flock_Mixed.json","1749","74758C99070CF0C4A924DA3D636B90345211E5FDD32245B591072274FD339891"
"npc-roles","Test_Flock_Mixed_Member","_Core/Tests/Flocking/Test_Flock_Mixed_Member","Server/NPC/Roles/_Core/Tests/Flocking/Test_Flock_Mixed_Member.json","2572","F53F11B7E2CAE7B371B314719A73E7F3A49FF56CE0734FACCA45631B776F026A"
"npc-roles","Test_Flock_Mixed_Member_2","_Core/Tests/Flocking/Test_Flock_Mixed_Member_2","Server/NPC/Roles/_Core/Tests/Flocking/Test_Flock_Mixed_Member_2.json","2655","4644CEE167407CF69713DD1C27F02B5C9CA5A9939A1DB3A7593301D9AB8DB48B"
"npc-roles","Test_Flock_Pos","_Core/Tests/Flocking/Test_Flock_Pos","Server/NPC/Roles/_Core/Tests/Flocking/Test_Flock_Pos.json","6266","B9693969A54B709F75F814A555E7903CC9EA0701A959D96001B6613BBF3675C4"
"npc-roles","Test_Pack_Aggressive","_Core/Tests/Flocking/Test_Pack_Aggressive","Server/NPC/Roles/_Core/Tests/Flocking/Test_Pack_Aggressive.json","3897","DD162233F9A197D18C52CB153976E60192C02DD44E3B75EA3C6BA0FEFE837C43"
"npc-roles","Test_Pack_Tame","_Core/Tests/Flocking/Test_Pack_Tame","Server/NPC/Roles/_Core/Tests/Flocking/Test_Pack_Tame.json","8851","1634C1A248D4D5CBCEE42EF2A29B745656E898936B16C0D47684FCC723AF9737"
"npc-roles","Test_Sheep_Flock","_Core/Tests/Flocking/Test_Sheep_Flock","Server/NPC/Roles/_Core/Tests/Flocking/Test_Sheep_Flock.json","2539","B466654BEBA24E77DD26EA8FC0F3AA15CE5E352A1E335950F56EC1587C9C0358"
"npc-roles","Test_Sheep_Flock2","_Core/Tests/Flocking/Test_Sheep_Flock2","Server/NPC/Roles/_Core/Tests/Flocking/Test_Sheep_Flock2.json","1955","7EDA72CD4DA6205DD68F4F811ED5BEE7EA43FCB90524EB2D330165AC8467DE9A"
"npc-roles","Test_Forwarded_Slot_Base","_Core/Tests/ForwardedModifiers/Test_Forwarded_Slot_Base","Server/NPC/Roles/_Core/Tests/ForwardedModifiers/Test_Forwarded_Slot_Base.json","921","5053594784AE68AE4B71C47569FB7B764327A5B81E50ED960BAE9CD666BC7C54"
"npc-roles","Test_Forwarded_Slot_Variant","_Core/Tests/ForwardedModifiers/Test_Forwarded_Slot_Variant","Server/NPC/Roles/_Core/Tests/ForwardedModifiers/Test_Forwarded_Slot_Variant.json","242","6154344C157A651DAB7775BB533B978DE362BF05F4F2B0A17C783CBA00A9C627"
"npc-roles","Test_Forwarded_Slot_Variant_Null","_Core/Tests/ForwardedModifiers/Test_Forwarded_Slot_Variant_Null","Server/NPC/Roles/_Core/Tests/ForwardedModifiers/Test_Forwarded_Slot_Variant_Null.json","146","F877A0D60E3607478CC893B8443F13839873439B125A4519FFD8FB1F8291677D"
"npc-roles","Test_Role_Macro_Forwardable","_Core/Tests/ForwardedModifiers/Test_Role_Macro_Forwardable","Server/NPC/Roles/_Core/Tests/ForwardedModifiers/Test_Role_Macro_Forwardable.json","1775","4736A21B187782EED9EB845E067CF12F502E93D8EB43D2D31DD5D2165CBB2CC2"
"npc-roles","Test_Group_Sheep","_Core/Tests/Groups/Test_Group_Sheep","Server/NPC/Roles/_Core/Tests/Groups/Test_Group_Sheep.json","1402","BF739F12FAC8CCB10CB335D44217E2D9B546E5D5E1D8F0672385B1B0DFA10934"
"npc-roles","Test_Group_Wolf","_Core/Tests/Groups/Test_Group_Wolf","Server/NPC/Roles/_Core/Tests/Groups/Test_Group_Wolf.json","2952","4D030CA193511253F9DA4395AB17D16CD9CC1BEBAAB85A051A8F40D7E110655A"
"npc-roles","Test_Tag_PlayerTestModel_G","_Core/Tests/Groups/Test_Tag_PlayerTestModel_G","Server/NPC/Roles/_Core/Tests/Groups/Test_Tag_PlayerTestModel_G.json","943","1EEBAF6DD658D48EBC8E2CDAC52F721D8DAA93AE3163CDD88EA479C859B5FE07"
"npc-roles","Test_Tag_PlayerTestModel_V","_Core/Tests/Groups/Test_Tag_PlayerTestModel_V","Server/NPC/Roles/_Core/Tests/Groups/Test_Tag_PlayerTestModel_V.json","943","BFE8BC0C5260BAE07D0A9AA4639DEF5D8037BE2F75DA0F718D52E454C6A6CEB2"
"npc-roles","Test_Tag_Sensor","_Core/Tests/Groups/Test_Tag_Sensor","Server/NPC/Roles/_Core/Tests/Groups/Test_Tag_Sensor.json","2907","8539534177F07F182495A3E9E47416C49DBC680C2E8135DC124D972267C2D7BE"
"npc-roles","Test_Tag_Sheep","_Core/Tests/Groups/Test_Tag_Sheep","Server/NPC/Roles/_Core/Tests/Groups/Test_Tag_Sheep.json","919","0A9499C9FE9F002BA1FDA48EAD9C6482963CF72EA8B282288F1D2781B40E56EE"
"npc-roles","Static","_Core/Tests/HotboxTests/Static","Server/NPC/Roles/_Core/Tests/HotboxTests/Static.json","1159","BA5593362D32BA4C231B436694EDE0E6C164E548DA92469DCCCE17DB69938B6B"
"npc-roles","Static2","_Core/Tests/HotboxTests/Static2","Server/NPC/Roles/_Core/Tests/HotboxTests/Static2.json","1158","9EBEE133C7609814D0C9418FA0563B0E31728B3019C39B54887F8F01FD85428A"
"npc-roles","Static3","_Core/Tests/HotboxTests/Static3","Server/NPC/Roles/_Core/Tests/HotboxTests/Static3.json","1158","50B2F4101EA3F3B79397FE04CEB3EA5F2CDDF51A08F06A83C7F9A324D346B078"
"npc-roles","Static4","_Core/Tests/HotboxTests/Static4","Server/NPC/Roles/_Core/Tests/HotboxTests/Static4.json","1161","AA075FA742D799C7D99C809DA4A51293789828C420E7B9F69EF358C33CA6D12C"
"npc-roles","Test_Attack_Flying_Ranged","_Core/Tests/Integration/Test_Attack_Flying_Ranged","Server/NPC/Roles/_Core/Tests/Integration/Test_Attack_Flying_Ranged.json","125","6F0A65E3645C114801DFFB4E3565AFB07C2490724D96A28847A7C1F18168C33C"
"npc-roles","Test_Attack_Melee","_Core/Tests/Integration/Test_Attack_Melee","Server/NPC/Roles/_Core/Tests/Integration/Test_Attack_Melee.json","1700","EC4F2CEB462DA3E32CBC30AFCDFEF6821DBAE4FB2DBBCE54541DC0C0B29077C7"
"npc-roles","Test_Attack_Melee_All","_Core/Tests/Integration/Test_Attack_Melee_All","Server/NPC/Roles/_Core/Tests/Integration/Test_Attack_Melee_All.json","1705","C853BD581E9012569C471C10C37F6F1FCC42A039A8B6F6E7256CAED515923424"
"npc-roles","Test_Attack_Melee_Charged","_Core/Tests/Integration/Test_Attack_Melee_Charged","Server/NPC/Roles/_Core/Tests/Integration/Test_Attack_Melee_Charged.json","1738","F0D9D6C81571AF24CEF43295A58D99C5D9B905B59286DDB3D844B681A720BBE4"
"npc-roles","Test_Attack_Ranged","_Core/Tests/Integration/Test_Attack_Ranged","Server/NPC/Roles/_Core/Tests/Integration/Test_Attack_Ranged.json","125","6F0A65E3645C114801DFFB4E3565AFB07C2490724D96A28847A7C1F18168C33C"
"npc-roles","Test_Boss_Basic","_Core/Tests/Integration/Test_Boss_Basic","Server/NPC/Roles/_Core/Tests/Integration/Test_Boss_Basic.json","1085","16048595376A8B65D40EB150B84484D89C8A1F7F07C80EE213F578CFD4BB2661"
"npc-roles","Test_Boss_Basic_Intro","_Core/Tests/Integration/Test_Boss_Basic_Intro","Server/NPC/Roles/_Core/Tests/Integration/Test_Boss_Basic_Intro.json","1665","6ECB6D8AA830F9BAE13DBEAC1D9507680411C3EEAE482F2E39C9D0034F20040A"
"npc-roles","Test_Boss_Basic_Wander","_Core/Tests/Integration/Test_Boss_Basic_Wander","Server/NPC/Roles/_Core/Tests/Integration/Test_Boss_Basic_Wander.json","725","2E675894853AA0E9AA2777D74203BBCF01782BE68020551123388768F1361A83"
"npc-roles","Test_Boss_Minion","_Core/Tests/Integration/Test_Boss_Minion","Server/NPC/Roles/_Core/Tests/Integration/Test_Boss_Minion.json","727","A6EA4201A980C389245793CF20E5AC6C267D78DBA170794315A461AD98B96F67"
"npc-roles","Test_Boss_Spawning","_Core/Tests/Integration/Test_Boss_Spawning","Server/NPC/Roles/_Core/Tests/Integration/Test_Boss_Spawning.json","1086","46B0D29F6BA86CAA43874858B0D0D5F0037361EF967C5A0B2586F9B90E5F7BFC"
"npc-roles","Test_Dummy","_Core/Tests/Integration/Test_Dummy","Server/NPC/Roles/_Core/Tests/Integration/Test_Dummy.json","724","A104E6CD1524459BD9EDD992330DC1427598E165079761ED511E0ECC5476652B"
"npc-roles","Test_Dummy_Damage","_Core/Tests/Integration/Test_Dummy_Damage","Server/NPC/Roles/_Core/Tests/Integration/Test_Dummy_Damage.json","727","AE938489E62B02FDF992AACFE4D6D97E68689752FA8BA4D2D9D53244F44997E9"
"npc-roles","Test_Dummy_Stationary","_Core/Tests/Integration/Test_Dummy_Stationary","Server/NPC/Roles/_Core/Tests/Integration/Test_Dummy_Stationary.json","735","9A6682A057AF99381890C66051D0CA2C0842C93D397341BCF07E736D04816758"
"npc-roles","Test_Kweebec_Playing","_Core/Tests/Intelligence/Test_Kweebec_Playing","Server/NPC/Roles/_Core/Tests/Intelligence/Test_Kweebec_Playing.json","9191","0593007D35AB520F5C1EECF7ECB8F6C0906A2B449FB067BD938DC6A2CF5D040F"
"npc-roles","Test_Interaction","_Core/Tests/Interaction/Test_Interaction","Server/NPC/Roles/_Core/Tests/Interaction/Test_Interaction.json","4679","507FB4FCAC1244EC3845DC4D0D42DCE0B06303F7DE0C55F22357B372EAEBA18F"
"npc-roles","Test_Interaction_Attitude","_Core/Tests/Interaction/Test_Interaction_Attitude","Server/NPC/Roles/_Core/Tests/Interaction/Test_Interaction_Attitude.json","4642","C1CCEB5666D97F65B84B35EB4D000E01473A2E05F706565F5FC9D9A9C5DA31AE"
"npc-roles","Test_Interaction_Complete_Bounty","_Core/Tests/Interaction/Test_Interaction_Complete_Bounty","Server/NPC/Roles/_Core/Tests/Interaction/Test_Interaction_Complete_Bounty.json","2207","6C5E95157A006E995E60CBF82FE1A1C9E539E36B608DD87DC2211AD73501F398"
"npc-roles","Test_Interaction_Complete_Task","_Core/Tests/Interaction/Test_Interaction_Complete_Task","Server/NPC/Roles/_Core/Tests/Interaction/Test_Interaction_Complete_Task.json","2202","24DB3A77A30E4CB5E1BA08A6D6ECEAF1ACF8AF07CCBF95A6C5B09CC4826E467F"
"npc-roles","Test_Interaction_Component","_Core/Tests/Interaction/Test_Interaction_Component","Server/NPC/Roles/_Core/Tests/Interaction/Test_Interaction_Component.json","2694","B79AE086D17CD2105223F79F99E91CAA1DEF5915971A34B8208919934455586B"
"npc-roles","Test_Interaction_Follow","_Core/Tests/Interaction/Test_Interaction_Follow","Server/NPC/Roles/_Core/Tests/Interaction/Test_Interaction_Follow.json","4290","A22D7E75FE9E1BC919F8021D59A819AA074DD7B61F09DDAF613A3E2615157DE8"
"npc-roles","Test_Interaction_Purchase","_Core/Tests/Interaction/Test_Interaction_Purchase","Server/NPC/Roles/_Core/Tests/Interaction/Test_Interaction_Purchase.json","2939","547CE95EE3407D287745AC696BB3ECE89E476A07848421A08AD408A6B27A8A77"
"npc-roles","Test_Interaction_Shear","_Core/Tests/Interaction/Test_Interaction_Shear","Server/NPC/Roles/_Core/Tests/Interaction/Test_Interaction_Shear.json","4538","AFFCE1F362DC3AAC8B1A013F83FDFA4CF7103426C01DD8CFB559F65E693EA56D"
"npc-roles","Test_Multiple_Interactions","_Core/Tests/Interaction/Test_Multiple_Interactions","Server/NPC/Roles/_Core/Tests/Interaction/Test_Multiple_Interactions.json","10767","3003219FB139ED31F48951821DE1C10A7CF7BDA818DF6BA6819944EE0D723D4B"
"npc-roles","Test_Start_Objective","_Core/Tests/Interaction/Test_Start_Objective","Server/NPC/Roles/_Core/Tests/Interaction/Test_Start_Objective.json","4809","D4386C33EC89965C3E373DDA3FEB859B5F9BA43E6E5A0B4AD1FDD2CA4F27D43E"
"npc-roles","Test_Hotbar_SetItem","_Core/Tests/Inventory/Test_Hotbar_SetItem","Server/NPC/Roles/_Core/Tests/Inventory/Test_Hotbar_SetItem.json","1368","D3D05AEF4EC9991283B6B006EECF49B38B8EEF9A673DB97EEEC45168C32CFB59"
"npc-roles","Test_Hotbar_Weapon_Swap","_Core/Tests/Inventory/Test_Hotbar_Weapon_Swap","Server/NPC/Roles/_Core/Tests/Inventory/Test_Hotbar_Weapon_Swap.json","1479","C38012383F1C147A6631A7100E6D4482123C03C8DFED1C55FBC4D24CDD5E8305"
"npc-roles","Test_Inventory_Actions","_Core/Tests/Inventory/Test_Inventory_Actions","Server/NPC/Roles/_Core/Tests/Inventory/Test_Inventory_Actions.json","2384","A91B56497A3290579384233E0CC4BB03394E609C52A74A18831FCC811921289F"
"npc-roles","Test_Inventory_Add","_Core/Tests/Inventory/Test_Inventory_Add","Server/NPC/Roles/_Core/Tests/Inventory/Test_Inventory_Add.json","1254","C9B4DBAC285A0914A422ED2803A9C34B1CB2F65058C3DDE5CA19ED5EF75DE478"
"npc-roles","Test_Inventory_Contents","_Core/Tests/Inventory/Test_Inventory_Contents","Server/NPC/Roles/_Core/Tests/Inventory/Test_Inventory_Contents.json","643","FF412182DBD55E9FCC4199D74A8297E8DB359A5CDBAEFB4F67221E159895F8C6"
"npc-roles","Test_Inventory_Remove","_Core/Tests/Inventory/Test_Inventory_Remove","Server/NPC/Roles/_Core/Tests/Inventory/Test_Inventory_Remove.json","1263","A12AD18D4EEB16CF69BA7A7A5AE60F3993D9186F02E0E0373424BBF1216749BF"
"npc-roles","Test_ItemInHand","_Core/Tests/Inventory/Test_ItemInHand","Server/NPC/Roles/_Core/Tests/Inventory/Test_ItemInHand.json","974","FD0E8318036533FE9D45FAF10C7F3BFBBEC7CFCA4169B6E8EF5C3CC0D2A56AAE"
"npc-roles","Test_OffHand_Swap","_Core/Tests/Inventory/Test_OffHand_Swap","Server/NPC/Roles/_Core/Tests/Inventory/Test_OffHand_Swap.json","1770","D20ABB432AFE74753284FB357629377D23C457D2FAA83D339A407BDCEEFF69DA"
"npc-roles","Test_OffHand_Wielding","_Core/Tests/Inventory/Test_OffHand_Wielding","Server/NPC/Roles/_Core/Tests/Inventory/Test_OffHand_Wielding.json","788","117B7C84BC1E80698B83F53986344D98E11E52AC1FF4FE169EA221142996CBBA"
"npc-roles","Test_Sensor_Inventory","_Core/Tests/Inventory/Test_Sensor_Inventory","Server/NPC/Roles/_Core/Tests/Inventory/Test_Sensor_Inventory.json","3561","2092E05658ED617BA1EFD53FE0FC385C012411E72B440081351CAE57738182ED"
"npc-roles","Test_Sensor_ItemInHand","_Core/Tests/Inventory/Test_Sensor_ItemInHand","Server/NPC/Roles/_Core/Tests/Inventory/Test_Sensor_ItemInHand.json","2657","52A95169344AD7D1FF5ED35E9E2C8208031DA6EFDC20C4DDC8016C37728199F9"
"npc-roles","Test_Sensor_ItemInInventory","_Core/Tests/Inventory/Test_Sensor_ItemInInventory","Server/NPC/Roles/_Core/Tests/Inventory/Test_Sensor_ItemInInventory.json","1208","F862EF18DFC1C049F2941F61B9646593CF39FD19BF8E7F1BA3DFD016599C6567"
"npc-roles","Test_Ascent_Animation","_Core/Tests/Motion/Test_Ascent_Animation","Server/NPC/Roles/_Core/Tests/Motion/Test_Ascent_Animation.json","1693","C50DC0AACF4D2A50C12552063931825D2C96CC53362A9F3EB0100E7AB251E025"
"npc-roles","Test_Dive_Flee","_Core/Tests/Motion/Test_Dive_Flee","Server/NPC/Roles/_Core/Tests/Motion/Test_Dive_Flee.json","1270","3B774CB19A5D9DF445560CEDFC3481A5BFD534A889AF3ADF52AFC58C2D74B548"
"npc-roles","Test_Flee","_Core/Tests/Motion/Test_Flee","Server/NPC/Roles/_Core/Tests/Motion/Test_Flee.json","1522","B8033AC978A60719043811B9615946C118A4CA078DFC87DEB3066DAEE9943644"
"npc-roles","Test_Fly_Flee","_Core/Tests/Motion/Test_Fly_Flee","Server/NPC/Roles/_Core/Tests/Motion/Test_Fly_Flee.json","1223","9B23BAE7383AA220C26548F64F3C28153169424943C0FAFC7DF47388A62E9912"
"npc-roles","Test_Jumping","_Core/Tests/Motion/Test_Jumping","Server/NPC/Roles/_Core/Tests/Motion/Test_Jumping.json","1210","48C2D2BD19A12D487694DD374259DB8F20ED2849DC47DAD13784CE6F878CC62E"
"npc-roles","Test_Motion_Nothing","_Core/Tests/Motion/Test_Motion_Nothing","Server/NPC/Roles/_Core/Tests/Motion/Test_Motion_Nothing.json","116","A86F7BF42C09C394716315D87663DF4ABB2E2CCE7A019DBC283CEB4D43F3F7A8"
"npc-roles","Test_Movement_State_Sheep","_Core/Tests/Motion/Test_Movement_State_Sheep","Server/NPC/Roles/_Core/Tests/Motion/Test_Movement_State_Sheep.json","4968","D3C5BF2DEF1F2948AAB1D64F9F907058C4D95749AC8F1DD3EDCF7DF691C31288"
"npc-roles","Test_Random_Hotbar","_Core/Tests/Motion/Test_Random_Hotbar","Server/NPC/Roles/_Core/Tests/Motion/Test_Random_Hotbar.json","1160","12989A47144433019C6C82C7FA6A508922C82A454C408AA0700166151550CB7F"
"npc-roles","Test_Sheep_Circle","_Core/Tests/Motion/Test_Sheep_Circle","Server/NPC/Roles/_Core/Tests/Motion/Test_Sheep_Circle.json","1252","ED49E7D385F2338771B0157402DCDCB147A0098B18C3B2CA33824C8DB4E58852"
"npc-roles","Test_Sheep_Circle1","_Core/Tests/Motion/Test_Sheep_Circle1","Server/NPC/Roles/_Core/Tests/Motion/Test_Sheep_Circle1.json","1253","F50707FD898EAA1DA3E4912D49F2BDA6715887BA4D73D44975E11322D3E2CA9A"
"npc-roles","Test_Sheep_Circle2","_Core/Tests/Motion/Test_Sheep_Circle2","Server/NPC/Roles/_Core/Tests/Motion/Test_Sheep_Circle2.json","1253","281C753A56044AD36AB520FB78E76306F2F3BDA2C5B816BD445E3F82B5EA502C"
"npc-roles","Test_Sheep_Circle3","_Core/Tests/Motion/Test_Sheep_Circle3","Server/NPC/Roles/_Core/Tests/Motion/Test_Sheep_Circle3.json","1253","72054FB21FBBDD13B2EF37279A0305D426114C62804D2859FE8332203C0D18B3"
"npc-roles","Test_Sheep_Rect","_Core/Tests/Motion/Test_Sheep_Rect","Server/NPC/Roles/_Core/Tests/Motion/Test_Sheep_Rect.json","1248","5F7B38720426C519D79995BA10292E377353CEE1A97F308B3B4773C80D9F6269"
"npc-roles","Test_Sheep_RectAvoid","_Core/Tests/Motion/Test_Sheep_RectAvoid","Server/NPC/Roles/_Core/Tests/Motion/Test_Sheep_RectAvoid.json","1279","530A727AA203B1B5CBCFA2518990C1838310D82762B5C52B672CA1008FA2E261"
"npc-roles","Test_Sheep_Slow","_Core/Tests/Motion/Test_Sheep_Slow","Server/NPC/Roles/_Core/Tests/Motion/Test_Sheep_Slow.json","1376","0A7D9C7863E1973BF41527D3BDA3D82AABEE0E74113C9C9BA70CA27C079C045E"
"npc-roles","Test_Walk_Base","_Core/Tests/Motion/Test_Walk_Base","Server/NPC/Roles/_Core/Tests/Motion/Test_Walk_Base.json","531","697410A6997F8939B0F16F2161B964CC038B5F68D46E979D0574820F529D4F27"
"npc-roles","Test_Walk_Flee","_Core/Tests/Motion/Test_Walk_Flee","Server/NPC/Roles/_Core/Tests/Motion/Test_Walk_Flee.json","987","6CBF05FA4801BF23ED7B542244122549B277993CE1361DCD7BEB9D47D6B5C0A3"
"npc-roles","Test_Walk_Leave","_Core/Tests/Motion/Test_Walk_Leave","Server/NPC/Roles/_Core/Tests/Motion/Test_Walk_Leave.json","1006","FDFC1C1EC9CA2FBA40D80DA9D37BD9AE4111C3823ED700D168A1888AD84FBD93"
"npc-roles","Test_Walk_Seek","_Core/Tests/Motion/Test_Walk_Seek","Server/NPC/Roles/_Core/Tests/Motion/Test_Walk_Seek.json","902","AB27AAEFBD160653A5C5AFF3A9176073E02336A4671CF83334EB8A8B4AD79B78"
"npc-roles","Test_Walk_Stay","_Core/Tests/Motion/Test_Walk_Stay","Server/NPC/Roles/_Core/Tests/Motion/Test_Walk_Stay.json","519","B7E4281D210CAA5F9488740C02B6FDA58378476F1AAB8683AAAC3B6C1F1E7554"
"npc-roles","Test_Watch","_Core/Tests/Motion/Test_Watch","Server/NPC/Roles/_Core/Tests/Motion/Test_Watch.json","1017","34EBBC1C5216DFBC2339618B4226C5BA3C5161006F4EDF6037164BDAB83A1E9E"
"npc-roles","Test_Watch_NPC","_Core/Tests/Motion/Test_Watch_NPC","Server/NPC/Roles/_Core/Tests/Motion/Test_Watch_NPC.json","954","F1340D39CE1841903632DCDEC8DBD69DBD3EB744A5FFF9F1B3E1DA5CFDD4A7A5"
"npc-roles","Wander_Circle","_Core/Tests/Motion/Wander_Circle","Server/NPC/Roles/_Core/Tests/Motion/Wander_Circle.json","477","8BB882782555AEA2F06AEDEA6D3E2D7CC51896A62069322364ACCE0B8023196E"
"npc-roles","Wander_Rect","_Core/Tests/Motion/Wander_Rect","Server/NPC/Roles/_Core/Tests/Motion/Wander_Rect.json","496","E535081777C577A1A5576AFDEF0296933B558D4411A83F4E705D4766EFA076C0"
"npc-roles","Wander_Simple","_Core/Tests/Motion/Wander_Simple","Server/NPC/Roles/_Core/Tests/Motion/Wander_Simple.json","411","6DFA6A7B6534C62D934D0EBCF11A4342BE18C358AA9A4A34BB546D3472AECF4A"
"npc-roles","Test_Find_Entity","_Core/Tests/Pathfinding/Test_Find_Entity","Server/NPC/Roles/_Core/Tests/Pathfinding/Test_Find_Entity.json","1020","19DCAEBCBFA912DB8A7E2D68524EFA29F3D527B0A57586841F454CDC5C67663C"
"npc-roles","Test_Find_Entity_Last_Seen","_Core/Tests/Pathfinding/Test_Find_Entity_Last_Seen","Server/NPC/Roles/_Core/Tests/Pathfinding/Test_Find_Entity_Last_Seen.json","1351","5E8DECBCECD55DC0AF60A35A4694D69B09755B2E3A8AFC7E58FAB5264064CA96"
"npc-roles","Test_Chained_Path","_Core/Tests/Paths/Test_Chained_Path","Server/NPC/Roles/_Core/Tests/Paths/Test_Chained_Path.json","1306","CB1794E2571E657A5EA7AF3B6E118D8B7526AAED3E8FC7630DB5E2D1469F6174"
"npc-roles","Test_Inferred_Patrol_Path","_Core/Tests/Paths/Test_Inferred_Patrol_Path","Server/NPC/Roles/_Core/Tests/Paths/Test_Inferred_Patrol_Path.json","1243","0257FCB30CE0E51196D9BA1B2BE4A3E45E16EFD76A4F86625FED197ADCABAF2E"
"npc-roles","Test_Path","_Core/Tests/Paths/Test_Path","Server/NPC/Roles/_Core/Tests/Paths/Test_Path.json","1661","F927CA036C6BC7FEBFF02468C8C473A6BF511DBE6DFE92BDEA86EF96B4E1FA25"
"npc-roles","Test_Path_Avoid","_Core/Tests/Paths/Test_Path_Avoid","Server/NPC/Roles/_Core/Tests/Paths/Test_Path_Avoid.json","1192","0BB243B0268904D14853CB86B36B865337191AD565ECDBA8FE5A56709A792B74"
"npc-roles","Test_Path_Distance1","_Core/Tests/Paths/Test_Path_Distance1","Server/NPC/Roles/_Core/Tests/Paths/Test_Path_Distance1.json","1323","D9B198A9B4C8F86906A197E4DE5D254521F965EFC23920C134CF6D168EE1216D"
"npc-roles","Test_Path_Distance2","_Core/Tests/Paths/Test_Path_Distance2","Server/NPC/Roles/_Core/Tests/Paths/Test_Path_Distance2.json","1285","F34E59CE1E873BE8723EEDE502C8BA5B8882595367D7D33864D507E0342A7F89"
"npc-roles","Test_Path_Line","_Core/Tests/Paths/Test_Path_Line","Server/NPC/Roles/_Core/Tests/Paths/Test_Path_Line.json","1231","A84D2201E0509B42F914355EAE390A9E570EFD4A1823D53A8577234D9328C112"
"npc-roles","Test_Path_Loop","_Core/Tests/Paths/Test_Path_Loop","Server/NPC/Roles/_Core/Tests/Paths/Test_Path_Loop.json","1002","885804EF03E353FED4AA04E12CDEAB59A068E52602DD4DAA0C51FE40EB2B7F5C"
"npc-roles","Test_Path_View","_Core/Tests/Paths/Test_Path_View","Server/NPC/Roles/_Core/Tests/Paths/Test_Path_View.json","1726","1D02C360F85EA0C4B65469F67440A4E19406C48ED09B8084AA75802E7B7E9E6B"
"npc-roles","Test_Patrol_Path","_Core/Tests/Paths/Test_Patrol_Path","Server/NPC/Roles/_Core/Tests/Paths/Test_Patrol_Path.json","1275","33E506766BA6CE5EF7F5EC4F50045C65199AFF5EDC9312B7B845358B14980FB7"
"npc-roles","Test_Sensor_Path","_Core/Tests/Paths/Test_Sensor_Path","Server/NPC/Roles/_Core/Tests/Paths/Test_Sensor_Path.json","917","F96EAECF07F25DE012E0617F0DF52E751DD50330D19E3EF52E5AD9FD022665C9"
"npc-roles","Test_Transient_Path","_Core/Tests/Paths/Test_Transient_Path","Server/NPC/Roles/_Core/Tests/Paths/Test_Transient_Path.json","1655","42F8E91821DB4FEAAAA36B905766F152266BA202748102292238402970549930"
"npc-roles","Test_Reference_Instruction","_Core/Tests/ReferenceSelector/Test_Reference_Instruction","Server/NPC/Roles/_Core/Tests/ReferenceSelector/Test_Reference_Instruction.json","3956","194ADF3F672FB42B4FBFC0C86DE5544AF952466D8D379A8C76C98FB28411B805"
"npc-roles","Test_Reference_Instruction_Impl","_Core/Tests/ReferenceSelector/Test_Reference_Instruction_Impl","Server/NPC/Roles/_Core/Tests/ReferenceSelector/Test_Reference_Instruction_Impl.json","185","3B77087BF828587260CE8A44714795EDD215A8174AA1AA478BE6134BC2A0EB5E"
"npc-roles","Test_Reference_Instruction_Simple","_Core/Tests/ReferenceSelector/Test_Reference_Instruction_Simple","Server/NPC/Roles/_Core/Tests/ReferenceSelector/Test_Reference_Instruction_Simple.json","1504","E5E080F76C861795E7C49A5C9504C86BD92CA8BFE2B4337D54D166FB76708E4E"
"npc-roles","Test_Reference_Required_Feature","_Core/Tests/ReferenceSelector/Test_Reference_Required_Feature","Server/NPC/Roles/_Core/Tests/ReferenceSelector/Test_Reference_Required_Feature.json","1537","C8E9E1EE364C3E4AC7287CD08D7D29203015BA923B27DA7ADA3F608234130B07"
"npc-roles","Test_Spawn","_Core/Tests/Spawning/Test_Spawn","Server/NPC/Roles/_Core/Tests/Spawning/Test_Spawn.json","1502","DB15D9BB945F6813FC4CBF9C76C879E27490DD4E59FC7DC4066F8764DEB1A613"
"npc-roles","Test_Spawn_Action","_Core/Tests/Spawning/Test_Spawn_Action","Server/NPC/Roles/_Core/Tests/Spawning/Test_Spawn_Action.json","1351","0E8FF80B6B44E96CF7E11E84FE85688E949F10AA506AA112C848A979C125FAE8"
"npc-roles","Test_Set_State_From_Component","_Core/Tests/States/Test_Set_State_From_Component","Server/NPC/Roles/_Core/Tests/States/Test_Set_State_From_Component.json","1597","017A577BE6D2B1F439E8E72CF3330F9CB26372A4336E48A1869B4C21B5ADBD00"
"npc-roles","Test_State_Evaluator","_Core/Tests/States/Test_State_Evaluator","Server/NPC/Roles/_Core/Tests/States/Test_State_Evaluator.json","2333","7917EBEB2971545745D99D633FB9F84FAEB04F54B29B14BC8C65A26D9573387D"
"npc-roles","Test_State_Evaluator_Nearby","_Core/Tests/States/Test_State_Evaluator_Nearby","Server/NPC/Roles/_Core/Tests/States/Test_State_Evaluator_Nearby.json","2064","6C62196C59DC26C36CEE8C8A03EFEE3BC91E68E6BCDA0FF3279E79CB7109D9D0"
"npc-roles","Test_State_Evaluator_Sleep","_Core/Tests/States/Test_State_Evaluator_Sleep","Server/NPC/Roles/_Core/Tests/States/Test_State_Evaluator_Sleep.json","2733","5104E673FA3CBB0D0BF60CF266872FEB6389E65A85C6D3E5DE8750606900C42F"
"npc-roles","Test_State_Evaluator_TimeSinceLastUsed","_Core/Tests/States/Test_State_Evaluator_TimeSinceLastUsed","Server/NPC/Roles/_Core/Tests/States/Test_State_Evaluator_TimeSinceLastUsed.json","1813","2118102CE917EBFC2087FDDD8FA15FE2CEAD1B9488E9195526D5FEA65A209949"
"npc-roles","Test_State_Evaluator_Toggle","_Core/Tests/States/Test_State_Evaluator_Toggle","Server/NPC/Roles/_Core/Tests/States/Test_State_Evaluator_Toggle.json","3491","A22482F118C29F0815DF84B00519C5805E43869D533486E05CA3A9EA5521630C"
"npc-roles","Test_State_Transitions","_Core/Tests/States/Test_State_Transitions","Server/NPC/Roles/_Core/Tests/States/Test_State_Transitions.json","5172","11F0E2C3F4AE84CBE81542A92EB152E0D7DA0BB03245D036701877CF1F3C5352"
"npc-roles","Test_Sub_States","_Core/Tests/States/Test_Sub_States","Server/NPC/Roles/_Core/Tests/States/Test_Sub_States.json","3065","01D12DC62C65EDE362D7AA57671A11B99E97B3F55303572AE8AB5E29ACC52BA5"
"npc-roles","Component_Test_Action_Sequence","_Core/Tests/TemplateTests/Component_Test_Action_Sequence","Server/NPC/Roles/_Core/Tests/TemplateTests/Component_Test_Action_Sequence.json","349","5E2EE722C4FCE99E40F258B507761C78619226D7D209749AC991DBC81C177CE7"
"npc-roles","Component_Test_Inventory_Action_Reference","_Core/Tests/TemplateTests/Component_Test_Inventory_Action_Reference","Server/NPC/Roles/_Core/Tests/TemplateTests/Component_Test_Inventory_Action_Reference.json","462","6E415F610CE774391B9AB7D224909B184DA8B6B45C2599E78BFF813716B2CAE1"
"npc-roles","Component_Test_Local_States","_Core/Tests/TemplateTests/Component_Test_Local_States","Server/NPC/Roles/_Core/Tests/TemplateTests/Component_Test_Local_States.json","1272","83AEA401C1D012775814374B793413187F2C52D7BE368A280212AE145063BD25"
"npc-roles","Component_Test_Local_States_2","_Core/Tests/TemplateTests/Component_Test_Local_States_2","Server/NPC/Roles/_Core/Tests/TemplateTests/Component_Test_Local_States_2.json","2029","25855057F4CDA3B41456835BCE3B6389F60D642B23EF72A127A1C1435B7D55BB"
"npc-roles","Test_Player_Hidden_Template","_Core/Tests/TemplateTests/Test_Player_Hidden_Template","Server/NPC/Roles/_Core/Tests/TemplateTests/Test_Player_Hidden_Template.json","5063","F88B6919673925F572381D66386130F5347BBCD37890CD3973DD059ABB4B8834"
"npc-roles","Test_Template_Sheep","_Core/Tests/TemplateTests/Test_Template_Sheep","Server/NPC/Roles/_Core/Tests/TemplateTests/Test_Template_Sheep.json","1809","1198C384BF2A2C7BAC6E0D8B7E3BF506CBF1172D1DCCF397040874531A58C416"
"npc-roles","Test_Template_Variant","_Core/Tests/TemplateTests/Test_Template_Variant","Server/NPC/Roles/_Core/Tests/TemplateTests/Test_Template_Variant.json","588","1C1C6CB7C64D763A1B8CAD0744F4FB1B34E1D333D48F15EBFB75269DEED3E1D2"
"npc-roles","Test_Template_Variant_of_Variant","_Core/Tests/TemplateTests/Test_Template_Variant_of_Variant","Server/NPC/Roles/_Core/Tests/TemplateTests/Test_Template_Variant_of_Variant.json","201","1F00BB292C224F37952A43895831E070704A4466167CAA0F70211F1F200F4ECB"
"npc-roles","Test_Template_Wander","_Core/Tests/TemplateTests/Test_Template_Wander","Server/NPC/Roles/_Core/Tests/TemplateTests/Test_Template_Wander.json","635","91512F8F98234096735647F41F22DC06702F9B5751B40B034E476119C0BF8104"
"npc-roles","Test_Action_List","_Core/Tests/Test_Action_List","Server/NPC/Roles/_Core/Tests/Test_Action_List.json","1174","B15F92952357100A9A349BAC7C192199B13721C2456E6D91023FF3BD210CCFAC"
"npc-roles","Test_Action_Model_Attachment","_Core/Tests/Test_Action_Model_Attachment","Server/NPC/Roles/_Core/Tests/Test_Action_Model_Attachment.json","4506","1E2553A483E407BA971AFAA754039B0DE9316B1DAC48093040126221518F7097"
"npc-roles","Test_And","_Core/Tests/Test_And","Server/NPC/Roles/_Core/Tests/Test_And.json","824","0478C86DF901C278D8F18827FFAE6179C40834147838434B04159E0825C49ADA"
"npc-roles","Test_Animation","_Core/Tests/Test_Animation","Server/NPC/Roles/_Core/Tests/Test_Animation.json","927","928F51F2D509F4B6BA6392FFF4DB29838440B29D9744B31D8ABF1E24F0E699DE"
"npc-roles","Test_Animation_State_Change","_Core/Tests/Test_Animation_State_Change","Server/NPC/Roles/_Core/Tests/Test_Animation_State_Change.json","3722","FBFB66DC9DED4DD7FED957E161BB5DFF7EC01FF213EC9FFC35FBF65B5F80499F"
"npc-roles","Test_Attitude_Sensor","_Core/Tests/Test_Attitude_Sensor","Server/NPC/Roles/_Core/Tests/Test_Attitude_Sensor.json","2276","56CFFDA30AD8DD68229F4A1559325A1E7D12186EC05A8EB6C24E4C8D1E4C7579"
"npc-roles","Test_Attitude_Sensor_Wolf","_Core/Tests/Test_Attitude_Sensor_Wolf","Server/NPC/Roles/_Core/Tests/Test_Attitude_Sensor_Wolf.json","1810","7C6389E5AB24F569CB2A0C8B5C77F24F3FCA346893BD1F482927AFFAD1653251"
"npc-roles","Test_Attributes","_Core/Tests/Test_Attributes","Server/NPC/Roles/_Core/Tests/Test_Attributes.json","2275","2F76643DE33B8804F2464F8B5A72F9A04AA4BFC8F7BA7120E80594D28E9328FF"
"npc-roles","Test_Attributes_Modify","_Core/Tests/Test_Attributes_Modify","Server/NPC/Roles/_Core/Tests/Test_Attributes_Modify.json","220","597006AC0F9CB5426B543EC04999AB05A6AF75458CBA4290928A6699F75291D9"
"npc-roles","Test_Block_Change","_Core/Tests/Test_Block_Change","Server/NPC/Roles/_Core/Tests/Test_Block_Change.json","4708","0B4F64BB07578D002DCD1B2375C2D6EBF162A270819BD198F7ADA5691CDF3FBB"
"npc-roles","Test_Blocking_Animation","_Core/Tests/Test_Blocking_Animation","Server/NPC/Roles/_Core/Tests/Test_Blocking_Animation.json","1215","D7D76F895E817212A5385F47FAA58FE99E22B3D20E25774D7302F19D04E5091B"
"npc-roles","Test_Count_Sheep","_Core/Tests/Test_Count_Sheep","Server/NPC/Roles/_Core/Tests/Test_Count_Sheep.json","1497","6DE8783B38F44F5CED27C906B5D2E1F7F8C186B59CA665F350409E4BF876B984"
"npc-roles","Test_Crouch","_Core/Tests/Test_Crouch","Server/NPC/Roles/_Core/Tests/Test_Crouch.json","2184","D07BAD0045A4EA02DD253AA79791C4D8AF01AABD17DF13D3E5EC1456ED6248CB"
"npc-roles","Test_Delay","_Core/Tests/Test_Delay","Server/NPC/Roles/_Core/Tests/Test_Delay.json","1186","977FD2A5ABB905D64D46E7BADB9BC3D201B5887D093C5C9E1936F9BD3A5B0107"
"npc-roles","Test_DisplayName_Spam","_Core/Tests/Test_DisplayName_Spam","Server/NPC/Roles/_Core/Tests/Test_DisplayName_Spam.json","1270","1446D33A66F4380A345F7F17028CC4938964D9582ABCCEC0C341B3F64539E996"
"npc-roles","Test_Dog_Tame","_Core/Tests/Test_Dog_Tame","Server/NPC/Roles/_Core/Tests/Test_Dog_Tame.json","2444","08E0D160521CDDB8FD4D42CCEEE5E3BC0E0723DD10FD186519B65ACE5679D3D5"
"npc-roles","Test_Dragon","_Core/Tests/Test_Dragon","Server/NPC/Roles/_Core/Tests/Test_Dragon.json","1171","E284FA50B332E1AD8492CDEF050FD0B7D6472B7ED41B0048E189FDDD52AAA4A8"
"npc-roles","Test_Dragon_Frost","_Core/Tests/Test_Dragon_Frost","Server/NPC/Roles/_Core/Tests/Test_Dragon_Frost.json","1117","5A0EC0B6ECF1DECB6EA871525FA62700236E2C97F3D1D83D17346E513B09F10B"
"npc-roles","Test_Drop_Item","_Core/Tests/Test_Drop_Item","Server/NPC/Roles/_Core/Tests/Test_Drop_Item.json","980","CEECDFAF3709FA0952E1BDE43901E6A1B8B9662581369C5B84E88C19EE451B33"
"npc-roles","Test_Entity_Damage_Event","_Core/Tests/Test_Entity_Damage_Event","Server/NPC/Roles/_Core/Tests/Test_Entity_Damage_Event.json","948","744DDEA0DCF470648DEB29ACB356FAED7626A576D368443C690BDD3BDC29E124"
"npc-roles","Test_Entity_Flock_Damage_Event","_Core/Tests/Test_Entity_Flock_Damage_Event","Server/NPC/Roles/_Core/Tests/Test_Entity_Flock_Damage_Event.json","985","006838BDDF9C4EFAB55B0D39E3305F7B3E757D301B916F502372DBB4CA4649F1"
"npc-roles","Test_Entity_Sensor_Crouch","_Core/Tests/Test_Entity_Sensor_Crouch","Server/NPC/Roles/_Core/Tests/Test_Entity_Sensor_Crouch.json","1909","A57950C555FFC164E447D757363ECDCA1B39F5AB9A7D9EFFCB8263804BFD53C3"
"npc-roles","Test_EntityFilter_ExecutingInteraction","_Core/Tests/Test_EntityFilter_ExecutingInteraction","Server/NPC/Roles/_Core/Tests/Test_EntityFilter_ExecutingInteraction.json","1340","8B87F0182A2AA15121AC14137779657E2609E7EB8D34F648A93AECD320E5CC13"
"npc-roles","Test_EntityFilter_ExecutingInteraction_Observer","_Core/Tests/Test_EntityFilter_ExecutingInteraction_Observer","Server/NPC/Roles/_Core/Tests/Test_EntityFilter_ExecutingInteraction_Observer.json","1010","F384F15E9AFA6DDD47B5E32A1A7DA181646725E30676F95C6D45AD63A55FB0ED"
"npc-roles","Test_Eval_IsEmpty","_Core/Tests/Test_Eval_IsEmpty","Server/NPC/Roles/_Core/Tests/Test_Eval_IsEmpty.json","1019","96B11A527E7A2B6CC55048E46C7C54B544C9D30C0F1990FF67334A9D1F01B00A"
"npc-roles","Test_Flags","_Core/Tests/Test_Flags","Server/NPC/Roles/_Core/Tests/Test_Flags.json","1917","1614D3A5F94F72C69183E32A408AC25F8864AB604F9ED493D66D90F1DDF8DEA6"
"npc-roles","Test_Fly","_Core/Tests/Test_Fly","Server/NPC/Roles/_Core/Tests/Test_Fly.json","864","4C74DF30408A50B0FEDBCF9BA370F6938F7A0A7F61897770D8A70C4515955A44"
"npc-roles","Test_Hover_Parrot","_Core/Tests/Test_Hover_Parrot","Server/NPC/Roles/_Core/Tests/Test_Hover_Parrot.json","1143","3DCFCA6D2CBCF9D4BE696C46CCE41F559EBE1004252A3D625B3A1A148291BD56"
"npc-roles","Test_Implicit_Any","_Core/Tests/Test_Implicit_Any","Server/NPC/Roles/_Core/Tests/Test_Implicit_Any.json","868","676D45BAF60FCFFF532D07858086BD6C07D86C16BDC7602C303C2CF76123759D"
"npc-roles","Test_In_Water","_Core/Tests/Test_In_Water","Server/NPC/Roles/_Core/Tests/Test_In_Water.json","1130","8995BF093437B81410C739F0C190BC370B61ED97CA86B196039A62E6AA3D1D10"
"npc-roles","Test_Inactive_Delay","_Core/Tests/Test_Inactive_Delay","Server/NPC/Roles/_Core/Tests/Test_Inactive_Delay.json","1576","B92DEF0D672BB752A014E8A9B4FE76CCD239BA47800AE668F2B696D98AEEEBEC"
"npc-roles","Test_Invulnerable","_Core/Tests/Test_Invulnerable","Server/NPC/Roles/_Core/Tests/Test_Invulnerable.json","1043","667CFFCA52CC6668294AC2BD0482D905E5596028EBACF8DE93722E7186FDA393"
"npc-roles","Test_Light_Sensor","_Core/Tests/Test_Light_Sensor","Server/NPC/Roles/_Core/Tests/Test_Light_Sensor.json","1513","21692B83422C05A7A2D5BAE79F5C7B622D7544101ED785055B85911A86CDFC9B"
"npc-roles","Test_Locked_Target","_Core/Tests/Test_Locked_Target","Server/NPC/Roles/_Core/Tests/Test_Locked_Target.json","2101","60F08DF98AA63B3202F282DD10B8FE16EF2555C3841E111D1661A7F9E49455D1"
"npc-roles","Test_Model_Change","_Core/Tests/Test_Model_Change","Server/NPC/Roles/_Core/Tests/Test_Model_Change.json","3377","3A799C86A80CD59DA89E5A6EB7BDBB0C11648D120DA77FE41473889D70331AE1"
"npc-roles","Test_NPCGroup_Sensor","_Core/Tests/Test_NPCGroup_Sensor","Server/NPC/Roles/_Core/Tests/Test_NPCGroup_Sensor.json","2020","63AEAA039A6D3CDFE3966EB3C4BDA2B6C77D61FBF201BE95664491A5A565B9F8"
"npc-roles","Test_Particle_Emotions","_Core/Tests/Test_Particle_Emotions","Server/NPC/Roles/_Core/Tests/Test_Particle_Emotions.json","1885","67819076CB2366E725EA51D316B01332C02DC6212491D2AEBD4946F85E049758"
"npc-roles","Test_Particle_Scale","_Core/Tests/Test_Particle_Scale","Server/NPC/Roles/_Core/Tests/Test_Particle_Scale.json","1849","98267B9B1C682617B44FBCFBA36448382E1A56BD12E11535E390F72E90B5F1E6"
"npc-roles","Test_Pet","_Core/Tests/Test_Pet","Server/NPC/Roles/_Core/Tests/Test_Pet.json","11333","0A4D0445E85048FF5897D4B73E25296B195B19B3FF53C7C2A6E27AF39FAB3174"
"npc-roles","Test_Pet_Lantern","_Core/Tests/Test_Pet_Lantern","Server/NPC/Roles/_Core/Tests/Test_Pet_Lantern.json","4874","5C6DC66B86AF44A12E7A6F8254BD121CFCADCD3BE71BA6A7B5E2CB9F619D2BE5"
"npc-roles","Test_Place_Block","_Core/Tests/Test_Place_Block","Server/NPC/Roles/_Core/Tests/Test_Place_Block.json","1236","7F3C67F01D2AF0AEA50A921DDAECB6CB75AEBF72061955F9ACD87C1D765F07FF"
"npc-roles","Test_Place_Blocks","_Core/Tests/Test_Place_Blocks","Server/NPC/Roles/_Core/Tests/Test_Place_Blocks.json","4894","8FB5B9F76014460EA4C981A6713338E818270B621DA7F027BA69A65F27D45100"
"npc-roles","Test_Position_Adjustment_Wrapper","_Core/Tests/Test_Position_Adjustment_Wrapper","Server/NPC/Roles/_Core/Tests/Test_Position_Adjustment_Wrapper.json","2031","8F08F79C5ABE2D13EB52DEEB9B4928818F63CDD7ABA92502B374400797035A40"
"npc-roles","Test_Probe","_Core/Tests/Test_Probe","Server/NPC/Roles/_Core/Tests/Test_Probe.json","1151","11DA3E07197D535E1897B69954F45C8A4E5CFA55F17651997E736BE2624C8D9C"
"npc-roles","Test_Random_Display_Name_Sheep","_Core/Tests/Test_Random_Display_Name_Sheep","Server/NPC/Roles/_Core/Tests/Test_Random_Display_Name_Sheep.json","1134","EF5B4D8385A88296F514BAC77DEB1A966E8F78C613C86FF968FC7B3777AC465A"
"npc-roles","Test_Random_Instruction","_Core/Tests/Test_Random_Instruction","Server/NPC/Roles/_Core/Tests/Test_Random_Instruction.json","2265","88CF206FAFAB5CB764A0E216894A39D86B465587CD58FB44EE4F17C7751E1883"
"npc-roles","Test_Random_Sensor","_Core/Tests/Test_Random_Sensor","Server/NPC/Roles/_Core/Tests/Test_Random_Sensor.json","1089","72CAB2D83113FE4C3B113828C02FF376CBA8D90CD3EF2C62CDDB33557EB7CB69"
"npc-roles","Test_Read_Position_From_Target","_Core/Tests/Test_Read_Position_From_Target","Server/NPC/Roles/_Core/Tests/Test_Read_Position_From_Target.json","1357","F5BD31CABD036BAE9117D4D043B32CC92D999BF5285E3406F82CE87581DB8DC0"
"npc-roles","Test_Relative_Turn_Speed","_Core/Tests/Test_Relative_Turn_Speed","Server/NPC/Roles/_Core/Tests/Test_Relative_Turn_Speed.json","1566","6753E47EB67122899FB4191FEE403203EA639E81459876D33759E928990055FD"
"npc-roles","Test_Sensor_Age","_Core/Tests/Test_Sensor_Age","Server/NPC/Roles/_Core/Tests/Test_Sensor_Age.json","1218","BCBBB54CE0E438B8D4DEFFACCF57D6F8BE3FFD32DA571ABDC652AB00C37919CB"
"npc-roles","Test_Sensor_DroppedItem","_Core/Tests/Test_Sensor_DroppedItem","Server/NPC/Roles/_Core/Tests/Test_Sensor_DroppedItem.json","2942","558908941FC03060E21B906605D706E068673C8F44CB97A25298DE5F108FE65E"
"npc-roles","Test_Sensor_DroppedItem_Hoover","_Core/Tests/Test_Sensor_DroppedItem_Hoover","Server/NPC/Roles/_Core/Tests/Test_Sensor_DroppedItem_Hoover.json","1158","3C2CEDA665E7B09E542BC58015E64C8A868D70507FC6A2A51C148177B79FEDB3"
"npc-roles","Test_Sensor_Height","_Core/Tests/Test_Sensor_Height","Server/NPC/Roles/_Core/Tests/Test_Sensor_Height.json","1192","6708A87C5DECA90B389BF1DEEC553A5C6CC98304C741A70D8AFED89CD3A45220"
"npc-roles","Test_Sensor_Stat","_Core/Tests/Test_Sensor_Stat","Server/NPC/Roles/_Core/Tests/Test_Sensor_Stat.json","4054","DB1C57B1E6326B26C248A61AF7FEDE2732505D751613CFEB3E08D630F1BBBF80"
"npc-roles","Test_ShapeChange","_Core/Tests/Test_ShapeChange","Server/NPC/Roles/_Core/Tests/Test_ShapeChange.json","1928","09C0EF4F6F88F26A291B194FBFE8AAB03A848F90D0DD2DF620B7A82E4F27EE58"
"npc-roles","Test_Shoot_At_Block","_Core/Tests/Test_Shoot_At_Block","Server/NPC/Roles/_Core/Tests/Test_Shoot_At_Block.json","1125","CFCB34B9E05167F23639A48EBFE0F256EE842D26F00792F4EE2D31B4663C7626"
"npc-roles","Test_Soft_Leash","_Core/Tests/Test_Soft_Leash","Server/NPC/Roles/_Core/Tests/Test_Soft_Leash.json","3650","431BB9E60BF0036739F9B21E904B6EF8FE2801980ECC1C075ACAEF4D3921CEBD"
"npc-roles","Test_Species_Attitude","_Core/Tests/Test_Species_Attitude","Server/NPC/Roles/_Core/Tests/Test_Species_Attitude.json","2371","82F0DB3A9A381F01543403CD330879E556EAE8265F0459524D09BD038AA1545E"
"npc-roles","Test_Split_Entity_Sensor","_Core/Tests/Test_Split_Entity_Sensor","Server/NPC/Roles/_Core/Tests/Test_Split_Entity_Sensor.json","1191","3D2D336035FC615F010B13110A64D703FD10B33700F46894D00A5484DA3D5186"
"npc-roles","Test_Spots_Me_Sheep","_Core/Tests/Test_Spots_Me_Sheep","Server/NPC/Roles/_Core/Tests/Test_Spots_Me_Sheep.json","2047","E4C3E6B1564CB9FC1923A371815A630A9FC5199CFE085B81BF0710350EFC6E63"
"npc-roles","Test_Standing_On_Block_Sensor","_Core/Tests/Test_Standing_On_Block_Sensor","Server/NPC/Roles/_Core/Tests/Test_Standing_On_Block_Sensor.json","2697","950B9F73CF5D590A3F4FBD192EF68C6DF8EBF67DFFA27E5615A35A3C2111E202"
"npc-roles","Test_Stats_Health","_Core/Tests/Test_Stats_Health","Server/NPC/Roles/_Core/Tests/Test_Stats_Health.json","934","E87261C706A6454AF259C0978F066EE69E41A8830FBA660F732E4998EDDF3113"
"npc-roles","Test_Store_Read_Position","_Core/Tests/Test_Store_Read_Position","Server/NPC/Roles/_Core/Tests/Test_Store_Read_Position.json","1243","9F21CC4E812D5AD9CBD9558B8458EF2C10DF7777F129595DD757EFBAA4532B03"
"npc-roles","Test_Switch","_Core/Tests/Test_Switch","Server/NPC/Roles/_Core/Tests/Test_Switch.json","1239","7CC5BDA8DBAE1186E1DB01F4BD813198B797CB892FB3567608DBA69A2A92794C"
"npc-roles","Test_Teleport","_Core/Tests/Test_Teleport","Server/NPC/Roles/_Core/Tests/Test_Teleport.json","1035","12CBA54DDE41DAE3B5AD4C069FED4406633DEADFD16C2A14FEF1B86A936D68CE"
"npc-roles","Test_Throw_NPC","_Core/Tests/Test_Throw_NPC","Server/NPC/Roles/_Core/Tests/Test_Throw_NPC.json","1150","82DA65B787A699DDBF4A82BCBB3F5427402451AF5A5306D97B6B26DC7F09A612"
"npc-roles","Test_TreeMode_Instruction","_Core/Tests/Test_TreeMode_Instruction","Server/NPC/Roles/_Core/Tests/Test_TreeMode_Instruction.json","2027","A9B355562DBF26C59F84C843B5718655F9C217D3B7F8E3C24E619631C98C203D"
"npc-roles","Test_Trigger_Spawners","_Core/Tests/Test_Trigger_Spawners","Server/NPC/Roles/_Core/Tests/Test_Trigger_Spawners.json","886","569B83783553C8D0312392B8F2FD7D6FD5C5EFA9C1B95B9A754F8C1827125771"
"npc-roles","Test_Weather_Sensor","_Core/Tests/Test_Weather_Sensor","Server/NPC/Roles/_Core/Tests/Test_Weather_Sensor.json","1484","DB9242C0083662337755DDED669705AB8A329D2D40AD0428D24C48FD2B3EB4CA"
"npc-roles","Test_Wolf_Pack","_Core/Tests/Test_Wolf_Pack","Server/NPC/Roles/_Core/Tests/Test_Wolf_Pack.json","3475","3AC80E12EFD76618227F0F943BACC20A28B34555AD661DA64A67DD9A715796D1"
"npc-roles","Test_Alarm","_Core/Tests/Timer/Test_Alarm","Server/NPC/Roles/_Core/Tests/Timer/Test_Alarm.json","1568","69847FC865799243FA4B2AB7A5EC9DB61AA7029A4B8134EF25AF046AC0E37C92"
"npc-roles","Test_Timer","_Core/Tests/Timer/Test_Timer","Server/NPC/Roles/_Core/Tests/Timer/Test_Timer.json","5746","9F1FBF99685B79DD2314160221306A036E2EFFDC6C1289A517A37E2EA9D32B45"
"npc-roles","Test_Timer_Random","_Core/Tests/Timer/Test_Timer_Random","Server/NPC/Roles/_Core/Tests/Timer/Test_Timer_Random.json","2828","03E166FC417C111470D94F78787A5E46AD36F351CF8EFE4CF8C02BA902DB4797"
"npc-roles","Test_Timer_Repeating","_Core/Tests/Timer/Test_Timer_Repeating","Server/NPC/Roles/_Core/Tests/Timer/Test_Timer_Repeating.json","4228","BE46A45655960948C8EA59EDD74888C9CEE1F8D45B63945B79C14694D2A2FAC7"
"npc-roles","Test_Trigger_Volume","_Core/Tests/TriggerVolumes/Test_Trigger_Volume","Server/NPC/Roles/_Core/Tests/TriggerVolumes/Test_Trigger_Volume.json","1141","A17E17C2EA34F5F9EACB328487E8072D09E7B995D252E327FB63212058ECF1FB"
"npc-roles","Test_Unified_1","_Core/Tests/UnifiedSelector/Test_Unified_1","Server/NPC/Roles/_Core/Tests/UnifiedSelector/Test_Unified_1.json","1041","E6AEFE3E446E2DC08A1B864C717EF9633AE7E0D19A7FE95C83FCD1629D2F0A16"
"npc-roles","Test_Unified_10","_Core/Tests/UnifiedSelector/Test_Unified_10","Server/NPC/Roles/_Core/Tests/UnifiedSelector/Test_Unified_10.json","1006","EE0C52EEAB70B38E26CA8F21AAF0ED9877250D36E1462C3CCE22A8BBD1281475"
"npc-roles","Test_Unified_11","_Core/Tests/UnifiedSelector/Test_Unified_11","Server/NPC/Roles/_Core/Tests/UnifiedSelector/Test_Unified_11.json","1655","1C2890B62781FF23E7606B169B70476F080799B934C53282CC1467E9A32E625F"
"npc-roles","Test_Unified_2","_Core/Tests/UnifiedSelector/Test_Unified_2","Server/NPC/Roles/_Core/Tests/UnifiedSelector/Test_Unified_2.json","515","7D6E562A7847E2EA6B7C7CB91EBB2849B723D19C4204D1479C31A27A39347D63"
"npc-roles","Test_Unified_3","_Core/Tests/UnifiedSelector/Test_Unified_3","Server/NPC/Roles/_Core/Tests/UnifiedSelector/Test_Unified_3.json","538","E990E4685EF370E7A02CC4264D96971730EFC62CB206C4AB4986FC64B438A9B6"
"npc-roles","Test_Unified_4","_Core/Tests/UnifiedSelector/Test_Unified_4","Server/NPC/Roles/_Core/Tests/UnifiedSelector/Test_Unified_4.json","576","BD801A6913B38CFDB60A59BD80A18A207CFAD11D0019B1AEDFE674AB6ECB42F4"
"npc-roles","Test_Unified_5","_Core/Tests/UnifiedSelector/Test_Unified_5","Server/NPC/Roles/_Core/Tests/UnifiedSelector/Test_Unified_5.json","716","83F0F180B3FCD2A332E0AADD588EA0D369777FC9CDACB4E41C87496A47E0364D"
"npc-roles","Test_Unified_6","_Core/Tests/UnifiedSelector/Test_Unified_6","Server/NPC/Roles/_Core/Tests/UnifiedSelector/Test_Unified_6.json","784","0292E2D302E684DB0D8039FA989D49B85C53F8BADD54C2D1115EF641EFD083B7"
"npc-roles","Test_Unified_7","_Core/Tests/UnifiedSelector/Test_Unified_7","Server/NPC/Roles/_Core/Tests/UnifiedSelector/Test_Unified_7.json","716","406D8B6B59E49D6AAA628E42E829F776E4B21557613AD414BA8C78A5AB8BEA48"
"npc-roles","Test_Unified_8","_Core/Tests/UnifiedSelector/Test_Unified_8","Server/NPC/Roles/_Core/Tests/UnifiedSelector/Test_Unified_8.json","1005","224ACF3C2F84BB9C36CFEE16CB5A6FFAA8C32D5B37610DE75BE2C2E682786417"
"npc-roles","Test_Unified_9","_Core/Tests/UnifiedSelector/Test_Unified_9","Server/NPC/Roles/_Core/Tests/UnifiedSelector/Test_Unified_9.json","975","D94D09CCAA55B9778665136F212DE2104B921E0B0673C1FE4BA71441CC554C0C"
"npc-roles","Eel_Moray","Aquatic/Abyssal/Eel_Moray","Server/NPC/Roles/Aquatic/Abyssal/Eel_Moray.json","512","8BF15A998B3D3AB19E62248B3C9D4C7C41787ED9A5A5A802B36AAE34C29029D3"
"npc-roles","Shark_Hammerhead","Aquatic/Abyssal/Shark_Hammerhead","Server/NPC/Roles/Aquatic/Abyssal/Shark_Hammerhead.json","541","C2A1E1C87E4201DE36BE9693CABA603F3B2AFA0701B7F9B8E1468B1D67ABED07"
"npc-roles","Shellfish_Lava","Aquatic/Abyssal/Shellfish_Lava","Server/NPC/Roles/Aquatic/Abyssal/Shellfish_Lava.json","578","747A3E964B80B5C0F2FE8B3C681580AE4DAB30AE68BE185E05DF04DD43147FC8"
"npc-roles","Trilobite","Aquatic/Abyssal/Trilobite","Server/NPC/Roles/Aquatic/Abyssal/Trilobite.json","512","F85F5F823FBB444DA6513E2F4ECE258F941BEF91288A39005BD08048E01BE0E5"
"npc-roles","Trilobite_Black","Aquatic/Abyssal/Trilobite_Black","Server/NPC/Roles/Aquatic/Abyssal/Trilobite_Black.json","536","B1A704849822A2988DE2D1DAFC6FB48057D2DB17EEC539804E3F5832B297F1F7"
"npc-roles","Whale_Humpback","Aquatic/Abyssal/Whale_Humpback","Server/NPC/Roles/Aquatic/Abyssal/Whale_Humpback.json","533","8D958931D5352688FB106EA5F68BFBBB2E7340746C7B5F7340711DBC57ECA315"
"npc-roles","Bluegill","Aquatic/Freshwater/Bluegill","Server/NPC/Roles/Aquatic/Freshwater/Bluegill.json","511","7074D2449334F6D91EBFCBDAD277D369CD319DFB4272094BAEDBC188507BE22C"
"npc-roles","Catfish","Aquatic/Freshwater/Catfish","Server/NPC/Roles/Aquatic/Freshwater/Catfish.json","507","6A8F0C85A29D3220D9466D4290CC45DC6557AFFA6BF0DB50D092E5E5E16E7B8C"
"npc-roles","Frostgill","Aquatic/Freshwater/Frostgill","Server/NPC/Roles/Aquatic/Freshwater/Frostgill.json","515","15E52D754596BEC52669DCA36109DA6542A95A03B2957DA12356A9E0C2FF9E40"
"npc-roles","Minnow","Aquatic/Freshwater/Minnow","Server/NPC/Roles/Aquatic/Freshwater/Minnow.json","503","1871A0FA7487C0F177F07A4A48DCB9C45D8A37A662F8A60FB272BC5952367593"
"npc-roles","Pike","Aquatic/Freshwater/Pike","Server/NPC/Roles/Aquatic/Freshwater/Pike.json","495","5F18AA87C6642224CE987B1DA925D955DF8519C32F93DFB034BFBD02D92F42D3"
"npc-roles","Piranha","Aquatic/Freshwater/Piranha","Server/NPC/Roles/Aquatic/Freshwater/Piranha.json","558","8FACABAE786A7B1B459C3D9A1F6FF62CD96A2AF3EC1933EA88B70B13A6263815"
"npc-roles","Piranha_Black","Aquatic/Freshwater/Piranha_Black","Server/NPC/Roles/Aquatic/Freshwater/Piranha_Black.json","556","2CF8ACB94891AF4652BBA8FF10F02812C1F48B0C86784DABB8EAC49B99466D8C"
"npc-roles","Salmon","Aquatic/Freshwater/Salmon","Server/NPC/Roles/Aquatic/Freshwater/Salmon.json","503","7DCD739545C6CFDE26E7E7E7762E11A64CF60FE1CF653B86F4D2F6BB8E314E77"
"npc-roles","Snapjaw","Aquatic/Freshwater/Snapjaw","Server/NPC/Roles/Aquatic/Freshwater/Snapjaw.json","507","2694F8EE7D3B438A57D727CB11C21F989A2C3013A61261849AD29BD8F4A2C621"
"npc-roles","Trout_Rainbow","Aquatic/Freshwater/Trout_Rainbow","Server/NPC/Roles/Aquatic/Freshwater/Trout_Rainbow.json","531","D2FE2ECAAD6E93D608C93A3D44F21A8FB68E7ACF57492AA94437DC40C302F3B3"
"npc-roles","Clownfish","Aquatic/Marine/Clownfish","Server/NPC/Roles/Aquatic/Marine/Clownfish.json","515","F2A4E65DD36E2B3298C789E1EDE09EA50B65713F23C670F5EAE5B36D740B98F0"
"npc-roles","Crab","Aquatic/Marine/Crab","Server/NPC/Roles/Aquatic/Marine/Crab.json","502","3B84C426A2199923787180434D008455CFBA2BE2CD6FC779400B0D0CBBEF5A31"
"npc-roles","Jellyfish_Blue","Aquatic/Marine/Jellyfish_Blue","Server/NPC/Roles/Aquatic/Marine/Jellyfish_Blue.json","530","C865833E9FF2D9221CE8E0017DD2ECED89CCB64DF43A5FA826CEFF04B2F1C2AD"
"npc-roles","Jellyfish_Cyan","Aquatic/Marine/Jellyfish_Cyan","Server/NPC/Roles/Aquatic/Marine/Jellyfish_Cyan.json","530","810FE077C8E878E45C05B0972106E60EEDF2ADB9F7472A046BD2AADA024669A6"
"npc-roles","Jellyfish_Green","Aquatic/Marine/Jellyfish_Green","Server/NPC/Roles/Aquatic/Marine/Jellyfish_Green.json","533","BEE47E8A4C5AC9DEF04C14FCEBD941340E61DFFCB80B5FC0228CF0140C7F3B15"
"npc-roles","Jellyfish_Man_Of_War","Aquatic/Marine/Jellyfish_Man_Of_War","Server/NPC/Roles/Aquatic/Marine/Jellyfish_Man_Of_War.json","559","5E04ED0F86005F60C8F96173275861830807C6DEAF5B5E81C7FC021149FE81B9"
"npc-roles","Jellyfish_Red","Aquatic/Marine/Jellyfish_Red","Server/NPC/Roles/Aquatic/Marine/Jellyfish_Red.json","527","CDF2CAFEB6C5EE28D1D65D0B4673D1DE0B4E40EC7D34A9AF133F646BBD888636"
"npc-roles","Jellyfish_Yellow","Aquatic/Marine/Jellyfish_Yellow","Server/NPC/Roles/Aquatic/Marine/Jellyfish_Yellow.json","536","6F4E4BEE5A147281DB752877480E5CFA7CFEF5EC6820C0C99ED8EE294FE31B9D"
"npc-roles","Lobster","Aquatic/Marine/Lobster","Server/NPC/Roles/Aquatic/Marine/Lobster.json","514","E4D1E1E18DC8AC2D6F021E2F6CA50DC1F1955D2994A774553B12E837F63E20C8"
"npc-roles","Pufferfish","Aquatic/Marine/Pufferfish","Server/NPC/Roles/Aquatic/Marine/Pufferfish.json","519","7BD2FD4E5571612CA57222DF24CB22B2D7EF4AF7E616C3FBFD9CE79ED8E93B1C"
"npc-roles","Tang_Blue","Aquatic/Marine/Tang_Blue","Server/NPC/Roles/Aquatic/Marine/Tang_Blue.json","515","9A1457F9C75022A3E5DFF323E183A74C9F78DDC4805CA4B8E85F3F3B18EC4646"
"npc-roles","Tang_Chevron","Aquatic/Marine/Tang_Chevron","Server/NPC/Roles/Aquatic/Marine/Tang_Chevron.json","527","98472C91759B4440019640023F813F190C9829749D9F422A947BB211DD485201"
"npc-roles","Tang_Lemon_Peel","Aquatic/Marine/Tang_Lemon_Peel","Server/NPC/Roles/Aquatic/Marine/Tang_Lemon_Peel.json","539","0713B0BDD122BAF1C14C7AF2D041FB56DBB330ECFF5F97CE44245DA422C85D2E"
"npc-roles","Tang_Sailfin","Aquatic/Marine/Tang_Sailfin","Server/NPC/Roles/Aquatic/Marine/Tang_Sailfin.json","527","F027FEAD2530B5F930389EB181EDFEF2470456847BC6A5C85F772C02E65599FC"
"npc-roles","Bat","Avian/Aerial/Bat","Server/NPC/Roles/Avian/Aerial/Bat.json","507","2A6BBFCFE752F2BEF779C22174CCB89EBA7BC60B4A81A167FA5D8A8077C0C67C"
"npc-roles","Bat_Ice","Avian/Aerial/Bat_Ice","Server/NPC/Roles/Avian/Aerial/Bat_Ice.json","523","9CCD89EB1901D53E6805D641DFAF7D1677C22519C09A2185AB4D47128BDA79D2"
"npc-roles","Bluebird","Avian/Aerial/Bluebird","Server/NPC/Roles/Avian/Aerial/Bluebird.json","567","BB47773A0A5271DB9E31B215B1FC342AFFD2E4CF7DE83B01077988090031B26D"
"npc-roles","Crow","Avian/Aerial/Crow","Server/NPC/Roles/Avian/Aerial/Crow.json","511","5E5A5B069DF698CF547ACD1FB3C863054EF633F57A6DB4ADD5C27269C0A7C054"
"npc-roles","Finch_Green","Avian/Aerial/Finch_Green","Server/NPC/Roles/Avian/Aerial/Finch_Green.json","582","8FC45FDFCA3F65B1E1A3E40DD678712F7049F9B23E903113B63B37C5D2E54B07"
"npc-roles","Flamingo","Avian/Aerial/Flamingo","Server/NPC/Roles/Avian/Aerial/Flamingo.json","528","C1A48E426A1E74BCF796979D94F7D2B60529478B13F9306F031FE214E2F85999"
"npc-roles","Owl_Brown","Avian/Aerial/Owl_Brown","Server/NPC/Roles/Avian/Aerial/Owl_Brown.json","572","B5C1CD92258FEFD97F743D1314E1296A4E4C973FF8A895312EAA6CE48BCC9271"
"npc-roles","Owl_Snow","Avian/Aerial/Owl_Snow","Server/NPC/Roles/Avian/Aerial/Owl_Snow.json","527","EF51177B2B67E5A3B34A4E642041279BFEB06A087DB73EDD707C3EF515C6DEF1"
"npc-roles","Parrot","Avian/Aerial/Parrot","Server/NPC/Roles/Avian/Aerial/Parrot.json","519","EEA1F4331C0FAC2111F9321393BF71624DA2B42C3778A593436F04A603578680"
"npc-roles","Penguin","Avian/Aerial/Penguin","Server/NPC/Roles/Avian/Aerial/Penguin.json","524","A328E860AFC8A7BCA192C603EF8D02FF5844B4D9822A063742CA52203C880B65"
"npc-roles","Raven","Avian/Aerial/Raven","Server/NPC/Roles/Avian/Aerial/Raven.json","515","FF3A2613DC0508DFEEC96F1C3D83C0F86E158156D2327A116CD6E862341C3DBF"
"npc-roles","Sparrow","Avian/Aerial/Sparrow","Server/NPC/Roles/Avian/Aerial/Sparrow.json","523","914C78B87216A62C5A15253117151430A3BCAB7E56FCDCC801CA738A1F623755"
"npc-roles","Woodpecker","Avian/Aerial/Woodpecker","Server/NPC/Roles/Avian/Aerial/Woodpecker.json","535","D76CB91EBB84913EEE492F2ED31BF22BD198A27B003CBCAF3A65910AF3AAFBE9"
"npc-roles","Duck","Avian/Fowl/Duck","Server/NPC/Roles/Avian/Fowl/Duck.json","547","22E32E47D9B110B1569A9BC7C0FE249B1D4B5BC8A0FAE55D1B11C324E6A051F4"
"npc-roles","Pigeon","Avian/Fowl/Pigeon","Server/NPC/Roles/Avian/Fowl/Pigeon.json","519","FC4634D84ADA47680CE31B3604C619D9E3BDDE1963BF44E0CA7B48C295FEFF41"
"npc-roles","Archaeopteryx","Avian/Raptor/Archaeopteryx","Server/NPC/Roles/Avian/Raptor/Archaeopteryx.json","547","414AB671A1536A9E729A49F63EA539B0C3A25386063AF4C73CCFC3367760966F"
"npc-roles","Hawk","Avian/Raptor/Hawk","Server/NPC/Roles/Avian/Raptor/Hawk.json","511","9CE150A3CE66BB8858AE489B2240E46DE059AB7014A1F479A38DB5AFA804F6B0"
"npc-roles","Pterodactyl","Avian/Raptor/Pterodactyl","Server/NPC/Roles/Avian/Raptor/Pterodactyl.json","519","99D59E0AA1FF4C73F552943B4FF807D4C87D2DA5E6AB2BE9E92653868D1FBBBF"
"npc-roles","Tetrabird","Avian/Raptor/Tetrabird","Server/NPC/Roles/Avian/Raptor/Tetrabird.json","557","8738EB6EEEFE0D8A85FED43E491C0C1B2F82C430E126EE35000C7F881122D5AD"
"npc-roles","Vulture","Avian/Raptor/Vulture","Server/NPC/Roles/Avian/Raptor/Vulture.json","523","B7EFEBE4EC27295B4F522229C8F87B31043336D76059121781B97B4FFA2D6422"
"npc-roles","Dragon_Fire","Boss/Dragon_Fire","Server/NPC/Roles/Boss/Dragon_Fire.json","376","FFF2CFEC7EEC9E52A5D792E779E8D1FAC0E86F812BC550F9ABDD2EA9BCBE3099"
"npc-roles","Dragon_Frost","Boss/Dragon_Frost","Server/NPC/Roles/Boss/Dragon_Frost.json","471","2CB3750E474AC97E0C75FA5A2968D0F1539763914D20749A09E1612C414CE55B"
"npc-roles","Frog_Blue","Creature/Critter/Frog_Blue","Server/NPC/Roles/Creature/Critter/Frog_Blue.json","516","FDA31447092F2C88DDDF5005651AA86748EBFCEB1EBBF45B32211F9B0BA55E2C"
"npc-roles","Frog_Green","Creature/Critter/Frog_Green","Server/NPC/Roles/Creature/Critter/Frog_Green.json","518","332688381C44FC886F15EABA6A0A7D86492A0E3D89C614BF4FBEC7C8B9206CC7"
"npc-roles","Frog_Orange","Creature/Critter/Frog_Orange","Server/NPC/Roles/Creature/Critter/Frog_Orange.json","519","EC75497CD18B6F0574520F6AF2DEFA9B701CDDD3977796C103117B0DAB16A53A"
"npc-roles","Gecko","Creature/Critter/Gecko","Server/NPC/Roles/Creature/Critter/Gecko.json","461","369A36619A8BEBFB0F46B49595591A9089430A0ED46423D8FEC16ADFC76FA0F0"
"npc-roles","Meerkat","Creature/Critter/Meerkat","Server/NPC/Roles/Creature/Critter/Meerkat.json","510","6B12A1A3B438E8DA6E7926DC65799C7134F3846C77B5877C34871D3070872144"
"npc-roles","Mouse","Creature/Critter/Mouse","Server/NPC/Roles/Creature/Critter/Mouse.json","461","DD6E38748F6048FFD30C63E8C92B2D7E23091A170A9392353CC353E2DB0B89C5"
"npc-roles","Squirrel","Creature/Critter/Squirrel","Server/NPC/Roles/Creature/Critter/Squirrel.json","510","8CCFC11F77FB395C4CAFEDBBDD8FE325809A3DEA1F2D0AA8027488D3F5CD4597"
"npc-roles","Bison","Creature/Livestock/Bison","Server/NPC/Roles/Creature/Livestock/Bison.json","3465","7A264EA1CDFD404DCB43697567ACDE569310FB51E2CE31C7A447CD0693A57C73"
"npc-roles","Bison_Calf","Creature/Livestock/Bison_Calf","Server/NPC/Roles/Creature/Livestock/Bison_Calf.json","908","ED0C601F789D613AD7CC2DCD3A11494822C9D1418A757948B70EE9C89007D239"
"npc-roles","Boar","Creature/Livestock/Boar","Server/NPC/Roles/Creature/Livestock/Boar.json","3449","49B0C8AE90A4373E764264A8FEF7BC6339E99D375305053BE3384611B25AFE3C"
"npc-roles","Boar_Piglet","Creature/Livestock/Boar_Piglet","Server/NPC/Roles/Creature/Livestock/Boar_Piglet.json","874","104A1DAFE81C01FE19FA99023B7AA5157D48A180E6AFC7975B8AF58E57F86B59"
"npc-roles","Bunny","Creature/Livestock/Bunny","Server/NPC/Roles/Creature/Livestock/Bunny.json","875","48F01BD0D9A2151B209A6C8E0DFE5E04C573B2B9B77164C1292907257419E141"
"npc-roles","Camel","Creature/Livestock/Camel","Server/NPC/Roles/Creature/Livestock/Camel.json","3428","DA79D21C0C74C6596014F3965AB59D2FF3D202FC1087832F0EBB70270B766E55"
"npc-roles","Camel_Calf","Creature/Livestock/Camel_Calf","Server/NPC/Roles/Creature/Livestock/Camel_Calf.json","936","E9AD5510BFF9F016A10BFDAFC9F489BF4DFE1FFB755600EB1A110700FDA714A2"
"npc-roles","Chicken","Creature/Livestock/Chicken","Server/NPC/Roles/Creature/Livestock/Chicken.json","962","59DD3A61FA6A413184D295C4EA47CC3E214200AA2A46F0677A9B7E151FCCA6C2"
"npc-roles","Chicken_Chick","Creature/Livestock/Chicken_Chick","Server/NPC/Roles/Creature/Livestock/Chicken_Chick.json","886","AEDEE56BA82DE90CDAB669BEB1A0881BD1F06CCDD0266FB52E8CB2FFC53B798C"
"npc-roles","Chicken_Desert","Creature/Livestock/Chicken_Desert","Server/NPC/Roles/Creature/Livestock/Chicken_Desert.json","1015","DB921D5663552BA9A2A8E626168A06A46C9864F1850C2C5775AF704819FD7610"
"npc-roles","Chicken_Desert_Chick","Creature/Livestock/Chicken_Desert_Chick","Server/NPC/Roles/Creature/Livestock/Chicken_Desert_Chick.json","938","A432C66DDC828F689956C6BCC113DC69BDC54D3153581A0113917F8D52C66345"
"npc-roles","Cow","Creature/Livestock/Cow","Server/NPC/Roles/Creature/Livestock/Cow.json","3478","7E03FD863D347B7D6C8C34FA612D7B8597C73845EB0EB9D4549C55DAC61D65F2"
"npc-roles","Cow_Calf","Creature/Livestock/Cow_Calf","Server/NPC/Roles/Creature/Livestock/Cow_Calf.json","847","F5302F10BD9331460ACBD5D8EF005FFC68E1E725C0F455DE2029001E180C381B"
"npc-roles","Goat","Creature/Livestock/Goat","Server/NPC/Roles/Creature/Livestock/Goat.json","3475","2C8006383FE64FF03CDBBA3FB7A466047A93A00146667C0346C57F28935C3B7F"
"npc-roles","Goat_Kid","Creature/Livestock/Goat_Kid","Server/NPC/Roles/Creature/Livestock/Goat_Kid.json","846","5EFEB09A807A6833C47019015D4DA4C3671154CC6AFD23F46856F72C6B1AF93F"
"npc-roles","Horse","Creature/Livestock/Horse","Server/NPC/Roles/Creature/Livestock/Horse.json","3486","A9B921914A6A3A80FAF8425FA46212DFADD9B1D8E733041D2FA19BDD1ED20411"
"npc-roles","Horse_Foal","Creature/Livestock/Horse_Foal","Server/NPC/Roles/Creature/Livestock/Horse_Foal.json","956","C901900334DAF37B68985134876F5BA64D2BCE4807F58D4DE86E4DCF8D8B6BB3"
"npc-roles","Mouflon","Creature/Livestock/Mouflon","Server/NPC/Roles/Creature/Livestock/Mouflon.json","918","672AA6C203DC0ED44F1D0BF8A4B192F6DCF0DEA80C22A346F07C735AD29CF0C2"
"npc-roles","Mouflon_Lamb","Creature/Livestock/Mouflon_Lamb","Server/NPC/Roles/Creature/Livestock/Mouflon_Lamb.json","913","6CB1F6395CDFAE361ADC92B07BE0F52C5DF8C580F7127DA47CDFE9F667E136BD"
"npc-roles","Pig","Creature/Livestock/Pig","Server/NPC/Roles/Creature/Livestock/Pig.json","898","BF6F2AA642C88A3E69C0BB1303AFCDE27A359B1D856161D12754B32F465C629F"
"npc-roles","Pig_Piglet","Creature/Livestock/Pig_Piglet","Server/NPC/Roles/Creature/Livestock/Pig_Piglet.json","839","B223651E0B6AE1B6887CFB036AE5EC9647B95ECC51CAB2B1C591BA57C612418A"
"npc-roles","Pig_Wild","Creature/Livestock/Pig_Wild","Server/NPC/Roles/Creature/Livestock/Pig_Wild.json","934","556D7A638D2C732CB141232718ADDB3FF9DA8FC041389918500076AB38308A56"
"npc-roles","Pig_Wild_Piglet","Creature/Livestock/Pig_Wild_Piglet","Server/NPC/Roles/Creature/Livestock/Pig_Wild_Piglet.json","875","CA2311FD6C28A806673B496CF422FE8861289239ECAACB9F36674F3D409635FE"
"npc-roles","Rabbit","Creature/Livestock/Rabbit","Server/NPC/Roles/Creature/Livestock/Rabbit.json","880","2803E3A47EDCC83DD4DAA9622290F3E2054D914C7195F9B278459747A583081E"
"npc-roles","Ram","Creature/Livestock/Ram","Server/NPC/Roles/Creature/Livestock/Ram.json","3443","B667C9ADCC9C2547C29D436A88B210C599B7FEC201A0FB5EE4E56772F71B48E1"
"npc-roles","Ram_Lamb","Creature/Livestock/Ram_Lamb","Server/NPC/Roles/Creature/Livestock/Ram_Lamb.json","883","7BC47A9A40BC2D25A8F7A8109EBBD588FD5E52DE4ACC6B8541EFB00936EBF510"
"npc-roles","Sheep","Creature/Livestock/Sheep","Server/NPC/Roles/Creature/Livestock/Sheep.json","931","7E08159B6AE870482B5DE9AEE6E4AD95A10B0648007A11FD84C5AA0E83A40805"
"npc-roles","Sheep_Lamb","Creature/Livestock/Sheep_Lamb","Server/NPC/Roles/Creature/Livestock/Sheep_Lamb.json","855","FDA5EAD8356022325F871C79A39EFF837807B0A8F2C0D67945E67655C0B055CC"
"npc-roles","Skrill","Creature/Livestock/Skrill","Server/NPC/Roles/Creature/Livestock/Skrill.json","979","C4434D8E1D84C6EC63CD43F474E33AD6F5BDBF39D12C871B588B261838BF4904"
"npc-roles","Skrill_Chick","Creature/Livestock/Skrill_Chick","Server/NPC/Roles/Creature/Livestock/Skrill_Chick.json","915","FB090F9DC6C66670FB9C1EF061241E5DFF780E3D70132F6FE4E169B6E7A3FBDC"
"npc-roles","Tamed_Bison","Creature/Livestock/Tamed/Tamed_Bison","Server/NPC/Roles/Creature/Livestock/Tamed/Tamed_Bison.json","3448","C58244E6D3F4BC31FB3CB7DBCC632C6E9F9D71E13CE648D7CE35B1EF1A4D0265"
"npc-roles","Tamed_Bison_Calf","Creature/Livestock/Tamed/Tamed_Bison_Calf","Server/NPC/Roles/Creature/Livestock/Tamed/Tamed_Bison_Calf.json","837","D31408C6A97CDFF0ACB7EF358B06C62C1026DE2EDD16B5D4F1876D18CC2DF5AB"
"npc-roles","Tamed_Boar","Creature/Livestock/Tamed/Tamed_Boar","Server/NPC/Roles/Creature/Livestock/Tamed/Tamed_Boar.json","3405","03FF751A4F05222CBB2FF8E01C0BDBFF607232B87A357D5286C913AB073B981B"
"npc-roles","Tamed_Boar_Piglet","Creature/Livestock/Tamed/Tamed_Boar_Piglet","Server/NPC/Roles/Creature/Livestock/Tamed/Tamed_Boar_Piglet.json","850","2F3239306F3B5E8C970E6509DB08B7511C69D6736691E06A060DC74AAAAA67C9"
"npc-roles","Tamed_Bunny","Creature/Livestock/Tamed/Tamed_Bunny","Server/NPC/Roles/Creature/Livestock/Tamed/Tamed_Bunny.json","768","C9382C0E594AC4C416E7A0816525E6FD5E6ABD9BF44D456026081206DD8F1A2F"
"npc-roles","Tamed_Camel","Creature/Livestock/Tamed/Tamed_Camel","Server/NPC/Roles/Creature/Livestock/Tamed/Tamed_Camel.json","3541","15577B63BD9FA0A02322F5C2760843E0E094D39CC9F3668FA07CD836E7E2364E"
"npc-roles","Tamed_Camel_Calf","Creature/Livestock/Tamed/Tamed_Camel_Calf","Server/NPC/Roles/Creature/Livestock/Tamed/Tamed_Camel_Calf.json","875","225F16AFB87191933380D3DAE680D5AC610F1DA8D1302D5F8606A9B0AAD54267"
"npc-roles","Tamed_Chicken","Creature/Livestock/Tamed/Tamed_Chicken","Server/NPC/Roles/Creature/Livestock/Tamed/Tamed_Chicken.json","1275","92080FCAFCE53C364AF478B6BD142332BE21BBDD3C6C03CE70AB15011E32ABB6"
"npc-roles","Tamed_Chicken_Chick","Creature/Livestock/Tamed/Tamed_Chicken_Chick","Server/NPC/Roles/Creature/Livestock/Tamed/Tamed_Chicken_Chick.json","827","9689EEB69CFB891159A00DF4AB3365B20FE38AB7B4C9B5866D25FF758FF66EAD"
"npc-roles","Tamed_Chicken_Desert","Creature/Livestock/Tamed/Tamed_Chicken_Desert","Server/NPC/Roles/Creature/Livestock/Tamed/Tamed_Chicken_Desert.json","1224","A77FA175C3F785D1B3623C74ABB851AFF767799311B866A6ECD41568B4F14A49"
"npc-roles","Tamed_Chicken_Desert_Chick","Creature/Livestock/Tamed/Tamed_Chicken_Desert_Chick","Server/NPC/Roles/Creature/Livestock/Tamed/Tamed_Chicken_Desert_Chick.json","870","CF91D115140F069115856AD87CFA10D260A9129F037AD00FA01C8E4035DABBBE"
"npc-roles","Tamed_Cow","Creature/Livestock/Tamed/Tamed_Cow","Server/NPC/Roles/Creature/Livestock/Tamed/Tamed_Cow.json","3896","047E6EF42EB3260CDD24BFE19296E5B61E16512B5C2AD0EA935BC825088ABA29"
"npc-roles","Tamed_Cow_Calf","Creature/Livestock/Tamed/Tamed_Cow_Calf","Server/NPC/Roles/Creature/Livestock/Tamed/Tamed_Cow_Calf.json","797","7DCF7ECABE07344087B4F1DAB0E478156C6FDFD3F7E23EA4E77E84986076DC1B"
"npc-roles","Tamed_Goat","Creature/Livestock/Tamed/Tamed_Goat","Server/NPC/Roles/Creature/Livestock/Tamed/Tamed_Goat.json","1217","6289AE76D6A2A570350B4F429637F480623A3BC6DD4760B0669006C6859F2394"
"npc-roles","Tamed_Goat_Kid","Creature/Livestock/Tamed/Tamed_Goat_Kid","Server/NPC/Roles/Creature/Livestock/Tamed/Tamed_Goat_Kid.json","796","1021B62BDDBA4ECC794E8BA3FE7DA9D0122EA4561FBC818A7C48906B4A66884A"
"npc-roles","Tamed_Horse","Creature/Livestock/Tamed/Tamed_Horse","Server/NPC/Roles/Creature/Livestock/Tamed/Tamed_Horse.json","3548","3692937FE5F755EC2127F88CA8AE09E5B768F30D35512B8090FCF14675251EC9"
"npc-roles","Tamed_Horse_Foal","Creature/Livestock/Tamed/Tamed_Horse_Foal","Server/NPC/Roles/Creature/Livestock/Tamed/Tamed_Horse_Foal.json","865","D3B930A3761EC0265B36B56969EEC51F043C47D47110EF66DC468625CE7E9C9B"
"npc-roles","Tamed_Mosshorn","Creature/Livestock/Tamed/Tamed_Mosshorn","Server/NPC/Roles/Creature/Livestock/Tamed/Tamed_Mosshorn.json","1987","B2C08D30B4773F487B93EB296DB6350DD5011C5B52431770B29109F021838151"
"npc-roles","Tamed_Mosshorn_Plain","Creature/Livestock/Tamed/Tamed_Mosshorn_Plain","Server/NPC/Roles/Creature/Livestock/Tamed/Tamed_Mosshorn_Plain.json","1948","8C700A3DA1AC0C2D58FBDC83E5882F9ECE4CDF201E3F7C1A5F8CD13FA85BD347"
"npc-roles","Tamed_Mouflon","Creature/Livestock/Tamed/Tamed_Mouflon","Server/NPC/Roles/Creature/Livestock/Tamed/Tamed_Mouflon.json","829","52397E30C51F7E6A7F2FD3FE0C44E357F2C661815C213A0109975443485D49E4"
"npc-roles","Tamed_Mouflon_Lamb","Creature/Livestock/Tamed/Tamed_Mouflon_Lamb","Server/NPC/Roles/Creature/Livestock/Tamed/Tamed_Mouflon_Lamb.json","859","9D32250B734A022AFD47F62FB540D93EA7C13C85A9D1A022ECAA70A123E86D9C"
"npc-roles","Tamed_Pig","Creature/Livestock/Tamed/Tamed_Pig","Server/NPC/Roles/Creature/Livestock/Tamed/Tamed_Pig.json","840","992397748D25EF8FFF63EF848FD38ACC27CC381F5B0F989997DEF108A79B1D21"
"npc-roles","Tamed_Pig_Piglet","Creature/Livestock/Tamed/Tamed_Pig_Piglet","Server/NPC/Roles/Creature/Livestock/Tamed/Tamed_Pig_Piglet.json","859","EB30279D6FE442C6AFD8E3012F1DE36528EB04007E91972B4E44C6FBF8B50C9B"
"npc-roles","Tamed_Pig_Wild","Creature/Livestock/Tamed/Tamed_Pig_Wild","Server/NPC/Roles/Creature/Livestock/Tamed/Tamed_Pig_Wild.json","858","7AD6AA5BD04802D96F33A7CD951CE575DAA04F96D4FC1847ABA2D89CC5B0BB6C"
"npc-roles","Tamed_Pig_Wild_Piglet","Creature/Livestock/Tamed/Tamed_Pig_Wild_Piglet","Server/NPC/Roles/Creature/Livestock/Tamed/Tamed_Pig_Wild_Piglet.json","877","87776E11C13071C793F9C11B48D37124169EE428DB28E34A952C279828919ABF"
"npc-roles","Tamed_Rabbit","Creature/Livestock/Tamed/Tamed_Rabbit","Server/NPC/Roles/Creature/Livestock/Tamed/Tamed_Rabbit.json","772","D0A35975925DED6EC2AC02DA81557BA88BF9D4A2BA1285F64875FE61AB27E7DC"
"npc-roles","Tamed_Ram","Creature/Livestock/Tamed/Tamed_Ram","Server/NPC/Roles/Creature/Livestock/Tamed/Tamed_Ram.json","3470","67773DD5408E5970E15EDF6B2DA68291A12034F4DE2A6D68E49DCDA1960C9D96"
"npc-roles","Tamed_Ram_Lamb","Creature/Livestock/Tamed/Tamed_Ram_Lamb","Server/NPC/Roles/Creature/Livestock/Tamed/Tamed_Ram_Lamb.json","832","EECC8568E36B8E6E1BFB39E4312C17CF2F374AA171E452686CEBAE9EE1C7A5D2"
"npc-roles","Tamed_Sheep","Creature/Livestock/Tamed/Tamed_Sheep","Server/NPC/Roles/Creature/Livestock/Tamed/Tamed_Sheep.json","1291","B89C79F058E0F3AE629B9A125D3E708B4D283AC3A3FCDE277D18D3C409B1EAB5"
"npc-roles","Tamed_Sheep_Lamb","Creature/Livestock/Tamed/Tamed_Sheep_Lamb","Server/NPC/Roles/Creature/Livestock/Tamed/Tamed_Sheep_Lamb.json","800","DEAA745F48C9338C2763E27F069BC45FB9D31E1727E892A432002CBAE0C5A3AF"
"npc-roles","Tamed_Skrill","Creature/Livestock/Tamed/Tamed_Skrill","Server/NPC/Roles/Creature/Livestock/Tamed/Tamed_Skrill.json","1176","F837564D00A20BD9D13E17A4B2CDB4D2E4F629B6D5A9501BDAE057A6EF5AF611"
"npc-roles","Tamed_Skrill_Chick","Creature/Livestock/Tamed/Tamed_Skrill_Chick","Server/NPC/Roles/Creature/Livestock/Tamed/Tamed_Skrill_Chick.json","839","AD8CFD6D2E18660708A36FB155120B6282A2BDA34AE776F3EF49C10280DA8832"
"npc-roles","Tamed_Turkey","Creature/Livestock/Tamed/Tamed_Turkey","Server/NPC/Roles/Creature/Livestock/Tamed/Tamed_Turkey.json","779","56C4C694141495EA3B4BE6F1CC607D3921DE27E94D38526912F5E1C7B4A676A6"
"npc-roles","Tamed_Turkey_Chick","Creature/Livestock/Tamed/Tamed_Turkey_Chick","Server/NPC/Roles/Creature/Livestock/Tamed/Tamed_Turkey_Chick.json","834","2B07B62EEFD523EE1F6F136A978BFC611CE6472116D32E9DC01CB6F80CF40C9A"
"npc-roles","Tamed_Warthog","Creature/Livestock/Tamed/Tamed_Warthog","Server/NPC/Roles/Creature/Livestock/Tamed/Tamed_Warthog.json","3430","FA4289AEBA60F7006B2FEED61985E0442EFA43EC90A0151639F55E28E1E31075"
"npc-roles","Tamed_Warthog_Piglet","Creature/Livestock/Tamed/Tamed_Warthog_Piglet","Server/NPC/Roles/Creature/Livestock/Tamed/Tamed_Warthog_Piglet.json","859","CF70252D6A723A1DA424605A1F8FD94C4E83D27C9253525A5921826510B1AAE4"
"npc-roles","Turkey","Creature/Livestock/Turkey","Server/NPC/Roles/Creature/Livestock/Turkey.json","885","16D21A8D76A02CED069BB3211D5FEEE0350719AEB75B340624B6B5F9B359EF77"
"npc-roles","Turkey_Chick","Creature/Livestock/Turkey_Chick","Server/NPC/Roles/Creature/Livestock/Turkey_Chick.json","906","76721E416EDB3687FB26EED2D3B4A6D2C66410C4B646CEBFD1F6B5F242CEA957"
"npc-roles","Warthog","Creature/Livestock/Warthog","Server/NPC/Roles/Creature/Livestock/Warthog.json","3527","9DE4361E95234A7B4AE4C8F985FEFECD0CD78D45EF98CF7AEAE0C5AFBDB67EB5"
"npc-roles","Warthog_Piglet","Creature/Livestock/Warthog_Piglet","Server/NPC/Roles/Creature/Livestock/Warthog_Piglet.json","927","A8DDB364AFD53E718F58100369E6E6E4555593AC7A7A2A5A71CF16C28EB28E99"
"npc-roles","Antelope","Creature/Mammal/Antelope","Server/NPC/Roles/Creature/Mammal/Antelope.json","3198","B0F5A8E4FFBF5E8E264BAAF6F4C3996937594852D8C5FB20B21D7E7FDF9BFA01"
"npc-roles","Armadillo","Creature/Mammal/Armadillo","Server/NPC/Roles/Creature/Mammal/Armadillo.json","563","50E3A131DEA3027D140C88D7D448D78402923E4E13C4F75451F2952FBFC2E00B"
"npc-roles","Bear_Grizzly","Creature/Mammal/Bear_Grizzly","Server/NPC/Roles/Creature/Mammal/Bear_Grizzly.json","4336","5B303419DEEBF80164947DAA143BD560073DDFAAE02666F81648617653FE6858"
"npc-roles","Bear_Polar","Creature/Mammal/Bear_Polar","Server/NPC/Roles/Creature/Mammal/Bear_Polar.json","2020","553847F9651AADABC98B1F3ED87559C5B44342BF2CA7C37F3EE3903EF3F6D6E6"
"npc-roles","Deer_Doe","Creature/Mammal/Deer_Doe","Server/NPC/Roles/Creature/Mammal/Deer_Doe.json","683","3BDAAE6BA78AA8E8A8F16047A597D01BCEDB2D652E164FAA7358C366DDAAB6FB"
"npc-roles","Deer_Stag","Creature/Mammal/Deer_Stag","Server/NPC/Roles/Creature/Mammal/Deer_Stag.json","3266","79DD12FBB1521E31B950E87FD8C9B33493D3B084F6A8F896643171C41527E97C"
"npc-roles","Fox","Creature/Mammal/Fox","Server/NPC/Roles/Creature/Mammal/Fox.json","2234","E7E3118471EAE6573AB8CA63BE13FEBC43AC6AE808097A9571A0D52C07125D30"
"npc-roles","Hyena","Creature/Mammal/Hyena","Server/NPC/Roles/Creature/Mammal/Hyena.json","2236","54ADD9CC8A732908E6AB9E5D87162ADD013D125BAF598D588A20A8DBF93C4E02"
"npc-roles","Leopard_Snow","Creature/Mammal/Leopard_Snow","Server/NPC/Roles/Creature/Mammal/Leopard_Snow.json","2477","E1891DC0D029F94858DE80B3CF0D05457083AAEF89FC9109B1449AD31C294BDC"
"npc-roles","Moose_Bull","Creature/Mammal/Moose_Bull","Server/NPC/Roles/Creature/Mammal/Moose_Bull.json","3233","06EDD1F6DCA4D5D4388A09D1CFC84D493E9E8320664F8CEA963A889929E148A2"
"npc-roles","Moose_Cow","Creature/Mammal/Moose_Cow","Server/NPC/Roles/Creature/Mammal/Moose_Cow.json","3247","E5B554B3313E03A2542503B1262EDF44EF849765E93290B9811E463C123EA2F7"
"npc-roles","Mosshorn","Creature/Mammal/Mosshorn","Server/NPC/Roles/Creature/Mammal/Mosshorn.json","1572","877951FC6EE3D0123A8E17CE0EB04FB4DD951B8572509DE7EA55BADE67ED82D4"
"npc-roles","Mosshorn_Plain","Creature/Mammal/Mosshorn_Plain","Server/NPC/Roles/Creature/Mammal/Mosshorn_Plain.json","1590","F730DCC735AA90BB4D32CDC6CFF65BF1A5F55249ED9DC738EBD7286B1BCB78A7"
"npc-roles","Tiger_Sabertooth","Creature/Mammal/Tiger_Sabertooth","Server/NPC/Roles/Creature/Mammal/Tiger_Sabertooth.json","2493","EE0B8FFBA309AB9AE0787FF3783A0F8A64FBC746B48A7FC63020529705E4C61F"
"npc-roles","Wolf_Black","Creature/Mammal/Wolf_Black","Server/NPC/Roles/Creature/Mammal/Wolf_Black.json","3394","6D3F4E98DAC9D6C480B441338CB2BA0043A4CC3AF9EB7331EC8501802C0FDF42"
"npc-roles","Wolf_White","Creature/Mammal/Wolf_White","Server/NPC/Roles/Creature/Mammal/Wolf_White.json","1368","05F16879A61C2F7D91ED92EFED41417298001062A8AB7FFB1AC8D85816452660"
"npc-roles","Cactee","Creature/Mythic/Cactee","Server/NPC/Roles/Creature/Mythic/Cactee.json","533","16019C3269C4B83474A74977F939F8035759D179409EE2AC9A0F01B8B44616F4"
"npc-roles","Emberwulf","Creature/Mythic/Emberwulf","Server/NPC/Roles/Creature/Mythic/Emberwulf.json","2539","658C481F3F6563C1FA6B782E6E317E5E444EE35007CB84CDA66F3997A01FB649"
"npc-roles","Fen_Stalker","Creature/Mythic/Fen_Stalker","Server/NPC/Roles/Creature/Mythic/Fen_Stalker.json","2541","4511A2264F74DCD337DE8B8DF3F814F0C5D02D736BA7539999AEED18236E3760"
"npc-roles","Hatworm","Creature/Mythic/Hatworm","Server/NPC/Roles/Creature/Mythic/Hatworm.json","402","FED83F2222B71FE78416D538F7FDF0241EAEC076A26A6C0C512877A32946CDD2"
"npc-roles","Snapdragon","Creature/Mythic/Snapdragon","Server/NPC/Roles/Creature/Mythic/Snapdragon.json","4022","761282020C769FA5ABFE7293EED7C0868A32CEA102EB853CFDFCA1D8B65F08CC"
"npc-roles","Spark_Living","Creature/Mythic/Spark_Living","Server/NPC/Roles/Creature/Mythic/Spark_Living.json","476","E4C1BCDCC35CFF29D7F14C7EF5F82149166895A78EF31A6EBEC27A30EFF0620C"
"npc-roles","Trillodon","Creature/Mythic/Trillodon","Server/NPC/Roles/Creature/Mythic/Trillodon.json","466","07B3D30649B5B1D9B894857654F89BC1CF990014503F62B1EF586F2D18ED5F88"
"npc-roles","Yeti","Creature/Mythic/Yeti","Server/NPC/Roles/Creature/Mythic/Yeti.json","1597","EC39397E2B883713FC273ECD2725AE29C4C5783040C6F08FA42842A3E57B9BBC"
"npc-roles","Crocodile","Creature/Reptile/Crocodile","Server/NPC/Roles/Creature/Reptile/Crocodile.json","1709","7EC1A56E6C20B84440E8D63A72C0E71191363D8938B21CCABD646196572EB0F6"
"npc-roles","Lizard_Sand","Creature/Reptile/Lizard_Sand","Server/NPC/Roles/Creature/Reptile/Lizard_Sand.json","472","B431AA4ED6BF24EFF8E9B8DF58E6A1192C3471CA8BD768AF193B2FB6B3DDEAA3"
"npc-roles","Raptor_Cave","Creature/Reptile/Raptor_Cave","Server/NPC/Roles/Creature/Reptile/Raptor_Cave.json","1544","FA579634A18E81D2C25228DC3005EE6FEEC332B54C8F1301EB6CCCD468B54E80"
"npc-roles","Rex_Cave","Creature/Reptile/Rex_Cave","Server/NPC/Roles/Creature/Reptile/Rex_Cave.json","3228","712C2AD22ED98B21C4CA1C8A1F1AEBAF92D7DB80BC277D867AED12E9A6145DEB"
"npc-roles","Toad_Rhino","Creature/Reptile/Toad_Rhino","Server/NPC/Roles/Creature/Reptile/Toad_Rhino.json","1838","A9FB90627C44DA4BC77AB45330AE9AD483E776B783419DCC5DE89312DADB46AE"
"npc-roles","Toad_Rhino_Magma","Creature/Reptile/Toad_Rhino_Magma","Server/NPC/Roles/Creature/Reptile/Toad_Rhino_Magma.json","2265","B9BE555B24890CD15CBC21A96F49BF824CB3FF4737ED53EA6A8468567B684BE2"
"npc-roles","Tortoise","Creature/Reptile/Tortoise","Server/NPC/Roles/Creature/Reptile/Tortoise.json","482","D6692CD27A11498664280ECB3516809632F13A53180783112553C74AA2740736"
"npc-roles","Larva_Silk","Creature/Vermin/Larva_Silk","Server/NPC/Roles/Creature/Vermin/Larva_Silk.json","1478","392A90458E8615422436D032F57239512AB86E464415B61772FD4D7F8899FE16"
"npc-roles","Molerat","Creature/Vermin/Molerat","Server/NPC/Roles/Creature/Vermin/Molerat.json","2221","594F9B64CDE078462A9450A7EAD3DB537161D69AF10290AF5B4C9EA9B71A2840"
"npc-roles","Rat","Creature/Vermin/Rat","Server/NPC/Roles/Creature/Vermin/Rat.json","1991","D368D16F35486D6A4F552C0B0DBD6660F278C55000E6EEAAC0C17493120DAC97"
"npc-roles","Scorpion","Creature/Vermin/Scorpion","Server/NPC/Roles/Creature/Vermin/Scorpion.json","2855","776BBEEAE43D0D3CFD57B9CE8CB0B245C51880102EDD735B11025311456B37BB"
"npc-roles","Slug_Magma","Creature/Vermin/Slug_Magma","Server/NPC/Roles/Creature/Vermin/Slug_Magma.json","1199","326EB934DE9F19C316D70D9242C1302139F968F5B87814A99AF50DE0C8A06150"
"npc-roles","Snail_Frost","Creature/Vermin/Snail_Frost","Server/NPC/Roles/Creature/Vermin/Snail_Frost.json","551","A6F0A1A9B58B5189AFD04BA776F9107E3DA14553E727258F012FE61F511592E8"
"npc-roles","Snail_Magma","Creature/Vermin/Snail_Magma","Server/NPC/Roles/Creature/Vermin/Snail_Magma.json","597","CE4E26F8230C6C2835E7022B03C9433825CD9DB8A68FAC454AE62DDB213EC942"
"npc-roles","Snake_Cobra","Creature/Vermin/Snake_Cobra","Server/NPC/Roles/Creature/Vermin/Snake_Cobra.json","1256","862E65B1AF9F5B68ECE86C2E326E156066E750D64236EA1A4E5B5B1D171FFE2E"
"npc-roles","Snake_Marsh","Creature/Vermin/Snake_Marsh","Server/NPC/Roles/Creature/Vermin/Snake_Marsh.json","2404","C77DFA9B16E2CC7FC1A57791AA4BD238D8B4C504EDC6A19BFC98AE08BE39374B"
"npc-roles","Snake_Rattle","Creature/Vermin/Snake_Rattle","Server/NPC/Roles/Creature/Vermin/Snake_Rattle.json","1259","65CF8AB7F0F9269369AE174D2807AA20CD9DB96769BB8968A347AA18A67776CF"
"npc-roles","Spider","Creature/Vermin/Spider","Server/NPC/Roles/Creature/Vermin/Spider.json","5627","A5E8BFD2A2C3B2286977442402ABCA28BB4419DD492A0D16F34B8B9E47612BCA"
"npc-roles","Spider_Cave","Creature/Vermin/Spider_Cave","Server/NPC/Roles/Creature/Vermin/Spider_Cave.json","3699","1870F65BE51622D9BCF9F72FD1EFCEFB16DA282FE260CBD467230886700B9042"
"npc-roles","Golem_Crystal_Earth","Elemental/Golem/Golem_Crystal_Earth","Server/NPC/Roles/Elemental/Golem/Golem_Crystal_Earth.json","4443","8A93A3ACB4872289DCA45686F80D188FD8A00AC22D454E4C22B94A030569DA06"
"npc-roles","Golem_Crystal_Flame","Elemental/Golem/Golem_Crystal_Flame","Server/NPC/Roles/Elemental/Golem/Golem_Crystal_Flame.json","4408","9C05BC2F9F70C242C5D862000F7E6822E758CF9BBAE45B929DCE6ED97273F7D0"
"npc-roles","Golem_Crystal_Frost","Elemental/Golem/Golem_Crystal_Frost","Server/NPC/Roles/Elemental/Golem/Golem_Crystal_Frost.json","4408","798F05745B3577BCC12B70DD286A3D8F4F2C76E718E38B4CD574FB81BE672C89"
"npc-roles","Golem_Crystal_Sand","Elemental/Golem/Golem_Crystal_Sand","Server/NPC/Roles/Elemental/Golem/Golem_Crystal_Sand.json","4405","C1078A1D19F60C13F56D61D009E062523CC18FBC742AD9B6000DA1DC8BCC4792"
"npc-roles","Golem_Crystal_Thunder","Elemental/Golem/Golem_Crystal_Thunder","Server/NPC/Roles/Elemental/Golem/Golem_Crystal_Thunder.json","4414","BCEEC07BE7AC996056C047F66CB7E593D228E7D8219FD06AB6F181A99D9DD675"
"npc-roles","Golem_Firesteel","Elemental/Golem/Golem_Firesteel","Server/NPC/Roles/Elemental/Golem/Golem_Firesteel.json","4505","7117E1725A8306E235EDD01802C295A3AF95CBEBEAD8EB05BD910AE3285C0D9F"
"npc-roles","Golem_Guardian_Void","Elemental/Golem/Golem_Guardian_Void","Server/NPC/Roles/Elemental/Golem/Golem_Guardian_Void.json","925","F1E4C983B64DBDEFA0551EDF9EB9FDC5C92755437EB3CA3DF808976993267038"
"npc-roles","Spirit_Ember","Elemental/Spirit/Spirit_Ember","Server/NPC/Roles/Elemental/Spirit/Spirit_Ember.json","1002","8359F6C3E396455E2FEA5CE5121A43ACA786226A1349A51FDC0651683A94D4F9"
"npc-roles","Spirit_Frost","Elemental/Spirit/Spirit_Frost","Server/NPC/Roles/Elemental/Spirit/Spirit_Frost.json","885","0B92109AB5687A446934C46B50E69548181833986B5423BF9CBC0CA8244EEE9E"
"npc-roles","Spirit_Root","Elemental/Spirit/Spirit_Root","Server/NPC/Roles/Elemental/Spirit/Spirit_Root.json","882","DC84B64417714B1BA119D996F488603588F5743839C58DED75583105F20459A9"
"npc-roles","Spirit_Thunder","Elemental/Spirit/Spirit_Thunder","Server/NPC/Roles/Elemental/Spirit/Spirit_Thunder.json","892","0AAC55EF93B350A02B6490CE5119441A3139E9835C0F71A973A4915C4EE40297"
"npc-roles","Empty_Role","Empty_Role","Server/NPC/Roles/Empty_Role.json","367","E688285ECDA48872808596D53403F694FF20AE80795C7185EF797D751ED9BB8E"
"npc-roles","Component_Goblin_Instruction_Alerted","Intelligent/Aggressive/Goblin/Components/Component_Goblin_Instruction_Alerted","Server/NPC/Roles/Intelligent/Aggressive/Goblin/Components/Component_Goblin_Instruction_Alerted.json","3852","CA61BB043B1E8BBB5EB076C7DDC53100610AEFFD6FDC8F247D71E8D89AAA72E8"
"npc-roles","Component_Goblin_Instruction_Pre_Checks","Intelligent/Aggressive/Goblin/Components/Component_Goblin_Instruction_Pre_Checks","Server/NPC/Roles/Intelligent/Aggressive/Goblin/Components/Component_Goblin_Instruction_Pre_Checks.json","3619","4F620DA6AB1D60D32B24BFC04F7DFE330BAB3188BF1B011F7CE54E1F1911F328"
"npc-roles","Component_Instruction_Goblin_Panic","Intelligent/Aggressive/Goblin/Components/Component_Instruction_Goblin_Panic","Server/NPC/Roles/Intelligent/Aggressive/Goblin/Components/Component_Instruction_Goblin_Panic.json","1549","ACA09D200893D9C237DAE1B50E46C8819E573D8835F3B978C57F685AE64BA60D"
"npc-roles","Component_Instruction_Intelligent_Idle_Goblin","Intelligent/Aggressive/Goblin/Components/Component_Instruction_Intelligent_Idle_Goblin","Server/NPC/Roles/Intelligent/Aggressive/Goblin/Components/Component_Instruction_Intelligent_Idle_Goblin.json","8745","8C88D28876CC06CAB756BD937101E037095C1DF358D36B56CABDC9E82F72C70F"
"npc-roles","Edible_Goblin_Scrapper","Intelligent/Aggressive/Goblin/Edible_Goblin_Scrapper","Server/NPC/Roles/Intelligent/Aggressive/Goblin/Edible_Goblin_Scrapper.json","397","00918D8D8A31DBB7FF04ECF5EC4AD3F2FB9BA178843BD21ADA1896CB8FBE1CB5"
"npc-roles","Edible_Rat","Intelligent/Aggressive/Goblin/Edible_Rat","Server/NPC/Roles/Intelligent/Aggressive/Goblin/Edible_Rat.json","373","3059BFCEAF7DC439F48CF08A0AEF12740F4ADF937A310B605BE6F3744D0728B6"
"npc-roles","Goblin_Duke","Intelligent/Aggressive/Goblin/Goblin_Duke","Server/NPC/Roles/Intelligent/Aggressive/Goblin/Goblin_Duke.json","890","F654016710E8802AB375A327F889B76874405576C51F2071A1313FA5C6902F25"
"npc-roles","Goblin_Duke_Phase_2","Intelligent/Aggressive/Goblin/Goblin_Duke_Phase_2","Server/NPC/Roles/Intelligent/Aggressive/Goblin/Goblin_Duke_Phase_2.json","448","C30175D0FCF9D3830EBA4CA9CB0F7B287255D95477A592655FA6B7DC8F2785F2"
"npc-roles","Goblin_Duke_Phase_3_Fast","Intelligent/Aggressive/Goblin/Goblin_Duke_Phase_3_Fast","Server/NPC/Roles/Intelligent/Aggressive/Goblin/Goblin_Duke_Phase_3_Fast.json","471","4E897805B72A7A88B0B09CCB30F27797CA0DC8ACEB685317FB0FA7638A3D2425"
"npc-roles","Goblin_Duke_Phase_3_Slow","Intelligent/Aggressive/Goblin/Goblin_Duke_Phase_3_Slow","Server/NPC/Roles/Intelligent/Aggressive/Goblin/Goblin_Duke_Phase_3_Slow.json","459","C6A41B5D85B52107A825B3AADD1C7E6D12170CF41E53ED15A4AF7BF27B6A60A8"
"npc-roles","Goblin_Hermit","Intelligent/Aggressive/Goblin/Goblin_Hermit","Server/NPC/Roles/Intelligent/Aggressive/Goblin/Goblin_Hermit.json","534","5F421528B3E3CDE9634BE49D87066FCE5CA0750ECCF9BDFCFCAAD79275885305"
"npc-roles","Goblin_Lobber","Intelligent/Aggressive/Goblin/Goblin_Lobber","Server/NPC/Roles/Intelligent/Aggressive/Goblin/Goblin_Lobber.json","515","290A136911D434A8F9F53E40AB6836501CDC5A9E069AC950B2B2CC765757A272"
"npc-roles","Goblin_Lobber_Patrol","Intelligent/Aggressive/Goblin/Goblin_Lobber_Patrol","Server/NPC/Roles/Intelligent/Aggressive/Goblin/Goblin_Lobber_Patrol.json","603","10E7FE110BD7776C9DF8C4648FF6E6B87412F8DAE3DE65F4C874804412D80FA1"
"npc-roles","Goblin_Miner","Intelligent/Aggressive/Goblin/Goblin_Miner","Server/NPC/Roles/Intelligent/Aggressive/Goblin/Goblin_Miner.json","519","C3E3C721A70D076CC6B5D46DE641081DB26260EA5628C9F27AB5759986EA06B1"
"npc-roles","Goblin_Miner_Patrol","Intelligent/Aggressive/Goblin/Goblin_Miner_Patrol","Server/NPC/Roles/Intelligent/Aggressive/Goblin/Goblin_Miner_Patrol.json","607","5A3582E90E51D0361D4C8B76C0D4DF4A1D971FB30BF24C52EC33B3E7E594E860"
"npc-roles","Goblin_Ogre","Intelligent/Aggressive/Goblin/Goblin_Ogre","Server/NPC/Roles/Intelligent/Aggressive/Goblin/Goblin_Ogre.json","472","2F53FC91533966054A54B30190D9FB859E368D01516EF311186464250A4F739F"
"npc-roles","Goblin_Ogre_Tutorial","Intelligent/Aggressive/Goblin/Goblin_Ogre_Tutorial","Server/NPC/Roles/Intelligent/Aggressive/Goblin/Goblin_Ogre_Tutorial.json","1047","C8EC381EF789850BEEE33E4D4674CF79219ECB584F7B869A8A1BDF6865B42C49"
"npc-roles","Goblin_Scavenger","Intelligent/Aggressive/Goblin/Goblin_Scavenger","Server/NPC/Roles/Intelligent/Aggressive/Goblin/Goblin_Scavenger.json","551","A597BA226EDED7E5141364647F4ADDC7254A77314160AF0F8226A0EFDD2ABDCE"
"npc-roles","Goblin_Scavenger_Battleaxe","Intelligent/Aggressive/Goblin/Goblin_Scavenger_Battleaxe","Server/NPC/Roles/Intelligent/Aggressive/Goblin/Goblin_Scavenger_Battleaxe.json","601","742F47CD41975E4FF2804CE2D8A2253E8B75D1A1641B564041579ABBF3912F52"
"npc-roles","Goblin_Scavenger_Sword","Intelligent/Aggressive/Goblin/Goblin_Scavenger_Sword","Server/NPC/Roles/Intelligent/Aggressive/Goblin/Goblin_Scavenger_Sword.json","630","5F5DA93E11DE0F477813CD8928D85C6E70A87FAF4013E70AF976889B76DB484B"
"npc-roles","Goblin_Scrapper","Intelligent/Aggressive/Goblin/Goblin_Scrapper","Server/NPC/Roles/Intelligent/Aggressive/Goblin/Goblin_Scrapper.json","497","F91419902AF482AB31655A172A7ED743AD917FE64B8124FB880BFE4E98C59D1C"
"npc-roles","Goblin_Scrapper_Patrol","Intelligent/Aggressive/Goblin/Goblin_Scrapper_Patrol","Server/NPC/Roles/Intelligent/Aggressive/Goblin/Goblin_Scrapper_Patrol.json","585","A375CC93BF063032A0BCDB41B6F5E732D6B65179C2774798D1B5461D561A9CC3"
"npc-roles","Goblin_Thief","Intelligent/Aggressive/Goblin/Goblin_Thief","Server/NPC/Roles/Intelligent/Aggressive/Goblin/Goblin_Thief.json","466","FFA20841AB8B5E7D111F5547901691564A32EB86F4DD5B7A39513FB3415052DB"
"npc-roles","Goblin_Thief_Patrol","Intelligent/Aggressive/Goblin/Goblin_Thief_Patrol","Server/NPC/Roles/Intelligent/Aggressive/Goblin/Goblin_Thief_Patrol.json","444","FBCAA0F59EF34B13166D94ACDF6743254EE75FFCB25D3BB3A42F80EB42897918"
"npc-roles","Template_Goblin","Intelligent/Aggressive/Goblin/Templates/Template_Goblin","Server/NPC/Roles/Intelligent/Aggressive/Goblin/Templates/Template_Goblin.json","5160","812105015FD9182B5A1E48197B6CE2322B806E639CC69AA6EEB4C641D5AE7088"
"npc-roles","Template_Goblin_Duke_Phase_1","Intelligent/Aggressive/Goblin/Templates/Template_Goblin_Duke_Phase_1","Server/NPC/Roles/Intelligent/Aggressive/Goblin/Templates/Template_Goblin_Duke_Phase_1.json","7720","441B5FE4FD0A25EF5B36BE57C04B9AC757B4AFD8D787826EAB8AFCE91E64890B"
"npc-roles","Template_Goblin_Duke_Phase_2","Intelligent/Aggressive/Goblin/Templates/Template_Goblin_Duke_Phase_2","Server/NPC/Roles/Intelligent/Aggressive/Goblin/Templates/Template_Goblin_Duke_Phase_2.json","22719","4BB222721CAC1ADA6096F434C46753066B51C9709D4B337C840A088CDA3E2CBE"
"npc-roles","Template_Goblin_Duke_Phase_3","Intelligent/Aggressive/Goblin/Templates/Template_Goblin_Duke_Phase_3","Server/NPC/Roles/Intelligent/Aggressive/Goblin/Templates/Template_Goblin_Duke_Phase_3.json","18870","9953E9C849438430726EC3FAE1DE8FEF152591C8B9211F76B9EDE5BCCF4F7FD7"
"npc-roles","Template_Goblin_Lobber","Intelligent/Aggressive/Goblin/Templates/Template_Goblin_Lobber","Server/NPC/Roles/Intelligent/Aggressive/Goblin/Templates/Template_Goblin_Lobber.json","19407","29870F990C39E6F34ADBB74DDF5197971BB55581077DAFE95C2C4B8F8A7D9BC8"
"npc-roles","Template_Goblin_Miner","Intelligent/Aggressive/Goblin/Templates/Template_Goblin_Miner","Server/NPC/Roles/Intelligent/Aggressive/Goblin/Templates/Template_Goblin_Miner.json","31633","13323776A09933C0ED6558481ED17DF581897082E58AEE76C19A02215E22C0FE"
"npc-roles","Template_Goblin_Ogre","Intelligent/Aggressive/Goblin/Templates/Template_Goblin_Ogre","Server/NPC/Roles/Intelligent/Aggressive/Goblin/Templates/Template_Goblin_Ogre.json","31382","AD5C5791D896FA58A654188CB493D5810A9451DC44B2D46A99B9BBA1A6B9A712"
"npc-roles","Template_Goblin_Ogre_Tutorial","Intelligent/Aggressive/Goblin/Templates/Template_Goblin_Ogre_Tutorial","Server/NPC/Roles/Intelligent/Aggressive/Goblin/Templates/Template_Goblin_Ogre_Tutorial.json","24835","2A7D2244407D78956D9DF82AD154976B45C6FAF6A3F695261A9F34C4AAF1092B"
"npc-roles","Template_Goblin_Scavenger","Intelligent/Aggressive/Goblin/Templates/Template_Goblin_Scavenger","Server/NPC/Roles/Intelligent/Aggressive/Goblin/Templates/Template_Goblin_Scavenger.json","39822","D6397064C9C29B3219700C2D5C6A81A882182E7389B1C517E31E7FA0F4FA1ADC"
"npc-roles","Template_Goblin_Scrapper","Intelligent/Aggressive/Goblin/Templates/Template_Goblin_Scrapper","Server/NPC/Roles/Intelligent/Aggressive/Goblin/Templates/Template_Goblin_Scrapper.json","9457","284D4C1C6EDDDC52F118B159909B4C707253BD823AFE8A8B6A66DD8875C1701A"
"npc-roles","Template_Goblin_Thief","Intelligent/Aggressive/Goblin/Templates/Template_Goblin_Thief","Server/NPC/Roles/Intelligent/Aggressive/Goblin/Templates/Template_Goblin_Thief.json","10902","C8A397A664DE0E47C89A2D97D64FF9783FEFFE0A678C9245D9820183039ACD95"
"npc-roles","Hedera","Intelligent/Aggressive/Hedera","Server/NPC/Roles/Intelligent/Aggressive/Hedera.json","828","5F5C8DF215F04CF3C1264852E0C33194DBD358A4321DCD1E06E7D11ECF47EEC3"
"npc-roles","Component_Instruction_Attack_Sequence_Outlander_Berserker","Intelligent/Aggressive/Outlander/Components/Component_Instruction_Attack_Sequence_Outlander_Berserker","Server/NPC/Roles/Intelligent/Aggressive/Outlander/Components/Component_Instruction_Attack_Sequence_Outlander_Berserker.json","1311","5F0B75988E307AD15F38D3EBF2F561D2E55F8CE29FCA90D25F9140B2B133484C"
"npc-roles","Component_Instruction_Attack_Sequence_Outlander_Brute","Intelligent/Aggressive/Outlander/Components/Component_Instruction_Attack_Sequence_Outlander_Brute","Server/NPC/Roles/Intelligent/Aggressive/Outlander/Components/Component_Instruction_Attack_Sequence_Outlander_Brute.json","1774","D4E333F4BBEAD96D96C5D472ECEC510C07C4DE14EE649ECDD98B7C54BFA6ECD2"
"npc-roles","Component_Instruction_Attack_Sequence_Outlander_Cultist","Intelligent/Aggressive/Outlander/Components/Component_Instruction_Attack_Sequence_Outlander_Cultist","Server/NPC/Roles/Intelligent/Aggressive/Outlander/Components/Component_Instruction_Attack_Sequence_Outlander_Cultist.json","1337","2932BFB5DBDD62B4F68E9B74F90EF10E8573CC0BAC51EB7AF77BA5E9813DC069"
"npc-roles","Component_Instruction_Attack_Sequence_Outlander_Cultist_Ranged","Intelligent/Aggressive/Outlander/Components/Component_Instruction_Attack_Sequence_Outlander_Cultist_Ranged","Server/NPC/Roles/Intelligent/Aggressive/Outlander/Components/Component_Instruction_Attack_Sequence_Outlander_Cultist_Ranged.json","972","D01D8365EFE761ED85BB59A2A89DA4AB010A7FF31AF98E1EC69AC312C6BD04C8"
"npc-roles","Component_Instruction_Attack_Sequence_Outlander_Hunter","Intelligent/Aggressive/Outlander/Components/Component_Instruction_Attack_Sequence_Outlander_Hunter","Server/NPC/Roles/Intelligent/Aggressive/Outlander/Components/Component_Instruction_Attack_Sequence_Outlander_Hunter.json","1045","6E2AF12C618EBE952A96AB16F706B88BB40CD447C4B71B77D5C493286293833E"
"npc-roles","Component_Instruction_Attack_Sequence_Outlander_Hunter_Ranged","Intelligent/Aggressive/Outlander/Components/Component_Instruction_Attack_Sequence_Outlander_Hunter_Ranged","Server/NPC/Roles/Intelligent/Aggressive/Outlander/Components/Component_Instruction_Attack_Sequence_Outlander_Hunter_Ranged.json","960","4ADD5A7ECEEEFA5D188E8F797594F63254F12BC508BF5B383835639B3ADC8880"
"npc-roles","Component_Instruction_Attack_Sequence_Outlander_Marauder","Intelligent/Aggressive/Outlander/Components/Component_Instruction_Attack_Sequence_Outlander_Marauder","Server/NPC/Roles/Intelligent/Aggressive/Outlander/Components/Component_Instruction_Attack_Sequence_Outlander_Marauder.json","1307","EF8EEE119426046FEAB8C5C5BCA52A384EFFC0855F0183EC4261706A07B4B050"
"npc-roles","Component_Instruction_Attack_Sequence_Outlander_Peon","Intelligent/Aggressive/Outlander/Components/Component_Instruction_Attack_Sequence_Outlander_Peon","Server/NPC/Roles/Intelligent/Aggressive/Outlander/Components/Component_Instruction_Attack_Sequence_Outlander_Peon.json","1025","538D021DDEED94FA0951F81172C00827C99FA41AD8A287463624A686F2FE3279"
"npc-roles","Component_Instruction_Attack_Sequence_Outlander_Priest","Intelligent/Aggressive/Outlander/Components/Component_Instruction_Attack_Sequence_Outlander_Priest","Server/NPC/Roles/Intelligent/Aggressive/Outlander/Components/Component_Instruction_Attack_Sequence_Outlander_Priest.json","1304","000A66197CBD92B990BF13E3EDC4FCBC3ADB94E1DEF49927A8140CED7D5483DE"
"npc-roles","Component_Instruction_Attack_Sequence_Outlander_Priest_Ranged","Intelligent/Aggressive/Outlander/Components/Component_Instruction_Attack_Sequence_Outlander_Priest_Ranged","Server/NPC/Roles/Intelligent/Aggressive/Outlander/Components/Component_Instruction_Attack_Sequence_Outlander_Priest_Ranged.json","934","AE60F289A35C7B403B17BD27F8632D2C3471C0D6F287ABA349C347A6BE496391"
"npc-roles","Component_Instruction_Attack_Sequence_Outlander_Sorcerer_Ranged","Intelligent/Aggressive/Outlander/Components/Component_Instruction_Attack_Sequence_Outlander_Sorcerer_Ranged","Server/NPC/Roles/Intelligent/Aggressive/Outlander/Components/Component_Instruction_Attack_Sequence_Outlander_Sorcerer_Ranged.json","929","B396005F541C863CD6AE381AE3C32EA2C093DE4F16E338FCE3F0155905BF6A24"
"npc-roles","Component_Instruction_Attack_Sequence_Outlander_Stalker","Intelligent/Aggressive/Outlander/Components/Component_Instruction_Attack_Sequence_Outlander_Stalker","Server/NPC/Roles/Intelligent/Aggressive/Outlander/Components/Component_Instruction_Attack_Sequence_Outlander_Stalker.json","1337","C772A3C02BD6F33C396401FFBC3F730873AEFBB9B721ECC7540DA9FAF9E08452"
"npc-roles","Component_Instruction_Attack_Sequence_Outlander_Stalker_Ranged","Intelligent/Aggressive/Outlander/Components/Component_Instruction_Attack_Sequence_Outlander_Stalker_Ranged","Server/NPC/Roles/Intelligent/Aggressive/Outlander/Components/Component_Instruction_Attack_Sequence_Outlander_Stalker_Ranged.json","966","0A35A6ABFED939A6E418CA77341190CDC7F5313BAE840F4030FEF01E08D697DE"
"npc-roles","Outlander_Berserker","Intelligent/Aggressive/Outlander/Outlander_Berserker","Server/NPC/Roles/Intelligent/Aggressive/Outlander/Outlander_Berserker.json","1443","123450DE8DAFDEAC9B163E016479ECB7F98D8259ED9AC3F9675596881052E709"
"npc-roles","Outlander_Brute","Intelligent/Aggressive/Outlander/Outlander_Brute","Server/NPC/Roles/Intelligent/Aggressive/Outlander/Outlander_Brute.json","1493","868094F3E33D85664D60B172E099B38CA38DF8F4B0EFC70127DF05A471056889"
"npc-roles","Outlander_Cultist","Intelligent/Aggressive/Outlander/Outlander_Cultist","Server/NPC/Roles/Intelligent/Aggressive/Outlander/Outlander_Cultist.json","1488","CB69E9ABCC1A5C3E59CD2F1F035642FD8F562532ECA262AD9C9C87E49D675D15"
"npc-roles","Outlander_Hunter","Intelligent/Aggressive/Outlander/Outlander_Hunter","Server/NPC/Roles/Intelligent/Aggressive/Outlander/Outlander_Hunter.json","1489","4F29876F32FC22A9373B53BA871D78F968937441646038902081284127BCB61B"
"npc-roles","Outlander_Marauder","Intelligent/Aggressive/Outlander/Outlander_Marauder","Server/NPC/Roles/Intelligent/Aggressive/Outlander/Outlander_Marauder.json","1386","EEDDBD541C339B5A3BD63982A7400568D70C8F2D56D3AAE0242AB3D28CA3FAF3"
"npc-roles","Outlander_Peon","Intelligent/Aggressive/Outlander/Outlander_Peon","Server/NPC/Roles/Intelligent/Aggressive/Outlander/Outlander_Peon.json","1397","5E0EAD1D15ED1C87239A610B9055F9441E9AF921FD348E4D3A8BF440BDE3128A"
"npc-roles","Outlander_Priest","Intelligent/Aggressive/Outlander/Outlander_Priest","Server/NPC/Roles/Intelligent/Aggressive/Outlander/Outlander_Priest.json","1280","8F99887A09C13769E4896F1DF3075CFA6C05182BB7CCC6FD41B9417CD65F05CA"
"npc-roles","Outlander_Sorcerer","Intelligent/Aggressive/Outlander/Outlander_Sorcerer","Server/NPC/Roles/Intelligent/Aggressive/Outlander/Outlander_Sorcerer.json","1180","7CA7EDCFC5AC9E0CA0A4AF596FFAB4EF0F5CDB58EF209E19E77009E865E5C52B"
"npc-roles","Outlander_Stalker","Intelligent/Aggressive/Outlander/Outlander_Stalker","Server/NPC/Roles/Intelligent/Aggressive/Outlander/Outlander_Stalker.json","1515","A72E0025E5CB10B8BF17B4EADAD8F9462C90ABA885FB31C12B5C4949C61956EC"
"npc-roles","Wolf_Outlander_Priest","Intelligent/Aggressive/Outlander/Wolf_Outlander_Priest","Server/NPC/Roles/Intelligent/Aggressive/Outlander/Wolf_Outlander_Priest.json","1059","A3575AA36130C3AA38E6D7A80093F45ED7D1A4EDE14838BAB4F138AE9AEA1CC2"
"npc-roles","Wolf_Outlander_Sorcerer","Intelligent/Aggressive/Outlander/Wolf_Outlander_Sorcerer","Server/NPC/Roles/Intelligent/Aggressive/Outlander/Wolf_Outlander_Sorcerer.json","1063","67E0656D2794C6639F3DBBC30DAA3456F79C078229810F8CD8B021F906BA5921"
"npc-roles","Dungeon_Scarak_Broodmother","Intelligent/Aggressive/Scarak/Dungeon/Dungeon_Scarak_Broodmother","Server/NPC/Roles/Intelligent/Aggressive/Scarak/Dungeon/Dungeon_Scarak_Broodmother.json","586","9ABE61C3E84792F47E968A2330957C24DF5B8FF8C5EB8C91BB0CF76A97098A6F"
"npc-roles","Dungeon_Scarak_Broodmother_Young","Intelligent/Aggressive/Scarak/Dungeon/Dungeon_Scarak_Broodmother_Young","Server/NPC/Roles/Intelligent/Aggressive/Scarak/Dungeon/Dungeon_Scarak_Broodmother_Young.json","606","864CA0034CA1A13D7EF6213FACB4A60A8D6BAB8B881C528DDCAFE936EF2AD214"
"npc-roles","Dungeon_Scarak_Defender","Intelligent/Aggressive/Scarak/Dungeon/Dungeon_Scarak_Defender","Server/NPC/Roles/Intelligent/Aggressive/Scarak/Dungeon/Dungeon_Scarak_Defender.json","677","D12B47DA95539A38BF1BCCAE04805CE222B15621FBEBB9AE74592E85837D7019"
"npc-roles","Dungeon_Scarak_Defender_Patrol","Intelligent/Aggressive/Scarak/Dungeon/Dungeon_Scarak_Defender_Patrol","Server/NPC/Roles/Intelligent/Aggressive/Scarak/Dungeon/Dungeon_Scarak_Defender_Patrol.json","642","E23DAAB3DE7110FE5383A41105487C5A5782F7B51BEBB5ED6F367FF419C088ED"
"npc-roles","Dungeon_Scarak_Fighter","Intelligent/Aggressive/Scarak/Dungeon/Dungeon_Scarak_Fighter","Server/NPC/Roles/Intelligent/Aggressive/Scarak/Dungeon/Dungeon_Scarak_Fighter.json","1180","F2BDAC639BFD24D1CDA21D7A69DDDB07EC1DF3DB514AF7B0A52FFDFB217B222A"
"npc-roles","Dungeon_Scarak_Fighter_Patrol","Intelligent/Aggressive/Scarak/Dungeon/Dungeon_Scarak_Fighter_Patrol","Server/NPC/Roles/Intelligent/Aggressive/Scarak/Dungeon/Dungeon_Scarak_Fighter_Patrol.json","132","AB85DF3824CA0D420C8043AED8DA5841E7F62AEB525AF3382FED61801A3565CA"
"npc-roles","Dungeon_Scarak_Louse","Intelligent/Aggressive/Scarak/Dungeon/Dungeon_Scarak_Louse","Server/NPC/Roles/Intelligent/Aggressive/Scarak/Dungeon/Dungeon_Scarak_Louse.json","779","0179DD23B87D5CAEB23E0A516F66637161B241C81269CD87E86B596357CC438F"
"npc-roles","Dungeon_Scarak_Seeker","Intelligent/Aggressive/Scarak/Dungeon/Dungeon_Scarak_Seeker","Server/NPC/Roles/Intelligent/Aggressive/Scarak/Dungeon/Dungeon_Scarak_Seeker.json","1003","F4633412AE225296E27493780BE08316592D76AEDEBE27EB3864D8830841631E"
"npc-roles","Dungeon_Scarak_Seeker_Patrol","Intelligent/Aggressive/Scarak/Dungeon/Dungeon_Scarak_Seeker_Patrol","Server/NPC/Roles/Intelligent/Aggressive/Scarak/Dungeon/Dungeon_Scarak_Seeker_Patrol.json","1031","94BCC0F2D3BFA3BE1FB7ACCBF999E9022F69B9417D8F2FE65B4E1F264E92D6F9"
"npc-roles","Scarak_Broodmother","Intelligent/Aggressive/Scarak/Scarak_Broodmother","Server/NPC/Roles/Intelligent/Aggressive/Scarak/Scarak_Broodmother.json","586","9ABE61C3E84792F47E968A2330957C24DF5B8FF8C5EB8C91BB0CF76A97098A6F"
"npc-roles","Scarak_Defender","Intelligent/Aggressive/Scarak/Scarak_Defender","Server/NPC/Roles/Intelligent/Aggressive/Scarak/Scarak_Defender.json","717","7466D276AC8D059E4BB404AE3556A9C0A5DB27514E50B4451430F1CFD1F04B2D"
"npc-roles","Scarak_Defender_Patrol","Intelligent/Aggressive/Scarak/Scarak_Defender_Patrol","Server/NPC/Roles/Intelligent/Aggressive/Scarak/Scarak_Defender_Patrol.json","692","9071F6625F08B5C7A180C0A7FE5FF1277315C52AB2D3F27B59913D2CC9DDFF6C"
"npc-roles","Scarak_Fighter","Intelligent/Aggressive/Scarak/Scarak_Fighter","Server/NPC/Roles/Intelligent/Aggressive/Scarak/Scarak_Fighter.json","1219","F8A033A780BE8C858F6FA3EEBDB2A8AF32DBBFB501B49734EF101FCE65140384"
"npc-roles","Scarak_Fighter_Patrol","Intelligent/Aggressive/Scarak/Scarak_Fighter_Patrol","Server/NPC/Roles/Intelligent/Aggressive/Scarak/Scarak_Fighter_Patrol.json","124","F6DAEE4001D0F8F9E38EA4A4BB0B7F63256E92C58355720D1BFEADF17D8F4E90"
"npc-roles","Scarak_Fighter_Royal_Guard","Intelligent/Aggressive/Scarak/Scarak_Fighter_Royal_Guard","Server/NPC/Roles/Intelligent/Aggressive/Scarak/Scarak_Fighter_Royal_Guard.json","742","5346AE3FF7F35306365C4FACF5267DCB0E2C2F583F5449DF86F6D8D5B1AF2F9F"
"npc-roles","Scarak_Louse","Intelligent/Aggressive/Scarak/Scarak_Louse","Server/NPC/Roles/Intelligent/Aggressive/Scarak/Scarak_Louse.json","779","0179DD23B87D5CAEB23E0A516F66637161B241C81269CD87E86B596357CC438F"
"npc-roles","Scarak_Seeker","Intelligent/Aggressive/Scarak/Scarak_Seeker","Server/NPC/Roles/Intelligent/Aggressive/Scarak/Scarak_Seeker.json","1005","78699BB81DFAD5B83EFA6D96F9D9C09A0E7ADAC7FEB1942EB9C55A57799C21EF"
"npc-roles","Scarak_Seeker_Patrol","Intelligent/Aggressive/Scarak/Scarak_Seeker_Patrol","Server/NPC/Roles/Intelligent/Aggressive/Scarak/Scarak_Seeker_Patrol.json","1031","94BCC0F2D3BFA3BE1FB7ACCBF999E9022F69B9417D8F2FE65B4E1F264E92D6F9"
"npc-roles","Template_Scarak_Broodmother","Intelligent/Aggressive/Scarak/Templates/Template_Scarak_Broodmother","Server/NPC/Roles/Intelligent/Aggressive/Scarak/Templates/Template_Scarak_Broodmother.json","10759","C415E69E9B415C481587A14F15CD8904D509ED7CFBC73FCB420A66448B546246"
"npc-roles","Template_Scarak_Defender","Intelligent/Aggressive/Scarak/Templates/Template_Scarak_Defender","Server/NPC/Roles/Intelligent/Aggressive/Scarak/Templates/Template_Scarak_Defender.json","9795","71E803508FD9EBAA002F5827D3B76B94814E995E0BF3924BE6549F5B433B3D9B"
"npc-roles","Template_Scarak_Louse","Intelligent/Aggressive/Scarak/Templates/Template_Scarak_Louse","Server/NPC/Roles/Intelligent/Aggressive/Scarak/Templates/Template_Scarak_Louse.json","21700","8A6F7588290E76C971821DE3C136133628BFD7EC370611CC37BE333CB51B5613"
"npc-roles","Component_Instruction_Attack_Sequence_Trork_Chieftain","Intelligent/Aggressive/Trork/Components/Component_Instruction_Attack_Sequence_Trork_Chieftain","Server/NPC/Roles/Intelligent/Aggressive/Trork/Components/Component_Instruction_Attack_Sequence_Trork_Chieftain.json","1443","B6EAB021E882C4D7875CA3B92C372B909D39ECB678A01E38548CD573D8BA2A68"
"npc-roles","Component_Instruction_Attack_Sequence_Trork_Hunter","Intelligent/Aggressive/Trork/Components/Component_Instruction_Attack_Sequence_Trork_Hunter","Server/NPC/Roles/Intelligent/Aggressive/Trork/Components/Component_Instruction_Attack_Sequence_Trork_Hunter.json","1145","56C133D0D4B3A1329E669AC86C8BA20B0CC49CF548CBE892997AC995BC50CDEB"
"npc-roles","Component_Instruction_Attack_Sequence_Trork_Hunter_Ranged","Intelligent/Aggressive/Trork/Components/Component_Instruction_Attack_Sequence_Trork_Hunter_Ranged","Server/NPC/Roles/Intelligent/Aggressive/Trork/Components/Component_Instruction_Attack_Sequence_Trork_Hunter_Ranged.json","918","91166DDAA71E96C060ECC445E299EE4D273231B103CE0ED6EA16A292FC249871"
"npc-roles","Component_Instruction_Attack_Sequence_Trork_Sentry","Intelligent/Aggressive/Trork/Components/Component_Instruction_Attack_Sequence_Trork_Sentry","Server/NPC/Roles/Intelligent/Aggressive/Trork/Components/Component_Instruction_Attack_Sequence_Trork_Sentry.json","1267","EF308DB177F5A10030497CC91CDA3904D58E5AE72D9AC18F48C74780AF4CEF14"
"npc-roles","Component_Instruction_Attack_Sequence_Trork_Sentry_Ranged","Intelligent/Aggressive/Trork/Components/Component_Instruction_Attack_Sequence_Trork_Sentry_Ranged","Server/NPC/Roles/Intelligent/Aggressive/Trork/Components/Component_Instruction_Attack_Sequence_Trork_Sentry_Ranged.json","958","CAF54883B8AE601E8354B6CA9F1748C949AD24A0F53C27E41F96212B50603A70"
"npc-roles","Component_Instruction_Attack_Sequence_Trork_Warrior","Intelligent/Aggressive/Trork/Components/Component_Instruction_Attack_Sequence_Trork_Warrior","Server/NPC/Roles/Intelligent/Aggressive/Trork/Components/Component_Instruction_Attack_Sequence_Trork_Warrior.json","1433","B421A14C9E296A4EDC7694C35336753390BF1995E923528F09DAE6B1A03470DA"
"npc-roles","Component_Instruction_Flee_Trork_Shaman","Intelligent/Aggressive/Trork/Components/Component_Instruction_Flee_Trork_Shaman","Server/NPC/Roles/Intelligent/Aggressive/Trork/Components/Component_Instruction_Flee_Trork_Shaman.json","554","6E15DB0017C47A0CBB79EEF7593419AB2397163F32616618835390520F2721AF"
"npc-roles","Component_Trork_Instruction_Alerted","Intelligent/Aggressive/Trork/Components/Component_Trork_Instruction_Alerted","Server/NPC/Roles/Intelligent/Aggressive/Trork/Components/Component_Trork_Instruction_Alerted.json","4816","B3731C3CB02348E1D77CDBECBF9C79DED7646FFBAAE7D416437A245602838E45"
"npc-roles","Component_Trork_Instruction_Converge","Intelligent/Aggressive/Trork/Components/Component_Trork_Instruction_Converge","Server/NPC/Roles/Intelligent/Aggressive/Trork/Components/Component_Trork_Instruction_Converge.json","4366","D9ADDA457DB13ADCB62E8C376248A5298891B9A4AFA9C6EEC60248D5AFF75C96"
"npc-roles","Component_Trork_Instruction_Dropped_Meat","Intelligent/Aggressive/Trork/Components/Component_Trork_Instruction_Dropped_Meat","Server/NPC/Roles/Intelligent/Aggressive/Trork/Components/Component_Trork_Instruction_Dropped_Meat.json","9380","E9C3A3920EA49C62C1534F73A81F57B1C7147FE7475B8BD7DF4C7905B6A15BC6"
"npc-roles","Component_Trork_Instruction_Greeting","Intelligent/Aggressive/Trork/Components/Component_Trork_Instruction_Greeting","Server/NPC/Roles/Intelligent/Aggressive/Trork/Components/Component_Trork_Instruction_Greeting.json","10606","27EB60834CCE17DC3E6B1E439E38E07CE19D3FF54BC12A6D2ABF53DF5426CA49"
"npc-roles","Component_Trork_Instruction_Hybrid_Idle_Extra","Intelligent/Aggressive/Trork/Components/Component_Trork_Instruction_Hybrid_Idle_Extra","Server/NPC/Roles/Intelligent/Aggressive/Trork/Components/Component_Trork_Instruction_Hybrid_Idle_Extra.json","2296","E1911236619F3BF53540F0280564EEA6B4DAE95C15FF88C7BDABC8AAD83973BC"
"npc-roles","Component_Trork_Instruction_Idle","Intelligent/Aggressive/Trork/Components/Component_Trork_Instruction_Idle","Server/NPC/Roles/Intelligent/Aggressive/Trork/Components/Component_Trork_Instruction_Idle.json","28594","2F56DB6BCC5B62B9328371F8D8B96D92C164F776CB11445236EC1BA9991CE4BE"
"npc-roles","Component_Trork_Instruction_Idle_Motion_Follow_Path","Intelligent/Aggressive/Trork/Components/Component_Trork_Instruction_Idle_Motion_Follow_Path","Server/NPC/Roles/Intelligent/Aggressive/Trork/Components/Component_Trork_Instruction_Idle_Motion_Follow_Path.json","1497","292781F290706E916994BAE7567499F38C2BA799C45CBC1CA50ED5740B3E43CC"
"npc-roles","Component_Trork_Instruction_Idle_Motion_Wander","Intelligent/Aggressive/Trork/Components/Component_Trork_Instruction_Idle_Motion_Wander","Server/NPC/Roles/Intelligent/Aggressive/Trork/Components/Component_Trork_Instruction_Idle_Motion_Wander.json","1626","D75C0C86C75D0F1361D138C22323717D3EF2092D7A72B0258053D3531AFBC970"
"npc-roles","Component_Trork_Instruction_Offensive_Default","Intelligent/Aggressive/Trork/Components/Component_Trork_Instruction_Offensive_Default","Server/NPC/Roles/Intelligent/Aggressive/Trork/Components/Component_Trork_Instruction_Offensive_Default.json","2878","D7982597003C34391FE519F127EB7C144B961C6093C1FCE9F9161DFD332D1076"
"npc-roles","Component_Trork_Instruction_Panic","Intelligent/Aggressive/Trork/Components/Component_Trork_Instruction_Panic","Server/NPC/Roles/Intelligent/Aggressive/Trork/Components/Component_Trork_Instruction_Panic.json","4569","F9B7ED26736B0DA20698366AFA9D200F74D10E455AB933F28E5E9234994E4808"
"npc-roles","Component_Trork_Instruction_Pre_Checks","Intelligent/Aggressive/Trork/Components/Component_Trork_Instruction_Pre_Checks","Server/NPC/Roles/Intelligent/Aggressive/Trork/Components/Component_Trork_Instruction_Pre_Checks.json","5222","8BDF79EA702B53867AF4345C23BF777F224B7833A1CACF9E3F042788884565EF"
"npc-roles","Component_Trork_Instruction_Reputation_Switch","Intelligent/Aggressive/Trork/Components/Component_Trork_Instruction_Reputation_Switch","Server/NPC/Roles/Intelligent/Aggressive/Trork/Components/Component_Trork_Instruction_Reputation_Switch.json","2128","767D2006E5B66B03720186566622D4C50267572A54780691A4F834EFCAB987D5"
"npc-roles","Component_Trork_Instruction_Return_Home","Intelligent/Aggressive/Trork/Components/Component_Trork_Instruction_Return_Home","Server/NPC/Roles/Intelligent/Aggressive/Trork/Components/Component_Trork_Instruction_Return_Home.json","4885","58E5AD4334E1F90E5A7356F7555B5B63C6DDF3ABFBA363104F4DE6B971C9E355"
"npc-roles","Component_Trork_Instruction_Search","Intelligent/Aggressive/Trork/Components/Component_Trork_Instruction_Search","Server/NPC/Roles/Intelligent/Aggressive/Trork/Components/Component_Trork_Instruction_Search.json","4994","13E88B4A7B62182D810D9AE8AEF65D9A6295FF4B601358614CFA264115E1F2A7"
"npc-roles","Component_Trork_Instruction_Shoot_Bush","Intelligent/Aggressive/Trork/Components/Component_Trork_Instruction_Shoot_Bush","Server/NPC/Roles/Intelligent/Aggressive/Trork/Components/Component_Trork_Instruction_Shoot_Bush.json","3139","4BCAE0D1C03D79FB91A587A611E9C22187416DEF913A92527AE07788A289BD45"
"npc-roles","Component_Trork_Instruction_Sleep","Intelligent/Aggressive/Trork/Components/Component_Trork_Instruction_Sleep","Server/NPC/Roles/Intelligent/Aggressive/Trork/Components/Component_Trork_Instruction_Sleep.json","5581","ECD7FDC53C9C6850F74B096EEB135D8E3CCE5D25F032C6062DBB8C69436DC74E"
"npc-roles","Component_Trork_Instruction_Spar","Intelligent/Aggressive/Trork/Components/Component_Trork_Instruction_Spar","Server/NPC/Roles/Intelligent/Aggressive/Trork/Components/Component_Trork_Instruction_Spar.json","21481","B2F6C6F6DCFA651EC168CD33D2C94516D78C12372135585B2C0A24529F7908C7"
"npc-roles","Component_Trork_Instruction_Warn","Intelligent/Aggressive/Trork/Components/Component_Trork_Instruction_Warn","Server/NPC/Roles/Intelligent/Aggressive/Trork/Components/Component_Trork_Instruction_Warn.json","3060","28FC21A7692FA6377F3E3FF0406479BB9BB4F5C9511429057FD5A73B74CBE491"
"npc-roles","Component_Trork_Instruction_Warning_Shot","Intelligent/Aggressive/Trork/Components/Component_Trork_Instruction_Warning_Shot","Server/NPC/Roles/Intelligent/Aggressive/Trork/Components/Component_Trork_Instruction_Warning_Shot.json","2255","56F9E9434EA583C26AB43379B2D7CE9284DA32600A4A07E032DE32A59FB919E3"
"npc-roles","Component_Trork_Ranger_Instruction_Idle_Motion_Wander","Intelligent/Aggressive/Trork/Components/Component_Trork_Ranger_Instruction_Idle_Motion_Wander","Server/NPC/Roles/Intelligent/Aggressive/Trork/Components/Component_Trork_Ranger_Instruction_Idle_Motion_Wander.json","1627","2D6C1B12B414429FA2201C1B1421428B9738098C72393D1818831310E2CA4C84"
"npc-roles","Component_Trork_Sensor_Can_Sleep","Intelligent/Aggressive/Trork/Components/Component_Trork_Sensor_Can_Sleep","Server/NPC/Roles/Intelligent/Aggressive/Trork/Components/Component_Trork_Sensor_Can_Sleep.json","416","C24432BA0A4DF8DC6EE0D2B0D6F28F6110C9B9334C86EE255DE10BC9862642B2"
"npc-roles","Component_Trork_Sensor_Dropped_Meat","Intelligent/Aggressive/Trork/Components/Component_Trork_Sensor_Dropped_Meat","Server/NPC/Roles/Intelligent/Aggressive/Trork/Components/Component_Trork_Sensor_Dropped_Meat.json","416","17D51B4597365DAB82EB87E5E75DD706BC112BF5ACA1BA19898EF9CB4D5FDAB9"
"npc-roles","Template_Trork_Chieftain","Intelligent/Aggressive/Trork/Templates/Template_Trork_Chieftain","Server/NPC/Roles/Intelligent/Aggressive/Trork/Templates/Template_Trork_Chieftain.json","26277","07D5ED5E52F42474033392A816BFB143E90A9178C53BAD8CEE0DCEE5F998E66A"
"npc-roles","Template_Trork_Companion","Intelligent/Aggressive/Trork/Templates/Template_Trork_Companion","Server/NPC/Roles/Intelligent/Aggressive/Trork/Templates/Template_Trork_Companion.json","24264","49DF4785B6D09E214D462BF25A438D7DAB98D1E1C3A370D8708BFABDD31D4C8C"
"npc-roles","Template_Trork_Hybrid","Intelligent/Aggressive/Trork/Templates/Template_Trork_Hybrid","Server/NPC/Roles/Intelligent/Aggressive/Trork/Templates/Template_Trork_Hybrid.json","27945","321B4C4364A22F0A2C3BBC02479D50F1B3D1DB8A8AC1A6437AA174CB5551104E"
"npc-roles","Template_Trork_Mage","Intelligent/Aggressive/Trork/Templates/Template_Trork_Mage","Server/NPC/Roles/Intelligent/Aggressive/Trork/Templates/Template_Trork_Mage.json","31676","7E88003E6C9EF21004E2E8B638BCB3E9AE9B8BAA1D3A072B1621C198051EF1EA"
"npc-roles","Template_Trork_Melee","Intelligent/Aggressive/Trork/Templates/Template_Trork_Melee","Server/NPC/Roles/Intelligent/Aggressive/Trork/Templates/Template_Trork_Melee.json","17895","C8BB8B51878F426A4E973A544E2A7B9A6051422415BCCFB677A8FACC6406B4C3"
"npc-roles","Template_Trork_Ranger","Intelligent/Aggressive/Trork/Templates/Template_Trork_Ranger","Server/NPC/Roles/Intelligent/Aggressive/Trork/Templates/Template_Trork_Ranger.json","35839","D026E51CE6567F64F5602732A7B9C5B408BFA58E3524306578DA3AD4559385E0"
"npc-roles","Trork_Brawler","Intelligent/Aggressive/Trork/Trork_Brawler","Server/NPC/Roles/Intelligent/Aggressive/Trork/Trork_Brawler.json","843","1566E5739850EC705AFA8E22EE44ED909E09E2B3226AFE8F4E06CE1408E46EC5"
"npc-roles","Trork_Chieftain","Intelligent/Aggressive/Trork/Trork_Chieftain","Server/NPC/Roles/Intelligent/Aggressive/Trork/Trork_Chieftain.json","829","13A64E6C7167F7BA3D717B2716350D431FEC912BE2AB62CE53FC78C981805863"
"npc-roles","Trork_Doctor_Witch","Intelligent/Aggressive/Trork/Trork_Doctor_Witch","Server/NPC/Roles/Intelligent/Aggressive/Trork/Trork_Doctor_Witch.json","622","43FE6C4AA2800D0655DA5823F216A234206CBBCF615FA5A870F5217835918A16"
"npc-roles","Trork_Guard","Intelligent/Aggressive/Trork/Trork_Guard","Server/NPC/Roles/Intelligent/Aggressive/Trork/Trork_Guard.json","859","B1632D66C0A0264BB0999F50E89E6BFB9ED87B35D2C4E50B6AAC836C6E11D411"
"npc-roles","Trork_Hunter","Intelligent/Aggressive/Trork/Trork_Hunter","Server/NPC/Roles/Intelligent/Aggressive/Trork/Trork_Hunter.json","902","64EBF187A3ED2F2DAA74AB4593347D5C46B55682DD797D9DC349A67158B24492"
"npc-roles","Trork_Mauler","Intelligent/Aggressive/Trork/Trork_Mauler","Server/NPC/Roles/Intelligent/Aggressive/Trork/Trork_Mauler.json","840","C4864B4882EAE972D2855A031553196E13BD1093E65A299D82BF66329456131E"
"npc-roles","Trork_Sentry","Intelligent/Aggressive/Trork/Trork_Sentry","Server/NPC/Roles/Intelligent/Aggressive/Trork/Trork_Sentry.json","986","1CE7F71F429E53C8D96A28914DF7E06F098A5C3D62C15D8FE2AD8A1098686098"
"npc-roles","Trork_Sentry_Patrol","Intelligent/Aggressive/Trork/Trork_Sentry_Patrol","Server/NPC/Roles/Intelligent/Aggressive/Trork/Trork_Sentry_Patrol.json","720","251B76EE922034C0C73CF16BB55A7F37FD32DA93FDDE61DBF9D2ACCCA4258B58"
"npc-roles","Trork_Shaman","Intelligent/Aggressive/Trork/Trork_Shaman","Server/NPC/Roles/Intelligent/Aggressive/Trork/Trork_Shaman.json","612","7CD3E414434984748421E4D02F1260AAB48E103FAA97B1F391F0A70D21CDF93A"
"npc-roles","Trork_Unarmed","Intelligent/Aggressive/Trork/Trork_Unarmed","Server/NPC/Roles/Intelligent/Aggressive/Trork/Trork_Unarmed.json","426","F769BF986CAAB79FA3DEDCB2D296910107D126D7E94ACE11D775483A2631C2F5"
"npc-roles","Trork_Warrior","Intelligent/Aggressive/Trork/Trork_Warrior","Server/NPC/Roles/Intelligent/Aggressive/Trork/Trork_Warrior.json","906","CB1D4223BD75CDED0F2C25B5B8167076413DC04F9130D4A3353A1A40938B3E73"
"npc-roles","Trork_Warrior_Patrol","Intelligent/Aggressive/Trork/Trork_Warrior_Patrol","Server/NPC/Roles/Intelligent/Aggressive/Trork/Trork_Warrior_Patrol.json","689","9F1ECE38AC93E7B6AAD8AEAAE66BF6B686525AE81C351C4DFE7103B5CBB77B39"
"npc-roles","Wolf_Trork_Hunter","Intelligent/Aggressive/Trork/Wolf_Trork_Hunter","Server/NPC/Roles/Intelligent/Aggressive/Trork/Wolf_Trork_Hunter.json","1060","150098B7B33DA79690EB0032686215120BA85AA88116AA15729E0AB5601DC7D6"
"npc-roles","Wolf_Trork_Shaman","Intelligent/Aggressive/Trork/Wolf_Trork_Shaman","Server/NPC/Roles/Intelligent/Aggressive/Trork/Wolf_Trork_Shaman.json","1051","161B7064ACC7B0D7BF8BFF7899EA02E32142F7CA8CBB4BCBE293EF4EABC5CE30"
"npc-roles","Bramblekin","Intelligent/Neutral/Bramblekin","Server/NPC/Roles/Intelligent/Neutral/Bramblekin.json","898","98D43AC456194C04DCBCB0E13D8CB63C742CBC61E62119BDC70A62C386CBBDAA"
"npc-roles","Bramblekin_Shaman","Intelligent/Neutral/Bramblekin_Shaman","Server/NPC/Roles/Intelligent/Neutral/Bramblekin_Shaman.json","912","7B4B0EFCC19C200A8E72A763FCDEDD90892E13A5DBCB219E705DC719A4DF96A8"
"npc-roles","Component_Feran_Instruction_Search","Intelligent/Neutral/Feran/Component_Feran_Instruction_Search","Server/NPC/Roles/Intelligent/Neutral/Feran/Component_Feran_Instruction_Search.json","2954","F1C0FC308F8A4F5F3C1AB427BB652E10F0752A1084DA4B85C681F3773CD35082"
"npc-roles","Component_Feran_Instruction_Threaten","Intelligent/Neutral/Feran/Component_Feran_Instruction_Threaten","Server/NPC/Roles/Intelligent/Neutral/Feran/Component_Feran_Instruction_Threaten.json","3136","F7A92E1E98FE0E89152C72C78CB9113B1CAC61C6CB7564568F5C04873833877B"
"npc-roles","Component_Feran_Sensor_Low_HP","Intelligent/Neutral/Feran/Component_Feran_Sensor_Low_HP","Server/NPC/Roles/Intelligent/Neutral/Feran/Component_Feran_Sensor_Low_HP.json","306","EBB3B5100F4D8C060CD66D4BFF413268D930D334F1D2A2E934CFD21A0B35EEEA"
"npc-roles","Component_Feran_Sensor_Scarak","Intelligent/Neutral/Feran/Component_Feran_Sensor_Scarak","Server/NPC/Roles/Intelligent/Neutral/Feran/Component_Feran_Sensor_Scarak.json","193","E7502EEAABAC52E186037D108D458259FF912E5DCCEFE4783B0DE2A60F762C88"
"npc-roles","Component_Instruction_Attack_Sequence_Feran_Burrower","Intelligent/Neutral/Feran/Component_Instruction_Attack_Sequence_Feran_Burrower","Server/NPC/Roles/Intelligent/Neutral/Feran/Component_Instruction_Attack_Sequence_Feran_Burrower.json","1163","DD5DF2D5196628A81F49C4BA623377899663E86BBA34BE366FD7006B207AF9A8"
"npc-roles","Component_Instruction_Attack_Sequence_Feran_Civilian","Intelligent/Neutral/Feran/Component_Instruction_Attack_Sequence_Feran_Civilian","Server/NPC/Roles/Intelligent/Neutral/Feran/Component_Instruction_Attack_Sequence_Feran_Civilian.json","1137","9D247B727FE1A9037192814E8BD113074132541DC2585D4BBAB6250C7A9C46E4"
"npc-roles","Component_Instruction_Attack_Sequence_Feran_Cub","Intelligent/Neutral/Feran/Component_Instruction_Attack_Sequence_Feran_Cub","Server/NPC/Roles/Intelligent/Neutral/Feran/Component_Instruction_Attack_Sequence_Feran_Cub.json","1122","9E489E60E3D83AA21E911895DCF7C3878793D14F60AF93EE457E364CEE62F6CD"
"npc-roles","Component_Instruction_Attack_Sequence_Feran_Longtooth","Intelligent/Neutral/Feran/Component_Instruction_Attack_Sequence_Feran_Longtooth","Server/NPC/Roles/Intelligent/Neutral/Feran/Component_Instruction_Attack_Sequence_Feran_Longtooth.json","1156","17756B6BEFE8AFC1B19B96A3C33DBD73AB56F0D175FD2684BE3F62DEA8803E74"
"npc-roles","Component_Instruction_Attack_Sequence_Feran_Longtooth_Ranged","Intelligent/Neutral/Feran/Component_Instruction_Attack_Sequence_Feran_Longtooth_Ranged","Server/NPC/Roles/Intelligent/Neutral/Feran/Component_Instruction_Attack_Sequence_Feran_Longtooth_Ranged.json","917","68E56E7AA13DABF866AD4C342AF3F694DFD33DF97C3D0DA46C526B1F29244EBA"
"npc-roles","Component_Instruction_Attack_Sequence_Feran_Sharptooth","Intelligent/Neutral/Feran/Component_Instruction_Attack_Sequence_Feran_Sharptooth","Server/NPC/Roles/Intelligent/Neutral/Feran/Component_Instruction_Attack_Sequence_Feran_Sharptooth.json","1163","DD5DF2D5196628A81F49C4BA623377899663E86BBA34BE366FD7006B207AF9A8"
"npc-roles","Component_Instruction_Attack_Sequence_Feran_Sharptooth_Ranged","Intelligent/Neutral/Feran/Component_Instruction_Attack_Sequence_Feran_Sharptooth_Ranged","Server/NPC/Roles/Intelligent/Neutral/Feran/Component_Instruction_Attack_Sequence_Feran_Sharptooth_Ranged.json","921","C47293249FF22D818F7F8474AFE8AE2D2A1D662F6209156A4DFE51A8D818BF6B"
"npc-roles","Component_Instruction_Attack_Sequence_Feran_Windwalker","Intelligent/Neutral/Feran/Component_Instruction_Attack_Sequence_Feran_Windwalker","Server/NPC/Roles/Intelligent/Neutral/Feran/Component_Instruction_Attack_Sequence_Feran_Windwalker.json","1519","FF7CF0AB46AC2D5DC5CB02E99706EB9D82D22383D4C4946482870F651384FEBD"
"npc-roles","Component_Sensor_Feran_Day","Intelligent/Neutral/Feran/Component_Sensor_Feran_Day","Server/NPC/Roles/Intelligent/Neutral/Feran/Component_Sensor_Feran_Day.json","327","69C65D72B7620CDC8608593984F7F392BD01BD1457899065D0E80C96DB909C18"
"npc-roles","Component_Sensor_Feran_Sharptooth_Wakeup","Intelligent/Neutral/Feran/Component_Sensor_Feran_Sharptooth_Wakeup","Server/NPC/Roles/Intelligent/Neutral/Feran/Component_Sensor_Feran_Sharptooth_Wakeup.json","195","9CC3277A311BF004DBED84F5A17BAA2759DBBF3A88082192D5B275324571285A"
"npc-roles","Feran_Burrower","Intelligent/Neutral/Feran/Feran_Burrower","Server/NPC/Roles/Intelligent/Neutral/Feran/Feran_Burrower.json","439","0AEA399DE2F9102B10985ECE7805C7E767A461AEFA3D7D5B017F9A7959129F9E"
"npc-roles","Feran_Civilian","Intelligent/Neutral/Feran/Feran_Civilian","Server/NPC/Roles/Intelligent/Neutral/Feran/Feran_Civilian.json","439","8C78B4CBCECCDA06410250908648994DE06FDB6C490469DCCF75B55E8B747E3D"
"npc-roles","Feran_Cub","Intelligent/Neutral/Feran/Feran_Cub","Server/NPC/Roles/Intelligent/Neutral/Feran/Feran_Cub.json","424","8BD56F79D081BCF379FE0103AA921444555D43DCC9F20F36F58DADABE0067617"
"npc-roles","Feran_Longtooth","Intelligent/Neutral/Feran/Feran_Longtooth","Server/NPC/Roles/Intelligent/Neutral/Feran/Feran_Longtooth.json","738","8C947A78F935236243301F7CB819631635FB8E245613E3919A868C88F447F703"
"npc-roles","Feran_Sharptooth","Intelligent/Neutral/Feran/Feran_Sharptooth","Server/NPC/Roles/Intelligent/Neutral/Feran/Feran_Sharptooth.json","520","F1724055105F59793F336F37337E51BC1B177C4CED94C0EB6BF9345903E3B8F7"
"npc-roles","Feran_Windwalker","Intelligent/Neutral/Feran/Feran_Windwalker","Server/NPC/Roles/Intelligent/Neutral/Feran/Feran_Windwalker.json","445","45C7689F84BE7B8854B05EB4EA8062FA4075693656C0C6E4FE5FB79F3BBF0B51"
"npc-roles","Template_Feran_Burrower","Intelligent/Neutral/Feran/Templates/Template_Feran_Burrower","Server/NPC/Roles/Intelligent/Neutral/Feran/Templates/Template_Feran_Burrower.json","24777","29AA15231D51E586FF46A4471461C024E8DBB8D79E1AA93AC8BD83A229D1C925"
"npc-roles","Template_Feran_Civilian","Intelligent/Neutral/Feran/Templates/Template_Feran_Civilian","Server/NPC/Roles/Intelligent/Neutral/Feran/Templates/Template_Feran_Civilian.json","17908","5E26C0FB6136D78E7B09C23A11D54D0EFC827AAAB35AB0694A4968008664AA69"
"npc-roles","Template_Feran_Cub","Intelligent/Neutral/Feran/Templates/Template_Feran_Cub","Server/NPC/Roles/Intelligent/Neutral/Feran/Templates/Template_Feran_Cub.json","15588","7B13FAC77F75CC36DB52D17E5EB3202CF06517924495F50B9E853FFBB05B2D03"
"npc-roles","Template_Feran_Sharptooth","Intelligent/Neutral/Feran/Templates/Template_Feran_Sharptooth","Server/NPC/Roles/Intelligent/Neutral/Feran/Templates/Template_Feran_Sharptooth.json","35885","F0BB890C4761B9E14B89DF87C3880C441394A2A26B7CAF22ED1FC5F89284BCBC"
"npc-roles","Template_Feran_Windwalker","Intelligent/Neutral/Feran/Templates/Template_Feran_Windwalker","Server/NPC/Roles/Intelligent/Neutral/Feran/Templates/Template_Feran_Windwalker.json","22855","754AE7DEB621BB5F3980BA4E5FD02A5CDFF55CAA520F81E62EAC2AB3040947E1"
"npc-roles","Component_Instruction_Attack_Sequence_Kweebec_Sapling_Razorleaf","Intelligent/Neutral/Kweebec/Component_Instruction_Attack_Sequence_Kweebec_Sapling_Razorleaf","Server/NPC/Roles/Intelligent/Neutral/Kweebec/Component_Instruction_Attack_Sequence_Kweebec_Sapling_Razorleaf.json","1172","1FC40648317C39A26567230D9B1647E9523F7B16A29FE354024E150632A616A1"
"npc-roles","Component_Kweebec_Instruction_Panic","Intelligent/Neutral/Kweebec/Component_Kweebec_Instruction_Panic","Server/NPC/Roles/Intelligent/Neutral/Kweebec/Component_Kweebec_Instruction_Panic.json","2748","967EC28284A610128D06B4290E459E681D15EB1A9150D4B55A7F794B952FBA81"
"npc-roles","Component_Kweebec_Instruction_Search","Intelligent/Neutral/Kweebec/Component_Kweebec_Instruction_Search","Server/NPC/Roles/Intelligent/Neutral/Kweebec/Component_Kweebec_Instruction_Search.json","3539","635CBDDFA47F749C2C280E55C98CF1E5E5A9C87E9152933016D79B5419013E53"
"npc-roles","Kweebec_Elder","Intelligent/Neutral/Kweebec/Kweebec_Elder","Server/NPC/Roles/Intelligent/Neutral/Kweebec/Kweebec_Elder.json","500","E1512BED0520085B5E78599BECBFE8A326B526E62754F7176DF52962636C5658"
"npc-roles","Kweebec_Merchant","Intelligent/Neutral/Kweebec/Kweebec_Merchant","Server/NPC/Roles/Intelligent/Neutral/Kweebec/Kweebec_Merchant.json","6461","8CE2E3F30B19342424D16BD9C7B228E757FBEE95CE665415A302CB8EA2D7C2BF"
"npc-roles","Kweebec_Prisoner","Intelligent/Neutral/Kweebec/Kweebec_Prisoner","Server/NPC/Roles/Intelligent/Neutral/Kweebec/Kweebec_Prisoner.json","1081","C577E7FE4731E066B3E6A1965BBCDAE06E0EF6BC4D2B87989AC5C8F44DE0F28C"
"npc-roles","Kweebec_Razorleaf","Intelligent/Neutral/Kweebec/Kweebec_Razorleaf","Server/NPC/Roles/Intelligent/Neutral/Kweebec/Kweebec_Razorleaf.json","546","C3F037B2F561014822D2C7FCB148F5BAC70435839908CD3DC070745A2BF3A907"
"npc-roles","Kweebec_Razorleaf_Patrol","Intelligent/Neutral/Kweebec/Kweebec_Razorleaf_Patrol","Server/NPC/Roles/Intelligent/Neutral/Kweebec/Kweebec_Razorleaf_Patrol.json","630","A691A428AEF561DD770ACE9F48954926E9D1D215AA1E1A96912E6375FC2749E0"
"npc-roles","Kweebec_Rootling","Intelligent/Neutral/Kweebec/Kweebec_Rootling","Server/NPC/Roles/Intelligent/Neutral/Kweebec/Kweebec_Rootling.json","355","E0706540F48A02510B65F967BBF2602513CA8BE920D89E1DDCDC096DAAB0BF81"
"npc-roles","Kweebec_Sapling","Intelligent/Neutral/Kweebec/Kweebec_Sapling","Server/NPC/Roles/Intelligent/Neutral/Kweebec/Kweebec_Sapling.json","531","5795931C77D10E7B848870EB4DC1D610A9A6783D69C71EF47F829943DE3E3420"
"npc-roles","Kweebec_Sapling_Orange","Intelligent/Neutral/Kweebec/Kweebec_Sapling_Orange","Server/NPC/Roles/Intelligent/Neutral/Kweebec/Kweebec_Sapling_Orange.json","538","EFD2F8EC438D5CFEF87268C300E26F3E21C72CF50DBE6D32B3CF72A349BB2DFB"
"npc-roles","Kweebec_Sapling_Pink","Intelligent/Neutral/Kweebec/Kweebec_Sapling_Pink","Server/NPC/Roles/Intelligent/Neutral/Kweebec/Kweebec_Sapling_Pink.json","536","AD027714BDA7B24493367C55B1C201DEF30ED4FBC7E6AF87481056FB40F282AB"
"npc-roles","Kweebec_Seedling","Intelligent/Neutral/Kweebec/Kweebec_Seedling","Server/NPC/Roles/Intelligent/Neutral/Kweebec/Kweebec_Seedling.json","565","905337C464573841618211DAFE08DF85DD4CD6B14B37D09562A327FC7139488F"
"npc-roles","Kweebec_Sproutling","Intelligent/Neutral/Kweebec/Kweebec_Sproutling","Server/NPC/Roles/Intelligent/Neutral/Kweebec/Kweebec_Sproutling.json","545","89F96E2A3BD652D7180A868E332447F84B57C0A00F9DF97DDCF0DFC173FDC97F"
"npc-roles","Kweebec_Sproutling_Patrol","Intelligent/Neutral/Kweebec/Kweebec_Sproutling_Patrol","Server/NPC/Roles/Intelligent/Neutral/Kweebec/Kweebec_Sproutling_Patrol.json","633","30AEB8A169C668D8AA97EB40E65B75D10280B1995DC9CC02D1E3A9059A60694D"
"npc-roles","Template_Kweebec_Razorleaf","Intelligent/Neutral/Kweebec/Templates/Template_Kweebec_Razorleaf","Server/NPC/Roles/Intelligent/Neutral/Kweebec/Templates/Template_Kweebec_Razorleaf.json","16215","031D8569E87F4752FD7689ED29E9BB47252DF45DFA9FBF74775B3F74CDC77BFD"
"npc-roles","Template_Kweebec_Sapling","Intelligent/Neutral/Kweebec/Templates/Template_Kweebec_Sapling","Server/NPC/Roles/Intelligent/Neutral/Kweebec/Templates/Template_Kweebec_Sapling.json","18368","927ECB3CDE9ADB9CC6245A8CE66081178CAA4FB121D3A3D8D51775AFE8FAE2CE"
"npc-roles","Template_Kweebec_Youngling","Intelligent/Neutral/Kweebec/Templates/Template_Kweebec_Youngling","Server/NPC/Roles/Intelligent/Neutral/Kweebec/Templates/Template_Kweebec_Youngling.json","21275","C2CCD9DA777BDFA214C222E153A92DB9952A5F682BFBE5526F14C822B5A54A17"
"npc-roles","Tuluk_Fisherman","Intelligent/Neutral/Tuluk/Tuluk_Fisherman","Server/NPC/Roles/Intelligent/Neutral/Tuluk/Tuluk_Fisherman.json","289","7054B4DE22824973B6E27780860B3630DB073409AD94874FCEF25B8A6F0D5F27"
"npc-roles","Component_Instruction_Klops_Idle","Intelligent/Passive/Component_Instruction_Klops_Idle","Server/NPC/Roles/Intelligent/Passive/Component_Instruction_Klops_Idle.json","2828","359A8D7CAA86B039013E40C7F3E0F2BF74E26864644C00C2C47B122AE8A9A19E"
"npc-roles","Klops_Gentleman","Intelligent/Passive/Klops_Gentleman","Server/NPC/Roles/Intelligent/Passive/Klops_Gentleman.json","520","DD4DE3071A4CBB4A699807854C58378897B559899634FDA3EE8F4CD9C17666EB"
"npc-roles","Klops_Merchant","Intelligent/Passive/Klops_Merchant","Server/NPC/Roles/Intelligent/Passive/Klops_Merchant.json","6271","B97000754BA514D681877191918FE8AF55843DCC1D183ABFF353030873F54D74"
"npc-roles","Klops_Merchant_Patrol","Intelligent/Passive/Klops_Merchant_Patrol","Server/NPC/Roles/Intelligent/Passive/Klops_Merchant_Patrol.json","56","7D8FF13C192BC35AFD9C4C6E31721A1857FA7A63BEB52DEF37323492CE96CA76"
"npc-roles","Klops_Merchant_Wandering","Intelligent/Passive/Klops_Merchant_Wandering","Server/NPC/Roles/Intelligent/Passive/Klops_Merchant_Wandering.json","6779","B5AAA646E8A70528F727318D9402014E813D005BC6A4656F1DCC02DDA7E22383"
"npc-roles","Klops_Miner","Intelligent/Passive/Klops_Miner","Server/NPC/Roles/Intelligent/Passive/Klops_Miner.json","900","4789A79671889ADF4F3E5E59B46B2287C4CA3F1876FEB85A2DBC71C4C31FA395"
"npc-roles","Klops_Miner_Patrol","Intelligent/Passive/Klops_Miner_Patrol","Server/NPC/Roles/Intelligent/Passive/Klops_Miner_Patrol.json","121","553420F0EDC418F2D00DE79B1F524C814CC5D9DE16AE39E3D66AD5C754280512"
"npc-roles","Quest_Master","Intelligent/Passive/Quest_Master","Server/NPC/Roles/Intelligent/Passive/Quest_Master.json","31856","9048335F0B2DD611044CA2D93A1D1AA4A9CFD130D2F7AB018B1A802C30BDACDD"
"npc-roles","Slothian","Intelligent/Passive/Slothian","Server/NPC/Roles/Intelligent/Passive/Slothian.json","892","27317A19CBA97A5E29F9F944C01D5FD3E60944564524739113545679D3080881"
"npc-roles","Temple_Bluebird","Intelligent/Passive/Temple/Temple_Bluebird","Server/NPC/Roles/Intelligent/Passive/Temple/Temple_Bluebird.json","609","F51ABA87D19A486FC68DD5DFA3C6C3EBCDFC0B723A4C560BD4F1325A2AF75C33"
"npc-roles","Temple_Bunny","Intelligent/Passive/Temple/Temple_Bunny","Server/NPC/Roles/Intelligent/Passive/Temple/Temple_Bunny.json","450","8B46091835F64CFF0DF4BAB9C30ADA576473AB882BCCD76B6E4F7CC8169A3ED4"
"npc-roles","Temple_Deer_Doe","Intelligent/Passive/Temple/Temple_Deer_Doe","Server/NPC/Roles/Intelligent/Passive/Temple/Temple_Deer_Doe.json","487","97DBF42CF4D8A092E3D78E3D1BB708CABE9339B6A2690DD92C5E3A391C713CD8"
"npc-roles","Temple_Deer_Stag","Intelligent/Passive/Temple/Temple_Deer_Stag","Server/NPC/Roles/Intelligent/Passive/Temple/Temple_Deer_Stag.json","496","DCC9C243B5AAE2E36ED0361D04A93F5BCF8C397DBB989723E721892E390C8C2F"
"npc-roles","Temple_Duck","Intelligent/Passive/Temple/Temple_Duck","Server/NPC/Roles/Intelligent/Passive/Temple/Temple_Duck.json","526","D3F95F8BE3089593B3622773D48CF062C2F38135354B8626D42AE134332671AA"
"npc-roles","Temple_Feran","Intelligent/Passive/Temple/Temple_Feran","Server/NPC/Roles/Intelligent/Passive/Temple/Temple_Feran.json","505","8F96226110651FDD1F7803B22799FDCFC6EE3EB587CC0439906C7AF7E631146F"
"npc-roles","Temple_Feran_Longtooth","Intelligent/Passive/Temple/Temple_Feran_Longtooth","Server/NPC/Roles/Intelligent/Passive/Temple/Temple_Feran_Longtooth.json","552","EAF842BC25BAA0D20A27800DA029B1E8F2F118368672B6AA5F047840B7F7FC8D"
"npc-roles","Temple_Finch_Green","Intelligent/Passive/Temple/Temple_Finch_Green","Server/NPC/Roles/Intelligent/Passive/Temple/Temple_Finch_Green.json","624","C5F1903E184B830D6129DCD2ED73C06C2E9317F21F7F0355EDCD6A97EFDB5ED9"
"npc-roles","Temple_Frog_Blue","Intelligent/Passive/Temple/Temple_Frog_Blue","Server/NPC/Roles/Intelligent/Passive/Temple/Temple_Frog_Blue.json","491","14EA44FB1B04090B387B16EE092C3053A20D5E69706C0B6098FC3B808649E16B"
"npc-roles","Temple_Frog_Green","Intelligent/Passive/Temple/Temple_Frog_Green","Server/NPC/Roles/Intelligent/Passive/Temple/Temple_Frog_Green.json","492","7408D3481CAC359E7FFF67C6F178F5B6824AF0F35E477DB8C30E57211ECA4412"
"npc-roles","Temple_Frog_Orange","Intelligent/Passive/Temple/Temple_Frog_Orange","Server/NPC/Roles/Intelligent/Passive/Temple/Temple_Frog_Orange.json","493","30F97B6F37B2D6557F5F5AD9B9976737F5490AEF25DA3D2C0B381C0F0642051D"
"npc-roles","Temple_Klops","Intelligent/Passive/Temple/Temple_Klops","Server/NPC/Roles/Intelligent/Passive/Temple/Temple_Klops.json","137","35AD39A731659F1992DA39FE05B319971356AB436095BF4BEDB7F9A796C88F57"
"npc-roles","Temple_Klops_Merchant","Intelligent/Passive/Temple/Temple_Klops_Merchant","Server/NPC/Roles/Intelligent/Passive/Temple/Temple_Klops_Merchant.json","100","16F79487170E83BC54EBC3D00783D72FDFDB607F23C0E8375E3C5D09D90E1215"
"npc-roles","Temple_Kweebec","Intelligent/Passive/Temple/Temple_Kweebec","Server/NPC/Roles/Intelligent/Passive/Temple/Temple_Kweebec.json","543","AF80A26FA5059F155EC7F67F465785A752C7618CB99B6C90376D1B763C7CC8AC"
"npc-roles","Temple_Kweebec_Elder","Intelligent/Passive/Temple/Temple_Kweebec_Elder","Server/NPC/Roles/Intelligent/Passive/Temple/Temple_Kweebec_Elder.json","516","1BF90A79F275232BCCF44D342A1DED8A5D8DAA2EB42244B080731215968DD531"
"npc-roles","Temple_Kweebec_Merchant","Intelligent/Passive/Temple/Temple_Kweebec_Merchant","Server/NPC/Roles/Intelligent/Passive/Temple/Temple_Kweebec_Merchant.json","386","1E2AC17E74DCB6BA9EA8344E13C0928FB9A56CE22ACE4B2B4CBCDC5129373E2D"
"npc-roles","Temple_Kweebec_Razorleaf","Intelligent/Passive/Temple/Temple_Kweebec_Razorleaf","Server/NPC/Roles/Intelligent/Passive/Temple/Temple_Kweebec_Razorleaf.json","563","93DCC506E0DBF301EC70D2D9768B2989B72AFC58458EE248B469BC549A9DDC5E"
"npc-roles","Temple_Kweebec_Razorleaf_Patrol","Intelligent/Passive/Temple/Temple_Kweebec_Razorleaf_Patrol","Server/NPC/Roles/Intelligent/Passive/Temple/Temple_Kweebec_Razorleaf_Patrol.json","928","45A023DEA71E6836DFA121199C445784322129FE3D68913FAD9AB5E4DAF32561"
"npc-roles","Temple_Kweebec_Razorleaf_Patrol1","Intelligent/Passive/Temple/Temple_Kweebec_Razorleaf_Patrol1","Server/NPC/Roles/Intelligent/Passive/Temple/Temple_Kweebec_Razorleaf_Patrol1.json","128","2584880EA24C06727161855CC87A55690FC9C73B1C5C9398352D753BCB83DA67"
"npc-roles","Temple_Kweebec_Razorleaf_Patrol2","Intelligent/Passive/Temple/Temple_Kweebec_Razorleaf_Patrol2","Server/NPC/Roles/Intelligent/Passive/Temple/Temple_Kweebec_Razorleaf_Patrol2.json","128","FDB1CCA6B1A46E5A4682024450D93E1588CC4AA33E00EAD7D8B2B831FAE038E6"
"npc-roles","Temple_Kweebec_Razorleaf_Patrol3","Intelligent/Passive/Temple/Temple_Kweebec_Razorleaf_Patrol3","Server/NPC/Roles/Intelligent/Passive/Temple/Temple_Kweebec_Razorleaf_Patrol3.json","128","C9E2C73412E8DB265A77D3BE5E3B03C362110FB3087899C3366084E27C1915C0"
"npc-roles","Temple_Kweebec_Razorleaf_Patrol4","Intelligent/Passive/Temple/Temple_Kweebec_Razorleaf_Patrol4","Server/NPC/Roles/Intelligent/Passive/Temple/Temple_Kweebec_Razorleaf_Patrol4.json","128","BA47A30C7FBD5ECC6427143AA3B11371D5547FA7AA6C9EAFE2FC9A50D9A99E59"
"npc-roles","Temple_Kweebec_Razorleaf_Patrol5","Intelligent/Passive/Temple/Temple_Kweebec_Razorleaf_Patrol5","Server/NPC/Roles/Intelligent/Passive/Temple/Temple_Kweebec_Razorleaf_Patrol5.json","128","B4F9ADFAC28D7BE07B903D89AB92B08209327C7AE7FCDDD1D42EB8C9C129E5BA"
"npc-roles","Temple_Kweebec_Rootling_Static","Intelligent/Passive/Temple/Temple_Kweebec_Rootling_Static","Server/NPC/Roles/Intelligent/Passive/Temple/Temple_Kweebec_Rootling_Static.json","541","770EBCF03F106D96488A98E3A5C6B444919017BE8E47372BAB9181728287D316"
"npc-roles","Temple_Kweebec_Seedling","Intelligent/Passive/Temple/Temple_Kweebec_Seedling","Server/NPC/Roles/Intelligent/Passive/Temple/Temple_Kweebec_Seedling.json","566","D4DC1523E0F9DAA384011438E255EF7FB9814503A5D4D2C7FDC6713900418494"
"npc-roles","Temple_Kweebec_Seedling_Static","Intelligent/Passive/Temple/Temple_Kweebec_Seedling_Static","Server/NPC/Roles/Intelligent/Passive/Temple/Temple_Kweebec_Seedling_Static.json","480","BADB83736E21A2F8E66237D13C59CC1B2F7B5E71E7AA1736F70B388EC5FA8D81"
"npc-roles","Temple_Kweebec_Static","Intelligent/Passive/Temple/Temple_Kweebec_Static","Server/NPC/Roles/Intelligent/Passive/Temple/Temple_Kweebec_Static.json","514","B52D2AE1CCDBA8350C7801AC110BB934DB3264A6A079D13B76A28572A9637A0D"
"npc-roles","Temple_Mithril_Guard","Intelligent/Passive/Temple/Temple_Mithril_Guard","Server/NPC/Roles/Intelligent/Passive/Temple/Temple_Mithril_Guard.json","173","DC60105AB2B9CFB33034279A7A36A80144F6C5001ED6E7ED6BBAAD8D95602174"
"npc-roles","Temple_Owl_Brown","Intelligent/Passive/Temple/Temple_Owl_Brown","Server/NPC/Roles/Intelligent/Passive/Temple/Temple_Owl_Brown.json","614","F7D64B6DF27AD5F745E7641F0DF1FEEE4F815FC149F6EBDCDDCF4C9C281F601C"
"npc-roles","Temple_Squirrel","Intelligent/Passive/Temple/Temple_Squirrel","Server/NPC/Roles/Intelligent/Passive/Temple/Temple_Squirrel.json","486","CC1BE1C8BE38C1B83827369767790BF42B0055144876A9F5511EBB698CC63387"
"npc-roles","Chicken_Undead","Undead/Chicken_Undead","Server/NPC/Roles/Undead/Chicken_Undead.json","1504","64F02A4F16A63B377E9F4234F4E4C04925611D81714388A0BF3ADAB7165F373E"
"npc-roles","Cow_Undead","Undead/Cow_Undead","Server/NPC/Roles/Undead/Cow_Undead.json","1493","B3EE5A87A826B93435C36FC2E4757FA4BFD446DFB5A25BBB0CBA3919430D3099"
"npc-roles","Ghoul","Undead/Ghoul","Server/NPC/Roles/Undead/Ghoul.json","1423","ACF11036B751C4923304796C34CDB04057BEBE47B42F42DEF35B4E45FF78BBF1"
"npc-roles","Horse_Skeleton","Undead/Horse_Skeleton","Server/NPC/Roles/Undead/Horse_Skeleton.json","3275","CEB2787CFD86E70477B085A7F356B994B7882DDA5A25A4F372BDEA082F2DBDCB"
"npc-roles","Horse_Skeleton_Armored","Undead/Horse_Skeleton_Armored","Server/NPC/Roles/Undead/Horse_Skeleton_Armored.json","3306","C158E2BF82E1746CA128088BD09870A605ACF849B4B01A2D9F11A91A4135A818"
"npc-roles","Hound_Bleached","Undead/Hound_Bleached","Server/NPC/Roles/Undead/Hound_Bleached.json","1550","058B153DB9F5120195581E1E76903F3D59BB505D1417DE3FF28A463721B5FC10"
"npc-roles","Pig_Undead","Undead/Pig_Undead","Server/NPC/Roles/Undead/Pig_Undead.json","1538","3433A551F406AD2AF641C06321CBF0F303FAC6495F418DB49E7B6FA9D11FB682"
"npc-roles","Shadow_Knight","Undead/Shadow_Knight","Server/NPC/Roles/Undead/Shadow_Knight.json","1492","14BC383FB4D1B56F6D11D50A531FBD38C6D4373D46B98CC77A7F725BF75E381B"
"npc-roles","Risen_Gunner","Undead/Skeleton/Risen_Gunner","Server/NPC/Roles/Undead/Skeleton/Risen_Gunner.json","960","3591474248EA5F69CA9F9A9B076DA96DF7444ED4A8C97933231DAFEB8281F983"
"npc-roles","Risen_Knight","Undead/Skeleton/Risen_Knight","Server/NPC/Roles/Undead/Skeleton/Risen_Knight.json","876","BBE52C11F5FC9BF3EA6DE7173CE927A4B9CE0AA10C04B494EBEF2F405A4C0AC4"
"npc-roles","Skeleton","Undead/Skeleton/Skeleton","Server/NPC/Roles/Undead/Skeleton/Skeleton.json","978","555E88B7F6AF7F28C027A7BF0D01B05449EA6F7A5EC15E5463D0BA28C8A5E4B7"
"npc-roles","Skeleton_Burnt_Alchemist","Undead/Skeleton/Skeleton_Burnt/Skeleton_Burnt_Alchemist","Server/NPC/Roles/Undead/Skeleton/Skeleton_Burnt/Skeleton_Burnt_Alchemist.json","2440","3576E07E9A8DFA9AB783E3DA0AA53BA03849E3114E93532275B003EFF2B39548"
"npc-roles","Skeleton_Burnt_Alchemist_Patrol","Undead/Skeleton/Skeleton_Burnt/Skeleton_Burnt_Alchemist_Patrol","Server/NPC/Roles/Undead/Skeleton/Skeleton_Burnt/Skeleton_Burnt_Alchemist_Patrol.json","134","1A220BB8EAABEF2C41C70274187DFBC6EF85C2B709C46E8B0B65077320AA7E18"
"npc-roles","Skeleton_Burnt_Alchemist_Wander","Undead/Skeleton/Skeleton_Burnt/Skeleton_Burnt_Alchemist_Wander","Server/NPC/Roles/Undead/Skeleton/Skeleton_Burnt/Skeleton_Burnt_Alchemist_Wander.json","242","A4B6D91AFF6683C2E2DC1481471254128ECF9AD7DC2A1D04856F502624CCF9C9"
"npc-roles","Skeleton_Burnt_Archer","Undead/Skeleton/Skeleton_Burnt/Skeleton_Burnt_Archer","Server/NPC/Roles/Undead/Skeleton/Skeleton_Burnt/Skeleton_Burnt_Archer.json","2338","B2031B9C677310950C0BD8957DD49ADE8B4BE3D1F30969C5B40CAAC844796E6C"
"npc-roles","Skeleton_Burnt_Archer_Patrol","Undead/Skeleton/Skeleton_Burnt/Skeleton_Burnt_Archer_Patrol","Server/NPC/Roles/Undead/Skeleton/Skeleton_Burnt/Skeleton_Burnt_Archer_Patrol.json","131","781BD45AE69C19BFF152BCEFA6AAF00F6A2C7F4A659D41B7D092F57A2C3B9841"
"npc-roles","Skeleton_Burnt_Archer_Wander","Undead/Skeleton/Skeleton_Burnt/Skeleton_Burnt_Archer_Wander","Server/NPC/Roles/Undead/Skeleton/Skeleton_Burnt/Skeleton_Burnt_Archer_Wander.json","240","7CFC1319347913F1822965A02AEC69E66B73069B353DA616B2003EDD56053E49"
"npc-roles","Skeleton_Burnt_Gunner","Undead/Skeleton/Skeleton_Burnt/Skeleton_Burnt_Gunner","Server/NPC/Roles/Undead/Skeleton/Skeleton_Burnt/Skeleton_Burnt_Gunner.json","2340","62BCAB34505CF83A982EEF0322899D1BBDE6711178E44079902C59933E980CBF"
"npc-roles","Skeleton_Burnt_Gunner_Patrol","Undead/Skeleton/Skeleton_Burnt/Skeleton_Burnt_Gunner_Patrol","Server/NPC/Roles/Undead/Skeleton/Skeleton_Burnt/Skeleton_Burnt_Gunner_Patrol.json","131","D05173472307001284387995101D143C6EC08EFE54FAD739224C2D8AC0524530"
"npc-roles","Skeleton_Burnt_Gunner_Wander","Undead/Skeleton/Skeleton_Burnt/Skeleton_Burnt_Gunner_Wander","Server/NPC/Roles/Undead/Skeleton/Skeleton_Burnt/Skeleton_Burnt_Gunner_Wander.json","240","947BEEBBF2074023BE5C4FE9DA3DE30496DCB8E2666B4C5818FFF62CE36DAC78"
"npc-roles","Skeleton_Burnt_Knight","Undead/Skeleton/Skeleton_Burnt/Skeleton_Burnt_Knight","Server/NPC/Roles/Undead/Skeleton/Skeleton_Burnt/Skeleton_Burnt_Knight.json","2306","464BDA44D9D1034FE4666490CC31E8969E1DADA2FB84070F0847C9F099382F0C"
"npc-roles","Skeleton_Burnt_Knight_Patrol","Undead/Skeleton/Skeleton_Burnt/Skeleton_Burnt_Knight_Patrol","Server/NPC/Roles/Undead/Skeleton/Skeleton_Burnt/Skeleton_Burnt_Knight_Patrol.json","131","764615A24FA2C2B9CC6AE0265088979A185C0D4C0CF7036827F452A62544D555"
"npc-roles","Skeleton_Burnt_Knight_Wander","Undead/Skeleton/Skeleton_Burnt/Skeleton_Burnt_Knight_Wander","Server/NPC/Roles/Undead/Skeleton/Skeleton_Burnt/Skeleton_Burnt_Knight_Wander.json","240","2259395B5A6C772ACAAD580B8F60C29AE701E51A16D6F07FCE307647DBC56BC3"
"npc-roles","Skeleton_Burnt_Lancer","Undead/Skeleton/Skeleton_Burnt/Skeleton_Burnt_Lancer","Server/NPC/Roles/Undead/Skeleton/Skeleton_Burnt/Skeleton_Burnt_Lancer.json","2235","97505759406B02F514E98B3057A079E8D4824F639B3891DDE1E9399D72A0E27D"
"npc-roles","Skeleton_Burnt_Lancer_Patrol","Undead/Skeleton/Skeleton_Burnt/Skeleton_Burnt_Lancer_Patrol","Server/NPC/Roles/Undead/Skeleton/Skeleton_Burnt/Skeleton_Burnt_Lancer_Patrol.json","131","59ADEECBFAA3CDFAEA7B43654AE41F77E4BB675F5B78F165F3A1563BC208DB4D"
"npc-roles","Skeleton_Burnt_Lancer_Wander","Undead/Skeleton/Skeleton_Burnt/Skeleton_Burnt_Lancer_Wander","Server/NPC/Roles/Undead/Skeleton/Skeleton_Burnt/Skeleton_Burnt_Lancer_Wander.json","240","C8B64881D39FD974289CE0312466B8EEBB4371E81B8D5F3DE10C08DBD4E1E5BF"
"npc-roles","Skeleton_Burnt_Praetorian","Undead/Skeleton/Skeleton_Burnt/Skeleton_Burnt_Praetorian","Server/NPC/Roles/Undead/Skeleton/Skeleton_Burnt/Skeleton_Burnt_Praetorian.json","2305","55D51DF0A4AA3E1D73259ED00532CB61795744B6E0AABF64DC3E4C1C93AF3D69"
"npc-roles","Skeleton_Burnt_Praetorian_Patrol","Undead/Skeleton/Skeleton_Burnt/Skeleton_Burnt_Praetorian_Patrol","Server/NPC/Roles/Undead/Skeleton/Skeleton_Burnt/Skeleton_Burnt_Praetorian_Patrol.json","135","96ACA27957656562AC0FF85F2A7C1FEF079C1F44BD7A70FD6A5B1EE72D336E0A"
"npc-roles","Skeleton_Burnt_Praetorian_Wander","Undead/Skeleton/Skeleton_Burnt/Skeleton_Burnt_Praetorian_Wander","Server/NPC/Roles/Undead/Skeleton/Skeleton_Burnt/Skeleton_Burnt_Praetorian_Wander.json","244","E55073092F6608D08987104B59A91D8425C5763B29563633898D6FACC6020B0C"
"npc-roles","Skeleton_Burnt_Soldier","Undead/Skeleton/Skeleton_Burnt/Skeleton_Burnt_Soldier","Server/NPC/Roles/Undead/Skeleton/Skeleton_Burnt/Skeleton_Burnt_Soldier.json","2317","9B64B74D179D7124C51BA9E6DD781A91485CAAD7FBC18F04940050B1014EA1B1"
"npc-roles","Skeleton_Burnt_Soldier_Patrol","Undead/Skeleton/Skeleton_Burnt/Skeleton_Burnt_Soldier_Patrol","Server/NPC/Roles/Undead/Skeleton/Skeleton_Burnt/Skeleton_Burnt_Soldier_Patrol.json","132","93409A9E82CD9FE0B2205B7FD4F83CC996529FA4DD1BF39D07EB6BF9F7B2AFAD"
"npc-roles","Skeleton_Burnt_Soldier_Wander","Undead/Skeleton/Skeleton_Burnt/Skeleton_Burnt_Soldier_Wander","Server/NPC/Roles/Undead/Skeleton/Skeleton_Burnt/Skeleton_Burnt_Soldier_Wander.json","241","61EAD4AC58844DDA2856B5A2797B9F1BAA2BF8F90348AAEF53BA99655A4F5EB9"
"npc-roles","Skeleton_Burnt_Wizard","Undead/Skeleton/Skeleton_Burnt/Skeleton_Burnt_Wizard","Server/NPC/Roles/Undead/Skeleton/Skeleton_Burnt/Skeleton_Burnt_Wizard.json","2427","0B38CDC2A85E25BFD1F473D2BC8A139FA8CEE83FA11ED2A2F57455C549A2C063"
"npc-roles","Skeleton_Burnt_Wizard_Patrol","Undead/Skeleton/Skeleton_Burnt/Skeleton_Burnt_Wizard_Patrol","Server/NPC/Roles/Undead/Skeleton/Skeleton_Burnt/Skeleton_Burnt_Wizard_Patrol.json","131","A46149A170846BB576097D90E5B3D691368C15ADE98B8F8E0E5464419E9F7F14"
"npc-roles","Skeleton_Burnt_Wizard_Wander","Undead/Skeleton/Skeleton_Burnt/Skeleton_Burnt_Wizard_Wander","Server/NPC/Roles/Undead/Skeleton/Skeleton_Burnt/Skeleton_Burnt_Wizard_Wander.json","240","DDD0A71FBC259AB29C6225D5DD6F931C65E5EA3DED884971DAE1BBDC575FBB35"
"npc-roles","Skeleton_Frost_Archer","Undead/Skeleton/Skeleton_Frost/Skeleton_Frost_Archer","Server/NPC/Roles/Undead/Skeleton/Skeleton_Frost/Skeleton_Frost_Archer.json","2262","568D5DDE8E0E00FBA44BDA676020C531E65F263BDA3140B5599E9C512C8BEDC7"
"npc-roles","Skeleton_Frost_Archer_Patrol","Undead/Skeleton/Skeleton_Frost/Skeleton_Frost_Archer_Patrol","Server/NPC/Roles/Undead/Skeleton/Skeleton_Frost/Skeleton_Frost_Archer_Patrol.json","131","CC46B740D6A90F03B74609108C2C4CA6C1A7307348742219E2A6249F65ADE453"
"npc-roles","Skeleton_Frost_Archer_Wander","Undead/Skeleton/Skeleton_Frost/Skeleton_Frost_Archer_Wander","Server/NPC/Roles/Undead/Skeleton/Skeleton_Frost/Skeleton_Frost_Archer_Wander.json","240","B596ADD18AAB6B0231CC05F7DF0B9A07F609A9EB97F175890FB4E63DCB2F5133"
"npc-roles","Skeleton_Frost_Archmage","Undead/Skeleton/Skeleton_Frost/Skeleton_Frost_Archmage","Server/NPC/Roles/Undead/Skeleton/Skeleton_Frost/Skeleton_Frost_Archmage.json","2360","50DAEAAEE39D9D3250B2FDC6CD76FFAF97A241D1467BDDD960E1EBE5EB1B4068"
"npc-roles","Skeleton_Frost_Archmage_Patrol","Undead/Skeleton/Skeleton_Frost/Skeleton_Frost_Archmage_Patrol","Server/NPC/Roles/Undead/Skeleton/Skeleton_Frost/Skeleton_Frost_Archmage_Patrol.json","133","4C83B80B33E186A2BD888AE2141140804B1D8583EF62D948D800825A6FA68BD3"
"npc-roles","Skeleton_Frost_Archmage_Wander","Undead/Skeleton/Skeleton_Frost/Skeleton_Frost_Archmage_Wander","Server/NPC/Roles/Undead/Skeleton/Skeleton_Frost/Skeleton_Frost_Archmage_Wander.json","239","884F0B42DB321052C88994276C361663877476D1E5902A7B2708EDEF98A96FC0"
"npc-roles","Skeleton_Frost_Fighter","Undead/Skeleton/Skeleton_Frost/Skeleton_Frost_Fighter","Server/NPC/Roles/Undead/Skeleton/Skeleton_Frost/Skeleton_Frost_Fighter.json","2613","3B2B7E2DADFEA0E1EA74CB6B0DC83EDD7D01246C164ECD4D64C3A1F879D1DC25"
"npc-roles","Skeleton_Frost_Fighter_Patrol","Undead/Skeleton/Skeleton_Frost/Skeleton_Frost_Fighter_Patrol","Server/NPC/Roles/Undead/Skeleton/Skeleton_Frost/Skeleton_Frost_Fighter_Patrol.json","132","17E8721F35447C24BFFCAABADCC4D16FD7F5D72B8B49BA1411BD62C68B4E6E57"
"npc-roles","Skeleton_Frost_Fighter_Wander","Undead/Skeleton/Skeleton_Frost/Skeleton_Frost_Fighter_Wander","Server/NPC/Roles/Undead/Skeleton/Skeleton_Frost/Skeleton_Frost_Fighter_Wander.json","241","040C19E9C19776B229207C15EEA2BBDEB3E38F0994690FF649C88261040FF0C7"
"npc-roles","Skeleton_Frost_Knight","Undead/Skeleton/Skeleton_Frost/Skeleton_Frost_Knight","Server/NPC/Roles/Undead/Skeleton/Skeleton_Frost/Skeleton_Frost_Knight.json","2153","DB9765039DD6F03E34750E6F11C6AD604EE26ACF48292DD65F793087A37952F9"
"npc-roles","Skeleton_Frost_Knight_Patrol","Undead/Skeleton/Skeleton_Frost/Skeleton_Frost_Knight_Patrol","Server/NPC/Roles/Undead/Skeleton/Skeleton_Frost/Skeleton_Frost_Knight_Patrol.json","131","B1A9A2501845546541C307C0305F4258E4466B706BCEFF35AD26C067B7DFD60A"
"npc-roles","Skeleton_Frost_Knight_Wander","Undead/Skeleton/Skeleton_Frost/Skeleton_Frost_Knight_Wander","Server/NPC/Roles/Undead/Skeleton/Skeleton_Frost/Skeleton_Frost_Knight_Wander.json","240","EA9F2A3BA20B95DC93E19404231DCF066B3AEBFDE69A9F9CFA12CD8AE7ACF5C0"
"npc-roles","Skeleton_Frost_Mage","Undead/Skeleton/Skeleton_Frost/Skeleton_Frost_Mage","Server/NPC/Roles/Undead/Skeleton/Skeleton_Frost/Skeleton_Frost_Mage.json","2354","B7982BD6E8E57089E83FB8A2051268B396144DB929341AFCC08BFD2996434071"
"npc-roles","Skeleton_Frost_Mage_Patrol","Undead/Skeleton/Skeleton_Frost/Skeleton_Frost_Mage_Patrol","Server/NPC/Roles/Undead/Skeleton/Skeleton_Frost/Skeleton_Frost_Mage_Patrol.json","129","9DE5438590F91473453E62E713E8542DB8C1AFE573032A6C43A11AA2CA405005"
"npc-roles","Skeleton_Frost_Mage_Wander","Undead/Skeleton/Skeleton_Frost/Skeleton_Frost_Mage_Wander","Server/NPC/Roles/Undead/Skeleton/Skeleton_Frost/Skeleton_Frost_Mage_Wander.json","236","85A184BA3D0F279CD4E259A2FAAEC1C3F332E1211D1B3D028FD655EC83366732"
"npc-roles","Skeleton_Frost_Ranger","Undead/Skeleton/Skeleton_Frost/Skeleton_Frost_Ranger","Server/NPC/Roles/Undead/Skeleton/Skeleton_Frost/Skeleton_Frost_Ranger.json","2270","CBB0641EADE9F5AB09D64642CFD09E380C2812900E43E0FFDFCDB8DECB0DC156"
"npc-roles","Skeleton_Frost_Ranger_Patrol","Undead/Skeleton/Skeleton_Frost/Skeleton_Frost_Ranger_Patrol","Server/NPC/Roles/Undead/Skeleton/Skeleton_Frost/Skeleton_Frost_Ranger_Patrol.json","131","E7CB89640BB2D256B65018E52797D972B9125B27A9B742F8F4C655CF5845722F"
"npc-roles","Skeleton_Frost_Ranger_Wander","Undead/Skeleton/Skeleton_Frost/Skeleton_Frost_Ranger_Wander","Server/NPC/Roles/Undead/Skeleton/Skeleton_Frost/Skeleton_Frost_Ranger_Wander.json","240","B751C48FED0F3BE60151A39CAF0368C74F99A98C9BA838E8827B22448F4FDE10"
"npc-roles","Skeleton_Frost_Scout","Undead/Skeleton/Skeleton_Frost/Skeleton_Frost_Scout","Server/NPC/Roles/Undead/Skeleton/Skeleton_Frost/Skeleton_Frost_Scout.json","1987","445095010A57632F7BF2A197520042625036B8CE886DFF61EFFED580E69AFE8E"
"npc-roles","Skeleton_Frost_Scout_Patrol","Undead/Skeleton/Skeleton_Frost/Skeleton_Frost_Scout_Patrol","Server/NPC/Roles/Undead/Skeleton/Skeleton_Frost/Skeleton_Frost_Scout_Patrol.json","130","258D163752AF31A25F650CBE83D4A94CF222CBD00CCF907CB7C5AAD30CFE5DA6"
"npc-roles","Skeleton_Frost_Scout_Wander","Undead/Skeleton/Skeleton_Frost/Skeleton_Frost_Scout_Wander","Server/NPC/Roles/Undead/Skeleton/Skeleton_Frost/Skeleton_Frost_Scout_Wander.json","152","1CAA17355714DE89A5C44140D5F759F838039AC53AED15CE92D302F056F4873E"
"npc-roles","Skeleton_Frost_Soldier","Undead/Skeleton/Skeleton_Frost/Skeleton_Frost_Soldier","Server/NPC/Roles/Undead/Skeleton/Skeleton_Frost/Skeleton_Frost_Soldier.json","2161","13505701817833A5695C6722351C1F9B41966FAC090BD714163ED044DC864E97"
"npc-roles","Skeleton_Frost_Soldier_Patrol","Undead/Skeleton/Skeleton_Frost/Skeleton_Frost_Soldier_Patrol","Server/NPC/Roles/Undead/Skeleton/Skeleton_Frost/Skeleton_Frost_Soldier_Patrol.json","132","C004C90CC73322BA66B45C6BF8D76CDC84BB0DBCDBFE40D9290017F22D9CAC23"
"npc-roles","Skeleton_Frost_Soldier_Wander","Undead/Skeleton/Skeleton_Frost/Skeleton_Frost_Soldier_Wander","Server/NPC/Roles/Undead/Skeleton/Skeleton_Frost/Skeleton_Frost_Soldier_Wander.json","241","1F037519BC3E0A2A4FC3A74CC7CD49142C74CC70B156FFF3E7713F2A37E7C2D7"
"npc-roles","Skeleton_Incandescent_Fighter","Undead/Skeleton/Skeleton_Incandescent/Skeleton_Incandescent_Fighter","Server/NPC/Roles/Undead/Skeleton/Skeleton_Incandescent/Skeleton_Incandescent_Fighter.json","2415","6DC11938FE7405BA25542EE5C5B429E708E7DA83CA73AD21A8C3507F45D41908"
"npc-roles","Skeleton_Incandescent_Fighter_Patrol","Undead/Skeleton/Skeleton_Incandescent/Skeleton_Incandescent_Fighter_Patrol","Server/NPC/Roles/Undead/Skeleton/Skeleton_Incandescent/Skeleton_Incandescent_Fighter_Patrol.json","139","E66ED582772FD93A43812276B949D3AEF22A6B9B48D0B596E3AC50D2CF591B75"
"npc-roles","Skeleton_Incandescent_Fighter_Wander","Undead/Skeleton/Skeleton_Incandescent/Skeleton_Incandescent_Fighter_Wander","Server/NPC/Roles/Undead/Skeleton/Skeleton_Incandescent/Skeleton_Incandescent_Fighter_Wander.json","260","0796E2493B28348B96073E37D611A885D34529EE37D74EE0C4B72997349EF7AB"
"npc-roles","Skeleton_Incandescent_Footman","Undead/Skeleton/Skeleton_Incandescent/Skeleton_Incandescent_Footman","Server/NPC/Roles/Undead/Skeleton/Skeleton_Incandescent/Skeleton_Incandescent_Footman.json","2291","1871F4123E2A56DBE9C79BF6B4EBDAAD74F38204C3FD624E16184ABAE910D9A1"
"npc-roles","Skeleton_Incandescent_Footman_Patrol","Undead/Skeleton/Skeleton_Incandescent/Skeleton_Incandescent_Footman_Patrol","Server/NPC/Roles/Undead/Skeleton/Skeleton_Incandescent/Skeleton_Incandescent_Footman_Patrol.json","139","197EDA09CBE952C7B43C6E300C928C4DB14CEEEB725A3F557323D48F2698B99C"
"npc-roles","Skeleton_Incandescent_Footman_Wander","Undead/Skeleton/Skeleton_Incandescent/Skeleton_Incandescent_Footman_Wander","Server/NPC/Roles/Undead/Skeleton/Skeleton_Incandescent/Skeleton_Incandescent_Footman_Wander.json","260","16005779DAAFA3A40EACDEF4EBF1572F7CEEE7A9C44B47B6842FD3175FA58C14"
"npc-roles","Skeleton_Incandescent_Head","Undead/Skeleton/Skeleton_Incandescent/Skeleton_Incandescent_Head","Server/NPC/Roles/Undead/Skeleton/Skeleton_Incandescent/Skeleton_Incandescent_Head.json","1109","B9DE30ED36267C5F07367EEE8AA87B4540FEE93BDF10C784756EC6FB91145BE4"
"npc-roles","Skeleton_Incandescent_Mage","Undead/Skeleton/Skeleton_Incandescent/Skeleton_Incandescent_Mage","Server/NPC/Roles/Undead/Skeleton/Skeleton_Incandescent/Skeleton_Incandescent_Mage.json","2467","6DBA65D9079B8292CC44FC972C8E4E48FB7FE2A15F8ECC4C3BDEEFC18CE926D5"
"npc-roles","Skeleton_Incandescent_Mage_Patrol","Undead/Skeleton/Skeleton_Incandescent/Skeleton_Incandescent_Mage_Patrol","Server/NPC/Roles/Undead/Skeleton/Skeleton_Incandescent/Skeleton_Incandescent_Mage_Patrol.json","136","1C4A2B95022BD3DFFB6BACC07E8E0BF71287C7043820FA7873BDDF44C956F870"
"npc-roles","Skeleton_Incandescent_Mage_Wander","Undead/Skeleton/Skeleton_Incandescent/Skeleton_Incandescent_Mage_Wander","Server/NPC/Roles/Undead/Skeleton/Skeleton_Incandescent/Skeleton_Incandescent_Mage_Wander.json","257","8CBC52FAA3A01DE800A6FE959290D0CA1F59B20B5929CC60E6E69AB4BC6A524B"
"npc-roles","Skeleton_Pirate_Captain","Undead/Skeleton/Skeleton_Pirate/Skeleton_Pirate_Captain","Server/NPC/Roles/Undead/Skeleton/Skeleton_Pirate/Skeleton_Pirate_Captain.json","2167","86A89554E5B9FF926502817AB7A26BA84E937E6C2C030CFFD2E0845F14C5D733"
"npc-roles","Skeleton_Pirate_Captain_Patrol","Undead/Skeleton/Skeleton_Pirate/Skeleton_Pirate_Captain_Patrol","Server/NPC/Roles/Undead/Skeleton/Skeleton_Pirate/Skeleton_Pirate_Captain_Patrol.json","133","E24D8EC1B2F15771C2C9E72B66DB7AD06B256F6E70B26F3D66EEBC02A5162383"
"npc-roles","Skeleton_Pirate_Captain_Wander","Undead/Skeleton/Skeleton_Pirate/Skeleton_Pirate_Captain_Wander","Server/NPC/Roles/Undead/Skeleton/Skeleton_Pirate/Skeleton_Pirate_Captain_Wander.json","244","E182F5BF9FBD985BC119BDC58CF63C279DBF66D45BCA69522D9F4CF7EA36C446"
"npc-roles","Skeleton_Pirate_Gunner","Undead/Skeleton/Skeleton_Pirate/Skeleton_Pirate_Gunner","Server/NPC/Roles/Undead/Skeleton/Skeleton_Pirate/Skeleton_Pirate_Gunner.json","2270","6449DC54533D7F7E17A3E7EC1FF302E9F294D0715C68C904BBD47D6E61C3D9F0"
"npc-roles","Skeleton_Pirate_Gunner_Patrol","Undead/Skeleton/Skeleton_Pirate/Skeleton_Pirate_Gunner_Patrol","Server/NPC/Roles/Undead/Skeleton/Skeleton_Pirate/Skeleton_Pirate_Gunner_Patrol.json","132","6F63F0C4A7820BB4D385A87B3BDB9022F29EE2AEB8577C6B838B788153B4081B"
"npc-roles","Skeleton_Pirate_Gunner_Wander","Undead/Skeleton/Skeleton_Pirate/Skeleton_Pirate_Gunner_Wander","Server/NPC/Roles/Undead/Skeleton/Skeleton_Pirate/Skeleton_Pirate_Gunner_Wander.json","243","A8EC4F867E073E423CF8A609BD747BFB8FA72982F0CC9EE5815836B8F241599B"
"npc-roles","Skeleton_Pirate_Striker","Undead/Skeleton/Skeleton_Pirate/Skeleton_Pirate_Striker","Server/NPC/Roles/Undead/Skeleton/Skeleton_Pirate/Skeleton_Pirate_Striker.json","2168","D01B0A30D4E0CD6E205FA9F9359FE68992A6356D18CFC061362224CA3F8914D8"
"npc-roles","Skeleton_Pirate_Striker_Patrol","Undead/Skeleton/Skeleton_Pirate/Skeleton_Pirate_Striker_Patrol","Server/NPC/Roles/Undead/Skeleton/Skeleton_Pirate/Skeleton_Pirate_Striker_Patrol.json","133","A7687FC5ECE1E4CE4B0B115D179A10F7B446E76886C09C1C0B025E9DCE267028"
"npc-roles","Skeleton_Pirate_Striker_Wander","Undead/Skeleton/Skeleton_Pirate/Skeleton_Pirate_Striker_Wander","Server/NPC/Roles/Undead/Skeleton/Skeleton_Pirate/Skeleton_Pirate_Striker_Wander.json","244","FAC639A54F0B3EB633233AA600207F50ADBAD9BD643979427590D13BD7DA8557"
"npc-roles","Dungeon_Skeleton_Sand_Archer","Undead/Skeleton/Skeleton_Sand/Dungeon/Dungeon_Skeleton_Sand_Archer","Server/NPC/Roles/Undead/Skeleton/Skeleton_Sand/Dungeon/Dungeon_Skeleton_Sand_Archer.json","1083","6845A0E2FBDB824B15D529E80AAA3E166E8E3D25C84504D48A65D555D9C5FB27"
"npc-roles","Dungeon_Skeleton_Sand_Assassin","Undead/Skeleton/Skeleton_Sand/Dungeon/Dungeon_Skeleton_Sand_Assassin","Server/NPC/Roles/Undead/Skeleton/Skeleton_Sand/Dungeon/Dungeon_Skeleton_Sand_Assassin.json","733","5BD1DE4815CBEB2783ED74398115038B49CB9CFD9E16CD9A70ED1039A2E07E2C"
"npc-roles","Dungeon_Skeleton_Sand_Mage","Undead/Skeleton/Skeleton_Sand/Dungeon/Dungeon_Skeleton_Sand_Mage","Server/NPC/Roles/Undead/Skeleton/Skeleton_Sand/Dungeon/Dungeon_Skeleton_Sand_Mage.json","1197","32F0E915C869EA16354C4469D8D89DDEA8E23197AAE94A43E68EC6EB15EE538B"
"npc-roles","Dungeon_Skeleton_Sand_Soldier","Undead/Skeleton/Skeleton_Sand/Dungeon/Dungeon_Skeleton_Sand_Soldier","Server/NPC/Roles/Undead/Skeleton/Skeleton_Sand/Dungeon/Dungeon_Skeleton_Sand_Soldier.json","730","55C0DB919FB3C44F9480F5896D3205D65833390C62CEC704935F554FD9EBC658"
"npc-roles","Skeleton_Sand_Archer","Undead/Skeleton/Skeleton_Sand/Skeleton_Sand_Archer","Server/NPC/Roles/Undead/Skeleton/Skeleton_Sand/Skeleton_Sand_Archer.json","2254","1469E8CC811093DA50E752A27CFBAE84179F744FE2588C652902E0B51BCB73F2"
"npc-roles","Skeleton_Sand_Archer_Patrol","Undead/Skeleton/Skeleton_Sand/Skeleton_Sand_Archer_Patrol","Server/NPC/Roles/Undead/Skeleton/Skeleton_Sand/Skeleton_Sand_Archer_Patrol.json","130","56A192DCD32E7D092D501F40BB399C83A923067B3D277D2C70BADD265ADB4DCC"
"npc-roles","Skeleton_Sand_Archer_Wander","Undead/Skeleton/Skeleton_Sand/Skeleton_Sand_Archer_Wander","Server/NPC/Roles/Undead/Skeleton/Skeleton_Sand/Skeleton_Sand_Archer_Wander.json","235","73CD85946CE96A0372A840C09EE3ED475D8BF610B692D8263C369DBD4250E8A4"
"npc-roles","Skeleton_Sand_Archmage","Undead/Skeleton/Skeleton_Sand/Skeleton_Sand_Archmage","Server/NPC/Roles/Undead/Skeleton/Skeleton_Sand/Skeleton_Sand_Archmage.json","2356","6FFAAFB445C6847B638E9BD881F6F55F1EBB51E7270264D4ECA0E2AFF252A260"
"npc-roles","Skeleton_Sand_Archmage_Patrol","Undead/Skeleton/Skeleton_Sand/Skeleton_Sand_Archmage_Patrol","Server/NPC/Roles/Undead/Skeleton/Skeleton_Sand/Skeleton_Sand_Archmage_Patrol.json","132","712DA24C7A1DB2B49A527F7131E2D44D14FAB45527CC52DE7B7E5901DF1E9481"
"npc-roles","Skeleton_Sand_Archmage_Wander","Undead/Skeleton/Skeleton_Sand/Skeleton_Sand_Archmage_Wander","Server/NPC/Roles/Undead/Skeleton/Skeleton_Sand/Skeleton_Sand_Archmage_Wander.json","237","41A444A9A5E30A398B1BF0059AC36E9044DC094858D13B34FBCFD704DD8A8E03"
"npc-roles","Skeleton_Sand_Assassin","Undead/Skeleton/Skeleton_Sand/Skeleton_Sand_Assassin","Server/NPC/Roles/Undead/Skeleton/Skeleton_Sand/Skeleton_Sand_Assassin.json","2170","1AF78BF8E8C46C2912C6585D99EC1C14EAFA1497D38F5A04EDD0810D5FC79889"
"npc-roles","Skeleton_Sand_Assassin_Patrol","Undead/Skeleton/Skeleton_Sand/Skeleton_Sand_Assassin_Patrol","Server/NPC/Roles/Undead/Skeleton/Skeleton_Sand/Skeleton_Sand_Assassin_Patrol.json","132","7D54391F7103761BE616E9DD850E8C7589AD0B3B8DB715B53F9B597B89BDAFEE"
"npc-roles","Skeleton_Sand_Assassin_Wander","Undead/Skeleton/Skeleton_Sand/Skeleton_Sand_Assassin_Wander","Server/NPC/Roles/Undead/Skeleton/Skeleton_Sand/Skeleton_Sand_Assassin_Wander.json","240","16437F6914B1D5CD067721D6620FA2640B70A0D3F1302547A8EB4F079386B02B"
"npc-roles","Skeleton_Sand_Guard","Undead/Skeleton/Skeleton_Sand/Skeleton_Sand_Guard","Server/NPC/Roles/Undead/Skeleton/Skeleton_Sand/Skeleton_Sand_Guard.json","2140","8880D9B437F11ACA7934E1717070B9F6F1D41DB56A178AD53CA317A45B4D6A2B"
"npc-roles","Skeleton_Sand_Guard_Patrol","Undead/Skeleton/Skeleton_Sand/Skeleton_Sand_Guard_Patrol","Server/NPC/Roles/Undead/Skeleton/Skeleton_Sand/Skeleton_Sand_Guard_Patrol.json","129","C660B783984FAAED246DC4F6348F73639BC28CE84766E797CB9EB099188D7F97"
"npc-roles","Skeleton_Sand_Guard_Wander","Undead/Skeleton/Skeleton_Sand/Skeleton_Sand_Guard_Wander","Server/NPC/Roles/Undead/Skeleton/Skeleton_Sand/Skeleton_Sand_Guard_Wander.json","234","E001FFCED2BE19EC0082E863B4B31B1E1286DB96175445F8599A9183ECF66FB7"
"npc-roles","Skeleton_Sand_Mage","Undead/Skeleton/Skeleton_Sand/Skeleton_Sand_Mage","Server/NPC/Roles/Undead/Skeleton/Skeleton_Sand/Skeleton_Sand_Mage.json","2356","7C5F477179907AC867CCC4A9FB135CCBD5EF9F3B4FBE86C748D9A222F4466125"
"npc-roles","Skeleton_Sand_Mage_Patrol","Undead/Skeleton/Skeleton_Sand/Skeleton_Sand_Mage_Patrol","Server/NPC/Roles/Undead/Skeleton/Skeleton_Sand/Skeleton_Sand_Mage_Patrol.json","128","B0F544AD53567FE7753DA8EE84E4048BE7245F1DFBA92FBA78CBEB686A6B43C7"
"npc-roles","Skeleton_Sand_Mage_Wander","Undead/Skeleton/Skeleton_Sand/Skeleton_Sand_Mage_Wander","Server/NPC/Roles/Undead/Skeleton/Skeleton_Sand/Skeleton_Sand_Mage_Wander.json","231","EBEAFBBBA6BCDE5589789D1C39FDF69155C050162DFC9412796BFD259255458F"
"npc-roles","Skeleton_Sand_Ranger","Undead/Skeleton/Skeleton_Sand/Skeleton_Sand_Ranger","Server/NPC/Roles/Undead/Skeleton/Skeleton_Sand/Skeleton_Sand_Ranger.json","2266","9050CEAF52EE5D0F593E0A47792A807AFFFFDA7B17D806ACDFF1E96FF2291CF9"
"npc-roles","Skeleton_Sand_Ranger_Patrol","Undead/Skeleton/Skeleton_Sand/Skeleton_Sand_Ranger_Patrol","Server/NPC/Roles/Undead/Skeleton/Skeleton_Sand/Skeleton_Sand_Ranger_Patrol.json","130","C2B0EF790116FAE86104A03DD807CF8C0BD20500366C463FBAFDD2BA98140233"
"npc-roles","Skeleton_Sand_Ranger_Wander","Undead/Skeleton/Skeleton_Sand/Skeleton_Sand_Ranger_Wander","Server/NPC/Roles/Undead/Skeleton/Skeleton_Sand/Skeleton_Sand_Ranger_Wander.json","235","F3E91EABF447A14D4078F8FA5F835F4F832D74EC1CB6F21F6CB68BA10591EC99"
"npc-roles","Skeleton_Sand_Scout","Undead/Skeleton/Skeleton_Sand/Skeleton_Sand_Scout","Server/NPC/Roles/Undead/Skeleton/Skeleton_Sand/Skeleton_Sand_Scout.json","1982","70486AF73001C8D3DBDD11D1C69FF2A9E4D7FC5574D3984C78E3C8B21DEA9233"
"npc-roles","Skeleton_Sand_Scout_Patrol","Undead/Skeleton/Skeleton_Sand/Skeleton_Sand_Scout_Patrol","Server/NPC/Roles/Undead/Skeleton/Skeleton_Sand/Skeleton_Sand_Scout_Patrol.json","129","143DDEE78A780FA44AD6B048C0D10D921588550DA30CC4F62D073E7ED7A0054B"
"npc-roles","Skeleton_Sand_Scout_Wander","Undead/Skeleton/Skeleton_Sand/Skeleton_Sand_Scout_Wander","Server/NPC/Roles/Undead/Skeleton/Skeleton_Sand/Skeleton_Sand_Scout_Wander.json","151","B7C1C6FA8B7C909999BD23AACE0576E038C17999F41289E6051AEE1433CD6A9B"
"npc-roles","Skeleton_Sand_Soldier","Undead/Skeleton/Skeleton_Sand/Skeleton_Sand_Soldier","Server/NPC/Roles/Undead/Skeleton/Skeleton_Sand/Skeleton_Sand_Soldier.json","2150","59E7008CAB21BC919932FE2CE98C7DFEE837033AD0B356DC4178FB6FC8E301CC"
"npc-roles","Skeleton_Sand_Soldier_Patrol","Undead/Skeleton/Skeleton_Sand/Skeleton_Sand_Soldier_Patrol","Server/NPC/Roles/Undead/Skeleton/Skeleton_Sand/Skeleton_Sand_Soldier_Patrol.json","131","13CCF96026A22309E864EA80FC86E8C7D8061F3F1E3BA6BBFD615CB09DD6988A"
"npc-roles","Skeleton_Sand_Soldier_Wander","Undead/Skeleton/Skeleton_Sand/Skeleton_Sand_Soldier_Wander","Server/NPC/Roles/Undead/Skeleton/Skeleton_Sand/Skeleton_Sand_Soldier_Wander.json","236","E98677E37C16CC1C20FFE3B8EC3C4E66BEEF43D1CC1E1ABEB180F52B0C22CC69"
"npc-roles","Skeleton_Archer","Undead/Skeleton/Skeleton/Skeleton_Archer","Server/NPC/Roles/Undead/Skeleton/Skeleton/Skeleton_Archer.json","2225","01ACE605BA60D1D3ED59EFC2FDA013EE665BC036F7D3065F7E5B47DF7B172657"
"npc-roles","Skeleton_Archer_Patrol","Undead/Skeleton/Skeleton/Skeleton_Archer_Patrol","Server/NPC/Roles/Undead/Skeleton/Skeleton/Skeleton_Archer_Patrol.json","125","891E6E07C705436BE573F18412D5DFD21B5CD5279E41684031BDF32327B39B77"
"npc-roles","Skeleton_Archer_Wander","Undead/Skeleton/Skeleton/Skeleton_Archer_Wander","Server/NPC/Roles/Undead/Skeleton/Skeleton/Skeleton_Archer_Wander.json","222","8443B15D8FFE49B71C151FE0B128D12B81518632D5606213C594E9AA07869605"
"npc-roles","Skeleton_Archmage","Undead/Skeleton/Skeleton/Skeleton_Archmage","Server/NPC/Roles/Undead/Skeleton/Skeleton/Skeleton_Archmage.json","2330","7D3AEEED0FB78DFBB103B546714970FFD9B932CC6B4939F64BCB14A3A31DC0A4"
"npc-roles","Skeleton_Archmage_Patrol","Undead/Skeleton/Skeleton/Skeleton_Archmage_Patrol","Server/NPC/Roles/Undead/Skeleton/Skeleton/Skeleton_Archmage_Patrol.json","127","50D211E2A352923FE14D5D1F9621E67D2AC47B77675AE0D4B608B8AE713F74F3"
"npc-roles","Skeleton_Archmage_Wander","Undead/Skeleton/Skeleton/Skeleton_Archmage_Wander","Server/NPC/Roles/Undead/Skeleton/Skeleton/Skeleton_Archmage_Wander.json","221","9864B85206A28679EA9BB85282AF9B99DC6C90B5DA64032338EC53A8C7101308"
"npc-roles","Skeleton_Fighter","Undead/Skeleton/Skeleton/Skeleton_Fighter","Server/NPC/Roles/Undead/Skeleton/Skeleton/Skeleton_Fighter.json","2666","D74649D0F27096D9208ACA795224FFA0E30D52448A71F5BA047F8F803E1820D1"
"npc-roles","Skeleton_Fighter_Patrol","Undead/Skeleton/Skeleton/Skeleton_Fighter_Patrol","Server/NPC/Roles/Undead/Skeleton/Skeleton/Skeleton_Fighter_Patrol.json","126","B6E460E137C4CA53F3609F510FE21660C7F3B8E8C7E1D1964DF06466CB1FFAE7"
"npc-roles","Skeleton_Fighter_Wander","Undead/Skeleton/Skeleton/Skeleton_Fighter_Wander","Server/NPC/Roles/Undead/Skeleton/Skeleton/Skeleton_Fighter_Wander.json","459","D37F34D031D91ADA8E8A2E13C9B29239CC38C4ED1A153C9ADA70840E39BCF780"
"npc-roles","Skeleton_Knight","Undead/Skeleton/Skeleton/Skeleton_Knight","Server/NPC/Roles/Undead/Skeleton/Skeleton/Skeleton_Knight.json","2198","8C61E0F08E2E70101F037C8D37DDC0A8F27A4EAACD9BAF89C2A9D983D4413341"
"npc-roles","Skeleton_Knight_Patrol","Undead/Skeleton/Skeleton/Skeleton_Knight_Patrol","Server/NPC/Roles/Undead/Skeleton/Skeleton/Skeleton_Knight_Patrol.json","125","22935F6CEF58E52AC7494EA8A0F9BB0DC81D21207DFA54731607BCE28E4B0882"
"npc-roles","Skeleton_Knight_Wander","Undead/Skeleton/Skeleton/Skeleton_Knight_Wander","Server/NPC/Roles/Undead/Skeleton/Skeleton/Skeleton_Knight_Wander.json","222","E3242E3251DEDD4BB357BCBF2C9DC7546E423C25F0CBE9C76E601B90968A67AA"
"npc-roles","Skeleton_Mage","Undead/Skeleton/Skeleton/Skeleton_Mage","Server/NPC/Roles/Undead/Skeleton/Skeleton/Skeleton_Mage.json","2309","EBC73E0331E1D8E2B78DEA6C44764F9CDD83FD6F6D242798BF1EEE1F17F9949A"
"npc-roles","Skeleton_Mage_Patrol","Undead/Skeleton/Skeleton/Skeleton_Mage_Patrol","Server/NPC/Roles/Undead/Skeleton/Skeleton/Skeleton_Mage_Patrol.json","123","5F9D5D2812FCF16678065BFDCC97FBA553163657E369FD31B183F3073359ACF7"
"npc-roles","Skeleton_Mage_Wander","Undead/Skeleton/Skeleton/Skeleton_Mage_Wander","Server/NPC/Roles/Undead/Skeleton/Skeleton/Skeleton_Mage_Wander.json","218","62BD3CF53243F8E23334131831A7C0066A93C527C168CC55B1F0E05E4814FB38"
"npc-roles","Skeleton_Ranger","Undead/Skeleton/Skeleton/Skeleton_Ranger","Server/NPC/Roles/Undead/Skeleton/Skeleton/Skeleton_Ranger.json","2233","0F5F2F06019FB84EFB12A4DAE320E019DF44615BD9678F7AED64ACA2F702CB10"
"npc-roles","Skeleton_Ranger_Patrol","Undead/Skeleton/Skeleton/Skeleton_Ranger_Patrol","Server/NPC/Roles/Undead/Skeleton/Skeleton/Skeleton_Ranger_Patrol.json","125","E8BDA3A30A51A04BB022DFACEDA399DDFEC41D2DCF544AB71094BF633497FCAF"
"npc-roles","Skeleton_Ranger_Wander","Undead/Skeleton/Skeleton/Skeleton_Ranger_Wander","Server/NPC/Roles/Undead/Skeleton/Skeleton/Skeleton_Ranger_Wander.json","222","24229E56CA45288EB2EAC3FA3B641F40DD48649CF9541621EE50DF5AA6321DF7"
"npc-roles","Skeleton_Scout","Undead/Skeleton/Skeleton/Skeleton_Scout","Server/NPC/Roles/Undead/Skeleton/Skeleton/Skeleton_Scout.json","1957","28D93A5C856BB1965D82D33E78B173027944569D7F14ABE4F25F5F53C9AC99EE"
"npc-roles","Skeleton_Scout_Patrol","Undead/Skeleton/Skeleton/Skeleton_Scout_Patrol","Server/NPC/Roles/Undead/Skeleton/Skeleton/Skeleton_Scout_Patrol.json","124","5777D4924F5D31E019C58427120919C7BACCCE8BFB2E1A26442E7C05B165041A"
"npc-roles","Skeleton_Scout_Wander","Undead/Skeleton/Skeleton/Skeleton_Scout_Wander","Server/NPC/Roles/Undead/Skeleton/Skeleton/Skeleton_Scout_Wander.json","146","B1EED1FB1EEEC6E9C31604F2A9FF90B5A1BB87A7F64BEF135A843A675F9D4458"
"npc-roles","Skeleton_Soldier","Undead/Skeleton/Skeleton/Skeleton_Soldier","Server/NPC/Roles/Undead/Skeleton/Skeleton/Skeleton_Soldier.json","2119","F9194DF3440E4CDF9FA471CF1D7810859EA0C7766AE4E8BE3CF85088EAF6D8EB"
"npc-roles","Skeleton_Soldier_Patrol","Undead/Skeleton/Skeleton/Skeleton_Soldier_Patrol","Server/NPC/Roles/Undead/Skeleton/Skeleton/Skeleton_Soldier_Patrol.json","126","D1ADA0E7E619BF2092EE243A37CE876BEFB7C5266E9A25AF4788E9B33677B02A"
"npc-roles","Skeleton_Soldier_Wander","Undead/Skeleton/Skeleton/Skeleton_Soldier_Wander","Server/NPC/Roles/Undead/Skeleton/Skeleton/Skeleton_Soldier_Wander.json","223","19FE896EF35A87DA1AD9E88B68485D426340FCD733FCE59C50C9F4820B9F67B0"
"npc-roles","Werewolf","Undead/Werewolf","Server/NPC/Roles/Undead/Werewolf.json","1433","C08E8296AEAA4297413D827FED1C7075AAEC4B84F2E4954C923F673D6BA07E7B"
"npc-roles","Wraith","Undead/Wraith","Server/NPC/Roles/Undead/Wraith.json","1271","9C04FB84AE526A3F058F9DAF5D52691E53E53F7A16821DD560BCF286385929E0"
"npc-roles","Wraith_Lantern","Undead/Wraith_Lantern","Server/NPC/Roles/Undead/Wraith_Lantern.json","1438","70C5434D05F6C7545D2AB8D4A6E132E655B5C724524FADFA1C21CA809BFA7FCD"
"npc-roles","Zombie","Undead/Zombie/Zombie","Server/NPC/Roles/Undead/Zombie/Zombie.json","1040","697359EE15DD9C3264E4E9B93C53586D90896521093A2496AADDAB511B8990CE"
"npc-roles","Zombie_Aberrant","Undead/Zombie/Zombie_Aberrant","Server/NPC/Roles/Undead/Zombie/Zombie_Aberrant.json","1501","374DD159D3881BAE05EF3758DE7B95014CB4B11425077605FE90D1A1C30DBD0D"
"npc-roles","Zombie_Aberrant_Big","Undead/Zombie/Zombie_Aberrant_Big","Server/NPC/Roles/Undead/Zombie/Zombie_Aberrant_Big.json","1512","058EF23AB55EF3CA1E3B7CB2658014D363F0644FD178DCCB9B678B66B6B2B15B"
"npc-roles","Zombie_Aberrant_Small","Undead/Zombie/Zombie_Aberrant_Small","Server/NPC/Roles/Undead/Zombie/Zombie_Aberrant_Small.json","1518","3075FA1582454F10E6DAD5ADD47786B66E0DB62308FC1B68B5AF1BB74E7B5184"
"npc-roles","Zombie_Burnt","Undead/Zombie/Zombie_Burnt","Server/NPC/Roles/Undead/Zombie/Zombie_Burnt.json","1065","EBA7B0E9FC5E9C08BDDC986ECC19CB2784AD04620FE804784DA3F3D12C65EF6E"
"npc-roles","Zombie_Frost","Undead/Zombie/Zombie_Frost","Server/NPC/Roles/Undead/Zombie/Zombie_Frost.json","1058","7C557D09F7DB6E731941103AE5A64B87E6E0992C6535CFA9507B62B0E41D9A92"
"npc-roles","Zombie_Sand","Undead/Zombie/Zombie_Sand","Server/NPC/Roles/Undead/Zombie/Zombie_Sand.json","1060","113A0E35062C346974F6F2BC0F6853058A43607EAD7144AB3C65B529EC595868"
"npc-roles","Component_Instruction_Void_Eye_Summon","Void/Components/Component_Instruction_Void_Eye_Summon","Server/NPC/Roles/Void/Components/Component_Instruction_Void_Eye_Summon.json","2480","C3845A586FE6D69B8C30BF077A3DA3A8588FE4C9DF3CA09DF20096D012760D73"
"npc-roles","Crawler_Void","Void/Crawler_Void","Server/NPC/Roles/Void/Crawler_Void.json","1771","3B65DCF749555B153BA01636528AA7D34DCEFAEB9309667D143A12CA464FF392"
"npc-roles","Eye_Void","Void/Eye_Void","Server/NPC/Roles/Void/Eye_Void.json","584","71FF3626C9A2C0A2152E2D5AA60779DC3E712484F9390CC1795BE7A5D0AA2AC2"
"npc-roles","Larva_Void","Void/Larva_Void","Server/NPC/Roles/Void/Larva_Void.json","1255","9E745BA72848DE8694AD1642BCF31FF7E78266A48540ADA851A827C5EAEA43D9"
"npc-roles","Spawn_Void","Void/Spawn_Void","Server/NPC/Roles/Void/Spawn_Void.json","1739","EC831AC77A067AB43F082CCD2A160737EF4DACBDD5499B39D28DBDF1198FFC92"
"npc-roles","Spectre_Void","Void/Spectre_Void","Server/NPC/Roles/Void/Spectre_Void.json","31104","71C57F93B51B8F635C9901ED310430995E71BF7343984881365DA7090330D35A"
