"category","id","relativeId","archivePath","bytes","sha256"
"particle-spawners","Emitter_Orientation_Debug","_Example/Spawners/Emitter_Orientation_Debug","Server/Particles/_Example/Spawners/Emitter_Orientation_Debug.particlespawner","1049","DD3A0A1280CF364BA9A00082063A68CAEB06FD851F9A55795B5ECE495754B10A"
"particle-spawners","Emitter_Orientation_Debug_Gravity","_Example/Spawners/Emitter_Orientation_Debug_Gravity","Server/Particles/_Example/Spawners/Emitter_Orientation_Debug_Gravity.particlespawner","1911","BCF4E8AAC9DDF2DE4EC809ABB4100A56647991B070EC300F86272FFB0095EA1C"
"particle-spawners","Emitter_Orientation_None_Debug","_Example/Spawners/Emitter_Orientation_None_Debug","Server/Particles/_Example/Spawners/Emitter_Orientation_None_Debug.particlespawner","930","9FE5279D570E5754CD15B489D617F953330899DBB30893F52082253C7A578414"
"particle-spawners","Erosion_Circle","_Example/Spawners/Erosion_Circle","Server/Particles/_Example/Spawners/Erosion_Circle.particlespawner","1816","6B9F22EAEBFBB17F684C126CC363720CCCBC2684F81C8C9E06281AC6B199FF85"
"particle-spawners","Erosion_Dust","_Example/Spawners/Erosion_Dust","Server/Particles/_Example/Spawners/Erosion_Dust.particlespawner","3029","86F20754B6595BC8BE3DE5BB6E77CDF3817A5117E78A5AC4C268D7D3F67A7432"
"particle-spawners","Erosion_Model_Erode","_Example/Spawners/Erosion_Model_Erode","Server/Particles/_Example/Spawners/Erosion_Model_Erode.particlespawner","2558","23163FD96FA15490108D6474616A15D6796B00446B22E00AF9E2F9316B367C90"
"particle-spawners","Erosion_Model_Erode_Dark","_Example/Spawners/Erosion_Model_Erode_Dark","Server/Particles/_Example/Spawners/Erosion_Model_Erode_Dark.particlespawner","2558","53EBAB05AA62BF5B4C9A673D598182C2F50438FCD6CAD866FAC39BC982DA2F02"
"particle-spawners","Erosion_Test_Glow","_Example/Spawners/Erosion_Test_Glow","Server/Particles/_Example/Spawners/Erosion_Test_Glow.particlespawner","2462","E9FADB2D45D6AD8506FD23BCB76D59E45150282D74AA38149664422633E3EE06"
"particle-spawners","Example_Falling_Embers","_Example/Spawners/Example_Falling_Embers","Server/Particles/_Example/Spawners/Example_Falling_Embers.particlespawner","2925","175E14EDE270F9010617B402EA3529D11B63D5621F2E2053BA70BCEEEC03CDB9"
"particle-spawners","Example_Fireflies","_Example/Spawners/Example_Fireflies","Server/Particles/_Example/Spawners/Example_Fireflies.particlespawner","2872","6DB48B03631B0A361A96CEF6C955DAD24048648F156EF8102ADDEAA85C10B24D"
"particle-spawners","Example_Firework_Blue","_Example/Spawners/Example_Firework_Blue","Server/Particles/_Example/Spawners/Example_Firework_Blue.particlespawner","2363","2DA7FB4B4E6E54AF3F7153885D68F0B33314A07E70C39D9A54B25B66CD44163F"
"particle-spawners","Example_Fireworks_Blue_Trail","_Example/Spawners/Example_Fireworks_Blue_Trail","Server/Particles/_Example/Spawners/Example_Fireworks_Blue_Trail.particlespawner","1867","5A74C74AE66320997701D41B0949EA192C542078EA51C338D1CE755127923A07"
"particle-spawners","Example_Fireworks_Hot_Trail","_Example/Spawners/Example_Fireworks_Hot_Trail","Server/Particles/_Example/Spawners/Example_Fireworks_Hot_Trail.particlespawner","1678","6B23D75C9D9B79F136557C2113AA792C3DDFC7FD0C702190A7405A29062FE901"
"particle-spawners","Example_Glow_Front","_Example/Spawners/Example_Glow_Front","Server/Particles/_Example/Spawners/Example_Glow_Front.particlespawner","2175","F09F97851F72AA54C8787ECA6F45E95F30C267C369A5301BF74211208D2F5C67"
"particle-spawners","Example_Glow_Front_Small","_Example/Spawners/Example_Glow_Front_Small","Server/Particles/_Example/Spawners/Example_Glow_Front_Small.particlespawner","2224","1CDF92005AD9A8DB0ECBF3E0FFD16A324CEB3451BC8FE7B5D1FE372854D11260"
"particle-spawners","Example_Growing_Disk","_Example/Spawners/Example_Growing_Disk","Server/Particles/_Example/Spawners/Example_Growing_Disk.particlespawner","2499","94666291F4D5ECDA2083E7A7C8903613C4A18C06A083B27B5DEB80084F00284C"
"particle-spawners","Example_Growing_Sphere","_Example/Spawners/Example_Growing_Sphere","Server/Particles/_Example/Spawners/Example_Growing_Sphere.particlespawner","2300","7E22604413560F6A51D2CC63B914B2B39334D71FBCC694540BDEB72A1555347A"
"particle-spawners","Example_Hit_Sparks","_Example/Spawners/Example_Hit_Sparks","Server/Particles/_Example/Spawners/Example_Hit_Sparks.particlespawner","2538","0FEC746C74F2B35AF482C70AD4073BC0AE4F0127295F47A4E0A50A54270D5541"
"particle-spawners","Example_Hit_Sparks2","_Example/Spawners/Example_Hit_Sparks2","Server/Particles/_Example/Spawners/Example_Hit_Sparks2.particlespawner","2298","6C7D1DDFD9D27338BB9EDCBE236F0D99A5E65648223808294162856861C2F6ED"
"particle-spawners","Example_Projectile_Trail_Dropsdown","_Example/Spawners/Example_Projectile_Trail_Dropsdown","Server/Particles/_Example/Spawners/Example_Projectile_Trail_Dropsdown.particlespawner","2398","9561334FCA03FA0BF2652358A83425EB3DFCBA6D5A3D6FA5FC03A1F761338132"
"particle-spawners","Example_Projectile_Trail_Main","_Example/Spawners/Example_Projectile_Trail_Main","Server/Particles/_Example/Spawners/Example_Projectile_Trail_Main.particlespawner","1965","FCA4E3AD88142C0D7321D7F31159BDFC5CEA8E15D1E5AEBE19E721DEFDEBBDDC"
"particle-spawners","Example_Rectangular_Erode","_Example/Spawners/Example_Rectangular_Erode","Server/Particles/_Example/Spawners/Example_Rectangular_Erode.particlespawner","1826","990292C28FEDBA3255A4F0EACECFC97C9F3742B04DE03C5CB0DAAE66F7820305"
"particle-spawners","Example_Shield","_Example/Spawners/Example_Shield","Server/Particles/_Example/Spawners/Example_Shield.particlespawner","1986","7E5A91F3EF6EA40937B196B7176EF310DBA948E1C58FD2D958C27BB9E3093D9D"
"particle-spawners","Example_Simple","_Example/Spawners/Example_Simple","Server/Particles/_Example/Spawners/Example_Simple.particlespawner","573","58B65A3719B502D6EC82F0CC1D382923D242AB0FB7A7647566FACAE0B877E79D"
"particle-spawners","Example_Sparks_Directional","_Example/Spawners/Example_Sparks_Directional","Server/Particles/_Example/Spawners/Example_Sparks_Directional.particlespawner","2342","B0478E47E9A0B11A9BC2D98A1C7BEDF90C125E50D68600851DED1172FA39A7E0"
"particle-spawners","Example_Sphere_Sparkfall","_Example/Spawners/Example_Sphere_Sparkfall","Server/Particles/_Example/Spawners/Example_Sphere_Sparkfall.particlespawner","2005","CC3888BD9132A61ED511A4E6569AC2346491DB5CCC02764955B65FA769957F33"
"particle-spawners","Example_Sphere_SparkfallSparks","_Example/Spawners/Example_Sphere_SparkfallSparks","Server/Particles/_Example/Spawners/Example_Sphere_SparkfallSparks.particlespawner","1999","CF20F581DAF7EAA719E4EAE34E6824843CDCDE0A46D5C382814E118C80E32D8D"
"particle-spawners","Example_Spiral","_Example/Spawners/Example_Spiral","Server/Particles/_Example/Spawners/Example_Spiral.particlespawner","2465","ADD6E20474DAAB2083E8DD30EE5CC7A40C79D0B9251BA4A67CB90E0628DA2E1C"
"particle-spawners","Example_Spiral_Horizontal","_Example/Spawners/Example_Spiral_Horizontal","Server/Particles/_Example/Spawners/Example_Spiral_Horizontal.particlespawner","2417","0274FAD63EB41E664BDC07ADFAC0106E7209107FBAAAB6725FA148B18F0F0648"
"particle-spawners","Example_Square_Erode","_Example/Spawners/Example_Square_Erode","Server/Particles/_Example/Spawners/Example_Square_Erode.particlespawner","1475","06064F6958D4380E5A33B7E4E61559F738DD04FC850A82D6F7101379E176D042"
"particle-spawners","Example_Star_Flash","_Example/Spawners/Example_Star_Flash","Server/Particles/_Example/Spawners/Example_Star_Flash.particlespawner","2159","AAEEE599F888CB05B5FEC2E70E295F84DAEAA9CA4FB10B0CB2011E61DFA9E3F6"
"particle-spawners","Example_Star_Flash2","_Example/Spawners/Example_Star_Flash2","Server/Particles/_Example/Spawners/Example_Star_Flash2.particlespawner","2014","C5580D12977AF4632B96268298498D89655AE0A039153A49198119FB96977B28"
"particle-spawners","Example_Tornado","_Example/Spawners/Example_Tornado","Server/Particles/_Example/Spawners/Example_Tornado.particlespawner","2421","30810B597764FAD99E790863C21C8A75ABF492F61A223A2E517E6C05E78E8BBA"
"particle-spawners","Example_UVMotion","_Example/Spawners/Example_UVMotion","Server/Particles/_Example/Spawners/Example_UVMotion.particlespawner","906","C61929F9258799434AF74773BC6B53FB90C844BEC99956BDAF5B96A94296B0FE"
"particle-spawners","Example_Vertical_Buff","_Example/Spawners/Example_Vertical_Buff","Server/Particles/_Example/Spawners/Example_Vertical_Buff.particlespawner","2437","242DF508DD849E04A5EB79D74E9143AE9A446F1B5FE108064DB6B0D4F0AAFDA3"
"particle-spawners","Test","_Example/Spawners/Test","Server/Particles/_Example/Spawners/Test.particlespawner","2408","4897FD284223164329B64E1A79E269EF13D22CDF1E3E110BF3CD2F7C6B500D43"
"particle-spawners","Test_Spawner","_Example/Spawners/Test_Spawner","Server/Particles/_Example/Spawners/Test_Spawner.particlespawner","2925","175E14EDE270F9010617B402EA3529D11B63D5621F2E2053BA70BCEEEC03CDB9"
"particle-spawners","Cinematic_Fire_Firework_Fire","_Test/Cinematic/Cinematic/Spawners/Cinematic_Fire_Firework_Fire","Server/Particles/_Test/Cinematic/Cinematic/Spawners/Cinematic_Fire_Firework_Fire.particlespawner","2858","9AB19C22530885AA3F379938D539460A2EE2EA52475A5FB9C50B8DF72373CDE1"
"particle-spawners","Cinematic_Fire_Firework_Spiral","_Test/Cinematic/Cinematic/Spawners/Cinematic_Fire_Firework_Spiral","Server/Particles/_Test/Cinematic/Cinematic/Spawners/Cinematic_Fire_Firework_Spiral.particlespawner","3411","729918897958D8AC90484F963A04FAC13D06FAE3A4FC836B59AF2B060FA65EB8"
"particle-spawners","Cinematic_Fire_Firework_Trail","_Test/Cinematic/Cinematic/Spawners/Cinematic_Fire_Firework_Trail","Server/Particles/_Test/Cinematic/Cinematic/Spawners/Cinematic_Fire_Firework_Trail.particlespawner","1904","8327DC9B2213E81D55C58376EE3953F4B59C2A68EC9065A710400A95B995CE46"
"particle-spawners","Cinematic_Fire_Firework_Trail2","_Test/Cinematic/Cinematic/Spawners/Cinematic_Fire_Firework_Trail2","Server/Particles/_Test/Cinematic/Cinematic/Spawners/Cinematic_Fire_Firework_Trail2.particlespawner","1678","73AF5DFD7928C262D9B28591810B7C3EDC1B3CD20D8B38051CA4CC67C310D846"
"particle-spawners","Cinematic_Fire_Firework_XL_Orange","_Test/Cinematic/Cinematic/Spawners/Cinematic_Fire_Firework_XL_Orange","Server/Particles/_Test/Cinematic/Cinematic/Spawners/Cinematic_Fire_Firework_XL_Orange.particlespawner","2366","7B5CB63AC5F45B40350B71E26BC85CDC22CBFA489E0CF1A12572CAAAFEBD2691"
"particle-spawners","Cinematic_Fire_Firework_XL_Yellow","_Test/Cinematic/Cinematic/Spawners/Cinematic_Fire_Firework_XL_Yellow","Server/Particles/_Test/Cinematic/Cinematic/Spawners/Cinematic_Fire_Firework_XL_Yellow.particlespawner","2373","15234B0AF07CEA72264A198D9AAD867FEDFE380743679BAC55BC5FCD540C2563"
"particle-spawners","Cinematic_Fireworks_Red_Orange_XL","_Test/Cinematic/Cinematic/Spawners/Cinematic_Fireworks_Red_Orange_XL","Server/Particles/_Test/Cinematic/Cinematic/Spawners/Cinematic_Fireworks_Red_Orange_XL.particlespawner","2367","0FE9D3E02C60482B5EB1C7274C686E943D495EB3AC9B173186D698505AEB326A"
"particle-spawners","Cinematic_Pink_Smoke_Core","_Test/Cinematic/Cinematic/Spawners/Cinematic_Pink_Smoke_Core","Server/Particles/_Test/Cinematic/Cinematic/Spawners/Cinematic_Pink_Smoke_Core.particlespawner","2323","0491FCE36229D3C239B25FBB3E00CEECF2A4F5AA5D5AC743B777ED8EEA8017D9"
"particle-spawners","Cinematic_Pink_Smoke_Down","_Test/Cinematic/Cinematic/Spawners/Cinematic_Pink_Smoke_Down","Server/Particles/_Test/Cinematic/Cinematic/Spawners/Cinematic_Pink_Smoke_Down.particlespawner","2650","628A35738A31F0701330EBD12C97185BA37053ADEA6684F79B12DCA90DDC8BB8"
"particle-spawners","Cinematic_Pink_Smoke_Drops","_Test/Cinematic/Cinematic/Spawners/Cinematic_Pink_Smoke_Drops","Server/Particles/_Test/Cinematic/Cinematic/Spawners/Cinematic_Pink_Smoke_Drops.particlespawner","1907","D47BE20668CCEDEC50B8DD5C54BF4899BC20013E0920BD926371F89D17EA1ABD"
"particle-spawners","Cinematic_Pink_Smoke_Up","_Test/Cinematic/Cinematic/Spawners/Cinematic_Pink_Smoke_Up","Server/Particles/_Test/Cinematic/Cinematic/Spawners/Cinematic_Pink_Smoke_Up.particlespawner","2288","9D0024C29407A374A2AA6968707832B431EB2F782EB185EA5449BA911A56C1E2"
"particle-spawners","Cinematic_Portal_Appear_Glow","_Test/Cinematic/Cinematic/Spawners/Cinematic_Portal_Appear_Glow","Server/Particles/_Test/Cinematic/Cinematic/Spawners/Cinematic_Portal_Appear_Glow.particlespawner","2799","A3A77034D4AFC4334F35B3600C10C6ED74A72663BF05FE892B47D2E469F77E65"
"particle-spawners","Cinematic_Portal_Appear_L_Glow","_Test/Cinematic/Cinematic/Spawners/Cinematic_Portal_Appear_L_Glow","Server/Particles/_Test/Cinematic/Cinematic/Spawners/Cinematic_Portal_Appear_L_Glow.particlespawner","2801","2F833FA0CC64EFDA2269A66A1C20FBDAD0F780CC6C49692C2D6376A29A9F045E"
"particle-spawners","Cinematic_Portal_Appear_L_Linger_Sparks","_Test/Cinematic/Cinematic/Spawners/Cinematic_Portal_Appear_L_Linger_Sparks","Server/Particles/_Test/Cinematic/Cinematic/Spawners/Cinematic_Portal_Appear_L_Linger_Sparks.particlespawner","2260","E604A91EC0ED67787070AC41922B362201BD99FF45D6F1AC85E0C7BF2DC1958F"
"particle-spawners","Cinematic_Portal_Appear_L_Shockwave","_Test/Cinematic/Cinematic/Spawners/Cinematic_Portal_Appear_L_Shockwave","Server/Particles/_Test/Cinematic/Cinematic/Spawners/Cinematic_Portal_Appear_L_Shockwave.particlespawner","3045","89F731F45E16CEC72CBCE4E8B5B54B782EDF07295DC7836E29F8E38368648461"
"particle-spawners","Cinematic_Portal_Appear_L_Smoke","_Test/Cinematic/Cinematic/Spawners/Cinematic_Portal_Appear_L_Smoke","Server/Particles/_Test/Cinematic/Cinematic/Spawners/Cinematic_Portal_Appear_L_Smoke.particlespawner","2332","937FC1602812FF52B903463AEC46FEAB54FE52B153BFCDAE1F03F647D0995273"
"particle-spawners","Cinematic_Portal_Appear_L_Sparks","_Test/Cinematic/Cinematic/Spawners/Cinematic_Portal_Appear_L_Sparks","Server/Particles/_Test/Cinematic/Cinematic/Spawners/Cinematic_Portal_Appear_L_Sparks.particlespawner","2943","EB58977F0FA7620246E0F97C3BE753048FF3336D359BA88AF95ADA1F89BCAAF8"
"particle-spawners","Cinematic_Portal_Appear_L_Sparks2","_Test/Cinematic/Cinematic/Spawners/Cinematic_Portal_Appear_L_Sparks2","Server/Particles/_Test/Cinematic/Cinematic/Spawners/Cinematic_Portal_Appear_L_Sparks2.particlespawner","2618","2A3D7E19FE4549C45D3F2AC4CA6EB571B4105111E48FA70BEDED8024D9500169"
"particle-spawners","Cinematic_Portal_Appear_L_Sparks3","_Test/Cinematic/Cinematic/Spawners/Cinematic_Portal_Appear_L_Sparks3","Server/Particles/_Test/Cinematic/Cinematic/Spawners/Cinematic_Portal_Appear_L_Sparks3.particlespawner","2145","0861C98D51A452D5B3772C770CAF32821D562065185AE63DBC9B36011184C91B"
"particle-spawners","Cinematic_Portal_Appear_Shockwave","_Test/Cinematic/Cinematic/Spawners/Cinematic_Portal_Appear_Shockwave","Server/Particles/_Test/Cinematic/Cinematic/Spawners/Cinematic_Portal_Appear_Shockwave.particlespawner","3043","BE4F6D5962C91F25EF4969C32CDD2E2A1CF6FE56E86AD8EF8640EF9B69BA2B75"
"particle-spawners","Cinematic_Portal_Appear_Soarks2","_Test/Cinematic/Cinematic/Spawners/Cinematic_Portal_Appear_Soarks2","Server/Particles/_Test/Cinematic/Cinematic/Spawners/Cinematic_Portal_Appear_Soarks2.particlespawner","2612","EC0D43060C8EB825ABCDAA7BF05178FCA162BA8AC6F9663EEDD264EBEA5F56AA"
"particle-spawners","Cinematic_Portal_Appear_Sparks","_Test/Cinematic/Cinematic/Spawners/Cinematic_Portal_Appear_Sparks","Server/Particles/_Test/Cinematic/Cinematic/Spawners/Cinematic_Portal_Appear_Sparks.particlespawner","2931","8AB6D1FEBEE182216562A8616EF19EC48FF61AAB7983D612ECFB2BB2A7AD636D"
"particle-spawners","Cinematic_Portal_Appear_Sparks_Linger","_Test/Cinematic/Cinematic/Spawners/Cinematic_Portal_Appear_Sparks_Linger","Server/Particles/_Test/Cinematic/Cinematic/Spawners/Cinematic_Portal_Appear_Sparks_Linger.particlespawner","2258","F9419668EEB1673866834B8FDDDE2F47DC8C2B4244C7BB7D5B4C18914122E7C7"
"particle-spawners","Cinematic_Portal_Appear_Sparks3","_Test/Cinematic/Cinematic/Spawners/Cinematic_Portal_Appear_Sparks3","Server/Particles/_Test/Cinematic/Cinematic/Spawners/Cinematic_Portal_Appear_Sparks3.particlespawner","2144","99373137F562AD42C3B35E36C3477852FEDF271F0A5B54A32C09312FF6F2ADED"
"particle-spawners","Cinematic_Portal_Appear_XXL_Glow","_Test/Cinematic/Cinematic/Spawners/Cinematic_Portal_Appear_XXL_Glow","Server/Particles/_Test/Cinematic/Cinematic/Spawners/Cinematic_Portal_Appear_XXL_Glow.particlespawner","2914","3735C31CB6FFF734D142ABF6322CA83602D2AE2E11F15A761968A22755C1E914"
"particle-spawners","Cinematic_Portal_Appear_XXL_LingerSParks","_Test/Cinematic/Cinematic/Spawners/Cinematic_Portal_Appear_XXL_LingerSParks","Server/Particles/_Test/Cinematic/Cinematic/Spawners/Cinematic_Portal_Appear_XXL_LingerSParks.particlespawner","2314","4E2ACD189E11DE5C6E160F172C78CF9F652335B5BEC476893574BA9912CAB492"
"particle-spawners","Cinematic_Portal_Appear_XXL_Shockwave","_Test/Cinematic/Cinematic/Spawners/Cinematic_Portal_Appear_XXL_Shockwave","Server/Particles/_Test/Cinematic/Cinematic/Spawners/Cinematic_Portal_Appear_XXL_Shockwave.particlespawner","3133","B854F788B70FF5B4BA6078C81162A4236154A898F2440465299950535489DB90"
"particle-spawners","Cinematic_Portal_Appear_XXL_Smok2","_Test/Cinematic/Cinematic/Spawners/Cinematic_Portal_Appear_XXL_Smok2","Server/Particles/_Test/Cinematic/Cinematic/Spawners/Cinematic_Portal_Appear_XXL_Smok2.particlespawner","1899","8C77A318A47FC7A13718FC6622EBAC12F159B3DB90C87F7744EA11BA45DF120A"
"particle-spawners","Cinematic_Portal_Appear_XXL_Smoke","_Test/Cinematic/Cinematic/Spawners/Cinematic_Portal_Appear_XXL_Smoke","Server/Particles/_Test/Cinematic/Cinematic/Spawners/Cinematic_Portal_Appear_XXL_Smoke.particlespawner","2086","F9B3655B91854B33C92586CD4D633293C70181C067FEB6E59C7778E94E246667"
"particle-spawners","Cinematic_Portal_Appear_XXL_Sparks","_Test/Cinematic/Cinematic/Spawners/Cinematic_Portal_Appear_XXL_Sparks","Server/Particles/_Test/Cinematic/Cinematic/Spawners/Cinematic_Portal_Appear_XXL_Sparks.particlespawner","2145","D2CF9E5A9A9808A7CFB404769FA3D0D64E5299F5814D128B80E1D304230B2BCF"
"particle-spawners","Cinematic_Portal_Appear_XXL_Sparks2","_Test/Cinematic/Cinematic/Spawners/Cinematic_Portal_Appear_XXL_Sparks2","Server/Particles/_Test/Cinematic/Cinematic/Spawners/Cinematic_Portal_Appear_XXL_Sparks2.particlespawner","2719","2F33A3D0BF3262618374360DC24AA4DBA201B5E4C70F3007B48BE624A5B64A7E"
"particle-spawners","Cinematic_Portal_Smoke","_Test/Cinematic/Cinematic/Spawners/Cinematic_Portal_Smoke","Server/Particles/_Test/Cinematic/Cinematic/Spawners/Cinematic_Portal_Smoke.particlespawner","2149","CA09D9EAD6ECADBF4FEC60D05007C46AAFFD43AE4767BDE3509DB788E11C0CA0"
"particle-spawners","CinematicCollar_Circles","_Test/Cinematic/Cinematic/Spawners/CinematicCollar_Circles","Server/Particles/_Test/Cinematic/Cinematic/Spawners/CinematicCollar_Circles.particlespawner","2460","5D3D6A4371E9F7AA0AC6442CFA0C9FECA86B0402715BAC62FCC1E412DEBEE8DE"
"particle-spawners","CinematicCollar_Circles2","_Test/Cinematic/Cinematic/Spawners/CinematicCollar_Circles2","Server/Particles/_Test/Cinematic/Cinematic/Spawners/CinematicCollar_Circles2.particlespawner","2412","3BCF2FC31AB4A804748499CF2D2976DDD0F576E173AB2D28E3DFE01C0D376A0B"
"particle-spawners","CinematicCollar_Fire","_Test/Cinematic/Cinematic/Spawners/CinematicCollar_Fire","Server/Particles/_Test/Cinematic/Cinematic/Spawners/CinematicCollar_Fire.particlespawner","2505","485A2FFEEACA354450AF481415B7A0B9A648639201B7935E56026B0A6ED133E8"
"particle-spawners","CinematicCollar_GlowSpawn","_Test/Cinematic/Cinematic/Spawners/CinematicCollar_GlowSpawn","Server/Particles/_Test/Cinematic/Cinematic/Spawners/CinematicCollar_GlowSpawn.particlespawner","2556","C729DD215B7156FD2E237C85A210F4B845CB63A6EE5A685B3D00AF7527974366"
"particle-spawners","CinematicCollar_SPawn","_Test/Cinematic/Cinematic/Spawners/CinematicCollar_SPawn","Server/Particles/_Test/Cinematic/Cinematic/Spawners/CinematicCollar_SPawn.particlespawner","2719","6548356D7C30921CD59F4F2F0459B4DA35F4A96C4743C00788C617B70FD965B7"
"particle-spawners","CinematicCollar_Spawn2","_Test/Cinematic/Cinematic/Spawners/CinematicCollar_Spawn2","Server/Particles/_Test/Cinematic/Cinematic/Spawners/CinematicCollar_Spawn2.particlespawner","2319","84ABEC67C457E1865210412536D856E8B2107E7D0A75B89ED4F447729047B992"
"particle-spawners","HealthStick_SpinRelease_Glow","_Test/Cinematic/Hedera/Spawners/HealthStick_SpinRelease_Glow","Server/Particles/_Test/Cinematic/Hedera/Spawners/HealthStick_SpinRelease_Glow.particlespawner","1412","B71DA9EA3430B3B372080DA471E13511E365978F3F11E27368AA6B94B52B48B1"
"particle-spawners","Hedera_Item_Activate_Core","_Test/Cinematic/Hedera/Spawners/Hedera_Item_Activate_Core","Server/Particles/_Test/Cinematic/Hedera/Spawners/Hedera_Item_Activate_Core.particlespawner","2038","941FB7CDC667F8501C42C12B8AEF18A98CD10130141F5FA15041FEF2B31DAF88"
"particle-spawners","Hedera_Item_Activate_Core_Beam","_Test/Cinematic/Hedera/Spawners/Hedera_Item_Activate_Core_Beam","Server/Particles/_Test/Cinematic/Hedera/Spawners/Hedera_Item_Activate_Core_Beam.particlespawner","1788","A9E986A2DC4D1E21103683F67540AB9360174FAB66A3E3EDCB3614E117BEA9A6"
"particle-spawners","Hedera_Item_Activate_Dist","_Test/Cinematic/Hedera/Spawners/Hedera_Item_Activate_Dist","Server/Particles/_Test/Cinematic/Hedera/Spawners/Hedera_Item_Activate_Dist.particlespawner","2042","5F183A7EF97EAB9C9DD7585FD0F50D2F6751430AC5151A7A8150CEA2FB54616C"
"particle-spawners","Hedera_Item_Activate_Fireflies","_Test/Cinematic/Hedera/Spawners/Hedera_Item_Activate_Fireflies","Server/Particles/_Test/Cinematic/Hedera/Spawners/Hedera_Item_Activate_Fireflies.particlespawner","6838","1803EDC306D54FEC5E76EF111AEF997403D2FBFD9C17BC14B2E3C979F32D92B5"
"particle-spawners","Hedera_Item_Activate_Flash","_Test/Cinematic/Hedera/Spawners/Hedera_Item_Activate_Flash","Server/Particles/_Test/Cinematic/Hedera/Spawners/Hedera_Item_Activate_Flash.particlespawner","1807","7631BF5CC1D066A50D568D984CCBEB4ADFA9D90040BD59D82546FE87808AE87D"
"particle-spawners","Hedera_Item_Activate_Flash_Test","_Test/Cinematic/Hedera/Spawners/Hedera_Item_Activate_Flash_Test","Server/Particles/_Test/Cinematic/Hedera/Spawners/Hedera_Item_Activate_Flash_Test.particlespawner","2268","3FDB4B6579BD93C9926F026C39F9DF6623CA1D09781469DE8C779B5641C6FEE5"
"particle-spawners","Hedera_Item_Activate_Flash2","_Test/Cinematic/Hedera/Spawners/Hedera_Item_Activate_Flash2","Server/Particles/_Test/Cinematic/Hedera/Spawners/Hedera_Item_Activate_Flash2.particlespawner","1809","20161A098C3410F335BB7E981737C53B024164CE3CAA213101C600BED4E4CE53"
"particle-spawners","Hedera_Item_Activate_Glow","_Test/Cinematic/Hedera/Spawners/Hedera_Item_Activate_Glow","Server/Particles/_Test/Cinematic/Hedera/Spawners/Hedera_Item_Activate_Glow.particlespawner","1471","BA7F7AC17234EA40CC81FE7C708C741391478319068399DFC05A7C36E2B53E71"
"particle-spawners","Hedera_Item_Activate_GlowGround","_Test/Cinematic/Hedera/Spawners/Hedera_Item_Activate_GlowGround","Server/Particles/_Test/Cinematic/Hedera/Spawners/Hedera_Item_Activate_GlowGround.particlespawner","1454","59B16118BF29DBFF3AC8759F75AC1F98C9ED1A6F8A7913D525321AA230FF3530"
"particle-spawners","Hedera_Item_Activate_Shockwave","_Test/Cinematic/Hedera/Spawners/Hedera_Item_Activate_Shockwave","Server/Particles/_Test/Cinematic/Hedera/Spawners/Hedera_Item_Activate_Shockwave.particlespawner","1860","5A398321B999114B002DE6D6EF993D99F5ABC91CEC0C102C0B20AA6EB578F4E5"
"particle-spawners","Hedera_Tree_Fireflies2","_Test/Cinematic/Hedera/Spawners/Hedera_Tree_Fireflies2","Server/Particles/_Test/Cinematic/Hedera/Spawners/Hedera_Tree_Fireflies2.particlespawner","3473","7331D5765F2139AA133441D0F8F453AC76CF425F097A1AD446E0C6C12EC8E96B"
"particle-spawners","Portal_Ground_Hedera_Beam","_Test/Cinematic/Hedera/Spawners/Portal_Ground_Hedera_Beam","Server/Particles/_Test/Cinematic/Hedera/Spawners/Portal_Ground_Hedera_Beam.particlespawner","1427","13DCA8A777D59B963866933F53B8DE05F3FFAAB887EF5E55339820E69AADEBE4"
"particle-spawners","Portal_Ground_Hedera_Beam_Constant","_Test/Cinematic/Hedera/Spawners/Portal_Ground_Hedera_Beam_Constant","Server/Particles/_Test/Cinematic/Hedera/Spawners/Portal_Ground_Hedera_Beam_Constant.particlespawner","1744","E90A7E42A0D75A99A9C67E5CDAD9C597918FDD80813870F038578B6C84E32FEA"
"particle-spawners","Portal_Ground_Hedera_Beam_Constant2","_Test/Cinematic/Hedera/Spawners/Portal_Ground_Hedera_Beam_Constant2","Server/Particles/_Test/Cinematic/Hedera/Spawners/Portal_Ground_Hedera_Beam_Constant2.particlespawner","1812","40DE506D47475DC98AAECCA1CBBBC6A2306CF224895AC8D554661F9E0EA27336"
"particle-spawners","Portal_Ground_Hedera_Beam_Glow","_Test/Cinematic/Hedera/Spawners/Portal_Ground_Hedera_Beam_Glow","Server/Particles/_Test/Cinematic/Hedera/Spawners/Portal_Ground_Hedera_Beam_Glow.particlespawner","1896","B8658FCC53B7803268A0FD6857C7DD33572DD278ABB59294038D39522FCCC42A"
"particle-spawners","Portal_Ground_Hedera_Core","_Test/Cinematic/Hedera/Spawners/Portal_Ground_Hedera_Core","Server/Particles/_Test/Cinematic/Hedera/Spawners/Portal_Ground_Hedera_Core.particlespawner","1735","3332F661CCB65210BB88762D1766B104F7D9D3AB4F1B80CF6213CAA384FFBF13"
"particle-spawners","Portal_Ground_Hedera_Core_Spawn","_Test/Cinematic/Hedera/Spawners/Portal_Ground_Hedera_Core_Spawn","Server/Particles/_Test/Cinematic/Hedera/Spawners/Portal_Ground_Hedera_Core_Spawn.particlespawner","2038","E48F2C5F9A5416FEB625D9CC5BF4A8FBC92A050BAADCE6039D64BDE29E58D42E"
"particle-spawners","Portal_Ground_Hedera_Core_Start","_Test/Cinematic/Hedera/Spawners/Portal_Ground_Hedera_Core_Start","Server/Particles/_Test/Cinematic/Hedera/Spawners/Portal_Ground_Hedera_Core_Start.particlespawner","1789","8F01D3F722C400962E287775568AA745E15EF55ABCFC3627C70B3EB7A163FA1B"
"particle-spawners","Portal_Ground_Hedera_Core_Start2","_Test/Cinematic/Hedera/Spawners/Portal_Ground_Hedera_Core_Start2","Server/Particles/_Test/Cinematic/Hedera/Spawners/Portal_Ground_Hedera_Core_Start2.particlespawner","1915","5698FCA445088F642A58ECE3E6754F2E0B91C1EE465CA53D683AF66733958D9B"
"particle-spawners","Portal_Ground_Hedera_Core2","_Test/Cinematic/Hedera/Spawners/Portal_Ground_Hedera_Core2","Server/Particles/_Test/Cinematic/Hedera/Spawners/Portal_Ground_Hedera_Core2.particlespawner","1875","FEAECCE60E180B9D421984AAC1CC0FCE1ED9B3E8BE1BF86BE89EBBFD495EFAC4"
"particle-spawners","Portal_Ground_Hedera_Smoke","_Test/Cinematic/Hedera/Spawners/Portal_Ground_Hedera_Smoke","Server/Particles/_Test/Cinematic/Hedera/Spawners/Portal_Ground_Hedera_Smoke.particlespawner","1925","9125DC86A79AFF75029E9B8453B536056A768BA86CB4C159F056B66F78374C01"
"particle-spawners","Portal_Ground_Hedera_Sparks","_Test/Cinematic/Hedera/Spawners/Portal_Ground_Hedera_Sparks","Server/Particles/_Test/Cinematic/Hedera/Spawners/Portal_Ground_Hedera_Sparks.particlespawner","2308","65B4CCC346D9923AEA2C8C52AFBAF52FC9BDD664AACEFD587592752A274980D0"
"particle-spawners","Portal_Ground_Hedera_Sparks_Small","_Test/Cinematic/Hedera/Spawners/Portal_Ground_Hedera_Sparks_Small","Server/Particles/_Test/Cinematic/Hedera/Spawners/Portal_Ground_Hedera_Sparks_Small.particlespawner","2089","F41311D25DC61C0AFA527C2BDEE23E07D9A0C0B1F8E05134624FAFCAA9B6CFD2"
"particle-spawners","Portal_Ground_Hedera_Sparks_Xonstant","_Test/Cinematic/Hedera/Spawners/Portal_Ground_Hedera_Sparks_Xonstant","Server/Particles/_Test/Cinematic/Hedera/Spawners/Portal_Ground_Hedera_Sparks_Xonstant.particlespawner","2035","69DBD39A7186A7F6644EE58D1BC2B6939CDCEDC60693F750C08E785C0DFEC520"
"particle-spawners","Portal_Ground_Hedera_Start3","_Test/Cinematic/Hedera/Spawners/Portal_Ground_Hedera_Start3","Server/Particles/_Test/Cinematic/Hedera/Spawners/Portal_Ground_Hedera_Start3.particlespawner","1981","7B1D42F8EFD9CA4E23599655BC01BB434FDF2B5B0C4B4078BD0A4CEB9E0B000F"
"particle-spawners","Portal_Ground_Hedera_Wisps","_Test/Cinematic/Hedera/Spawners/Portal_Ground_Hedera_Wisps","Server/Particles/_Test/Cinematic/Hedera/Spawners/Portal_Ground_Hedera_Wisps.particlespawner","2588","097245616400F26A49DB0F713B77B4EC8033EF2D4062CA6B23A16CFF55FE28BA"
"particle-spawners","Portal_Hedera_Spawn2_Alpha2","_Test/Cinematic/Hedera/Spawners/Portal_Hedera_Spawn2_Alpha2","Server/Particles/_Test/Cinematic/Hedera/Spawners/Portal_Hedera_Spawn2_Alpha2.particlespawner","2004","52A3ED7FC3F3D87E8F145559C25E38D4403BF82274DC138D0AB0943CB3CBF334"
"particle-spawners","Portal_Hedera_Spawn2_Broght2","_Test/Cinematic/Hedera/Spawners/Portal_Hedera_Spawn2_Broght2","Server/Particles/_Test/Cinematic/Hedera/Spawners/Portal_Hedera_Spawn2_Broght2.particlespawner","2462","25F25478AE3E34969F6232670798C015D09A4D6D14CB5217B90AA6D56A0E05F0"
"particle-spawners","Portal_Hedera_Spawn2_Core2","_Test/Cinematic/Hedera/Spawners/Portal_Hedera_Spawn2_Core2","Server/Particles/_Test/Cinematic/Hedera/Spawners/Portal_Hedera_Spawn2_Core2.particlespawner","1739","CAD354B3EC209A18F67A470EF9AE35E2E172C83EC11DD6C33C460C5CF8CE97A1"
"particle-spawners","Portal_Hedera_Spawn2_Core3","_Test/Cinematic/Hedera/Spawners/Portal_Hedera_Spawn2_Core3","Server/Particles/_Test/Cinematic/Hedera/Spawners/Portal_Hedera_Spawn2_Core3.particlespawner","1517","157A53AFCDFC4703CD85CB2AD5278161E047EA1619A8CFAEEFAB1B329961EE7D"
"particle-spawners","Portal_Hedera_Spawn2_Dark","_Test/Cinematic/Hedera/Spawners/Portal_Hedera_Spawn2_Dark","Server/Particles/_Test/Cinematic/Hedera/Spawners/Portal_Hedera_Spawn2_Dark.particlespawner","2536","263DE9473F4289A8FB487EA480ABD8F1DE5CD579FBFCDCA274DBA9B61948F1C7"
"particle-spawners","Portal_Hedera_Spawn2_Dark2","_Test/Cinematic/Hedera/Spawners/Portal_Hedera_Spawn2_Dark2","Server/Particles/_Test/Cinematic/Hedera/Spawners/Portal_Hedera_Spawn2_Dark2.particlespawner","2463","0763C16DC16802B58DC86AF4227903B04D52DD06F6C259367E8F3CFE5500B3A4"
"particle-spawners","Portal_Hedera_Spawn2_Dist","_Test/Cinematic/Hedera/Spawners/Portal_Hedera_Spawn2_Dist","Server/Particles/_Test/Cinematic/Hedera/Spawners/Portal_Hedera_Spawn2_Dist.particlespawner","1516","D06CA516B117A411937C06C37A7CD7D4E10203FE96A525E241AA149182361783"
"particle-spawners","Portal_Hedera_Spawn2_Flash","_Test/Cinematic/Hedera/Spawners/Portal_Hedera_Spawn2_Flash","Server/Particles/_Test/Cinematic/Hedera/Spawners/Portal_Hedera_Spawn2_Flash.particlespawner","2457","5984F0211FF95BCF637B82D4BBB0FE357AD49BFDD8FF5F28BD797802E30E0236"
"particle-spawners","Portal_Hedera_Spawn2_Flash_Alpha","_Test/Cinematic/Hedera/Spawners/Portal_Hedera_Spawn2_Flash_Alpha","Server/Particles/_Test/Cinematic/Hedera/Spawners/Portal_Hedera_Spawn2_Flash_Alpha.particlespawner","2067","921CCDEE90F78347FC6A102AB0BEE3EF7DCAB584294E841BDE3A6294FB56CB85"
"particle-spawners","Portal_Hedera_Spawn2_Flash_Super","_Test/Cinematic/Hedera/Spawners/Portal_Hedera_Spawn2_Flash_Super","Server/Particles/_Test/Cinematic/Hedera/Spawners/Portal_Hedera_Spawn2_Flash_Super.particlespawner","1918","4871ED132AF523DF0CE288B37A1F8CB1ABE77C53EA956B55BE67023B07600D72"
"particle-spawners","Portal_Hedera_Spawn2_Flash2","_Test/Cinematic/Hedera/Spawners/Portal_Hedera_Spawn2_Flash2","Server/Particles/_Test/Cinematic/Hedera/Spawners/Portal_Hedera_Spawn2_Flash2.particlespawner","1914","1DAE514F3FFAED0AA751D392A2CA060CCE7E321133E2D3AA17AB72219AA4AC7D"
"particle-spawners","Portal_Hedera_Spawn2_Glow_Bright","_Test/Cinematic/Hedera/Spawners/Portal_Hedera_Spawn2_Glow_Bright","Server/Particles/_Test/Cinematic/Hedera/Spawners/Portal_Hedera_Spawn2_Glow_Bright.particlespawner","2554","37BB02FD3D463A37501E44CF2E6D68A0C7B042285D7A2A4AC7912D2743A9FA37"
"particle-spawners","Portal_Hedera_Spawn2_HotCore","_Test/Cinematic/Hedera/Spawners/Portal_Hedera_Spawn2_HotCore","Server/Particles/_Test/Cinematic/Hedera/Spawners/Portal_Hedera_Spawn2_HotCore.particlespawner","1968","8501F29E3155742AC21B44E0255376E3512ABBC2A3B0B10800820097E3034C0D"
"particle-spawners","Portal_Hedera_Spawn2_Inverse","_Test/Cinematic/Hedera/Spawners/Portal_Hedera_Spawn2_Inverse","Server/Particles/_Test/Cinematic/Hedera/Spawners/Portal_Hedera_Spawn2_Inverse.particlespawner","2460","FCB4524B6132FAA7A6E27D79D0B353E96ACD9B7CC6853221A69B3E6316C4B58E"
"particle-spawners","Portal_Hedera_Spawn2_Inverse2","_Test/Cinematic/Hedera/Spawners/Portal_Hedera_Spawn2_Inverse2","Server/Particles/_Test/Cinematic/Hedera/Spawners/Portal_Hedera_Spawn2_Inverse2.particlespawner","2468","C4918FF9584950B27DE4CD1C1281514D770BAAD6E8A4BB50DEE8197D9FCB9F88"
"particle-spawners","Portal_Hedera_Spawn2_Ray","_Test/Cinematic/Hedera/Spawners/Portal_Hedera_Spawn2_Ray","Server/Particles/_Test/Cinematic/Hedera/Spawners/Portal_Hedera_Spawn2_Ray.particlespawner","1745","7BD91B0829CA041923DFC59703069A5C57F3B1D6AF47B5F22D79072C054AA1DB"
"particle-spawners","Portal_Hedera_Spawn2_Ray_Big","_Test/Cinematic/Hedera/Spawners/Portal_Hedera_Spawn2_Ray_Big","Server/Particles/_Test/Cinematic/Hedera/Spawners/Portal_Hedera_Spawn2_Ray_Big.particlespawner","1712","FE07F232BE3C234FC92783DC80A9F652CFCCBBE8393D8AC86E16174F21CCF03F"
"particle-spawners","Portal_Hedera_Spawn2_Shocksuck","_Test/Cinematic/Hedera/Spawners/Portal_Hedera_Spawn2_Shocksuck","Server/Particles/_Test/Cinematic/Hedera/Spawners/Portal_Hedera_Spawn2_Shocksuck.particlespawner","1998","053D5E1A2D35B6FFB698E625A9D185A2266FB2139A58EDAEF20EFF5B4D5B9406"
"particle-spawners","Portal_Hedera_Spawn2_Shockwave2","_Test/Cinematic/Hedera/Spawners/Portal_Hedera_Spawn2_Shockwave2","Server/Particles/_Test/Cinematic/Hedera/Spawners/Portal_Hedera_Spawn2_Shockwave2.particlespawner","1827","72B7B65156B320946392F8963BC3A38F72DDDA5DA593BA6C890C751259BCD8BC"
"particle-spawners","Portal_Hedera_Spawn2_Smoke","_Test/Cinematic/Hedera/Spawners/Portal_Hedera_Spawn2_Smoke","Server/Particles/_Test/Cinematic/Hedera/Spawners/Portal_Hedera_Spawn2_Smoke.particlespawner","2393","17862123C457FB646045F6F03ECCDD041A3F08020FF2836363E7D4DA4AB1DA41"
"particle-spawners","Portal_Hedera_Spawn2_Smoke_Sucking","_Test/Cinematic/Hedera/Spawners/Portal_Hedera_Spawn2_Smoke_Sucking","Server/Particles/_Test/Cinematic/Hedera/Spawners/Portal_Hedera_Spawn2_Smoke_Sucking.particlespawner","2521","CCAFA46FBDACBFFFE9FB7F5E2C87FC9313F8B907DA103AF360356D7DC816F874"
"particle-spawners","Portal_Hedera_Spawn2_Vortex","_Test/Cinematic/Hedera/Spawners/Portal_Hedera_Spawn2_Vortex","Server/Particles/_Test/Cinematic/Hedera/Spawners/Portal_Hedera_Spawn2_Vortex.particlespawner","1438","B4754FAA4703FC2590438DDCE0898F11320BB91A61526FC46F2BCE85E185B396"
"particle-spawners","Portal_Hedera_Spawn3_Dark_Core","_Test/Cinematic/Hedera/Spawners/Portal_Hedera_Spawn3_Dark_Core","Server/Particles/_Test/Cinematic/Hedera/Spawners/Portal_Hedera_Spawn3_Dark_Core.particlespawner","2109","7904432D116158E89CAFDF3EEDED15B5342C08C37529D20CF1CC3EE46924DAD7"
"particle-spawners","Portal_Hedera_Spawn3_Dist","_Test/Cinematic/Hedera/Spawners/Portal_Hedera_Spawn3_Dist","Server/Particles/_Test/Cinematic/Hedera/Spawners/Portal_Hedera_Spawn3_Dist.particlespawner","2017","94E51A545EB01081F89FFB579FC238ED95062BBB241812C2A9A14335E1E0AB5A"
"particle-spawners","Portal_Hedera_Spawn3_Dist2","_Test/Cinematic/Hedera/Spawners/Portal_Hedera_Spawn3_Dist2","Server/Particles/_Test/Cinematic/Hedera/Spawners/Portal_Hedera_Spawn3_Dist2.particlespawner","2025","760600160F904288A6D95E5D5C02CD013172728CAA5C65EDC98423F56819BFD7"
"particle-spawners","Portal_Hedera_Spawn3_SmokeOut","_Test/Cinematic/Hedera/Spawners/Portal_Hedera_Spawn3_SmokeOut","Server/Particles/_Test/Cinematic/Hedera/Spawners/Portal_Hedera_Spawn3_SmokeOut.particlespawner","2389","F255F2674D7D0AD42095C1684F84FA6788BBF2060E3B3813EEA1C00D098E4813"
"particle-spawners","Portal_Hedera_Spawn3_Sparks","_Test/Cinematic/Hedera/Spawners/Portal_Hedera_Spawn3_Sparks","Server/Particles/_Test/Cinematic/Hedera/Spawners/Portal_Hedera_Spawn3_Sparks.particlespawner","2380","E499D7934F1AFCA539BAD428C90613046D970D2807E35C013278953D6FE258DF"
"particle-spawners","Sauce_Splash_Drops","_Test/Cinematic/Pizza/Sauce_Splash_Drops","Server/Particles/_Test/Cinematic/Pizza/Sauce_Splash_Drops.particlespawner","1976","8825D25B6299E3863538933EAEED983575B208A0DC74F10DA850D1890A4AC41F"
"particle-spawners","Sauce_Splash_Drops2","_Test/Cinematic/Pizza/Sauce_Splash_Drops2","Server/Particles/_Test/Cinematic/Pizza/Sauce_Splash_Drops2.particlespawner","2465","44F5946D2759B8D14FB42647B2481CACECB0A3B92258583C7A7397DD38522F13"
"particle-spawners","Sauce_Splash_Puddle","_Test/Cinematic/Pizza/Sauce_Splash_Puddle","Server/Particles/_Test/Cinematic/Pizza/Sauce_Splash_Puddle.particlespawner","1722","F00BE01E5BA8C240C2CED903C55988C1FA9157798953516597A42885016FCFC1"
"particle-spawners","Sauce_Splash_Stream","_Test/Cinematic/Pizza/Sauce_Splash_Stream","Server/Particles/_Test/Cinematic/Pizza/Sauce_Splash_Stream.particlespawner","2560","F134A0CB72BB58014462A0B30929EE9F4249342F71A4DCDC76C442EB5BCB66A4"
"particle-spawners","Sauce_Splash_Stream2","_Test/Cinematic/Pizza/Sauce_Splash_Stream2","Server/Particles/_Test/Cinematic/Pizza/Sauce_Splash_Stream2.particlespawner","2334","467730C2BD65F888AE4BAD9E7F0A4CF8B0D7C04460D27CBDDF964AD05D11FB3F"
"particle-spawners","Dance_Light_NoControl_Ray","_Test/Dance/Spawners/Dance_Light_NoControl_Ray","Server/Particles/_Test/Dance/Spawners/Dance_Light_NoControl_Ray.particlespawner","1778","81431A8171366749D3B0791CA4B09D67576EBC17A96C0F4E592F5E51A96D39C7"
"particle-spawners","Dance_Light_Player_Ray","_Test/Dance/Spawners/Dance_Light_Player_Ray","Server/Particles/_Test/Dance/Spawners/Dance_Light_Player_Ray.particlespawner","1798","C773414CA0F4A0CB8512089D78DED23DF3C8FD4A5270881C6B2F907469BBF033"
"particle-spawners","Dance_Light_Player_Sparks","_Test/Dance/Spawners/Dance_Light_Player_Sparks","Server/Particles/_Test/Dance/Spawners/Dance_Light_Player_Sparks.particlespawner","1834","BE7A75143D566513979C93BD00CB24C37FE48EB736F7360D18AA73BB41DDD0BE"
"particle-spawners","Dance_Lights_Floor","_Test/Dance/Spawners/Dance_Lights_Floor","Server/Particles/_Test/Dance/Spawners/Dance_Lights_Floor.particlespawner","1765","5AAF092C46FCC6E37988D9BCF320567020FE8D8C6F26127CE82A2852308FF94F"
"particle-spawners","Dance_Lights_Floor_Glow","_Test/Dance/Spawners/Dance_Lights_Floor_Glow","Server/Particles/_Test/Dance/Spawners/Dance_Lights_Floor_Glow.particlespawner","1293","9497A94B1949554A3F79706604ADE206FB15D0CEA56D6FB13FFBD03277CE5AEC"
"particle-spawners","Dance_Lights_Floor2","_Test/Dance/Spawners/Dance_Lights_Floor2","Server/Particles/_Test/Dance/Spawners/Dance_Lights_Floor2.particlespawner","1492","0AD111979631A10D37CEB6268A5128296C32D07CCB83A7134A801AB59BD1B993"
"particle-spawners","Dance_Lights_Ray","_Test/Dance/Spawners/Dance_Lights_Ray","Server/Particles/_Test/Dance/Spawners/Dance_Lights_Ray.particlespawner","1782","954FB7B9B4C639B85CAC4E7C48628F2065F84B4E2AE940B9692B53334F4B20E6"
"particle-spawners","Dance_Lights_Sparks","_Test/Dance/Spawners/Dance_Lights_Sparks","Server/Particles/_Test/Dance/Spawners/Dance_Lights_Sparks.particlespawner","1835","440E04210672A40EB596C45563F09D076B9D36FD69A149B4FFC9CEC0B34C88F4"
"particle-spawners","Dance_Lights_Sparks_Squares","_Test/Dance/Spawners/Dance_Lights_Sparks_Squares","Server/Particles/_Test/Dance/Spawners/Dance_Lights_Sparks_Squares.particlespawner","1925","355F3A02EDA794F7CDB0772FE9A790136592E7F6761350557E5C06C656E5E163"
"particle-spawners","Dance_Lights_Spot","_Test/Dance/Spawners/Dance_Lights_Spot","Server/Particles/_Test/Dance/Spawners/Dance_Lights_Spot.particlespawner","1114","62AD17FE7FACEB2790FC89DB7E8D58B0FD8BA5748F225856DC09B399E38B6256"
"particle-spawners","Debug_Embers","_Test/Debug/Spawners/Debug_Embers","Server/Particles/_Test/Debug/Spawners/Debug_Embers.particlespawner","2536","7E8643A8BF45F0BCB72B73C6064AF1BEB627952E56B0437C90470AFB054EA151"
"particle-spawners","Debug_Rays","_Test/Debug/Spawners/Debug_Rays","Server/Particles/_Test/Debug/Spawners/Debug_Rays.particlespawner","2202","EF0F5FA53121395A057D114DDFDBCEC494B954243A52A75AAE4E9612CFC5F4AB"
"particle-spawners","Creative_Switch_Flash","_Test/Editor/Spawners/Creative_Switch_Flash","Server/Particles/_Test/Editor/Spawners/Creative_Switch_Flash.particlespawner","2636","AF59264DC4F54864652C5CDBD481944D977413EE8E96F0126F138FA2D3CC4A81"
"particle-spawners","Creative_Switch_Flash2","_Test/Editor/Spawners/Creative_Switch_Flash2","Server/Particles/_Test/Editor/Spawners/Creative_Switch_Flash2.particlespawner","1944","06E9C2983D0BA35B1C524AAB50ECDA2E21A7EBAD5AACBFB13916A0E644EDBFF8"
"particle-spawners","Creative_Switch_Mist","_Test/Editor/Spawners/Creative_Switch_Mist","Server/Particles/_Test/Editor/Spawners/Creative_Switch_Mist.particlespawner","2112","3800D1930A20AFF6A0ED3DBCD067C090E89C4F92A420879AFEF0A1A6FB6D5D47"
"particle-spawners","Creative_Switch_Outline_Sparks","_Test/Editor/Spawners/Creative_Switch_Outline_Sparks","Server/Particles/_Test/Editor/Spawners/Creative_Switch_Outline_Sparks.particlespawner","1700","237A89BD5A6AF20CE8A2987E1818E65F9BD17ED7AEB1E880ABB7B85CE6B929ED"
"particle-spawners","Editor_Tool_PyramidErosion","_Test/Editor/Spawners/Editor_Tool_PyramidErosion","Server/Particles/_Test/Editor/Spawners/Editor_Tool_PyramidErosion.particlespawner","1045","32E6FB2AE5F932E5BB32CF39BF50A063868777D1BD6980F6912F503DA340C59D"
"particle-spawners","EditorTool_Cube","_Test/Editor/Spawners/EditorTool_Cube","Server/Particles/_Test/Editor/Spawners/EditorTool_Cube.particlespawner","1427","7B87AE99508E09170AED660D4062034E51EF6DE6CE06D71B1E84B7DB0A0262B5"
"particle-spawners","EditorTool_CubeGlow","_Test/Editor/Spawners/EditorTool_CubeGlow","Server/Particles/_Test/Editor/Spawners/EditorTool_CubeGlow.particlespawner","1594","726469652062DDD20F204612BEC8925174308DC9390737DC8BD3C9035201BFE6"
"particle-spawners","EditorTool_Cylinder_In","_Test/Editor/Spawners/EditorTool_Cylinder_In","Server/Particles/_Test/Editor/Spawners/EditorTool_Cylinder_In.particlespawner","1203","CA6489C5F8181920054DF7624FEC46438B0AD2D425C5CA6F2DFDDE925296082D"
"particle-spawners","EditorTool_Cylnder_Alpha","_Test/Editor/Spawners/EditorTool_Cylnder_Alpha","Server/Particles/_Test/Editor/Spawners/EditorTool_Cylnder_Alpha.particlespawner","1054","8906A8D895C6EF985E70B47EDC00CFA652B716D67B5C6EB249EBD674C240DE87"
"particle-spawners","EditorTool_Displacement_Sparks1","_Test/Editor/Spawners/EditorTool_Displacement_Sparks1","Server/Particles/_Test/Editor/Spawners/EditorTool_Displacement_Sparks1.particlespawner","2170","1701D120FB36FEB8AC5CC9011CD515A09B2D62859FFA5F0E0F1388FD3FD0DFDC"
"particle-spawners","EditorTool_Displacement_SparksMinus","_Test/Editor/Spawners/EditorTool_Displacement_SparksMinus","Server/Particles/_Test/Editor/Spawners/EditorTool_Displacement_SparksMinus.particlespawner","2172","2B0CDA2C792385FC01C338C78D11844BED1E7D85E547A8FA6344B83A456FAD9D"
"particle-spawners","EditorTool_Paint_Circles","_Test/Editor/Spawners/EditorTool_Paint_Circles","Server/Particles/_Test/Editor/Spawners/EditorTool_Paint_Circles.particlespawner","1876","49CD1F231B953F418542819765AE889B95FBEE10E603FE5734B82F3BC7F7A2B5"
"particle-spawners","EditorTool_Paint_Cube_In","_Test/Editor/Spawners/EditorTool_Paint_Cube_In","Server/Particles/_Test/Editor/Spawners/EditorTool_Paint_Cube_In.particlespawner","1201","8772ADA6D698330F01D4E4C1464A19DA04DE11EC24905992578B1764803437E4"
"particle-spawners","EditorTool_Paint_Equiped_Icon","_Test/Editor/Spawners/EditorTool_Paint_Equiped_Icon","Server/Particles/_Test/Editor/Spawners/EditorTool_Paint_Equiped_Icon.particlespawner","1321","38B02B1096687E76FB637469D1681724BE45247F35321A020396F9013C5D3646"
"particle-spawners","EditorTool_Paint_Equiped_Smoke","_Test/Editor/Spawners/EditorTool_Paint_Equiped_Smoke","Server/Particles/_Test/Editor/Spawners/EditorTool_Paint_Equiped_Smoke.particlespawner","2146","2C33383CAC4C236E079D2A1C79FE3DE74093A695C290B41395BB4B564E6DB1BC"
"particle-spawners","EditorTool_Paint_Palette","_Test/Editor/Spawners/EditorTool_Paint_Palette","Server/Particles/_Test/Editor/Spawners/EditorTool_Paint_Palette.particlespawner","1571","5E0F34E9EC5615E2406C03AA6494D5B92F87F5058E51B73518EB76BCB8AAEE4D"
"particle-spawners","EditorTool_Paint_Ray","_Test/Editor/Spawners/EditorTool_Paint_Ray","Server/Particles/_Test/Editor/Spawners/EditorTool_Paint_Ray.particlespawner","2032","72079F22DE3FE8C72B7118FBC2201CC388BAEF92A722B7648EC7999B0E64A653"
"particle-spawners","EditorTool_Paint_Runes","_Test/Editor/Spawners/EditorTool_Paint_Runes","Server/Particles/_Test/Editor/Spawners/EditorTool_Paint_Runes.particlespawner","1801","8DC485270CFD7E0D47B581370B9DBFF5D19C5850A6853463C570C29455E40800"
"particle-spawners","EditorTool_Paint_Sparks","_Test/Editor/Spawners/EditorTool_Paint_Sparks","Server/Particles/_Test/Editor/Spawners/EditorTool_Paint_Sparks.particlespawner","2401","E8D5ED4E6BC9E2B9A5588AC06570C36F596F8590D8A07F20AB1D7AB777DE836F"
"particle-spawners","EditorTool_Paint_Sparks_Minus","_Test/Editor/Spawners/EditorTool_Paint_Sparks_Minus","Server/Particles/_Test/Editor/Spawners/EditorTool_Paint_Sparks_Minus.particlespawner","2301","5E25B08605C8FC8FC16B5B7ED44856B0028F7FF819CD4B51E7752BEB8E7CFAA2"
"particle-spawners","EditorTool_Paint_Sparks_Plus","_Test/Editor/Spawners/EditorTool_Paint_Sparks_Plus","Server/Particles/_Test/Editor/Spawners/EditorTool_Paint_Sparks_Plus.particlespawner","2566","7DFA2EDD67C01C8F80E5E14B4D866FC23C66E01F23672FE3761F501410F7AE58"
"particle-spawners","EditorTool_Paint_Sparks_Plus_TP","_Test/Editor/Spawners/EditorTool_Paint_Sparks_Plus_TP","Server/Particles/_Test/Editor/Spawners/EditorTool_Paint_Sparks_Plus_TP.particlespawner","2556","B8B84282C32D15A1CC58A7DB456DD8FCB127E1249B8B4BDA24840953A96FDBB4"
"particle-spawners","EditorTool_Paint_Sparks_PlusY","_Test/Editor/Spawners/EditorTool_Paint_Sparks_PlusY","Server/Particles/_Test/Editor/Spawners/EditorTool_Paint_Sparks_PlusY.particlespawner","2397","DBD31D14B00C5553E515D7BFF45FB74FBA5B9E0AAD54A09C8986EC58415C0D49"
"particle-spawners","EditorTool_Paint_Sparks1","_Test/Editor/Spawners/EditorTool_Paint_Sparks1","Server/Particles/_Test/Editor/Spawners/EditorTool_Paint_Sparks1.particlespawner","2050","2354A51FAEB2C747C3E4E695C3980349C369DBE2BB2E04E1BE3530BCFF50BB5B"
"particle-spawners","EditorTool_Paint_Sparks1Minus","_Test/Editor/Spawners/EditorTool_Paint_Sparks1Minus","Server/Particles/_Test/Editor/Spawners/EditorTool_Paint_Sparks1Minus.particlespawner","2050","D07A6FACE81F6B58E2160E15B791166FB1407865BD27D571C8DFD29237F1C1DB"
"particle-spawners","EditorTool_Paint_Sparks2","_Test/Editor/Spawners/EditorTool_Paint_Sparks2","Server/Particles/_Test/Editor/Spawners/EditorTool_Paint_Sparks2.particlespawner","1996","4ED3BE7391A3CC9DE7CAD049C432F09BD8B830D32B96B3FB87A1F48023942AF0"
"particle-spawners","EditorTool_Paint_Sparks2Minus","_Test/Editor/Spawners/EditorTool_Paint_Sparks2Minus","Server/Particles/_Test/Editor/Spawners/EditorTool_Paint_Sparks2Minus.particlespawner","1996","3A05F3477509CCE937D9390AE9826F7B8ABD569941F781D51E93B37EA17B2F53"
"particle-spawners","EditorTool_Paint_Sparks3","_Test/Editor/Spawners/EditorTool_Paint_Sparks3","Server/Particles/_Test/Editor/Spawners/EditorTool_Paint_Sparks3.particlespawner","2143","87ED6FCA742E92D728A0FDE3E7923B1A9A1B481DE935388536D85A569224627C"
"particle-spawners","EditorTool_Paint_Sparks4","_Test/Editor/Spawners/EditorTool_Paint_Sparks4","Server/Particles/_Test/Editor/Spawners/EditorTool_Paint_Sparks4.particlespawner","2142","EBE4448B1F09AA6DFF4780020A6A3C765F17667C38311D750463A48DD1D439C8"
"particle-spawners","EditorTool_Paint_Sparks5","_Test/Editor/Spawners/EditorTool_Paint_Sparks5","Server/Particles/_Test/Editor/Spawners/EditorTool_Paint_Sparks5.particlespawner","2035","E24E36E99ADE10F48BBF63EE29786A6F22E23F133A571A127416D3CAD2BFB787"
"particle-spawners","EditorTool_Palete_Cube","_Test/Editor/Spawners/EditorTool_Palete_Cube","Server/Particles/_Test/Editor/Spawners/EditorTool_Palete_Cube.particlespawner","1170","688361DEC9853EAB9B5060486CB72EFED284D3EE7ED60982984C6FEE3C3B1529"
"particle-spawners","EditorTool_Palete_Cube2","_Test/Editor/Spawners/EditorTool_Palete_Cube2","Server/Particles/_Test/Editor/Spawners/EditorTool_Palete_Cube2.particlespawner","1145","96053159C94B2BDCD3881F874444491E8CE9AC2048E7C450B7759999C70ED7D5"
"particle-spawners","EditorTool_Palete_Cylinder","_Test/Editor/Spawners/EditorTool_Palete_Cylinder","Server/Particles/_Test/Editor/Spawners/EditorTool_Palete_Cylinder.particlespawner","1143","15A80CADE760EAF97AF534995510AC0F537B3A47D8321DF27C30BFD43C9D4FDE"
"particle-spawners","EditorTool_Palete_Pyramid2","_Test/Editor/Spawners/EditorTool_Palete_Pyramid2","Server/Particles/_Test/Editor/Spawners/EditorTool_Palete_Pyramid2.particlespawner","1168","8A841AE58A02EB2B7315FFECFF890FE4D25ACB3B013439DFA984DD5976273442"
"particle-spawners","EditorTool_Palete_Sphere","_Test/Editor/Spawners/EditorTool_Palete_Sphere","Server/Particles/_Test/Editor/Spawners/EditorTool_Palete_Sphere.particlespawner","1145","1C073F0D34640C32A1F3558CB9A2C336F4DBA1129EADCB172E45772A3C9E3DE6"
"particle-spawners","EditorTool_Palette_Minus","_Test/Editor/Spawners/EditorTool_Palette_Minus","Server/Particles/_Test/Editor/Spawners/EditorTool_Palette_Minus.particlespawner","1187","428A68B82FF20CA6CF429BE3925351D1E0B6AB29FF7D9FFA7313940C5D335C7A"
"particle-spawners","EditorTool_Palette_Pyramid","_Test/Editor/Spawners/EditorTool_Palette_Pyramid","Server/Particles/_Test/Editor/Spawners/EditorTool_Palette_Pyramid.particlespawner","1168","BF541DC079E42BB136455B010240C2C60B32D41E83A24FF8869804B5C5D5308F"
"particle-spawners","EditorTool_Place_Ground_Sparks","_Test/Editor/Spawners/EditorTool_Place_Ground_Sparks","Server/Particles/_Test/Editor/Spawners/EditorTool_Place_Ground_Sparks.particlespawner","1628","3DFF48D00DFC6A7F77AE746DC123C15BD35C771C1BA05610D07BE0A4B4E19612"
"particle-spawners","EditorTool_Place_Ground_Sparks2","_Test/Editor/Spawners/EditorTool_Place_Ground_Sparks2","Server/Particles/_Test/Editor/Spawners/EditorTool_Place_Ground_Sparks2.particlespawner","2065","100C5ECFC6CA3039379DB285EF1E96EAC70ECD16305541860AA1841ABBF5B382"
"particle-spawners","EditorTool_Place_Ground_Sparks3","_Test/Editor/Spawners/EditorTool_Place_Ground_Sparks3","Server/Particles/_Test/Editor/Spawners/EditorTool_Place_Ground_Sparks3.particlespawner","2070","A326B601A581D5E1C1138B1BAE6B959C00EF282986060F105CCD37691B370F0D"
"particle-spawners","EditorTool_Place_Ground_Sparks4","_Test/Editor/Spawners/EditorTool_Place_Ground_Sparks4","Server/Particles/_Test/Editor/Spawners/EditorTool_Place_Ground_Sparks4.particlespawner","2043","2E6DF42033BAA3A7AC8EF49CB90AA8678CE1FF71511EAF2FD333559CF8F2ACA4"
"particle-spawners","EditorTool_Place_Ground_Sparks5","_Test/Editor/Spawners/EditorTool_Place_Ground_Sparks5","Server/Particles/_Test/Editor/Spawners/EditorTool_Place_Ground_Sparks5.particlespawner","2012","7360A71FEACBDF91B7F506A1FC4B757CE3C9D87EECC2C5E294B798A673F58ED1"
"particle-spawners","EditorTool_Place_Ground_Sparks6","_Test/Editor/Spawners/EditorTool_Place_Ground_Sparks6","Server/Particles/_Test/Editor/Spawners/EditorTool_Place_Ground_Sparks6.particlespawner","2443","911EA911D2B7959D085B96FDEB1E5192489DBC79AFCAFD63B9AA508D979889E5"
"particle-spawners","EditorTool_Place_Ground_Sparks7","_Test/Editor/Spawners/EditorTool_Place_Ground_Sparks7","Server/Particles/_Test/Editor/Spawners/EditorTool_Place_Ground_Sparks7.particlespawner","2157","3D8BA7F61A0180E535D924EAC90816193A0CE723D1FCE96F1D02FDCDE9481E84"
"particle-spawners","EditorTool_Place_Ground_Sparks71","_Test/Editor/Spawners/EditorTool_Place_Ground_Sparks71","Server/Particles/_Test/Editor/Spawners/EditorTool_Place_Ground_Sparks71.particlespawner","1811","74532D2AAB96B8DDE42C43A92B333F41484FA17669080A147BDE27DD1CB5D147"
"particle-spawners","EditorTool_Place_GroundOutline","_Test/Editor/Spawners/EditorTool_Place_GroundOutline","Server/Particles/_Test/Editor/Spawners/EditorTool_Place_GroundOutline.particlespawner","1608","2779BD64CED2EC16B5C6790D78877DC0E288523CD9344A277076B4C8A4F29913"
"particle-spawners","EditorTool_Place_Sparks8","_Test/Editor/Spawners/EditorTool_Place_Sparks8","Server/Particles/_Test/Editor/Spawners/EditorTool_Place_Sparks8.particlespawner","2452","DCF0D181720E95F756464AE58ACCFA83E9F7A14F31894258F97BCBA47BFAB19C"
"particle-spawners","EditorTool_Place_Sparks9","_Test/Editor/Spawners/EditorTool_Place_Sparks9","Server/Particles/_Test/Editor/Spawners/EditorTool_Place_Sparks9.particlespawner","2520","73852B9C7B13E9A755D01BD32912453E400CED5F70E1556B33070F334E0E2845"
"particle-spawners","EditorTool_Pyramid","_Test/Editor/Spawners/EditorTool_Pyramid","Server/Particles/_Test/Editor/Spawners/EditorTool_Pyramid.particlespawner","1123","75A5D78B77A9BD9437CB0F4652790E856CB861A24CD933CE1FAC78F49C1FBF0A"
"particle-spawners","EditorTool_Pyramid_Alpha","_Test/Editor/Spawners/EditorTool_Pyramid_Alpha","Server/Particles/_Test/Editor/Spawners/EditorTool_Pyramid_Alpha.particlespawner","1054","2950912F656586505DDDAEDE992FD6C83071B08922A482427C7C358EE9C9F54A"
"particle-spawners","EditorTool_Pyramid_Out","_Test/Editor/Spawners/EditorTool_Pyramid_Out","Server/Particles/_Test/Editor/Spawners/EditorTool_Pyramid_Out.particlespawner","1303","131B3F8BEEF28082A962A1F8D404D6A46A4D7D4FB96A0FAADA0030A9C46E40A3"
"particle-spawners","EditorTool_Smoke_Minus","_Test/Editor/Spawners/EditorTool_Smoke_Minus","Server/Particles/_Test/Editor/Spawners/EditorTool_Smoke_Minus.particlespawner","2200","D52FB8CADC327FEACFE4D7DDA046EB015A6EC208E22EB1DF17B03B38EF57DC12"
"particle-spawners","EditorTool_Sparks_Minus","_Test/Editor/Spawners/EditorTool_Sparks_Minus","Server/Particles/_Test/Editor/Spawners/EditorTool_Sparks_Minus.particlespawner","2429","87F180F16D6A33856AFC05CD121433146F55E64141E7CC26E650AB1965C529B5"
"particle-spawners","EditorTool_Sparks6","_Test/Editor/Spawners/EditorTool_Sparks6","Server/Particles/_Test/Editor/Spawners/EditorTool_Sparks6.particlespawner","2352","4001A907698DFF982684BA155ACAFDB87B4686D6EFD0B9B1FAFB9CCD9611AB3F"
"particle-spawners","EditorTool_SparksWisps","_Test/Editor/Spawners/EditorTool_SparksWisps","Server/Particles/_Test/Editor/Spawners/EditorTool_SparksWisps.particlespawner","2295","D901B11B159457768D135E069100B5115A490009FA829E67880ECAA41F31A597"
"particle-spawners","Fireball_Charge_Core_0","_Test/Fire/Fireball_Charge/Stage0/Fireball_Charge_Core_0","Server/Particles/_Test/Fire/Fireball_Charge/Stage0/Fireball_Charge_Core_0.particlespawner","2245","847052E179588BC9053C409E653C12497DCE980BF590BD3F2F1E6449D6BB92E2"
"particle-spawners","Fireball_Charge_Core_White","_Test/Fire/Fireball_Charge/Stage0/Fireball_Charge_Core_White","Server/Particles/_Test/Fire/Fireball_Charge/Stage0/Fireball_Charge_Core_White.particlespawner","2183","90C95FB36E05B76021645A4CD0E1FA239DC4A8EC40005FF3847C8659BC0F3F9B"
"particle-spawners","Fireball_Charge_Core2_0","_Test/Fire/Fireball_Charge/Stage0/Fireball_Charge_Core2_0","Server/Particles/_Test/Fire/Fireball_Charge/Stage0/Fireball_Charge_Core2_0.particlespawner","1662","2D00DD8994A30C0C6833326D4A626D8953352012331DE21673D0A913B71479B1"
"particle-spawners","Fireball_Charge_Core2_White","_Test/Fire/Fireball_Charge/Stage0/Fireball_Charge_Core2_White","Server/Particles/_Test/Fire/Fireball_Charge/Stage0/Fireball_Charge_Core2_White.particlespawner","1482","DB5AC6378C99C76421271A0906442292C6F0073D78D42CBE136BB59942D4AD63"
"particle-spawners","Fireball_Charge_Core_1","_Test/Fire/Fireball_Charge/Stage1/Fireball_Charge_Core_1","Server/Particles/_Test/Fire/Fireball_Charge/Stage1/Fireball_Charge_Core_1.particlespawner","2245","AA432EBE8542E8F5531A4665332FC7EF4E41DC8DD5C466BB890E8BB1E14F865A"
"particle-spawners","Fireball_Charge_Core2_1","_Test/Fire/Fireball_Charge/Stage1/Fireball_Charge_Core2_1","Server/Particles/_Test/Fire/Fireball_Charge/Stage1/Fireball_Charge_Core2_1.particlespawner","1511","19483C8AC9BD62A31BCD5CEC295244D66B4ECA73B1A8386F488B438E0FB4C425"
"particle-spawners","Fireball_Charge_Core_2","_Test/Fire/Fireball_Charge/Stage2/Fireball_Charge_Core_2","Server/Particles/_Test/Fire/Fireball_Charge/Stage2/Fireball_Charge_Core_2.particlespawner","2245","B7B0A1C3C40097E9BB476F73CF873F31FC4724B949CB48B5A4D9D12BD3AF5144"
"particle-spawners","Fireball_Charge_Core_Orange","_Test/Fire/Fireball_Charge/Stage2/Fireball_Charge_Core_Orange","Server/Particles/_Test/Fire/Fireball_Charge/Stage2/Fireball_Charge_Core_Orange.particlespawner","2207","E20E0F8879FBEAEA7FC2356448C08C6677AD2802676289A3357F752411ACD38E"
"particle-spawners","Fireball_Charge_Core2_2","_Test/Fire/Fireball_Charge/Stage2/Fireball_Charge_Core2_2","Server/Particles/_Test/Fire/Fireball_Charge/Stage2/Fireball_Charge_Core2_2.particlespawner","1662","6F596EAFC1DE7F9767718C82FAB41F0B91231E8EE0291C6B552988F9A89E0C0A"
"particle-spawners","Fireball_Charge_Core2_Orange","_Test/Fire/Fireball_Charge/Stage2/Fireball_Charge_Core2_Orange","Server/Particles/_Test/Fire/Fireball_Charge/Stage2/Fireball_Charge_Core2_Orange.particlespawner","1483","D5BAEE43C1F29FB35D3529E38DF98280F29DF8B53C5173B936C222A11284FBBB"
"particle-spawners","Fireball_Charge_Core_3","_Test/Fire/Fireball_Charge/Stage3/Fireball_Charge_Core_3","Server/Particles/_Test/Fire/Fireball_Charge/Stage3/Fireball_Charge_Core_3.particlespawner","2245","AA59C3AE8B326D2B0A2A4E4C2E42F163C5558A4C3E8C1A35389C62C940150C1E"
"particle-spawners","Fireball_Charge_Core_Red","_Test/Fire/Fireball_Charge/Stage3/Fireball_Charge_Core_Red","Server/Particles/_Test/Fire/Fireball_Charge/Stage3/Fireball_Charge_Core_Red.particlespawner","2269","1AF8E328455D34511F9428F110B95F8EFD43FC97CDAD486A876EF16811206558"
"particle-spawners","Fireball_Charge_Core2_3","_Test/Fire/Fireball_Charge/Stage3/Fireball_Charge_Core2_3","Server/Particles/_Test/Fire/Fireball_Charge/Stage3/Fireball_Charge_Core2_3.particlespawner","1662","33B24E5571EF1FCCAABFBB345B734B572ED009CB3990031BD5DBBBAE873EA789"
"particle-spawners","Fireball_Charge_Core2_Red","_Test/Fire/Fireball_Charge/Stage3/Fireball_Charge_Core2_Red","Server/Particles/_Test/Fire/Fireball_Charge/Stage3/Fireball_Charge_Core2_Red.particlespawner","1560","9C2FBD5663219D98AB3394FE13F2867E1EE0567DA999D2F5AD4FD3B127936B74"
"particle-spawners","Debug_Fire_Ring_1","_Test/Fire/Spawners/Debug_Fire_Ring_1","Server/Particles/_Test/Fire/Spawners/Debug_Fire_Ring_1.particlespawner","1623","297B63BE49615CCCDC35D102F9903922C4A6AD1C68A9B11AE71ED3BB6A2711E1"
"particle-spawners","Debug_Fire_Ring_2","_Test/Fire/Spawners/Debug_Fire_Ring_2","Server/Particles/_Test/Fire/Spawners/Debug_Fire_Ring_2.particlespawner","1623","8AEE9153C64AC93388B4D3ED181A2976D2A0672712138319916AB845BCB01F0B"
"particle-spawners","Debug_Fire_Ring_3","_Test/Fire/Spawners/Debug_Fire_Ring_3","Server/Particles/_Test/Fire/Spawners/Debug_Fire_Ring_3.particlespawner","1623","2C9341E30BAF7B8D54444A964D44C9C0512DE4FB02C0A591B23FB078F444549C"
"particle-spawners","Debug_Fire_Ring_4","_Test/Fire/Spawners/Debug_Fire_Ring_4","Server/Particles/_Test/Fire/Spawners/Debug_Fire_Ring_4.particlespawner","1623","66808C44AE61BFCD9BFD3EC5E03AB564C41C42D11D1F67F91DDBF60BB80B01B2"
"particle-spawners","Debug_Fire_Ring_5","_Test/Fire/Spawners/Debug_Fire_Ring_5","Server/Particles/_Test/Fire/Spawners/Debug_Fire_Ring_5.particlespawner","1832","AF02422E930986A48F070B2448E65EF0EA7891319B586A2E4F5B7B67F064E627"
"particle-spawners","Fire_AoE_Circle","_Test/Fire/Spawners/Fire_AoE_Circle","Server/Particles/_Test/Fire/Spawners/Fire_AoE_Circle.particlespawner","1797","78F46F505DFF2A9EB0812F19663FBE2F8309BE621B4346391196BD353549D14C"
"particle-spawners","Fire_AoE_CirclesFloor","_Test/Fire/Spawners/Fire_AoE_CirclesFloor","Server/Particles/_Test/Fire/Spawners/Fire_AoE_CirclesFloor.particlespawner","1839","0090CF5287A91B28F9FCC01FEF37999024372A2B1F0667A18F1A961E11EEF8A5"
"particle-spawners","Fire_AoE_FireFloor","_Test/Fire/Spawners/Fire_AoE_FireFloor","Server/Particles/_Test/Fire/Spawners/Fire_AoE_FireFloor.particlespawner","2397","8EADA3DEFF25DDCF894C5F65CACD9C3624D9975CD0F246D32EA4DB24818658DF"
"particle-spawners","Fire_AoE_Floor","_Test/Fire/Spawners/Fire_AoE_Floor","Server/Particles/_Test/Fire/Spawners/Fire_AoE_Floor.particlespawner","2434","F624742F19C61CE2DBF1F96C754B838BF4A60FA9729E919DA08EB5B505F4CFA2"
"particle-spawners","Fire_AoE_Floor2","_Test/Fire/Spawners/Fire_AoE_Floor2","Server/Particles/_Test/Fire/Spawners/Fire_AoE_Floor2.particlespawner","2434","D4951FE0B06B97FDE88DC300C8F4329CF333AF94CDAF7D5B6CFCCD8C253C49E4"
"particle-spawners","Fire_AoE_Glow","_Test/Fire/Spawners/Fire_AoE_Glow","Server/Particles/_Test/Fire/Spawners/Fire_AoE_Glow.particlespawner","1359","61CDB6B72FE0ED11CD48D96623D148AF49F6EE6937BE8DEDF49F0C9456B0827E"
"particle-spawners","Fire_AoE_Grow_FloorFire","_Test/Fire/Spawners/Fire_AoE_Grow_FloorFire","Server/Particles/_Test/Fire/Spawners/Fire_AoE_Grow_FloorFire.particlespawner","2547","4820912579C4831CF4A181294DC51138C2C39822E16025B21EDC226FC2A28185"
"particle-spawners","Fire_AoE_Grow_Glow","_Test/Fire/Spawners/Fire_AoE_Grow_Glow","Server/Particles/_Test/Fire/Spawners/Fire_AoE_Grow_Glow.particlespawner","1281","185F41D84A9DB1DAF75C77BE777D18301D10787AA55453080D88127915732BBA"
"particle-spawners","Fire_AoE_Grow_Sparks","_Test/Fire/Spawners/Fire_AoE_Grow_Sparks","Server/Particles/_Test/Fire/Spawners/Fire_AoE_Grow_Sparks.particlespawner","2665","8A510BB352245A9D26187FD42CB6066038A4B382CCC7BEBF172F485E7BD4FBD6"
"particle-spawners","Fire_AoE_Grow2_Circle","_Test/Fire/Spawners/Fire_AoE_Grow2_Circle","Server/Particles/_Test/Fire/Spawners/Fire_AoE_Grow2_Circle.particlespawner","1903","43C2842F3E14308612BA5F1348227F4C51F0302B779AE24857AF1B94FEF47639"
"particle-spawners","Fire_AoE_Grow2_CirclesFloor","_Test/Fire/Spawners/Fire_AoE_Grow2_CirclesFloor","Server/Particles/_Test/Fire/Spawners/Fire_AoE_Grow2_CirclesFloor.particlespawner","1837","2A2A7EFB68A8D7896DE024912420DBB1B7000FE5FB78D104DD844A232BD2D599"
"particle-spawners","Fire_AoE_Sparks","_Test/Fire/Spawners/Fire_AoE_Sparks","Server/Particles/_Test/Fire/Spawners/Fire_AoE_Sparks.particlespawner","2751","C29327E4198EF4341110FAE528A2532D9E46F76FB69966C02D35F2E98391CCC6"
"particle-spawners","Fire_AoE_Spawn_Circle","_Test/Fire/Spawners/Fire_AoE_Spawn_Circle","Server/Particles/_Test/Fire/Spawners/Fire_AoE_Spawn_Circle.particlespawner","1929","464A4E14CA5156B3560786613EB9A5F6F4CA5AF03946F2A5A42F41AD554B24B3"
"particle-spawners","Fire_AoE_Spawn_Flash","_Test/Fire/Spawners/Fire_AoE_Spawn_Flash","Server/Particles/_Test/Fire/Spawners/Fire_AoE_Spawn_Flash.particlespawner","1423","4FE638AFC2AFEF95D4E00D98576A09E7E74CB8B50BBA6198EAA504DA9BA2EC30"
"particle-spawners","Fire_AoE_Spawn_Sparks","_Test/Fire/Spawners/Fire_AoE_Spawn_Sparks","Server/Particles/_Test/Fire/Spawners/Fire_AoE_Spawn_Sparks.particlespawner","2701","CD705687FD9CE6A724BC10798E1C58E1454FC4F6EF3F777F27F7B701F52C2503"
"particle-spawners","Fire_AoE_Spawn_Spawn","_Test/Fire/Spawners/Fire_AoE_Spawn_Spawn","Server/Particles/_Test/Fire/Spawners/Fire_AoE_Spawn_Spawn.particlespawner","2177","206AE1252D97FD5A03CA87DE02A66A94B556A4E430EB64AB78C6379F5A1028DF"
"particle-spawners","Fire_AoE_Spawn_Spawn2","_Test/Fire/Spawners/Fire_AoE_Spawn_Spawn2","Server/Particles/_Test/Fire/Spawners/Fire_AoE_Spawn_Spawn2.particlespawner","2385","30D0EF156A3279AE228E36F157208FC8308E5DA49D55B391AEC4D8034F6CED1A"
"particle-spawners","Fire_AoE2_Circle2","_Test/Fire/Spawners/Fire_AoE2_Circle2","Server/Particles/_Test/Fire/Spawners/Fire_AoE2_Circle2.particlespawner","1366","2B3D3C6F6ED44A32AB66934B1DD89CDD85363C0CFB4D8EEE926F07660A7AA7D6"
"particle-spawners","Fire_AoE2_FireFloor2","_Test/Fire/Spawners/Fire_AoE2_FireFloor2","Server/Particles/_Test/Fire/Spawners/Fire_AoE2_FireFloor2.particlespawner","2454","FBBF2E63028762E94F5FE63AA87C56CCE3918B5410021520973E0ECD9FD61666"
"particle-spawners","Fire_AoE2_SmokeFloor","_Test/Fire/Spawners/Fire_AoE2_SmokeFloor","Server/Particles/_Test/Fire/Spawners/Fire_AoE2_SmokeFloor.particlespawner","2469","82923BF681649A22C4996117C64A2844ECF3855F97A9C4D7DFBE1F9294B7BA4D"
"particle-spawners","Fire_Charge_Charging_Constant1","_Test/Fire/Spawners/Fire_Charge_Charging_Constant1","Server/Particles/_Test/Fire/Spawners/Fire_Charge_Charging_Constant1.particlespawner","1960","52826A9DBD1005AE5191E67D55CB61FB1DAF295621D658C216C8D123F9310EC8"
"particle-spawners","Fire_Charge_Charging_Constant2","_Test/Fire/Spawners/Fire_Charge_Charging_Constant2","Server/Particles/_Test/Fire/Spawners/Fire_Charge_Charging_Constant2.particlespawner","1406","27E5A3584DB24D0309B3627F4A37260F87F4604B25E96A939489F030C2AAFF3D"
"particle-spawners","Fire_Charge_Charging_Constant3","_Test/Fire/Spawners/Fire_Charge_Charging_Constant3","Server/Particles/_Test/Fire/Spawners/Fire_Charge_Charging_Constant3.particlespawner","1460","C027090B7CE226ADC9DB6DE3A06ADEF67A07A30846A2147C311158E36E3E4338"
"particle-spawners","Fire_Charge_Core1White","_Test/Fire/Spawners/Fire_Charge_Core1White","Server/Particles/_Test/Fire/Spawners/Fire_Charge_Core1White.particlespawner","2183","90C95FB36E05B76021645A4CD0E1FA239DC4A8EC40005FF3847C8659BC0F3F9B"
"particle-spawners","Fire_Charge_Core2Orange","_Test/Fire/Spawners/Fire_Charge_Core2Orange","Server/Particles/_Test/Fire/Spawners/Fire_Charge_Core2Orange.particlespawner","1482","E614AFC2316D83F45AACFA94BAB695EF29EB1015BD57A791D8DB8C5907EF5DE8"
"particle-spawners","Fire_Charge_Core2Red","_Test/Fire/Spawners/Fire_Charge_Core2Red","Server/Particles/_Test/Fire/Spawners/Fire_Charge_Core2Red.particlespawner","1560","C61A60BDC154E78435143B0FDAB5B32A3FCDE70E217C16F24452A2206E49EB56"
"particle-spawners","Fire_Charge_Core2White","_Test/Fire/Spawners/Fire_Charge_Core2White","Server/Particles/_Test/Fire/Spawners/Fire_Charge_Core2White.particlespawner","1482","DB5AC6378C99C76421271A0906442292C6F0073D78D42CBE136BB59942D4AD63"
"particle-spawners","Fire_Charge_CoreOrange","_Test/Fire/Spawners/Fire_Charge_CoreOrange","Server/Particles/_Test/Fire/Spawners/Fire_Charge_CoreOrange.particlespawner","2183","B18B715E6CF7B321E44433D7A49FEE43477D3510D1A2993A7A5BB32B9C3864CF"
"particle-spawners","Fire_Charge_CoreRed","_Test/Fire/Spawners/Fire_Charge_CoreRed","Server/Particles/_Test/Fire/Spawners/Fire_Charge_CoreRed.particlespawner","2245","76F4D9B9A0FCCBB87217FE287AD37BD18C90695371C715CAC1F7858C3E70088A"
"particle-spawners","Fire_Charge_Soak1_Flash","_Test/Fire/Spawners/Fire_Charge_Soak1_Flash","Server/Particles/_Test/Fire/Spawners/Fire_Charge_Soak1_Flash.particlespawner","2016","1B69FD9D993CF8E7635882A9A001D1125F7BF8AAE471F8599EDC51314CFB5371"
"particle-spawners","Fire_Charge_Soak1_Flash2","_Test/Fire/Spawners/Fire_Charge_Soak1_Flash2","Server/Particles/_Test/Fire/Spawners/Fire_Charge_Soak1_Flash2.particlespawner","2108","68BC65B794182390A0D36571D1975BE40F6A0F97D592F8EB2A83055FC31E67D2"
"particle-spawners","Fire_Charge_Soak1_Flash3","_Test/Fire/Spawners/Fire_Charge_Soak1_Flash3","Server/Particles/_Test/Fire/Spawners/Fire_Charge_Soak1_Flash3.particlespawner","2018","10FB1830F39BBDEE643989704A79C09EFA2A08044D9179D35AA0EF36FE6FCF1D"
"particle-spawners","Fire_Charge_Soak1_Sparks","_Test/Fire/Spawners/Fire_Charge_Soak1_Sparks","Server/Particles/_Test/Fire/Spawners/Fire_Charge_Soak1_Sparks.particlespawner","2271","7DE5E1941361A3DE35CAD03723BF7C7A51E96599DD0C8F237AC7534DF57D7AC3"
"particle-spawners","Fire_Charge_SparksOrange","_Test/Fire/Spawners/Fire_Charge_SparksOrange","Server/Particles/_Test/Fire/Spawners/Fire_Charge_SparksOrange.particlespawner","2596","605D663ECF334F0D7A0A12A7A68A69893DAF5890A1FED74BBAA13D3E11FEFCF5"
"particle-spawners","Fire_Charge_SparksRed","_Test/Fire/Spawners/Fire_Charge_SparksRed","Server/Particles/_Test/Fire/Spawners/Fire_Charge_SparksRed.particlespawner","2600","9E6F4666661DD6D6ACC1A5CD9DE5CAEF20D32899598539E89C5F1F6C56397E41"
"particle-spawners","Fire_Charge_SparksWhite","_Test/Fire/Spawners/Fire_Charge_SparksWhite","Server/Particles/_Test/Fire/Spawners/Fire_Charge_SparksWhite.particlespawner","2596","220E8E33F86F3858656C222AEE872E0DAD50EFD4E14B20827854769002A20E41"
"particle-spawners","Fire_Charge1_Fire","_Test/Fire/Spawners/Fire_Charge1_Fire","Server/Particles/_Test/Fire/Spawners/Fire_Charge1_Fire.particlespawner","1480","FD085D8071CFFEAF619D39B8A0062E03DA5AE3D632548DE1DF061A7CA8444E94"
"particle-spawners","Fire_Pit_Fire","_Test/Fire/Spawners/Fire_Pit_Fire","Server/Particles/_Test/Fire/Spawners/Fire_Pit_Fire.particlespawner","2423","30005B6E5CFBE094226622A9189F23B980C438384D8F405B465D39665D97C062"
"particle-spawners","Fire_Pit_FireUp","_Test/Fire/Spawners/Fire_Pit_FireUp","Server/Particles/_Test/Fire/Spawners/Fire_Pit_FireUp.particlespawner","2891","08E7E65C9A7ED50AA30F3C3AC0EBE67C4337803827F19683D4A3FE76B336E9C0"
"particle-spawners","Fire_Pit_Smoke","_Test/Fire/Spawners/Fire_Pit_Smoke","Server/Particles/_Test/Fire/Spawners/Fire_Pit_Smoke.particlespawner","2501","AA070EF02B251093FCE818AD7CA45BFAF70077C21407495508D662836694AF0F"
"particle-spawners","Fire_Pit_Sparks","_Test/Fire/Spawners/Fire_Pit_Sparks","Server/Particles/_Test/Fire/Spawners/Fire_Pit_Sparks.particlespawner","2614","3B5233DB4FA456811B880F122421C331EF46935146926CFEA76A6FC9CE868BFD"
"particle-spawners","Fire_Projectile_Fire_Core","_Test/Fire/Spawners/Fire_Projectile_Fire_Core","Server/Particles/_Test/Fire/Spawners/Fire_Projectile_Fire_Core.particlespawner","2246","03035D4D76298C31561DDE4EC8A4CF15EAED02F4B85AE3898F9974EF60B01466"
"particle-spawners","Fire_Projectile_Fire_Trail","_Test/Fire/Spawners/Fire_Projectile_Fire_Trail","Server/Particles/_Test/Fire/Spawners/Fire_Projectile_Fire_Trail.particlespawner","2233","477DC0CDABFA0CEE856F2280D1EAA0C550A665BCE2DFB3BBC7D176D07971D971"
"particle-spawners","Fire_Projectile_Sparks","_Test/Fire/Spawners/Fire_Projectile_Sparks","Server/Particles/_Test/Fire/Spawners/Fire_Projectile_Sparks.particlespawner","2639","78D4BD1B7449956553456CAA4B1C92461008F8471AE02E3BA311F124A3289382"
"particle-spawners","Fire_Stick_Charge_Charging1","_Test/Fire/Spawners/Fire_Stick_Charge_Charging1","Server/Particles/_Test/Fire/Spawners/Fire_Stick_Charge_Charging1.particlespawner","1677","A32FF5C0CF97CEDEFE32097585EB584A4FE7BAFB3BC813B13201EAD744ABF21B"
"particle-spawners","Fire_Stick_Charge_Charging2","_Test/Fire/Spawners/Fire_Stick_Charge_Charging2","Server/Particles/_Test/Fire/Spawners/Fire_Stick_Charge_Charging2.particlespawner","2015","8630CA56897768475A7E611BE7168D0FB7257D9C46E404CEADF32B0F81C8F9D1"
"particle-spawners","Fire_Stick_Charge_Charging3","_Test/Fire/Spawners/Fire_Stick_Charge_Charging3","Server/Particles/_Test/Fire/Spawners/Fire_Stick_Charge_Charging3.particlespawner","1461","1CE86CE6ADBFD7F207AEF394AECD541910E93A21B0AB96649DA0B5ABEB6848B7"
"particle-spawners","Fire_Stick_Charge_Charging4","_Test/Fire/Spawners/Fire_Stick_Charge_Charging4","Server/Particles/_Test/Fire/Spawners/Fire_Stick_Charge_Charging4.particlespawner","1511","B5450D302685DD60B7CEA2DF65097078136BD4EFDB2423A5A3580F37E4544A39"
"particle-spawners","Fire_Trap_Preview_Center","_Test/Fire/Spawners/Fire_Trap_Preview_Center","Server/Particles/_Test/Fire/Spawners/Fire_Trap_Preview_Center.particlespawner","1292","8DA83BF7383725E56924BF28C64D1C7241C5BD8FFC5247C40AF0BB8C49667591"
"particle-spawners","Fire_Trap_Preview_CenterGS","_Test/Fire/Spawners/Fire_Trap_Preview_CenterGS","Server/Particles/_Test/Fire/Spawners/Fire_Trap_Preview_CenterGS.particlespawner","1182","62725601D9F190D68560B9C90C32EAB1EA62875E4A3B2C84338B26096782DF1B"
"particle-spawners","Fire_Trap_Preview_Circle","_Test/Fire/Spawners/Fire_Trap_Preview_Circle","Server/Particles/_Test/Fire/Spawners/Fire_Trap_Preview_Circle.particlespawner","1177","15396EB1C847CE86E9CE4DAF4BC79FB786476838B04196C13F7178212E121509"
"particle-spawners","Fire_Trap_Preview_CircleGS","_Test/Fire/Spawners/Fire_Trap_Preview_CircleGS","Server/Particles/_Test/Fire/Spawners/Fire_Trap_Preview_CircleGS.particlespawner","1237","04350E5EA4D89DA7D87003A7DEA516A0FE7E1FF96113D392413594EDF14B2DC8"
"particle-spawners","Nature_Buff_Spawn_Core","_Test/Fire/Spawners/Nature_Buff_Spawn_Core","Server/Particles/_Test/Fire/Spawners/Nature_Buff_Spawn_Core.particlespawner","1499","6F0B1D207217C13E5C11EE05D17D80C53B19876AF95669F7B851445284284EFA"
"particle-spawners","Projectile_Fire_Static_Core","_Test/Fire/Spawners/Projectile_Fire_Static_Core","Server/Particles/_Test/Fire/Spawners/Projectile_Fire_Static_Core.particlespawner","2245","847052E179588BC9053C409E653C12497DCE980BF590BD3F2F1E6449D6BB92E2"
"particle-spawners","Projectile_Fire_Static_Core_Dark","_Test/Fire/Spawners/Projectile_Fire_Static_Core_Dark","Server/Particles/_Test/Fire/Spawners/Projectile_Fire_Static_Core_Dark.particlespawner","1536","70DC428F590DAD25D24ACBF28E9138554CACD1DE86DB0B0861DA5078F33E50A7"
"particle-spawners","Projectile_Fire_Static_Core_Dark2","_Test/Fire/Spawners/Projectile_Fire_Static_Core_Dark2","Server/Particles/_Test/Fire/Spawners/Projectile_Fire_Static_Core_Dark2.particlespawner","2234","6DCECEFCE3F60D3F1D31657A5A038A9BED2D6D62B1B4998B02326CBAC137D760"
"particle-spawners","Projectile_Fire_Static_Core_Dark3","_Test/Fire/Spawners/Projectile_Fire_Static_Core_Dark3","Server/Particles/_Test/Fire/Spawners/Projectile_Fire_Static_Core_Dark3.particlespawner","1539","BE50ED0B043C3A0BCE38918D871027E749273925AF2910A33A321266000B5654"
"particle-spawners","Projectile_Fire_Static_Core2","_Test/Fire/Spawners/Projectile_Fire_Static_Core2","Server/Particles/_Test/Fire/Spawners/Projectile_Fire_Static_Core2.particlespawner","1510","2AE7FDEE64E67E8CDAE7802871A8E015C003D7F4E463975C802878E3D21E6D79"
"particle-spawners","Projectile_Fire_Static_Dark_Constant","_Test/Fire/Spawners/Projectile_Fire_Static_Dark_Constant","Server/Particles/_Test/Fire/Spawners/Projectile_Fire_Static_Dark_Constant.particlespawner","1325","BE4DFF65472BB8C858ADF38E66AB37DAEAB562481A1800774398E3B346145FF0"
"particle-spawners","Projectile_Fire_Static_Dark_Sparks","_Test/Fire/Spawners/Projectile_Fire_Static_Dark_Sparks","Server/Particles/_Test/Fire/Spawners/Projectile_Fire_Static_Dark_Sparks.particlespawner","2596","A25AE804206704E8B3CEAA677C5CF7C250E41E20888AE5E7B9E24C323944C00C"
"particle-spawners","Projectile_Fire_Static_Sparks","_Test/Fire/Spawners/Projectile_Fire_Static_Sparks","Server/Particles/_Test/Fire/Spawners/Projectile_Fire_Static_Sparks.particlespawner","2596","29EF002EAEA63977929E2C28865297E2D7DFFB9DB9C3CD3701A2D7EDFC82B18B"
"particle-spawners","Beam_Heal_Constant","_Test/HealBeams/Spawners/Beam_Heal_Constant","Server/Particles/_Test/HealBeams/Spawners/Beam_Heal_Constant.particlespawner","1855","13F1D7BE20899E4E09E1EF6C0F58C242ACE9908B59D432BB1A943B16D242B446"
"particle-spawners","Beam_Heal_Constant2","_Test/HealBeams/Spawners/Beam_Heal_Constant2","Server/Particles/_Test/HealBeams/Spawners/Beam_Heal_Constant2.particlespawner","1404","612101FDB4948F1E1945AEACD12945FE91F99704B247AC9C7AEB39AFC6DD3BB7"
"particle-spawners","Beam_Heal_Dot","_Test/HealBeams/Spawners/Beam_Heal_Dot","Server/Particles/_Test/HealBeams/Spawners/Beam_Heal_Dot.particlespawner","1620","29005A401E442E4C1E437DD2AE202A48A4838172C400575D8E2A4E641A0C3F8B"
"particle-spawners","Beam_Heal_Green","_Test/HealBeams/Spawners/Beam_Heal_Green","Server/Particles/_Test/HealBeams/Spawners/Beam_Heal_Green.particlespawner","1855","1B0575C9922668405E8DEF5372C280864DC278936061516ECD368B4DDEE0A5CD"
"particle-spawners","Beam_Heal_Green2","_Test/HealBeams/Spawners/Beam_Heal_Green2","Server/Particles/_Test/HealBeams/Spawners/Beam_Heal_Green2.particlespawner","1404","EDA96164CC1AB265A84378F84BC5473DD37E5976F92DFEFD3A9106F0AAF6745D"
"particle-spawners","Beam_Heal_Green2_Glow","_Test/HealBeams/Spawners/Beam_Heal_Green2_Glow","Server/Particles/_Test/HealBeams/Spawners/Beam_Heal_Green2_Glow.particlespawner","1491","AD8224FC99424D5E7755C6878203DE70039375AFD12307F31C5E07774414235C"
"particle-spawners","Beam_Heal_Green2_Plus","_Test/HealBeams/Spawners/Beam_Heal_Green2_Plus","Server/Particles/_Test/HealBeams/Spawners/Beam_Heal_Green2_Plus.particlespawner","1559","C3A73DD7D624354AEC7C7B52DB3E6E5F02FDE65A313856C6D79FF1F6563B0E9A"
"particle-spawners","Beam_Heal_Green2_Sparks","_Test/HealBeams/Spawners/Beam_Heal_Green2_Sparks","Server/Particles/_Test/HealBeams/Spawners/Beam_Heal_Green2_Sparks.particlespawner","1674","47A900FC8367EC0586831B51E1805D01904FA7DF6EF509AA54EBD09DB5C91426"
"particle-spawners","Beam_Heal_Green3","_Test/HealBeams/Spawners/Beam_Heal_Green3","Server/Particles/_Test/HealBeams/Spawners/Beam_Heal_Green3.particlespawner","1472","72D7CC362AC86CBF7947BC9C41226A5731D81EBFD861D58C48D09D061E6DE069"
"particle-spawners","Beam_Heal_Green3_Glow","_Test/HealBeams/Spawners/Beam_Heal_Green3_Glow","Server/Particles/_Test/HealBeams/Spawners/Beam_Heal_Green3_Glow.particlespawner","1490","AF8028DB7BF473B6E6EED2E1E81E03E2E11A3AEC80701064FFE9FCB4F294C91B"
"particle-spawners","Beam_Heal_Green3_Plus","_Test/HealBeams/Spawners/Beam_Heal_Green3_Plus","Server/Particles/_Test/HealBeams/Spawners/Beam_Heal_Green3_Plus.particlespawner","1632","6611C19206793F3909B610938546220DFE6228B4B7A71F6A0305AA7E126FBB20"
"particle-spawners","Beam_Heal_Green3_Sparks","_Test/HealBeams/Spawners/Beam_Heal_Green3_Sparks","Server/Particles/_Test/HealBeams/Spawners/Beam_Heal_Green3_Sparks.particlespawner","1633","A76D52362FD2B92F7B05058FA17DCCD6FC7F112BAC4BE605BE2CD417F5BD8A77"
"particle-spawners","Beam_Heal_Sparks","_Test/HealBeams/Spawners/Beam_Heal_Sparks","Server/Particles/_Test/HealBeams/Spawners/Beam_Heal_Sparks.particlespawner","1458","FC0F30BFD0B148C74571692E4B682A1A7660455F24B383F6CCAEB52A339C1936"
"particle-spawners","Beam_Heal_Sparks_Red3","_Test/HealBeams/Spawners/Beam_Heal_Sparks_Red3","Server/Particles/_Test/HealBeams/Spawners/Beam_Heal_Sparks_Red3.particlespawner","1635","F2F8E9305B5B20FF53E5F6B16D210FFFE1097F4FF12223F8B048477BEFCB667C"
"particle-spawners","BeamEmiter_Heal_Green_Center","_Test/HealBeams/Spawners/BeamEmiter_Heal_Green_Center","Server/Particles/_Test/HealBeams/Spawners/BeamEmiter_Heal_Green_Center.particlespawner","1185","EF4A40338D1BE0786014792243A67DE784E040867210AD4A90B9697FC7DEB8BE"
"particle-spawners","BeamEmiter_Heal_Green_Glow","_Test/HealBeams/Spawners/BeamEmiter_Heal_Green_Glow","Server/Particles/_Test/HealBeams/Spawners/BeamEmiter_Heal_Green_Glow.particlespawner","1484","085F27BED8EE773E21B0B08561EF3CBA8F7E9430E3039BB5FD888870B20DF38C"
"particle-spawners","BeamEmiter_Heal_Green_GlowOutside","_Test/HealBeams/Spawners/BeamEmiter_Heal_Green_GlowOutside","Server/Particles/_Test/HealBeams/Spawners/BeamEmiter_Heal_Green_GlowOutside.particlespawner","1588","A93CCE341729830E2D3E9B73EAF5F4781FF2F3AD54D63ECD289327872A49B8A6"
"particle-spawners","BeamEmiter_Heal_Green_Plus","_Test/HealBeams/Spawners/BeamEmiter_Heal_Green_Plus","Server/Particles/_Test/HealBeams/Spawners/BeamEmiter_Heal_Green_Plus.particlespawner","1914","5209F820D8F6242723DDE94CAD502763C733258527D77D7FC9430AB55DCCA2D2"
"particle-spawners","BeamEmiter_Heal_Green_Rings","_Test/HealBeams/Spawners/BeamEmiter_Heal_Green_Rings","Server/Particles/_Test/HealBeams/Spawners/BeamEmiter_Heal_Green_Rings.particlespawner","1704","AF5D5E9C55A6E7D6313D18F2EC925DC02109C7398BDC0BC5B04CD2C846B7805C"
"particle-spawners","BeamEmiter_Heal_Green_RingsCenter","_Test/HealBeams/Spawners/BeamEmiter_Heal_Green_RingsCenter","Server/Particles/_Test/HealBeams/Spawners/BeamEmiter_Heal_Green_RingsCenter.particlespawner","1709","700C16A6608BAC1BD04B80358FEEE30581A0795A865970D9690CE8FA3854807C"
"particle-spawners","BeamEmiter_Heal_Green_Sparks","_Test/HealBeams/Spawners/BeamEmiter_Heal_Green_Sparks","Server/Particles/_Test/HealBeams/Spawners/BeamEmiter_Heal_Green_Sparks.particlespawner","1915","0824C99978336B112AFAB8442886A3C4E225FAB3172619654D6614A81E19AFEC"
"particle-spawners","BeamEmiter_Heal_Green_Spiral","_Test/HealBeams/Spawners/BeamEmiter_Heal_Green_Spiral","Server/Particles/_Test/HealBeams/Spawners/BeamEmiter_Heal_Green_Spiral.particlespawner","2979","DA5E5A9B62C6FFE6F0375104D1CC08DE6830D9EBFDD6C5F1D23998B5B67454B8"
"particle-spawners","BeamEmiter_Heal_Red_Center","_Test/HealBeams/Spawners/BeamEmiter_Heal_Red_Center","Server/Particles/_Test/HealBeams/Spawners/BeamEmiter_Heal_Red_Center.particlespawner","1185","9E142AAE6BFFE795185E5CA96F2E634B2E94CB5958715FBB4972B204C9510F9F"
"particle-spawners","BeamEmiter_Heal_Red_Dots","_Test/HealBeams/Spawners/BeamEmiter_Heal_Red_Dots","Server/Particles/_Test/HealBeams/Spawners/BeamEmiter_Heal_Red_Dots.particlespawner","1880","C9755C769E576ED4735FC2E4AE8DE79F621A2FB68404E22C5F66B936EC134977"
"particle-spawners","BeamEmiter_Heal_Red_Glow","_Test/HealBeams/Spawners/BeamEmiter_Heal_Red_Glow","Server/Particles/_Test/HealBeams/Spawners/BeamEmiter_Heal_Red_Glow.particlespawner","1484","2F10B4537BDCB1D9B69C13682F7FE5C0DB9C1C58C316358715A8906D867B5548"
"particle-spawners","BeamEmiter_Heal_Red_GlowOutside","_Test/HealBeams/Spawners/BeamEmiter_Heal_Red_GlowOutside","Server/Particles/_Test/HealBeams/Spawners/BeamEmiter_Heal_Red_GlowOutside.particlespawner","1588","DC6B07226782C476916BAE5CF3D9D1DA0EAC3D83606DF3AE675EE1EF5AA7A682"
"particle-spawners","BeamEmiter_Heal_Red_Rings","_Test/HealBeams/Spawners/BeamEmiter_Heal_Red_Rings","Server/Particles/_Test/HealBeams/Spawners/BeamEmiter_Heal_Red_Rings.particlespawner","1704","8A7E3C8C4B5430C35A42E01AEB0A79CE8BD564109788A590FB63394EDF542C66"
"particle-spawners","BeamEmiter_Heal_Red_RingsCenter","_Test/HealBeams/Spawners/BeamEmiter_Heal_Red_RingsCenter","Server/Particles/_Test/HealBeams/Spawners/BeamEmiter_Heal_Red_RingsCenter.particlespawner","1709","2DFCCC161E4C312B4D8ECCA3894A97764620BFABBD01708D6343E69E8C5C647B"
"particle-spawners","BeamEmiter_Heal_Red_Sparks","_Test/HealBeams/Spawners/BeamEmiter_Heal_Red_Sparks","Server/Particles/_Test/HealBeams/Spawners/BeamEmiter_Heal_Red_Sparks.particlespawner","1880","ABC178C95C3A46F4B33260ABB9A198CA7F8CD40E55B313C3FABAF2A361ECA75F"
"particle-spawners","BeamEmiter_Heal_Red_Spiral","_Test/HealBeams/Spawners/BeamEmiter_Heal_Red_Spiral","Server/Particles/_Test/HealBeams/Spawners/BeamEmiter_Heal_Red_Spiral.particlespawner","2876","DE4B1CC195D98BAA73D47A761AC3ACF42345DFC310839D8B30EF9BBABD2353AD"
"particle-spawners","Totem_Heal_AGroundSpawn2","_Test/HealTotem/Spawners/Totem_Heal_AGroundSpawn2","Server/Particles/_Test/HealTotem/Spawners/Totem_Heal_AGroundSpawn2.particlespawner","2031","C8907C8699513F45D2BB9803190D9EA078C9704C8FE3509EE7F54E8C701F5FC2"
"particle-spawners","Totem_Heal_BeamStart","_Test/HealTotem/Spawners/Totem_Heal_BeamStart","Server/Particles/_Test/HealTotem/Spawners/Totem_Heal_BeamStart.particlespawner","1866","D3FE095BE5B03EFC23B2BAB492D0698AC94A1483D3EB35272FC1D32E73DF0771"
"particle-spawners","Totem_Heal_BeamStart2","_Test/HealTotem/Spawners/Totem_Heal_BeamStart2","Server/Particles/_Test/HealTotem/Spawners/Totem_Heal_BeamStart2.particlespawner","1889","B19C8F5087833C28249035793585BCC5D5F5EB8A911D1215724C93B74827C463"
"particle-spawners","Totem_Heal_CircleGround_Start","_Test/HealTotem/Spawners/Totem_Heal_CircleGround_Start","Server/Particles/_Test/HealTotem/Spawners/Totem_Heal_CircleGround_Start.particlespawner","1901","326E5380F674BE0C70D7C64B649D006C241E496604988E7973A3AFE854CEAF62"
"particle-spawners","Totem_Heal_Extra_Smoke","_Test/HealTotem/Spawners/Totem_Heal_Extra_Smoke","Server/Particles/_Test/HealTotem/Spawners/Totem_Heal_Extra_Smoke.particlespawner","2516","6CEFF16A6C2864E19CB2999F1772F8DB636EB75021BB88FF8ECED3958CD3DF7A"
"particle-spawners","Totem_Heal_Extra_Smoke_Dense","_Test/HealTotem/Spawners/Totem_Heal_Extra_Smoke_Dense","Server/Particles/_Test/HealTotem/Spawners/Totem_Heal_Extra_Smoke_Dense.particlespawner","2800","77D59093220CB14C7079C704920FEE1948A5B91CDA7FDC453687928BE30FC19F"
"particle-spawners","Totem_Heal_Extra_Sparks","_Test/HealTotem/Spawners/Totem_Heal_Extra_Sparks","Server/Particles/_Test/HealTotem/Spawners/Totem_Heal_Extra_Sparks.particlespawner","2111","483684C3F9DB00B6A918C6A7CFAAF15F6FA6634AC4655304F384A08C22932817"
"particle-spawners","Totem_Heal_GlowStart","_Test/HealTotem/Spawners/Totem_Heal_GlowStart","Server/Particles/_Test/HealTotem/Spawners/Totem_Heal_GlowStart.particlespawner","1915","5698FCA445088F642A58ECE3E6754F2E0B91C1EE465CA53D683AF66733958D9B"
"particle-spawners","Totem_Heal_Ground_Constant","_Test/HealTotem/Spawners/Totem_Heal_Ground_Constant","Server/Particles/_Test/HealTotem/Spawners/Totem_Heal_Ground_Constant.particlespawner","1955","F2D76CFFCF367853F8F539ECFFFBBDA6C897B45D75879958FA530D9B573B5E78"
"particle-spawners","Totem_Heal_Ground_Constant2","_Test/HealTotem/Spawners/Totem_Heal_Ground_Constant2","Server/Particles/_Test/HealTotem/Spawners/Totem_Heal_Ground_Constant2.particlespawner","2519","8B1361F0E770B8A7493B826138255C2DCD07194FE02BC9B551DA75A50D500AD5"
"particle-spawners","Totem_Heal_Ground_Line","_Test/HealTotem/Spawners/Totem_Heal_Ground_Line","Server/Particles/_Test/HealTotem/Spawners/Totem_Heal_Ground_Line.particlespawner","1441","72154A478CC9031E8C48046415B3E7781B8040B402C507297F004860B0063567"
"particle-spawners","Totem_Heal_GroundSpawn","_Test/HealTotem/Spawners/Totem_Heal_GroundSpawn","Server/Particles/_Test/HealTotem/Spawners/Totem_Heal_GroundSpawn.particlespawner","2031","05E8660A988F1AAB7E71C0A926DF6EB41D5187A7C98B13F1B428DF035777F79F"
"particle-spawners","Totem_Heal_Lines_Constant","_Test/HealTotem/Spawners/Totem_Heal_Lines_Constant","Server/Particles/_Test/HealTotem/Spawners/Totem_Heal_Lines_Constant.particlespawner","2028","BB6809C8AD3A09EC885DFD02CFF0033535A4022D51C198ACE6EE4239B9C483DC"
"particle-spawners","Totem_Heal_Smoke","_Test/HealTotem/Spawners/Totem_Heal_Smoke","Server/Particles/_Test/HealTotem/Spawners/Totem_Heal_Smoke.particlespawner","2308","65B4CCC346D9923AEA2C8C52AFBAF52FC9BDD664AACEFD587592752A274980D0"
"particle-spawners","Totem_Heal_SmokeFlat","_Test/HealTotem/Spawners/Totem_Heal_SmokeFlat","Server/Particles/_Test/HealTotem/Spawners/Totem_Heal_SmokeFlat.particlespawner","1655","548260CD3C38023E1EF640F4D413868BB0D6E3086546EB9163F8488C8C7113E9"
"particle-spawners","Totem_Heal_SmokeFlat_Constant","_Test/HealTotem/Spawners/Totem_Heal_SmokeFlat_Constant","Server/Particles/_Test/HealTotem/Spawners/Totem_Heal_SmokeFlat_Constant.particlespawner","1925","24446359DA36627CA37FA9DE32B30D1E375D2671D307840CD0C6C2CF11480BB5"
"particle-spawners","Totem_Heal_Sparks_Constant","_Test/HealTotem/Spawners/Totem_Heal_Sparks_Constant","Server/Particles/_Test/HealTotem/Spawners/Totem_Heal_Sparks_Constant.particlespawner","2032","C0B1949E931BB3E9A04ED602D1E0A1D50B4903E9EA8C318C4C09B215337C813A"
"particle-spawners","Totem_Heal_SparksStart","_Test/HealTotem/Spawners/Totem_Heal_SparksStart","Server/Particles/_Test/HealTotem/Spawners/Totem_Heal_SparksStart.particlespawner","2089","9E4C580C4C46BD343284800C2B66409124A63693E52AAB8CFF9CD8CFE5FA9DAC"
"particle-spawners","Totem_Heal_StartLine","_Test/HealTotem/Spawners/Totem_Heal_StartLine","Server/Particles/_Test/HealTotem/Spawners/Totem_Heal_StartLine.particlespawner","1497","C5824B2A2C06757958012F78E70586BD8B71E0B72C4AED926D405AE9D8F87F1D"
"particle-spawners","Totem_Heal_TopIcon_Arc","_Test/HealTotem/Spawners/Totem_Heal_TopIcon_Arc","Server/Particles/_Test/HealTotem/Spawners/Totem_Heal_TopIcon_Arc.particlespawner","1392","5624A3D6F1950FD6C7848418A345CBBD549CD8F05066521D6D8332D48ACE55E9"
"particle-spawners","Totem_Heal_TopIcon_Glow","_Test/HealTotem/Spawners/Totem_Heal_TopIcon_Glow","Server/Particles/_Test/HealTotem/Spawners/Totem_Heal_TopIcon_Glow.particlespawner","1778","DD21480879788C48BE44A174D8B53838B6C790559364275E3BB89D8AF51E2C0E"
"particle-spawners","Totem_Heal_TopIcon_Plus","_Test/HealTotem/Spawners/Totem_Heal_TopIcon_Plus","Server/Particles/_Test/HealTotem/Spawners/Totem_Heal_TopIcon_Plus.particlespawner","1640","F21D59D038FA7B6B1FD59B9BA51633E5590949FF011EEF73D6A676BF0B82B89C"
"particle-spawners","Totem_Heal_Uhr","_Test/HealTotem/Spawners/Totem_Heal_Uhr","Server/Particles/_Test/HealTotem/Spawners/Totem_Heal_Uhr.particlespawner","1784","1059F3E5FB944190552F84B3238B445B824331F899F0947BA104A5AB389FFCEC"
"particle-spawners","ForgottenTemple_Beam","_Test/MagicRnD/Beam/ForgottenTemple_Beam","Server/Particles/_Test/MagicRnD/Beam/ForgottenTemple_Beam.particlespawner","1721","84EB0E4B0425018921CC32902754C5E9C95B99DA51E1F83ECE74826AF7216667"
"particle-spawners","ForgottenTemple_Beam_Exposion","_Test/MagicRnD/Beam/ForgottenTemple_Beam_Exposion","Server/Particles/_Test/MagicRnD/Beam/ForgottenTemple_Beam_Exposion.particlespawner","1771","B91D279E7F2C6A8BD222018EC525896437883F92C16824D8DD926F8B1B19D078"
"particle-spawners","ForgottenTemple_Beam_Lightning","_Test/MagicRnD/Beam/ForgottenTemple_Beam_Lightning","Server/Particles/_Test/MagicRnD/Beam/ForgottenTemple_Beam_Lightning.particlespawner","1774","8D895E00C7CCA01C8AC5C3E0F64BDF17BCD8F9EC162E3315F400489E788C6ED4"
"particle-spawners","ForgottenTemple_Beam_Static","_Test/MagicRnD/Beam/ForgottenTemple_Beam_Static","Server/Particles/_Test/MagicRnD/Beam/ForgottenTemple_Beam_Static.particlespawner","1674","AF4BCFD63DE8A8FFE8D4E4320EE7572201348A2EB97D8554646C863AA342F000"
"particle-spawners","ForgottenTemple_Beam2","_Test/MagicRnD/Beam/ForgottenTemple_Beam2","Server/Particles/_Test/MagicRnD/Beam/ForgottenTemple_Beam2.particlespawner","1838","1196A0AE8E1C81F631C3D59879C78F40ADCEBB80E110A4B742D984288F558D2A"
"particle-spawners","Test_Beam","_Test/MagicRnD/Beam/Test_Beam","Server/Particles/_Test/MagicRnD/Beam/Test_Beam.particlespawner","1726","74AAEDEBCE89800A09BA5DAE654F0034A769E625EA01AFE68140EAAA1E4DB305"
"particle-spawners","Test_Beam_Core","_Test/MagicRnD/Beam/Test_Beam_Core","Server/Particles/_Test/MagicRnD/Beam/Test_Beam_Core.particlespawner","1366","8719789396A66F274D1506C2B5FA603BFD4CACE009DC9A6A882FF3CC69569BDC"
"particle-spawners","Test_Beam_Exposion","_Test/MagicRnD/Beam/Test_Beam_Exposion","Server/Particles/_Test/MagicRnD/Beam/Test_Beam_Exposion.particlespawner","1770","B63BA59FACA89E9BDE11786FBFC0D3AA56E1BD81AC4395B1824E839599D61117"
"particle-spawners","Test_Beam_Lightning","_Test/MagicRnD/Beam/Test_Beam_Lightning","Server/Particles/_Test/MagicRnD/Beam/Test_Beam_Lightning.particlespawner","1774","316170A71DC4D6CD735D01A55A9CAF2A6E09036205AF0F559880557DE2F8A0B7"
"particle-spawners","Test_Beam_Static","_Test/MagicRnD/Beam/Test_Beam_Static","Server/Particles/_Test/MagicRnD/Beam/Test_Beam_Static.particlespawner","1620","A03DDF355D001CB555F156C267E12D3D0203A25266D1555689BCBFE7FBDDF134"
"particle-spawners","Test_Beam_Static2","_Test/MagicRnD/Beam/Test_Beam_Static2","Server/Particles/_Test/MagicRnD/Beam/Test_Beam_Static2.particlespawner","1607","CA828D1EDE9343F7B4703F111ADE9350F6E34BAC48707C864709B569BE35334C"
"particle-spawners","Test_Beam2","_Test/MagicRnD/Beam/Test_Beam2","Server/Particles/_Test/MagicRnD/Beam/Test_Beam2.particlespawner","1838","5C66BFB5D2C2C7F19DD4F05957F550FA80CF29DC0DE42CF4A6BFD33F8C4B8C52"
"particle-spawners","Test_Cast_Buff","_Test/MagicRnD/Buff/Test_Cast_Buff","Server/Particles/_Test/MagicRnD/Buff/Test_Cast_Buff.particlespawner","1730","31B8E96A3B17CD86D235105A4086B5893624F0E778100538845ECC5471B3404D"
"particle-spawners","Test_Cast_Buff_Circle","_Test/MagicRnD/Buff/Test_Cast_Buff_Circle","Server/Particles/_Test/MagicRnD/Buff/Test_Cast_Buff_Circle.particlespawner","1205","7D1AD9CD6A1F83A9576575F3858EE2D846FDBD7023C6B4991C306703F62D6F08"
"particle-spawners","Test_Cast_Buff_Core","_Test/MagicRnD/Buff/Test_Cast_Buff_Core","Server/Particles/_Test/MagicRnD/Buff/Test_Cast_Buff_Core.particlespawner","1161","6EDAD650544F9AE42FC53DBAE856396B4572F71C16F3F712125A61F0C4B789B0"
"particle-spawners","Test_Cast_Buff_Flash","_Test/MagicRnD/Buff/Test_Cast_Buff_Flash","Server/Particles/_Test/MagicRnD/Buff/Test_Cast_Buff_Flash.particlespawner","2272","0527330391959178244AD7CBF1C296CA5A41CAB33DBD9D81670ABCB5FF618F1C"
"particle-spawners","Test_Cast_Buff_Glow","_Test/MagicRnD/Buff/Test_Cast_Buff_Glow","Server/Particles/_Test/MagicRnD/Buff/Test_Cast_Buff_Glow.particlespawner","1475","6A406CB37DA18704A9A8A663FD4FC2D41BDB7F2FC98B408517FF603CA0456222"
"particle-spawners","Test_Cast_Buff_Glow_Star","_Test/MagicRnD/Buff/Test_Cast_Buff_Glow_Star","Server/Particles/_Test/MagicRnD/Buff/Test_Cast_Buff_Glow_Star.particlespawner","1423","9D577B7774CA8020743A230418627FE01D2C0405CCEDA6C961448C732C6D8C85"
"particle-spawners","Test_Cast_Buff_Rays","_Test/MagicRnD/Buff/Test_Cast_Buff_Rays","Server/Particles/_Test/MagicRnD/Buff/Test_Cast_Buff_Rays.particlespawner","1845","138CD66C04382B9F8D45F9C65B7D35A6D8441C267D6A40DF258DB69BDD7BC133"
"particle-spawners","Test_Cast_Buff_Shield","_Test/MagicRnD/Buff/Test_Cast_Buff_Shield","Server/Particles/_Test/MagicRnD/Buff/Test_Cast_Buff_Shield.particlespawner","1907","98C1A337736785ABCC822E5FFB3C17F56DDF81034CF2864E58C78C9491EFC828"
"particle-spawners","Test_Cast_Buff_Shield2","_Test/MagicRnD/Buff/Test_Cast_Buff_Shield2","Server/Particles/_Test/MagicRnD/Buff/Test_Cast_Buff_Shield2.particlespawner","2116","1BFD7D02C1C706DE91690A90BCB22E4731BA3EEAF3BF418D6CB7B3E9DE810D6F"
"particle-spawners","Test_Cast_Buff_Shield3","_Test/MagicRnD/Buff/Test_Cast_Buff_Shield3","Server/Particles/_Test/MagicRnD/Buff/Test_Cast_Buff_Shield3.particlespawner","2170","FE1729AA9F2EDBCC790B3226EDF109B289F8025FD86600415741A010221F6213"
"particle-spawners","Test_Cast_Buff_Shockwave","_Test/MagicRnD/Buff/Test_Cast_Buff_Shockwave","Server/Particles/_Test/MagicRnD/Buff/Test_Cast_Buff_Shockwave.particlespawner","2085","4AD9048E145AEC7BD705C19E50B61BDECDE18E26F9CC3DF0D43D8B3A32DD6B73"
"particle-spawners","Test_Cast_Buff_Shockwave2","_Test/MagicRnD/Buff/Test_Cast_Buff_Shockwave2","Server/Particles/_Test/MagicRnD/Buff/Test_Cast_Buff_Shockwave2.particlespawner","2998","77876E59E5A503CBD6586E2A67D93A84DC3D66C85FCB0FD363F55129236B0A02"
"particle-spawners","Test_Cast_Buff_Sparks","_Test/MagicRnD/Buff/Test_Cast_Buff_Sparks","Server/Particles/_Test/MagicRnD/Buff/Test_Cast_Buff_Sparks.particlespawner","2115","6534AC5DE8A896876B821BFA3D9E1A66FBAA96DFD8D27101DCF293F26CFE32DF"
"particle-spawners","Test_Cast_Buff_Star","_Test/MagicRnD/Buff/Test_Cast_Buff_Star","Server/Particles/_Test/MagicRnD/Buff/Test_Cast_Buff_Star.particlespawner","1197","744E34D903A74B57EA8F64797B21080ACDEE4C02F462B2D76B3145DB4E4B25ED"
"particle-spawners","Test_Cast_Buff_Trail","_Test/MagicRnD/Buff/Test_Cast_Buff_Trail","Server/Particles/_Test/MagicRnD/Buff/Test_Cast_Buff_Trail.particlespawner","1725","373898935F5B75051CB63A5568DEA9690FAF72C98B7A27B53403534946B5C345"
"particle-spawners","Test_Magic_Explosion_Crack","_Test/MagicRnD/Buff/Test_Magic_Explosion_Crack","Server/Particles/_Test/MagicRnD/Buff/Test_Magic_Explosion_Crack.particlespawner","2534","4A77149BA815A14268481F1B08E457BB7FBC81860F11EF9E380D867E5718467D"
"particle-spawners","Test_Projectile_Trail","_Test/MagicRnD/Buff/Test_Projectile_Trail","Server/Particles/_Test/MagicRnD/Buff/Test_Projectile_Trail.particlespawner","2298","C5727C2A0D1678ADD0CE5CBC3682175F14C6AD8C57BC6491F8C7C20CAED18A07"
"particle-spawners","Test_Mage_Orb_Smoke_Core","_Test/MagicRnD/Orb/Test_Mage_Orb_Smoke_Core","Server/Particles/_Test/MagicRnD/Orb/Test_Mage_Orb_Smoke_Core.particlespawner","2350","0C5CB67FBAA5AB555018359E2F31DE664FFBDDA3EEEF79A3C0393E67FD89E18E"
"particle-spawners","Test_Mage_Orb_Smoke2","_Test/MagicRnD/Orb/Test_Mage_Orb_Smoke2","Server/Particles/_Test/MagicRnD/Orb/Test_Mage_Orb_Smoke2.particlespawner","1304","A6D8E2F06B89521CADF616A56F40974E58CF0C1DBEE1DB4303799A2F4BAE3F76"
"particle-spawners","Test_Mage_Orb_Smoke3","_Test/MagicRnD/Orb/Test_Mage_Orb_Smoke3","Server/Particles/_Test/MagicRnD/Orb/Test_Mage_Orb_Smoke3.particlespawner","1311","2CC0ABA79202CCD152D448881F0A28E96817C8413E64274C3B251817F50290FD"
"particle-spawners","Test_Mage_Orb_Sparks","_Test/MagicRnD/Orb/Test_Mage_Orb_Sparks","Server/Particles/_Test/MagicRnD/Orb/Test_Mage_Orb_Sparks.particlespawner","1508","1C9F5A93FA6B184099E758E5980D1A017E5A6B568C06F975C317684799C247EF"
"particle-spawners","NatureBeam_Beam","_Test/NatureRnD/NatureBeam_Beam","Server/Particles/_Test/NatureRnD/NatureBeam_Beam.particlespawner","2080","40300E97888B9EF91B3B5AAF7FEBCA4073513C7DEA1943F5B9CCCAF2D8C291A0"
"particle-spawners","NatureBeam_Beam_Overlay","_Test/NatureRnD/NatureBeam_Beam_Overlay","Server/Particles/_Test/NatureRnD/NatureBeam_Beam_Overlay.particlespawner","2126","289F1BC63C51667BBFED3E3A695C5962E13D6D59A192B336632CDF9006772695"
"particle-spawners","NatureBeam_Core","_Test/NatureRnD/NatureBeam_Core","Server/Particles/_Test/NatureRnD/NatureBeam_Core.particlespawner","1952","94EE265C71B27C4983FFDFD3CCAD7211895C43DA2F47884EE6C6021A122963FB"
"particle-spawners","NatureBeam_End","_Test/NatureRnD/NatureBeam_End","Server/Particles/_Test/NatureRnD/NatureBeam_End.particlespawner","2012","B2D269B605468676562B90B8B274BC9CAEE2565CDF560CD051231A89A52937FC"
"particle-spawners","NatureBeam_Glow_Start","_Test/NatureRnD/NatureBeam_Glow_Start","Server/Particles/_Test/NatureRnD/NatureBeam_Glow_Start.particlespawner","1365","137B29190274AE1EBD0A65BDC844164C176326AF1F9336B09AF84BC8C0DA4885"
"particle-spawners","NatureBeam_Sparks","_Test/NatureRnD/NatureBeam_Sparks","Server/Particles/_Test/NatureRnD/NatureBeam_Sparks.particlespawner","2640","53A1588C9B00A07334B8E981849FE1B5B1312A96E5CB206507448F1BFE0F4CA9"
"particle-spawners","NatureBeam_Start","_Test/NatureRnD/NatureBeam_Start","Server/Particles/_Test/NatureRnD/NatureBeam_Start.particlespawner","1862","271FD327A8ED41AA3977CAB9B2F160FF20ABDBDD3D033C288F631127F5BB2917"
"particle-spawners","NatureBeam_Start2","_Test/NatureRnD/NatureBeam_Start2","Server/Particles/_Test/NatureRnD/NatureBeam_Start2.particlespawner","2238","46ECB196E120BE39F1788F5538D66B8C0F316775298622FFD8981A83FA950F4A"
"particle-spawners","Totem_Slow_AGroundSpawn2","_Test/SlowTotem/Spawners/Totem_Slow_AGroundSpawn2","Server/Particles/_Test/SlowTotem/Spawners/Totem_Slow_AGroundSpawn2.particlespawner","2031","C7574402667FC75C92243769D276C8D5B484801FFDF1CE71F94AF8942CD4B898"
"particle-spawners","Totem_Slow_BeamStart","_Test/SlowTotem/Spawners/Totem_Slow_BeamStart","Server/Particles/_Test/SlowTotem/Spawners/Totem_Slow_BeamStart.particlespawner","1866","B85EEF4273AE3C4AC39D671DCF25430B4DCC9B695B0E4834E19CDE44DF682EA0"
"particle-spawners","Totem_Slow_BeamStart2","_Test/SlowTotem/Spawners/Totem_Slow_BeamStart2","Server/Particles/_Test/SlowTotem/Spawners/Totem_Slow_BeamStart2.particlespawner","1889","778F76D5DA05C73A374666A90B8DB7C20037765851F659D2BA98874E7558DA3B"
"particle-spawners","Totem_Slow_CircleGround_Start","_Test/SlowTotem/Spawners/Totem_Slow_CircleGround_Start","Server/Particles/_Test/SlowTotem/Spawners/Totem_Slow_CircleGround_Start.particlespawner","1901","326E5380F674BE0C70D7C64B649D006C241E496604988E7973A3AFE854CEAF62"
"particle-spawners","Totem_Slow_Extra_Smoke","_Test/SlowTotem/Spawners/Totem_Slow_Extra_Smoke","Server/Particles/_Test/SlowTotem/Spawners/Totem_Slow_Extra_Smoke.particlespawner","2516","4EB832ECC25F3B8A0C1D6F171B39EEA83C52C95BA30F8EDDC6745139BD65956D"
"particle-spawners","Totem_Slow_Extra_Smoke_Dense","_Test/SlowTotem/Spawners/Totem_Slow_Extra_Smoke_Dense","Server/Particles/_Test/SlowTotem/Spawners/Totem_Slow_Extra_Smoke_Dense.particlespawner","2800","7953DF61AF7DA386E05DE4972AAF51E8FB0F3EDB9D3F12214D394E70261C0CEE"
"particle-spawners","Totem_Slow_Extra_Sparks","_Test/SlowTotem/Spawners/Totem_Slow_Extra_Sparks","Server/Particles/_Test/SlowTotem/Spawners/Totem_Slow_Extra_Sparks.particlespawner","2111","25883AF1DAD94E1F9753BAF5B375F547F039BCC59AC646C80020F1BE9822423C"
"particle-spawners","Totem_Slow_GlowStart","_Test/SlowTotem/Spawners/Totem_Slow_GlowStart","Server/Particles/_Test/SlowTotem/Spawners/Totem_Slow_GlowStart.particlespawner","1914","16D3E004929F6B61AB298220F9631556370D51DF89CA9D576B002DA36ADD1892"
"particle-spawners","Totem_Slow_Ground_Constant","_Test/SlowTotem/Spawners/Totem_Slow_Ground_Constant","Server/Particles/_Test/SlowTotem/Spawners/Totem_Slow_Ground_Constant.particlespawner","1955","D6786E315216239CD7F74E515EEBC673462169F434C71BF4749B9C8929594F30"
"particle-spawners","Totem_Slow_Ground_Constant2","_Test/SlowTotem/Spawners/Totem_Slow_Ground_Constant2","Server/Particles/_Test/SlowTotem/Spawners/Totem_Slow_Ground_Constant2.particlespawner","2519","8B1361F0E770B8A7493B826138255C2DCD07194FE02BC9B551DA75A50D500AD5"
"particle-spawners","Totem_Slow_Ground_Line","_Test/SlowTotem/Spawners/Totem_Slow_Ground_Line","Server/Particles/_Test/SlowTotem/Spawners/Totem_Slow_Ground_Line.particlespawner","1441","63ADD62EE5963BBB81AA821F22A924BB83CCE488B299D83B7F09ECC27EF08A9C"
"particle-spawners","Totem_Slow_GroundSpawn","_Test/SlowTotem/Spawners/Totem_Slow_GroundSpawn","Server/Particles/_Test/SlowTotem/Spawners/Totem_Slow_GroundSpawn.particlespawner","2031","C40830E91A920AE51ECF4A804C9BFF25E38B42E21A48E566D33A37EE10AC3BCF"
"particle-spawners","Totem_Slow_Lines_Constant","_Test/SlowTotem/Spawners/Totem_Slow_Lines_Constant","Server/Particles/_Test/SlowTotem/Spawners/Totem_Slow_Lines_Constant.particlespawner","2028","9A6E8B80F80CFD620AFCE60BF77A834E11EE3E3CACBD4122A3E61FA85CA54473"
"particle-spawners","Totem_Slow_Smoke","_Test/SlowTotem/Spawners/Totem_Slow_Smoke","Server/Particles/_Test/SlowTotem/Spawners/Totem_Slow_Smoke.particlespawner","2307","C17A619EDAB3CAA70A72330547AECB04AC003A2061658337468DDAF4CA218C4C"
"particle-spawners","Totem_Slow_SmokeFlat","_Test/SlowTotem/Spawners/Totem_Slow_SmokeFlat","Server/Particles/_Test/SlowTotem/Spawners/Totem_Slow_SmokeFlat.particlespawner","1655","06B8ACBFDFF1C5C5F1E4DF6CCFD571BAEE0208C5D794DDE7F488F2315C8346BB"
"particle-spawners","Totem_Slow_SmokeFlat_Constant","_Test/SlowTotem/Spawners/Totem_Slow_SmokeFlat_Constant","Server/Particles/_Test/SlowTotem/Spawners/Totem_Slow_SmokeFlat_Constant.particlespawner","1925","9125DC86A79AFF75029E9B8453B536056A768BA86CB4C159F056B66F78374C01"
"particle-spawners","Totem_Slow_Sparks_Constant","_Test/SlowTotem/Spawners/Totem_Slow_Sparks_Constant","Server/Particles/_Test/SlowTotem/Spawners/Totem_Slow_Sparks_Constant.particlespawner","2032","0A0E6AB46EE1B0FABF17F0398E8B6675D9F9706E6E0BF10B3295911DDECCA3D8"
"particle-spawners","Totem_Slow_SparksStart","_Test/SlowTotem/Spawners/Totem_Slow_SparksStart","Server/Particles/_Test/SlowTotem/Spawners/Totem_Slow_SparksStart.particlespawner","2088","13864B63B1511B25F02403478BD3AF4136378266046AF5E3532B450B712691AD"
"particle-spawners","Totem_Slow_StartLine","_Test/SlowTotem/Spawners/Totem_Slow_StartLine","Server/Particles/_Test/SlowTotem/Spawners/Totem_Slow_StartLine.particlespawner","1497","E97E0B19DF2452E0053AE1BA2DEF08C4E3692F49D3AF740AEA7F5634E57AB719"
"particle-spawners","Totem_Slow_Uhr","_Test/SlowTotem/Spawners/Totem_Slow_Uhr","Server/Particles/_Test/SlowTotem/Spawners/Totem_Slow_Uhr.particlespawner","1784","7D7D4B878751E17C96FC32B43058A78D97FE1419EE30C81D2803B55043B329CD"
"particle-spawners","Dust_Sparks_Floor_Whole","_Test/SmokesRnD/Spawners/Dust_Sparks_Floor_Whole","Server/Particles/_Test/SmokesRnD/Spawners/Dust_Sparks_Floor_Whole.particlespawner","2004","7DEF76213F7D8A59814C2F0C6CB8B53FBAACDE7401A7B597A0E230D12608040D"
"particle-spawners","Smoke_Brazier_Dungeon","_Test/SmokesRnD/Spawners/Smoke_Brazier_Dungeon","Server/Particles/_Test/SmokesRnD/Spawners/Smoke_Brazier_Dungeon.particlespawner","2190","4D7717B2BF37C5EA0E21574D6B5CD682C5F3E90AFE4D784B43279EE3C5072D4C"
"particle-spawners","Smoke_Brazier_Dungeon_Floor","_Test/SmokesRnD/Spawners/Smoke_Brazier_Dungeon_Floor","Server/Particles/_Test/SmokesRnD/Spawners/Smoke_Brazier_Dungeon_Floor.particlespawner","1770","9B0A84BAC6818F492F80C53B3F4850A8BE2174FE5546B3EB865336B206B07CAB"
"particle-spawners","Smoke_Brazier_Dungeon_Green","_Test/SmokesRnD/Spawners/Smoke_Brazier_Dungeon_Green","Server/Particles/_Test/SmokesRnD/Spawners/Smoke_Brazier_Dungeon_Green.particlespawner","1977","3B99D46BBAD94D309C5F6F2F3921605D84A57260DA8556E842B665F30099241F"
"particle-spawners","Smoke_Deco_Purple","_Test/SmokesRnD/Spawners/Smoke_Deco_Purple","Server/Particles/_Test/SmokesRnD/Spawners/Smoke_Deco_Purple.particlespawner","2287","F848CDF72F00D8DACC30B9143F61CFA42271D808B4CACC7CBC17C6CBB73E2C39"
"particle-spawners","Smoke_Dungeon_Floor","_Test/SmokesRnD/Spawners/Smoke_Dungeon_Floor","Server/Particles/_Test/SmokesRnD/Spawners/Smoke_Dungeon_Floor.particlespawner","2530","95E42DDA633E1C53BD5E58B2D7A494E4EEEF843862F1383AD3FF5712A6FE68FE"
"particle-spawners","Smoke_Dungeon_Floor_Green","_Test/SmokesRnD/Spawners/Smoke_Dungeon_Floor_Green","Server/Particles/_Test/SmokesRnD/Spawners/Smoke_Dungeon_Floor_Green.particlespawner","2322","E6CE7316CC0D4FF6375E4B8D431A02A97FBA4658A98E5BF08CE823E5F0EB1000"
"particle-spawners","Smoke_Dungeon_Floor_GS","_Test/SmokesRnD/Spawners/Smoke_Dungeon_Floor_GS","Server/Particles/_Test/SmokesRnD/Spawners/Smoke_Dungeon_Floor_GS.particlespawner","2344","D73594686E515631F6ABD60A7349021281B333C265F4653CE12B7D01F52C24D6"
"particle-spawners","Smoke_Dust_Sparks_Floor2","_Test/SmokesRnD/Spawners/Smoke_Dust_Sparks_Floor2","Server/Particles/_Test/SmokesRnD/Spawners/Smoke_Dust_Sparks_Floor2.particlespawner","2219","06B6057E6868B91E4DCE8A153E0CAEB510E2C88A183EE5B31E429D22D85BAE06"
"particle-spawners","Smoke_Fluffy_Floor","_Test/SmokesRnD/Spawners/Smoke_Fluffy_Floor","Server/Particles/_Test/SmokesRnD/Spawners/Smoke_Fluffy_Floor.particlespawner","2258","3C2D083607D5BC179151E6F9CB98CD8AFCE647260E39F180507408FA8A6E3C11"
"particle-spawners","Smoke_Fluffy_Floor2","_Test/SmokesRnD/Spawners/Smoke_Fluffy_Floor2","Server/Particles/_Test/SmokesRnD/Spawners/Smoke_Fluffy_Floor2.particlespawner","2175","1C8D7F56322FCFD8507DB640B5DEC6B9B10A5F78AAF0603257C991D534BE3D2D"
"particle-spawners","Smoke_Long_16f","_Test/SmokesRnD/Spawners/Smoke_Long_16f","Server/Particles/_Test/SmokesRnD/Spawners/Smoke_Long_16f.particlespawner","3858","F3739AFA9B94BB3ACB50ABD2470E9F9DEA0C135BBC9CB71DC226FEB6F2E719F3"
"particle-spawners","Smoke_Long_Big_Static","_Test/SmokesRnD/Spawners/Smoke_Long_Big_Static","Server/Particles/_Test/SmokesRnD/Spawners/Smoke_Long_Big_Static.particlespawner","2572","4B849CD6DA1DC9DFA32BE81A3F8B0DC4D0131D64AA9BBA0F10A575B75851E305"
"particle-spawners","Smoke_Long_Floor_Hole","_Test/SmokesRnD/Spawners/Smoke_Long_Floor_Hole","Server/Particles/_Test/SmokesRnD/Spawners/Smoke_Long_Floor_Hole.particlespawner","2288","FDB527CCF521D4A4CFBD40C97B0AF8BAF15C5C75CD8C04F596D9C69880ADF1AC"
"particle-spawners","Smoke_Round_Small","_Test/SmokesRnD/Spawners/Smoke_Round_Small","Server/Particles/_Test/SmokesRnD/Spawners/Smoke_Round_Small.particlespawner","2354","E72DF0D92B93F5644C821A9D9CB490B1DC7607F736F2FEBC050CC764A3265201"
"particle-spawners","Smoke_Round_Statue_Low","_Test/SmokesRnD/Spawners/Smoke_Round_Statue_Low","Server/Particles/_Test/SmokesRnD/Spawners/Smoke_Round_Statue_Low.particlespawner","2786","D7F48678DA8520442F250F6D60663D193C5846C0C32B3B91CACD7CE26F26CEA6"
"particle-spawners","Smoke_Round_Statue_Low2","_Test/SmokesRnD/Spawners/Smoke_Round_Statue_Low2","Server/Particles/_Test/SmokesRnD/Spawners/Smoke_Round_Statue_Low2.particlespawner","1974","B6D86F63FB3C1F21DC308012B462C0FC3A044176FD1B98570C41BC29830622A1"
"particle-spawners","Smoke_Statue_Long_Static","_Test/SmokesRnD/Spawners/Smoke_Statue_Long_Static","Server/Particles/_Test/SmokesRnD/Spawners/Smoke_Statue_Long_Static.particlespawner","2422","9F98607460364EED1A4CC5F9E07C5C8DF0C0249A4F1D38EC1EA641DE20C3E161"
"particle-spawners","Smoke_Tall_Round_Down","_Test/SmokesRnD/Spawners/Smoke_Tall_Round_Down","Server/Particles/_Test/SmokesRnD/Spawners/Smoke_Tall_Round_Down.particlespawner","2185","E046A5370A002443D4506DCCD8C7EA1EED3DCE4071336E7E7929985E6F253F21"
"particle-spawners","Smoke_Tall_Round_Up","_Test/SmokesRnD/Spawners/Smoke_Tall_Round_Up","Server/Particles/_Test/SmokesRnD/Spawners/Smoke_Tall_Round_Up.particlespawner","2478","1575EE8E58ADD7E978B46A033FA4C5406F99B2158CFB160FBB34BFB8FFFB5357"
"particle-spawners","Smpke_Dust_Sparks_Floor","_Test/SmokesRnD/Spawners/Smpke_Dust_Sparks_Floor","Server/Particles/_Test/SmokesRnD/Spawners/Smpke_Dust_Sparks_Floor.particlespawner","2011","AA7E73529B4352F5CD28AD7AAAC257DBEA5C71B3540C9C5A6A6E6F4C26C2853E"
"particle-spawners","Test_Smoke2_Keep","_Test/SmokesRnD/Spawners/Test_Smoke2_Keep","Server/Particles/_Test/SmokesRnD/Spawners/Test_Smoke2_Keep.particlespawner","4061","0A2EA48B0BF9E04155430AECB6D28DA66575B4AA87F54E0C2BD309247157CFEA"
"particle-spawners","Test_Smoke3_Keep","_Test/SmokesRnD/Spawners/Test_Smoke3_Keep","Server/Particles/_Test/SmokesRnD/Spawners/Test_Smoke3_Keep.particlespawner","3433","2632F825C5C88407F1AA2535D382A03FFAF929F455401A0C177BCD8C2A6D9A82"
"particle-spawners","Circles_Orange","_Test/Sticks/Spawners/Circles_Orange","Server/Particles/_Test/Sticks/Spawners/Circles_Orange.particlespawner","2091","8467AF628BB0846DD612C56BAE313FCA660A4D7BB669659BF37676BE217FE6AB"
"particle-spawners","Circles_Red","_Test/Sticks/Spawners/Circles_Red","Server/Particles/_Test/Sticks/Spawners/Circles_Red.particlespawner","2091","390DCCE5E4CCAB292DC584DE48270A57E32412B2E8A1DB9F3DCC203789A8789B"
"particle-spawners","Circles_Yellow","_Test/Sticks/Spawners/Circles_Yellow","Server/Particles/_Test/Sticks/Spawners/Circles_Yellow.particlespawner","2091","A45E173965789343ABCCC1450A6979D71BA1684830DFD7A6D43B3A307BBBAF54"
"particle-spawners","E_Glow_FP","_Test/Sticks/Spawners/E_Glow_FP","Server/Particles/_Test/Sticks/Spawners/E_Glow_FP.particlespawner","1227","95168B65F2EA55A606229684079B590A2D9E85D2F34D67CC0BF08959EA2A1276"
"particle-spawners","H2Parry_Glow","_Test/Sticks/Spawners/H2Parry_Glow","Server/Particles/_Test/Sticks/Spawners/H2Parry_Glow.particlespawner","1407","6441E4914282EBEAE53B726DA391B9ED442236EA50152D5A96E15449706C0464"
"particle-spawners","H2Parry_GlowFP","_Test/Sticks/Spawners/H2Parry_GlowFP","Server/Particles/_Test/Sticks/Spawners/H2Parry_GlowFP.particlespawner","1407","B300CD00F3094AEC016A3B4FB6837D440FFB6A4C5508D8EF9836EB433F229E8E"
"particle-spawners","H2Parry_Sparks","_Test/Sticks/Spawners/H2Parry_Sparks","Server/Particles/_Test/Sticks/Spawners/H2Parry_Sparks.particlespawner","2328","BB343CC5CCB8E1C5F940A8C8A9118DF5B976E05990B8E540232226776A18D735"
"particle-spawners","H2Parry_SparksFP","_Test/Sticks/Spawners/H2Parry_SparksFP","Server/Particles/_Test/Sticks/Spawners/H2Parry_SparksFP.particlespawner","2328","B1CB1C3AA0746CBC629848AF6096BBB3DFD7250D8F74EDAAFFDA1A60317C1F5B"
"particle-spawners","Heal_Stick_Smoke","_Test/Sticks/Spawners/Heal_Stick_Smoke","Server/Particles/_Test/Sticks/Spawners/Heal_Stick_Smoke.particlespawner","2312","D2F85A9EC83A4DD4E6A0B9F7E8F1E244FC455C3A2EFC75FF8C77700947D3D844"
"particle-spawners","Heal_Stick_ThornsUp1","_Test/Sticks/Spawners/Heal_Stick_ThornsUp1","Server/Particles/_Test/Sticks/Spawners/Heal_Stick_ThornsUp1.particlespawner","3412","C891C543F183BA7206DA9E60670FA082F82FBFF06AE81D512DADD5F94FF1CF94"
"particle-spawners","Heal_Stick_ThornsUp2","_Test/Sticks/Spawners/Heal_Stick_ThornsUp2","Server/Particles/_Test/Sticks/Spawners/Heal_Stick_ThornsUp2.particlespawner","3381","6188A330251846EDC36CD42ADA734ED93A7DB9EEC002C0902B6A85C26E3B516D"
"particle-spawners","Heal_Stick_ThornsUp3","_Test/Sticks/Spawners/Heal_Stick_ThornsUp3","Server/Particles/_Test/Sticks/Spawners/Heal_Stick_ThornsUp3.particlespawner","3175","21306D4221DEE19EC8CC909EDB2F4B444731E1535B510B9497FA188C07E4DDAF"
"particle-spawners","Heal_Stick_Whip_Whip","_Test/Sticks/Spawners/Heal_Stick_Whip_Whip","Server/Particles/_Test/Sticks/Spawners/Heal_Stick_Whip_Whip.particlespawner","3377","D659C915C4C6FDBB8B7919869D83D25F2CF4D43636AF66B2465C40335214EF69"
"particle-spawners","Heal_Stick_Whip_Whip2","_Test/Sticks/Spawners/Heal_Stick_Whip_Whip2","Server/Particles/_Test/Sticks/Spawners/Heal_Stick_Whip_Whip2.particlespawner","3342","C599D812B83F3401C7675C7F9B7F5628686602595500D70EF73140855BA8B7B1"
"particle-spawners","Heal_Stick_Whip_Whip3","_Test/Sticks/Spawners/Heal_Stick_Whip_Whip3","Server/Particles/_Test/Sticks/Spawners/Heal_Stick_Whip_Whip3.particlespawner","3140","E99B2895D13E6901FE1E152764FCE1E1988E6D71672EA0C095CD32773FC55B20"
"particle-spawners","HealingStick_Spin_LeavesOnStick","_Test/Sticks/Spawners/HealingStick_Spin_LeavesOnStick","Server/Particles/_Test/Sticks/Spawners/HealingStick_Spin_LeavesOnStick.particlespawner","2119","AC901337AFFD89DDBF4AF48B5D1BF6DC48F987B8180DE084972832FBF2243855"
"particle-spawners","HealingStick_Spin_SparksOnStick","_Test/Sticks/Spawners/HealingStick_Spin_SparksOnStick","Server/Particles/_Test/Sticks/Spawners/HealingStick_Spin_SparksOnStick.particlespawner","2003","570FFDE3FC336ECDC0FE6E41A1FC41013B0A0317332BC7FF98B472DEA62A4349"
"particle-spawners","HealingStick_Spin2FP_LeavesOnStick","_Test/Sticks/Spawners/HealingStick_Spin2FP_LeavesOnStick","Server/Particles/_Test/Sticks/Spawners/HealingStick_Spin2FP_LeavesOnStick.particlespawner","2077","44C9C40E075BAEA2682459D9D67BDE853E207B633D79261AA74B625925619282"
"particle-spawners","HealingStick_Spin2FP_SparksOnStick","_Test/Sticks/Spawners/HealingStick_Spin2FP_SparksOnStick","Server/Particles/_Test/Sticks/Spawners/HealingStick_Spin2FP_SparksOnStick.particlespawner","2003","09FC7B9FA0F46DDB44D034B75A386EB7898F69FEB61948D034FEA982845459F1"
"particle-spawners","HealthStick_Spin_Leaves","_Test/Sticks/Spawners/HealthStick_Spin_Leaves","Server/Particles/_Test/Sticks/Spawners/HealthStick_Spin_Leaves.particlespawner","2244","3ADCCFE62F7A4CCEC58EF2BDFE65800C83B493C7B464DA3E0E7312BCF796C806"
"particle-spawners","HealthStick_Spin_Lines","_Test/Sticks/Spawners/HealthStick_Spin_Lines","Server/Particles/_Test/Sticks/Spawners/HealthStick_Spin_Lines.particlespawner","2098","6B82185C065B9C903AAFDD37FB8EE30862079C412E5F9790DFF42A30BC16FB95"
"particle-spawners","HealthStick_Spin_Sparks","_Test/Sticks/Spawners/HealthStick_Spin_Sparks","Server/Particles/_Test/Sticks/Spawners/HealthStick_Spin_Sparks.particlespawner","2174","8CBCF0C7A59236035C948CA30D2C49AF4BBECEB49AE93D158D693BA408352CFA"
"particle-spawners","HealthStick_SpinRelease_Leaves","_Test/Sticks/Spawners/HealthStick_SpinRelease_Leaves","Server/Particles/_Test/Sticks/Spawners/HealthStick_SpinRelease_Leaves.particlespawner","2118","BFDB02EACCBFB89C5A1614C19EBE40719C32A6ECBD1C6D74E68A0C582CE0C8A5"
"particle-spawners","Nature_Bolt_Trail_Intense","_Test/Sticks/Spawners/Nature_Bolt_Trail_Intense","Server/Particles/_Test/Sticks/Spawners/Nature_Bolt_Trail_Intense.particlespawner","2031","ED5B1E082EF2FA96A156A20BE24C02F8265D62B9E272455A6532F7DFFD36F082"
"particle-spawners","Nature_Buff_LeavesUp","_Test/Sticks/Spawners/Nature_Buff_LeavesUp","Server/Particles/_Test/Sticks/Spawners/Nature_Buff_LeavesUp.particlespawner","2725","F59D69E20F1654EB0AF84748C845FC9E866FD3DE025FDD17670147738647717F"
"particle-spawners","Nature_Buff_Mist","_Test/Sticks/Spawners/Nature_Buff_Mist","Server/Particles/_Test/Sticks/Spawners/Nature_Buff_Mist.particlespawner","2204","6436D1733FA43EFA1A960D89B3760D4D72B32A6351A55CDFF35AC9433AC60E22"
"particle-spawners","Nature_Buff_Projectile1","_Test/Sticks/Spawners/Nature_Buff_Projectile1","Server/Particles/_Test/Sticks/Spawners/Nature_Buff_Projectile1.particlespawner","1368","D4D71B7C5AE227369B26D9208E399D3288E3290C958EA34FB25C30BEEB3A66B1"
"particle-spawners","Nature_Buff_Projectile2","_Test/Sticks/Spawners/Nature_Buff_Projectile2","Server/Particles/_Test/Sticks/Spawners/Nature_Buff_Projectile2.particlespawner","1473","E9A31AFE90757608EB9AD9F6B304AB16225A21AF8ED43DCC9E4BF7B071973BBF"
"particle-spawners","Nature_Buff_Shockwave","_Test/Sticks/Spawners/Nature_Buff_Shockwave","Server/Particles/_Test/Sticks/Spawners/Nature_Buff_Shockwave.particlespawner","3066","F037FC8C34F010C692B4E337566C65596EA335E0FE735FB5CA6D4C92D441EA98"
"particle-spawners","Nature_Buff_Source","_Test/Sticks/Spawners/Nature_Buff_Source","Server/Particles/_Test/Sticks/Spawners/Nature_Buff_Source.particlespawner","1196","41EAF45BE2D25D10794DA182C22C10F6A97BBB6D8EE0F53D957491356CCDC847"
"particle-spawners","Nature_Buff_Source2","_Test/Sticks/Spawners/Nature_Buff_Source2","Server/Particles/_Test/Sticks/Spawners/Nature_Buff_Source2.particlespawner","1678","CDC97ED2C396EB18497D0AA83B43D153D1DABF16519CFF8FF8AACC7C6918BE33"
"particle-spawners","Nature_Buff_Source3","_Test/Sticks/Spawners/Nature_Buff_Source3","Server/Particles/_Test/Sticks/Spawners/Nature_Buff_Source3.particlespawner","1474","0D0F3D263ADBE38B3580D3453175C41C589FDA0AE98A68ECEEEA81F3B1E19645"
"particle-spawners","Nature_Buff_SourceGlow","_Test/Sticks/Spawners/Nature_Buff_SourceGlow","Server/Particles/_Test/Sticks/Spawners/Nature_Buff_SourceGlow.particlespawner","1473","2901C6B6ED8E7B8DB9DAD90F20E701B9C7211BA6D656936187B69D641ED37A78"
"particle-spawners","Nature_Buff_SparksSource","_Test/Sticks/Spawners/Nature_Buff_SparksSource","Server/Particles/_Test/Sticks/Spawners/Nature_Buff_SparksSource.particlespawner","2179","63C9DC09F5BDC10E17ADC66453EA4023BA8D8B5DE951DFD94CB6E54BEFDD0042"
"particle-spawners","Nature_Buff_SparksUp","_Test/Sticks/Spawners/Nature_Buff_SparksUp","Server/Particles/_Test/Sticks/Spawners/Nature_Buff_SparksUp.particlespawner","2637","E473AFEEBBEF6D862569F723EBE1176CEDE1F22CF891F347DAF41B0B6617A427"
"particle-spawners","Nature_Buff_Spawn1","_Test/Sticks/Spawners/Nature_Buff_Spawn1","Server/Particles/_Test/Sticks/Spawners/Nature_Buff_Spawn1.particlespawner","1422","9F20C5EC16461D193BAD2717CAE8B24C96DAE641B201560112C4404DCF2995FA"
"particle-spawners","Nature_Buff_Spawn2","_Test/Sticks/Spawners/Nature_Buff_Spawn2","Server/Particles/_Test/Sticks/Spawners/Nature_Buff_Spawn2.particlespawner","1474","96385C342ED6B586B05B0CC72F62FAC496DF738A34E157CD4EED2959930914CC"
"particle-spawners","OneH_Stick_HeavyStab_Activated_Flash","_Test/Sticks/Spawners/OneH_Stick_HeavyStab_Activated_Flash","Server/Particles/_Test/Sticks/Spawners/OneH_Stick_HeavyStab_Activated_Flash.particlespawner","2751","F7054A87893ED72A3AF7049BB0776EF65AB64F6F4E2894551ADE0DCA2BE9D992"
"particle-spawners","OneH_Stick_HeavyStab_Activated_Glow","_Test/Sticks/Spawners/OneH_Stick_HeavyStab_Activated_Glow","Server/Particles/_Test/Sticks/Spawners/OneH_Stick_HeavyStab_Activated_Glow.particlespawner","2162","E286FEA80E972D5ABBE6D1EA86C015D3E297CF2FF6DFC12C63FEFD9EB0D7C6E9"
"particle-spawners","Parry_Glow","_Test/Sticks/Spawners/Parry_Glow","Server/Particles/_Test/Sticks/Spawners/Parry_Glow.particlespawner","1407","12D41E4D1E48771B6116AEFE83E1FA5016FC0096863926E3F084BA5270A050C8"
"particle-spawners","Parry_GlowFP","_Test/Sticks/Spawners/Parry_GlowFP","Server/Particles/_Test/Sticks/Spawners/Parry_GlowFP.particlespawner","1408","6AE3FD6987A7014070BECDF8B0A3CBFD27499655AC0F22587AAB5C48FF84FC54"
"particle-spawners","Parry_Sparks","_Test/Sticks/Spawners/Parry_Sparks","Server/Particles/_Test/Sticks/Spawners/Parry_Sparks.particlespawner","2329","BDF745C33893F4698AA604E3FDF6B3FDBC253C8D44313CB862366A69D9F47800"
"particle-spawners","Parry_SparksFP","_Test/Sticks/Spawners/Parry_SparksFP","Server/Particles/_Test/Sticks/Spawners/Parry_SparksFP.particlespawner","2329","D21A86B9D0598823EBB08CCEF2A9DA98DD97BF4DAE7B2A97108A6AA391CC29C4"
"particle-spawners","Stick_Charging_Sparks_Orange","_Test/Sticks/Spawners/Stick_Charging_Sparks_Orange","Server/Particles/_Test/Sticks/Spawners/Stick_Charging_Sparks_Orange.particlespawner","2473","32F9E329318ADADC96E3E950421A73A04826E3BDB8430BC253129C9AD6B8DA7C"
"particle-spawners","Stick_Charging_Sparks_Red","_Test/Sticks/Spawners/Stick_Charging_Sparks_Red","Server/Particles/_Test/Sticks/Spawners/Stick_Charging_Sparks_Red.particlespawner","2473","53E297255F3E3B70762956EE2DE2D4CCC84ADC3002C74924AE5E35B1A2D88E58"
"particle-spawners","Stick_Charging_Sparks_Yellow","_Test/Sticks/Spawners/Stick_Charging_Sparks_Yellow","Server/Particles/_Test/Sticks/Spawners/Stick_Charging_Sparks_Yellow.particlespawner","2473","C0B9A2C11057A1ADCD80B3A366550A484538E47B6599CA8BD4081FB78FBB775E"
"particle-spawners","Stick_Slam_Distortion_Large","_Test/Sticks/Spawners/Stick_Slam_Distortion_Large","Server/Particles/_Test/Sticks/Spawners/Stick_Slam_Distortion_Large.particlespawner","2013","0A5019102A93ABAD0A44AFE4BB482F6FF8E680055BF3DDBC28B60F216F90C48E"
"particle-spawners","Stick_Slam_Distortion_Medium","_Test/Sticks/Spawners/Stick_Slam_Distortion_Medium","Server/Particles/_Test/Sticks/Spawners/Stick_Slam_Distortion_Medium.particlespawner","2013","B811948517D363D66EFD208DCAFCB01426E256E678BE94A97950EBB25E1763F6"
"particle-spawners","Stick_Slam_Distortion_Small","_Test/Sticks/Spawners/Stick_Slam_Distortion_Small","Server/Particles/_Test/Sticks/Spawners/Stick_Slam_Distortion_Small.particlespawner","2017","770984C6F0DD8E5D9BD4551A4B04DCCF1085B5FE4680C4CEA466846743C0E09F"
"particle-spawners","Stick_Slam_Ground_AlphaWave","_Test/Sticks/Spawners/Stick_Slam_Ground_AlphaWave","Server/Particles/_Test/Sticks/Spawners/Stick_Slam_Ground_AlphaWave.particlespawner","1807","211F94A24D1997865A94E1121A08BD7EFB2CC2FC626E1C9B71AC76077A59652B"
"particle-spawners","Stick_Slam_Ground_Debris","_Test/Sticks/Spawners/Stick_Slam_Ground_Debris","Server/Particles/_Test/Sticks/Spawners/Stick_Slam_Ground_Debris.particlespawner","2737","6751C6527B6CC1A658FC4E7E853B87175A2267764718A5E045CAB56161A3654C"
"particle-spawners","Stick_Slam_Ground_Hit","_Test/Sticks/Spawners/Stick_Slam_Ground_Hit","Server/Particles/_Test/Sticks/Spawners/Stick_Slam_Ground_Hit.particlespawner","2209","F8F021AE4F77DE780AFED475F473D81B46CDD8A726218C0BE1FEC397B157A97B"
"particle-spawners","Stick_Slam_Ground_Hit2","_Test/Sticks/Spawners/Stick_Slam_Ground_Hit2","Server/Particles/_Test/Sticks/Spawners/Stick_Slam_Ground_Hit2.particlespawner","2188","F25B2F0253DA24304FE502116E47F2EEA0D967D2821C536F0F931ED7C353997D"
"particle-spawners","Stick_Slam_Ground_Large_Beam","_Test/Sticks/Spawners/Stick_Slam_Ground_Large_Beam","Server/Particles/_Test/Sticks/Spawners/Stick_Slam_Ground_Large_Beam.particlespawner","1422","2DBD59407D1903F58AA462A7594BE7B3636CE66477F4E36044D69C463E84465B"
"particle-spawners","Stick_Slam_Ground_Large_Beam_Constant","_Test/Sticks/Spawners/Stick_Slam_Ground_Large_Beam_Constant","Server/Particles/_Test/Sticks/Spawners/Stick_Slam_Ground_Large_Beam_Constant.particlespawner","1743","5DABA718DF739C6534C1F8745EE84AFC5A04878CCAE8492F8B2F09861E9F647D"
"particle-spawners","Stick_Slam_Ground_Medium_Beam","_Test/Sticks/Spawners/Stick_Slam_Ground_Medium_Beam","Server/Particles/_Test/Sticks/Spawners/Stick_Slam_Ground_Medium_Beam.particlespawner","1397","5559B3EF5F5EA2FA746E07B01534E053D2F0FCE965F3D9FBEAA43E5CC6433CBB"
"particle-spawners","Stick_Slam_Ground_Medium_Debris","_Test/Sticks/Spawners/Stick_Slam_Ground_Medium_Debris","Server/Particles/_Test/Sticks/Spawners/Stick_Slam_Ground_Medium_Debris.particlespawner","2737","9B824E4FC529F3A89C0120C495E436176721B532B1F3CAD1A23FC67A0CCFB0A2"
"particle-spawners","Stick_Slam_Ground_Small_Debris","_Test/Sticks/Spawners/Stick_Slam_Ground_Small_Debris","Server/Particles/_Test/Sticks/Spawners/Stick_Slam_Ground_Small_Debris.particlespawner","2699","7822EAB2FDDE9A0F9A0F0BC6112A9D9482AA2221BAB602715B8FCF126D6C0F75"
"particle-spawners","Stick_Slam_Lines_Large","_Test/Sticks/Spawners/Stick_Slam_Lines_Large","Server/Particles/_Test/Sticks/Spawners/Stick_Slam_Lines_Large.particlespawner","2730","C62EC5664DB0737A23099ED9EC004A23FA2F508E21F21B704A5ED1C5E10C0DC0"
"particle-spawners","Stick_Slam_Lines_Medium","_Test/Sticks/Spawners/Stick_Slam_Lines_Medium","Server/Particles/_Test/Sticks/Spawners/Stick_Slam_Lines_Medium.particlespawner","2728","F247423BF1FC9BBD3FDAA06CDB28EE3E3A211DD8E1FD1791D4184276F2C55BE8"
"particle-spawners","Stick_Slam_Lines_Small","_Test/Sticks/Spawners/Stick_Slam_Lines_Small","Server/Particles/_Test/Sticks/Spawners/Stick_Slam_Lines_Small.particlespawner","2730","BEC1C598CC90692987465C002EDC58E4A9B1AD22E4458F6DBF6C25BF8DD86F1C"
"particle-spawners","Stick_Slam_Shockwave","_Test/Sticks/Spawners/Stick_Slam_Shockwave","Server/Particles/_Test/Sticks/Spawners/Stick_Slam_Shockwave.particlespawner","1644","5118E94C7A18202DB0BC93CA09E398D9FD50318BE3B10DFBC438AECD051DF0E7"
"particle-spawners","Stick_Slam_Shockwave_Large","_Test/Sticks/Spawners/Stick_Slam_Shockwave_Large","Server/Particles/_Test/Sticks/Spawners/Stick_Slam_Shockwave_Large.particlespawner","2047","9E36437FCE1505996B637DA7CAC430FE694FD25F7060F8A983A26D5BBF1092A7"
"particle-spawners","Stick_Slam_Shockwave_Medium","_Test/Sticks/Spawners/Stick_Slam_Shockwave_Medium","Server/Particles/_Test/Sticks/Spawners/Stick_Slam_Shockwave_Medium.particlespawner","1646","83D65835141763893F066554996DC4FC2F3ABC5A8B05221B260241E9DC5E2BA0"
"particle-spawners","Stick_Slam_Shockwave_Small","_Test/Sticks/Spawners/Stick_Slam_Shockwave_Small","Server/Particles/_Test/Sticks/Spawners/Stick_Slam_Shockwave_Small.particlespawner","1536","8A59F3809E4093DE391927735A6F0BA62DA90413D50E66B1CE40469901D8D5A8"
"particle-spawners","Stick_Slam_ShockwaveAlpha_Large","_Test/Sticks/Spawners/Stick_Slam_ShockwaveAlpha_Large","Server/Particles/_Test/Sticks/Spawners/Stick_Slam_ShockwaveAlpha_Large.particlespawner","1857","0A89BD7DB8F5AD09966783D810DBBF708122C43AEBA2DA9C2CF6C4EC11B35AB4"
"particle-spawners","Stick_Slam_ShockwaveAlpha_Medium","_Test/Sticks/Spawners/Stick_Slam_ShockwaveAlpha_Medium","Server/Particles/_Test/Sticks/Spawners/Stick_Slam_ShockwaveAlpha_Medium.particlespawner","1807","32313815E17959627210687303B0BA2415FF8B3717FF45BECEFA8AECF6F9B4A1"
"particle-spawners","Stick_Slam_ShockwaveAlpha_Small","_Test/Sticks/Spawners/Stick_Slam_ShockwaveAlpha_Small","Server/Particles/_Test/Sticks/Spawners/Stick_Slam_ShockwaveAlpha_Small.particlespawner","1807","FFABA6E7B3ABE45C29AFF4CD090722466B9F08CE8302F8BBD59E6B6FF400305A"
"particle-spawners","Water_Splash","_Test/WaterRnD/Spawners/Water_Splash","Server/Particles/_Test/WaterRnD/Spawners/Water_Splash.particlespawner","2833","AC479E53FBAA7A19E50D439EFE454A724EFFC9665A0BACD1F7AFDADD21C57966"
"particle-spawners","Water_Splash_Alpha_Animated","_Test/WaterRnD/Spawners/Water_Splash_Alpha_Animated","Server/Particles/_Test/WaterRnD/Spawners/Water_Splash_Alpha_Animated.particlespawner","2688","F778A02D420F25B0E31320AE9C662B7961E53D12AD8E31553EE576AA903D2161"
"particle-spawners","Water_Splash_Alpha_Sides","_Test/WaterRnD/Spawners/Water_Splash_Alpha_Sides","Server/Particles/_Test/WaterRnD/Spawners/Water_Splash_Alpha_Sides.particlespawner","2144","9AE8D4D1311ED83CCBD03BA082FFB867A3D645B856903B5CA70CC1CF1C3C8FE6"
"particle-spawners","Water_Splash_Animated_Sides","_Test/WaterRnD/Spawners/Water_Splash_Animated_Sides","Server/Particles/_Test/WaterRnD/Spawners/Water_Splash_Animated_Sides.particlespawner","2628","5638D4B17A1B889EDA1EC06C5D352A999B01C1262C41A22FDF0C296D829B39A3"
"particle-spawners","Water_Splash_Animated_Sides_Flat","_Test/WaterRnD/Spawners/Water_Splash_Animated_Sides_Flat","Server/Particles/_Test/WaterRnD/Spawners/Water_Splash_Animated_Sides_Flat.particlespawner","2747","C2C61677078ADC024D9F73399BC42542CC0BD3ABA96DEC70B52FC39E963AA00E"
"particle-spawners","Water_Splash_Animated_Sides_Flat_White","_Test/WaterRnD/Spawners/Water_Splash_Animated_Sides_Flat_White","Server/Particles/_Test/WaterRnD/Spawners/Water_Splash_Animated_Sides_Flat_White.particlespawner","2744","FB6E74F16F8B8AA0A69372DB6432A665C5A5F38B46CBF3B3CE5445744C9F80F4"
"particle-spawners","Water_Splash_Circle","_Test/WaterRnD/Spawners/Water_Splash_Circle","Server/Particles/_Test/WaterRnD/Spawners/Water_Splash_Circle.particlespawner","2220","E0F9E48A0B3F0C76DA048C40DF90A2317420EB75CEC52F27FC749EDFBA6AED34"
"particle-spawners","Water_Splash_Circle_Small","_Test/WaterRnD/Spawners/Water_Splash_Circle_Small","Server/Particles/_Test/WaterRnD/Spawners/Water_Splash_Circle_Small.particlespawner","2234","88E35146F104C8341ABA2B021B678CABBA30381F2A1B0EAA319BBE6F49BD6FBE"
"particle-spawners","Water_Splash_Core","_Test/WaterRnD/Spawners/Water_Splash_Core","Server/Particles/_Test/WaterRnD/Spawners/Water_Splash_Core.particlespawner","2069","E055A55FCE466E9EE61D4BB2E588C900CB19AE6BD28A59C94D027C4BCCFE0305"
"particle-spawners","Water_Splash_Core2","_Test/WaterRnD/Spawners/Water_Splash_Core2","Server/Particles/_Test/WaterRnD/Spawners/Water_Splash_Core2.particlespawner","2301","C55FD7A2F5A25E640701F01825BAB606528169B454375BD0149E8DD634D8D38C"
"particle-spawners","Water_Splash_Distortion","_Test/WaterRnD/Spawners/Water_Splash_Distortion","Server/Particles/_Test/WaterRnD/Spawners/Water_Splash_Distortion.particlespawner","2873","6239B6227A8D54380E0C8636DC377C4E828B9D29B7A249D71F514E910E16AB74"
"particle-spawners","Water_Splash_Drops","_Test/WaterRnD/Spawners/Water_Splash_Drops","Server/Particles/_Test/WaterRnD/Spawners/Water_Splash_Drops.particlespawner","2010","7A9A047DEE22805788EB3D8F0EFF3244A484AF7C8816AAFCC00E8C2788CD5A36"
"particle-spawners","Water_Splash_Drops_Ver1","_Test/WaterRnD/Spawners/Water_Splash_Drops_Ver1","Server/Particles/_Test/WaterRnD/Spawners/Water_Splash_Drops_Ver1.particlespawner","2242","410B7AC16F7610DC0E20D1DED57F53E97CD039B4A3C72698D98ECAE395D23436"
"particle-spawners","Water_Splash_Drops_Ver4","_Test/WaterRnD/Spawners/Water_Splash_Drops_Ver4","Server/Particles/_Test/WaterRnD/Spawners/Water_Splash_Drops_Ver4.particlespawner","2197","FDBD2955AD36D4DC99B6C4799394B31F96B4C485CB7BFE7065F87B3252F21ABB"
"particle-spawners","Water_Splash_DropsColor_Ver1","_Test/WaterRnD/Spawners/Water_Splash_DropsColor_Ver1","Server/Particles/_Test/WaterRnD/Spawners/Water_Splash_DropsColor_Ver1.particlespawner","2208","52198BF793DC1AB7796F8576FCB70F7FEEFBA671D390BDFAEE44DA6B9B71680A"
"particle-spawners","Water_Splash_Erosion_Sides","_Test/WaterRnD/Spawners/Water_Splash_Erosion_Sides","Server/Particles/_Test/WaterRnD/Spawners/Water_Splash_Erosion_Sides.particlespawner","2225","E373DB920E6E60134ED9EF10924DD9CA0BF9A0221CDE831CF676C29E002E83F0"
"particle-spawners","Debug_Ability_Ground_Crack_Parts","Abilities/Debug_Ability_Ground_Crack_Parts","Server/Particles/Abilities/Debug_Ability_Ground_Crack_Parts.particlespawner","2622","219D18C3C76E5236ABB0DB8357F673CEE9EEA3FC4B05FC85A7C86F86AA6547AB"
"particle-spawners","Debug_Ability_Spike_Dust","Abilities/Debug_Ability_Spike_Dust","Server/Particles/Abilities/Debug_Ability_Spike_Dust.particlespawner","1774","80A2B2BCDE8DA5AD33A277459AC6F74A8CF15EA644F92C6244DBBC55773A65AE"
"particle-spawners","Debug_Ability_Spike_Parts","Abilities/Debug_Ability_Spike_Parts","Server/Particles/Abilities/Debug_Ability_Spike_Parts.particlespawner","2651","439BEB5AAC4C39BDF2EE362A39D34C6BACDDD53DE1C670F9D2CE0E434D2D09BD"
"particle-spawners","Debug_Ability_Spike_Sparks","Abilities/Debug_Ability_Spike_Sparks","Server/Particles/Abilities/Debug_Ability_Spike_Sparks.particlespawner","2668","B036E9BDEC5D3F80096548E23D8012B867D7104135B5C57328A12354E0EED1A5"
"particle-spawners","Block_Top_Glow_Alpha","Block/Block_Top_Glow_Alpha","Server/Particles/Block/Block_Top_Glow_Alpha.particlespawner","2224","C6BB902B56F8E333889448D7284E5ACE40382F29BF6E9775BCCB58B236D65AD0"
"particle-spawners","Block_Top_Glow_Erosion","Block/Block_Top_Glow_Erosion","Server/Particles/Block/Block_Top_Glow_Erosion.particlespawner","2212","8E88B765B794A96AFEECDD0E7447686CEDEFD1C8E68049B05A07A6C3293AFA94"
"particle-spawners","Block_Break_Clay_Parts","Block/Clay/Spawners/Block_Break_Clay_Parts","Server/Particles/Block/Clay/Spawners/Block_Break_Clay_Parts.particlespawner","2529","26589A61CF1480EAFE31D370578401564F5591AC30B705C61B6A6FF31F3344F9"
"particle-spawners","Block_Break_Crystal_Parts","Block/Crystal/Spawners/Block_Break_Crystal_Parts","Server/Particles/Block/Crystal/Spawners/Block_Break_Crystal_Parts.particlespawner","2402","CFE912D6C1624350EB346D1D595EA6894E8FD1F18A038155D61E7A7B34C18315"
"particle-spawners","Block_Break_Crystal_Sparks","Block/Crystal/Spawners/Block_Break_Crystal_Sparks","Server/Particles/Block/Crystal/Spawners/Block_Break_Crystal_Sparks.particlespawner","2140","E8938DD2B3EF52405C08590811546B2890BA2316C38DE60FB7B1F0B09B3E24F5"
"particle-spawners","Block_Break_Ore_Parts","Block/Crystal/Spawners/Block_Break_Ore_Parts","Server/Particles/Block/Crystal/Spawners/Block_Break_Ore_Parts.particlespawner","2396","6331693D53894F9E5D8D16EE4E4323681D97661E8322E74BFEBB217A790F918E"
"particle-spawners","Block_Hit_Dust_Bits_Crystal","Block/Crystal/Spawners/Block_Hit_Dust_Bits_Crystal","Server/Particles/Block/Crystal/Spawners/Block_Hit_Dust_Bits_Crystal.particlespawner","2417","83FC2E34E724D232A05CD3F86FE00FC838FF33A6C320CB61F5FB09A2BF409A4D"
"particle-spawners","Block_Land_Crystal_Parts","Block/Crystal/Spawners/Block_Land_Crystal_Parts","Server/Particles/Block/Crystal/Spawners/Block_Land_Crystal_Parts.particlespawner","2347","17BD2EA1C737B0FFD12C2CEB0AC723B34E8597BA6D0FB7A4518342867241BA80"
"particle-spawners","Block_Land_Crystal_Soft","Block/Crystal/Spawners/Block_Land_Crystal_Soft","Server/Particles/Block/Crystal/Spawners/Block_Land_Crystal_Soft.particlespawner","1961","F42A2A417BC857597FAFB8E02DC07CF5BD19BD8A1585528F04A2A832F68E24E5"
"particle-spawners","Block_Land_Hard_Crystal_Glow","Block/Crystal/Spawners/Block_Land_Hard_Crystal_Glow","Server/Particles/Block/Crystal/Spawners/Block_Land_Hard_Crystal_Glow.particlespawner","1592","461CEF17424A7FD584A42E72DBC1601922A01563D48A59F1C3D82DE36F9C8342"
"particle-spawners","Block_Land_Soft_Crystal_Glow","Block/Crystal/Spawners/Block_Land_Soft_Crystal_Glow","Server/Particles/Block/Crystal/Spawners/Block_Land_Soft_Crystal_Glow.particlespawner","1299","D39692A547FC1E7C3EDA5BA1F2D3DBC4BABCAAAAD8A373CA2B4D68A9A759AA2B"
"particle-spawners","Block_Run_Crystal_Sparks_Big","Block/Crystal/Spawners/Block_Run_Crystal_Sparks_Big","Server/Particles/Block/Crystal/Spawners/Block_Run_Crystal_Sparks_Big.particlespawner","1979","6A057DC85898A4F9D81FB21165F30FC0366EB5911F739A6151A88C25A1281E2F"
"particle-spawners","Block_Sprint_Crystal_Glow","Block/Crystal/Spawners/Block_Sprint_Crystal_Glow","Server/Particles/Block/Crystal/Spawners/Block_Sprint_Crystal_Glow.particlespawner","1465","BB3CE3F498F4B4E37D9A4ED73220360F4CE76A63128EC318BD89E925C2E202DD"
"particle-spawners","Block_Sprint_Crystals_Sparks_Big","Block/Crystal/Spawners/Block_Sprint_Crystals_Sparks_Big","Server/Particles/Block/Crystal/Spawners/Block_Sprint_Crystals_Sparks_Big.particlespawner","1904","654E40952481D7DB26DB79A656C41E9D0B12E8C66F43F6F84C24FBBF647B8C62"
"particle-spawners","Crystal_Glow","Block/Crystal/Spawners/Crystal_Glow","Server/Particles/Block/Crystal/Spawners/Crystal_Glow.particlespawner","1343","741BCCB513DE0F7249911AB48C8FC2FBA2F45F4FC658013655D9F95CF08D8BA5"
"particle-spawners","Crystal_Sparks","Block/Crystal/Spawners/Crystal_Sparks","Server/Particles/Block/Crystal/Spawners/Crystal_Sparks.particlespawner","2814","5A6414C5B51D43881C74B57D1F05F0F7FF774FEAB420463E920569115A25ED33"
"particle-spawners","Gem_Sparks","Block/Crystal/Spawners/Gem_Sparks","Server/Particles/Block/Crystal/Spawners/Gem_Sparks.particlespawner","2153","0B3E91517A16EC75748D8D7265D7833F2668A2CC54D4A6BC183513BA2DD5BACD"
"particle-spawners","Block_Break_Dirt_Parts","Block/Dirt/Spawners/Block_Break_Dirt_Parts","Server/Particles/Block/Dirt/Spawners/Block_Break_Dirt_Parts.particlespawner","2655","55180E8E7C09B30AA418A30E0F882C258E315FE3B74B22A6F64AD2A9A5C86655"
"particle-spawners","Block_Break_Dirt_Parts_Grey","Block/Dirt/Spawners/Block_Break_Dirt_Parts_Grey","Server/Particles/Block/Dirt/Spawners/Block_Break_Dirt_Parts_Grey.particlespawner","2709","0506FE1D3B9D66D325303F24AFACE5CDEF3DDF4B23472EF28F7343E0B286F163"
"particle-spawners","Block_Hit_Dirt_Parts","Block/Dirt/Spawners/Block_Hit_Dirt_Parts","Server/Particles/Block/Dirt/Spawners/Block_Hit_Dirt_Parts.particlespawner","2667","BBFBD4093F5E1E8EFA649A9C1923C9054FFD5FCD74C914F18EEA87640D925335"
"particle-spawners","Block_Land_Dirt_Parts","Block/Dirt/Spawners/Block_Land_Dirt_Parts","Server/Particles/Block/Dirt/Spawners/Block_Land_Dirt_Parts.particlespawner","2520","5698F937210F88EA6A8E4B9D2019CD4D9669C0E721A40BB3B91AC2372D0739D9"
"particle-spawners","Block_Land_Dirt_Parts_Small","Block/Dirt/Spawners/Block_Land_Dirt_Parts_Small","Server/Particles/Block/Dirt/Spawners/Block_Land_Dirt_Parts_Small.particlespawner","2641","037356450AC2179C89589E8DAC96D585A4A2D6D31A7CA64D97246C39E3A3F487"
"particle-spawners","Block_Land_Hard_Dirt_Dust","Block/Dirt/Spawners/Block_Land_Hard_Dirt_Dust","Server/Particles/Block/Dirt/Spawners/Block_Land_Hard_Dirt_Dust.particlespawner","2614","EFC8D4CE0701E4E5F9860AA82A43796788B99E500A310F0BCDEA0B6620F598A1"
"particle-spawners","Block_Land_Soft_Dirt_Dust","Block/Dirt/Spawners/Block_Land_Soft_Dirt_Dust","Server/Particles/Block/Dirt/Spawners/Block_Land_Soft_Dirt_Dust.particlespawner","2359","0ADCF64B26A3A421756EC2C655F1EC35A0A8241B7243E1A77D6A31DEA50B2650"
"particle-spawners","Block_Run_Dirt_Dust","Block/Dirt/Spawners/Block_Run_Dirt_Dust","Server/Particles/Block/Dirt/Spawners/Block_Run_Dirt_Dust.particlespawner","2844","CC90EA1BF166B85446A1517335B087BA110A32A7012A76CF04EAF5BB3E5BC3D5"
"particle-spawners","Block_Run_Dirt_Parts","Block/Dirt/Spawners/Block_Run_Dirt_Parts","Server/Particles/Block/Dirt/Spawners/Block_Run_Dirt_Parts.particlespawner","2640","69245FEE29D65BE365A06A8CBAA4E9CD230CCB5893B7194C40BC1BE976685E7A"
"particle-spawners","Block_Sprint_Dirt_Dust","Block/Dirt/Spawners/Block_Sprint_Dirt_Dust","Server/Particles/Block/Dirt/Spawners/Block_Sprint_Dirt_Dust.particlespawner","2853","E6EB653CE4FC01A2BF0E97CBCA8782C16BFB0A6B5B54A983F8F4847AE854346D"
"particle-spawners","Block_Sprint_Dirt_Parts","Block/Dirt/Spawners/Block_Sprint_Dirt_Parts","Server/Particles/Block/Dirt/Spawners/Block_Sprint_Dirt_Parts.particlespawner","2750","110D464092DEEDBD250119FFFAE876C66FB4AE3DF1243A26585817E6472DD45C"
"particle-spawners","Block_Break_Dust","Block/Dust/Spawners/Block_Break_Dust","Server/Particles/Block/Dust/Spawners/Block_Break_Dust.particlespawner","1774","80A2B2BCDE8DA5AD33A277459AC6F74A8CF15EA644F92C6244DBBC55773A65AE"
"particle-spawners","Block_Build_Generic_Dust_Spawner","Block/Dust/Spawners/Block_Build_Generic_Dust_Spawner","Server/Particles/Block/Dust/Spawners/Block_Build_Generic_Dust_Spawner.particlespawner","2565","17DA50F54AEFF45D57DA31DFE13EBFE91610E9329C064F4BC05D2DC30542A833"
"particle-spawners","Block_Hit_Dust_Bits","Block/Dust/Spawners/Block_Hit_Dust_Bits","Server/Particles/Block/Dust/Spawners/Block_Hit_Dust_Bits.particlespawner","2642","991902C46935B69D0AEBE42416FD1B1CC7D13E9A6D465F5EF2668ACBFB3EA17D"
"particle-spawners","Block_Land_Dust_Bits","Block/Dust/Spawners/Block_Land_Dust_Bits","Server/Particles/Block/Dust/Spawners/Block_Land_Dust_Bits.particlespawner","2453","5563F47D31477F0FAEDAFCF82C30331C048279FD5CF8A6460A488525C66E948B"
"particle-spawners","Block_Land_Hard_Dust_Cloud","Block/Dust/Spawners/Block_Land_Hard_Dust_Cloud","Server/Particles/Block/Dust/Spawners/Block_Land_Hard_Dust_Cloud.particlespawner","2605","939A77D74554310F7E93E67A438AD1B2AAAF9B80B474A3B26E517CA863D0F0C9"
"particle-spawners","Block_Land_Soft_Dust","Block/Dust/Spawners/Block_Land_Soft_Dust","Server/Particles/Block/Dust/Spawners/Block_Land_Soft_Dust.particlespawner","2631","AACFB4EBAA0C880DDC6682E3378C58E9DEA979182435C0D028DCA32CDB14894D"
"particle-spawners","Block_Sprint_Dust","Block/Dust/Spawners/Block_Sprint_Dust","Server/Particles/Block/Dust/Spawners/Block_Sprint_Dust.particlespawner","2601","801D6A742D77503AA6F34A3D4CB44B2275E6C4431F8F5D6E794C841ABA7729F2"
"particle-spawners","Block_Break_Soft_Flower","Block/Flowers/Spawners/Block_Break_Soft_Flower","Server/Particles/Block/Flowers/Spawners/Block_Break_Soft_Flower.particlespawner","2818","3CB213FD4AC7ACF4B2513AFACEDB4097F03361DCF601F3968D2B4D0F872F9722"
"particle-spawners","Block_Break_Grass_Blade","Block/Grass/Spawners/Block_Break_Grass_Blade","Server/Particles/Block/Grass/Spawners/Block_Break_Grass_Blade.particlespawner","2907","42FAC8D138EDF4D2EB9605E0A654291000D9A68D94503B761CADD345E93C870D"
"particle-spawners","Block_Land_Grass_Parts","Block/Grass/Spawners/Block_Land_Grass_Parts","Server/Particles/Block/Grass/Spawners/Block_Land_Grass_Parts.particlespawner","2901","BD62ACAE877611786461A46DDBC858E966EDD7EFB0496AF44F51C866F18FC414"
"particle-spawners","Block_Sprint_Grass_Parts","Block/Grass/Spawners/Block_Sprint_Grass_Parts","Server/Particles/Block/Grass/Spawners/Block_Sprint_Grass_Parts.particlespawner","2785","C68829B25FC1A409FF996691F89A948F577716405ACD42366EB711DD07EE8E99"
"particle-spawners","Block_Break_Ice_Parts","Block/Ice/Spawners/Block_Break_Ice_Parts","Server/Particles/Block/Ice/Spawners/Block_Break_Ice_Parts.particlespawner","2694","C1F57C8069D9D1F7A84AC1AF8503314734D7B110932AB00259673B9219273F93"
"particle-spawners","Block_Hit_Ice","Block/Ice/Spawners/Block_Hit_Ice","Server/Particles/Block/Ice/Spawners/Block_Hit_Ice.particlespawner","2591","1CED41F03D8412FA398D27524CA193BFBEF05F18B08F080A5AAF3E1EDC97D974"
"particle-spawners","Block_Land_Ice_Crack","Block/Ice/Spawners/Block_Land_Ice_Crack","Server/Particles/Block/Ice/Spawners/Block_Land_Ice_Crack.particlespawner","2056","853AA9D287ECAE73A9A0FB5C2412E4ED37DEA8AE9CFF478BED418379998E977E"
"particle-spawners","Block_Land_Ice_Dust","Block/Ice/Spawners/Block_Land_Ice_Dust","Server/Particles/Block/Ice/Spawners/Block_Land_Ice_Dust.particlespawner","2573","3FFD401B15C9957F979B0720BEC54513CE29999D261945CEDA72961E2787DA9C"
"particle-spawners","Block_Land_Ice_Parts","Block/Ice/Spawners/Block_Land_Ice_Parts","Server/Particles/Block/Ice/Spawners/Block_Land_Ice_Parts.particlespawner","2467","9D07E7D78B35C682F5EB0599BB98C24DE735839F7576AED6BBD6164DCC5B153C"
"particle-spawners","Block_Land_Soft_Ice_Dust","Block/Ice/Spawners/Block_Land_Soft_Ice_Dust","Server/Particles/Block/Ice/Spawners/Block_Land_Soft_Ice_Dust.particlespawner","2599","9FB11278A695D0E5768766D7DB534784744EAE323F789702CE755FFECB9D6758"
"particle-spawners","Block_Run_Ice_Snow","Block/Ice/Spawners/Block_Run_Ice_Snow","Server/Particles/Block/Ice/Spawners/Block_Run_Ice_Snow.particlespawner","2531","07B09E350970597D8D082015029359E4296975B98C344935AA889AE779172189"
"particle-spawners","Block_Sprint_Ice_Snow","Block/Ice/Spawners/Block_Sprint_Ice_Snow","Server/Particles/Block/Ice/Spawners/Block_Sprint_Ice_Snow.particlespawner","2526","94EAFDFC274839B8BEBDAB675F845B14AD39E526B0C11D2B64A38221BF3089EA"
"particle-spawners","Block_Sprintd_Ice_Dust","Block/Ice/Spawners/Block_Sprintd_Ice_Dust","Server/Particles/Block/Ice/Spawners/Block_Sprintd_Ice_Dust.particlespawner","2413","6B1897660EE0F4B9865B32E9A4A3829FF2A21C949943EF288BF5664DAF8FE360"
"particle-spawners","Lava_Bubbles","Block/Lava/Spawners/Lava_Bubbles","Server/Particles/Block/Lava/Spawners/Lava_Bubbles.particlespawner","2526","B812BD13D1834C5C023EAFBF2B91CD7FF8523386C406E8A9A2890EB6C7F577DC"
"particle-spawners","Lava_Bubbles_Land","Block/Lava/Spawners/Lava_Bubbles_Land","Server/Particles/Block/Lava/Spawners/Lava_Bubbles_Land.particlespawner","2584","BF771CAA979A042F368468402D9A0546D2C81E42171FB4336EE2F161F2857D76"
"particle-spawners","Lava_Circle","Block/Lava/Spawners/Lava_Circle","Server/Particles/Block/Lava/Spawners/Lava_Circle.particlespawner","2704","36C2D9925715F8D25095D4DFCF93ABA30A6C4B54B707370F387F24CA9B092A18"
"particle-spawners","Lava_Circle_Land","Block/Lava/Spawners/Lava_Circle_Land","Server/Particles/Block/Lava/Spawners/Lava_Circle_Land.particlespawner","2761","160229146014EFDB15724E4A46ED32219AFE70F8162825EE08BDFF79F0C0F233"
"particle-spawners","Lava_Splash_Hard","Block/Lava/Spawners/Lava_Splash_Hard","Server/Particles/Block/Lava/Spawners/Lava_Splash_Hard.particlespawner","2906","3C148800E18D988A32F6E0175C0D5B81468948DA9D8D68C903971A57D671897A"
"particle-spawners","Lava_Splash_Run","Block/Lava/Spawners/Lava_Splash_Run","Server/Particles/Block/Lava/Spawners/Lava_Splash_Run.particlespawner","2518","CD7D3B2A7E305D52641F742A700E712B6B12968D24C6973176C48BC42E80BAC7"
"particle-spawners","Lava_Splash_Soft","Block/Lava/Spawners/Lava_Splash_Soft","Server/Particles/Block/Lava/Spawners/Lava_Splash_Soft.particlespawner","2578","361C2F21CA1D81439405C0F4C6C3A70603073E0EEA517AF56EA315F892CAAC3B"
"particle-spawners","Block_Break_Branches","Block/Leaves/Spawners/Block_Break_Branches","Server/Particles/Block/Leaves/Spawners/Block_Break_Branches.particlespawner","2579","EA26DA476F11A992379F144BFC401983427B813528888D45278A78001D13F7F2"
"particle-spawners","Block_Break_Branches_Bits","Block/Leaves/Spawners/Block_Break_Branches_Bits","Server/Particles/Block/Leaves/Spawners/Block_Break_Branches_Bits.particlespawner","2429","44CF095EE79F0BC3C56F4EFCBAF8961DD9EE08F6834DE446EC70429207816E21"
"particle-spawners","Block_Break_Branches_Fir","Block/Leaves/Spawners/Block_Break_Branches_Fir","Server/Particles/Block/Leaves/Spawners/Block_Break_Branches_Fir.particlespawner","2613","61FC383A3DF91AE2B8E1345A8A6E9D3C70E29AAFEF9FCA0656498F893395C9A1"
"particle-spawners","Block_Break_Branches_Fir_Light","Block/Leaves/Spawners/Block_Break_Branches_Fir_Light","Server/Particles/Block/Leaves/Spawners/Block_Break_Branches_Fir_Light.particlespawner","2607","0B58CA783A8C96ABEDF39124863ECA433D9B653569197F326BE5DB86DB322DF9"
"particle-spawners","Block_Break_Branches_Light","Block/Leaves/Spawners/Block_Break_Branches_Light","Server/Particles/Block/Leaves/Spawners/Block_Break_Branches_Light.particlespawner","2663","C02BE3EF312B82E4D92CB595999DEDFB2BBBCCBDE7A06C999F51462C5B426CAF"
"particle-spawners","Block_Break_Branches_Snow","Block/Leaves/Spawners/Block_Break_Branches_Snow","Server/Particles/Block/Leaves/Spawners/Block_Break_Branches_Snow.particlespawner","2503","1568E56EBDA5A250287A2BA71A691E2E7FA4756B6FCB5F8FE93C1841A113815E"
"particle-spawners","Block_Break_Branches_Snow_Light","Block/Leaves/Spawners/Block_Break_Branches_Snow_Light","Server/Particles/Block/Leaves/Spawners/Block_Break_Branches_Snow_Light.particlespawner","2199","386440056161217FDDB942B84E2088FFC985A02DEB6B28B0401B9B8FE89DE275"
"particle-spawners","Block_Break_Leaves","Block/Leaves/Spawners/Block_Break_Leaves","Server/Particles/Block/Leaves/Spawners/Block_Break_Leaves.particlespawner","3291","3605B3C1D538FE3EA498187FD660E12F140D3CDDF0E320D794E64C40F9C8AA75"
"particle-spawners","Block_Break_Leaves_Light","Block/Leaves/Spawners/Block_Break_Leaves_Light","Server/Particles/Block/Leaves/Spawners/Block_Break_Leaves_Light.particlespawner","3107","0D02EE185CDE11976C4C57011CBAFD1D6D66EC5E2A7E63228E2834ED4A9C47DB"
"particle-spawners","Block_Break_Leaves_Needles","Block/Leaves/Spawners/Block_Break_Leaves_Needles","Server/Particles/Block/Leaves/Spawners/Block_Break_Leaves_Needles.particlespawner","2568","31F68DA57BB76BEEE5AC3847819C92E2A601FDCB6638DB954264FF08DAD0A4E3"
"particle-spawners","Block_Break_Leaves_Needles_Light","Block/Leaves/Spawners/Block_Break_Leaves_Needles_Light","Server/Particles/Block/Leaves/Spawners/Block_Break_Leaves_Needles_Light.particlespawner","2574","584FE1EC0DEF10C891D6FA3EE9DE186129AACF72DDE6A89C04CDC90125B1847C"
"particle-spawners","Block_Break_Leaves_Needles_Up","Block/Leaves/Spawners/Block_Break_Leaves_Needles_Up","Server/Particles/Block/Leaves/Spawners/Block_Break_Leaves_Needles_Up.particlespawner","2388","1F57E5B9059BF39E8E29352E341EF7D53A301A5E4BCEC77849C1DBE06B9A324C"
"particle-spawners","Block_Break_Leaves_Round","Block/Leaves/Spawners/Block_Break_Leaves_Round","Server/Particles/Block/Leaves/Spawners/Block_Break_Leaves_Round.particlespawner","3505","809ACFEEDC8FE6A15377C78F6A413262242BD5732441B0074295035201BFCCFA"
"particle-spawners","Block_Break_Leaves_Round_Light","Block/Leaves/Spawners/Block_Break_Leaves_Round_Light","Server/Particles/Block/Leaves/Spawners/Block_Break_Leaves_Round_Light.particlespawner","3107","C5CA5B18C1655D996D559C8257F28842EFF748466BE17FCFCDFF06D7C9183CD7"
"particle-spawners","Block_Break_Leaves_Round_Up","Block/Leaves/Spawners/Block_Break_Leaves_Round_Up","Server/Particles/Block/Leaves/Spawners/Block_Break_Leaves_Round_Up.particlespawner","2818","3DF070DB709A4743202079ABB07FA9E688F941DB806B4F7539939C9E2036A038"
"particle-spawners","Block_Break_Leaves_Sharp","Block/Leaves/Spawners/Block_Break_Leaves_Sharp","Server/Particles/Block/Leaves/Spawners/Block_Break_Leaves_Sharp.particlespawner","3299","A127038DFDEF836ED04C17B1C4A0D55422FE62E541018B5ECC4338174C4AA99D"
"particle-spawners","Block_Break_Leaves_Sharp_Light","Block/Leaves/Spawners/Block_Break_Leaves_Sharp_Light","Server/Particles/Block/Leaves/Spawners/Block_Break_Leaves_Sharp_Light.particlespawner","3113","839B9B74D077B180B10A9D4E19142C9D10E6422C1CA208E588071D78BED82F50"
"particle-spawners","Block_Break_Leaves_Sharp_Up","Block/Leaves/Spawners/Block_Break_Leaves_Sharp_Up","Server/Particles/Block/Leaves/Spawners/Block_Break_Leaves_Sharp_Up.particlespawner","2689","639A714157D82987A047EADFA7505F6715721B71EFC3A4F2E03A40426CD0F8E2"
"particle-spawners","Block_Break_Leaves_Up","Block/Leaves/Spawners/Block_Break_Leaves_Up","Server/Particles/Block/Leaves/Spawners/Block_Break_Leaves_Up.particlespawner","2759","8EE6CCB70EDE54498CB8C2BF9A6064706D311CE2357364C3DABE8D009FE33030"
"particle-spawners","Block_Break_Soft_Leaves","Block/Leaves/Spawners/Block_Break_Soft_Leaves","Server/Particles/Block/Leaves/Spawners/Block_Break_Soft_Leaves.particlespawner","2470","1310F1A827C76C0DB6CF5851D45A1206EB5533B70FC411F05744F92BD0F92500"
"particle-spawners","Block_Land_Hard_Branches","Block/Leaves/Spawners/Block_Land_Hard_Branches","Server/Particles/Block/Leaves/Spawners/Block_Land_Hard_Branches.particlespawner","2667","719C21A76EB5760995DE659309F7A06324AA881161F1340415B145C5BEF78196"
"particle-spawners","Block_Land_Hard_Branches_Fir","Block/Leaves/Spawners/Block_Land_Hard_Branches_Fir","Server/Particles/Block/Leaves/Spawners/Block_Land_Hard_Branches_Fir.particlespawner","2591","9252125D8E10A9CA878369136DB1638C8D03C4A7FE9C9D616FE571A0FA960A4A"
"particle-spawners","Block_Land_Hard_Branches_Snow","Block/Leaves/Spawners/Block_Land_Hard_Branches_Snow","Server/Particles/Block/Leaves/Spawners/Block_Land_Hard_Branches_Snow.particlespawner","2356","765A32BE4AE8FF42180F1AE8771BF3DA21DF67D187C1E1D7466E44D451D7ED80"
"particle-spawners","Block_Land_Hard_Leaves","Block/Leaves/Spawners/Block_Land_Hard_Leaves","Server/Particles/Block/Leaves/Spawners/Block_Land_Hard_Leaves.particlespawner","3080","6C523B22C9A7D510E885CD59BC5374594DE8A868F8F395993CB96F31EE1E201D"
"particle-spawners","Block_Land_Hard_Leaves_Needles","Block/Leaves/Spawners/Block_Land_Hard_Leaves_Needles","Server/Particles/Block/Leaves/Spawners/Block_Land_Hard_Leaves_Needles.particlespawner","2569","068083E9D307340BFFF8AF08AC237E7905799D4D4CD1BCD5910D907B3EA3C7A5"
"particle-spawners","Block_Land_Hard_Leaves_Round","Block/Leaves/Spawners/Block_Land_Hard_Leaves_Round","Server/Particles/Block/Leaves/Spawners/Block_Land_Hard_Leaves_Round.particlespawner","3012","88CE37A0A6BE67A4032E6407460F87084FAE777800C5AA7A25EF2328805E17C6"
"particle-spawners","Block_Land_Hard_Leaves_Sharp","Block/Leaves/Spawners/Block_Land_Hard_Leaves_Sharp","Server/Particles/Block/Leaves/Spawners/Block_Land_Hard_Leaves_Sharp.particlespawner","3086","F7AF59A9D59E0BD63AE021380F81418B416119911EF9882C3C5CF4DD8A1789A1"
"particle-spawners","Block_Land_Soft_Leaves","Block/Leaves/Spawners/Block_Land_Soft_Leaves","Server/Particles/Block/Leaves/Spawners/Block_Land_Soft_Leaves.particlespawner","2933","9B3B5FAE020022ED6F2AE64E2CFBB05CB733D4333EA2405B1FACF90B182413FA"
"particle-spawners","Block_Land_Soft_Leaves_Round","Block/Leaves/Spawners/Block_Land_Soft_Leaves_Round","Server/Particles/Block/Leaves/Spawners/Block_Land_Soft_Leaves_Round.particlespawner","2993","952F283EEA5BE0E1C2A26AACF6306F8A87B2012EF9A70D0D0347735953E83A40"
"particle-spawners","Block_Land_Soft_Leaves_Sharp","Block/Leaves/Spawners/Block_Land_Soft_Leaves_Sharp","Server/Particles/Block/Leaves/Spawners/Block_Land_Soft_Leaves_Sharp.particlespawner","2938","F9EF08E2609F2C279875919A4E4C5200464FFF3658EF871420619AFBA715A61A"
"particle-spawners","Block_Sprint_Leaves","Block/Leaves/Spawners/Block_Sprint_Leaves","Server/Particles/Block/Leaves/Spawners/Block_Sprint_Leaves.particlespawner","3013","D3024F560DA0AD7A7F3438203B7BDE2C486D4A26211F337213A13B2F6F43B829"
"particle-spawners","Block_Sprint_Leaves_Fir","Block/Leaves/Spawners/Block_Sprint_Leaves_Fir","Server/Particles/Block/Leaves/Spawners/Block_Sprint_Leaves_Fir.particlespawner","2572","A7E8D9D9178AA1F9E6A02EE6500372D4BB3748F60A59D8DE2D80601EF44C8AC4"
"particle-spawners","Block_Sprint_Leaves_Round","Block/Leaves/Spawners/Block_Sprint_Leaves_Round","Server/Particles/Block/Leaves/Spawners/Block_Sprint_Leaves_Round.particlespawner","2960","FCF35C6FCEAA21FD3936D10A2895D0E62E02C1291045EB25246C90709E4AE7F4"
"particle-spawners","Block_Sprint_Leaves_Sharp","Block/Leaves/Spawners/Block_Sprint_Leaves_Sharp","Server/Particles/Block/Leaves/Spawners/Block_Sprint_Leaves_Sharp.particlespawner","2937","CD5FAA10697A39F3D123E04D5D0D5B422D2F64B26EAC03DC5196EBFEC7744386"
"particle-spawners","Block_Break_Metal_Flash","Block/Metal/Spawners/Block_Break_Metal_Flash","Server/Particles/Block/Metal/Spawners/Block_Break_Metal_Flash.particlespawner","2060","879F726B184DD4AEDF1BD9435B206DC7A8BA0B8D3D9B2A8AA79FDDF2BF555269"
"particle-spawners","Block_Break_Metal_Parts","Block/Metal/Spawners/Block_Break_Metal_Parts","Server/Particles/Block/Metal/Spawners/Block_Break_Metal_Parts.particlespawner","2648","4D1E56C0A4D9D6818F84C686C38F3F3CA7174E86B6469723161A62ADC19B3DF8"
"particle-spawners","Block_Break_Metal_Sparks","Block/Metal/Spawners/Block_Break_Metal_Sparks","Server/Particles/Block/Metal/Spawners/Block_Break_Metal_Sparks.particlespawner","2583","9B02371744AFFBBB50EFD0AD873313E97D4C090EBDE074B1453B9DE77712D168"
"particle-spawners","Block_Land_Metal_Flash","Block/Metal/Spawners/Block_Land_Metal_Flash","Server/Particles/Block/Metal/Spawners/Block_Land_Metal_Flash.particlespawner","2121","9ADAD55D5F6F45292BF08A3EED90E2A886916EC024D7CE2142D5EE3A59904509"
"particle-spawners","Block_Land_Metal_Sparks","Block/Metal/Spawners/Block_Land_Metal_Sparks","Server/Particles/Block/Metal/Spawners/Block_Land_Metal_Sparks.particlespawner","2689","E123E90B59EDADBA24F29CD8C91EF49013CC848B13D32CE9EA3704E632F3B4CC"
"particle-spawners","Block_Hit_Fail_Distortion","Block/Misc/Spawners/Block_Hit_Fail_Distortion","Server/Particles/Block/Misc/Spawners/Block_Hit_Fail_Distortion.particlespawner","2688","E89B22625D14C20FCB08147AE5F0DC0FD00260B48B6AB3F0E2B674338741AF7B"
"particle-spawners","Block_Hit_Fail_Glow","Block/Misc/Spawners/Block_Hit_Fail_Glow","Server/Particles/Block/Misc/Spawners/Block_Hit_Fail_Glow.particlespawner","2739","0F8DE6B9C328EF17FC1CEEE15AE5AC2AC4887EAF541F4FBF97D25B352F26463E"
"particle-spawners","Block_Hit_Fail_Glow_Back","Block/Misc/Spawners/Block_Hit_Fail_Glow_Back","Server/Particles/Block/Misc/Spawners/Block_Hit_Fail_Glow_Back.particlespawner","2731","E3CE17B10608D0609B524B4218069A03F73D15341A0B291E1F13760B4D511673"
"particle-spawners","Block_Hit_Fail_Sparks","Block/Misc/Spawners/Block_Hit_Fail_Sparks","Server/Particles/Block/Misc/Spawners/Block_Hit_Fail_Sparks.particlespawner","2727","48841A540B9F3A45E180683A3C81DF13D802E6FC036107B2707F761D69F60C5A"
"particle-spawners","Block_Break_Mud_Splash","Block/Mud/Spawners/Block_Break_Mud_Splash","Server/Particles/Block/Mud/Spawners/Block_Break_Mud_Splash.particlespawner","3041","E1C9B98959F94847FDDC0B915F339B4711ACB067A505564AFE817CBBA05C897D"
"particle-spawners","Block_Hit_Splash_Mud_Top","Block/Mud/Spawners/Block_Hit_Splash_Mud_Top","Server/Particles/Block/Mud/Spawners/Block_Hit_Splash_Mud_Top.particlespawner","1968","F8607ED47E19482EF44657BF394BAB2C0DBE23594C2C12974802F62CA0FD3804"
"particle-spawners","Block_Land_Mud_Splash","Block/Mud/Spawners/Block_Land_Mud_Splash","Server/Particles/Block/Mud/Spawners/Block_Land_Mud_Splash.particlespawner","3055","6CC900A088CFB458BA471F04121A967ECA1EF6EAB1FE185768AD121FBB80EC2A"
"particle-spawners","Block_Land_Mud_Steps","Block/Mud/Spawners/Block_Land_Mud_Steps","Server/Particles/Block/Mud/Spawners/Block_Land_Mud_Steps.particlespawner","2017","C61CA74E2AABC0CF75A7FAFE7422462AFF0E8BC6095C76F7400037EA487A37D7"
"particle-spawners","Block_Mud_Thick_Splash","Block/Mud/Spawners/Block_Mud_Thick_Splash","Server/Particles/Block/Mud/Spawners/Block_Mud_Thick_Splash.particlespawner","2660","DEC416D8F339E793044282B1C5FCD9617F345CAE11FEB6A6F73D405FD02C6170"
"particle-spawners","Block_Run_Mud_Steps","Block/Mud/Spawners/Block_Run_Mud_Steps","Server/Particles/Block/Mud/Spawners/Block_Run_Mud_Steps.particlespawner","1975","C54D97DDF3AEC66186D654A576118B9E2CEAB60B1A6AFEEABCD7996362C5C837"
"particle-spawners","Block_Splash_Mud_Left","Block/Mud/Spawners/Block_Splash_Mud_Left","Server/Particles/Block/Mud/Spawners/Block_Splash_Mud_Left.particlespawner","2038","F707518CD526F0CB9EE139227F90922FCC76030191B8328BCFEB0C6306621041"
"particle-spawners","Block_Splash_Mud_Small_Left","Block/Mud/Spawners/Block_Splash_Mud_Small_Left","Server/Particles/Block/Mud/Spawners/Block_Splash_Mud_Small_Left.particlespawner","2013","59A0D1AC6013C88A7F6231916BE08A9C8F60FA8CE8946DAC3BB6BCACA7AE80DB"
"particle-spawners","Block_Break_Sand_Dust","Block/Sand/Spawners/Block_Break_Sand_Dust","Server/Particles/Block/Sand/Spawners/Block_Break_Sand_Dust.particlespawner","2551","B9D08800A7BD15D5280C17E070F4BB6B00CE3C3B9B5D5E7193E6699E6B3BB6FA"
"particle-spawners","Block_Break_Sand_Splash","Block/Sand/Spawners/Block_Break_Sand_Splash","Server/Particles/Block/Sand/Spawners/Block_Break_Sand_Splash.particlespawner","2489","6EE314FEB11CFF7BE9DD8FF410A9BCC662581B3BAFF7E7B4348FA60016F1B6C9"
"particle-spawners","Block_Land_Sand_Hard_Dust","Block/Sand/Spawners/Block_Land_Sand_Hard_Dust","Server/Particles/Block/Sand/Spawners/Block_Land_Sand_Hard_Dust.particlespawner","2784","0D797441C04B1B8C55D3E381E406C9AE805B2A099FF2EB0956DDED6C14F1AEE9"
"particle-spawners","Block_Land_Sand_Hard_Splash","Block/Sand/Spawners/Block_Land_Sand_Hard_Splash","Server/Particles/Block/Sand/Spawners/Block_Land_Sand_Hard_Splash.particlespawner","2704","CE7DC2F9AB3AC906149F09FDEC7A9C087B1513DAA0EA24F5441BD2BC73B69446"
"particle-spawners","Block_Land_Sand_Soft_Splash","Block/Sand/Spawners/Block_Land_Sand_Soft_Splash","Server/Particles/Block/Sand/Spawners/Block_Land_Sand_Soft_Splash.particlespawner","2393","F470D375E9503F9BB0CE719C38BC893ADD8798A23EF2B745002C0688265E5C68"
"particle-spawners","Block_Run_Sand_Dust","Block/Sand/Spawners/Block_Run_Sand_Dust","Server/Particles/Block/Sand/Spawners/Block_Run_Sand_Dust.particlespawner","2422","8C024D4C3E1DD39A487AD07E54FF3DD86FA86B7B262C1BFC18AA67B758672569"
"particle-spawners","Block_Run_Sand_Dust_Speck","Block/Sand/Spawners/Block_Run_Sand_Dust_Speck","Server/Particles/Block/Sand/Spawners/Block_Run_Sand_Dust_Speck.particlespawner","2880","C89A12C376B0B1FD93F882A20C0AB1DC225D6F7549868AFFD169E494B6B8F6DA"
"particle-spawners","Block_Run_Sand_Steps","Block/Sand/Spawners/Block_Run_Sand_Steps","Server/Particles/Block/Sand/Spawners/Block_Run_Sand_Steps.particlespawner","1908","654FC54157DA5951C56EB90FCF18B6FBFEE6D21522E52D32B94B638823D00BD6"
"particle-spawners","Block_Sand_Spash_Dust_Speck","Block/Sand/Spawners/Block_Sand_Spash_Dust_Speck","Server/Particles/Block/Sand/Spawners/Block_Sand_Spash_Dust_Speck.particlespawner","2866","5287FC6609B4A31FD416AD8ECB53ECA257D5B4915A2B2A1242039C83CAB8811D"
"particle-spawners","Block_Sprint_Sand_Dust","Block/Sand/Spawners/Block_Sprint_Sand_Dust","Server/Particles/Block/Sand/Spawners/Block_Sprint_Sand_Dust.particlespawner","2503","4D9457CC5D53BCD6E3C5227CA835D277CC0F574FCC39D06CD76FF8FA0458803E"
"particle-spawners","Block_Sprint_Sand_Dust_Speck","Block/Sand/Spawners/Block_Sprint_Sand_Dust_Speck","Server/Particles/Block/Sand/Spawners/Block_Sprint_Sand_Dust_Speck.particlespawner","2897","FB9CA0E8F5D060BDDEC30CE77071960012FA9CC8B5056849E85002B071BF2CDD"
"particle-spawners","Block_Sprint_Sand_Splash","Block/Sand/Spawners/Block_Sprint_Sand_Splash","Server/Particles/Block/Sand/Spawners/Block_Sprint_Sand_Splash.particlespawner","2214","313BA982BED978C143200279059B592C029F9FC03673F47E556B0BF4371740AB"
"particle-spawners","Block_Break_Snow_Flakes","Block/Snow/Spawners/Block_Break_Snow_Flakes","Server/Particles/Block/Snow/Spawners/Block_Break_Snow_Flakes.particlespawner","2428","441F8024AD14582CCB3C8446E629E414263EEEF6A766A5507C9B28A2540DE2CB"
"particle-spawners","Block_Break_Snow_Flakes_Heavy","Block/Snow/Spawners/Block_Break_Snow_Flakes_Heavy","Server/Particles/Block/Snow/Spawners/Block_Break_Snow_Flakes_Heavy.particlespawner","2432","D82F6DDF95F08BBC3C059F3F8DC64F8FE9978FAD5B39737FCB671AB31B6262EB"
"particle-spawners","Block_Break_Snow_Flakes_Light","Block/Snow/Spawners/Block_Break_Snow_Flakes_Light","Server/Particles/Block/Snow/Spawners/Block_Break_Snow_Flakes_Light.particlespawner","2588","EC30D750B5E7FE8490CA173308FC16DACF66A94D66CA1212321C3E009D87822F"
"particle-spawners","Block_Break_Snow_Flakes_Up","Block/Snow/Spawners/Block_Break_Snow_Flakes_Up","Server/Particles/Block/Snow/Spawners/Block_Break_Snow_Flakes_Up.particlespawner","2431","6F04D6943D286D1D6B65AAD78C010959A7FB3C3B522ECE5CE85DF884691933B5"
"particle-spawners","Block_Break_Snow_Splash","Block/Snow/Spawners/Block_Break_Snow_Splash","Server/Particles/Block/Snow/Spawners/Block_Break_Snow_Splash.particlespawner","1656","0B201819DD6337DFC1B262146411624CF39000D48DB9AB841A150B3178EF94ED"
"particle-spawners","Block_Land_Hard_Snow_Splash","Block/Snow/Spawners/Block_Land_Hard_Snow_Splash","Server/Particles/Block/Snow/Spawners/Block_Land_Hard_Snow_Splash.particlespawner","2569","92908F8A660E981C3237FE94D441A8E92FB4137F11350F9AB34B658483359BBB"
"particle-spawners","Block_Land_Hard_Snow_Steps","Block/Snow/Spawners/Block_Land_Hard_Snow_Steps","Server/Particles/Block/Snow/Spawners/Block_Land_Hard_Snow_Steps.particlespawner","1920","976AF52DB04B88B05D61A796A81A9612D51FB92A02618946B280B3FAA9809CFE"
"particle-spawners","Block_Land_Snow_Flakes","Block/Snow/Spawners/Block_Land_Snow_Flakes","Server/Particles/Block/Snow/Spawners/Block_Land_Snow_Flakes.particlespawner","2611","DDB4BC55A7459DFA2451C8E936555606D3A2F319B59052BBF08E259D39BA666A"
"particle-spawners","Block_Land_Snow_Flakes_Heavy","Block/Snow/Spawners/Block_Land_Snow_Flakes_Heavy","Server/Particles/Block/Snow/Spawners/Block_Land_Snow_Flakes_Heavy.particlespawner","2521","032E24A40AD27E5FEF780C33DD24867433DD97170009A93F378D7EF1197FA258"
"particle-spawners","Block_Land_Snow_Flakes_Light","Block/Snow/Spawners/Block_Land_Snow_Flakes_Light","Server/Particles/Block/Snow/Spawners/Block_Land_Snow_Flakes_Light.particlespawner","2533","F48DDF109F03688EF5AB973B1AE404ECEFC865AFEA35037908F8AF6468E52AC7"
"particle-spawners","Block_Land_Snow_Splash","Block/Snow/Spawners/Block_Land_Snow_Splash","Server/Particles/Block/Snow/Spawners/Block_Land_Snow_Splash.particlespawner","2516","FBD69CB8821BD53727F67938DD72FE0D6282C31379B1168918C62FC6B46578F6"
"particle-spawners","Block_Land_Snow_Steps","Block/Snow/Spawners/Block_Land_Snow_Steps","Server/Particles/Block/Snow/Spawners/Block_Land_Snow_Steps.particlespawner","1920","1CE6D129B8639C796B22490CDBFDFAD4236499CCEA5CA7523DB22ABC3B31E4EB"
"particle-spawners","Block_Run_Snow_Flakes","Block/Snow/Spawners/Block_Run_Snow_Flakes","Server/Particles/Block/Snow/Spawners/Block_Run_Snow_Flakes.particlespawner","2057","517FDBEF752BB23ACAE214CC0A4665288C648A11D702DDFA4836980CC0F9507D"
"particle-spawners","Block_Run_Snow_Steps","Block/Snow/Spawners/Block_Run_Snow_Steps","Server/Particles/Block/Snow/Spawners/Block_Run_Snow_Steps.particlespawner","1941","0979F64BA3DD5297788B217111824D727C34AB88E3130042EEF2849503155683"
"particle-spawners","Block_Sprint_Snow_Splash","Block/Snow/Spawners/Block_Sprint_Snow_Splash","Server/Particles/Block/Snow/Spawners/Block_Sprint_Snow_Splash.particlespawner","1825","6DB05D614D77B627EEA81B5CCF29F939909BC93353B56BD93585E8B89745BAC8"
"particle-spawners","Block_Break_Stone_Dust","Block/Stone/Spawners/Block_Break_Stone_Dust","Server/Particles/Block/Stone/Spawners/Block_Break_Stone_Dust.particlespawner","2133","DEBBDC7AA3FBCD47A7AD57359573A13848A069B062490429A9517C05534B50B1"
"particle-spawners","Block_Break_Stone_Parts","Block/Stone/Spawners/Block_Break_Stone_Parts","Server/Particles/Block/Stone/Spawners/Block_Break_Stone_Parts.particlespawner","2644","F4E440BAE1C55688C08A92BDFD7716275151D9FA39AFEED26CE5560C97C8314F"
"particle-spawners","Block_Break_Stone_Sparks","Block/Stone/Spawners/Block_Break_Stone_Sparks","Server/Particles/Block/Stone/Spawners/Block_Break_Stone_Sparks.particlespawner","2722","463C8C6035C6F4DCFB792C4E51B9600D362408DB956E2A14BEDC1709672C54B4"
"particle-spawners","Block_Hit_Stone_Parts","Block/Stone/Spawners/Block_Hit_Stone_Parts","Server/Particles/Block/Stone/Spawners/Block_Hit_Stone_Parts.particlespawner","2652","CDA082238BD1FB57BBA9D1D4DFA032A787C91CA5151485D8B1BA532502A6176F"
"particle-spawners","Block_Land_Hard_Stone_Dust","Block/Stone/Spawners/Block_Land_Hard_Stone_Dust","Server/Particles/Block/Stone/Spawners/Block_Land_Hard_Stone_Dust.particlespawner","2576","DC2494CD24B44DE41592FC4A6F4D54A416CB627E11EB5F19230BF822398650BD"
"particle-spawners","Block_Land_Soft_Stone_Dust","Block/Stone/Spawners/Block_Land_Soft_Stone_Dust","Server/Particles/Block/Stone/Spawners/Block_Land_Soft_Stone_Dust.particlespawner","2631","7CB63F831BE2247E6503387469ABD0B8F9238BEBAFEE60FBBAC1154FA3B3D85B"
"particle-spawners","Block_Land_Stone_Parts","Block/Stone/Spawners/Block_Land_Stone_Parts","Server/Particles/Block/Stone/Spawners/Block_Land_Stone_Parts.particlespawner","2420","BC17D07226A5C72088BB1CD9D08C04A6D886073C2635709CCA0E7B017C424100"
"particle-spawners","Block_Sprint_Stone_Dust","Block/Stone/Spawners/Block_Sprint_Stone_Dust","Server/Particles/Block/Stone/Spawners/Block_Sprint_Stone_Dust.particlespawner","2414","313E8956C81EF16D08F5CC27892741AEE81DED182C4F2D2B708B421D480067A2"
"particle-spawners","Tar_Bubbles","Block/Tar/Spawners/Tar_Bubbles","Server/Particles/Block/Tar/Spawners/Tar_Bubbles.particlespawner","2318","C6F81C710C2EFD14F05B2AC42DB7544626A54126D04E8FB51CE54A83247DF4EF"
"particle-spawners","Tar_Circle","Block/Tar/Spawners/Tar_Circle","Server/Particles/Block/Tar/Spawners/Tar_Circle.particlespawner","2753","20BED465E6275698390706351EB8D5A36DC12F4E9B50F2BBE856DC131CAE528C"
"particle-spawners","Tar_Splash_Soft","Block/Tar/Spawners/Tar_Splash_Soft","Server/Particles/Block/Tar/Spawners/Tar_Splash_Soft.particlespawner","2895","304E78769E968CF388B87FF7341CEB93E2CDD69E8A5A8D68368C54DFF55295B8"
"particle-spawners","Treasure_Coin_Far","Block/Treasure/Spawners/Treasure_Coin_Far","Server/Particles/Block/Treasure/Spawners/Treasure_Coin_Far.particlespawner","2276","AA6EF8EB660984AC3B7BC902FCCA662EFE611405750BE01F238896F1CABFB9F2"
"particle-spawners","Treasure_Coins","Block/Treasure/Spawners/Treasure_Coins","Server/Particles/Block/Treasure/Spawners/Treasure_Coins.particlespawner","2284","E248CEC174E85698679316A2E951A4EAF67E713D038052ED2679EB33314747A7"
"particle-spawners","Treasure_Sparks","Block/Treasure/Spawners/Treasure_Sparks","Server/Particles/Block/Treasure/Spawners/Treasure_Sparks.particlespawner","2861","0AD9D059693210ABBE50A8EC04E17004A00F53C19391D2BCCA620C21C90A116D"
"particle-spawners","Bubbles","Block/Water/Spawners/Bubbles","Server/Particles/Block/Water/Spawners/Bubbles.particlespawner","2067","DF2318782B6885A2C349CE28C6BE36502177B87021AB0C179A1B80D53B2B31F0"
"particle-spawners","Fish_Spiral_Horizontal","Block/Water/Spawners/Fish_Spiral_Horizontal","Server/Particles/Block/Water/Spawners/Fish_Spiral_Horizontal.particlespawner","2672","58264A2A027A85139E9C9D365382D1AB7BF9AB43CC373542EB38D721BAECA045"
"particle-spawners","Underwater_Bubbles","Block/Water/Spawners/Underwater_Bubbles","Server/Particles/Block/Water/Spawners/Underwater_Bubbles.particlespawner","1948","7908F0F5FE041F9F19F7BAD82399EF50AADF229E0AAD0CD64EF7923578B56564"
"particle-spawners","Underwater_Bubbles_Burst","Block/Water/Spawners/Underwater_Bubbles_Burst","Server/Particles/Block/Water/Spawners/Underwater_Bubbles_Burst.particlespawner","2646","3406B5664947EE2F84A65EE8A28FB6D8558542DD74D46FB033B5FD3FF24A6CF4"
"particle-spawners","Underwater_Specks","Block/Water/Spawners/Underwater_Specks","Server/Particles/Block/Water/Spawners/Underwater_Specks.particlespawner","2201","49D8503792A7F03ADCBDFF534A6735B67092D23189F8F7855D9EACB973CC626B"
"particle-spawners","Water_Bubble_Stream_Alpha","Block/Water/Spawners/Water_Bubble_Stream_Alpha","Server/Particles/Block/Water/Spawners/Water_Bubble_Stream_Alpha.particlespawner","2041","F4E2EC8EF554598FBCB4A9FF26B4BF17C0F8C424895AE9ABD71704CF87DEB15F"
"particle-spawners","Water_Circle_Run","Block/Water/Spawners/Water_Circle_Run","Server/Particles/Block/Water/Spawners/Water_Circle_Run.particlespawner","2654","7A1B0891C13A6DC9C519BE1C9C4E9B346C7573986FA5D082CCD0120840585BB9"
"particle-spawners","Water_Circle_Sprint","Block/Water/Spawners/Water_Circle_Sprint","Server/Particles/Block/Water/Spawners/Water_Circle_Sprint.particlespawner","2692","C03F0E9ED4F6FF61E0A9FC1B0349CCA7D1C7AA9CFCD6ACB2AC3DC3AD0D840739"
"particle-spawners","Water_Small_Burst","Block/Water/Spawners/Water_Small_Burst","Server/Particles/Block/Water/Spawners/Water_Small_Burst.particlespawner","2041","7D0CAB05C222E37879B68E797ADAF14A957987E6BA4BDF295229D06B5413F64D"
"particle-spawners","Water_Sprint_Splash","Block/Water/Spawners/Water_Sprint_Splash","Server/Particles/Block/Water/Spawners/Water_Sprint_Splash.particlespawner","2518","758B5DA3E4EEBDF42486DFF6951291647C196656ABD6677EA837C8705BCAACE1"
"particle-spawners","Block_Break_Wood_Dust","Block/Wood/Spawners/Block_Break_Wood_Dust","Server/Particles/Block/Wood/Spawners/Block_Break_Wood_Dust.particlespawner","2209","E7FC778C14457BD0D60D23C03C33F6B5D1225146EA166EB2EDA4419B54B28ABF"
"particle-spawners","Block_Break_Wood_Parts","Block/Wood/Spawners/Block_Break_Wood_Parts","Server/Particles/Block/Wood/Spawners/Block_Break_Wood_Parts.particlespawner","2806","178FB03B8A9BBB89906F4FB732D25B74B673CED823AC53A24E4944127C0E9A75"
"particle-spawners","Block_Break_Wood_Parts_Light","Block/Wood/Spawners/Block_Break_Wood_Parts_Light","Server/Particles/Block/Wood/Spawners/Block_Break_Wood_Parts_Light.particlespawner","3006","FACD4CE0A286AB44D3FB49813B6FD137A5DF33CA0A40E5E9D1B643CC83769462"
"particle-spawners","Block_Hit_Wood_Parts","Block/Wood/Spawners/Block_Hit_Wood_Parts","Server/Particles/Block/Wood/Spawners/Block_Hit_Wood_Parts.particlespawner","2801","C15A0EDEBC6727BAC123CF478D420FC0947F5BC8A5289E01F22F176A9F98F4D3"
"particle-spawners","Block_Land_Hard_Wood_Dust","Block/Wood/Spawners/Block_Land_Hard_Wood_Dust","Server/Particles/Block/Wood/Spawners/Block_Land_Hard_Wood_Dust.particlespawner","2423","C05B86AA9041F840F1DB23040E41F2BC1A627A1EF397CB62B754ADAB2558208B"
"particle-spawners","Block_Land_Hard_Wood_Parts","Block/Wood/Spawners/Block_Land_Hard_Wood_Parts","Server/Particles/Block/Wood/Spawners/Block_Land_Hard_Wood_Parts.particlespawner","1640","F2A4DB11D663524C7AF5FC06E3EEDA3718080F04923115A9B84F6417CF5C8700"
"particle-spawners","Block_Land_Soft_Wood_Dust","Block/Wood/Spawners/Block_Land_Soft_Wood_Dust","Server/Particles/Block/Wood/Spawners/Block_Land_Soft_Wood_Dust.particlespawner","2637","7516FD13E0AC518F2DA56D4FFA0940345C2C23B69009ED9A70B93DCE002B5544"
"particle-spawners","Block_Land_Soft_Wood_Parts","Block/Wood/Spawners/Block_Land_Soft_Wood_Parts","Server/Particles/Block/Wood/Spawners/Block_Land_Soft_Wood_Parts.particlespawner","1638","64808995C06C36A49B8100CAD1662370FB912157E2C8546BD1AEC6091AE60117"
"particle-spawners","Block_Land_Wood_Bits","Block/Wood/Spawners/Block_Land_Wood_Bits","Server/Particles/Block/Wood/Spawners/Block_Land_Wood_Bits.particlespawner","2460","820261B2B58ECC7543329147BFFEC589133B45F38DEE8B3984C7D6909F561306"
"particle-spawners","Block_Land_Wood_Splash","Block/Wood/Spawners/Block_Land_Wood_Splash","Server/Particles/Block/Wood/Spawners/Block_Land_Wood_Splash.particlespawner","2295","EBA5FA027763A1D1DE30646FD85E2D78B6D9B7838684AB6615F40B107C8115E0"
"particle-spawners","Block_Run_Wood_Parts","Block/Wood/Spawners/Block_Run_Wood_Parts","Server/Particles/Block/Wood/Spawners/Block_Run_Wood_Parts.particlespawner","2643","CE6BF8CEB5C707C356A75BF1A4768B4EE2FC22307583129390B7253936337675"
"particle-spawners","Block_Sprint_Wood_Dust","Block/Wood/Spawners/Block_Sprint_Wood_Dust","Server/Particles/Block/Wood/Spawners/Block_Sprint_Wood_Dust.particlespawner","2647","47751998588619B9D882E09A93F3EAAB22F14B3B363D4C933A3FDE4E9A895776"
"particle-spawners","Block_Sprint_Wood_Parts","Block/Wood/Spawners/Block_Sprint_Wood_Parts","Server/Particles/Block/Wood/Spawners/Block_Sprint_Wood_Parts.particlespawner","3157","B0AE3395753F4DD53C2B2DA4CB09B89A9993C4690CA21A6C21FB66E822F52AE0"
"particle-spawners","Ability_ChainHook_Chain_Hit","Combat/Abilities/ChainHook/Spawners/Ability_ChainHook_Chain_Hit","Server/Particles/Combat/Abilities/ChainHook/Spawners/Ability_ChainHook_Chain_Hit.particlespawner","2427","5536DA3A03DA0AB32A21F2C72393460AA5829D5F4A676849910E10C7F2001B32"
"particle-spawners","Ability_ChainHook_Trail_Chain","Combat/Abilities/ChainHook/Spawners/Ability_ChainHook_Trail_Chain","Server/Particles/Combat/Abilities/ChainHook/Spawners/Ability_ChainHook_Trail_Chain.particlespawner","1775","2826C6C16C75ED48FC142EFA72B2BA6343D4533F02B98F747A257A163C2F8887"
"particle-spawners","Ability_ChainHook_Trail_Fire","Combat/Abilities/ChainHook/Spawners/Ability_ChainHook_Trail_Fire","Server/Particles/Combat/Abilities/ChainHook/Spawners/Ability_ChainHook_Trail_Fire.particlespawner","2267","0004655D86143A799AC196415B725D1D12FDB2CCBAC36AF6C80D01C6A8E9F7B7"
"particle-spawners","Enrage_Lines","Combat/Abilities/Enrage/Spawners/Enrage_Lines","Server/Particles/Combat/Abilities/Enrage/Spawners/Enrage_Lines.particlespawner","2314","6565BDBD5885D17DAA8388E28CDF7E33B79A5A5872462B912DCFC4E296BAA985"
"particle-spawners","Enrage_Mist","Combat/Abilities/Enrage/Spawners/Enrage_Mist","Server/Particles/Combat/Abilities/Enrage/Spawners/Enrage_Mist.particlespawner","3349","3B78C8EBAC697D763366AB8C0A79EC3B1447EF49D420F79E2412286AE13A1FE4"
"particle-spawners","Enrage_Particles","Combat/Abilities/Enrage/Spawners/Enrage_Particles","Server/Particles/Combat/Abilities/Enrage/Spawners/Enrage_Particles.particlespawner","1757","7A282BA84432EBB6CEF76933E78B96A25C899E0EE8E45391FD09624121B4CEC2"
"particle-spawners","Enrage_Sparks","Combat/Abilities/Enrage/Spawners/Enrage_Sparks","Server/Particles/Combat/Abilities/Enrage/Spawners/Enrage_Sparks.particlespawner","2810","1B1B1A8E217DF9B674A9BF31B869BCB2AD624CDCA2B6FE7D1E7211B2D07E70E3"
"particle-spawners","Ability_GroundSlam_Crack","Combat/Abilities/GroundSlam/Spawners/Ability_GroundSlam_Crack","Server/Particles/Combat/Abilities/GroundSlam/Spawners/Ability_GroundSlam_Crack.particlespawner","2680","788F70E77E6333553BB5A32AA6518C75366E85EFB59ABD97DDF2401B52D649A1"
"particle-spawners","Ability_GroundSlam_Debris","Combat/Abilities/GroundSlam/Spawners/Ability_GroundSlam_Debris","Server/Particles/Combat/Abilities/GroundSlam/Spawners/Ability_GroundSlam_Debris.particlespawner","2850","AF92F9462288077D71580ADB541398E0530147C03E752F215A18468992CAE8B1"
"particle-spawners","Ability_GroundSlam_Debris_End","Combat/Abilities/GroundSlam/Spawners/Ability_GroundSlam_Debris_End","Server/Particles/Combat/Abilities/GroundSlam/Spawners/Ability_GroundSlam_Debris_End.particlespawner","2877","543A30E26C9D976CAE1122AC0B6BB3D4D580ED9494D73D10E34C2CF4CE5EEB57"
"particle-spawners","Ability_GroundSlam_Shockwave1","Combat/Abilities/GroundSlam/Spawners/Ability_GroundSlam_Shockwave1","Server/Particles/Combat/Abilities/GroundSlam/Spawners/Ability_GroundSlam_Shockwave1.particlespawner","3053","5D100B6A94259E81E1541C5F980F13B3747BAABAFBC5D15FACF9FDFB9666CCFC"
"particle-spawners","Ability_GroundSlam_Shockwave2","Combat/Abilities/GroundSlam/Spawners/Ability_GroundSlam_Shockwave2","Server/Particles/Combat/Abilities/GroundSlam/Spawners/Ability_GroundSlam_Shockwave2.particlespawner","2811","D90A89A76F6775B6AC2EA32AD69BDB8DF92A54F7E923B7C84C2873FFC03907BF"
"particle-spawners","Ability_GroundSlam_Shockwave3","Combat/Abilities/GroundSlam/Spawners/Ability_GroundSlam_Shockwave3","Server/Particles/Combat/Abilities/GroundSlam/Spawners/Ability_GroundSlam_Shockwave3.particlespawner","3024","0A0A2B47F427BF782BC9F308D1CDE228C27E008960DC76F071A049FF1013FD34"
"particle-spawners","Ability_GroundSlam_Spark","Combat/Abilities/GroundSlam/Spawners/Ability_GroundSlam_Spark","Server/Particles/Combat/Abilities/GroundSlam/Spawners/Ability_GroundSlam_Spark.particlespawner","2688","BE94116345714CBCB161E7F548EEA2334AF1F193D7B771FACC038D300D3D635A"
"particle-spawners","Ability_GroundSlam_Spike_Line","Combat/Abilities/GroundSlam/Spawners/Ability_GroundSlam_Spike_Line","Server/Particles/Combat/Abilities/GroundSlam/Spawners/Ability_GroundSlam_Spike_Line.particlespawner","2301","FA0F67E8031FE6C18BA27268C26BF49AE5E184F844E89A1E64623A2E661E316B"
"particle-spawners","Ability_GroundSlam_Spike_Main","Combat/Abilities/GroundSlam/Spawners/Ability_GroundSlam_Spike_Main","Server/Particles/Combat/Abilities/GroundSlam/Spawners/Ability_GroundSlam_Spike_Main.particlespawner","1924","DC73075E544BB211ABD5F4F644008AB21BD4BA950533E7F59F1F968E3BD65025"
"particle-spawners","Ability_GroundSlam_Spike_Side","Combat/Abilities/GroundSlam/Spawners/Ability_GroundSlam_Spike_Side","Server/Particles/Combat/Abilities/GroundSlam/Spawners/Ability_GroundSlam_Spike_Side.particlespawner","2210","406FBCEDAABA3D553A97E4C347E2880F00A863050D8B7ED34032A0E378615ABE"
"particle-spawners","ImbuePoison_Cloud","Combat/Abilities/ImbuePoison/Spawners/ImbuePoison_Cloud","Server/Particles/Combat/Abilities/ImbuePoison/Spawners/ImbuePoison_Cloud.particlespawner","3224","7AE5896029804B272BF27157F6102BC61F60B095CC9424853F341A07BFE86E8E"
"particle-spawners","ImbuePoison_Drops","Combat/Abilities/ImbuePoison/Spawners/ImbuePoison_Drops","Server/Particles/Combat/Abilities/ImbuePoison/Spawners/ImbuePoison_Drops.particlespawner","1666","18DC899CEABA326AC6C2DD1A965DE3CDA582590F833C80FA3126E55B243B352A"
"particle-spawners","Wind_Blade","Combat/Abilities/Windstrike/Spawners/Wind_Blade","Server/Particles/Combat/Abilities/Windstrike/Spawners/Wind_Blade.particlespawner","1985","FEFDF032613C56064111685246047945DE0D5290ED39D6A988E372A778A97B10"
"particle-spawners","Wind_Blade_Core","Combat/Abilities/Windstrike/Spawners/Wind_Blade_Core","Server/Particles/Combat/Abilities/Windstrike/Spawners/Wind_Blade_Core.particlespawner","2090","49DE619629A7B333EA0DA5D0C5CD61E1C0820FA5991253ACC4885C573CE6F8EC"
"particle-spawners","Wind_Line","Combat/Abilities/Windstrike/Spawners/Wind_Line","Server/Particles/Combat/Abilities/Windstrike/Spawners/Wind_Line.particlespawner","1976","F1823EB07BAB603ADBFE6522BC5850F13734763752AEC3E520F97BBD1A6F4147"
"particle-spawners","Wind_Swoosh","Combat/Abilities/Windstrike/Spawners/Wind_Swoosh","Server/Particles/Combat/Abilities/Windstrike/Spawners/Wind_Swoosh.particlespawner","2683","99B8B4CBC0E591E991824411DD62B0AFACB4D454F9AD0B669556054DB038A25C"
"particle-spawners","Windstrike_Distortion","Combat/Abilities/Windstrike/Spawners/Windstrike_Distortion","Server/Particles/Combat/Abilities/Windstrike/Spawners/Windstrike_Distortion.particlespawner","1697","C6BFE251014DC9884BFD734E8871F1EB58C77C8EF25B0560D1C0E7AFB0A768AA"
"particle-spawners","Windstrike_Distortion2","Combat/Abilities/Windstrike/Spawners/Windstrike_Distortion2","Server/Particles/Combat/Abilities/Windstrike/Spawners/Windstrike_Distortion2.particlespawner","1648","F118671677668E5AFE30B86BB48E074DB0C494E3062D9915B2001010B43E5A87"
"particle-spawners","Windstrike_Sparks","Combat/Abilities/Windstrike/Spawners/Windstrike_Sparks","Server/Particles/Combat/Abilities/Windstrike/Spawners/Windstrike_Sparks.particlespawner","1817","B086E27C400BCE3DBF0FCCC815A21461319189B9C6B17067E09A50C0BB144B65"
"particle-spawners","Battleaxe_Bash_Dash","Combat/Battleaxe/Bash/Spawners/Battleaxe_Bash_Dash","Server/Particles/Combat/Battleaxe/Bash/Spawners/Battleaxe_Bash_Dash.particlespawner","1976","1CFCAE8920F1877C83A69AA852FAA973636BC2B3B14136BA7BA81D68C170FC17"
"particle-spawners","Battleaxe_Bash_Distortion","Combat/Battleaxe/Bash/Spawners/Battleaxe_Bash_Distortion","Server/Particles/Combat/Battleaxe/Bash/Spawners/Battleaxe_Bash_Distortion.particlespawner","2132","DFA964911960F66F0AD593AD4D368FCE119ADC298FBB3613F4186E12C111F3E6"
"particle-spawners","Battleaxe_Bash_Shockwave","Combat/Battleaxe/Bash/Spawners/Battleaxe_Bash_Shockwave","Server/Particles/Combat/Battleaxe/Bash/Spawners/Battleaxe_Bash_Shockwave.particlespawner","2511","6211F74C7B5912AA2D8D06EF059F19AC6B8ECD09D76C30229621DC78497F96F5"
"particle-spawners","Battleaxe_Bash_Sparks","Combat/Battleaxe/Bash/Spawners/Battleaxe_Bash_Sparks","Server/Particles/Combat/Battleaxe/Bash/Spawners/Battleaxe_Bash_Sparks.particlespawner","2582","45ABCB7BFA3176E61C7A54665AE231C506F1CC9EF2BE758B1CBB4F5077B46C22"
"particle-spawners","Impact_Battleaxe_Bash_Circle","Combat/Battleaxe/Bash/Spawners/Impact_Battleaxe_Bash_Circle","Server/Particles/Combat/Battleaxe/Bash/Spawners/Impact_Battleaxe_Bash_Circle.particlespawner","1478","AAD564A5E909D0ED484B939B70DFF18638D70624F300369AB7D8D2114C7DD3C6"
"particle-spawners","Impact_Battleaxe_Bash_Distortion","Combat/Battleaxe/Bash/Spawners/Impact_Battleaxe_Bash_Distortion","Server/Particles/Combat/Battleaxe/Bash/Spawners/Impact_Battleaxe_Bash_Distortion.particlespawner","1727","DD21B04E6F34FFFFA25B105B7B4C178E40F6A280F676EF04F3F36C5DB4D6CD27"
"particle-spawners","Impact_Battleaxe_Bash_Flash","Combat/Battleaxe/Bash/Spawners/Impact_Battleaxe_Bash_Flash","Server/Particles/Combat/Battleaxe/Bash/Spawners/Impact_Battleaxe_Bash_Flash.particlespawner","1578","3BBB604B096891ABD31CCAAC62FF2C7D68AA4216B18E699F89ABEE5676D2D813"
"particle-spawners","Impact_Battleaxe_Bash_Sparks","Combat/Battleaxe/Bash/Spawners/Impact_Battleaxe_Bash_Sparks","Server/Particles/Combat/Battleaxe/Bash/Spawners/Impact_Battleaxe_Bash_Sparks.particlespawner","2492","59E182247C782834E7CB8C03A164ED496B271B93AA24A2EE1D7870F4180BC5C0"
"particle-spawners","Impact_Battleaxe_Bash_Sparks2","Combat/Battleaxe/Bash/Spawners/Impact_Battleaxe_Bash_Sparks2","Server/Particles/Combat/Battleaxe/Bash/Spawners/Impact_Battleaxe_Bash_Sparks2.particlespawner","2630","32226D3DC04DB6DF613BF90D315C624E507D5D9BC484E3DF507F0965D7788CC9"
"particle-spawners","Impact_Battleaxe_Bash_Star","Combat/Battleaxe/Bash/Spawners/Impact_Battleaxe_Bash_Star","Server/Particles/Combat/Battleaxe/Bash/Spawners/Impact_Battleaxe_Bash_Star.particlespawner","1993","B625A3C0E41F94D5A177FB231C228D3FFA7AF8AB3326EC86641C120B73683B27"
"particle-spawners","Battleaxe_Signature_Whirlwind_Sparks","Combat/Battleaxe/Signature/Spawners/Battleaxe_Signature_Whirlwind_Sparks","Server/Particles/Combat/Battleaxe/Signature/Spawners/Battleaxe_Signature_Whirlwind_Sparks.particlespawner","2471","EDB58A1C75C89143A833B0E0027AF4AF4AF653C867B6C762DDBA453FFA53A1BA"
"particle-spawners","Battleaxe_Signature_Whirlwind_Spin","Combat/Battleaxe/Signature/Spawners/Battleaxe_Signature_Whirlwind_Spin","Server/Particles/Combat/Battleaxe/Signature/Spawners/Battleaxe_Signature_Whirlwind_Spin.particlespawner","2132","7EA2AF9311F799C6EB6ED8E75FA7EFDB06F268B7E522563121A35B302AAE96A9"
"particle-spawners","Battleaxe_Signature_Whirlwind_Spin_Soft","Combat/Battleaxe/Signature/Spawners/Battleaxe_Signature_Whirlwind_Spin_Soft","Server/Particles/Combat/Battleaxe/Signature/Spawners/Battleaxe_Signature_Whirlwind_Spin_Soft.particlespawner","2183","145CCB011B679BC7B34C4403277635D1A0C07FE995CFC4C227CF6AB1857A6557"
"particle-spawners","Battleaxe_Signature_Whirlwind_Spin2","Combat/Battleaxe/Signature/Spawners/Battleaxe_Signature_Whirlwind_Spin2","Server/Particles/Combat/Battleaxe/Signature/Spawners/Battleaxe_Signature_Whirlwind_Spin2.particlespawner","2164","172696CAD2DFDA2D8C143401A9D6ED2853B90F71F6A1C3C4F14428B810FAD28B"
"particle-spawners","Crossbow_Bash_Dash","Combat/Crossbow/Bash/Spawners/Crossbow_Bash_Dash","Server/Particles/Combat/Crossbow/Bash/Spawners/Crossbow_Bash_Dash.particlespawner","1974","5AC9079E24FE72902DDE02B1C21265F520F309ACB03E70F3B9CE8088D37AA6D0"
"particle-spawners","Crossbow_Bash_Distortion","Combat/Crossbow/Bash/Spawners/Crossbow_Bash_Distortion","Server/Particles/Combat/Crossbow/Bash/Spawners/Crossbow_Bash_Distortion.particlespawner","2132","DFA964911960F66F0AD593AD4D368FCE119ADC298FBB3613F4186E12C111F3E6"
"particle-spawners","Crossbow_Bash_Shockwave","Combat/Crossbow/Bash/Spawners/Crossbow_Bash_Shockwave","Server/Particles/Combat/Crossbow/Bash/Spawners/Crossbow_Bash_Shockwave.particlespawner","2512","4888A37385C66C4288F153E74F660F9DE80CADEF492C8B5725399AD7F7ECACF0"
"particle-spawners","Crossbow_Bash_Sparks","Combat/Crossbow/Bash/Spawners/Crossbow_Bash_Sparks","Server/Particles/Combat/Crossbow/Bash/Spawners/Crossbow_Bash_Sparks.particlespawner","2645","0B02FE8F5591DF516B52C6DF673F6DE8622B4E7DF60D7A48834C1DA2C1C5AA8A"
"particle-spawners","Impact_Crossbow_Bash_Circle","Combat/Crossbow/Bash/Spawners/Impact_Crossbow_Bash_Circle","Server/Particles/Combat/Crossbow/Bash/Spawners/Impact_Crossbow_Bash_Circle.particlespawner","1478","AAD564A5E909D0ED484B939B70DFF18638D70624F300369AB7D8D2114C7DD3C6"
"particle-spawners","Impact_Crossbow_Bash_Distortion","Combat/Crossbow/Bash/Spawners/Impact_Crossbow_Bash_Distortion","Server/Particles/Combat/Crossbow/Bash/Spawners/Impact_Crossbow_Bash_Distortion.particlespawner","1727","DD21B04E6F34FFFFA25B105B7B4C178E40F6A280F676EF04F3F36C5DB4D6CD27"
"particle-spawners","Impact_Crossbow_Bash_Flash","Combat/Crossbow/Bash/Spawners/Impact_Crossbow_Bash_Flash","Server/Particles/Combat/Crossbow/Bash/Spawners/Impact_Crossbow_Bash_Flash.particlespawner","1578","3BBB604B096891ABD31CCAAC62FF2C7D68AA4216B18E699F89ABEE5676D2D813"
"particle-spawners","Impact_Crossbow_Bash_Sparks","Combat/Crossbow/Bash/Spawners/Impact_Crossbow_Bash_Sparks","Server/Particles/Combat/Crossbow/Bash/Spawners/Impact_Crossbow_Bash_Sparks.particlespawner","2492","59E182247C782834E7CB8C03A164ED496B271B93AA24A2EE1D7870F4180BC5C0"
"particle-spawners","Impact_Crossbow_Bash_Sparks2","Combat/Crossbow/Bash/Spawners/Impact_Crossbow_Bash_Sparks2","Server/Particles/Combat/Crossbow/Bash/Spawners/Impact_Crossbow_Bash_Sparks2.particlespawner","2630","32226D3DC04DB6DF613BF90D315C624E507D5D9BC484E3DF507F0965D7788CC9"
"particle-spawners","Impact_Crossbow_Bash_Star","Combat/Crossbow/Bash/Spawners/Impact_Crossbow_Bash_Star","Server/Particles/Combat/Crossbow/Bash/Spawners/Impact_Crossbow_Bash_Star.particlespawner","1993","B625A3C0E41F94D5A177FB231C228D3FFA7AF8AB3326EC86641C120B73683B27"
"particle-spawners","Daggers_Bash_Dash","Combat/Daggers/Bash/Spawners/Daggers_Bash_Dash","Server/Particles/Combat/Daggers/Bash/Spawners/Daggers_Bash_Dash.particlespawner","1974","ADDE2E388DE909AD4DDEF78C369EA15C8A0830EBE01F4C5D6E0EAE237B23A2B2"
"particle-spawners","Daggers_Bash_Distortion","Combat/Daggers/Bash/Spawners/Daggers_Bash_Distortion","Server/Particles/Combat/Daggers/Bash/Spawners/Daggers_Bash_Distortion.particlespawner","2132","DFA964911960F66F0AD593AD4D368FCE119ADC298FBB3613F4186E12C111F3E6"
"particle-spawners","Daggers_Bash_Shockwave","Combat/Daggers/Bash/Spawners/Daggers_Bash_Shockwave","Server/Particles/Combat/Daggers/Bash/Spawners/Daggers_Bash_Shockwave.particlespawner","2511","6211F74C7B5912AA2D8D06EF059F19AC6B8ECD09D76C30229621DC78497F96F5"
"particle-spawners","Daggers_Bash_Sparks","Combat/Daggers/Bash/Spawners/Daggers_Bash_Sparks","Server/Particles/Combat/Daggers/Bash/Spawners/Daggers_Bash_Sparks.particlespawner","2582","45ABCB7BFA3176E61C7A54665AE231C506F1CC9EF2BE758B1CBB4F5077B46C22"
"particle-spawners","Impact_Daggers_Bash_Circle","Combat/Daggers/Bash/Spawners/Impact_Daggers_Bash_Circle","Server/Particles/Combat/Daggers/Bash/Spawners/Impact_Daggers_Bash_Circle.particlespawner","1478","AAD564A5E909D0ED484B939B70DFF18638D70624F300369AB7D8D2114C7DD3C6"
"particle-spawners","Impact_Daggers_Bash_Distortion","Combat/Daggers/Bash/Spawners/Impact_Daggers_Bash_Distortion","Server/Particles/Combat/Daggers/Bash/Spawners/Impact_Daggers_Bash_Distortion.particlespawner","1727","DD21B04E6F34FFFFA25B105B7B4C178E40F6A280F676EF04F3F36C5DB4D6CD27"
"particle-spawners","Impact_Daggers_Bash_Flash","Combat/Daggers/Bash/Spawners/Impact_Daggers_Bash_Flash","Server/Particles/Combat/Daggers/Bash/Spawners/Impact_Daggers_Bash_Flash.particlespawner","1578","3BBB604B096891ABD31CCAAC62FF2C7D68AA4216B18E699F89ABEE5676D2D813"
"particle-spawners","Impact_Daggers_Bash_Sparks","Combat/Daggers/Bash/Spawners/Impact_Daggers_Bash_Sparks","Server/Particles/Combat/Daggers/Bash/Spawners/Impact_Daggers_Bash_Sparks.particlespawner","2492","59E182247C782834E7CB8C03A164ED496B271B93AA24A2EE1D7870F4180BC5C0"
"particle-spawners","Impact_Daggers_Bash_Sparks2","Combat/Daggers/Bash/Spawners/Impact_Daggers_Bash_Sparks2","Server/Particles/Combat/Daggers/Bash/Spawners/Impact_Daggers_Bash_Sparks2.particlespawner","2630","32226D3DC04DB6DF613BF90D315C624E507D5D9BC484E3DF507F0965D7788CC9"
"particle-spawners","Impact_Daggers_Bash_Star","Combat/Daggers/Bash/Spawners/Impact_Daggers_Bash_Star","Server/Particles/Combat/Daggers/Bash/Spawners/Impact_Daggers_Bash_Star.particlespawner","1993","B625A3C0E41F94D5A177FB231C228D3FFA7AF8AB3326EC86641C120B73683B27"
"particle-spawners","Daggers_Stab_Trail","Combat/Daggers/Basic/Spawners/Daggers_Stab_Trail","Server/Particles/Combat/Daggers/Basic/Spawners/Daggers_Stab_Trail.particlespawner","1712","39B0430457D311B2982CFE060E9FE3DF41B34B7C7179FD6D929C6FE15EBC51D2"
"particle-spawners","Daggers_Stab_Trail2","Combat/Daggers/Basic/Spawners/Daggers_Stab_Trail2","Server/Particles/Combat/Daggers/Basic/Spawners/Daggers_Stab_Trail2.particlespawner","1845","5A353B9574101A977BB3409E1F899FB42ED09825F3E4AA43AD0D16120494D4B6"
"particle-spawners","Impact_Dagger_Slash","Combat/Daggers/Basic/Spawners/Impact_Dagger_Slash","Server/Particles/Combat/Daggers/Basic/Spawners/Impact_Dagger_Slash.particlespawner","1561","65E1457B44E23D0766DD18AD2054079693FB2B795C5A8A16DE8A6A8230D7D02D"
"particle-spawners","Impact_Dagger_Slash_Sparks","Combat/Daggers/Basic/Spawners/Impact_Dagger_Slash_Sparks","Server/Particles/Combat/Daggers/Basic/Spawners/Impact_Dagger_Slash_Sparks.particlespawner","2360","6E672C462EB9846B1AD39893BFD28053B736C177B0A78034036C8C69EDAC9D5E"
"particle-spawners","Impact_Dagger_Slash_Sparks2","Combat/Daggers/Basic/Spawners/Impact_Dagger_Slash_Sparks2","Server/Particles/Combat/Daggers/Basic/Spawners/Impact_Dagger_Slash_Sparks2.particlespawner","2727","85FC4C939A2D36C8C2E0D4F6C2FBFE9C08980B704C48A460B3725C7009EDCC38"
"particle-spawners","Impact_Dagger_Sparks","Combat/Daggers/Basic/Spawners/Impact_Dagger_Sparks","Server/Particles/Combat/Daggers/Basic/Spawners/Impact_Dagger_Sparks.particlespawner","2259","3FA6AD2B6D23EF81FA647FC9C8A37B8179E6E033943B20DB511F6F13240CCF2D"
"particle-spawners","Impact_Dagger_Sparks_Thin","Combat/Daggers/Basic/Spawners/Impact_Dagger_Sparks_Thin","Server/Particles/Combat/Daggers/Basic/Spawners/Impact_Dagger_Sparks_Thin.particlespawner","1658","A061DF632938889B9399C79E33F01D43DF17674D4DCE585660BA653F0D0F5FA9"
"particle-spawners","Impact_Dagger_Stab_Sparks","Combat/Daggers/Basic/Spawners/Impact_Dagger_Stab_Sparks","Server/Particles/Combat/Daggers/Basic/Spawners/Impact_Dagger_Stab_Sparks.particlespawner","2894","D331046069EA2BD492F28D3B6AE3A6909551BC5CE59DEF5F21708DBB2FC9DD7F"
"particle-spawners","Dagger_Charging_Circles","Combat/Daggers/Charged/Spawners/Dagger_Charging_Circles","Server/Particles/Combat/Daggers/Charged/Spawners/Dagger_Charging_Circles.particlespawner","2121","738801D79C3357C90F4BEBA6CDF4BFCD8D8FB8BB2284C28F3E132766173E5EB9"
"particle-spawners","Dagger_Charging_Circles_FP","Combat/Daggers/Charged/Spawners/Dagger_Charging_Circles_FP","Server/Particles/Combat/Daggers/Charged/Spawners/Dagger_Charging_Circles_FP.particlespawner","1960","57D271093774367A6108D88906274B7B48174A550E49A5080F11E46D4EE1AAC5"
"particle-spawners","Dagger_Charging_Sparks","Combat/Daggers/Charged/Spawners/Dagger_Charging_Sparks","Server/Particles/Combat/Daggers/Charged/Spawners/Dagger_Charging_Sparks.particlespawner","2476","0D588ACC1F93DC4EDC7B32590F702E0A7CB7DEEC4039AEC752E73282EC41AC54"
"particle-spawners","Daggers_Charged_Trail_Lines_Sparks","Combat/Daggers/Charged/Spawners/Daggers_Charged_Trail_Lines_Sparks","Server/Particles/Combat/Daggers/Charged/Spawners/Daggers_Charged_Trail_Lines_Sparks.particlespawner","2318","027D883089EA62822260138EDFB6893F43358706C8F2319FE508A8CB5CE16239"
"particle-spawners","Daggers_Charged_Trail_Smoke","Combat/Daggers/Charged/Spawners/Daggers_Charged_Trail_Smoke","Server/Particles/Combat/Daggers/Charged/Spawners/Daggers_Charged_Trail_Smoke.particlespawner","2072","927A77C39DBC9C16EE16CCFDF3289B24580555D5105C07A40359591AA70CF294"
"particle-spawners","Daggers_Charged_Trail_Sparks","Combat/Daggers/Charged/Spawners/Daggers_Charged_Trail_Sparks","Server/Particles/Combat/Daggers/Charged/Spawners/Daggers_Charged_Trail_Sparks.particlespawner","1950","AC3DFA52067F63BB34CE8A766B92B30566158611EDA788DB431D0D51329F135C"
"particle-spawners","Daggers_Pounce_Flash_Alpha","Combat/Daggers/Charged/Spawners/Daggers_Pounce_Flash_Alpha","Server/Particles/Combat/Daggers/Charged/Spawners/Daggers_Pounce_Flash_Alpha.particlespawner","1766","37A7562321DD166847E9E7862E554F282FCB007A9ADD9AF16BD4576351D00931"
"particle-spawners","Daggers_Pounce_Flash_Glow","Combat/Daggers/Charged/Spawners/Daggers_Pounce_Flash_Glow","Server/Particles/Combat/Daggers/Charged/Spawners/Daggers_Pounce_Flash_Glow.particlespawner","1786","053B8C83D527BB46C3B27D6099A37EA6A899E3AFC6318D5D2E9A76FC75F4C650"
"particle-spawners","Impact_Dagger_Circle_Charged","Combat/Daggers/Charged/Spawners/Impact_Dagger_Circle_Charged","Server/Particles/Combat/Daggers/Charged/Spawners/Impact_Dagger_Circle_Charged.particlespawner","1588","3DCA45F17DEF097C57052E0468D6EB147EF488AC4A57572C5B3E3D2EDB365B77"
"particle-spawners","Impact_Dagger_Sparks_Charged","Combat/Daggers/Charged/Spawners/Impact_Dagger_Sparks_Charged","Server/Particles/Combat/Daggers/Charged/Spawners/Impact_Dagger_Sparks_Charged.particlespawner","2204","5792E9E0E32047FFEE5508DA42DA8AEFAB56796963558B969C335E784DB4D2F4"
"particle-spawners","Impact_Dagger_Sparks2_Charged","Combat/Daggers/Charged/Spawners/Impact_Dagger_Sparks2_Charged","Server/Particles/Combat/Daggers/Charged/Spawners/Impact_Dagger_Sparks2_Charged.particlespawner","2603","6B2FD2F59507EB7C0D89026A67F8E2031048A38A46955BF265BF7163B099D0EB"
"particle-spawners","Impact_Dagger_Stab_Flash_Charged","Combat/Daggers/Charged/Spawners/Impact_Dagger_Stab_Flash_Charged","Server/Particles/Combat/Daggers/Charged/Spawners/Impact_Dagger_Stab_Flash_Charged.particlespawner","1613","D6F85B0A1DC3C82BA33D0CEB0220D91E1934A72A5B54F4CDAFAED15E0C972EE9"
"particle-spawners","Dagger_Signature_Cast_Center_Energy","Combat/Daggers/Signature/Spawners/Dagger_Signature_Cast_Center_Energy","Server/Particles/Combat/Daggers/Signature/Spawners/Dagger_Signature_Cast_Center_Energy.particlespawner","2117","1E88A124789D7A203C3A3F7B964AC71B9302B1F93A98B03B20BC033DD119DA37"
"particle-spawners","Dagger_Signature_Cast_Center_Sparks","Combat/Daggers/Signature/Spawners/Dagger_Signature_Cast_Center_Sparks","Server/Particles/Combat/Daggers/Signature/Spawners/Dagger_Signature_Cast_Center_Sparks.particlespawner","1768","79EE0BBC8E08C32AA6CA1888BA7C9DCBCCA38D7B102CB902F97F857BE272EB21"
"particle-spawners","Dagger_Signature_Cast_Flash","Combat/Daggers/Signature/Spawners/Dagger_Signature_Cast_Flash","Server/Particles/Combat/Daggers/Signature/Spawners/Dagger_Signature_Cast_Flash.particlespawner","2271","925084454F29DA63591BD125EBDF5AECD4C498F95AB28E167434C8AEAE63011F"
"particle-spawners","Dagger_Signature_Cast_Ready_Glow","Combat/Daggers/Signature/Spawners/Dagger_Signature_Cast_Ready_Glow","Server/Particles/Combat/Daggers/Signature/Spawners/Dagger_Signature_Cast_Ready_Glow.particlespawner","1978","1DC4FBA96E0945C2AE089ECF5A20FF3E123E11994BCF53DD77E014AF7EB22EBF"
"particle-spawners","Dagger_Signature_Cast_Shockwave","Combat/Daggers/Signature/Spawners/Dagger_Signature_Cast_Shockwave","Server/Particles/Combat/Daggers/Signature/Spawners/Dagger_Signature_Cast_Shockwave.particlespawner","2590","08C20BD612B9024150A2C70BF50DA035B96BE04A20414827EE1B9E48E8ABDAAF"
"particle-spawners","Dagger_Signature_Cast_Sparks","Combat/Daggers/Signature/Spawners/Dagger_Signature_Cast_Sparks","Server/Particles/Combat/Daggers/Signature/Spawners/Dagger_Signature_Cast_Sparks.particlespawner","2033","D9FF32D2795755D9C163B2D84638041643AFC4D21F050A0DA40D7186C1D6C1EE"
"particle-spawners","Dagger_Signature_Cast_Start","Combat/Daggers/Signature/Spawners/Dagger_Signature_Cast_Start","Server/Particles/Combat/Daggers/Signature/Spawners/Dagger_Signature_Cast_Start.particlespawner","1989","42EF7057004FCF2A4670A3CA20AE61FA86A27FD2F4EC564B3ACE8808A18A40CF"
"particle-spawners","Dagger_Signature_Cast_Start_Smoke","Combat/Daggers/Signature/Spawners/Dagger_Signature_Cast_Start_Smoke","Server/Particles/Combat/Daggers/Signature/Spawners/Dagger_Signature_Cast_Start_Smoke.particlespawner","2234","24930D8D1BF655B129DD0F47D691CC9DCD6FD297721B73E6BB4C77222584A9B5"
"particle-spawners","Dagger_Signature_Cast_Start2","Combat/Daggers/Signature/Spawners/Dagger_Signature_Cast_Start2","Server/Particles/Combat/Daggers/Signature/Spawners/Dagger_Signature_Cast_Start2.particlespawner","2578","890AAE165FE20E187C0CFDA8F55515F7D5B987E83EE3AFC9C15C3FDB164180EE"
"particle-spawners","Dagger_Signature_Status_Glow","Combat/Daggers/Signature/Spawners/Dagger_Signature_Status_Glow","Server/Particles/Combat/Daggers/Signature/Spawners/Dagger_Signature_Status_Glow.particlespawner","2543","8AA0F896F9C5D525D9A9E0D2EF696BCC6D095D0D292086EFEB2A387F52622E51"
"particle-spawners","Dagger_Signature_Status_Lines","Combat/Daggers/Signature/Spawners/Dagger_Signature_Status_Lines","Server/Particles/Combat/Daggers/Signature/Spawners/Dagger_Signature_Status_Lines.particlespawner","2218","C0C89E7FB028779960CC93A7D5FD4FA957448B16A39B8FF221F609661C3045A7"
"particle-spawners","Daggers_Lunge_Lines","Combat/Daggers/Signature/Spawners/Daggers_Lunge_Lines","Server/Particles/Combat/Daggers/Signature/Spawners/Daggers_Lunge_Lines.particlespawner","2415","E0BB7D08E0AFF20019FC1F519D9BB80D58780FF2ED54F36AE973DA24997F23D3"
"particle-spawners","Daggers_Lunge_Sparks","Combat/Daggers/Signature/Spawners/Daggers_Lunge_Sparks","Server/Particles/Combat/Daggers/Signature/Spawners/Daggers_Lunge_Sparks.particlespawner","2291","F6CBD706DC013DA6FC1888825680DF4E00F77B3A68A211483B1168F48E0F2876"
"particle-spawners","Daggers_Signature_Dash_Main","Combat/Daggers/Signature/Spawners/Daggers_Signature_Dash_Main","Server/Particles/Combat/Daggers/Signature/Spawners/Daggers_Signature_Dash_Main.particlespawner","2473","3B936DD931D4B24A7D59C98994D4D8A6D8A947523ECA48746001A6A8F515BEF9"
"particle-spawners","Daggers_Signature_Dash_Shockwave","Combat/Daggers/Signature/Spawners/Daggers_Signature_Dash_Shockwave","Server/Particles/Combat/Daggers/Signature/Spawners/Daggers_Signature_Dash_Shockwave.particlespawner","2264","60D2E9C244912189B2938DD78238C4CCFD67D7982B8AB3F33252EB9836FC0A68"
"particle-spawners","Daggers_Signature_Ready_Flash","Combat/Daggers/Signature/Spawners/Daggers_Signature_Ready_Flash","Server/Particles/Combat/Daggers/Signature/Spawners/Daggers_Signature_Ready_Flash.particlespawner","2153","D1CB08C86C074ADFE06CBEBDA61E75678027BCB1F1367EE4B7EF9D7CB3F29012"
"particle-spawners","Daggers_Signature_Ready_Shockwave","Combat/Daggers/Signature/Spawners/Daggers_Signature_Ready_Shockwave","Server/Particles/Combat/Daggers/Signature/Spawners/Daggers_Signature_Ready_Shockwave.particlespawner","2385","41135F5138F981332170623620EFC6B0A6E63B65529F0384B46817E96D79211F"
"particle-spawners","Daggers_Signature_Ready_Shockwave_Start","Combat/Daggers/Signature/Spawners/Daggers_Signature_Ready_Shockwave_Start","Server/Particles/Combat/Daggers/Signature/Spawners/Daggers_Signature_Ready_Shockwave_Start.particlespawner","2061","5AFD35F63479E64EB7D3F4370CD4841C262070A78404E5333C00ACC943AEA358"
"particle-spawners","Daggers_Signature_Ready_Sparks","Combat/Daggers/Signature/Spawners/Daggers_Signature_Ready_Sparks","Server/Particles/Combat/Daggers/Signature/Spawners/Daggers_Signature_Ready_Sparks.particlespawner","1980","225653FD9E319CB9E8C54BFD3D2227263C66460BF69C5F00F4415D1CAE4F4F08"
"particle-spawners","Daggers_Signature_Ready_Start","Combat/Daggers/Signature/Spawners/Daggers_Signature_Ready_Start","Server/Particles/Combat/Daggers/Signature/Spawners/Daggers_Signature_Ready_Start.particlespawner","2096","0AC6F34D3FB4F67AA564AA0FF98064EC6BD9CD2D0492440D4F08B14A3E4CFCFC"
"particle-spawners","Daggers_Signature_Slash_Alpha","Combat/Daggers/Signature/Spawners/Daggers_Signature_Slash_Alpha","Server/Particles/Combat/Daggers/Signature/Spawners/Daggers_Signature_Slash_Alpha.particlespawner","1855","6901475FB51910594AD593105EA452BB32E0F66F370527A579D8EA1D3E5893F5"
"particle-spawners","Daggers_Signature_Slash_Bright","Combat/Daggers/Signature/Spawners/Daggers_Signature_Slash_Bright","Server/Particles/Combat/Daggers/Signature/Spawners/Daggers_Signature_Slash_Bright.particlespawner","1794","6DC97FFA2AC9793B36C4E6DAB7678435C34A9A95E29E2E4F4C298CA0DD8CB971"
"particle-spawners","Daggers_Signature_Slash_Bright2","Combat/Daggers/Signature/Spawners/Daggers_Signature_Slash_Bright2","Server/Particles/Combat/Daggers/Signature/Spawners/Daggers_Signature_Slash_Bright2.particlespawner","2162","6EDCAAC2975C2FADF29AA56D98808099F740A8BD5B719DDE9D96982D393E1157"
"particle-spawners","Daggers_Signature_Slash_Distortion","Combat/Daggers/Signature/Spawners/Daggers_Signature_Slash_Distortion","Server/Particles/Combat/Daggers/Signature/Spawners/Daggers_Signature_Slash_Distortion.particlespawner","1558","4445439A33E49EC9712B6C7C53D258D8D227C1A2CC20753B3FA5EEBD8B11C90F"
"particle-spawners","Daggers_Signature_Slash_Sparks","Combat/Daggers/Signature/Spawners/Daggers_Signature_Slash_Sparks","Server/Particles/Combat/Daggers/Signature/Spawners/Daggers_Signature_Slash_Sparks.particlespawner","2313","AD7DD11D7570E88A72B8B35A30F1DC3D96EE513F8DEBD46C92F89678CF4F4597"
"particle-spawners","Daggers_Signature_Sweep_Alpha","Combat/Daggers/Signature/Spawners/Daggers_Signature_Sweep_Alpha","Server/Particles/Combat/Daggers/Signature/Spawners/Daggers_Signature_Sweep_Alpha.particlespawner","1851","CC51DFF83EF904C231CE19974652E117E4BA90BD6A7AD6F7869C0C6E076D7E77"
"particle-spawners","Daggers_Signature_Sweep_Bright","Combat/Daggers/Signature/Spawners/Daggers_Signature_Sweep_Bright","Server/Particles/Combat/Daggers/Signature/Spawners/Daggers_Signature_Sweep_Bright.particlespawner","1791","4D6129E542E1EECA47F94F72C42A5540D335A17C22542D742A1E1F29DD028BAE"
"particle-spawners","Daggers_Signature_Sweep_Bright2","Combat/Daggers/Signature/Spawners/Daggers_Signature_Sweep_Bright2","Server/Particles/Combat/Daggers/Signature/Spawners/Daggers_Signature_Sweep_Bright2.particlespawner","2159","55CFD9A2133C456DC0C55E05444A19A56406E86DDB34455CF6A8BC2DD87A5478"
"particle-spawners","Impact_Daggers_Signature_Beam","Combat/Daggers/Signature/Spawners/Impact_Daggers_Signature_Beam","Server/Particles/Combat/Daggers/Signature/Spawners/Impact_Daggers_Signature_Beam.particlespawner","2519","129726B0DB83E460BECC14AE025942237FBA6B0D5BE970A3EF04CEDB766A9449"
"particle-spawners","Impact_Daggers_Signature_Flash","Combat/Daggers/Signature/Spawners/Impact_Daggers_Signature_Flash","Server/Particles/Combat/Daggers/Signature/Spawners/Impact_Daggers_Signature_Flash.particlespawner","2085","0C0FBBEC5BFDE7BBAE7EB889432047F93A1552A6AAD752CBB7226063F4D983A5"
"particle-spawners","Impact_Daggers_Signature_Glow","Combat/Daggers/Signature/Spawners/Impact_Daggers_Signature_Glow","Server/Particles/Combat/Daggers/Signature/Spawners/Impact_Daggers_Signature_Glow.particlespawner","2690","9BF6DFA218AA281910AEEA35FACA42A66DF645B547818304B5BF1F7D2F3DE323"
"particle-spawners","Impact_Daggers_Signature_Glow_Main","Combat/Daggers/Signature/Spawners/Impact_Daggers_Signature_Glow_Main","Server/Particles/Combat/Daggers/Signature/Spawners/Impact_Daggers_Signature_Glow_Main.particlespawner","2525","9D1189A5F2885AD4A574DBC59CA3F376A67A8B8AFFA95EBEE0A8E6F0221CF2BC"
"particle-spawners","Impact_Daggers_Signature_Linger","Combat/Daggers/Signature/Spawners/Impact_Daggers_Signature_Linger","Server/Particles/Combat/Daggers/Signature/Spawners/Impact_Daggers_Signature_Linger.particlespawner","2231","1A3ABF4CE406EDF75A498D10F0ADE5D63611D4A1D1E24B8E8463A1AA81A03694"
"particle-spawners","Impact_Daggers_Signature_Main","Combat/Daggers/Signature/Spawners/Impact_Daggers_Signature_Main","Server/Particles/Combat/Daggers/Signature/Spawners/Impact_Daggers_Signature_Main.particlespawner","2392","5BDE45613BBF4F3F60DABD099A63EAFE58F4D9829E4D49751B9320818A4598F2"
"particle-spawners","Impact_Daggers_Signature_Shockwave","Combat/Daggers/Signature/Spawners/Impact_Daggers_Signature_Shockwave","Server/Particles/Combat/Daggers/Signature/Spawners/Impact_Daggers_Signature_Shockwave.particlespawner","2227","6EA1DED1F0FA6C03E0B8A8F7EF4A59FAFA9ED96DB22058935D881B2FBFA5B813"
"particle-spawners","Impact_Daggers_Signature_Slash","Combat/Daggers/Signature/Spawners/Impact_Daggers_Signature_Slash","Server/Particles/Combat/Daggers/Signature/Spawners/Impact_Daggers_Signature_Slash.particlespawner","2072","5508EADE692072E3CF66467D5BE335F5A1DE1A3AE2652BB9FB0FB35160F08540"
"particle-spawners","Impact_Daggers_Signature_Sparks","Combat/Daggers/Signature/Spawners/Impact_Daggers_Signature_Sparks","Server/Particles/Combat/Daggers/Signature/Spawners/Impact_Daggers_Signature_Sparks.particlespawner","3043","C853FD4E64310349F1C9F153B0CEE8B159A2D3501E047A63ED610AF4244B75EE"
"particle-spawners","Impact_Daggers_Signature_Sparks2","Combat/Daggers/Signature/Spawners/Impact_Daggers_Signature_Sparks2","Server/Particles/Combat/Daggers/Signature/Spawners/Impact_Daggers_Signature_Sparks2.particlespawner","2564","C640D9102E24E4B9F1E6E3B913FBBDCBAA6822CD7C362D89F3BF3100ACBC84DF"
"particle-spawners","Impact_Daggers_Signature_Thin_Sparks","Combat/Daggers/Signature/Spawners/Impact_Daggers_Signature_Thin_Sparks","Server/Particles/Combat/Daggers/Signature/Spawners/Impact_Daggers_Signature_Thin_Sparks.particlespawner","1980","7C123EAE87C605433FD11A855EB06A4FC9E2A48565D8094E646417FFE111952D"
"particle-spawners","Dagger_Dash_Forward_Sparks_FP","Combat/Daggers/Special/Spawners/Dagger_Dash_Forward_Sparks_FP","Server/Particles/Combat/Daggers/Special/Spawners/Dagger_Dash_Forward_Sparks_FP.particlespawner","2560","B6D9ACCA06F04EC2EEA9B1441254B29C812DB7A5AAB3B10BE2A5677C2438B278"
"particle-spawners","Dagger_Dash_Straight_FP_Distortion","Combat/Daggers/Special/Spawners/Dagger_Dash_Straight_FP_Distortion","Server/Particles/Combat/Daggers/Special/Spawners/Dagger_Dash_Straight_FP_Distortion.particlespawner","1727","2E2AA48E2DD0E65A1CFD16F88AE3EFB28818E5125F48D3877045DDC777F8497C"
"particle-spawners","Dagger_Dash_Straight_FP_Screen","Combat/Daggers/Special/Spawners/Dagger_Dash_Straight_FP_Screen","Server/Particles/Combat/Daggers/Special/Spawners/Dagger_Dash_Straight_FP_Screen.particlespawner","1513","2DED19E37CB370F3C17150C9A7EDD6EAF1DC63A27958B5F1A191A0E789AB4392"
"particle-spawners","Dagger_Dash_Straight_Sparks_FP","Combat/Daggers/Special/Spawners/Dagger_Dash_Straight_Sparks_FP","Server/Particles/Combat/Daggers/Special/Spawners/Dagger_Dash_Straight_Sparks_FP.particlespawner","2225","D5367A7C388273A16FC170633BE31C63C0D79E35F9C190E68A0934444F402CD8"
"particle-spawners","Daggers_Dash_Glow","Combat/Daggers/Special/Spawners/Daggers_Dash_Glow","Server/Particles/Combat/Daggers/Special/Spawners/Daggers_Dash_Glow.particlespawner","1970","5B313052FA14597A9E4C6799B5940445FC9D95FFE949B16CF4E452A528FA1B91"
"particle-spawners","Daggers_Dash_Glow_Trail","Combat/Daggers/Special/Spawners/Daggers_Dash_Glow_Trail","Server/Particles/Combat/Daggers/Special/Spawners/Daggers_Dash_Glow_Trail.particlespawner","2178","4BA13B42C8435527B4B534D5900922C5B74E662A1F17F6F1511B6751336DCEF0"
"particle-spawners","Daggers_Dash_Sparks","Combat/Daggers/Special/Spawners/Daggers_Dash_Sparks","Server/Particles/Combat/Daggers/Special/Spawners/Daggers_Dash_Sparks.particlespawner","2386","E0CACFAFDCACA9C652DF37BC0FE1EE86E53960F9FDBBA092DEDC28600524765D"
"particle-spawners","Daggers_Dash_Sparks_Dark","Combat/Daggers/Special/Spawners/Daggers_Dash_Sparks_Dark","Server/Particles/Combat/Daggers/Special/Spawners/Daggers_Dash_Sparks_Dark.particlespawner","2125","A84B0F359CC95EC2DA0D9570E1BF8784AC9447394A7895ECB7753DC80D5710BA"
"particle-spawners","Daggers_Dash_SParks_Linger","Combat/Daggers/Special/Spawners/Daggers_Dash_SParks_Linger","Server/Particles/Combat/Daggers/Special/Spawners/Daggers_Dash_SParks_Linger.particlespawner","2535","C837114CF499E7815E330A54F7397B93471FF6EC96DA90C2DC92101A52834AAB"
"particle-spawners","Daggers_Dash_Straight_Distortion","Combat/Daggers/Special/Spawners/Daggers_Dash_Straight_Distortion","Server/Particles/Combat/Daggers/Special/Spawners/Daggers_Dash_Straight_Distortion.particlespawner","1862","813E4F9BE6B17A7FC02CF227413486CEBD625951359B5E1C47B21ABCE98035DC"
"particle-spawners","Daggers_Dash_Straight_Sparks","Combat/Daggers/Special/Spawners/Daggers_Dash_Straight_Sparks","Server/Particles/Combat/Daggers/Special/Spawners/Daggers_Dash_Straight_Sparks.particlespawner","2577","1F7F52B643871602598F7321EDBDEB22544B4A9849804DF0CC3C259185690727"
"particle-spawners","Daggers_Dash_Trail","Combat/Daggers/Special/Spawners/Daggers_Dash_Trail","Server/Particles/Combat/Daggers/Special/Spawners/Daggers_Dash_Trail.particlespawner","2716","00484456A767E63485513B18616228AD73999B3AAF0584BAEDFF18FDE2B8920F"
"particle-spawners","Fire_AoE_Circle","Combat/Fire_Stick/Fire_Trap/Fire_AoE_Circle","Server/Particles/Combat/Fire_Stick/Fire_Trap/Fire_AoE_Circle.particlespawner","1797","78F46F505DFF2A9EB0812F19663FBE2F8309BE621B4346391196BD353549D14C"
"particle-spawners","Fire_AoE_CirclesFloor","Combat/Fire_Stick/Fire_Trap/Fire_AoE_CirclesFloor","Server/Particles/Combat/Fire_Stick/Fire_Trap/Fire_AoE_CirclesFloor.particlespawner","1839","0090CF5287A91B28F9FCC01FEF37999024372A2B1F0667A18F1A961E11EEF8A5"
"particle-spawners","Fire_AoE_FireFloor","Combat/Fire_Stick/Fire_Trap/Fire_AoE_FireFloor","Server/Particles/Combat/Fire_Stick/Fire_Trap/Fire_AoE_FireFloor.particlespawner","2397","8EADA3DEFF25DDCF894C5F65CACD9C3624D9975CD0F246D32EA4DB24818658DF"
"particle-spawners","Fire_AoE_Floor","Combat/Fire_Stick/Fire_Trap/Fire_AoE_Floor","Server/Particles/Combat/Fire_Stick/Fire_Trap/Fire_AoE_Floor.particlespawner","2434","F624742F19C61CE2DBF1F96C754B838BF4A60FA9729E919DA08EB5B505F4CFA2"
"particle-spawners","Fire_AoE_Floor2","Combat/Fire_Stick/Fire_Trap/Fire_AoE_Floor2","Server/Particles/Combat/Fire_Stick/Fire_Trap/Fire_AoE_Floor2.particlespawner","2434","D4951FE0B06B97FDE88DC300C8F4329CF333AF94CDAF7D5B6CFCCD8C253C49E4"
"particle-spawners","Fire_AoE_Glow","Combat/Fire_Stick/Fire_Trap/Fire_AoE_Glow","Server/Particles/Combat/Fire_Stick/Fire_Trap/Fire_AoE_Glow.particlespawner","1359","61CDB6B72FE0ED11CD48D96623D148AF49F6EE6937BE8DEDF49F0C9456B0827E"
"particle-spawners","Fire_AoE_Grow_FloorFire","Combat/Fire_Stick/Fire_Trap/Fire_AoE_Grow_FloorFire","Server/Particles/Combat/Fire_Stick/Fire_Trap/Fire_AoE_Grow_FloorFire.particlespawner","2547","4820912579C4831CF4A181294DC51138C2C39822E16025B21EDC226FC2A28185"
"particle-spawners","Fire_AoE_Grow_Glow","Combat/Fire_Stick/Fire_Trap/Fire_AoE_Grow_Glow","Server/Particles/Combat/Fire_Stick/Fire_Trap/Fire_AoE_Grow_Glow.particlespawner","1281","185F41D84A9DB1DAF75C77BE777D18301D10787AA55453080D88127915732BBA"
"particle-spawners","Fire_AoE_Grow_Sparks","Combat/Fire_Stick/Fire_Trap/Fire_AoE_Grow_Sparks","Server/Particles/Combat/Fire_Stick/Fire_Trap/Fire_AoE_Grow_Sparks.particlespawner","2665","8A510BB352245A9D26187FD42CB6066038A4B382CCC7BEBF172F485E7BD4FBD6"
"particle-spawners","Fire_AoE_Grow2_Circle","Combat/Fire_Stick/Fire_Trap/Fire_AoE_Grow2_Circle","Server/Particles/Combat/Fire_Stick/Fire_Trap/Fire_AoE_Grow2_Circle.particlespawner","1903","43C2842F3E14308612BA5F1348227F4C51F0302B779AE24857AF1B94FEF47639"
"particle-spawners","Fire_AoE_Grow2_CirclesFloor","Combat/Fire_Stick/Fire_Trap/Fire_AoE_Grow2_CirclesFloor","Server/Particles/Combat/Fire_Stick/Fire_Trap/Fire_AoE_Grow2_CirclesFloor.particlespawner","1837","2A2A7EFB68A8D7896DE024912420DBB1B7000FE5FB78D104DD844A232BD2D599"
"particle-spawners","Fire_AoE_Sparks","Combat/Fire_Stick/Fire_Trap/Fire_AoE_Sparks","Server/Particles/Combat/Fire_Stick/Fire_Trap/Fire_AoE_Sparks.particlespawner","2751","C29327E4198EF4341110FAE528A2532D9E46F76FB69966C02D35F2E98391CCC6"
"particle-spawners","Fire_AoE_Spawn_Circle","Combat/Fire_Stick/Fire_Trap/Fire_AoE_Spawn_Circle","Server/Particles/Combat/Fire_Stick/Fire_Trap/Fire_AoE_Spawn_Circle.particlespawner","1929","464A4E14CA5156B3560786613EB9A5F6F4CA5AF03946F2A5A42F41AD554B24B3"
"particle-spawners","Fire_AoE_Spawn_Flash","Combat/Fire_Stick/Fire_Trap/Fire_AoE_Spawn_Flash","Server/Particles/Combat/Fire_Stick/Fire_Trap/Fire_AoE_Spawn_Flash.particlespawner","1423","4FE638AFC2AFEF95D4E00D98576A09E7E74CB8B50BBA6198EAA504DA9BA2EC30"
"particle-spawners","Fire_AoE_Spawn_Sparks","Combat/Fire_Stick/Fire_Trap/Fire_AoE_Spawn_Sparks","Server/Particles/Combat/Fire_Stick/Fire_Trap/Fire_AoE_Spawn_Sparks.particlespawner","2701","CD705687FD9CE6A724BC10798E1C58E1454FC4F6EF3F777F27F7B701F52C2503"
"particle-spawners","Fire_AoE_Spawn_Spawn","Combat/Fire_Stick/Fire_Trap/Fire_AoE_Spawn_Spawn","Server/Particles/Combat/Fire_Stick/Fire_Trap/Fire_AoE_Spawn_Spawn.particlespawner","2177","206AE1252D97FD5A03CA87DE02A66A94B556A4E430EB64AB78C6379F5A1028DF"
"particle-spawners","Fire_AoE_Spawn_Spawn2","Combat/Fire_Stick/Fire_Trap/Fire_AoE_Spawn_Spawn2","Server/Particles/Combat/Fire_Stick/Fire_Trap/Fire_AoE_Spawn_Spawn2.particlespawner","2385","30D0EF156A3279AE228E36F157208FC8308E5DA49D55B391AEC4D8034F6CED1A"
"particle-spawners","Fire_AoE2_Circle2","Combat/Fire_Stick/Fire_Trap/Fire_AoE2_Circle2","Server/Particles/Combat/Fire_Stick/Fire_Trap/Fire_AoE2_Circle2.particlespawner","1366","2B3D3C6F6ED44A32AB66934B1DD89CDD85363C0CFB4D8EEE926F07660A7AA7D6"
"particle-spawners","Fire_AoE2_FireFloor2","Combat/Fire_Stick/Fire_Trap/Fire_AoE2_FireFloor2","Server/Particles/Combat/Fire_Stick/Fire_Trap/Fire_AoE2_FireFloor2.particlespawner","2454","FBBF2E63028762E94F5FE63AA87C56CCE3918B5410021520973E0ECD9FD61666"
"particle-spawners","Fire_AoE2_SmokeFloor","Combat/Fire_Stick/Fire_Trap/Fire_AoE2_SmokeFloor","Server/Particles/Combat/Fire_Stick/Fire_Trap/Fire_AoE2_SmokeFloor.particlespawner","2469","82923BF681649A22C4996117C64A2844ECF3855F97A9C4D7DFBE1F9294B7BA4D"
"particle-spawners","Fire_Trap_Preview_Center","Combat/Fire_Stick/Fire_Trap/Fire_Trap_Preview_Center","Server/Particles/Combat/Fire_Stick/Fire_Trap/Fire_Trap_Preview_Center.particlespawner","1292","8DA83BF7383725E56924BF28C64D1C7241C5BD8FFC5247C40AF0BB8C49667591"
"particle-spawners","Fire_Trap_Preview_CenterGS","Combat/Fire_Stick/Fire_Trap/Fire_Trap_Preview_CenterGS","Server/Particles/Combat/Fire_Stick/Fire_Trap/Fire_Trap_Preview_CenterGS.particlespawner","1182","62725601D9F190D68560B9C90C32EAB1EA62875E4A3B2C84338B26096782DF1B"
"particle-spawners","Fire_Trap_Preview_Circle","Combat/Fire_Stick/Fire_Trap/Fire_Trap_Preview_Circle","Server/Particles/Combat/Fire_Stick/Fire_Trap/Fire_Trap_Preview_Circle.particlespawner","1177","15396EB1C847CE86E9CE4DAF4BC79FB786476838B04196C13F7178212E121509"
"particle-spawners","Fire_Trap_Preview_CircleGS","Combat/Fire_Stick/Fire_Trap/Fire_Trap_Preview_CircleGS","Server/Particles/Combat/Fire_Stick/Fire_Trap/Fire_Trap_Preview_CircleGS.particlespawner","1237","04350E5EA4D89DA7D87003A7DEA516A0FE7E1FF96113D392413594EDF14B2DC8"
"particle-spawners","Fire_Charge_Charging_Constant1","Combat/Fire_Stick/Spawners/Fire_Charge_Charging_Constant1","Server/Particles/Combat/Fire_Stick/Spawners/Fire_Charge_Charging_Constant1.particlespawner","1960","52826A9DBD1005AE5191E67D55CB61FB1DAF295621D658C216C8D123F9310EC8"
"particle-spawners","Fire_Charge_Charging_Constant2","Combat/Fire_Stick/Spawners/Fire_Charge_Charging_Constant2","Server/Particles/Combat/Fire_Stick/Spawners/Fire_Charge_Charging_Constant2.particlespawner","1406","27E5A3584DB24D0309B3627F4A37260F87F4604B25E96A939489F030C2AAFF3D"
"particle-spawners","Fire_Charge_Charging_Constant3","Combat/Fire_Stick/Spawners/Fire_Charge_Charging_Constant3","Server/Particles/Combat/Fire_Stick/Spawners/Fire_Charge_Charging_Constant3.particlespawner","1460","C027090B7CE226ADC9DB6DE3A06ADEF67A07A30846A2147C311158E36E3E4338"
"particle-spawners","Fire_Charge_Soak1_Flash","Combat/Fire_Stick/Spawners/Fire_Charge_Soak1_Flash","Server/Particles/Combat/Fire_Stick/Spawners/Fire_Charge_Soak1_Flash.particlespawner","2016","1B69FD9D993CF8E7635882A9A001D1125F7BF8AAE471F8599EDC51314CFB5371"
"particle-spawners","Fire_Charge_Soak1_Flash2","Combat/Fire_Stick/Spawners/Fire_Charge_Soak1_Flash2","Server/Particles/Combat/Fire_Stick/Spawners/Fire_Charge_Soak1_Flash2.particlespawner","2108","68BC65B794182390A0D36571D1975BE40F6A0F97D592F8EB2A83055FC31E67D2"
"particle-spawners","Fire_Charge_Soak1_Flash3","Combat/Fire_Stick/Spawners/Fire_Charge_Soak1_Flash3","Server/Particles/Combat/Fire_Stick/Spawners/Fire_Charge_Soak1_Flash3.particlespawner","2018","10FB1830F39BBDEE643989704A79C09EFA2A08044D9179D35AA0EF36FE6FCF1D"
"particle-spawners","Fire_Charge_Soak1_Sparks","Combat/Fire_Stick/Spawners/Fire_Charge_Soak1_Sparks","Server/Particles/Combat/Fire_Stick/Spawners/Fire_Charge_Soak1_Sparks.particlespawner","2271","7DE5E1941361A3DE35CAD03723BF7C7A51E96599DD0C8F237AC7534DF57D7AC3"
"particle-spawners","Fire_Charge1_Fire","Combat/Fire_Stick/Spawners/Fire_Charge1_Fire","Server/Particles/Combat/Fire_Stick/Spawners/Fire_Charge1_Fire.particlespawner","1480","FD085D8071CFFEAF619D39B8A0062E03DA5AE3D632548DE1DF061A7CA8444E94"
"particle-spawners","Fire_Stick_Charge_Charging1","Combat/Fire_Stick/Spawners/Fire_Stick_Charge_Charging1","Server/Particles/Combat/Fire_Stick/Spawners/Fire_Stick_Charge_Charging1.particlespawner","1677","A32FF5C0CF97CEDEFE32097585EB584A4FE7BAFB3BC813B13201EAD744ABF21B"
"particle-spawners","Fire_Stick_Charge_Charging2","Combat/Fire_Stick/Spawners/Fire_Stick_Charge_Charging2","Server/Particles/Combat/Fire_Stick/Spawners/Fire_Stick_Charge_Charging2.particlespawner","2015","8630CA56897768475A7E611BE7168D0FB7257D9C46E404CEADF32B0F81C8F9D1"
"particle-spawners","Fire_Stick_Charge_Charging3","Combat/Fire_Stick/Spawners/Fire_Stick_Charge_Charging3","Server/Particles/Combat/Fire_Stick/Spawners/Fire_Stick_Charge_Charging3.particlespawner","1461","1CE86CE6ADBFD7F207AEF394AECD541910E93A21B0AB96649DA0B5ABEB6848B7"
"particle-spawners","Fire_Stick_Charge_Charging4","Combat/Fire_Stick/Spawners/Fire_Stick_Charge_Charging4","Server/Particles/Combat/Fire_Stick/Spawners/Fire_Stick_Charge_Charging4.particlespawner","1511","B5450D302685DD60B7CEA2DF65097078136BD4EFDB2423A5A3580F37E4544A39"
"particle-spawners","Fireball_Charge_Core_0","Combat/Fire_Stick/Stage_0/Fireball_Charge_Core_0","Server/Particles/Combat/Fire_Stick/Stage_0/Fireball_Charge_Core_0.particlespawner","2245","847052E179588BC9053C409E653C12497DCE980BF590BD3F2F1E6449D6BB92E2"
"particle-spawners","Fireball_Charge_Core_White","Combat/Fire_Stick/Stage_0/Fireball_Charge_Core_White","Server/Particles/Combat/Fire_Stick/Stage_0/Fireball_Charge_Core_White.particlespawner","2183","90C95FB36E05B76021645A4CD0E1FA239DC4A8EC40005FF3847C8659BC0F3F9B"
"particle-spawners","Fireball_Charge_Core2_0","Combat/Fire_Stick/Stage_0/Fireball_Charge_Core2_0","Server/Particles/Combat/Fire_Stick/Stage_0/Fireball_Charge_Core2_0.particlespawner","1662","2D00DD8994A30C0C6833326D4A626D8953352012331DE21673D0A913B71479B1"
"particle-spawners","Fireball_Charge_Core2_White","Combat/Fire_Stick/Stage_0/Fireball_Charge_Core2_White","Server/Particles/Combat/Fire_Stick/Stage_0/Fireball_Charge_Core2_White.particlespawner","1482","DB5AC6378C99C76421271A0906442292C6F0073D78D42CBE136BB59942D4AD63"
"particle-spawners","Fireball_Charge_Core_1","Combat/Fire_Stick/Stage_1/Fireball_Charge_Core_1","Server/Particles/Combat/Fire_Stick/Stage_1/Fireball_Charge_Core_1.particlespawner","2245","AA432EBE8542E8F5531A4665332FC7EF4E41DC8DD5C466BB890E8BB1E14F865A"
"particle-spawners","Fireball_Charge_Core2_1","Combat/Fire_Stick/Stage_1/Fireball_Charge_Core2_1","Server/Particles/Combat/Fire_Stick/Stage_1/Fireball_Charge_Core2_1.particlespawner","1511","19483C8AC9BD62A31BCD5CEC295244D66B4ECA73B1A8386F488B438E0FB4C425"
"particle-spawners","Fireball_Charge_Core_2","Combat/Fire_Stick/Stage_2/Fireball_Charge_Core_2","Server/Particles/Combat/Fire_Stick/Stage_2/Fireball_Charge_Core_2.particlespawner","2245","B7B0A1C3C40097E9BB476F73CF873F31FC4724B949CB48B5A4D9D12BD3AF5144"
"particle-spawners","Fireball_Charge_Core_Orange","Combat/Fire_Stick/Stage_2/Fireball_Charge_Core_Orange","Server/Particles/Combat/Fire_Stick/Stage_2/Fireball_Charge_Core_Orange.particlespawner","2207","E20E0F8879FBEAEA7FC2356448C08C6677AD2802676289A3357F752411ACD38E"
"particle-spawners","Fireball_Charge_Core2_2","Combat/Fire_Stick/Stage_2/Fireball_Charge_Core2_2","Server/Particles/Combat/Fire_Stick/Stage_2/Fireball_Charge_Core2_2.particlespawner","1662","6F596EAFC1DE7F9767718C82FAB41F0B91231E8EE0291C6B552988F9A89E0C0A"
"particle-spawners","Fireball_Charge_Core2_Orange","Combat/Fire_Stick/Stage_2/Fireball_Charge_Core2_Orange","Server/Particles/Combat/Fire_Stick/Stage_2/Fireball_Charge_Core2_Orange.particlespawner","1483","D5BAEE43C1F29FB35D3529E38DF98280F29DF8B53C5173B936C222A11284FBBB"
"particle-spawners","Fireball_Charge_Core_3","Combat/Fire_Stick/Stage_3/Fireball_Charge_Core_3","Server/Particles/Combat/Fire_Stick/Stage_3/Fireball_Charge_Core_3.particlespawner","2245","AA59C3AE8B326D2B0A2A4E4C2E42F163C5558A4C3E8C1A35389C62C940150C1E"
"particle-spawners","Fireball_Charge_Core_Red","Combat/Fire_Stick/Stage_3/Fireball_Charge_Core_Red","Server/Particles/Combat/Fire_Stick/Stage_3/Fireball_Charge_Core_Red.particlespawner","2269","1AF8E328455D34511F9428F110B95F8EFD43FC97CDAD486A876EF16811206558"
"particle-spawners","Fireball_Charge_Core2_3","Combat/Fire_Stick/Stage_3/Fireball_Charge_Core2_3","Server/Particles/Combat/Fire_Stick/Stage_3/Fireball_Charge_Core2_3.particlespawner","1662","33B24E5571EF1FCCAABFBB345B734B572ED009CB3990031BD5DBBBAE873EA789"
"particle-spawners","Fireball_Charge_Core2_Red","Combat/Fire_Stick/Stage_3/Fireball_Charge_Core2_Red","Server/Particles/Combat/Fire_Stick/Stage_3/Fireball_Charge_Core2_Red.particlespawner","1560","9C2FBD5663219D98AB3394FE13F2867E1EE0567DA999D2F5AD4FD3B127936B74"
"particle-spawners","Flamethrower_Beam","Combat/Flamethrower/Spawners/Flamethrower_Beam","Server/Particles/Combat/Flamethrower/Spawners/Flamethrower_Beam.particlespawner","2102","E3C8BBF4AE88DC8A2B03B83F555D77CE907387E3563F2DF7069280BE94A4A061"
"particle-spawners","Flamethrower_Beam_Flat","Combat/Flamethrower/Spawners/Flamethrower_Beam_Flat","Server/Particles/Combat/Flamethrower/Spawners/Flamethrower_Beam_Flat.particlespawner","1955","FF78E931779736B092A4F472540B7CD2EED7DD450D5AD5D8ABE325CCC9852C1A"
"particle-spawners","Flamethrower_Beam_Overlay","Combat/Flamethrower/Spawners/Flamethrower_Beam_Overlay","Server/Particles/Combat/Flamethrower/Spawners/Flamethrower_Beam_Overlay.particlespawner","2124","E229A38BB96B3E0603F608262F80CEA4A27CB404BA0DE5FD63EEF1A01D0D30D6"
"particle-spawners","Flamethrower_Core","Combat/Flamethrower/Spawners/Flamethrower_Core","Server/Particles/Combat/Flamethrower/Spawners/Flamethrower_Core.particlespawner","2065","E48DA717278A14B568675085F4611975CC9322C527C92F782E1777341C07CB88"
"particle-spawners","Flamethrower_CoreThin","Combat/Flamethrower/Spawners/Flamethrower_CoreThin","Server/Particles/Combat/Flamethrower/Spawners/Flamethrower_CoreThin.particlespawner","1814","D0324EE46815167023A974B2D0ED8F0BC4A05E9D8EA8DA347B8553BE8AC65646"
"particle-spawners","Flamethrower_Distortion","Combat/Flamethrower/Spawners/Flamethrower_Distortion","Server/Particles/Combat/Flamethrower/Spawners/Flamethrower_Distortion.particlespawner","2308","BA51BACAEBCB715D4F683E67B76A2DB0A29500FAED508C2EA09F7DD7B89509DC"
"particle-spawners","Flamethrower_End","Combat/Flamethrower/Spawners/Flamethrower_End","Server/Particles/Combat/Flamethrower/Spawners/Flamethrower_End.particlespawner","2179","3948CB2CC3FAEC701CAC99DDE8B44AA1911D568F823936C2676A5B980B89A35B"
"particle-spawners","Flamethrower_EndSpread","Combat/Flamethrower/Spawners/Flamethrower_EndSpread","Server/Particles/Combat/Flamethrower/Spawners/Flamethrower_EndSpread.particlespawner","2627","9CF1BA1E3A12DC812A236E9FCCD636FF415407EC85B0ADA8E826F6B126783184"
"particle-spawners","Flamethrower_EndSpread_FlyOff","Combat/Flamethrower/Spawners/Flamethrower_EndSpread_FlyOff","Server/Particles/Combat/Flamethrower/Spawners/Flamethrower_EndSpread_FlyOff.particlespawner","2459","D5E621F00A2C4EF5F7E8FF3F10579F065FF7057818DEBB9016F85DAADABED914"
"particle-spawners","Flamethrower_Glow_Start","Combat/Flamethrower/Spawners/Flamethrower_Glow_Start","Server/Particles/Combat/Flamethrower/Spawners/Flamethrower_Glow_Start.particlespawner","1367","AD2C4417A2A4A4D8958617BA7F5456ABFD003DA326B56C46111DAA66FC7CFAC7"
"particle-spawners","Flamethrower_Main","Combat/Flamethrower/Spawners/Flamethrower_Main","Server/Particles/Combat/Flamethrower/Spawners/Flamethrower_Main.particlespawner","2685","636E2F797048B5D5CB0F4EDB9542F1F7EDA7F008EE77A0B0E24AAA2AA544F3F0"
"particle-spawners","Flamethrower_Overlay_Flat","Combat/Flamethrower/Spawners/Flamethrower_Overlay_Flat","Server/Particles/Combat/Flamethrower/Spawners/Flamethrower_Overlay_Flat.particlespawner","1960","769F6FFBB2640918C42A02EF0D69178A716EF4A1E4BF94A701289F03589F2423"
"particle-spawners","Flamethrower_Sparks","Combat/Flamethrower/Spawners/Flamethrower_Sparks","Server/Particles/Combat/Flamethrower/Spawners/Flamethrower_Sparks.particlespawner","2640","F9C02CB4E6AFFD133CE3D2507BC9AE6334FE50557CF9B7243F72C17FFB3443AC"
"particle-spawners","Flamethrower_Sparks_End","Combat/Flamethrower/Spawners/Flamethrower_Sparks_End","Server/Particles/Combat/Flamethrower/Spawners/Flamethrower_Sparks_End.particlespawner","2621","2476C0E4ABD4D71E9B1B61DC404848B858106642A37AE7C5733C25166A91207C"
"particle-spawners","Flamethrower_Start","Combat/Flamethrower/Spawners/Flamethrower_Start","Server/Particles/Combat/Flamethrower/Spawners/Flamethrower_Start.particlespawner","1858","53517471FF9B90453F134A2D14C0D0B9E16C040A53BF7D80CD6CB992B5E1E850"
"particle-spawners","Flamethrower_Start2","Combat/Flamethrower/Spawners/Flamethrower_Start2","Server/Particles/Combat/Flamethrower/Spawners/Flamethrower_Start2.particlespawner","2235","CF7F11F544685FD2DC48FA1C46D32063E4DB6F55E709C5782D985285A0456F54"
"particle-spawners","Impact_Critical_Flash","Combat/Impact/Critical/Spawners/Impact_Critical_Flash","Server/Particles/Combat/Impact/Critical/Spawners/Impact_Critical_Flash.particlespawner","1601","3E7122C34A2C48421B4BB447BCCC7C5422CB744156930AA918DAD7074A61BBC5"
"particle-spawners","Impact_Critical_Sparks","Combat/Impact/Critical/Spawners/Impact_Critical_Sparks","Server/Particles/Combat/Impact/Critical/Spawners/Impact_Critical_Sparks.particlespawner","2067","79D5A2FE46A6ACE3D1C30D5CD8F297B78B01D657EF7D8BFF411C57117ABA73A3"
"particle-spawners","Impact_Critical_Sparks_Red","Combat/Impact/Critical/Spawners/Impact_Critical_Sparks_Red","Server/Particles/Combat/Impact/Critical/Spawners/Impact_Critical_Sparks_Red.particlespawner","2070","D8DDD2F180C61D5C848461419B95D2EF714509C31C2340E3AD867F7D9FA663DC"
"particle-spawners","Impact_Critical_Sparks_Small","Combat/Impact/Critical/Spawners/Impact_Critical_Sparks_Small","Server/Particles/Combat/Impact/Critical/Spawners/Impact_Critical_Sparks_Small.particlespawner","2117","F071E3378865834BFA87CD70BF6FE6CF11F97576C11FEE026D3D7C576B0EB04A"
"particle-spawners","Impact_Feathers_Black","Combat/Impact/Misc/Feathers_Black/Spawners/Impact_Feathers_Black","Server/Particles/Combat/Impact/Misc/Feathers_Black/Spawners/Impact_Feathers_Black.particlespawner","3068","614853E726AE54446CDCCBF6F5ACB3F48B22D935C55CD8B0C1FABD50C3388603"
"particle-spawners","Impact_Fire","Combat/Impact/Misc/Fire/Spawners/Impact_Fire","Server/Particles/Combat/Impact/Misc/Fire/Spawners/Impact_Fire.particlespawner","3296","F7237BBE2E19D185A90FE20A64C96BF67CC1B421525FEF40F6B9FE87AF5FEE05"
"particle-spawners","Impact_Fire_Test","Combat/Impact/Misc/Fire/Spawners/Impact_Fire_Test","Server/Particles/Combat/Impact/Misc/Fire/Spawners/Impact_Fire_Test.particlespawner","3298","2B61DBF668217A97F8E908C88C03537E78A196F87E13ADC614D4B17A32D7FCFE"
"particle-spawners","Impact_Fire_Test2","Combat/Impact/Misc/Fire/Spawners/Impact_Fire_Test2","Server/Particles/Combat/Impact/Misc/Fire/Spawners/Impact_Fire_Test2.particlespawner","3295","BB9DB7A92B796484F46E86CBC5EB8C115EBC7B811B7A0E27CA723B2C4C20D832"
"particle-spawners","Impact_Smoke","Combat/Impact/Misc/Fire/Spawners/Impact_Smoke","Server/Particles/Combat/Impact/Misc/Fire/Spawners/Impact_Smoke.particlespawner","3121","D605A60756ABA207900368335BFF7EB74AECE6DE44E2487E8774DF939DB51A99"
"particle-spawners","Impact_Smoke_Test","Combat/Impact/Misc/Fire/Spawners/Impact_Smoke_Test","Server/Particles/Combat/Impact/Misc/Fire/Spawners/Impact_Smoke_Test.particlespawner","3139","D4FA5E383651F95B27F667927C316E7C3C3858D58737A3D9748E67B228D402C8"
"particle-spawners","Impact_Smoke_Test2","Combat/Impact/Misc/Fire/Spawners/Impact_Smoke_Test2","Server/Particles/Combat/Impact/Misc/Fire/Spawners/Impact_Smoke_Test2.particlespawner","3187","03DE93A9EDF62EDECCCC74029C66938B3784DB19F96066F9FE2E05D161935016"
"particle-spawners","Impact_Sparks","Combat/Impact/Misc/Fire/Spawners/Impact_Sparks","Server/Particles/Combat/Impact/Misc/Fire/Spawners/Impact_Sparks.particlespawner","2935","E9D3E5989217648FEA7F5EB76715A5E8741161A5F34F6916C59D41A789943F5A"
"particle-spawners","Impact_Ice_Cloud","Combat/Impact/Misc/Ice/Spawner/Impact_Ice_Cloud","Server/Particles/Combat/Impact/Misc/Ice/Spawner/Impact_Ice_Cloud.particlespawner","2443","F4A9448E2B571EF0A65317469C8A35C1D1B87B2F1842D9C6ADE29810BC963FC3"
"particle-spawners","Impact_Ice_Fragments","Combat/Impact/Misc/Ice/Spawner/Impact_Ice_Fragments","Server/Particles/Combat/Impact/Misc/Ice/Spawner/Impact_Ice_Fragments.particlespawner","2582","14253EC2CEAA930AAA389471EC2901BA3390523FD312EC5EE601A915E03BFE10"
"particle-spawners","Impact_Ice_Shockwave","Combat/Impact/Misc/Ice/Spawner/Impact_Ice_Shockwave","Server/Particles/Combat/Impact/Misc/Ice/Spawner/Impact_Ice_Shockwave.particlespawner","2673","7D328A6B78CBB1945D73733E3B646828F08642663D755852614025EB1612A771"
"particle-spawners","VoidSmoke_Impact","Combat/Impact/Misc/Void/VoidSmoke_Impact","Server/Particles/Combat/Impact/Misc/Void/VoidSmoke_Impact.particlespawner","2977","73212739B5656B1D567FF5D1C45F8343594577126D150D6981C39A1604DCA8FE"
"particle-spawners","VoidSplash","Combat/Impact/Misc/Void/VoidSplash","Server/Particles/Combat/Impact/Misc/Void/VoidSplash.particlespawner","2385","E1AFC82EF01F5637BFBF90BC14264D0C80BEE5A0ED965A9CD7DDD1BE903FFE5F"
"particle-spawners","Impact_Mace_Bash_Circle","Combat/Mace/Bash/Spawners/Impact_Mace_Bash_Circle","Server/Particles/Combat/Mace/Bash/Spawners/Impact_Mace_Bash_Circle.particlespawner","1478","AAD564A5E909D0ED484B939B70DFF18638D70624F300369AB7D8D2114C7DD3C6"
"particle-spawners","Impact_Mace_Bash_Distortion","Combat/Mace/Bash/Spawners/Impact_Mace_Bash_Distortion","Server/Particles/Combat/Mace/Bash/Spawners/Impact_Mace_Bash_Distortion.particlespawner","1727","DD21B04E6F34FFFFA25B105B7B4C178E40F6A280F676EF04F3F36C5DB4D6CD27"
"particle-spawners","Impact_Mace_Bash_Flash","Combat/Mace/Bash/Spawners/Impact_Mace_Bash_Flash","Server/Particles/Combat/Mace/Bash/Spawners/Impact_Mace_Bash_Flash.particlespawner","1578","3BBB604B096891ABD31CCAAC62FF2C7D68AA4216B18E699F89ABEE5676D2D813"
"particle-spawners","Impact_Mace_Bash_Sparks","Combat/Mace/Bash/Spawners/Impact_Mace_Bash_Sparks","Server/Particles/Combat/Mace/Bash/Spawners/Impact_Mace_Bash_Sparks.particlespawner","2492","59E182247C782834E7CB8C03A164ED496B271B93AA24A2EE1D7870F4180BC5C0"
"particle-spawners","Impact_Mace_Bash_Sparks2","Combat/Mace/Bash/Spawners/Impact_Mace_Bash_Sparks2","Server/Particles/Combat/Mace/Bash/Spawners/Impact_Mace_Bash_Sparks2.particlespawner","2630","32226D3DC04DB6DF613BF90D315C624E507D5D9BC484E3DF507F0965D7788CC9"
"particle-spawners","Impact_Mace_Bash_Star","Combat/Mace/Bash/Spawners/Impact_Mace_Bash_Star","Server/Particles/Combat/Mace/Bash/Spawners/Impact_Mace_Bash_Star.particlespawner","1993","B625A3C0E41F94D5A177FB231C228D3FFA7AF8AB3326EC86641C120B73683B27"
"particle-spawners","Mace_Bash_Dash","Combat/Mace/Bash/Spawners/Mace_Bash_Dash","Server/Particles/Combat/Mace/Bash/Spawners/Mace_Bash_Dash.particlespawner","1996","60518C3333C6004C919537FDF85E3A2E3CC12245DE52F3C25AFD9742359BB645"
"particle-spawners","Mace_Bash_Distortion","Combat/Mace/Bash/Spawners/Mace_Bash_Distortion","Server/Particles/Combat/Mace/Bash/Spawners/Mace_Bash_Distortion.particlespawner","2132","DFA964911960F66F0AD593AD4D368FCE119ADC298FBB3613F4186E12C111F3E6"
"particle-spawners","Mace_Bash_Shockwave","Combat/Mace/Bash/Spawners/Mace_Bash_Shockwave","Server/Particles/Combat/Mace/Bash/Spawners/Mace_Bash_Shockwave.particlespawner","2386","2E82EC910CA6EDA7E4C2EB5F6BFCE0C17FBC6A2906B6D53B7C5E41E287F7BF62"
"particle-spawners","Mace_Bash_Sparks","Combat/Mace/Bash/Spawners/Mace_Bash_Sparks","Server/Particles/Combat/Mace/Bash/Spawners/Mace_Bash_Sparks.particlespawner","2588","16272500D52049B240E00AA5E02017F7439460A05D61CF6FC47AD4159F862B02"
"particle-spawners","Impact_Mace_Basic_Glow","Combat/Mace/Basic/Spawners/Impact_Mace_Basic_Glow","Server/Particles/Combat/Mace/Basic/Spawners/Impact_Mace_Basic_Glow.particlespawner","2129","433AE2C119337E05F4216056FF40125B597E14B492272F3AD1EE744328DD0F7D"
"particle-spawners","Impact_Mace_Basic_Round_Sparks","Combat/Mace/Basic/Spawners/Impact_Mace_Basic_Round_Sparks","Server/Particles/Combat/Mace/Basic/Spawners/Impact_Mace_Basic_Round_Sparks.particlespawner","2189","61D4CD4888C8863659A4187EE9EF01EFE3AEC16BB2436A7AE1BBDD521093884C"
"particle-spawners","Impact_Mace_Basic_Shockwave","Combat/Mace/Basic/Spawners/Impact_Mace_Basic_Shockwave","Server/Particles/Combat/Mace/Basic/Spawners/Impact_Mace_Basic_Shockwave.particlespawner","2510","5185E63CD40AB8243EFD813E40EFF6001541518E0E54D7AB9A204819BC34C188"
"particle-spawners","Impact_Mace_Basic_Slash","Combat/Mace/Basic/Spawners/Impact_Mace_Basic_Slash","Server/Particles/Combat/Mace/Basic/Spawners/Impact_Mace_Basic_Slash.particlespawner","2367","788176561A2ED2BDEE76E92ED96920033BA7F997D29A0A59D390FB6FED824F69"
"particle-spawners","Impact_Mace_Basic_Sparks","Combat/Mace/Basic/Spawners/Impact_Mace_Basic_Sparks","Server/Particles/Combat/Mace/Basic/Spawners/Impact_Mace_Basic_Sparks.particlespawner","3093","BD2C2D40631D7BB9F7C8C2220F05A197C8CF3A2D6A53A381C3C17E686D4276F7"
"particle-spawners","Impact_Mace_Basic_Star","Combat/Mace/Basic/Spawners/Impact_Mace_Basic_Star","Server/Particles/Combat/Mace/Basic/Spawners/Impact_Mace_Basic_Star.particlespawner","1993","B625A3C0E41F94D5A177FB231C228D3FFA7AF8AB3326EC86641C120B73683B27"
"particle-spawners","Impact_Mace_Basic_Flash3","Combat/Mace/Charged/Spawners/Impact_Mace_Basic_Flash3","Server/Particles/Combat/Mace/Charged/Spawners/Impact_Mace_Basic_Flash3.particlespawner","1635","7E0DAB4D3937C1CF9C655E5513B2A108AC1DBEDBDBA3CF6FB63DC06C88435E48"
"particle-spawners","Impact_Mace_Charged_Glow2","Combat/Mace/Charged/Spawners/Impact_Mace_Charged_Glow2","Server/Particles/Combat/Mace/Charged/Spawners/Impact_Mace_Charged_Glow2.particlespawner","2227","359F80DD427AA828340C32D45B855AAD3C35C09EF111A1C821CE608E4735D201"
"particle-spawners","Impact_Mace_Charged_Shockwave","Combat/Mace/Charged/Spawners/Impact_Mace_Charged_Shockwave","Server/Particles/Combat/Mace/Charged/Spawners/Impact_Mace_Charged_Shockwave.particlespawner","2509","B5E20937B42DC9C9E7640E60702C6DB3C6AF1A8C9509BEBC1DE094F70D8D578D"
"particle-spawners","Impact_Mace_Charged_Slash","Combat/Mace/Charged/Spawners/Impact_Mace_Charged_Slash","Server/Particles/Combat/Mace/Charged/Spawners/Impact_Mace_Charged_Slash.particlespawner","2370","25722DB7E3D232D4666616A371456692480977D4DD651BF61BD314FB3E5FB5DD"
"particle-spawners","Impact_Mace_Charged_Sparks_Linger","Combat/Mace/Charged/Spawners/Impact_Mace_Charged_Sparks_Linger","Server/Particles/Combat/Mace/Charged/Spawners/Impact_Mace_Charged_Sparks_Linger.particlespawner","2062","1E6EEEFA5FBA89E91BD5CFF8E6F145B7DB4C3C76CA532A779660DC0CB8ADE2A8"
"particle-spawners","Impact_Mace_Charged_Sparks3","Combat/Mace/Charged/Spawners/Impact_Mace_Charged_Sparks3","Server/Particles/Combat/Mace/Charged/Spawners/Impact_Mace_Charged_Sparks3.particlespawner","2800","F383B8099B23822E9EBE82622567EE54C80FF4073C8DE2D94B96CB3645F97953"
"particle-spawners","Impact_Mace_Charged_Sparks4","Combat/Mace/Charged/Spawners/Impact_Mace_Charged_Sparks4","Server/Particles/Combat/Mace/Charged/Spawners/Impact_Mace_Charged_Sparks4.particlespawner","2155","DEE219822199888DF500C5E0B5852F3682E701729D0930787A293A6BD53DC4C1"
"particle-spawners","Mace_Signature_Cast","Combat/Mace/Signature/Spawners/Cast/Mace_Signature_Cast","Server/Particles/Combat/Mace/Signature/Spawners/Cast/Mace_Signature_Cast.particlespawner","2379","1C6D7CE669871870E80213660C793D7DE54D5F14EA7F906D3C94CDFB6BAE0457"
"particle-spawners","Mace_Signature_Cast_End_Cirlces","Combat/Mace/Signature/Spawners/Cast/Mace_Signature_Cast_End_Cirlces","Server/Particles/Combat/Mace/Signature/Spawners/Cast/Mace_Signature_Cast_End_Cirlces.particlespawner","2581","2F8FE7BDE188C5E02B035E46C5442AB372CDDC4475E82BE33EBDE4F0A77BA596"
"particle-spawners","Mace_Signature_Cast_End_Flash","Combat/Mace/Signature/Spawners/Cast/Mace_Signature_Cast_End_Flash","Server/Particles/Combat/Mace/Signature/Spawners/Cast/Mace_Signature_Cast_End_Flash.particlespawner","2578","890AAE165FE20E187C0CFDA8F55515F7D5B987E83EE3AFC9C15C3FDB164180EE"
"particle-spawners","Mace_Signature_Cast_End_Gather","Combat/Mace/Signature/Spawners/Cast/Mace_Signature_Cast_End_Gather","Server/Particles/Combat/Mace/Signature/Spawners/Cast/Mace_Signature_Cast_End_Gather.particlespawner","2205","108B9E80FCF40AC8519401095F1E0791CC12328407824AAD2982E24D1A2AF2EB"
"particle-spawners","Mace_Signature_Cast_End_Glow","Combat/Mace/Signature/Spawners/Cast/Mace_Signature_Cast_End_Glow","Server/Particles/Combat/Mace/Signature/Spawners/Cast/Mace_Signature_Cast_End_Glow.particlespawner","1978","9B66B4179ABB8A177C68F71DDA10BB8AB4536F6FAE6B5EF174EED56C3F72EECC"
"particle-spawners","Mace_Signature_Cast_End_Glow_Opaque","Combat/Mace/Signature/Spawners/Cast/Mace_Signature_Cast_End_Glow_Opaque","Server/Particles/Combat/Mace/Signature/Spawners/Cast/Mace_Signature_Cast_End_Glow_Opaque.particlespawner","2038","628089558F032F872ADCAFBBEED14A465A75CCB68C8558173DF00571CD3F4F23"
"particle-spawners","Mace_Signature_Cast_End_Smoke","Combat/Mace/Signature/Spawners/Cast/Mace_Signature_Cast_End_Smoke","Server/Particles/Combat/Mace/Signature/Spawners/Cast/Mace_Signature_Cast_End_Smoke.particlespawner","2234","844A3FA184AA20B2495F5CC38D1E6C0679C63D7CD252EE8572D57C86DBB6459C"
"particle-spawners","Mace_Signature_Cast_End_Sparks_Trail","Combat/Mace/Signature/Spawners/Cast/Mace_Signature_Cast_End_Sparks_Trail","Server/Particles/Combat/Mace/Signature/Spawners/Cast/Mace_Signature_Cast_End_Sparks_Trail.particlespawner","1886","60418FD29AC584E092BF3DB51CDF33F0108BBFF84678BBC45E6742BB7284CC57"
"particle-spawners","Mace_Signature_Cast_Glow","Combat/Mace/Signature/Spawners/Cast/Mace_Signature_Cast_Glow","Server/Particles/Combat/Mace/Signature/Spawners/Cast/Mace_Signature_Cast_Glow.particlespawner","2698","5DDBA22BF472BD4DAD15747CE966E967969E51B2342EC87F305DFA56868EA6C2"
"particle-spawners","Mace_Signature_Cast_Glow_Round","Combat/Mace/Signature/Spawners/Cast/Mace_Signature_Cast_Glow_Round","Server/Particles/Combat/Mace/Signature/Spawners/Cast/Mace_Signature_Cast_Glow_Round.particlespawner","1802","3F248D8A4B40EB8B05C5449899EDB3FA8BC62D87794AB1169BBAD2A8FA85610B"
"particle-spawners","Mace_Signature_Cast_Smoke","Combat/Mace/Signature/Spawners/Cast/Mace_Signature_Cast_Smoke","Server/Particles/Combat/Mace/Signature/Spawners/Cast/Mace_Signature_Cast_Smoke.particlespawner","2876","8BD9EEE2D57DFE27EAE15D99A62E86D25716F8CD12B83DEBA5D936C068CBE7ED"
"particle-spawners","Mace_Signature_Cast_Sparks","Combat/Mace/Signature/Spawners/Cast/Mace_Signature_Cast_Sparks","Server/Particles/Combat/Mace/Signature/Spawners/Cast/Mace_Signature_Cast_Sparks.particlespawner","2733","833FC5B7293DC93C2551C7E8232EB884388B2F4BBB26D1F343E35086FC17D895"
"particle-spawners","Mace_Signature_Cast_Sparks_Trail","Combat/Mace/Signature/Spawners/Cast/Mace_Signature_Cast_Sparks_Trail","Server/Particles/Combat/Mace/Signature/Spawners/Cast/Mace_Signature_Cast_Sparks_Trail.particlespawner","2162","F5F4E2E421F911E9913D1AF75A1B1B92CAEE8EF5D9084F7A97F58D64067111EA"
"particle-spawners","Mace_Signature_Cast_Derbis","Combat/Mace/Signature/Spawners/Mace_Signature_Cast_Derbis","Server/Particles/Combat/Mace/Signature/Spawners/Mace_Signature_Cast_Derbis.particlespawner","2825","DC438515FCF18C38785CA750D7CB1185235B23F38E1B82699AF5169299690632"
"particle-spawners","Mace_Signature_Debris","Combat/Mace/Signature/Spawners/Mace_Signature_Debris","Server/Particles/Combat/Mace/Signature/Spawners/Mace_Signature_Debris.particlespawner","2735","19D894810ECED196B7E64CEC39F4C1718FC4270E358E1D21A8F86946F3BAB0BC"
"particle-spawners","Mace_Signature_Distortion","Combat/Mace/Signature/Spawners/Mace_Signature_Distortion","Server/Particles/Combat/Mace/Signature/Spawners/Mace_Signature_Distortion.particlespawner","2013","B811948517D363D66EFD208DCAFCB01426E256E678BE94A97950EBB25E1763F6"
"particle-spawners","Mace_Signature_Flash","Combat/Mace/Signature/Spawners/Mace_Signature_Flash","Server/Particles/Combat/Mace/Signature/Spawners/Mace_Signature_Flash.particlespawner","2405","B6ED675946E7E80D516312C703AEE504D2003B1AF454F4BF30E1739E1A19C7DA"
"particle-spawners","Mace_Signature_Glow","Combat/Mace/Signature/Spawners/Mace_Signature_Glow","Server/Particles/Combat/Mace/Signature/Spawners/Mace_Signature_Glow.particlespawner","2826","63D332676B174D34917E895FD8FC48FAA7108B4F47A7D802AD33921DFF5CAFF2"
"particle-spawners","Mace_Signature_Ground_Hit_Crack","Combat/Mace/Signature/Spawners/Mace_Signature_Ground_Hit_Crack","Server/Particles/Combat/Mace/Signature/Spawners/Mace_Signature_Ground_Hit_Crack.particlespawner","2730","D4FC90D589EBC34E0507F142343C5E48794BE38AA787C058C95593E2B1C4F97F"
"particle-spawners","Mace_Signature_Ground_Hit_Smoke","Combat/Mace/Signature/Spawners/Mace_Signature_Ground_Hit_Smoke","Server/Particles/Combat/Mace/Signature/Spawners/Mace_Signature_Ground_Hit_Smoke.particlespawner","3624","A9994A002F5728B84EF3E54F88139B8047552D9B1951B8DAF3EA54B0CFD3C2DF"
"particle-spawners","Mace_Signature_Lines","Combat/Mace/Signature/Spawners/Mace_Signature_Lines","Server/Particles/Combat/Mace/Signature/Spawners/Mace_Signature_Lines.particlespawner","2728","F247423BF1FC9BBD3FDAA06CDB28EE3E3A211DD8E1FD1791D4184276F2C55BE8"
"particle-spawners","Mace_Signature_Shockwave","Combat/Mace/Signature/Spawners/Mace_Signature_Shockwave","Server/Particles/Combat/Mace/Signature/Spawners/Mace_Signature_Shockwave.particlespawner","1851","D73276A176684C7B2CBB03766162C253A406BDF43D8230F5674BE61BF21C139E"
"particle-spawners","Mace_Signature_ShoclwaveAlpha","Combat/Mace/Signature/Spawners/Mace_Signature_ShoclwaveAlpha","Server/Particles/Combat/Mace/Signature/Spawners/Mace_Signature_ShoclwaveAlpha.particlespawner","1857","CDFE0EC8B37A2732ECED09D2630EF510CEB7A45A7901A015AC28D9AD99BA0FD3"
"particle-spawners","Mace_Signature_Slash_Alpha","Combat/Mace/Signature/Spawners/Mace_Signature_Slash_Alpha","Server/Particles/Combat/Mace/Signature/Spawners/Mace_Signature_Slash_Alpha.particlespawner","2159","E273B5A660AF13B7C4B3DDF79EF8E8D7CE0FFC92AD54E2F4CDBDAC3144653A0A"
"particle-spawners","Mace_Signature_Slash_Alpha2","Combat/Mace/Signature/Spawners/Mace_Signature_Slash_Alpha2","Server/Particles/Combat/Mace/Signature/Spawners/Mace_Signature_Slash_Alpha2.particlespawner","1670","80CCDA3EDDA9B33A5E89F0D76105BB59DC0483BABBEB136939EEFD163E7C277F"
"particle-spawners","Mace_Signature_Slash_Bright","Combat/Mace/Signature/Spawners/Mace_Signature_Slash_Bright","Server/Particles/Combat/Mace/Signature/Spawners/Mace_Signature_Slash_Bright.particlespawner","1638","F1F629A2E84A36FEF8CEAE03A1CA63E059B784E2CC5C3786AF6C58C8323C763B"
"particle-spawners","Mace_Signature_Slash_Bright2","Combat/Mace/Signature/Spawners/Mace_Signature_Slash_Bright2","Server/Particles/Combat/Mace/Signature/Spawners/Mace_Signature_Slash_Bright2.particlespawner","2159","8F564236A9A97EF8BC069AD7F942E900C3A9CD15057D7500B2DCFD970760CBBA"
"particle-spawners","Mace_Signature_Slash_Sparks_Radial","Combat/Mace/Signature/Spawners/Mace_Signature_Slash_Sparks_Radial","Server/Particles/Combat/Mace/Signature/Spawners/Mace_Signature_Slash_Sparks_Radial.particlespawner","2914","643EECC4BBF515421B3AD902C48E96B1B72EE8A26EE54FF95B78A2F968FE4AEF"
"particle-spawners","Mace_Signature_Slash2","Combat/Mace/Signature/Spawners/Mace_Signature_Slash2","Server/Particles/Combat/Mace/Signature/Spawners/Mace_Signature_Slash2.particlespawner","2059","04B0465526314CFD36B16AA8554F3001D70B3642D6783EA29CA27E683B314B1B"
"particle-spawners","Mace_Signature_Spark_Linger","Combat/Mace/Signature/Spawners/Mace_Signature_Spark_Linger","Server/Particles/Combat/Mace/Signature/Spawners/Mace_Signature_Spark_Linger.particlespawner","2809","02432F97C429209D183E41BF5E8A50460A0D8BB2A912BDC358CD4FB972DAE56F"
"particle-spawners","Mace_Signature_Sparks_Out","Combat/Mace/Signature/Spawners/Mace_Signature_Sparks_Out","Server/Particles/Combat/Mace/Signature/Spawners/Mace_Signature_Sparks_Out.particlespawner","2593","8A041510CA6613D704755D59F60E5E545904F48B7BEB4CCC46DCDDB9CB7225BE"
"particle-spawners","Unblockable_Glow","Combat/NPC/Unblockable/Spawners/Unblockable_Glow","Server/Particles/Combat/NPC/Unblockable/Spawners/Unblockable_Glow.particlespawner","2511","1EFD6EA1FE4152742D5BE94AFF9C5C70F17197B24ED26876973B439BA0F153AA"
"particle-spawners","Unblockable_Lines","Combat/NPC/Unblockable/Spawners/Unblockable_Lines","Server/Particles/Combat/NPC/Unblockable/Spawners/Unblockable_Lines.particlespawner","2423","A49744855C0020423CE07AF9C6415B1B1676E1A75DB35EB68BD6737867F4A7A7"
"particle-spawners","Unblockable_Mist","Combat/NPC/Unblockable/Spawners/Unblockable_Mist","Server/Particles/Combat/NPC/Unblockable/Spawners/Unblockable_Mist.particlespawner","3424","2C68C9BCDE867AC487D2139401C651954E1B89239C18DC370D8CDF85E811593D"
"particle-spawners","Unblockable_Particles","Combat/NPC/Unblockable/Spawners/Unblockable_Particles","Server/Particles/Combat/NPC/Unblockable/Spawners/Unblockable_Particles.particlespawner","1832","B02AE10F811EE7D380B665D509C5EC746A0C525795A7DB40B25EF4F5806AABCC"
"particle-spawners","Unblockable_Sparks","Combat/NPC/Unblockable/Unblockable_Sparks","Server/Particles/Combat/NPC/Unblockable/Unblockable_Sparks.particlespawner","2866","AA5345EFE1426D059FA3A1DD31A0E84A24E6A9E18683853F89B499EEE75147E2"
"particle-spawners","Placeholder_Poison_Melee_Glow","Combat/Poison/Spawners/Placeholder_Poison_Melee_Glow","Server/Particles/Combat/Poison/Spawners/Placeholder_Poison_Melee_Glow.particlespawner","2536","ECDC773E538D2469FA018BA9EAC865BAA9D7F6A8E308E43C087E99E7059FDB19"
"particle-spawners","Placeholder_Poison_Melee_Lines","Combat/Poison/Spawners/Placeholder_Poison_Melee_Lines","Server/Particles/Combat/Poison/Spawners/Placeholder_Poison_Melee_Lines.particlespawner","2393","F88C971DF5790B0525BC4896DF03618965666FD8BBF5A02CD94338992671876B"
"particle-spawners","Impact_Shield_Bash_Circle","Combat/Shield/Bash/Spawners/Impact_Shield_Bash_Circle","Server/Particles/Combat/Shield/Bash/Spawners/Impact_Shield_Bash_Circle.particlespawner","1478","AAD564A5E909D0ED484B939B70DFF18638D70624F300369AB7D8D2114C7DD3C6"
"particle-spawners","Impact_Shield_Bash_Distortion","Combat/Shield/Bash/Spawners/Impact_Shield_Bash_Distortion","Server/Particles/Combat/Shield/Bash/Spawners/Impact_Shield_Bash_Distortion.particlespawner","1727","DD21B04E6F34FFFFA25B105B7B4C178E40F6A280F676EF04F3F36C5DB4D6CD27"
"particle-spawners","Impact_Shield_Bash_Flash","Combat/Shield/Bash/Spawners/Impact_Shield_Bash_Flash","Server/Particles/Combat/Shield/Bash/Spawners/Impact_Shield_Bash_Flash.particlespawner","1578","3BBB604B096891ABD31CCAAC62FF2C7D68AA4216B18E699F89ABEE5676D2D813"
"particle-spawners","Impact_Shield_Bash_Sparks","Combat/Shield/Bash/Spawners/Impact_Shield_Bash_Sparks","Server/Particles/Combat/Shield/Bash/Spawners/Impact_Shield_Bash_Sparks.particlespawner","2492","59E182247C782834E7CB8C03A164ED496B271B93AA24A2EE1D7870F4180BC5C0"
"particle-spawners","Impact_Shield_Bash_Sparks2","Combat/Shield/Bash/Spawners/Impact_Shield_Bash_Sparks2","Server/Particles/Combat/Shield/Bash/Spawners/Impact_Shield_Bash_Sparks2.particlespawner","2630","32226D3DC04DB6DF613BF90D315C624E507D5D9BC484E3DF507F0965D7788CC9"
"particle-spawners","Impact_Shield_Bash_Star","Combat/Shield/Bash/Spawners/Impact_Shield_Bash_Star","Server/Particles/Combat/Shield/Bash/Spawners/Impact_Shield_Bash_Star.particlespawner","1993","B625A3C0E41F94D5A177FB231C228D3FFA7AF8AB3326EC86641C120B73683B27"
"particle-spawners","Shield_Bash_Dash","Combat/Shield/Bash/Spawners/Shield_Bash_Dash","Server/Particles/Combat/Shield/Bash/Spawners/Shield_Bash_Dash.particlespawner","2110","0DF80E929595710739AE6B37B07C0C4AF569E56F2846FBEF0223613FFA9C93AE"
"particle-spawners","Shield_Bash_Distortion","Combat/Shield/Bash/Spawners/Shield_Bash_Distortion","Server/Particles/Combat/Shield/Bash/Spawners/Shield_Bash_Distortion.particlespawner","2132","DFA964911960F66F0AD593AD4D368FCE119ADC298FBB3613F4186E12C111F3E6"
"particle-spawners","Shield_Bash_Shockwave","Combat/Shield/Bash/Spawners/Shield_Bash_Shockwave","Server/Particles/Combat/Shield/Bash/Spawners/Shield_Bash_Shockwave.particlespawner","2566","2190F7FA78B3403F43D7967076888863331066D67E8A51499E546C6A880F7B61"
"particle-spawners","Shield_Bash_Sparks","Combat/Shield/Bash/Spawners/Shield_Bash_Sparks","Server/Particles/Combat/Shield/Bash/Spawners/Shield_Bash_Sparks.particlespawner","2639","0B68C042F278577280D9CA1C78C69914861D2D6CAEE849CA92ABE263BFBB7929"
"particle-spawners","Impact_Shortbow_Bash_Circle","Combat/Shortbow/Bash/Spawners/Impact_Shortbow_Bash_Circle","Server/Particles/Combat/Shortbow/Bash/Spawners/Impact_Shortbow_Bash_Circle.particlespawner","1478","AAD564A5E909D0ED484B939B70DFF18638D70624F300369AB7D8D2114C7DD3C6"
"particle-spawners","Impact_Shortbow_Bash_Distortion","Combat/Shortbow/Bash/Spawners/Impact_Shortbow_Bash_Distortion","Server/Particles/Combat/Shortbow/Bash/Spawners/Impact_Shortbow_Bash_Distortion.particlespawner","1727","DD21B04E6F34FFFFA25B105B7B4C178E40F6A280F676EF04F3F36C5DB4D6CD27"
"particle-spawners","Impact_Shortbow_Bash_Flash","Combat/Shortbow/Bash/Spawners/Impact_Shortbow_Bash_Flash","Server/Particles/Combat/Shortbow/Bash/Spawners/Impact_Shortbow_Bash_Flash.particlespawner","1578","3BBB604B096891ABD31CCAAC62FF2C7D68AA4216B18E699F89ABEE5676D2D813"
"particle-spawners","Impact_Shortbow_Bash_Sparks","Combat/Shortbow/Bash/Spawners/Impact_Shortbow_Bash_Sparks","Server/Particles/Combat/Shortbow/Bash/Spawners/Impact_Shortbow_Bash_Sparks.particlespawner","2492","59E182247C782834E7CB8C03A164ED496B271B93AA24A2EE1D7870F4180BC5C0"
"particle-spawners","Impact_Shortbow_Bash_Sparks2","Combat/Shortbow/Bash/Spawners/Impact_Shortbow_Bash_Sparks2","Server/Particles/Combat/Shortbow/Bash/Spawners/Impact_Shortbow_Bash_Sparks2.particlespawner","2630","32226D3DC04DB6DF613BF90D315C624E507D5D9BC484E3DF507F0965D7788CC9"
"particle-spawners","Impact_Shortbow_Bash_Star","Combat/Shortbow/Bash/Spawners/Impact_Shortbow_Bash_Star","Server/Particles/Combat/Shortbow/Bash/Spawners/Impact_Shortbow_Bash_Star.particlespawner","1993","B625A3C0E41F94D5A177FB231C228D3FFA7AF8AB3326EC86641C120B73683B27"
"particle-spawners","Shortbow_Bash_Dash","Combat/Shortbow/Bash/Spawners/Shortbow_Bash_Dash","Server/Particles/Combat/Shortbow/Bash/Spawners/Shortbow_Bash_Dash.particlespawner","1974","A1991A249C06CC7E9C1DE25CDC92C7C51FB5F7D3CEF5E2132F2434865D29C272"
"particle-spawners","Shortbow_Bash_Distortion","Combat/Shortbow/Bash/Spawners/Shortbow_Bash_Distortion","Server/Particles/Combat/Shortbow/Bash/Spawners/Shortbow_Bash_Distortion.particlespawner","2132","DFA964911960F66F0AD593AD4D368FCE119ADC298FBB3613F4186E12C111F3E6"
"particle-spawners","Shortbow_Bash_Shockwave","Combat/Shortbow/Bash/Spawners/Shortbow_Bash_Shockwave","Server/Particles/Combat/Shortbow/Bash/Spawners/Shortbow_Bash_Shockwave.particlespawner","2501","19AD8CE8CF2224E980BE826D8568004E95CD0289C85F7C9BFF70B8D84D55CAF5"
"particle-spawners","Shortbow_Bash_Sparks","Combat/Shortbow/Bash/Spawners/Shortbow_Bash_Sparks","Server/Particles/Combat/Shortbow/Bash/Spawners/Shortbow_Bash_Sparks.particlespawner","2578","02CF786020435274320D60906C0C995F0409DA7F97E362B81E2BF66CABF3A7A9"
"particle-spawners","Impact_Sword_Bash_Circle","Combat/Sword/Bash/Spawners/Impact_Sword_Bash_Circle","Server/Particles/Combat/Sword/Bash/Spawners/Impact_Sword_Bash_Circle.particlespawner","1478","AAD564A5E909D0ED484B939B70DFF18638D70624F300369AB7D8D2114C7DD3C6"
"particle-spawners","Impact_Sword_Bash_Distortion","Combat/Sword/Bash/Spawners/Impact_Sword_Bash_Distortion","Server/Particles/Combat/Sword/Bash/Spawners/Impact_Sword_Bash_Distortion.particlespawner","1727","DD21B04E6F34FFFFA25B105B7B4C178E40F6A280F676EF04F3F36C5DB4D6CD27"
"particle-spawners","Impact_Sword_Bash_Flash","Combat/Sword/Bash/Spawners/Impact_Sword_Bash_Flash","Server/Particles/Combat/Sword/Bash/Spawners/Impact_Sword_Bash_Flash.particlespawner","1578","3BBB604B096891ABD31CCAAC62FF2C7D68AA4216B18E699F89ABEE5676D2D813"
"particle-spawners","Impact_Sword_Bash_Sparks","Combat/Sword/Bash/Spawners/Impact_Sword_Bash_Sparks","Server/Particles/Combat/Sword/Bash/Spawners/Impact_Sword_Bash_Sparks.particlespawner","2492","59E182247C782834E7CB8C03A164ED496B271B93AA24A2EE1D7870F4180BC5C0"
"particle-spawners","Impact_Sword_Bash_Sparks2","Combat/Sword/Bash/Spawners/Impact_Sword_Bash_Sparks2","Server/Particles/Combat/Sword/Bash/Spawners/Impact_Sword_Bash_Sparks2.particlespawner","2630","32226D3DC04DB6DF613BF90D315C624E507D5D9BC484E3DF507F0965D7788CC9"
"particle-spawners","Impact_Sword_Bash_Star","Combat/Sword/Bash/Spawners/Impact_Sword_Bash_Star","Server/Particles/Combat/Sword/Bash/Spawners/Impact_Sword_Bash_Star.particlespawner","1993","B625A3C0E41F94D5A177FB231C228D3FFA7AF8AB3326EC86641C120B73683B27"
"particle-spawners","Sword_Bash_Dash","Combat/Sword/Bash/Spawners/Sword_Bash_Dash","Server/Particles/Combat/Sword/Bash/Spawners/Sword_Bash_Dash.particlespawner","1976","E425B6E296F830D51764569605514413183ECD0386E5316F6029EBFED4740EFF"
"particle-spawners","Sword_Bash_Distortion","Combat/Sword/Bash/Spawners/Sword_Bash_Distortion","Server/Particles/Combat/Sword/Bash/Spawners/Sword_Bash_Distortion.particlespawner","2132","DFA964911960F66F0AD593AD4D368FCE119ADC298FBB3613F4186E12C111F3E6"
"particle-spawners","Sword_Bash_Shockwave","Combat/Sword/Bash/Spawners/Sword_Bash_Shockwave","Server/Particles/Combat/Sword/Bash/Spawners/Sword_Bash_Shockwave.particlespawner","2511","6211F74C7B5912AA2D8D06EF059F19AC6B8ECD09D76C30229621DC78497F96F5"
"particle-spawners","Sword_Bash_Sparks","Combat/Sword/Bash/Spawners/Sword_Bash_Sparks","Server/Particles/Combat/Sword/Bash/Spawners/Sword_Bash_Sparks.particlespawner","2582","EE9CDE8F566E92EE85C2B7BE26A7022998DE782D1C7A56DBE9F3C12BF136B06D"
"particle-spawners","Impact_Basic_Distortion","Combat/Sword/Basic/Spawners/Impact_Basic_Distortion","Server/Particles/Combat/Sword/Basic/Spawners/Impact_Basic_Distortion.particlespawner","1667","0390E2FB11147D6EA2DE62C8EBF7E1EACDFF5E30007F5237FAB9BE869E4C1621"
"particle-spawners","Impact_Basic_Flash","Combat/Sword/Basic/Spawners/Impact_Basic_Flash","Server/Particles/Combat/Sword/Basic/Spawners/Impact_Basic_Flash.particlespawner","1759","0493E1E839D1E807FAD56E2707C43B33D902D3221CE05DD2A73BE5026A1CD36F"
"particle-spawners","Impact_Basic_Flash_New","Combat/Sword/Basic/Spawners/Impact_Basic_Flash_New","Server/Particles/Combat/Sword/Basic/Spawners/Impact_Basic_Flash_New.particlespawner","1776","7EADFE2A7EFA71F128E788AE282C09BD40BF60E1607A4D6BD5DE77CC4D0C6AFD"
"particle-spawners","Impact_Basic_Flash_Small","Combat/Sword/Basic/Spawners/Impact_Basic_Flash_Small","Server/Particles/Combat/Sword/Basic/Spawners/Impact_Basic_Flash_Small.particlespawner","1668","FDBA3BC549E3A5A70537943AD817149FE91065AC8A377ED3F305D10443AB50E1"
"particle-spawners","Impact_Basic_Flash_Strong","Combat/Sword/Basic/Spawners/Impact_Basic_Flash_Strong","Server/Particles/Combat/Sword/Basic/Spawners/Impact_Basic_Flash_Strong.particlespawner","1667","19CDFE50988BE2E3B06BA6DB2026E8A0EAA62F8B231FF1F6F21627044948F36A"
"particle-spawners","Impact_Basic_Glow","Combat/Sword/Basic/Spawners/Impact_Basic_Glow","Server/Particles/Combat/Sword/Basic/Spawners/Impact_Basic_Glow.particlespawner","1778","03A9CE4AB8E0FCAD97D480EE183967CAF6A58B24A096B933462959BC3039D753"
"particle-spawners","Impact_Basic_Sparks","Combat/Sword/Basic/Spawners/Impact_Basic_Sparks","Server/Particles/Combat/Sword/Basic/Spawners/Impact_Basic_Sparks.particlespawner","2013","31368AAAC343ED0D86E97A8C2BA626E68BE673810855CAD84AAD3615DE6305C0"
"particle-spawners","Impact_Basic_Sparks_Small","Combat/Sword/Basic/Spawners/Impact_Basic_Sparks_Small","Server/Particles/Combat/Sword/Basic/Spawners/Impact_Basic_Sparks_Small.particlespawner","2027","7507332FA6485C5D08AC9B47D253158FDC8AE5A231B11D2323C4867A5C1615AB"
"particle-spawners","Impact_Basic_Sparks_Strong","Combat/Sword/Basic/Spawners/Impact_Basic_Sparks_Strong","Server/Particles/Combat/Sword/Basic/Spawners/Impact_Basic_Sparks_Strong.particlespawner","2104","7E282D1E8A13DD9F3607FC86666528041E3FD6580B1EEDC11E2624D8677BBBF6"
"particle-spawners","Impact_Basic_Spike","Combat/Sword/Basic/Spawners/Impact_Basic_Spike","Server/Particles/Combat/Sword/Basic/Spawners/Impact_Basic_Spike.particlespawner","1561","BB9935A70AF905EB28ED6DA9068877EEA3588B2E50228F1E3096E34D966F73B9"
"particle-spawners","Impact_Basic_Spike2","Combat/Sword/Basic/Spawners/Impact_Basic_Spike2","Server/Particles/Combat/Sword/Basic/Spawners/Impact_Basic_Spike2.particlespawner","1565","FADD69C6CC8627F11EC7901A5E010113426F931C6F53F9ABF65F652990625D0A"
"particle-spawners","Impact_Basic_SpikeLong","Combat/Sword/Basic/Spawners/Impact_Basic_SpikeLong","Server/Particles/Combat/Sword/Basic/Spawners/Impact_Basic_SpikeLong.particlespawner","1896","13CAB1EFD414AF421BAF3E30A81A2A236E2D9246A945B1CB4F240A0D57FB0F66"
"particle-spawners","Impact_Basic_SpikeSmall","Combat/Sword/Basic/Spawners/Impact_Basic_SpikeSmall","Server/Particles/Combat/Sword/Basic/Spawners/Impact_Basic_SpikeSmall.particlespawner","1880","219C3F1534075D056E165F3FC527445AAEAE17EE4D6480076BBB1FA86A153AEE"
"particle-spawners","Impact_Blade_01","Combat/Sword/Basic/Spawners/Impact_Blade_01","Server/Particles/Combat/Sword/Basic/Spawners/Impact_Blade_01.particlespawner","2114","1812E754F294400B7DB3AD3375C1F71146A84B627689AC8ED4119B74D32B0FA5"
"particle-spawners","Impact_Blade_Shockwave","Combat/Sword/Basic/Spawners/Impact_Blade_Shockwave","Server/Particles/Combat/Sword/Basic/Spawners/Impact_Blade_Shockwave.particlespawner","2465","B0AB6CCE90894D54D133980944743274AA02BC858865BBA4E8C2B465168692CA"
"particle-spawners","Impact_Sword_Flash_Strong","Combat/Sword/Basic/Spawners/Impact_Sword_Flash_Strong","Server/Particles/Combat/Sword/Basic/Spawners/Impact_Sword_Flash_Strong.particlespawner","2136","1619C8DBB97AABB7A26EE353F9E3CCE4DCE7777AD6521C39FC9F96489E3213B0"
"particle-spawners","Impact_Charged_Flash","Combat/Sword/Charged/Spawners/Impact_Charged_Flash","Server/Particles/Combat/Sword/Charged/Spawners/Impact_Charged_Flash.particlespawner","1705","2EE2D15A39FCCD86406C4D0179903D23167A0E2DB90096AEFFB1C4C5AFB14D29"
"particle-spawners","Impact_Charged_Sparks2","Combat/Sword/Charged/Spawners/Impact_Charged_Sparks2","Server/Particles/Combat/Sword/Charged/Spawners/Impact_Charged_Sparks2.particlespawner","2323","B805B6D48EEF5628065449E86D79CBBD0B8F9D9A3CFBB3521BB81BEDE0650B47"
"particle-spawners","Impact_Sword_Charged_Flash_Erosion","Combat/Sword/Charged/Spawners/Impact_Sword_Charged_Flash_Erosion","Server/Particles/Combat/Sword/Charged/Spawners/Impact_Sword_Charged_Flash_Erosion.particlespawner","1616","7EE4FB53419D960F751F4C4FE6CC74DEE8B0EBE8EA8D4015F478A4651A6E192A"
"particle-spawners","Impact_Sword_Charged_Sparks","Combat/Sword/Charged/Spawners/Impact_Sword_Charged_Sparks","Server/Particles/Combat/Sword/Charged/Spawners/Impact_Sword_Charged_Sparks.particlespawner","2423","538356F0AACF6816B930134998B0318E26E43C162ED1D9DD3A55DA38FC0A58BA"
"particle-spawners","Impact_Sword_Charged_Sparks2","Combat/Sword/Charged/Spawners/Impact_Sword_Charged_Sparks2","Server/Particles/Combat/Sword/Charged/Spawners/Impact_Sword_Charged_Sparks2.particlespawner","2251","645C6C7FBCC8A163FAAE93C85D5AC6610D0D05EB63BB186175CE42AAEB0D10A7"
"particle-spawners","Sword_Charged_Flash","Combat/Sword/Charged/Spawners/Sword_Charged_Flash","Server/Particles/Combat/Sword/Charged/Spawners/Sword_Charged_Flash.particlespawner","1742","DE3AFBD9C48010A16C92D8AE30319EDE63B40B807CD7B388D2A58949D786477F"
"particle-spawners","Sword_Charged_Glow","Combat/Sword/Charged/Spawners/Sword_Charged_Glow","Server/Particles/Combat/Sword/Charged/Spawners/Sword_Charged_Glow.particlespawner","2744","6030F6E804D21E207C08CF1FE152D4D277597E76FB62F7ECAB0EAB26CF98F927"
"particle-spawners","Sword_Charged_Trail_Glow","Combat/Sword/Charged/Spawners/Sword_Charged_Trail_Glow","Server/Particles/Combat/Sword/Charged/Spawners/Sword_Charged_Trail_Glow.particlespawner","2535","1FD68268E58BC1C19908F63F68381E3449126E505398106089A0A7A6C5472217"
"particle-spawners","Sword_Charged_Trail_Glow_Praetorian","Combat/Sword/Charged/Spawners/Sword_Charged_Trail_Glow_Praetorian","Server/Particles/Combat/Sword/Charged/Spawners/Sword_Charged_Trail_Glow_Praetorian.particlespawner","2561","D4927D26B525ED195695445ADD7329A3565D5105360017F956D551EA98B4F363"
"particle-spawners","Sword_Charged_Trail_Lines","Combat/Sword/Charged/Spawners/Sword_Charged_Trail_Lines","Server/Particles/Combat/Sword/Charged/Spawners/Sword_Charged_Trail_Lines.particlespawner","2392","F562701E0A5024646DC6F989B2231477C5A4E7130B719F029D843D1F09C30FA5"
"particle-spawners","Sword_Charged_Trail_Lines_Praetorian","Combat/Sword/Charged/Spawners/Sword_Charged_Trail_Lines_Praetorian","Server/Particles/Combat/Sword/Charged/Spawners/Sword_Charged_Trail_Lines_Praetorian.particlespawner","2392","81425D187475D28F5EEFDD6D084AEA9A905EB177F92841E5E14CAAA8898B4C7A"
"particle-spawners","Sword_Charged_Trail_Lines_Sparks","Combat/Sword/Charged/Spawners/Sword_Charged_Trail_Lines_Sparks","Server/Particles/Combat/Sword/Charged/Spawners/Sword_Charged_Trail_Lines_Sparks.particlespawner","2482","7D4F5A83EC1858E7B5068C6858E14FBAEAF875FC55704A8035037B726C7DCA35"
"particle-spawners","Sword_Charged_Trail_Lines_Sparks_Praetorian","Combat/Sword/Charged/Spawners/Sword_Charged_Trail_Lines_Sparks_Praetorian","Server/Particles/Combat/Sword/Charged/Spawners/Sword_Charged_Trail_Lines_Sparks_Praetorian.particlespawner","2482","54110D1A491C5FBE73660B6B731EA7E62A104EE633C3E038322BFEB8EFAA274B"
"particle-spawners","Sword_Charged_Trail_Smoke","Combat/Sword/Charged/Spawners/Sword_Charged_Trail_Smoke","Server/Particles/Combat/Sword/Charged/Spawners/Sword_Charged_Trail_Smoke.particlespawner","2303","F3C8AE309996354EF60E31799C1C20283CB2E5A0C05645FBFA22968686586522"
"particle-spawners","Sword_Charged_Trail_Smoke_Praetorian","Combat/Sword/Charged/Spawners/Sword_Charged_Trail_Smoke_Praetorian","Server/Particles/Combat/Sword/Charged/Spawners/Sword_Charged_Trail_Smoke_Praetorian.particlespawner","2303","AB6C36DA47C4E29B708723C0479A163403FF374F335E3875B8B93F9E535998AA"
"particle-spawners","Sword_Charged_Trail_Sparks","Combat/Sword/Charged/Spawners/Sword_Charged_Trail_Sparks","Server/Particles/Combat/Sword/Charged/Spawners/Sword_Charged_Trail_Sparks.particlespawner","1900","ABF573B91FB9D61E552E459F68026A57C68B02CC5A116301A63E75FE1747FE77"
"particle-spawners","Sword_Charged_Trail_Sparks_Praetorian","Combat/Sword/Charged/Spawners/Sword_Charged_Trail_Sparks_Praetorian","Server/Particles/Combat/Sword/Charged/Spawners/Sword_Charged_Trail_Sparks_Praetorian.particlespawner","1900","45D88F4F7AF1243DCA964104798F2F2729992D5240B0EF732AA64E1461504915"
"particle-spawners","Sword_Charged_Trail_Sparks2","Combat/Sword/Charged/Spawners/Sword_Charged_Trail_Sparks2","Server/Particles/Combat/Sword/Charged/Spawners/Sword_Charged_Trail_Sparks2.particlespawner","2140","7469D7481B71E913E792595201766CE208CE41034ADB76058069D8B765596FEF"
"particle-spawners","Sword_Charging_Circles","Combat/Sword/Charged/Spawners/Sword_Charging_Circles","Server/Particles/Combat/Sword/Charged/Spawners/Sword_Charging_Circles.particlespawner","2091","A45E173965789343ABCCC1450A6979D71BA1684830DFD7A6D43B3A307BBBAF54"
"particle-spawners","Sword_Charging_Circles_Praetorian","Combat/Sword/Charged/Spawners/Sword_Charging_Circles_Praetorian","Server/Particles/Combat/Sword/Charged/Spawners/Sword_Charging_Circles_Praetorian.particlespawner","2091","1FCAA7A25E7B4265816ABEEB8BE0A0ACF6F845FEABD34BF900A314B84C946211"
"particle-spawners","Sword_Charging_Sparks","Combat/Sword/Charged/Spawners/Sword_Charging_Sparks","Server/Particles/Combat/Sword/Charged/Spawners/Sword_Charging_Sparks.particlespawner","2473","C0B9A2C11057A1ADCD80B3A366550A484538E47B6599CA8BD4081FB78FBB775E"
"particle-spawners","Sword_Charging_Sparks_Praetorian","Combat/Sword/Charged/Spawners/Sword_Charging_Sparks_Praetorian","Server/Particles/Combat/Sword/Charged/Spawners/Sword_Charging_Sparks_Praetorian.particlespawner","2473","8C2676B51DD35CC439E00E4F58D6C84FEEFBA748C02A49A831C11AFD83EC5715"
"particle-spawners","Impact_Sword_Signature_Beam","Combat/Sword/Signature/Spawners/Impact_Sword_Signature_Beam","Server/Particles/Combat/Sword/Signature/Spawners/Impact_Sword_Signature_Beam.particlespawner","2517","F7CC9727FA6FD15DCBBBD2165F103732105A7B60F51EAC183CF607153A164159"
"particle-spawners","Impact_Sword_Signature_Flash","Combat/Sword/Signature/Spawners/Impact_Sword_Signature_Flash","Server/Particles/Combat/Sword/Signature/Spawners/Impact_Sword_Signature_Flash.particlespawner","2322","42777E160255ECB48526DE98E59EB948C117240D6C4B41C7363B3F8A5BF722AE"
"particle-spawners","Impact_Sword_Signature_Flash_Glow","Combat/Sword/Signature/Spawners/Impact_Sword_Signature_Flash_Glow","Server/Particles/Combat/Sword/Signature/Spawners/Impact_Sword_Signature_Flash_Glow.particlespawner","2296","6CE203D38ED492A4E44F879C5BC7EC2BA02CD2673361249EC3E182441A97E992"
"particle-spawners","Impact_Sword_Signature_Glow","Combat/Sword/Signature/Spawners/Impact_Sword_Signature_Glow","Server/Particles/Combat/Sword/Signature/Spawners/Impact_Sword_Signature_Glow.particlespawner","2692","B54208D3702C02C7EF5A5D7172C22494322892C9E944110B1F2E039E318D49F2"
"particle-spawners","Impact_Sword_Signature_Glow_Main","Combat/Sword/Signature/Spawners/Impact_Sword_Signature_Glow_Main","Server/Particles/Combat/Sword/Signature/Spawners/Impact_Sword_Signature_Glow_Main.particlespawner","2529","4E4DD415D43B3FCFF9653A983B52DDDEB777D6A69B277197D7016E6886F9F8B8"
"particle-spawners","Impact_Sword_Signature_Main","Combat/Sword/Signature/Spawners/Impact_Sword_Signature_Main","Server/Particles/Combat/Sword/Signature/Spawners/Impact_Sword_Signature_Main.particlespawner","2518","CB6E6857DBFA2E4313043413BF2F53C2E74AC8EBF7E1378672E51666CDBE3A37"
"particle-spawners","Impact_Sword_Signature_Shockwave","Combat/Sword/Signature/Spawners/Impact_Sword_Signature_Shockwave","Server/Particles/Combat/Sword/Signature/Spawners/Impact_Sword_Signature_Shockwave.particlespawner","2248","9FC474E001D44F7A19EB62547C7DA2A73598A3EC586A5206170A6413AD7D8A42"
"particle-spawners","Impact_Sword_Signature_Shockwave_Spin","Combat/Sword/Signature/Spawners/Impact_Sword_Signature_Shockwave_Spin","Server/Particles/Combat/Sword/Signature/Spawners/Impact_Sword_Signature_Shockwave_Spin.particlespawner","1730","5BBC3EF0B4909B7EE1870821E65707CA883613E742323C3F7ABC6C9A14AA46A0"
"particle-spawners","Impact_Sword_Signature_Side","Combat/Sword/Signature/Spawners/Impact_Sword_Signature_Side","Server/Particles/Combat/Sword/Signature/Spawners/Impact_Sword_Signature_Side.particlespawner","2515","9103F39F27433D0F6461AAFB40BF6D9E777CB5B562B54315F892840F5577458F"
"particle-spawners","Impact_Sword_Signature_Sparks","Combat/Sword/Signature/Spawners/Impact_Sword_Signature_Sparks","Server/Particles/Combat/Sword/Signature/Spawners/Impact_Sword_Signature_Sparks.particlespawner","2496","AB80B3D617EC188BAFC82C1B33EA67D5DAE3BFBDA3F103ADE84DA8D590352DCA"
"particle-spawners","Impact_Sword_Signature_Sparks_Linger2","Combat/Sword/Signature/Spawners/Impact_Sword_Signature_Sparks_Linger2","Server/Particles/Combat/Sword/Signature/Spawners/Impact_Sword_Signature_Sparks_Linger2.particlespawner","2229","7227E5135D62697E0FE0CA73369D5AB76802E2482F140BF1CF9A6E3CE80B8940"
"particle-spawners","Impact_Sword_Signature_Sparks_Linger3","Combat/Sword/Signature/Spawners/Impact_Sword_Signature_Sparks_Linger3","Server/Particles/Combat/Sword/Signature/Spawners/Impact_Sword_Signature_Sparks_Linger3.particlespawner","2413","942D3B4B335D0CBDEE30C5C80AC8FBD430C04586D266A5EEBF8772AEB8170042"
"particle-spawners","Impact_Sword_Signature_Sparks2","Combat/Sword/Signature/Spawners/Impact_Sword_Signature_Sparks2","Server/Particles/Combat/Sword/Signature/Spawners/Impact_Sword_Signature_Sparks2.particlespawner","2571","DEA1A362B816D6538DC23E3EA4A38469740E934DDEBABF73B8CD73DD65101572"
"particle-spawners","Impact_Sword_Signature_Sparks3","Combat/Sword/Signature/Spawners/Impact_Sword_Signature_Sparks3","Server/Particles/Combat/Sword/Signature/Spawners/Impact_Sword_Signature_Sparks3.particlespawner","2987","1E88C3BCF34BDB2878C48BF228C035725242D2E9DAB91386FECBCD4549589F13"
"particle-spawners","Impact_Sword_Signature_Spin_Flash","Combat/Sword/Signature/Spawners/Impact_Sword_Signature_Spin_Flash","Server/Particles/Combat/Sword/Signature/Spawners/Impact_Sword_Signature_Spin_Flash.particlespawner","2218","442836AD5A98E460258DBE2E7BF0FF6706980F1A6D91AD6AE68A954DC40E0D9C"
"particle-spawners","Impact_Sword_Signature_Thin_Sparks","Combat/Sword/Signature/Spawners/Impact_Sword_Signature_Thin_Sparks","Server/Particles/Combat/Sword/Signature/Spawners/Impact_Sword_Signature_Thin_Sparks.particlespawner","2198","347231155C3C2812F8C2375D5B3DCC091AB6768E022815DFB559B16E5BA292C5"
"particle-spawners","Impact_Sword_Signatures_Sparks_Linger","Combat/Sword/Signature/Spawners/Impact_Sword_Signatures_Sparks_Linger","Server/Particles/Combat/Sword/Signature/Spawners/Impact_Sword_Signatures_Sparks_Linger.particlespawner","2122","2841B628BB0B0B2ED15AB28FFAA31FAFBCC8A6C68AB076E27AF7A0140A8B23DC"
"particle-spawners","Sword_Signature_Ready_Center_Energy","Combat/Sword/Signature/Spawners/Ready_Flash/Sword_Signature_Ready_Center_Energy","Server/Particles/Combat/Sword/Signature/Spawners/Ready_Flash/Sword_Signature_Ready_Center_Energy.particlespawner","2035","DD1F4FE75FBD53F699AD6471DB8CB9E179F0C3CDF3D6B0A24721053FEA08AE68"
"particle-spawners","Sword_Signature_Ready_Center_Sparks","Combat/Sword/Signature/Spawners/Ready_Flash/Sword_Signature_Ready_Center_Sparks","Server/Particles/Combat/Sword/Signature/Spawners/Ready_Flash/Sword_Signature_Ready_Center_Sparks.particlespawner","2090","958ED93C67D36D5E4EB3884665E26CC55D30A890377EE8B66B224A611B1159FE"
"particle-spawners","Sword_Signature_Ready_Flash","Combat/Sword/Signature/Spawners/Ready_Flash/Sword_Signature_Ready_Flash","Server/Particles/Combat/Sword/Signature/Spawners/Ready_Flash/Sword_Signature_Ready_Flash.particlespawner","2147","9A6C3D92336D7A16EE0BB9D53A994D0C6E5E149C80887580CA3946B2AD4C7A82"
"particle-spawners","Sword_Signature_Ready_Glow","Combat/Sword/Signature/Spawners/Ready_Flash/Sword_Signature_Ready_Glow","Server/Particles/Combat/Sword/Signature/Spawners/Ready_Flash/Sword_Signature_Ready_Glow.particlespawner","1698","A8F47D4B72BA77A98777C2A606FB01BBF7A7D8971DE88ED6B412F083E5C2E407"
"particle-spawners","Sword_Signature_Ready_Schockwave","Combat/Sword/Signature/Spawners/Ready_Flash/Sword_Signature_Ready_Schockwave","Server/Particles/Combat/Sword/Signature/Spawners/Ready_Flash/Sword_Signature_Ready_Schockwave.particlespawner","2364","3FACA4306C296BE1D2B885DF74C8B959DA00B3B4152FA156F0FCECE3402C32E2"
"particle-spawners","Sword_Signature_Ready_Sparks","Combat/Sword/Signature/Spawners/Ready_Flash/Sword_Signature_Ready_Sparks","Server/Particles/Combat/Sword/Signature/Spawners/Ready_Flash/Sword_Signature_Ready_Sparks.particlespawner","1976","2CA5990BEBE17F6953FD7E1D58A3E402F8C5A6A0F40A205AE453888D659A4ED9"
"particle-spawners","Sword_Signature_Ready_Start","Combat/Sword/Signature/Spawners/Ready_Flash/Sword_Signature_Ready_Start","Server/Particles/Combat/Sword/Signature/Spawners/Ready_Flash/Sword_Signature_Ready_Start.particlespawner","2367","E767A9419418EE7BB259F805CBC2F1DF8D42923713AAEFF0437D3854B1F93D6D"
"particle-spawners","Sword_Signature_Status_Blink","Combat/Sword/Signature/Spawners/Status/Sword_Signature_Status_Blink","Server/Particles/Combat/Sword/Signature/Spawners/Status/Sword_Signature_Status_Blink.particlespawner","2755","287855DEAC7DFAB5F3A6EF31A7D9BD592EAAD2964246AAB4DCBE9053DCE82FF1"
"particle-spawners","Sword_Signature_Status_Glow","Combat/Sword/Signature/Spawners/Status/Sword_Signature_Status_Glow","Server/Particles/Combat/Sword/Signature/Spawners/Status/Sword_Signature_Status_Glow.particlespawner","2547","99D98D1DA27A6906C487F044D2E251BC141DFEB27D72F94C311EB13063F3F72D"
"particle-spawners","Sword_Signature_Status_Glow_Spawn","Combat/Sword/Signature/Spawners/Status/Sword_Signature_Status_Glow_Spawn","Server/Particles/Combat/Sword/Signature/Spawners/Status/Sword_Signature_Status_Glow_Spawn.particlespawner","2206","ACC83C7F064E328E790F3D93BDD12385C20E2CADB70B624A2E6400EF5187917E"
"particle-spawners","Sword_Signature_Status_Lines","Combat/Sword/Signature/Spawners/Status/Sword_Signature_Status_Lines","Server/Particles/Combat/Sword/Signature/Spawners/Status/Sword_Signature_Status_Lines.particlespawner","2212","041D744D3015E070ABEEEB955A84EAE915EF428C9CC5FD1ABA19CCCAB6D0D084"
"particle-spawners","Sword_Signature_Status_Lines_Spawn","Combat/Sword/Signature/Spawners/Status/Sword_Signature_Status_Lines_Spawn","Server/Particles/Combat/Sword/Signature/Spawners/Status/Sword_Signature_Status_Lines_Spawn.particlespawner","2447","69243F234C3FA0F14AFFD6BDB51C0716DFDEAEB98FE3F9B199888CA8A1B532D1"
"particle-spawners","Sword_Signature_Status_Sparkles","Combat/Sword/Signature/Spawners/Status/Sword_Signature_Status_Sparkles","Server/Particles/Combat/Sword/Signature/Spawners/Status/Sword_Signature_Status_Sparkles.particlespawner","2378","943064A068D806300B330A8B08E95CD22E4A184C3F6CF86190F9080E94371DEE"
"particle-spawners","Sword_Signature_Status_Sparkles_Spawn","Combat/Sword/Signature/Spawners/Status/Sword_Signature_Status_Sparkles_Spawn","Server/Particles/Combat/Sword/Signature/Spawners/Status/Sword_Signature_Status_Sparkles_Spawn.particlespawner","2034","0B69CA69EA753C22346CB1FE168E9425C73C818CD567A2B76E328AF92A509244"
"particle-spawners","Sword_Signature_AoE_Alpha","Combat/Sword/Signature/Spawners/Sword_Signature_AoE_Alpha","Server/Particles/Combat/Sword/Signature/Spawners/Sword_Signature_AoE_Alpha.particlespawner","2181","C09A5D9E95179ABE74FA3B87896429D88709D458825A9641BB57A3F2C0BFD414"
"particle-spawners","Sword_Signature_AoE_Bright","Combat/Sword/Signature/Spawners/Sword_Signature_AoE_Bright","Server/Particles/Combat/Sword/Signature/Spawners/Sword_Signature_AoE_Bright.particlespawner","2130","24F626043A53A46722A04191C2AA6B0EEEEFA8E28E27B882E005A0DBD565326C"
"particle-spawners","Sword_Signature_AoE_Bright2","Combat/Sword/Signature/Spawners/Sword_Signature_AoE_Bright2","Server/Particles/Combat/Sword/Signature/Spawners/Sword_Signature_AoE_Bright2.particlespawner","2162","05B6339D1AA59AE80EAFEC7CFCA9156405B205E647A1B9D083F13F47CA677277"
"particle-spawners","Sword_Signature_AoE_Sparks","Combat/Sword/Signature/Spawners/Sword_Signature_AoE_Sparks","Server/Particles/Combat/Sword/Signature/Spawners/Sword_Signature_AoE_Sparks.particlespawner","2470","F2D0C9D5737CF45272169D83BD325E9762A2FC2D4078539667CBDC1F810BBFFF"
"particle-spawners","Sword_Signature_Dash_Lines","Combat/Sword/Signature/Spawners/Sword_Signature_Dash_Lines","Server/Particles/Combat/Sword/Signature/Spawners/Sword_Signature_Dash_Lines.particlespawner","2416","D8F872EE39DF08F01C73AF591097379CC24492B65816CC0259942F3B3695988A"
"particle-spawners","Sword_Signature_Dash_Main","Combat/Sword/Signature/Spawners/Sword_Signature_Dash_Main","Server/Particles/Combat/Sword/Signature/Spawners/Sword_Signature_Dash_Main.particlespawner","2521","F795CCC138B5EDA0BA7A9820A19B27FD4975ACDEC316CA65C3F9D52687F72B75"
"particle-spawners","Sword_Signature_Dash_Shockwave","Combat/Sword/Signature/Spawners/Sword_Signature_Dash_Shockwave","Server/Particles/Combat/Sword/Signature/Spawners/Sword_Signature_Dash_Shockwave.particlespawner","2265","193520B6D735E6E19C7A4A366E5D4D986C0D27145AAB7EB3A444567EB7996A8C"
"particle-spawners","Sword_Signature_Dash_Trail","Combat/Sword/Signature/Spawners/Sword_Signature_Dash_Trail","Server/Particles/Combat/Sword/Signature/Spawners/Sword_Signature_Dash_Trail.particlespawner","2368","E10AF14533E45567D92120CBC1F7C68E12F20D048BB5A7C217FCB9C68F0FF77D"
"particle-spawners","Sword_Signature_Dash_Trail_Smoke","Combat/Sword/Signature/Spawners/Sword_Signature_Dash_Trail_Smoke","Server/Particles/Combat/Sword/Signature/Spawners/Sword_Signature_Dash_Trail_Smoke.particlespawner","2275","A07182071FCE997A3FFD380944187C1BD72B8ECBE36C0A4C09DC19A93E2B73A3"
"particle-spawners","Block_Distortion","Combat/Sword/Special/Spawners/Block_Distortion","Server/Particles/Combat/Sword/Special/Spawners/Block_Distortion.particlespawner","2176","411ECF6BA812021D73D03C3C6EFDF8524CE2EAB5899F67FA96260BED40BB06B2"
"particle-spawners","Block_Flash_Center","Combat/Sword/Special/Spawners/Block_Flash_Center","Server/Particles/Combat/Sword/Special/Spawners/Block_Flash_Center.particlespawner","1645","3FDA8CD281760A44929940DF68B48DC87E3BDA1C8BE0BEA99888005C5917380F"
"particle-spawners","Block_Glow","Combat/Sword/Special/Spawners/Block_Glow","Server/Particles/Combat/Sword/Special/Spawners/Block_Glow.particlespawner","1985","59350E6233FADF408A1F17660001538B7D7394DE289ABC48B0A6D0E6C1C3F0EF"
"particle-spawners","Block_Sparks","Combat/Sword/Special/Spawners/Block_Sparks","Server/Particles/Combat/Sword/Special/Spawners/Block_Sparks.particlespawner","2138","33E4E37EF3141CF206C25FF83DBAEF117E9E07D4B7B62E11C672BF4BA2291604"
"particle-spawners","Block_Sparks2","Combat/Sword/Special/Spawners/Block_Sparks2","Server/Particles/Combat/Sword/Special/Spawners/Block_Sparks2.particlespawner","2293","7CE72857BB439E050C9BC5BD658D9DBADC76F93A81A8D3DBE229951B3201C6E9"
"particle-spawners","Shield_Block_Splitter","Combat/Sword/Special/Spawners/Shield_Block_Splitter","Server/Particles/Combat/Sword/Special/Spawners/Shield_Block_Splitter.particlespawner","2855","3E6E23CA252E8D0FC44A53760C2A753D1D925E04DE4E0FEA967DF0E11131D2FE"
"particle-spawners","Shield_Break_Flash","Combat/Sword/Special/Spawners/Shield_Break_Flash","Server/Particles/Combat/Sword/Special/Spawners/Shield_Break_Flash.particlespawner","1808","0322C1F9D1813D9014BC2B35A41FF7AC0C62202035E2DFF91D555C4C9EC26B09"
"particle-spawners","Impact_Unarmed_Distortion","Combat/Unarmed/Impact_Unarmed_Distortion","Server/Particles/Combat/Unarmed/Impact_Unarmed_Distortion.particlespawner","1726","C8D6DF4094AFC0A75398B9AE0AFCDCC0548967365D68E187469AB30003575266"
"particle-spawners","Impact_Basic_Circle","Combat/Unarmed/Spawners/Impact_Basic_Circle","Server/Particles/Combat/Unarmed/Spawners/Impact_Basic_Circle.particlespawner","1717","42836DC64C61F3AB3107955CA5670A7E3C5437330F230B7A46FF0702E2B6D85A"
"particle-spawners","Impact_Unarmed_Flash","Combat/Unarmed/Spawners/Impact_Unarmed_Flash","Server/Particles/Combat/Unarmed/Spawners/Impact_Unarmed_Flash.particlespawner","1606","B1312A598B116E75755185E4461F602387F2F004B8C8A8140A2A186E3562C2BC"
"particle-spawners","Impact_Unarmed_Sparks_Linger","Combat/Unarmed/Spawners/Impact_Unarmed_Sparks_Linger","Server/Particles/Combat/Unarmed/Spawners/Impact_Unarmed_Sparks_Linger.particlespawner","2669","47568474F25DF99A82163B54208103C436C32787D0B926141C767E7F622A3DDC"
"particle-spawners","Impact_Unarmed_Sparks_Small_Linger","Combat/Unarmed/Spawners/Impact_Unarmed_Sparks_Small_Linger","Server/Particles/Combat/Unarmed/Spawners/Impact_Unarmed_Sparks_Small_Linger.particlespawner","2149","DEFD4AA276F7F301E989833E859DAF5724A71FBDA840759D5E9FE121CB3761F3"
"particle-spawners","Goblin_Decorative_Sparks","Decorative/Goblin/Spawners/Goblin_Decorative_Sparks","Server/Particles/Decorative/Goblin/Spawners/Goblin_Decorative_Sparks.particlespawner","2339","5670B9A41AA8385CBF034165C1E763214F025920140FA10917779D240DC9B72D"
"particle-spawners","Goblin_Decorative_Sparks_Burst","Decorative/Goblin/Spawners/Goblin_Decorative_Sparks_Burst","Server/Particles/Decorative/Goblin/Spawners/Goblin_Decorative_Sparks_Burst.particlespawner","2415","4867CD52305FEBD069006FE1666E3D3DCE6456118A156264BC2E168B049DD9CE"
"particle-spawners","Goblin_Sludge_Drip","Decorative/Goblin/Spawners/Goblin_Sludge_Drip","Server/Particles/Decorative/Goblin/Spawners/Goblin_Sludge_Drip.particlespawner","3115","C2CE8EB94607361C8682587D0B2E7F0A29F9B8A62E5595EFCD2A3942A5D1E7EA"
"particle-spawners","Goblin_Smoke","Decorative/Goblin/Spawners/Goblin_Smoke","Server/Particles/Decorative/Goblin/Spawners/Goblin_Smoke.particlespawner","2930","DD708982851E78B3A8CF825A4A730747A1A0F2F890E734677354548DBD163FA4"
"particle-spawners","Goblin_Spore_Cloud","Decorative/Goblin/Spawners/Goblin_Spore_Cloud","Server/Particles/Decorative/Goblin/Spawners/Goblin_Spore_Cloud.particlespawner","3507","ECA043E0731C639A013F9DE248DF354A3E2BEBD7405DA8605FEC17E734205AD6"
"particle-spawners","Goblin_Switch_Lightning","Decorative/Goblin/Spawners/Goblin_Switch_Lightning","Server/Particles/Decorative/Goblin/Spawners/Goblin_Switch_Lightning.particlespawner","2830","D80A222FB7F171B17C273688563E93792E722C3BC86163088A9DF46B600BCFA0"
"particle-spawners","Toxic_Rain","Decorative/Goblin/Spawners/Toxic_Rain","Server/Particles/Decorative/Goblin/Spawners/Toxic_Rain.particlespawner","303","591FE5FCC5542E7F08B33E5FE8873818E045C4E680A841073AAA5198B76907E9"
"particle-spawners","Water_Beam_Poison","Decorative/Goblin/Spawners/Water_Beam_Poison","Server/Particles/Decorative/Goblin/Spawners/Water_Beam_Poison.particlespawner","2772","F2F3B2BA1B23F78FF3C7EDA4A8F38D56499870A65A9699EB15A44747B442EDDA"
"particle-spawners","Water_Beam_Splash_Poison","Decorative/Goblin/Spawners/Water_Beam_Splash_Poison","Server/Particles/Decorative/Goblin/Spawners/Water_Beam_Splash_Poison.particlespawner","2320","236F6BD3D545701EC61499AFA9FB0668262F694DD86653BBE85F46A73C44885B"
"particle-spawners","Water_Beam_Splash_Side_Poison","Decorative/Goblin/Spawners/Water_Beam_Splash_Side_Poison","Server/Particles/Decorative/Goblin/Spawners/Water_Beam_Splash_Side_Poison.particlespawner","1998","6C6453E929AF07657CD451EBF70CA894B5BC1550725F7B927A6A2BA6303BE7A1"
"particle-spawners","Water_Beam_Splash_Timed_Poison","Decorative/Goblin/Spawners/Water_Beam_Splash_Timed_Poison","Server/Particles/Decorative/Goblin/Spawners/Water_Beam_Splash_Timed_Poison.particlespawner","2494","615A46D794F2C522A92DB2B1D50411B357BD5850FD434A86069AF2B1A17C18B9"
"particle-spawners","Water_Beam_Splash_Top_Poison","Decorative/Goblin/Spawners/Water_Beam_Splash_Top_Poison","Server/Particles/Decorative/Goblin/Spawners/Water_Beam_Splash_Top_Poison.particlespawner","2380","F1BF029B29FA16EA5EC969BCB910CDE04B6DCB75192896059CC26E76E988466B"
"particle-spawners","Water_Beam_Waves_Poison","Decorative/Goblin/Spawners/Water_Beam_Waves_Poison","Server/Particles/Decorative/Goblin/Spawners/Water_Beam_Waves_Poison.particlespawner","2385","CCF604C83F34C4173824ED9DBAA86EC93278E86C15D51EADB30044A527D8E74A"
"particle-spawners","Goblin_Launcher_Charge_Electricity","Deployables/Goblin_Launcher/Spawners/Charge/Goblin_Launcher_Charge_Electricity","Server/Particles/Deployables/Goblin_Launcher/Spawners/Charge/Goblin_Launcher_Charge_Electricity.particlespawner","2447","7E577C29461DFDD24F55C5EAFFD2E0C5F6F540C16B234167F6AEDC9F6353F809"
"particle-spawners","Goblin_Launcher_Charge_Glow","Deployables/Goblin_Launcher/Spawners/Charge/Goblin_Launcher_Charge_Glow","Server/Particles/Deployables/Goblin_Launcher/Spawners/Charge/Goblin_Launcher_Charge_Glow.particlespawner","1217","66E1FBB8FBC641927AC9D4B0360D24A71D6ED5B9BB5EB05D44FA54DC49E5FCA8"
"particle-spawners","Goblin_Launcher_Charge_Vacuum_Air","Deployables/Goblin_Launcher/Spawners/Charge/Goblin_Launcher_Charge_Vacuum_Air","Server/Particles/Deployables/Goblin_Launcher/Spawners/Charge/Goblin_Launcher_Charge_Vacuum_Air.particlespawner","2453","57B4045AB3F8128CD3007645FF5A2273B0348C2D2A42A1F60679B192FC86D1DE"
"particle-spawners","Goblin_Launcher_Charge_Vacuum_Energy","Deployables/Goblin_Launcher/Spawners/Charge/Goblin_Launcher_Charge_Vacuum_Energy","Server/Particles/Deployables/Goblin_Launcher/Spawners/Charge/Goblin_Launcher_Charge_Vacuum_Energy.particlespawner","2399","9EAC11D8C3C5ABE5EEE40E6D52196EFA27D77F44294ED8863CBE85BF723B3E9F"
"particle-spawners","Goblin_Launcher_Exhaust_Fire","Deployables/Goblin_Launcher/Spawners/Exhaust/Goblin_Launcher_Exhaust_Fire","Server/Particles/Deployables/Goblin_Launcher/Spawners/Exhaust/Goblin_Launcher_Exhaust_Fire.particlespawner","2156","0449A943C072D796C8CCFE3C9109CCF155DFE62DBCA7B80EE14834364493AB8E"
"particle-spawners","Goblin_Launcher_Exhaust_Glow","Deployables/Goblin_Launcher/Spawners/Exhaust/Goblin_Launcher_Exhaust_Glow","Server/Particles/Deployables/Goblin_Launcher/Spawners/Exhaust/Goblin_Launcher_Exhaust_Glow.particlespawner","1811","1DB4C2F6B8BE063490D0C08AB366FAE4D4CCC3D187268DCD74CCB256FB323B0E"
"particle-spawners","Goblin_Launcher_Exhaust_Smoke","Deployables/Goblin_Launcher/Spawners/Exhaust/Goblin_Launcher_Exhaust_Smoke","Server/Particles/Deployables/Goblin_Launcher/Spawners/Exhaust/Goblin_Launcher_Exhaust_Smoke.particlespawner","1990","AF9632941AB3F44CB3BB51B5E8AFEAABBD5B211F476D04B69EC46AAE9CC5AF5D"
"particle-spawners","Goblin_Launcher_Indicator_Chevrons","Deployables/Goblin_Launcher/Spawners/Indicator/Goblin_Launcher_Indicator_Chevrons","Server/Particles/Deployables/Goblin_Launcher/Spawners/Indicator/Goblin_Launcher_Indicator_Chevrons.particlespawner","1404","A614C1E22F2553CB1C6A0D0AEE109A3011E735054CC005976149A34403F1D1DB"
"particle-spawners","Goblin_Launcher_Indicator_Crosshair","Deployables/Goblin_Launcher/Spawners/Indicator/Goblin_Launcher_Indicator_Crosshair","Server/Particles/Deployables/Goblin_Launcher/Spawners/Indicator/Goblin_Launcher_Indicator_Crosshair.particlespawner","1436","1E56FF322C1C04AD45CC12C6AE473E213D08EFAF886C768B346F5DE9D20A3985"
"particle-spawners","Goblin_Launcher_Indicator_Rings","Deployables/Goblin_Launcher/Spawners/Indicator/Goblin_Launcher_Indicator_Rings","Server/Particles/Deployables/Goblin_Launcher/Spawners/Indicator/Goblin_Launcher_Indicator_Rings.particlespawner","1280","4DD3D754E8A0EF81C1FD96594FCA8A66489283AB1302BB50FF0C7A6BAF80C37B"
"particle-spawners","Goblin_Launcher_Indicator_Target","Deployables/Goblin_Launcher/Spawners/Indicator/Goblin_Launcher_Indicator_Target","Server/Particles/Deployables/Goblin_Launcher/Spawners/Indicator/Goblin_Launcher_Indicator_Target.particlespawner","1238","661530DD1EE70DA533EB5DD9B60D0A405663BBCD1B8C3A95F4252D6947142DDA"
"particle-spawners","Goblin_Launcher_Indicator_Target_Air","Deployables/Goblin_Launcher/Spawners/Indicator/Goblin_Launcher_Indicator_Target_Air","Server/Particles/Deployables/Goblin_Launcher/Spawners/Indicator/Goblin_Launcher_Indicator_Target_Air.particlespawner","1406","887AD184B7DBD45B7E9A9DD54213227C69F1848B5F643EEF8565C0EDE162706C"
"particle-spawners","Goblin_Launcher_Indicator_Trajectory","Deployables/Goblin_Launcher/Spawners/Indicator/Goblin_Launcher_Indicator_Trajectory","Server/Particles/Deployables/Goblin_Launcher/Spawners/Indicator/Goblin_Launcher_Indicator_Trajectory.particlespawner","1281","4D2AA03DC7CD19A54D42E9D2838A3D4D7C750D536E954534C1DE193F57658A0B"
"particle-spawners","Goblin_Launcher_Launch_Boom","Deployables/Goblin_Launcher/Spawners/Launch/Goblin_Launcher_Launch_Boom","Server/Particles/Deployables/Goblin_Launcher/Spawners/Launch/Goblin_Launcher_Launch_Boom.particlespawner","2070","0AAEE954E6E82BE0B46E2FCE3EF5E6686B93C847EF9706BFA172BED7D3789AD2"
"particle-spawners","Goblin_Launcher_Launch_Distortion","Deployables/Goblin_Launcher/Spawners/Launch/Goblin_Launcher_Launch_Distortion","Server/Particles/Deployables/Goblin_Launcher/Spawners/Launch/Goblin_Launcher_Launch_Distortion.particlespawner","1300","2F91ADC09E4F7B0DE9E176CCA5ABCCD0960092D2102D23E1F7F10729F46A1766"
"particle-spawners","Goblin_Launcher_Loaded_Exhaust","Deployables/Goblin_Launcher/Spawners/Loaded/Goblin_Launcher_Loaded_Exhaust","Server/Particles/Deployables/Goblin_Launcher/Spawners/Loaded/Goblin_Launcher_Loaded_Exhaust.particlespawner","2174","2B91A823DF3DFE955843D83C3782F6156BA2804240CEFEEEE97011BC56BE1DED"
"particle-spawners","Goblin_Launcher_Loaded_Glow","Deployables/Goblin_Launcher/Spawners/Loaded/Goblin_Launcher_Loaded_Glow","Server/Particles/Deployables/Goblin_Launcher/Spawners/Loaded/Goblin_Launcher_Loaded_Glow.particlespawner","2027","9CDF69463CB6F2EC8CD8907D4FD2D92C61EEA78A95328C6A2BDEE9F2FCCD509A"
"particle-spawners","Goblin_Launcher_Loaded_Indicator","Deployables/Goblin_Launcher/Spawners/Loaded/Goblin_Launcher_Loaded_Indicator","Server/Particles/Deployables/Goblin_Launcher/Spawners/Loaded/Goblin_Launcher_Loaded_Indicator.particlespawner","1410","2742BAD709128F592402A1DE5D58F79D88D5CB89C833A460E38B112F200F33D1"
"particle-spawners","Totem_Heal_AGroundSpawn2","Deployables/Healing_Totem/Totem_Heal_AGroundSpawn2","Server/Particles/Deployables/Healing_Totem/Totem_Heal_AGroundSpawn2.particlespawner","2031","C8907C8699513F45D2BB9803190D9EA078C9704C8FE3509EE7F54E8C701F5FC2"
"particle-spawners","Totem_Heal_BeamStart","Deployables/Healing_Totem/Totem_Heal_BeamStart","Server/Particles/Deployables/Healing_Totem/Totem_Heal_BeamStart.particlespawner","1866","D3FE095BE5B03EFC23B2BAB492D0698AC94A1483D3EB35272FC1D32E73DF0771"
"particle-spawners","Totem_Heal_BeamStart2","Deployables/Healing_Totem/Totem_Heal_BeamStart2","Server/Particles/Deployables/Healing_Totem/Totem_Heal_BeamStart2.particlespawner","1889","B19C8F5087833C28249035793585BCC5D5F5EB8A911D1215724C93B74827C463"
"particle-spawners","Totem_Heal_CircleGround_Start","Deployables/Healing_Totem/Totem_Heal_CircleGround_Start","Server/Particles/Deployables/Healing_Totem/Totem_Heal_CircleGround_Start.particlespawner","1901","326E5380F674BE0C70D7C64B649D006C241E496604988E7973A3AFE854CEAF62"
"particle-spawners","Totem_Heal_Extra_Smoke","Deployables/Healing_Totem/Totem_Heal_Extra_Smoke","Server/Particles/Deployables/Healing_Totem/Totem_Heal_Extra_Smoke.particlespawner","2516","6CEFF16A6C2864E19CB2999F1772F8DB636EB75021BB88FF8ECED3958CD3DF7A"
"particle-spawners","Totem_Heal_Extra_Smoke_Dense","Deployables/Healing_Totem/Totem_Heal_Extra_Smoke_Dense","Server/Particles/Deployables/Healing_Totem/Totem_Heal_Extra_Smoke_Dense.particlespawner","2800","77D59093220CB14C7079C704920FEE1948A5B91CDA7FDC453687928BE30FC19F"
"particle-spawners","Totem_Heal_Extra_Sparks","Deployables/Healing_Totem/Totem_Heal_Extra_Sparks","Server/Particles/Deployables/Healing_Totem/Totem_Heal_Extra_Sparks.particlespawner","2111","483684C3F9DB00B6A918C6A7CFAAF15F6FA6634AC4655304F384A08C22932817"
"particle-spawners","Totem_Heal_GlowStart","Deployables/Healing_Totem/Totem_Heal_GlowStart","Server/Particles/Deployables/Healing_Totem/Totem_Heal_GlowStart.particlespawner","1915","5698FCA445088F642A58ECE3E6754F2E0B91C1EE465CA53D683AF66733958D9B"
"particle-spawners","Totem_Heal_Ground_Constant","Deployables/Healing_Totem/Totem_Heal_Ground_Constant","Server/Particles/Deployables/Healing_Totem/Totem_Heal_Ground_Constant.particlespawner","1955","F2D76CFFCF367853F8F539ECFFFBBDA6C897B45D75879958FA530D9B573B5E78"
"particle-spawners","Totem_Heal_Ground_Constant2","Deployables/Healing_Totem/Totem_Heal_Ground_Constant2","Server/Particles/Deployables/Healing_Totem/Totem_Heal_Ground_Constant2.particlespawner","2519","8B1361F0E770B8A7493B826138255C2DCD07194FE02BC9B551DA75A50D500AD5"
"particle-spawners","Totem_Heal_Ground_Line","Deployables/Healing_Totem/Totem_Heal_Ground_Line","Server/Particles/Deployables/Healing_Totem/Totem_Heal_Ground_Line.particlespawner","1441","72154A478CC9031E8C48046415B3E7781B8040B402C507297F004860B0063567"
"particle-spawners","Totem_Heal_GroundSpawn","Deployables/Healing_Totem/Totem_Heal_GroundSpawn","Server/Particles/Deployables/Healing_Totem/Totem_Heal_GroundSpawn.particlespawner","2031","05E8660A988F1AAB7E71C0A926DF6EB41D5187A7C98B13F1B428DF035777F79F"
"particle-spawners","Totem_Heal_Lines_Constant","Deployables/Healing_Totem/Totem_Heal_Lines_Constant","Server/Particles/Deployables/Healing_Totem/Totem_Heal_Lines_Constant.particlespawner","2028","BB6809C8AD3A09EC885DFD02CFF0033535A4022D51C198ACE6EE4239B9C483DC"
"particle-spawners","Totem_Heal_Smoke","Deployables/Healing_Totem/Totem_Heal_Smoke","Server/Particles/Deployables/Healing_Totem/Totem_Heal_Smoke.particlespawner","2308","65B4CCC346D9923AEA2C8C52AFBAF52FC9BDD664AACEFD587592752A274980D0"
"particle-spawners","Totem_Heal_SmokeFlat","Deployables/Healing_Totem/Totem_Heal_SmokeFlat","Server/Particles/Deployables/Healing_Totem/Totem_Heal_SmokeFlat.particlespawner","1655","548260CD3C38023E1EF640F4D413868BB0D6E3086546EB9163F8488C8C7113E9"
"particle-spawners","Totem_Heal_SmokeFlat_Constant","Deployables/Healing_Totem/Totem_Heal_SmokeFlat_Constant","Server/Particles/Deployables/Healing_Totem/Totem_Heal_SmokeFlat_Constant.particlespawner","1925","24446359DA36627CA37FA9DE32B30D1E375D2671D307840CD0C6C2CF11480BB5"
"particle-spawners","Totem_Heal_Sparks_Constant","Deployables/Healing_Totem/Totem_Heal_Sparks_Constant","Server/Particles/Deployables/Healing_Totem/Totem_Heal_Sparks_Constant.particlespawner","2032","C0B1949E931BB3E9A04ED602D1E0A1D50B4903E9EA8C318C4C09B215337C813A"
"particle-spawners","Totem_Heal_SparksStart","Deployables/Healing_Totem/Totem_Heal_SparksStart","Server/Particles/Deployables/Healing_Totem/Totem_Heal_SparksStart.particlespawner","2089","9E4C580C4C46BD343284800C2B66409124A63693E52AAB8CFF9CD8CFE5FA9DAC"
"particle-spawners","Totem_Heal_StartLine","Deployables/Healing_Totem/Totem_Heal_StartLine","Server/Particles/Deployables/Healing_Totem/Totem_Heal_StartLine.particlespawner","1497","C5824B2A2C06757958012F78E70586BD8B71E0B72C4AED926D405AE9D8F87F1D"
"particle-spawners","Totem_Heal_TopIcon_Arc","Deployables/Healing_Totem/Totem_Heal_TopIcon_Arc","Server/Particles/Deployables/Healing_Totem/Totem_Heal_TopIcon_Arc.particlespawner","1392","5624A3D6F1950FD6C7848418A345CBBD549CD8F05066521D6D8332D48ACE55E9"
"particle-spawners","Totem_Heal_TopIcon_Glow","Deployables/Healing_Totem/Totem_Heal_TopIcon_Glow","Server/Particles/Deployables/Healing_Totem/Totem_Heal_TopIcon_Glow.particlespawner","1778","DD21480879788C48BE44A174D8B53838B6C790559364275E3BB89D8AF51E2C0E"
"particle-spawners","Totem_Heal_TopIcon_Plus","Deployables/Healing_Totem/Totem_Heal_TopIcon_Plus","Server/Particles/Deployables/Healing_Totem/Totem_Heal_TopIcon_Plus.particlespawner","1640","F21D59D038FA7B6B1FD59B9BA51633E5590949FF011EEF73D6A676BF0B82B89C"
"particle-spawners","Totem_Heal_Uhr","Deployables/Healing_Totem/Totem_Heal_Uhr","Server/Particles/Deployables/Healing_Totem/Totem_Heal_Uhr.particlespawner","1784","1059F3E5FB944190552F84B3238B445B824331F899F0947BA104A5AB389FFCEC"
"particle-spawners","Totem_Slow_AGroundSpawn2","Deployables/Slowness_Totem/Totem_Slow_AGroundSpawn2","Server/Particles/Deployables/Slowness_Totem/Totem_Slow_AGroundSpawn2.particlespawner","2031","C7574402667FC75C92243769D276C8D5B484801FFDF1CE71F94AF8942CD4B898"
"particle-spawners","Totem_Slow_BeamStart","Deployables/Slowness_Totem/Totem_Slow_BeamStart","Server/Particles/Deployables/Slowness_Totem/Totem_Slow_BeamStart.particlespawner","1866","B85EEF4273AE3C4AC39D671DCF25430B4DCC9B695B0E4834E19CDE44DF682EA0"
"particle-spawners","Totem_Slow_BeamStart2","Deployables/Slowness_Totem/Totem_Slow_BeamStart2","Server/Particles/Deployables/Slowness_Totem/Totem_Slow_BeamStart2.particlespawner","1889","778F76D5DA05C73A374666A90B8DB7C20037765851F659D2BA98874E7558DA3B"
"particle-spawners","Totem_Slow_CircleGround_Start","Deployables/Slowness_Totem/Totem_Slow_CircleGround_Start","Server/Particles/Deployables/Slowness_Totem/Totem_Slow_CircleGround_Start.particlespawner","1901","326E5380F674BE0C70D7C64B649D006C241E496604988E7973A3AFE854CEAF62"
"particle-spawners","Totem_Slow_Extra_Smoke","Deployables/Slowness_Totem/Totem_Slow_Extra_Smoke","Server/Particles/Deployables/Slowness_Totem/Totem_Slow_Extra_Smoke.particlespawner","2516","4EB832ECC25F3B8A0C1D6F171B39EEA83C52C95BA30F8EDDC6745139BD65956D"
"particle-spawners","Totem_Slow_Extra_Smoke_Dense","Deployables/Slowness_Totem/Totem_Slow_Extra_Smoke_Dense","Server/Particles/Deployables/Slowness_Totem/Totem_Slow_Extra_Smoke_Dense.particlespawner","2800","7953DF61AF7DA386E05DE4972AAF51E8FB0F3EDB9D3F12214D394E70261C0CEE"
"particle-spawners","Totem_Slow_Extra_Sparks","Deployables/Slowness_Totem/Totem_Slow_Extra_Sparks","Server/Particles/Deployables/Slowness_Totem/Totem_Slow_Extra_Sparks.particlespawner","2111","25883AF1DAD94E1F9753BAF5B375F547F039BCC59AC646C80020F1BE9822423C"
"particle-spawners","Totem_Slow_GlowStart","Deployables/Slowness_Totem/Totem_Slow_GlowStart","Server/Particles/Deployables/Slowness_Totem/Totem_Slow_GlowStart.particlespawner","1914","16D3E004929F6B61AB298220F9631556370D51DF89CA9D576B002DA36ADD1892"
"particle-spawners","Totem_Slow_Ground_Constant","Deployables/Slowness_Totem/Totem_Slow_Ground_Constant","Server/Particles/Deployables/Slowness_Totem/Totem_Slow_Ground_Constant.particlespawner","1955","D6786E315216239CD7F74E515EEBC673462169F434C71BF4749B9C8929594F30"
"particle-spawners","Totem_Slow_Ground_Constant2","Deployables/Slowness_Totem/Totem_Slow_Ground_Constant2","Server/Particles/Deployables/Slowness_Totem/Totem_Slow_Ground_Constant2.particlespawner","2519","8B1361F0E770B8A7493B826138255C2DCD07194FE02BC9B551DA75A50D500AD5"
"particle-spawners","Totem_Slow_Ground_Line","Deployables/Slowness_Totem/Totem_Slow_Ground_Line","Server/Particles/Deployables/Slowness_Totem/Totem_Slow_Ground_Line.particlespawner","1441","63ADD62EE5963BBB81AA821F22A924BB83CCE488B299D83B7F09ECC27EF08A9C"
"particle-spawners","Totem_Slow_GroundSpawn","Deployables/Slowness_Totem/Totem_Slow_GroundSpawn","Server/Particles/Deployables/Slowness_Totem/Totem_Slow_GroundSpawn.particlespawner","2031","C40830E91A920AE51ECF4A804C9BFF25E38B42E21A48E566D33A37EE10AC3BCF"
"particle-spawners","Totem_Slow_Lines_Constant","Deployables/Slowness_Totem/Totem_Slow_Lines_Constant","Server/Particles/Deployables/Slowness_Totem/Totem_Slow_Lines_Constant.particlespawner","2028","9A6E8B80F80CFD620AFCE60BF77A834E11EE3E3CACBD4122A3E61FA85CA54473"
"particle-spawners","Totem_Slow_Smoke","Deployables/Slowness_Totem/Totem_Slow_Smoke","Server/Particles/Deployables/Slowness_Totem/Totem_Slow_Smoke.particlespawner","2307","C17A619EDAB3CAA70A72330547AECB04AC003A2061658337468DDAF4CA218C4C"
"particle-spawners","Totem_Slow_SmokeFlat","Deployables/Slowness_Totem/Totem_Slow_SmokeFlat","Server/Particles/Deployables/Slowness_Totem/Totem_Slow_SmokeFlat.particlespawner","1655","06B8ACBFDFF1C5C5F1E4DF6CCFD571BAEE0208C5D794DDE7F488F2315C8346BB"
"particle-spawners","Totem_Slow_SmokeFlat_Constant","Deployables/Slowness_Totem/Totem_Slow_SmokeFlat_Constant","Server/Particles/Deployables/Slowness_Totem/Totem_Slow_SmokeFlat_Constant.particlespawner","1925","9125DC86A79AFF75029E9B8453B536056A768BA86CB4C159F056B66F78374C01"
"particle-spawners","Totem_Slow_Sparks_Constant","Deployables/Slowness_Totem/Totem_Slow_Sparks_Constant","Server/Particles/Deployables/Slowness_Totem/Totem_Slow_Sparks_Constant.particlespawner","2032","0A0E6AB46EE1B0FABF17F0398E8B6675D9F9706E6E0BF10B3295911DDECCA3D8"
"particle-spawners","Totem_Slow_SparksStart","Deployables/Slowness_Totem/Totem_Slow_SparksStart","Server/Particles/Deployables/Slowness_Totem/Totem_Slow_SparksStart.particlespawner","2088","13864B63B1511B25F02403478BD3AF4136378266046AF5E3532B450B712691AD"
"particle-spawners","Totem_Slow_StartLine","Deployables/Slowness_Totem/Totem_Slow_StartLine","Server/Particles/Deployables/Slowness_Totem/Totem_Slow_StartLine.particlespawner","1497","E97E0B19DF2452E0053AE1BA2DEF08C4E3692F49D3AF740AEA7F5634E57AB719"
"particle-spawners","Totem_Slow_Uhr","Deployables/Slowness_Totem/Totem_Slow_Uhr","Server/Particles/Deployables/Slowness_Totem/Totem_Slow_Uhr.particlespawner","1784","7D7D4B878751E17C96FC32B43058A78D97FE1419EE30C81D2803B55043B329CD"
"particle-spawners","Drop_Common_Ground","Drop/Common/Spawners/Drop_Common_Ground","Server/Particles/Drop/Common/Spawners/Drop_Common_Ground.particlespawner","1298","4960A64323B4C7DC198AAF202F204645E04C64C6AED68578E0D42ADA6AF59D96"
"particle-spawners","Drop_Common_Ray","Drop/Common/Spawners/Drop_Common_Ray","Server/Particles/Drop/Common/Spawners/Drop_Common_Ray.particlespawner","1876","12503E5076767257D9539F164B3951A6B742AEB998515E8E6C9F521C9D40DCE9"
"particle-spawners","Drop_Epic_Glow","Drop/Epic/Spawners/Drop_Epic_Glow","Server/Particles/Drop/Epic/Spawners/Drop_Epic_Glow.particlespawner","1347","983FC34F8AAF027CBE72711364717C33464ACB5E86FD82B66191DB102E8DDB91"
"particle-spawners","Drop_Epic_Ground","Drop/Epic/Spawners/Drop_Epic_Ground","Server/Particles/Drop/Epic/Spawners/Drop_Epic_Ground.particlespawner","1228","A88DF3485EDE5DD10A3C61FA414502C2AB9C7D9B5DDCCF211D6970C4EDCE745B"
"particle-spawners","Drop_Epic_Ray","Drop/Epic/Spawners/Drop_Epic_Ray","Server/Particles/Drop/Epic/Spawners/Drop_Epic_Ray.particlespawner","1152","85A0050DEC5D9F61F6C550A734B14222D61FDE50DCCFB8E8C0B3546A6D9DAADD"
"particle-spawners","Drop_Epic_Ray_Center","Drop/Epic/Spawners/Drop_Epic_Ray_Center","Server/Particles/Drop/Epic/Spawners/Drop_Epic_Ray_Center.particlespawner","1157","C2FC555AA1625832A4F4BD669B3A676236B53C9AEC16A5C54B1F0326797367EE"
"particle-spawners","Drop_Epic_Smoke","Drop/Epic/Spawners/Drop_Epic_Smoke","Server/Particles/Drop/Epic/Spawners/Drop_Epic_Smoke.particlespawner","1475","1CC21558BCB841F758F14CAF714B365BE764F952D0D565F3A7BC8868CC06254D"
"particle-spawners","Drop_Epic_Sparks","Drop/Epic/Spawners/Drop_Epic_Sparks","Server/Particles/Drop/Epic/Spawners/Drop_Epic_Sparks.particlespawner","2321","1752A14CFFB104A514B32EB87A11C7819C23E73A8A036B3CC7CE59A3482185D3"
"particle-spawners","Drop_Epic_Sparks_Squares","Drop/Epic/Spawners/Drop_Epic_Sparks_Squares","Server/Particles/Drop/Epic/Spawners/Drop_Epic_Sparks_Squares.particlespawner","1973","6C99DAA25230105781D7F2FCE09C1D0DD1F3707D4B4D2CD7B39667D4F8EEDE8B"
"particle-spawners","Drop_Epic_Vortex","Drop/Epic/Spawners/Drop_Epic_Vortex","Server/Particles/Drop/Epic/Spawners/Drop_Epic_Vortex.particlespawner","1684","7996CF92556C778ABB96A34520F70D37A615801C80F67723C70A8610DE322E41"
"particle-spawners","Drop_Legendary_Glow","Drop/Legendary/Spawners/Drop_Legendary_Glow","Server/Particles/Drop/Legendary/Spawners/Drop_Legendary_Glow.particlespawner","1345","FE39D80D76C8E631CF67D9996911B8AA21766597CA6C7BE4310370574F4004EB"
"particle-spawners","Drop_Legendary_Ground","Drop/Legendary/Spawners/Drop_Legendary_Ground","Server/Particles/Drop/Legendary/Spawners/Drop_Legendary_Ground.particlespawner","1226","088A30BC25B951F5597D7932525DE880EB06AAACD3D454C6639A9CA77A243CCD"
"particle-spawners","Drop_Legendary_Ground_Glow","Drop/Legendary/Spawners/Drop_Legendary_Ground_Glow","Server/Particles/Drop/Legendary/Spawners/Drop_Legendary_Ground_Glow.particlespawner","1345","FE39D80D76C8E631CF67D9996911B8AA21766597CA6C7BE4310370574F4004EB"
"particle-spawners","Drop_Legendary_Ground_Smoke","Drop/Legendary/Spawners/Drop_Legendary_Ground_Smoke","Server/Particles/Drop/Legendary/Spawners/Drop_Legendary_Ground_Smoke.particlespawner","1475","4AF7DB07DE5A14A1AF7EEA559D922D6D75E30A7A7158AAB24EE361A818CF6ADC"
"particle-spawners","Drop_Legendary_Ray","Drop/Legendary/Spawners/Drop_Legendary_Ray","Server/Particles/Drop/Legendary/Spawners/Drop_Legendary_Ray.particlespawner","1152","FC255A079B7E7F25762D6F6A83AA45117A74F8F8C2B1B5C182E6A9710ED19D34"
"particle-spawners","Drop_Legendary_Ray_Center","Drop/Legendary/Spawners/Drop_Legendary_Ray_Center","Server/Particles/Drop/Legendary/Spawners/Drop_Legendary_Ray_Center.particlespawner","1156","3541E1FDAEA9F8D55CED3A54E8CD5683ECEBD5CC1CBFF93772388788C42729CF"
"particle-spawners","Drop_Legendary_Smoke","Drop/Legendary/Spawners/Drop_Legendary_Smoke","Server/Particles/Drop/Legendary/Spawners/Drop_Legendary_Smoke.particlespawner","1475","4AF7DB07DE5A14A1AF7EEA559D922D6D75E30A7A7158AAB24EE361A818CF6ADC"
"particle-spawners","Drop_Legendary_Sparks_Dark","Drop/Legendary/Spawners/Drop_Legendary_Sparks_Dark","Server/Particles/Drop/Legendary/Spawners/Drop_Legendary_Sparks_Dark.particlespawner","2336","D83362028A1E37A7140E7DFADFCB40250FA81E1E5583ADC4DAF60F1709AB4955"
"particle-spawners","Drop_Legendary_Sparks_Squares","Drop/Legendary/Spawners/Drop_Legendary_Sparks_Squares","Server/Particles/Drop/Legendary/Spawners/Drop_Legendary_Sparks_Squares.particlespawner","1970","7753E7332CF2C34F2259BE3BC3A304F551DE4B22F9D1DB0A006F25EFDC49DF71"
"particle-spawners","Drop_Legendary_Sparks_Up_Dark","Drop/Legendary/Spawners/Drop_Legendary_Sparks_Up_Dark","Server/Particles/Drop/Legendary/Spawners/Drop_Legendary_Sparks_Up_Dark.particlespawner","2336","D83362028A1E37A7140E7DFADFCB40250FA81E1E5583ADC4DAF60F1709AB4955"
"particle-spawners","Drop_Legendary_Vortex","Drop/Legendary/Spawners/Drop_Legendary_Vortex","Server/Particles/Drop/Legendary/Spawners/Drop_Legendary_Vortex.particlespawner","1684","0D25FEDFA9D6C026F716EBA483928671DC88C3F2A4EDB28E84D9196111A04711"
"particle-spawners","Drop_Rare_Glow","Drop/Rare/Spawners/Drop_Rare_Glow","Server/Particles/Drop/Rare/Spawners/Drop_Rare_Glow.particlespawner","1437","3FCE1BE57CB866AE0406E4381394A6BC769D7150742EB1D533A99ED2426E8243"
"particle-spawners","Drop_Rare_Ground","Drop/Rare/Spawners/Drop_Rare_Ground","Server/Particles/Drop/Rare/Spawners/Drop_Rare_Ground.particlespawner","1206","44C82466298352DDCDF98310882E109A3C85BF371BE1E5FBA7DD218409D7D8B1"
"particle-spawners","Drop_Rare_Ground_Glow","Drop/Rare/Spawners/Drop_Rare_Ground_Glow","Server/Particles/Drop/Rare/Spawners/Drop_Rare_Ground_Glow.particlespawner","1437","3FCE1BE57CB866AE0406E4381394A6BC769D7150742EB1D533A99ED2426E8243"
"particle-spawners","Drop_Rare_Ground_Smoke","Drop/Rare/Spawners/Drop_Rare_Ground_Smoke","Server/Particles/Drop/Rare/Spawners/Drop_Rare_Ground_Smoke.particlespawner","1567","38FEC2239EB02F1346E573C0501847E51AD8A497B7965104306CC284DD2AD43C"
"particle-spawners","Drop_Rare_Ray","Drop/Rare/Spawners/Drop_Rare_Ray","Server/Particles/Drop/Rare/Spawners/Drop_Rare_Ray.particlespawner","1875","382EE7F2D7101876DD3B14D8FFCE3AAF298BE2D856CA349348029F7E3F6F4BDC"
"particle-spawners","Drop_Rare_Ray_Center","Drop/Rare/Spawners/Drop_Rare_Ray_Center","Server/Particles/Drop/Rare/Spawners/Drop_Rare_Ray_Center.particlespawner","1123","2DF03873A5DA10C8B9DC9157ED9DB4B84C92649139392AFF766342DA55FF4AB4"
"particle-spawners","Drop_Rare_Smoke","Drop/Rare/Spawners/Drop_Rare_Smoke","Server/Particles/Drop/Rare/Spawners/Drop_Rare_Smoke.particlespawner","1567","38FEC2239EB02F1346E573C0501847E51AD8A497B7965104306CC284DD2AD43C"
"particle-spawners","Drop_Rare_Sparks","Drop/Rare/Spawners/Drop_Rare_Sparks","Server/Particles/Drop/Rare/Spawners/Drop_Rare_Sparks.particlespawner","2348","3B70E2E257771FE27235B85031F02F0A65822791D2CE81995CFFD62C1866C547"
"particle-spawners","Drop_Rare_Sparks_Up","Drop/Rare/Spawners/Drop_Rare_Sparks_Up","Server/Particles/Drop/Rare/Spawners/Drop_Rare_Sparks_Up.particlespawner","2348","3B70E2E257771FE27235B85031F02F0A65822791D2CE81995CFFD62C1866C547"
"particle-spawners","Drop_Rare_Vortex","Drop/Rare/Spawners/Drop_Rare_Vortex","Server/Particles/Drop/Rare/Spawners/Drop_Rare_Vortex.particlespawner","1600","2299E9BA53770CDF7C1DA7465A5AE291F80D78BEDB2373EF21E258A0511CA684"
"particle-spawners","Drop_Uncommon_Ground","Drop/Uncommon/Spawners/Drop_Uncommon_Ground","Server/Particles/Drop/Uncommon/Spawners/Drop_Uncommon_Ground.particlespawner","1208","0766E0F0DFEE51FD7A1A3C03BB5277C0BC3D5EE8ED766B52F8B22B54C98722DE"
"particle-spawners","Drop_Uncommon_Ray","Drop/Uncommon/Spawners/Drop_Uncommon_Ray","Server/Particles/Drop/Uncommon/Spawners/Drop_Uncommon_Ray.particlespawner","1875","F39E6EC7E9741AA639C4AB4E26A26A64AD2224F1210B16763D9CF1AE67F1103F"
"particle-spawners","Drop_Uncommon_Ray_Center","Drop/Uncommon/Spawners/Drop_Uncommon_Ray_Center","Server/Particles/Drop/Uncommon/Spawners/Drop_Uncommon_Ray_Center.particlespawner","1123","377EFFEBC0CB7BDB3045B02924D0F014683F79E3A37E7B4794B00E55FB2AB90D"
"particle-spawners","Dust_Sparkles_Fine","Dust_Sparkles_Fine","Server/Particles/Dust_Sparkles_Fine.particlespawner","2951","0B3D540867CC2F68F2638F956F8B6260410E672F2C64B009E10ADCECA3FCD09E"
"particle-spawners","World_Event_Hunt_Marker_Beam_Generic","Event/Markers/Spawners/Generic/World_Event_Hunt_Marker_Beam_Generic","Server/Particles/Event/Markers/Spawners/Generic/World_Event_Hunt_Marker_Beam_Generic.particlespawner","1712","51AF753FBC28FBB1AB989AA7DD557D9FA5281BCFDCBE6B0E4467391ED3F18192"
"particle-spawners","World_Event_Hunt_Marker_Beam_Void","Event/Markers/Spawners/Void/World_Event_Hunt_Marker_Beam_Void","Server/Particles/Event/Markers/Spawners/Void/World_Event_Hunt_Marker_Beam_Void.particlespawner","1797","F66352DC03F464568C1DE56FE8D5DD10172B573EF3C43E7E9E88A1ACC1674940"
"particle-spawners","World_Event_Hunt_Marker_Beam_Void_Start","Event/Markers/Spawners/Void/World_Event_Hunt_Marker_Beam_Void_Start","Server/Particles/Event/Markers/Spawners/Void/World_Event_Hunt_Marker_Beam_Void_Start.particlespawner","1689","7F2D5B6E28C0AFFFBD999010394CD69875EBA8BF0C5437B3088AD6DBBC82DFCE"
"particle-spawners","World_Event_Hunt_Marker_Shockwave_Void","Event/Markers/Spawners/Void/World_Event_Hunt_Marker_Shockwave_Void","Server/Particles/Event/Markers/Spawners/Void/World_Event_Hunt_Marker_Shockwave_Void.particlespawner","2141","A43E7CC574136A06A8D111438E1C873052D4FA28733B62CEB989A19E55BEE993"
"particle-spawners","World_Event_Hunt_Marker_Shockwave2_Void","Event/Markers/Spawners/Void/World_Event_Hunt_Marker_Shockwave2_Void","Server/Particles/Event/Markers/Spawners/Void/World_Event_Hunt_Marker_Shockwave2_Void.particlespawner","2137","31F88D1D480C05F64CF2C1682F81F37B7399205D98A5302C989AF70D1047BF2E"
"particle-spawners","World_Event_Hunt_Marker_Sparks_Void","Event/Markers/Spawners/Void/World_Event_Hunt_Marker_Sparks_Void","Server/Particles/Event/Markers/Spawners/Void/World_Event_Hunt_Marker_Sparks_Void.particlespawner","2329","D81DCD51303F05FFCE810E09978689D2EB1CBCDF7B5CEF72C29AFB5DCB9FE6B9"
"particle-spawners","World_Event_Hunt_Marker_Swirl_Void","Event/Markers/Spawners/Void/World_Event_Hunt_Marker_Swirl_Void","Server/Particles/Event/Markers/Spawners/Void/World_Event_Hunt_Marker_Swirl_Void.particlespawner","2051","601A56B6629F9A0E9FC2B2FB520D8B6D93FFC3C441A4B9B800B7109705897AE0"
"particle-spawners","Explosion_Barrel_Flyoff","Explosion/Explosion_Barrel/Explosion_Barrel_Flyoff","Server/Particles/Explosion/Explosion_Barrel/Explosion_Barrel_Flyoff.particlespawner","2365","7045BC127C596449A8430534C6931AD3CA55B7CD0AAD72B190158D2738CB117D"
"particle-spawners","Explosion_Barrel_Glow","Explosion/Explosion_Barrel/Explosion_Barrel_Glow","Server/Particles/Explosion/Explosion_Barrel/Explosion_Barrel_Glow.particlespawner","2852","DC1EAE4D3848212BF12D3638519FC1730AB4D16DDC439A8C634238B50221192E"
"particle-spawners","Explosion_Barrel_Main","Explosion/Explosion_Barrel/Explosion_Barrel_Main","Server/Particles/Explosion/Explosion_Barrel/Explosion_Barrel_Main.particlespawner","2418","064F4548F10422B9A33B064AF023D24CA1AD4D08644829E1E3E959657AD3D6EC"
"particle-spawners","Explosion_Barrel_Main2","Explosion/Explosion_Barrel/Explosion_Barrel_Main2","Server/Particles/Explosion/Explosion_Barrel/Explosion_Barrel_Main2.particlespawner","2263","ED66CC881EF3A862DB819E1112FB9C787EF32B477E632BA87A01FAB886F97444"
"particle-spawners","Explosion_Barrel_Smoke","Explosion/Explosion_Barrel/Explosion_Barrel_Smoke","Server/Particles/Explosion/Explosion_Barrel/Explosion_Barrel_Smoke.particlespawner","2311","59AB0E055A923A6D1B20DB1B88FF11D112708A647A9C78009C8CD255A5960557"
"particle-spawners","Explosion_Barrel_Sparks_Linger","Explosion/Explosion_Barrel/Explosion_Barrel_Sparks_Linger","Server/Particles/Explosion/Explosion_Barrel/Explosion_Barrel_Sparks_Linger.particlespawner","2852","3DB016F3526F156D20AA717E23F87B4906E7225DBAE00BBDD45EA411CB564B28"
"particle-spawners","Explosion_Barrel_Sparks_Small","Explosion/Explosion_Barrel/Explosion_Barrel_Sparks_Small","Server/Particles/Explosion/Explosion_Barrel/Explosion_Barrel_Sparks_Small.particlespawner","2659","329E913D668B8515F27BD57D6F598C1C9CFD966DB0D6C250FB3F0E5CCC03C78E"
"particle-spawners","Explosion_Barrel_Wood","Explosion/Explosion_Barrel/Explosion_Barrel_Wood","Server/Particles/Explosion/Explosion_Barrel/Explosion_Barrel_Wood.particlespawner","2830","F65BFDFA08EC06668E1758F6FBEFEE295F4ADCC3ACE7B2FE5F02B71E0D8BF55B"
"particle-spawners","Explosion_Barrel_Distortion","Explosion/Explosion_Barrel/Spawners/Explosion_Barrel_Distortion","Server/Particles/Explosion/Explosion_Barrel/Spawners/Explosion_Barrel_Distortion.particlespawner","1949","3D9FCE2D86FAAE9086D2D6CD4B5E143340C33294B02073C0C4179910BB189BDF"
"particle-spawners","Explosion_Barrel_Sparks_Out","Explosion/Explosion_Big/Spawners/Explosion_Barrel_Sparks_Out","Server/Particles/Explosion/Explosion_Big/Spawners/Explosion_Barrel_Sparks_Out.particlespawner","2932","B1D419BFC52FCD4D56EBBEA6B5F482EE2C3B45ED59269E908C77E49BF97D71E0"
"particle-spawners","Explosion_Big_Crack","Explosion/Explosion_Big/Spawners/Explosion_Big_Crack","Server/Particles/Explosion/Explosion_Big/Spawners/Explosion_Big_Crack.particlespawner","2510","479171D78F03F4578306B129F2247E19E60B8B46F89C1D94EACF496710CAC024"
"particle-spawners","Explosion_Big_Derbis","Explosion/Explosion_Big/Spawners/Explosion_Big_Derbis","Server/Particles/Explosion/Explosion_Big/Spawners/Explosion_Big_Derbis.particlespawner","2981","95915C9432291F6415C3BA5B2C0D5EDB05F64B1173C3F131EA2C9AFDC8A256A7"
"particle-spawners","Explosion_Big_Fire_Ground","Explosion/Explosion_Big/Spawners/Explosion_Big_Fire_Ground","Server/Particles/Explosion/Explosion_Big/Spawners/Explosion_Big_Fire_Ground.particlespawner","2708","8BB24233FC299E33AE03AEBAE6205F260CDBB96129B3171BBC578AD3C12AECAC"
"particle-spawners","Explosion_Big_Fires","Explosion/Explosion_Big/Spawners/Explosion_Big_Fires","Server/Particles/Explosion/Explosion_Big/Spawners/Explosion_Big_Fires.particlespawner","2591","CD3E1AD241EF71F1F37AD836F227339474E6D13499CBD768D2021178B092B4DF"
"particle-spawners","Explosion_Big_Flash_Glow","Explosion/Explosion_Big/Spawners/Explosion_Big_Flash_Glow","Server/Particles/Explosion/Explosion_Big/Spawners/Explosion_Big_Flash_Glow.particlespawner","2373","CA57C494A9B720089F0E7CEDD1C6E4D037B80C2B69F9DF19F18BA7D749D3E5BC"
"particle-spawners","Explosion_Big_Glow","Explosion/Explosion_Big/Spawners/Explosion_Big_Glow","Server/Particles/Explosion/Explosion_Big/Spawners/Explosion_Big_Glow.particlespawner","2851","BDA9F51BDC1A389A284E536775C611DFDE2691FEEEBED6F806AEE947B77552C4"
"particle-spawners","Explosion_Big_Lines","Explosion/Explosion_Big/Spawners/Explosion_Big_Lines","Server/Particles/Explosion/Explosion_Big/Spawners/Explosion_Big_Lines.particlespawner","2617","417D5C2C98FBBF7D5716DD850B1003F31663ECBCCACEEA2C1F63DE1F0E18CC1D"
"particle-spawners","Explosion_Big_Shockwave","Explosion/Explosion_Big/Spawners/Explosion_Big_Shockwave","Server/Particles/Explosion/Explosion_Big/Spawners/Explosion_Big_Shockwave.particlespawner","3021","14A7099707927167E141E87FBDCBD34F6D9362691F9E7BA241CBED58F1E43775"
"particle-spawners","Explosion_Big_Shockwave_Ground","Explosion/Explosion_Big/Spawners/Explosion_Big_Shockwave_Ground","Server/Particles/Explosion/Explosion_Big/Spawners/Explosion_Big_Shockwave_Ground.particlespawner","3064","A8505405C39D502330CF8BEEE3801D66F7D397616F69BE4E9097DC062F16A205"
"particle-spawners","Explosion_Big_Shockwave2","Explosion/Explosion_Big/Spawners/Explosion_Big_Shockwave2","Server/Particles/Explosion/Explosion_Big/Spawners/Explosion_Big_Shockwave2.particlespawner","3050","DA712BF119B8D4CD769CF27C7C0A46B41A4A56DAFFED60443D45F3502BA91857"
"particle-spawners","Explosion_Big_Smoke_Ground","Explosion/Explosion_Big/Spawners/Explosion_Big_Smoke_Ground","Server/Particles/Explosion/Explosion_Big/Spawners/Explosion_Big_Smoke_Ground.particlespawner","3260","21FD351537A42EB5099410704D7F1FB74FB64C9BE450ED7CBEB15931368C46C4"
"particle-spawners","Explosion_Big_Smoke_Main","Explosion/Explosion_Big/Spawners/Explosion_Big_Smoke_Main","Server/Particles/Explosion/Explosion_Big/Spawners/Explosion_Big_Smoke_Main.particlespawner","3575","4E05D658AD5011CA7456B8D8504B78CC50899F738937000906986B36893743BD"
"particle-spawners","Explosion_Big_Smoke_Side","Explosion/Explosion_Big/Spawners/Explosion_Big_Smoke_Side","Server/Particles/Explosion/Explosion_Big/Spawners/Explosion_Big_Smoke_Side.particlespawner","3378","663809A68D0C4B96FFCFC154D521511F683BA56E15DC8D661CEB240DD5983406"
"particle-spawners","Explosion_Big_Smoke_Spikes","Explosion/Explosion_Big/Spawners/Explosion_Big_Smoke_Spikes","Server/Particles/Explosion/Explosion_Big/Spawners/Explosion_Big_Smoke_Spikes.particlespawner","2792","9B10168A2033998B2587BDEFB3CFA6C4CD917EB040638AF02BE9D11A3F6AE03A"
"particle-spawners","Explosion_Big_Sparks_Linger","Explosion/Explosion_Big/Spawners/Explosion_Big_Sparks_Linger","Server/Particles/Explosion/Explosion_Big/Spawners/Explosion_Big_Sparks_Linger.particlespawner","2931","B91F3A687D45B5E4C5425E061A95382105742C8EDD325E1B68D6BBD071E9F4B3"
"particle-spawners","Explosion_Big_Sparks_Out","Explosion/Explosion_Big/Spawners/Explosion_Big_Sparks_Out","Server/Particles/Explosion/Explosion_Big/Spawners/Explosion_Big_Sparks_Out.particlespawner","2766","BE8B92542604E5891C20CACDB51D914831CA5D8D283FC3E1FB67D089FC0A9AB9"
"particle-spawners","Explosion_Big_Sparks_Radial","Explosion/Explosion_Big/Spawners/Explosion_Big_Sparks_Radial","Server/Particles/Explosion/Explosion_Big/Spawners/Explosion_Big_Sparks_Radial.particlespawner","2794","1699F470DA0EA57570A183B68675F1B6A90FDFE6489BF1012CB20C8084EE030F"
"particle-spawners","Explosion_Big_Star","Explosion/Explosion_Big/Spawners/Explosion_Big_Star","Server/Particles/Explosion/Explosion_Big/Spawners/Explosion_Big_Star.particlespawner","2336","0264DB80ABC59A814B1613DA06CF4C1CDCD532709C0B260BB6C7A158B9461F38"
"particle-spawners","Explosion_Fail_Debris","Explosion/Explosion_Fail/Spawners/Explosion_Fail_Debris","Server/Particles/Explosion/Explosion_Fail/Spawners/Explosion_Fail_Debris.particlespawner","2661","6721D02D2C3351E1403533888A3516200E168D7206D9C456DB5CA5E84EA0835A"
"particle-spawners","Explosion_Fail_Debris_Big","Explosion/Explosion_Fail/Spawners/Explosion_Fail_Debris_Big","Server/Particles/Explosion/Explosion_Fail/Spawners/Explosion_Fail_Debris_Big.particlespawner","2874","1DB040ED9D979CE13E269957C6DC941F40CB64B71B49D5B66B69F37C90DD4D02"
"particle-spawners","Explosion_Fail_Flash_Glow","Explosion/Explosion_Fail/Spawners/Explosion_Fail_Flash_Glow","Server/Particles/Explosion/Explosion_Fail/Spawners/Explosion_Fail_Flash_Glow.particlespawner","2543","FBDE4707E8C9F0994FFCE4F5CD1302E8049F007CBEB8AB2279231231309870EA"
"particle-spawners","Explosion_Fail_Glow","Explosion/Explosion_Fail/Spawners/Explosion_Fail_Glow","Server/Particles/Explosion/Explosion_Fail/Spawners/Explosion_Fail_Glow.particlespawner","2853","C4C5E70A83157E07D96C9D37DA53A698C51B20B0E0D89574436F795735D5874E"
"particle-spawners","Explosion_Fail_Smoke_Linger","Explosion/Explosion_Fail/Spawners/Explosion_Fail_Smoke_Linger","Server/Particles/Explosion/Explosion_Fail/Spawners/Explosion_Fail_Smoke_Linger.particlespawner","3176","1DE001D35EE236985461D78090B573AC15908A540209C1EDA973421E3312C78D"
"particle-spawners","Explosion_Fail_Smoke_Main","Explosion/Explosion_Fail/Spawners/Explosion_Fail_Smoke_Main","Server/Particles/Explosion/Explosion_Fail/Spawners/Explosion_Fail_Smoke_Main.particlespawner","2690","2BCBC406219ABDDD130F3D828C590F687E4D0177E3197140C5012BCACCA37401"
"particle-spawners","Explosion_Fail_Sparks","Explosion/Explosion_Fail/Spawners/Explosion_Fail_Sparks","Server/Particles/Explosion/Explosion_Fail/Spawners/Explosion_Fail_Sparks.particlespawner","3014","1C826B01F3223BF9CA887A9BB2B80D50D28CCE2FB80DB96D625005E93970572B"
"particle-spawners","Explosion_Fail_Sparks_Linger","Explosion/Explosion_Fail/Spawners/Explosion_Fail_Sparks_Linger","Server/Particles/Explosion/Explosion_Fail/Spawners/Explosion_Fail_Sparks_Linger.particlespawner","2829","2D79D741E49E0A00158E780D431ABAA427BF674356F8FEECB89A993B9055BEC3"
"particle-spawners","Gun_Debris","Explosion/Explosion_Fail/Spawners/Gun_Debris","Server/Particles/Explosion/Explosion_Fail/Spawners/Gun_Debris.particlespawner","2660","DDE7911BE689EA56AFC605D8C10A07ACC373FED487480BB4570585F07BC4E660"
"particle-spawners","Gun_Glow","Explosion/Explosion_Fail/Spawners/Gun_Glow","Server/Particles/Explosion/Explosion_Fail/Spawners/Gun_Glow.particlespawner","2106","2419978BA5E2BC248DF7D70C02B84ADBA0CFBE21D9FF0F5861DC73A9E24CEA99"
"particle-spawners","Explosio_Medium_Flash_Glow","Explosion/Explosion_Medium/Spawners/Explosio_Medium_Flash_Glow","Server/Particles/Explosion/Explosion_Medium/Spawners/Explosio_Medium_Flash_Glow.particlespawner","2516","865C4C4E068380A363FAB57779AF33B8DB404A628AF8BB4CA7D72AF0CBAF13E6"
"particle-spawners","Explosion_Fire","Explosion/Explosion_Medium/Spawners/Explosion_Fire","Server/Particles/Explosion/Explosion_Medium/Spawners/Explosion_Fire.particlespawner","3132","99454CFA567CF2235E7790E47671F766D97A000805148B81382D4CB1C8B5202E"
"particle-spawners","Explosion_Medium_Crack","Explosion/Explosion_Medium/Spawners/Explosion_Medium_Crack","Server/Particles/Explosion/Explosion_Medium/Spawners/Explosion_Medium_Crack.particlespawner","2535","40FDD46EE4AE68A5847210C2192F150D433DC7ECCCC5F0FE15E4941BDA6D2D35"
"particle-spawners","Explosion_Medium_Fires","Explosion/Explosion_Medium/Spawners/Explosion_Medium_Fires","Server/Particles/Explosion/Explosion_Medium/Spawners/Explosion_Medium_Fires.particlespawner","2194","145D5BACF40B3A7F664CA58CD848B8212FE6A1E39CEB5E51A5F9806879B17D29"
"particle-spawners","Explosion_Medium_Flash","Explosion/Explosion_Medium/Spawners/Explosion_Medium_Flash","Server/Particles/Explosion/Explosion_Medium/Spawners/Explosion_Medium_Flash.particlespawner","2362","5D68DFD813A069F02529D0D9C79042C9D76CA7711648E764FE73B1010016D15C"
"particle-spawners","Explosion_Medium_Flash_Dark","Explosion/Explosion_Medium/Spawners/Explosion_Medium_Flash_Dark","Server/Particles/Explosion/Explosion_Medium/Spawners/Explosion_Medium_Flash_Dark.particlespawner","2267","B15E13774E5CD7EB9A0A218BB677B82B9004B138094736D19B52967A05DE86A0"
"particle-spawners","Explosion_Medium_Glow","Explosion/Explosion_Medium/Spawners/Explosion_Medium_Glow","Server/Particles/Explosion/Explosion_Medium/Spawners/Explosion_Medium_Glow.particlespawner","2854","A944CA7DE11B6446455374BE0BF448B03801E5E4ECD6B4F077504EDADB8E5983"
"particle-spawners","Explosion_Medium_Shockwave","Explosion/Explosion_Medium/Spawners/Explosion_Medium_Shockwave","Server/Particles/Explosion/Explosion_Medium/Spawners/Explosion_Medium_Shockwave.particlespawner","3076","8CD1F52A215F02C6BEA7D6C5C7FD18044CDF3BAF7FF6F1466F6160D693B5FF19"
"particle-spawners","Explosion_Medium_Smoke_Main","Explosion/Explosion_Medium/Spawners/Explosion_Medium_Smoke_Main","Server/Particles/Explosion/Explosion_Medium/Spawners/Explosion_Medium_Smoke_Main.particlespawner","2590","A2FFBE50F500AEF3E39087D5964187D0ABAFCEE3C50CBA0B34EA0B4717BF6DB2"
"particle-spawners","Explosion_Medium_Smoke_Side","Explosion/Explosion_Medium/Spawners/Explosion_Medium_Smoke_Side","Server/Particles/Explosion/Explosion_Medium/Spawners/Explosion_Medium_Smoke_Side.particlespawner","3626","A4EB4D3357F823235EB651611E732824CA0548A63C666AC545748EC56FE4329D"
"particle-spawners","Explosion_Medium_Sparks_Linger","Explosion/Explosion_Medium/Spawners/Explosion_Medium_Sparks_Linger","Server/Particles/Explosion/Explosion_Medium/Spawners/Explosion_Medium_Sparks_Linger.particlespawner","2931","B0D9595A7DE1E5CF740E44CF404A2E28D9DB61DD8C70F75595BEADC71343BBB6"
"particle-spawners","Explosion_Medium_Sparks_Out","Explosion/Explosion_Medium/Spawners/Explosion_Medium_Sparks_Out","Server/Particles/Explosion/Explosion_Medium/Spawners/Explosion_Medium_Sparks_Out.particlespawner","2512","08F7A7DC2C0A7E1B9E723EA5DB968DEA38EE094801AA7B738FC3DE926F5D9CF2"
"particle-spawners","Explosion_Shockwave","Explosion/Explosion_Medium/Spawners/Explosion_Shockwave","Server/Particles/Explosion/Explosion_Medium/Spawners/Explosion_Shockwave.particlespawner","2714","7D294B477CAC0503BC0737FDEB468B1ACB6A5E4514803C0771737AE80A16BFB1"
"particle-spawners","Explosion_Shroom_SporeCloud","Explosion/Explosion_Shroom/Explosion_Shroom_SporeCloud","Server/Particles/Explosion/Explosion_Shroom/Explosion_Shroom_SporeCloud.particlespawner","3482","99CB0915742621C0ED186AE8B03133FB1BB5FE4604B5AB6F79DD7D53E0D64BB6"
"particle-spawners","Explosion_Barrel_Fire","Explosion/Explosion_Shroom/Spawners/Explosion_Barrel_Fire","Server/Particles/Explosion/Explosion_Shroom/Spawners/Explosion_Barrel_Fire.particlespawner","2384","D79C12D64367A97CF0357E0BFB3B32BD796C1CEFDBDDBF98C706D6D853EEB87F"
"particle-spawners","Explosion_Shroom_Cloud","Explosion/Explosion_Shroom/Spawners/Explosion_Shroom_Cloud","Server/Particles/Explosion/Explosion_Shroom/Spawners/Explosion_Shroom_Cloud.particlespawner","2534","16C4B9D1D74F03C4388635DBDA4EC0E18F46227D8D0A8A45531B2F6710B1638C"
"particle-spawners","Explosion_Shroom_Debris","Explosion/Explosion_Shroom/Spawners/Explosion_Shroom_Debris","Server/Particles/Explosion/Explosion_Shroom/Spawners/Explosion_Shroom_Debris.particlespawner","2982","C61E54E01E7D891C36A76F8E182A9CB3BF531A30D5950BA34F6764253E828027"
"particle-spawners","Explosion_Shroom_Fire","Explosion/Explosion_Shroom/Spawners/Explosion_Shroom_Fire","Server/Particles/Explosion/Explosion_Shroom/Spawners/Explosion_Shroom_Fire.particlespawner","2584","B0C5D645CF9309C289E5F99EC2ABEEC4059A1B061F563CE26CE9C5311DA89C90"
"particle-spawners","Explosion_Shroom_Flash_Glow","Explosion/Explosion_Shroom/Spawners/Explosion_Shroom_Flash_Glow","Server/Particles/Explosion/Explosion_Shroom/Spawners/Explosion_Shroom_Flash_Glow.particlespawner","2552","7E32E23BE58A5CE91280F51EE6E562AE2E8EF79F852179ECF5C50D52577C88EC"
"particle-spawners","Explosion_Shroom_Glow","Explosion/Explosion_Shroom/Spawners/Explosion_Shroom_Glow","Server/Particles/Explosion/Explosion_Shroom/Spawners/Explosion_Shroom_Glow.particlespawner","2851","B1E57DB1DD1855DCE8429207FDD8170328FB944A63B04D4F5CC60848B08FA5E6"
"particle-spawners","Explosion_Shroom_Glow2","Explosion/Explosion_Shroom/Spawners/Explosion_Shroom_Glow2","Server/Particles/Explosion/Explosion_Shroom/Spawners/Explosion_Shroom_Glow2.particlespawner","2850","23968E300AD3475289A554212A3940A1F8B7394B3339A8CB16F4C901EE607E1A"
"particle-spawners","Explosion_Shroom_Lines","Explosion/Explosion_Shroom/Spawners/Explosion_Shroom_Lines","Server/Particles/Explosion/Explosion_Shroom/Spawners/Explosion_Shroom_Lines.particlespawner","2564","FCD5E2360AA4BA05B5E90832E7B709CD03741A0D4B9944959470ECE673E01346"
"particle-spawners","Explosion_Shroom_Main","Explosion/Explosion_Shroom/Spawners/Explosion_Shroom_Main","Server/Particles/Explosion/Explosion_Shroom/Spawners/Explosion_Shroom_Main.particlespawner","2410","19FE0210F8AB127588A8A61B96CD00B18303EBBD2D8E4A37399B78CF7926FF5B"
"particle-spawners","Explosion_Shroom_Pop","Explosion/Explosion_Shroom/Spawners/Explosion_Shroom_Pop","Server/Particles/Explosion/Explosion_Shroom/Spawners/Explosion_Shroom_Pop.particlespawner","2104","63B29AE1809265DA7DFC2A8FA9985C151A4356D9CBE1851E622C2FEF4837420A"
"particle-spawners","Explosion_Shroom_Shockwave","Explosion/Explosion_Shroom/Spawners/Explosion_Shroom_Shockwave","Server/Particles/Explosion/Explosion_Shroom/Spawners/Explosion_Shroom_Shockwave.particlespawner","3009","D61BC3870A53B59D6745A1C5C3C6922B3F0B3C0650E8CB8761CC5A89AA2FCD45"
"particle-spawners","Explosion_Shroom_Shockwave_Ground","Explosion/Explosion_Shroom/Spawners/Explosion_Shroom_Shockwave_Ground","Server/Particles/Explosion/Explosion_Shroom/Spawners/Explosion_Shroom_Shockwave_Ground.particlespawner","3115","90B12DF538AB0710610FB8FB9196C1AFE94E038BA6302F26187F4622C6C29141"
"particle-spawners","Explosion_Shroom_Shockwave_Linger","Explosion/Explosion_Shroom/Spawners/Explosion_Shroom_Shockwave_Linger","Server/Particles/Explosion/Explosion_Shroom/Spawners/Explosion_Shroom_Shockwave_Linger.particlespawner","3246","4A937C08C11B416D731E6CB2432FAD96A6D756D966D0CB79792261923D2E8F78"
"particle-spawners","Explosion_Shroom_Shockwave_Small","Explosion/Explosion_Shroom/Spawners/Explosion_Shroom_Shockwave_Small","Server/Particles/Explosion/Explosion_Shroom/Spawners/Explosion_Shroom_Shockwave_Small.particlespawner","3082","2848258A65ECEDCB7BD75FC7B4DAD8A95F91C33DA483D41709BAFD41D0568DCB"
"particle-spawners","Explosion_Shroom_Shockwave3","Explosion/Explosion_Shroom/Spawners/Explosion_Shroom_Shockwave3","Server/Particles/Explosion/Explosion_Shroom/Spawners/Explosion_Shroom_Shockwave3.particlespawner","3050","DB53F1D7DB506644A2CA1AE80CE78144FBFD4F6172729EEE06DEFD8B6ACE2C01"
"particle-spawners","Explosion_Shroom_Sparks","Explosion/Explosion_Shroom/Spawners/Explosion_Shroom_Sparks","Server/Particles/Explosion/Explosion_Shroom/Spawners/Explosion_Shroom_Sparks.particlespawner","2136","646FD7C0B62E83A70424CBB7F8BDD409A26AED56DDD41B2AAF122C162D6E09ED"
"particle-spawners","Explosion_Shroom_Sparks_Linger","Explosion/Explosion_Shroom/Spawners/Explosion_Shroom_Sparks_Linger","Server/Particles/Explosion/Explosion_Shroom/Spawners/Explosion_Shroom_Sparks_Linger.particlespawner","2178","C925ED623B5F400A9E2FD932C1421C6FE4E89C3E2A3B853599563473C0169E89"
"particle-spawners","Explosion_Shroom_Sparks_Small","Explosion/Explosion_Shroom/Spawners/Explosion_Shroom_Sparks_Small","Server/Particles/Explosion/Explosion_Shroom/Spawners/Explosion_Shroom_Sparks_Small.particlespawner","2136","1DBA76AB375303E44F6331DD42217079077E8A2B92D32E67D3C17AF688C386DF"
"particle-spawners","Explosion_Small_Flash_Glow","Explosion/Explosion_Small/Spawners/Explosion_Small_Flash_Glow","Server/Particles/Explosion/Explosion_Small/Spawners/Explosion_Small_Flash_Glow.particlespawner","2542","8EBD6493CE5DBE430460DAFBD36CC24590745CA003CC95C80B224DA1677563B7"
"particle-spawners","Explosion_Small_Glow","Explosion/Explosion_Small/Spawners/Explosion_Small_Glow","Server/Particles/Explosion/Explosion_Small/Spawners/Explosion_Small_Glow.particlespawner","2829","2B99C6E997C87EC8AC3D4D1DFAE1FCF8CCEBF584D367F8DE45BC4DAA495FE4D9"
"particle-spawners","Explosion_Small_Hot","Explosion/Explosion_Small/Spawners/Explosion_Small_Hot","Server/Particles/Explosion/Explosion_Small/Spawners/Explosion_Small_Hot.particlespawner","2148","D451BB1CDEB126C5562F90656047891BC7F5698051EF03AAD1F18A0B78F0FA49"
"particle-spawners","Explosion_Small_Shockwave","Explosion/Explosion_Small/Spawners/Explosion_Small_Shockwave","Server/Particles/Explosion/Explosion_Small/Spawners/Explosion_Small_Shockwave.particlespawner","3008","A3F0F4A6D2C7CCE1643AF4F8EE6DE846E17FEC8F18E6C117BB123D50121A6910"
"particle-spawners","Explosion_Small_Smoke_Main","Explosion/Explosion_Small/Spawners/Explosion_Small_Smoke_Main","Server/Particles/Explosion/Explosion_Small/Spawners/Explosion_Small_Smoke_Main.particlespawner","2591","8E7B48739D7D8937433076A17ECB2AD523832B3519F0357EAC4E61468D7E5AD9"
"particle-spawners","Explosion_Small_Smoke_Side","Explosion/Explosion_Small/Spawners/Explosion_Small_Smoke_Side","Server/Particles/Explosion/Explosion_Small/Spawners/Explosion_Small_Smoke_Side.particlespawner","2459","660C364F2E743A4D3C6400657EE0D90350DDF33B77FC60CF9FB22491E8C4E849"
"particle-spawners","Explosion_Small_Sparks_Linger","Explosion/Explosion_Small/Spawners/Explosion_Small_Sparks_Linger","Server/Particles/Explosion/Explosion_Small/Spawners/Explosion_Small_Sparks_Linger.particlespawner","2930","F0ACAB5C249B671ADCA061F05E1C966A3D6D52BF872D3D10A07AD56729DC4594"
"particle-spawners","Explosion_Small_Sparks_Out","Explosion/Explosion_Small/Spawners/Explosion_Small_Sparks_Out","Server/Particles/Explosion/Explosion_Small/Spawners/Explosion_Small_Sparks_Out.particlespawner","2509","194C5888DCBABF1683B5AF9E52415CBFB0EBD5A8AB1F44040412FA85CB3F465A"
"particle-spawners","Indicator_Arrow","Indicators/Arrows/Indicator_Arrow","Server/Particles/Indicators/Arrows/Indicator_Arrow.particlespawner","1394","8333E2B4CDD86C1C11AFAA83710D020F88DE91DDE90BBF32E0B5E51347CE5310"
"particle-spawners","Indicator_Chevron3","Indicators/Arrows/Indicator_Chevron3","Server/Particles/Indicators/Arrows/Indicator_Chevron3.particlespawner","1397","71A452BDBFC10B9ED32F0C10C7132003F621E353AFF270EB5C264A909189A4A9"
"particle-spawners","Debug_Spawner_Locator","Indicators/Debug/Spawners/Debug_Spawner_Locator","Server/Particles/Indicators/Debug/Spawners/Debug_Spawner_Locator.particlespawner","1756","72FAA8658D4D9EFE15CC68434EF8F82C130452D9D874869BF1B301C78505BD33"
"particle-spawners","Indicator_PieTimer8_Reverse","Indicators/Timers/Indicator_PieTimer8_Reverse","Server/Particles/Indicators/Timers/Indicator_PieTimer8_Reverse.particlespawner","3409","D3D00C64274C2A216A4D56EF795BCC28BD52A86F4D6D5A24CACE9CCBD4C9F82A"
"particle-spawners","Vapor_Water","Item/Bench/Workbench_Cooking/Spawners/Vapor_Water","Server/Particles/Item/Bench/Workbench_Cooking/Spawners/Vapor_Water.particlespawner","2688","F4B178B81A4209697C5CB609F9AE346F83F21D717EB80442EC5C29831292DEA8"
"particle-spawners","Water_Splash_Cooking","Item/Bench/Workbench_Cooking/Spawners/Water_Splash_Cooking","Server/Particles/Item/Bench/Workbench_Cooking/Spawners/Water_Splash_Cooking.particlespawner","2660","154C6CD913500CEC317DAD22F7474CD3A873048F4A3D70F8BC3ADE06CF88CA35"
"particle-spawners","Workbench_Chop","Item/Bench/Workbench_Cooking/Spawners/Workbench_Chop","Server/Particles/Item/Bench/Workbench_Cooking/Spawners/Workbench_Chop.particlespawner","2042","79FDDDB6FA2545D14163C062F3FE1D88021531E7C85D7C51DA96C0299B089F37"
"particle-spawners","Sparks_Directional_Salvage","Item/Bench/Workbench_Salvage/Spawners/Sparks_Directional_Salvage","Server/Particles/Item/Bench/Workbench_Salvage/Spawners/Sparks_Directional_Salvage.particlespawner","2425","F66AF53CA2B6A6BD980D8350342285BBF3E7EA3AAF4608EF7493BBD845ABCB89"
"particle-spawners","Impact_Workbench","Item/Bench/Workbench_Weapon/Spawners/Impact_Workbench","Server/Particles/Item/Bench/Workbench_Weapon/Spawners/Impact_Workbench.particlespawner","1380","C0300BDC7E07AACE7383AE85E126863DDAFF86493A0F68885F07286221581337"
"particle-spawners","Sparks_Workbench","Item/Bench/Workbench_Weapon/Spawners/Sparks_Workbench","Server/Particles/Item/Bench/Workbench_Weapon/Spawners/Sparks_Workbench.particlespawner","2591","2E6B276D9945C18DACDC5AEBBA051625D05505DF8692099D4645A1A6EF678318"
"particle-spawners","Craft_Lines","Item/Bench/Workbench/Spawners/Craft_Lines","Server/Particles/Item/Bench/Workbench/Spawners/Craft_Lines.particlespawner","2352","1B1E89EFEB878A40DE04BCAC1F3E6E35DC43036BC59B2C9A4E0CD4E45A14F984"
"particle-spawners","DustCloud_Cartoon","Item/Bench/Workbench/Spawners/DustCloud_Cartoon","Server/Particles/Item/Bench/Workbench/Spawners/DustCloud_Cartoon.particlespawner","2345","E154E8F2BCA4C89D0E1AC2584C1E23C5AC5178990D3B61E52896ED05DB794E36"
"particle-spawners","Star_Cartoon","Item/Bench/Workbench/Spawners/Star_Cartoon","Server/Particles/Item/Bench/Workbench/Spawners/Star_Cartoon.particlespawner","2393","8B989E2B62672742A1DCB916BD26D4BE3B3330BF03BFB378DCF0FFEC6625DD52"
"particle-spawners","Candle_Fire_Center","Item/Candle/Spawners/Candle_Fire_Center","Server/Particles/Item/Candle/Spawners/Candle_Fire_Center.particlespawner","2397","B1D4809CACA7435BCB4167F95314E11DE6C3CD5CA2D60437F27837E6DDC8BC62"
"particle-spawners","Candle_Fire_Start","Item/Candle/Spawners/Candle_Fire_Start","Server/Particles/Item/Candle/Spawners/Candle_Fire_Start.particlespawner","2370","97877D9DB3CDD81EE752A3492DC1B99454B7C9D583E8A8728ACA85F35592E64F"
"particle-spawners","Candle_Fire_White","Item/Candle/Spawners/Candle_Fire_White","Server/Particles/Item/Candle/Spawners/Candle_Fire_White.particlespawner","2036","C008809D97B2E8F982EAF4C28CD338070D14070489E44485312EB214D74F4B7F"
"particle-spawners","Bubbles_Corrupted","Item/Cauldron/Bubbles_Corrupted","Server/Particles/Item/Cauldron/Bubbles_Corrupted.particlespawner","2405","C1B65B49316A5E61EE36859418EDE2E06275B89D47C3AEC36721C73F3A6179F5"
"particle-spawners","Drill_Debris","Item/Drill/Spawners/Drill_Debris","Server/Particles/Item/Drill/Spawners/Drill_Debris.particlespawner","2634","414F6670F55E2CE33E9FFD3BE2552DF7F514FD41BA783789AEFBF523FB62C7FD"
"particle-spawners","Drill_Distortion","Item/Drill/Spawners/Drill_Distortion","Server/Particles/Item/Drill/Spawners/Drill_Distortion.particlespawner","1712","C8B20ABD3200248161912061702AB1FDB0B3BB3DD8B6688B6D81D10047CB4EE6"
"particle-spawners","Drill_Smoke_Front","Item/Drill/Spawners/Drill_Smoke_Front","Server/Particles/Item/Drill/Spawners/Drill_Smoke_Front.particlespawner","2665","B74F4C4F65F9C33E2869FE7F488B57FB168F838456F7F288107302C911BAC3A2"
"particle-spawners","Drill_Smoke_Linger","Item/Drill/Spawners/Drill_Smoke_Linger","Server/Particles/Item/Drill/Spawners/Drill_Smoke_Linger.particlespawner","3167","B57AC710D890D7206DB154454E605602934BDB6C922BD95FD28EE9F6B13BD9F2"
"particle-spawners","Drill_Smoke_Side","Item/Drill/Spawners/Drill_Smoke_Side","Server/Particles/Item/Drill/Spawners/Drill_Smoke_Side.particlespawner","2780","ECC509B52E5A47DF95A2035D0E5181726694CD93F91C58C87A0E61AF10296D61"
"particle-spawners","Drill_Sparks_Linger","Item/Drill/Spawners/Drill_Sparks_Linger","Server/Particles/Item/Drill/Spawners/Drill_Sparks_Linger.particlespawner","2913","E16EE4FC83336455F962297DBEED7826016D3174BFAC898F93EA2A16BCE7C88B"
"particle-spawners","Drill_Swoosh","Item/Drill/Spawners/Drill_Swoosh","Server/Particles/Item/Drill/Spawners/Drill_Swoosh.particlespawner","2690","69CBE4528F88F4874DACE512B8559C634DFA6B94E9B7197BF57A54CB83CFB801"
"particle-spawners","Fire_Center_Green","Item/Fire_Green/Spawners/Fire_Center_Green","Server/Particles/Item/Fire_Green/Spawners/Fire_Center_Green.particlespawner","2557","DD56DC4F5787133E8DA2A1FF53C76929D7D480C06BB45D364765294B6CFCB990"
"particle-spawners","Fire_Green_Smoke","Item/Fire_Green/Spawners/Fire_Green_Smoke","Server/Particles/Item/Fire_Green/Spawners/Fire_Green_Smoke.particlespawner","3038","D2E9F2CFB362BC758663F960FE54139BFD33F10FA70E537B646D2B95CC92E9C9"
"particle-spawners","Fire_Sparks_Green","Item/Fire_Green/Spawners/Fire_Sparks_Green","Server/Particles/Item/Fire_Green/Spawners/Fire_Sparks_Green.particlespawner","2855","083224DE6851DF444710FB28FE0208D5ECDA7FF80BB5172C8D1C7FA750FEED19"
"particle-spawners","Fire_Up_Green","Item/Fire_Green/Spawners/Fire_Up_Green","Server/Particles/Item/Fire_Green/Spawners/Fire_Up_Green.particlespawner","3544","446DD59337B5A9BDFD7614CE21D009E705EF108785ED1ED85D8C6859028A0451"
"particle-spawners","Fire_Center_Teal","Item/Fire_Teal/Spawners/Fire_Center_Teal","Server/Particles/Item/Fire_Teal/Spawners/Fire_Center_Teal.particlespawner","2745","B7E277E5DE622DE4F1FFF45A97135F41BF4DC22DEACCAD4BABC8A1D638FFF90D"
"particle-spawners","Fire_Sparks_Up_Teal","Item/Fire_Teal/Spawners/Fire_Sparks_Up_Teal","Server/Particles/Item/Fire_Teal/Spawners/Fire_Sparks_Up_Teal.particlespawner","2864","7716F2D31A4369EE88ECE504462C1315BA3B875D682E39986684EE20C8C95049"
"particle-spawners","Fire_Up_Teal","Item/Fire_Teal/Spawners/Fire_Up_Teal","Server/Particles/Item/Fire_Teal/Spawners/Fire_Up_Teal.particlespawner","3532","2BAD4484A739B99F29A0BDAE88D9F1722F0E835063DFE9AC0C1B7227FA6E4A86"
"particle-spawners","Fire_Blue_Smoke","Item/Fireplace_Blue/Spawners/Fire_Blue_Smoke","Server/Particles/Item/Fireplace_Blue/Spawners/Fire_Blue_Smoke.particlespawner","3038","B77989A9015D5232A225146F8CB7476D11F1F95E573C79F44F4FCBBFB1554042"
"particle-spawners","Fire_Center_Blue","Item/Fireplace_Blue/Spawners/Fire_Center_Blue","Server/Particles/Item/Fireplace_Blue/Spawners/Fire_Center_Blue.particlespawner","2546","26272AE1FCCE8E9F85B19F1EF25775857544AD19C3029BF0D2536F876CE450D9"
"particle-spawners","Fire_Sparks_Blue","Item/Fireplace_Blue/Spawners/Fire_Sparks_Blue","Server/Particles/Item/Fireplace_Blue/Spawners/Fire_Sparks_Blue.particlespawner","2839","633CC2C2EEF4D54AA18F45FE67472856751696447F78DD438FFAFA0AECE330CB"
"particle-spawners","Fire_Up_Blue","Item/Fireplace_Blue/Spawners/Fire_Up_Blue","Server/Particles/Item/Fireplace_Blue/Spawners/Fire_Up_Blue.particlespawner","3535","F1C5467B28F1835C83484BF25787CADD3CBBA031533726FC665CF7FC6E169516"
"particle-spawners","Fire_Center","Item/Fireplace/Spawners/Fire_Center","Server/Particles/Item/Fireplace/Spawners/Fire_Center.particlespawner","2551","45B003D291155D666B06CC3570576C96548C9C94215B8B52C89662ABE4310E8D"
"particle-spawners","Fire_Center_GS","Item/Fireplace/Spawners/Fire_Center_GS","Server/Particles/Item/Fireplace/Spawners/Fire_Center_GS.particlespawner","2745","8DA6EC02A0B02AE686648E1176A5BDF11FD7C7F987A88B0722B416E754C78D45"
"particle-spawners","Fire_Center_White","Item/Fireplace/Spawners/Fire_Center_White","Server/Particles/Item/Fireplace/Spawners/Fire_Center_White.particlespawner","2548","20C8C3B9D778EEED9802185C22F1F8D59AE4EDED94D27D6B99DB3EB92784A18C"
"particle-spawners","Fire_Up","Item/Fireplace/Spawners/Fire_Up","Server/Particles/Item/Fireplace/Spawners/Fire_Up.particlespawner","3403","B651FB8327B9800B75862D6C460B2B7C31060E877DC94C690D065BC7B94D4744"
"particle-spawners","Fire_Up_GS","Item/Fireplace/Spawners/Fire_Up_GS","Server/Particles/Item/Fireplace/Spawners/Fire_Up_GS.particlespawner","3532","C91344C74829226A804BD2CDC13895DDB4233F0513C60657326A6E8D5A54AA43"
"particle-spawners","Fireplace_Distortion","Item/Fireplace/Spawners/Fireplace_Distortion","Server/Particles/Item/Fireplace/Spawners/Fireplace_Distortion.particlespawner","3082","117A8227C640EE8B3A1E18FB032D73DBBF685AB13BCBD78A9C256DDFF6993E9F"
"particle-spawners","Fireplace_Smoke_Cartoon","Item/Fireplace/Spawners/Fireplace_Smoke_Cartoon","Server/Particles/Item/Fireplace/Spawners/Fireplace_Smoke_Cartoon.particlespawner","3039","213A000DEB32D3C654D8500E856B4A10897482C33FB3ABF8F55C5FA4431796E4"
"particle-spawners","Fireplace_Smoke_Smooth","Item/Fireplace/Spawners/Fireplace_Smoke_Smooth","Server/Particles/Item/Fireplace/Spawners/Fireplace_Smoke_Smooth.particlespawner","3037","FA42199382D383D5401A497953EF0F5BCE9577D4FD61B19383F580B9F14758D4"
"particle-spawners","Fireplace_Smoke_Smooth2","Item/Fireplace/Spawners/Fireplace_Smoke_Smooth2","Server/Particles/Item/Fireplace/Spawners/Fireplace_Smoke_Smooth2.particlespawner","3038","214DA2A4750781EB7B6612448BF929A433420FEA704B483651903AF3A8E71EE2"
"particle-spawners","Fireplace_Sparks_Up","Item/Fireplace/Spawners/Fireplace_Sparks_Up","Server/Particles/Item/Fireplace/Spawners/Fireplace_Sparks_Up.particlespawner","2771","80E4EF0EC2F536E63D03833EDCBC39D958A2F5D3713D85FB9080D38C1DF6F880"
"particle-spawners","Fireplace_Sparks_UP_GS","Item/Fireplace/Spawners/Fireplace_Sparks_UP_GS","Server/Particles/Item/Fireplace/Spawners/Fireplace_Sparks_UP_GS.particlespawner","2863","D36CC53084030AA89501BE3D4612B0241F6307DED93D7E4FFE4AAAE4FA597D45"
"particle-spawners","Fluid_Fire_Center","Item/Fireplace/Spawners/Fluid_Fire_Center","Server/Particles/Item/Fireplace/Spawners/Fluid_Fire_Center.particlespawner","2551","5F3031051D2986968E93645B872E774BC6BDC40A55008E86765D10F97578A4B5"
"particle-spawners","Fluid_Fire_Smoke_Cartoon","Item/Fireplace/Spawners/Fluid_Fire_Smoke_Cartoon","Server/Particles/Item/Fireplace/Spawners/Fluid_Fire_Smoke_Cartoon.particlespawner","3047","7C9A9998AAD987C3CE7AE03D85A5393D42205299360873BF8C6D2103C38474C0"
"particle-spawners","Fluid_Fire_Up","Item/Fireplace/Spawners/Fluid_Fire_Up","Server/Particles/Item/Fireplace/Spawners/Fluid_Fire_Up.particlespawner","3407","2C3E6975A265DF2B61505381E9654A8FB9D8B26B38E64BF4D519B12291F705BB"
"particle-spawners","Food_Eat_Chunks","Item/Food/Spawners/Food_Eat_Chunks","Server/Particles/Item/Food/Spawners/Food_Eat_Chunks.particlespawner","2320","000BE60E5BABC7AF79B46108B06BF5527E8D00F8B1EF0D98824E622F8AFDEE40"
"particle-spawners","Food_Eat_Drops","Item/Food/Spawners/Food_Eat_Drops","Server/Particles/Item/Food/Spawners/Food_Eat_Drops.particlespawner","2181","D2A608AFC489723EC5AEBCD99ECF4A705BC92690A9FD93FD7A313ABDDF3DACB5"
"particle-spawners","Furnace_Smoke","Item/Furnace/Furnace_Smoke","Server/Particles/Item/Furnace/Furnace_Smoke.particlespawner","2768","F26391D99CBC7D25B4B8C190AFC54F6B5C952D977E6D87C7A15543532E688B1F"
"particle-spawners","Furnace_Sparks","Item/Furnace/Spawners/Furnace_Sparks","Server/Particles/Item/Furnace/Spawners/Furnace_Sparks.particlespawner","2728","31943DFB78ED433810551DC2958536CA3091390A45BAF1444BD457FAD8821BBC"
"particle-spawners","Fuse_Bomb_Glow","Item/Fuse_Bomb/Spawners/Fuse_Bomb_Glow","Server/Particles/Item/Fuse_Bomb/Spawners/Fuse_Bomb_Glow.particlespawner","2426","1FE8470437956635B97C1DDA91057121B47305B53471E228D2A21F080226FE28"
"particle-spawners","Fuse_Bomb_Sparks","Item/Fuse_Bomb/Spawners/Fuse_Bomb_Sparks","Server/Particles/Item/Fuse_Bomb/Spawners/Fuse_Bomb_Sparks.particlespawner","3005","274AD6113784C90895882988CA775A75A8D9131FDA9649DE925966FC17A13564"
"particle-spawners","Generator_Glow_Up","Item/Generator/Spawners/Generator_Glow_Up","Server/Particles/Item/Generator/Spawners/Generator_Glow_Up.particlespawner","2621","FCA6304BE39467959EC8A17A782E7F797CC72AF40D826BB7186A9701DC655B55"
"particle-spawners","Generator_Lightning","Item/Generator/Spawners/Generator_Lightning","Server/Particles/Item/Generator/Spawners/Generator_Lightning.particlespawner","2816","3C3C884225977AB80D8EAF306A3081ACE362BB8D39A783C0E735905BD4DBB731"
"particle-spawners","Generator_Pulse","Item/Generator/Spawners/Generator_Pulse","Server/Particles/Item/Generator/Spawners/Generator_Pulse.particlespawner","1345","339B5E8CE0E351D9814630C9420983852BD45846AD066E6FB378746112162B6E"
"particle-spawners","Generator_Shockwave","Item/Generator/Spawners/Generator_Shockwave","Server/Particles/Item/Generator/Spawners/Generator_Shockwave.particlespawner","1820","BE8C350DF6F5C2F8D63DD3034C6A2E4220E88B6355BE265D621A12EE38882945"
"particle-spawners","Generator_Shockwave_Distortion","Item/Generator/Spawners/Generator_Shockwave_Distortion","Server/Particles/Item/Generator/Spawners/Generator_Shockwave_Distortion.particlespawner","2805","18A2C495FCC1303330213282D705F2B87C74B3FA914C1DA9920279B6787C0891"
"particle-spawners","Generator_Sparks","Item/Generator/Spawners/Generator_Sparks","Server/Particles/Item/Generator/Spawners/Generator_Sparks.particlespawner","2725","36F3EA49CB25D5CAD308F38E4165B82E2C1DEBC313A5A8D0BE63965552056CAA"
"particle-spawners","Generator_Sparks_Linger","Item/Generator/Spawners/Generator_Sparks_Linger","Server/Particles/Item/Generator/Spawners/Generator_Sparks_Linger.particlespawner","2799","325346DC9F65609F45E40F1204A23423B17809A7B45573B4F5C9251EDAA3B2E5"
"particle-spawners","Butterflies_Harvest","Item/Harvest_Plush/Spawners/Butterflies_Harvest","Server/Particles/Item/Harvest_Plush/Spawners/Butterflies_Harvest.particlespawner","7119","5D555DA2A8AF57C354D9E7ED443E5772CF9C9F63A6610465543BBF8DFCE369EE"
"particle-spawners","Harvest_Sparks","Item/Harvest_Plush/Spawners/Harvest_Sparks","Server/Particles/Item/Harvest_Plush/Spawners/Harvest_Sparks.particlespawner","2639","36CA42687A25DAA8F42C9932B540D526ACF7C94BE9D4FF2156B7971D2E0739AA"
"particle-spawners","Plush_Flowers","Item/Harvest_Plush/Spawners/Plush_Flowers","Server/Particles/Item/Harvest_Plush/Spawners/Plush_Flowers.particlespawner","2662","AC972ADD7BD60A54E6402714D8425C1ED22E7B1DE14262C896CDACC037D6EE90"
"particle-spawners","Earth_Brazier_Glow","Item/Lantern/Spawners/Earth_Brazier_Glow","Server/Particles/Item/Lantern/Spawners/Earth_Brazier_Glow.particlespawner","2119","08739F3B9F434095CA266DC3CB7DD2F4EA114B5FB29CD47B77DCFDAB414D2482"
"particle-spawners","Kweebec_Lantern_Fireflies","Item/Lantern/Spawners/Kweebec_Lantern_Fireflies","Server/Particles/Item/Lantern/Spawners/Kweebec_Lantern_Fireflies.particlespawner","2898","7635ABE36D45F77DE6A681F4AB25926B3751970D0E098F2999A162E1CA9E6E1A"
"particle-spawners","Kweebec_Lantern_Fireflies_Start","Item/Lantern/Spawners/Kweebec_Lantern_Fireflies_Start","Server/Particles/Item/Lantern/Spawners/Kweebec_Lantern_Fireflies_Start.particlespawner","2902","F08CB56EFCC62F06A8F7B3A6FD8E7D220EF46E5248073FA21102F7AE6A6E2807"
"particle-spawners","Temple_Lantern_Sparks","Item/Lantern/Spawners/Temple_Lantern_Sparks","Server/Particles/Item/Lantern/Spawners/Temple_Lantern_Sparks.particlespawner","2636","37E15D561BE8DAE74AE3ECFA14A63B50A9FFD5635E9BFD4EC2851DB3FEE3A5B0"
"particle-spawners","Bubbles_Breathing","Item/Plants/Spawners/Bubbles_Breathing","Server/Particles/Item/Plants/Spawners/Bubbles_Breathing.particlespawner","2616","ED205D9681D25E71934E84F117D657E75BDCFCBA51EC5A4B2A3FD2CC3C7648F0"
"particle-spawners","Bubbles_Breathing_Spread","Item/Plants/Spawners/Bubbles_Breathing_Spread","Server/Particles/Item/Plants/Spawners/Bubbles_Breathing_Spread.particlespawner","2621","B3CB6CB5EC828246A7319A2FA8CB274742ADE0943CCA4F32BFD515C1AEEF9C9A"
"particle-spawners","BubbleStream_Underwater","Item/Plants/Spawners/BubbleStream_Underwater","Server/Particles/Item/Plants/Spawners/BubbleStream_Underwater.particlespawner","2675","121C16727191EB45CE0E3B2FD422D395A646237E316F4B93AC3B6E51FA2D25C3"
"particle-spawners","Health_SmallSparks","Item/Plants/Spawners/Health_SmallSparks","Server/Particles/Item/Plants/Spawners/Health_SmallSparks.particlespawner","2715","36FD59611555E822E0659E31B2DED4E28FDBC26E6CBED4285B18D6CD973507C1"
"particle-spawners","Health_SmallSparksGlow","Item/Plants/Spawners/Health_SmallSparksGlow","Server/Particles/Item/Plants/Spawners/Health_SmallSparksGlow.particlespawner","2715","8589DD569CBE5F2056FA53561053BA2A9B5200038EFC056D25C29EE727D89280"
"particle-spawners","Mana_Sparks","Item/Plants/Spawners/Mana_Sparks","Server/Particles/Item/Plants/Spawners/Mana_Sparks.particlespawner","2571","B58AAB8DC794E027EDFB7E1D112C6043DF59718BA75A2C124ED7774EFB56DC5D"
"particle-spawners","Mana_SparksGlow","Item/Plants/Spawners/Mana_SparksGlow","Server/Particles/Item/Plants/Spawners/Mana_SparksGlow.particlespawner","2570","88EB6FF40EE6111A93D4435B55682E1816C34AEA2F1491891179A8F315974C64"
"particle-spawners","Plant_Eternal","Item/Plants/Spawners/Plant_Eternal","Server/Particles/Item/Plants/Spawners/Plant_Eternal.particlespawner","2026","D1B6AEF8AC50CEEB032F1E1ECC7117192762B596E8A6A1F283BA479878B2FDE0"
"particle-spawners","Plant_Glow","Item/Plants/Spawners/Plant_Glow","Server/Particles/Item/Plants/Spawners/Plant_Glow.particlespawner","2317","077C552BDBFE526AC08084AC83483FB8585E9C73C67E8010887488F641EEC145"
"particle-spawners","Recover_Air","Item/Plants/Spawners/Recover_Air","Server/Particles/Item/Plants/Spawners/Recover_Air.particlespawner","2795","3FA456FA9025F5841BED216EEE10DD92AA77C28EC591B6C519B52FF339451D28"
"particle-spawners","Seeds_Eternal","Item/Plants/Spawners/Seeds_Eternal","Server/Particles/Item/Plants/Spawners/Seeds_Eternal.particlespawner","1983","C60C99C90977C5AB83F6CE925C3DC205E3965A6C4603333542B39209DE327A9E"
"particle-spawners","Stamina_SmallSparks","Item/Plants/Spawners/Stamina_SmallSparks","Server/Particles/Item/Plants/Spawners/Stamina_SmallSparks.particlespawner","2789","9E7BC074CBBADF80DDF2CB9BA2660C2533BC04D39E0227FCD0FE099CA5FAF0B4"
"particle-spawners","Stamina_SmallSparksGlow","Item/Plants/Spawners/Stamina_SmallSparksGlow","Server/Particles/Item/Plants/Spawners/Stamina_SmallSparksGlow.particlespawner","2789","838072EB109753078413119F889BAD68EEBC3D6B70D717A90D184BDA3F6843F5"
"particle-spawners","Item_Break_GlassPotion_Bits","Item/Potion/Spawners/Item_Break_GlassPotion_Bits","Server/Particles/Item/Potion/Spawners/Item_Break_GlassPotion_Bits.particlespawner","3102","EB8F0B7276F8820A1A05FFA1C74696585F27350EF9D7EC1888B774E5E7BDC205"
"particle-spawners","Item_Break_GlassPotion_Bubbles","Item/Potion/Spawners/Item_Break_GlassPotion_Bubbles","Server/Particles/Item/Potion/Spawners/Item_Break_GlassPotion_Bubbles.particlespawner","1921","62FA0F41B70CB2DAB91A71DF87B371D52F9CA3863263B7046C58737429632A4E"
"particle-spawners","Item_Break_GlassPotion_Drops","Item/Potion/Spawners/Item_Break_GlassPotion_Drops","Server/Particles/Item/Potion/Spawners/Item_Break_GlassPotion_Drops.particlespawner","2221","DDC4D218AFC5A60A42495BFCBD5864BF772E36C74A3DFB67FEE109C5104ED23A"
"particle-spawners","Item_Break_GlassPotion_Drops2","Item/Potion/Spawners/Item_Break_GlassPotion_Drops2","Server/Particles/Item/Potion/Spawners/Item_Break_GlassPotion_Drops2.particlespawner","2083","8C353F41C04D127FE2871B239DAB4449E24704774C409B05DCA9EA6F7A747EE8"
"particle-spawners","Item_Break_GlassPotion_Puddle","Item/Potion/Spawners/Item_Break_GlassPotion_Puddle","Server/Particles/Item/Potion/Spawners/Item_Break_GlassPotion_Puddle.particlespawner","1887","A2AD4B634D5014FEA3DBB73B65D0BB3EA854116DAEEFD25BB6F4A9F86070E5DE"
"particle-spawners","Item_Break_GlassPotion_Shards","Item/Potion/Spawners/Item_Break_GlassPotion_Shards","Server/Particles/Item/Potion/Spawners/Item_Break_GlassPotion_Shards.particlespawner","2763","20F3356C472019B7829AC06EABE9815B9AEC510B27B719102705316C3E6857C1"
"particle-spawners","Item_Break_GlassPotion_Shards_Erosion","Item/Potion/Spawners/Item_Break_GlassPotion_Shards_Erosion","Server/Particles/Item/Potion/Spawners/Item_Break_GlassPotion_Shards_Erosion.particlespawner","2766","A2941A6D767180FDBA515A94572F3C36C1D57CEBBF664E5C84E834A2D7F19B81"
"particle-spawners","Item_Break_GlassPotion_Skull","Item/Potion/Spawners/Item_Break_GlassPotion_Skull","Server/Particles/Item/Potion/Spawners/Item_Break_GlassPotion_Skull.particlespawner","2244","64935136ECFFD60E9F2E1273EF7BAA46945D70BD735AE4D01CCF85E6FC97B7C1"
"particle-spawners","Item_Break_GlassPotion_Smoke","Item/Potion/Spawners/Item_Break_GlassPotion_Smoke","Server/Particles/Item/Potion/Spawners/Item_Break_GlassPotion_Smoke.particlespawner","1437","2DD5BE8F9EF58C4387A702FCA1088C3BB0651D2BA9C664A3839A7C22D84D7508"
"particle-spawners","Item_Break_GlassPotion_Stars","Item/Potion/Spawners/Item_Break_GlassPotion_Stars","Server/Particles/Item/Potion/Spawners/Item_Break_GlassPotion_Stars.particlespawner","2862","6E5855CB33B308E83F1A05BCB2D3A6056D33F4B3E9FFDD9BA80E5E36E4956727"
"particle-spawners","Item_Break_GlassPotionSmall_Puddle","Item/Potion/Spawners/Item_Break_GlassPotionSmall_Puddle","Server/Particles/Item/Potion/Spawners/Item_Break_GlassPotionSmall_Puddle.particlespawner","1886","FFBC55A1129496D7E838A2D77E463D2E5323E5D164BE52606C6273E044BE910C"
"particle-spawners","Item_Break_GlassPotionSmall_Shards","Item/Potion/Spawners/Item_Break_GlassPotionSmall_Shards","Server/Particles/Item/Potion/Spawners/Item_Break_GlassPotionSmall_Shards.particlespawner","2760","1E1F91EB50F65EC36BA84DD569DC7B224EB5D3FD1937ACD9BD622C04CB417FF1"
"particle-spawners","Item_Break_GlassPotionSmall_Smoke","Item/Potion/Spawners/Item_Break_GlassPotionSmall_Smoke","Server/Particles/Item/Potion/Spawners/Item_Break_GlassPotionSmall_Smoke.particlespawner","1434","3B3780FEE9E3AA66AF0D16FAE858A6D63F8BA0E7781BCE1C70CE1B44D0ED3452"
"particle-spawners","Item_BreakPotion_MagicRays","Item/Potion/Spawners/Item_BreakPotion_MagicRays","Server/Particles/Item/Potion/Spawners/Item_BreakPotion_MagicRays.particlespawner","2330","DC9FB7ACABC5EA4D81ECA68D81E757BCA34A65831F7741556B83A6B15BC2171A"
"particle-spawners","Rocket_Flash","Item/RocketBoots/Spawners/Rocket_Flash","Server/Particles/Item/RocketBoots/Spawners/Rocket_Flash.particlespawner","1917","7FDDB659C360259C15D767805F1C7F1DDCDCA2E7DEF4FCA02753061AFAA5037F"
"particle-spawners","Scrap_Burst","Item/RocketBoots/Spawners/Scrap_Burst","Server/Particles/Item/RocketBoots/Spawners/Scrap_Burst.particlespawner","2651","8970FE0858A61171AF03434095B96CDDECC794534438716158162AC984903424"
"particle-spawners","Seed_Place_Dust","Item/Seeds/Seed_Place_Dust","Server/Particles/Item/Seeds/Seed_Place_Dust.particlespawner","2427","E0FA2506F895D22D341CF0B40A9F778FC514683179AF34F9793A415882E72F33"
"particle-spawners","Dungeon_Smoke_GS","Item/Smoke/Spawners/Dungeon_Smoke_GS","Server/Particles/Item/Smoke/Spawners/Dungeon_Smoke_GS.particlespawner","2348","47610483BC8DE50AB967D93D6E23F2A7F86146D3584EC6B18D8B7D62DEA65291"
"particle-spawners","ForgottenTemple_Sparks_Floor","Item/Smoke/Spawners/ForgottenTemple_Sparks_Floor","Server/Particles/Item/Smoke/Spawners/ForgottenTemple_Sparks_Floor.particlespawner","2009","54A9E7065CB9B882ED7489DF828CC812441AF8970C99391BCDD589C2C36E4E5B"
"particle-spawners","ForgottenTemple_Sparks_Roof","Item/Smoke/Spawners/ForgottenTemple_Sparks_Roof","Server/Particles/Item/Smoke/Spawners/ForgottenTemple_Sparks_Roof.particlespawner","2143","2D90C1ED8F6DB2F02EA04382B64E6FA1249022CA08C68A1E6CDB24613A69566E"
"particle-spawners","ForgottenTemple_Sparks_Twirl","Item/Smoke/Spawners/ForgottenTemple_Sparks_Twirl","Server/Particles/Item/Smoke/Spawners/ForgottenTemple_Sparks_Twirl.particlespawner","2004","4A4F26603078A85FC65C8AD079F150D86EDD25D851C671DFF05D15082A119EDA"
"particle-spawners","Smoke","Item/Smoke/Spawners/Smoke","Server/Particles/Item/Smoke/Spawners/Smoke.particlespawner","2256","89708A3BC4B3FF61419AF8B1FC83C89EC85E6063B861F60AD3DD4DA6BE13D160"
"particle-spawners","Smoke_Black","Item/Smoke/Spawners/Smoke_Black","Server/Particles/Item/Smoke/Spawners/Smoke_Black.particlespawner","3135","A65B9C13EBFD799774BC709D60B7638C013953453E209BABDD234494AA71DE14"
"particle-spawners","Smoke_ForgottenTemple_Floor","Item/Smoke/Spawners/Smoke_ForgottenTemple_Floor","Server/Particles/Item/Smoke/Spawners/Smoke_ForgottenTemple_Floor.particlespawner","2431","4F10943644A27266E5C479CBB4935D493F4C592E139F0290830ECC447F0F5D64"
"particle-spawners","Torch_Fire_Center","Item/Torch/Spawners/Torch_Fire_Center","Server/Particles/Item/Torch/Spawners/Torch_Fire_Center.particlespawner","2494","F4BE30ACD447134F3603B6C9F1AB73EAE866DEB9A0924A0B263BE8145EFF4CD2"
"particle-spawners","Torch_Fire_Center_Green","Item/Torch/Spawners/Torch_Fire_Center_Green","Server/Particles/Item/Torch/Spawners/Torch_Fire_Center_Green.particlespawner","2436","7C72DB8D131315F2A774813F53B294FE9A140CAB859C145EC3399DEDCBD56B67"
"particle-spawners","Torch_Fire_Up","Item/Torch/Spawners/Torch_Fire_Up","Server/Particles/Item/Torch/Spawners/Torch_Fire_Up.particlespawner","3551","D3D7C2A253C16ACD6DD48F10E2BC9612FD3123472C8DF34E29BD2663E43C6FA6"
"particle-spawners","Torch_Fire_Up_Green","Item/Torch/Spawners/Torch_Fire_Up_Green","Server/Particles/Item/Torch/Spawners/Torch_Fire_Up_Green.particlespawner","3558","389903267217B0080FF674B296DCFF45DADDE03295213CD3BF85DAAAB42107B7"
"particle-spawners","Torch_Smoke_Cartoon","Item/Torch/Spawners/Torch_Smoke_Cartoon","Server/Particles/Item/Torch/Spawners/Torch_Smoke_Cartoon.particlespawner","3039","143E477D7225CE7050E25DD0DBB051E3EB618E162482D92E1517EBC133DC40DD"
"particle-spawners","Torch_Smoke_Green","Item/Torch/Spawners/Torch_Smoke_Green","Server/Particles/Item/Torch/Spawners/Torch_Smoke_Green.particlespawner","3039","025F3CC1F9753C8224D1594357EDE2F0D1B7EEA9D9848D3277DFAAAF9FFFF20C"
"particle-spawners","Torch_Sparks_Green","Item/Torch/Spawners/Torch_Sparks_Green","Server/Particles/Item/Torch/Spawners/Torch_Sparks_Green.particlespawner","2852","FAF5074279DE445EA6977271259778BA5D63939A6E4EABECA51AD7721B4E05FA"
"particle-spawners","Torch_Sparks_Up","Item/Torch/Spawners/Torch_Sparks_Up","Server/Particles/Item/Torch/Spawners/Torch_Sparks_Up.particlespawner","2857","22C33053695CFE8999BF846FA832D22A4246046223F7E43E41665D004F20AC99"
"particle-spawners","Watering_Can_Hit","Item/WateringCan/Spawners/Watering_Can_Hit","Server/Particles/Item/WateringCan/Spawners/Watering_Can_Hit.particlespawner","2856","8ABD3EEF4E543837D5CB4190B517166F2A859AD3458DA0CB4DD064C0DBEEF49F"
"particle-spawners","Watering_Can_Splash","Item/WateringCan/Spawners/Watering_Can_Splash","Server/Particles/Item/WateringCan/Spawners/Watering_Can_Splash.particlespawner","1983","BAC860C61B4D260E34D6B3F123AF7D8B6300323916BC6460A11129DEA302C55F"
"particle-spawners","Watering_Can_Splash_Angle2","Item/WateringCan/Spawners/Watering_Can_Splash_Angle2","Server/Particles/Item/WateringCan/Spawners/Watering_Can_Splash_Angle2.particlespawner","2646","EA0CF51BDB6AF3AEC89DE296F21D6248C1C40A4135029D6301248AF7B483F1CC"
"particle-spawners","Watering_Can_Splash_Angle3","Item/WateringCan/Spawners/Watering_Can_Splash_Angle3","Server/Particles/Item/WateringCan/Spawners/Watering_Can_Splash_Angle3.particlespawner","2437","655235298A1091774CF32FF9E9507F05C8442FD333AC05DD72354FE75147A89B"
"particle-spawners","Willow_Fruit_Sparks","Item/Willow_Fruit/Willow_Fruit_Sparks","Server/Particles/Item/Willow_Fruit/Willow_Fruit_Sparks.particlespawner","2533","125AA2F436C680A83AE6ABD23B2CD5A56D3DE371C8A13423DD7A6E2EB53538F4"
"particle-spawners","ForgottenTemple_Bench_Distortion","Memories/Spawners/ForgottenTemple_Bench_Distortion","Server/Particles/Memories/Spawners/ForgottenTemple_Bench_Distortion.particlespawner","1951","B66A902B97747777D5BA47BFC21A01347A0D466EFF33E6BC60EDE49AD32B56F5"
"particle-spawners","Leaves_ForgottenTemple","Memories/Spawners/Leaves_ForgottenTemple","Server/Particles/Memories/Spawners/Leaves_ForgottenTemple.particlespawner","2908","49ADD1D0ADB47933E9B4E410AF6448ACBACA1214BC652E03A22529C50506AE9F"
"particle-spawners","Leaves_ForgottenTemple_Small","Memories/Spawners/Leaves_ForgottenTemple_Small","Server/Particles/Memories/Spawners/Leaves_ForgottenTemple_Small.particlespawner","2915","70CC2C857704376EBCACAC7191D5271C27E4FA5E936F921EE0A16FF4EAA09C14"
"particle-spawners","Memory_Bench_SparksVortex","Memories/Spawners/Memory_Bench_SparksVortex","Server/Particles/Memories/Spawners/Memory_Bench_SparksVortex.particlespawner","2390","81275BE35A521931B908D515192022863FC6378FFC8C87F45F5503F7D0638F35"
"particle-spawners","Memory_BubblePop","Memories/Spawners/Memory_BubblePop","Server/Particles/Memories/Spawners/Memory_BubblePop.particlespawner","2473","1EF0B347BE8EE2AC2E6E88ED633EE73759883E37E353EE9AB2107F3AB9639E53"
"particle-spawners","Memory_Catch_Flash","Memories/Spawners/Memory_Catch_Flash","Server/Particles/Memories/Spawners/Memory_Catch_Flash.particlespawner","2395","35F7F2854E876B9A8CAE5F9573B0BCA8C3975BD03E61BB5A2ECC615C802DCCC2"
"particle-spawners","Memory_Catch_FlashSpark","Memories/Spawners/Memory_Catch_FlashSpark","Server/Particles/Memories/Spawners/Memory_Catch_FlashSpark.particlespawner","1913","A360E4EAF9422BBC9DCF09531D54329FD4CEF0D7F9873579C4EEBFB26C13A487"
"particle-spawners","Memory_Catch_Fog","Memories/Spawners/Memory_Catch_Fog","Server/Particles/Memories/Spawners/Memory_Catch_Fog.particlespawner","2464","EC6FF10E49248EC9C1D480BEFC99BBF3714A0CF2DD04B416A56609B53AE30F41"
"particle-spawners","Memory_Catch_Rune","Memories/Spawners/Memory_Catch_Rune","Server/Particles/Memories/Spawners/Memory_Catch_Rune.particlespawner","1828","7292EFCD3E8A663D8C9C87DC2C45AF663C0980D6F5C37B5690DEF8533ECFF471"
"particle-spawners","Memory_Circle","Memories/Spawners/Memory_Circle","Server/Particles/Memories/Spawners/Memory_Circle.particlespawner","1906","408E6BC63C009EA120F3C23A64B8029B17B96E1DD9EB6963F1DF100B447E8C36"
"particle-spawners","Memory_Flash","Memories/Spawners/Memory_Flash","Server/Particles/Memories/Spawners/Memory_Flash.particlespawner","1963","733EBA7D6A43065085F2744169383F3CB2FE4F3EA7C566622F1688D4894EEA65"
"particle-spawners","Memory_Glow","Memories/Spawners/Memory_Glow","Server/Particles/Memories/Spawners/Memory_Glow.particlespawner","2322","08AC7CA819C1E855DFF77416A424A8C81B629213C368CA172CFB896EF00B6D58"
"particle-spawners","Memory_Glow2","Memories/Spawners/Memory_Glow2","Server/Particles/Memories/Spawners/Memory_Glow2.particlespawner","2853","9AE4A8CB396E57A6836698B1AAFDB4403995B3932D1183E2B01A56E462CD2601"
"particle-spawners","Memory_Implosion_Circle","Memories/Spawners/Memory_Implosion_Circle","Server/Particles/Memories/Spawners/Memory_Implosion_Circle.particlespawner","2372","1E01B3556A49AEDDEB31A31C4DA5ED82AA91F5BEE4B129E0F3E546C8EBD10C9F"
"particle-spawners","Memory_Implosion_Ground","Memories/Spawners/Memory_Implosion_Ground","Server/Particles/Memories/Spawners/Memory_Implosion_Ground.particlespawner","2347","842EDB3E368681AA2A164587B406CA9250996135842FB12D3683A57DE40BEDD1"
"particle-spawners","Memory_ImplosionEnd","Memories/Spawners/Memory_ImplosionEnd","Server/Particles/Memories/Spawners/Memory_ImplosionEnd.particlespawner","2357","F86AE43E8BF7994FB794DD1CA9E9FDA38B438A996E7A3FA1459D1BECBBE1BD67"
"particle-spawners","Memory_ImplosionStart","Memories/Spawners/Memory_ImplosionStart","Server/Particles/Memories/Spawners/Memory_ImplosionStart.particlespawner","2335","B633D344DDA1EC86A2BAB526A8BBB90F106134B045EAF5394DC870A3BB100511"
"particle-spawners","Memory_Projectile_Core","Memories/Spawners/Memory_Projectile_Core","Server/Particles/Memories/Spawners/Memory_Projectile_Core.particlespawner","1767","4B59C23342135E292DC3D6CD0AFDEB092ED96C7154DAF42027A35DB2B754BB1D"
"particle-spawners","Memory_Projetile_Sparks","Memories/Spawners/Memory_Projetile_Sparks","Server/Particles/Memories/Spawners/Memory_Projetile_Sparks.particlespawner","2255","16E13D448F9BBCB04BBB7DCE5FCB52BF0B5B93E492A364847C04B75FC4117624"
"particle-spawners","Memory_Sparks_Linger","Memories/Spawners/Memory_Sparks_Linger","Server/Particles/Memories/Spawners/Memory_Sparks_Linger.particlespawner","2903","86623000DEAB6C6D33C0A8FA34EFA50B69E29A364C75DBD86147EDB6A49657F7"
"particle-spawners","Memory_SparkUp","Memories/Spawners/Memory_SparkUp","Server/Particles/Memories/Spawners/Memory_SparkUp.particlespawner","1778","02CD5C9672845335AA6A35A5B4423C08D4F5F366E9AA1A4B900DCEC30C5F6815"
"particle-spawners","Memory_Sphere","Memories/Spawners/Memory_Sphere","Server/Particles/Memories/Spawners/Memory_Sphere.particlespawner","1710","2529EB6567A26E740B4AAE4321067D1C9F0A856BCAED6136F9842716B1CDACBA"
"particle-spawners","Memory_Sphere2","Memories/Spawners/Memory_Sphere2","Server/Particles/Memories/Spawners/Memory_Sphere2.particlespawner","2067","18DAA1FD95D00AE7F6EB8A5A454F5A69A0FFFA5870D21A4FED5F0727DFE32A74"
"particle-spawners","Memory_Spiral","Memories/Spawners/Memory_Spiral","Server/Particles/Memories/Spawners/Memory_Spiral.particlespawner","2437","4F9D1DCD99E984D2C3D1A144FA4D2791D1C6172B188D4DB9ECA76D50B8153F08"
"particle-spawners","Memory_Spiral2","Memories/Spawners/Memory_Spiral2","Server/Particles/Memories/Spawners/Memory_Spiral2.particlespawner","3603","7A6A8D688FD0E550B91234B9CFA1AF517D475EBA4EB9E3674F628DFA01B34FC9"
"particle-spawners","Memory_Static_Smoke","Memories/Spawners/Memory_Static_Smoke","Server/Particles/Memories/Spawners/Memory_Static_Smoke.particlespawner","2042","5A56D480DCE5C6EF4CEF838A192BF0D7F592C8DD08D3F3B5D7EEA5D199C33AB5"
"particle-spawners","Bear_Voidtaken_Charge_Bits","NPC/Bear_Voidtaken/Spawners/Bear_Voidtaken_Charge_Bits","Server/Particles/NPC/Bear_Voidtaken/Spawners/Bear_Voidtaken_Charge_Bits.particlespawner","2028","9145DB0FB4A003EB85E7CA5FDEB0A3A8E10DE9ABD47438925A57B010F99FF0FC"
"particle-spawners","Bear_Voidtaken_Charge_Circle","NPC/Bear_Voidtaken/Spawners/Bear_Voidtaken_Charge_Circle","Server/Particles/NPC/Bear_Voidtaken/Spawners/Bear_Voidtaken_Charge_Circle.particlespawner","1875","206BB6FEACF88FD5866B7B65D4AEF2F466F58C277B853C9890C0C19F51E84B76"
"particle-spawners","Bear_Voidtaken_Charge_FrontFire","NPC/Bear_Voidtaken/Spawners/Bear_Voidtaken_Charge_FrontFire","Server/Particles/NPC/Bear_Voidtaken/Spawners/Bear_Voidtaken_Charge_FrontFire.particlespawner","1721","2306E38576F6EF78360989328C574C3181CE96424E6B3264C9BDCBED943FF2CE"
"particle-spawners","Bear_Voidtaken_Charge_FrontFire2","NPC/Bear_Voidtaken/Spawners/Bear_Voidtaken_Charge_FrontFire2","Server/Particles/NPC/Bear_Voidtaken/Spawners/Bear_Voidtaken_Charge_FrontFire2.particlespawner","1713","3E96ECCEBF2CF94D1CD0BEED03D808F3D122085C4F0FDFABD16B475F90C82DE9"
"particle-spawners","Bear_Voidtaken_Charge_FrontSpark","NPC/Bear_Voidtaken/Spawners/Bear_Voidtaken_Charge_FrontSpark","Server/Particles/NPC/Bear_Voidtaken/Spawners/Bear_Voidtaken_Charge_FrontSpark.particlespawner","1650","5D6F28CEA6B3D378BF0ACEC7AE1A902DDB3BB55BED657F4934668E52179ED6EE"
"particle-spawners","Bear_Voidtaken_Charge_Lines","NPC/Bear_Voidtaken/Spawners/Bear_Voidtaken_Charge_Lines","Server/Particles/NPC/Bear_Voidtaken/Spawners/Bear_Voidtaken_Charge_Lines.particlespawner","1712","CB313331453D01477C49912C7404F26D70E98B5A7FED9401251CB4EA66BC708E"
"particle-spawners","Bear_Voidtaken_Charge_Smoke","NPC/Bear_Voidtaken/Spawners/Bear_Voidtaken_Charge_Smoke","Server/Particles/NPC/Bear_Voidtaken/Spawners/Bear_Voidtaken_Charge_Smoke.particlespawner","1902","7A3883949645AB42C69AC4D4D070C01F83C0EB86BA2861167B1194329435D679"
"particle-spawners","Bear_Voidtaken_Cone_Bits","NPC/Bear_Voidtaken/Spawners/Bear_Voidtaken_Cone_Bits","Server/Particles/NPC/Bear_Voidtaken/Spawners/Bear_Voidtaken_Cone_Bits.particlespawner","2137","EA67D596E6255FE9AF80EA8DA6CCBC032FEFB98F38409B2EDB289A7C05F61243"
"particle-spawners","Bear_Voidtaken_Cone_Distort","NPC/Bear_Voidtaken/Spawners/Bear_Voidtaken_Cone_Distort","Server/Particles/NPC/Bear_Voidtaken/Spawners/Bear_Voidtaken_Cone_Distort.particlespawner","2103","7DAC957D445A3E7429BFAF0E2978FBD8DC63BCFDFE4EF3BD61BDD04F641EF10E"
"particle-spawners","Bear_Voidtaken_Cone_Fire","NPC/Bear_Voidtaken/Spawners/Bear_Voidtaken_Cone_Fire","Server/Particles/NPC/Bear_Voidtaken/Spawners/Bear_Voidtaken_Cone_Fire.particlespawner","2102","F6CB2C67A5144C78D3BF0758723BBCAA651DA1F261199D1D0600C9BD7A08B5AC"
"particle-spawners","Bear_Voidtaken_Cone_FireLong","NPC/Bear_Voidtaken/Spawners/Bear_Voidtaken_Cone_FireLong","Server/Particles/NPC/Bear_Voidtaken/Spawners/Bear_Voidtaken_Cone_FireLong.particlespawner","1839","A67D8A7A11FC99BEC0BD3E2451B1727D0FDDEBCD2DB0BA1A4B4AD179F5BCA97E"
"particle-spawners","Bear_Voidtaken_Cone_Indicator_In","NPC/Bear_Voidtaken/Spawners/Bear_Voidtaken_Cone_Indicator_In","Server/Particles/NPC/Bear_Voidtaken/Spawners/Bear_Voidtaken_Cone_Indicator_In.particlespawner","1571","A9C1F37AE25B4B80E2D779A20614D14783838E9AB8B3CAAE3CFB64BC8556B63F"
"particle-spawners","Bear_Voidtaken_Cone_Indicator_Out","NPC/Bear_Voidtaken/Spawners/Bear_Voidtaken_Cone_Indicator_Out","Server/Particles/NPC/Bear_Voidtaken/Spawners/Bear_Voidtaken_Cone_Indicator_Out.particlespawner","1435","6C53A6D78927294BC1A100C7670F1C0CF5C834D0E709FC2909C835770AF70146"
"particle-spawners","Bear_Voidtaken_Cone_Smoke","NPC/Bear_Voidtaken/Spawners/Bear_Voidtaken_Cone_Smoke","Server/Particles/NPC/Bear_Voidtaken/Spawners/Bear_Voidtaken_Cone_Smoke.particlespawner","2135","2350BE602C861C4C4CBD9FB0DAFD5E934BED1D6D38418C8B3B5B7ECBC2774D93"
"particle-spawners","Bear_Voidtaken_Cone_Spark","NPC/Bear_Voidtaken/Spawners/Bear_Voidtaken_Cone_Spark","Server/Particles/NPC/Bear_Voidtaken/Spawners/Bear_Voidtaken_Cone_Spark.particlespawner","1823","5FF6BD7F185CB4143E21A0BBE3822D4C5D36497AC617D0C822A4EEBB4AE147D0"
"particle-spawners","Bear_Voidtaken_Tentacle_Indicator_In","NPC/Bear_Voidtaken/Spawners/Bear_Voidtaken_Tentacle_Indicator_In","Server/Particles/NPC/Bear_Voidtaken/Spawners/Bear_Voidtaken_Tentacle_Indicator_In.particlespawner","1070","8C2A6AC998C2F95B705FCCC151D3ECB5868311FEC3453391FD9085A5A33AABE9"
"particle-spawners","Bear_Voidtaken_Tentacle_Indicator_Out","NPC/Bear_Voidtaken/Spawners/Bear_Voidtaken_Tentacle_Indicator_Out","Server/Particles/NPC/Bear_Voidtaken/Spawners/Bear_Voidtaken_Tentacle_Indicator_Out.particlespawner","1116","2E47B75F894FAF2AC74FA8ABCD13ABBE8163AB23351D130D3E85D8DDF310200E"
"particle-spawners","Bear_Voidtaken_Tentacle_Paw_Ground","NPC/Bear_Voidtaken/Spawners/Bear_Voidtaken_Tentacle_Paw_Ground","Server/Particles/NPC/Bear_Voidtaken/Spawners/Bear_Voidtaken_Tentacle_Paw_Ground.particlespawner","944","C52375CA5E437CA753FF00FABC72F8321512C9607E3A3550382EBDEE82130941"
"particle-spawners","Bear_Voidtaken_Tentacle_Paw_In","NPC/Bear_Voidtaken/Spawners/Bear_Voidtaken_Tentacle_Paw_In","Server/Particles/NPC/Bear_Voidtaken/Spawners/Bear_Voidtaken_Tentacle_Paw_In.particlespawner","1402","6A57DD27368B34278B8D55DA44C41149F129E05E5416DF1F48EB1A1EDF5448D0"
"particle-spawners","Bear_Voidtaken_Tentacle_Paw_Outer","NPC/Bear_Voidtaken/Spawners/Bear_Voidtaken_Tentacle_Paw_Outer","Server/Particles/NPC/Bear_Voidtaken/Spawners/Bear_Voidtaken_Tentacle_Paw_Outer.particlespawner","1531","F5354188C6ABA907C977E805325DCFC57BFB517EAC94A745EB334355428ACF7E"
"particle-spawners","Bear_Voidtaken_Tentacle_Paw_Spark","NPC/Bear_Voidtaken/Spawners/Bear_Voidtaken_Tentacle_Paw_Spark","Server/Particles/NPC/Bear_Voidtaken/Spawners/Bear_Voidtaken_Tentacle_Paw_Spark.particlespawner","1277","52BAD430FA202C2995D31FD874894E31D28BE214EB4527210C6B786DEF0C397F"
"particle-spawners","Bees_Friendly","NPC/Bee_Swarm/Bees_Friendly","Server/Particles/NPC/Bee_Swarm/Bees_Friendly.particlespawner","5003","3088B23A99C36E995D35888BB3339858BF26ACE33D6377679AE9E3EF6E9977DC"
"particle-spawners","Bees_Hostile","NPC/Bee_Swarm/Bees_Hostile","Server/Particles/NPC/Bee_Swarm/Bees_Hostile.particlespawner","5032","CBAAB46AC10106B4E1667B6D55B5DF6F265701ECB42B6754F29EF89662ECC551"
"particle-spawners","Fire_Crest_Fire","NPC/Emberwulf/Spawners/Fire_Crest_Fire","Server/Particles/NPC/Emberwulf/Spawners/Fire_Crest_Fire.particlespawner","3887","0ECAD5D7DD93B5619602B8B222D8C0EF0B914AB0EA5BF0575F6C2988FF8E37C5"
"particle-spawners","Fire_Crest_Smoke","NPC/Emberwulf/Spawners/Fire_Crest_Smoke","Server/Particles/NPC/Emberwulf/Spawners/Fire_Crest_Smoke.particlespawner","2940","E54B1A8BA08771146F5AB91787AA08D1D46E403D725349D2A930403622386AB8"
"particle-spawners","Fire_Crest_Sparks","NPC/Emberwulf/Spawners/Fire_Crest_Sparks","Server/Particles/NPC/Emberwulf/Spawners/Fire_Crest_Sparks.particlespawner","2956","DC98E8A57A5620F3D023394A66A0A11C2E2A0E540C654BC8F2E56F7EB31D6CB5"
"particle-spawners","Alerted","NPC/Emotions/Spawners/Alerted","Server/Particles/NPC/Emotions/Spawners/Alerted.particlespawner","2098","DEEDEA9A4CE82E8EECA276241A398EF15AFF4AD9727298A6BF99C87B42F3CF11"
"particle-spawners","Angry","NPC/Emotions/Spawners/Angry","Server/Particles/NPC/Emotions/Spawners/Angry.particlespawner","1925","736C1339B7CEDF2A1EBAD7B7E6E60FDE816F9F1892165020BCA0E633E3007B68"
"particle-spawners","Angry_Clouds","NPC/Emotions/Spawners/Angry_Clouds","Server/Particles/NPC/Emotions/Spawners/Angry_Clouds.particlespawner","1972","706ED3450DCD492FEAA5981D9B45B49E7AD79629B8BC535919E04A746ADADB7D"
"particle-spawners","Angry_Sparks","NPC/Emotions/Spawners/Angry_Sparks","Server/Particles/NPC/Emotions/Spawners/Angry_Sparks.particlespawner","2244","97DF3C584215EE82D244AD0402412DC44D66F62BCCE660F1B4668CE2FFB5B4B2"
"particle-spawners","Fish_Bubbles","NPC/Emotions/Spawners/Fish_Bubbles","Server/Particles/NPC/Emotions/Spawners/Fish_Bubbles.particlespawner","2624","F6770C72FDA20CD21DDD1073CC0BEA30BE7A0D21B917623F40D7E73A5F56FFA1"
"particle-spawners","Hearts","NPC/Emotions/Spawners/Hearts","Server/Particles/NPC/Emotions/Spawners/Hearts.particlespawner","2109","1774C265006CCCB1BA8C1094724F9F52D51AF01494615D518B6029670FD3808E"
"particle-spawners","Hearts_Subtle","NPC/Emotions/Spawners/Hearts_Subtle","Server/Particles/NPC/Emotions/Spawners/Hearts_Subtle.particlespawner","1985","9C9F99FFD996E1CBAA2C7D2E4015D6004171D35BAA50ABE95CEDAE64AEB49453"
"particle-spawners","Hungry_Cloud","NPC/Emotions/Spawners/Hungry_Cloud","Server/Particles/NPC/Emotions/Spawners/Hungry_Cloud.particlespawner","3938","0F11AB111355993F58E897FC4495A40C5710F08D5D90B62A9B2AF0D9D80811DA"
"particle-spawners","Question","NPC/Emotions/Spawners/Question","Server/Particles/NPC/Emotions/Spawners/Question.particlespawner","2105","A09FB43D1AF4D639D4C5FA148163AD9AD1C468A40AB3B6AC16A42D37BD55CC9C"
"particle-spawners","Question_Subtle","NPC/Emotions/Spawners/Question_Subtle","Server/Particles/NPC/Emotions/Spawners/Question_Subtle.particlespawner","2159","3FA91841A3DA3C8A8FD59E295E8B1B980B259C3058B1C9FEC3DA2DF7BF0305CD"
"particle-spawners","Stunned_Bubbles","NPC/Emotions/Spawners/Stunned_Bubbles","Server/Particles/NPC/Emotions/Spawners/Stunned_Bubbles.particlespawner","2231","47B279AD2AF59A5B3A2037C6FE9F7D972A3E3FB056DBFFF16348354D93AF2E93"
"particle-spawners","Stunned_Circles","NPC/Emotions/Spawners/Stunned_Circles","Server/Particles/NPC/Emotions/Spawners/Stunned_Circles.particlespawner","1800","9C042F7B0704509778CFF780F35D6C7014C0CC445AA1ACF1AE08DC1515B7D894"
"particle-spawners","Stunned_Stars","NPC/Emotions/Spawners/Stunned_Stars","Server/Particles/NPC/Emotions/Spawners/Stunned_Stars.particlespawner","1989","273861641573E6B017A2068E5BCFD11971AA864514800D9437C82C01344209EC"
"particle-spawners","Stunned_Stars2","NPC/Emotions/Spawners/Stunned_Stars2","Server/Particles/NPC/Emotions/Spawners/Stunned_Stars2.particlespawner","1989","A99B62A039693CE7B0CCAD9D2F4CEB84F109DDB9AA8EEFA7C2E1DDC345054D8E"
"particle-spawners","ThoughtCloud_Apple","NPC/Emotions/Spawners/ThoughtCloud_Apple","Server/Particles/NPC/Emotions/Spawners/ThoughtCloud_Apple.particlespawner","2197","F9F2AC3C408FE45902B4FF1EBE6181C885A7BF2BABB64FA16493FA225482F1A2"
"particle-spawners","ThoughtCloud_Aubergine","NPC/Emotions/Spawners/ThoughtCloud_Aubergine","Server/Particles/NPC/Emotions/Spawners/ThoughtCloud_Aubergine.particlespawner","2201","ABE5E7CC1422343FA9DB05BE2793DFB9BDFCF38218313E691E2FD7BFF951F6EE"
"particle-spawners","ThoughtCloud_Carrot","NPC/Emotions/Spawners/ThoughtCloud_Carrot","Server/Particles/NPC/Emotions/Spawners/ThoughtCloud_Carrot.particlespawner","2198","BC298FCF7DFF89F154F45176EE294FDCE3C7E712ABADC1B1B314F76CA7AD0A00"
"particle-spawners","ThoughtCloud_Cauliflower","NPC/Emotions/Spawners/ThoughtCloud_Cauliflower","Server/Particles/NPC/Emotions/Spawners/ThoughtCloud_Cauliflower.particlespawner","2203","E8F9A03D2A96A7CDFF2D925555D87E14062F81FFC9D271105CF0B255671829FD"
"particle-spawners","ThoughtCloud_Chilli","NPC/Emotions/Spawners/ThoughtCloud_Chilli","Server/Particles/NPC/Emotions/Spawners/ThoughtCloud_Chilli.particlespawner","2198","C7207BF74105F1ACF4BC44F7C3B1095D315FC6200C94B3D30D08FA66D529164D"
"particle-spawners","ThoughtCloud_Corn","NPC/Emotions/Spawners/ThoughtCloud_Corn","Server/Particles/NPC/Emotions/Spawners/ThoughtCloud_Corn.particlespawner","2196","F1D0F2207B846BBEB4A3D827AF1488630E41863C93ADC86DE865C38488DE0F73"
"particle-spawners","ThoughtCloud_Cotton","NPC/Emotions/Spawners/ThoughtCloud_Cotton","Server/Particles/NPC/Emotions/Spawners/ThoughtCloud_Cotton.particlespawner","2198","B38A66AF59947F8ACC14624D1F2A6FB77D40213802162938B91572C6A7EA70B7"
"particle-spawners","ThoughtCloud_Hearts","NPC/Emotions/Spawners/ThoughtCloud_Hearts","Server/Particles/NPC/Emotions/Spawners/ThoughtCloud_Hearts.particlespawner","2207","E35FD0187CB76979ED433ECCE58EAC2FC311D747408C13C048AFD82559C64713"
"particle-spawners","ThoughtCloud_Lettuce","NPC/Emotions/Spawners/ThoughtCloud_Lettuce","Server/Particles/NPC/Emotions/Spawners/ThoughtCloud_Lettuce.particlespawner","2199","D274F9E46C9F04278BBC83EE48CC79EA8B28D380A75B1C50C8DAD08618EE0D86"
"particle-spawners","ThoughtCloud_Medium","NPC/Emotions/Spawners/ThoughtCloud_Medium","Server/Particles/NPC/Emotions/Spawners/ThoughtCloud_Medium.particlespawner","2249","2096E2EFDAD7601791DFFFDFDD0C3303AA6D4A1F6AB6D1C04D60336F9CE2A8A1"
"particle-spawners","ThoughtCloud_Move","NPC/Emotions/Spawners/ThoughtCloud_Move","Server/Particles/NPC/Emotions/Spawners/ThoughtCloud_Move.particlespawner","2634","C862E3284AA168499882493A60414A5A493FB8DEF4A8F6119D73E878B2A3DFA6"
"particle-spawners","ThoughtCloud_Onion","NPC/Emotions/Spawners/ThoughtCloud_Onion","Server/Particles/NPC/Emotions/Spawners/ThoughtCloud_Onion.particlespawner","2197","D24CDB4D83682D90CD32F1518267220A35B5706C144F1C94C8AAEA1AE17BB5C2"
"particle-spawners","ThoughtCloud_Potato","NPC/Emotions/Spawners/ThoughtCloud_Potato","Server/Particles/NPC/Emotions/Spawners/ThoughtCloud_Potato.particlespawner","2198","665ECADCCEFE4C8F8722FCB83DA33A23427578496A7BB051059CA85856A47A13"
"particle-spawners","ThoughtCloud_Pumpkin","NPC/Emotions/Spawners/ThoughtCloud_Pumpkin","Server/Particles/NPC/Emotions/Spawners/ThoughtCloud_Pumpkin.particlespawner","2199","6549CF1A6087DC0754ED841A8EE01A79630AD608950EA655AEEB0F424BBEDEBF"
"particle-spawners","ThoughtCloud_Small","NPC/Emotions/Spawners/ThoughtCloud_Small","Server/Particles/NPC/Emotions/Spawners/ThoughtCloud_Small.particlespawner","2253","A73D8BEB082CDED469DBAD798128EDF2B22AC55698564FFFF4F5FFA18F1E5043"
"particle-spawners","ThoughtCloud_Stars","NPC/Emotions/Spawners/ThoughtCloud_Stars","Server/Particles/NPC/Emotions/Spawners/ThoughtCloud_Stars.particlespawner","2177","F3C2E5613BF8D88B8EB4E460D65D5ECD421FFC9A693CAAE52F85BA18971D11BD"
"particle-spawners","ThoughtCloud_Tomato","NPC/Emotions/Spawners/ThoughtCloud_Tomato","Server/Particles/NPC/Emotions/Spawners/ThoughtCloud_Tomato.particlespawner","2198","D95D91E57C66F2B8EEA15AF980BDF4225A7FB5EF0E4BB7AA6242966507DDBE73"
"particle-spawners","ThoughtCloud_Turnip","NPC/Emotions/Spawners/ThoughtCloud_Turnip","Server/Particles/NPC/Emotions/Spawners/ThoughtCloud_Turnip.particlespawner","2198","FEB080143C738DAB4E8043173776FAA6BF4CB1BF487C65B2D2164C09F8AB0746"
"particle-spawners","Zzzz","NPC/Emotions/Spawners/Zzzz","Server/Particles/NPC/Emotions/Spawners/Zzzz.particlespawner","2256","7DAF52FF2F80FC48B454C50987B3E66F9DB3041B313F272D403AA4632A2AFF4A"
"particle-spawners","Eye_Void_Eye_Sparkles","NPC/Eye_Void/Spawners/Eye_Void_Eye_Sparkles","Server/Particles/NPC/Eye_Void/Spawners/Eye_Void_Eye_Sparkles.particlespawner","2704","74CD76646133714197FD2A4234E3B8AE6E31D49A2132ACC930BE50BE96896878"
"particle-spawners","Eye_Void_Eye_Waves","NPC/Eye_Void/Spawners/Eye_Void_Eye_Waves","Server/Particles/NPC/Eye_Void/Spawners/Eye_Void_Eye_Waves.particlespawner","2857","1E84B7A2AC5A6C3A601BF750455BE32F207FDC3679F745123E85D5B28B28688D"
"particle-spawners","Eye_Void_Eye_Waves_Big","NPC/Eye_Void/Spawners/Eye_Void_Eye_Waves_Big","Server/Particles/NPC/Eye_Void/Spawners/Eye_Void_Eye_Waves_Big.particlespawner","2861","DAD18379D1152842B5B0BDF84524919307A705BDC3AE90EAD26216DAF7CA1C09"
"particle-spawners","Eye_Void_Smoke_Green","NPC/Eye_Void/Spawners/Eye_Void_Smoke_Green","Server/Particles/NPC/Eye_Void/Spawners/Eye_Void_Smoke_Green.particlespawner","3132","EBA44DB742CBFF723B15DF05657CE12C4A58262474D6F9B8E02458FCB2ADD769"
"particle-spawners","Eye_Void_Smoke_Teal","NPC/Eye_Void/Spawners/Eye_Void_Smoke_Teal","Server/Particles/NPC/Eye_Void/Spawners/Eye_Void_Smoke_Teal.particlespawner","3132","46684EC7D69DF03D03E4FC1C9B58E420BD2F6FDC21A8CCA86BBC4454B3EE79A8"
"particle-spawners","Flies","NPC/Flies/Spawners/Flies","Server/Particles/NPC/Flies/Spawners/Flies.particlespawner","4864","BA3ED35AFCEDD9E4ED50E3A041EED8E8D25BE12254C37BC730572967B9B05B73"
"particle-spawners","Flies_Large","NPC/Flies/Spawners/Flies_Large","Server/Particles/NPC/Flies/Spawners/Flies_Large.particlespawner","5135","D680A3F712D8E6F4C38736850CC6255FD8E1F20F7F536A0106DDDBD0E0BF5933"
"particle-spawners","Smelly_Cloud","NPC/Flies/Spawners/Smelly_Cloud","Server/Particles/NPC/Flies/Spawners/Smelly_Cloud.particlespawner","1604","5CA245CC2D92C2FAA9DD0AE98E83F92CBA364C98E39EFE229C387077F9DE6281"
"particle-spawners","Feastmaster_Clap_Distortion","NPC/Goblin/Feastmaster/Spawners/Feastmaster_Clap_Distortion","Server/Particles/NPC/Goblin/Feastmaster/Spawners/Feastmaster_Clap_Distortion.particlespawner","1949","D4D4B51ACE416ED15B42626E1BB2ECC3707F93061A77A7F628B7160236BC7A64"
"particle-spawners","Feastmaster_Clap_Impact","NPC/Goblin/Feastmaster/Spawners/Feastmaster_Clap_Impact","Server/Particles/NPC/Goblin/Feastmaster/Spawners/Feastmaster_Clap_Impact.particlespawner","1587","14E11D1580BA000FA495D1034BAB18CBAA214B88A3BBD44754F57A4B64E1A46E"
"particle-spawners","Feastmaster_Clap_Sparks","NPC/Goblin/Feastmaster/Spawners/Feastmaster_Clap_Sparks","Server/Particles/NPC/Goblin/Feastmaster/Spawners/Feastmaster_Clap_Sparks.particlespawner","2592","0BB38DA1E2C35F15E612FEE3737EF7F309E7D4B976DF0AD6C52E0C81101C344F"
"particle-spawners","Feastmaster_Slam_Crater","NPC/Goblin/Feastmaster/Spawners/Feastmaster_Slam_Crater","Server/Particles/NPC/Goblin/Feastmaster/Spawners/Feastmaster_Slam_Crater.particlespawner","816","A1E07E97FF1F61D98CCBAF0B9D4B361D485685AB234C5A48C68824F5CD198EDD"
"particle-spawners","Feastmaster_Slam_Crater2","NPC/Goblin/Feastmaster/Spawners/Feastmaster_Slam_Crater2","Server/Particles/NPC/Goblin/Feastmaster/Spawners/Feastmaster_Slam_Crater2.particlespawner","799","08F6CCD946A7804E2E57B97EA1DE494AEF3F2B010B432595CE49D6CE3A9E59C9"
"particle-spawners","Feastmaster_Slam_Debris","NPC/Goblin/Feastmaster/Spawners/Feastmaster_Slam_Debris","Server/Particles/NPC/Goblin/Feastmaster/Spawners/Feastmaster_Slam_Debris.particlespawner","2931","7C0898ECB1007EBD4C95138CC99F32B8E6C216091F0A3920A62DB67E85687F38"
"particle-spawners","Feastmaster_Slam_Distortion","NPC/Goblin/Feastmaster/Spawners/Feastmaster_Slam_Distortion","Server/Particles/NPC/Goblin/Feastmaster/Spawners/Feastmaster_Slam_Distortion.particlespawner","1744","DA49647B3118F549A80CF21378C94AD8A9DEE20E126FA0405FF860DBBC4CCB62"
"particle-spawners","Feastmaster_Slam_Distortion2","NPC/Goblin/Feastmaster/Spawners/Feastmaster_Slam_Distortion2","Server/Particles/NPC/Goblin/Feastmaster/Spawners/Feastmaster_Slam_Distortion2.particlespawner","1748","459DBFF302A89DAF4FB55EC6B60600656F5243961E3A0B0F5E676098F7E47526"
"particle-spawners","Feastmaster_Slam_Distortion3","NPC/Goblin/Feastmaster/Spawners/Feastmaster_Slam_Distortion3","Server/Particles/NPC/Goblin/Feastmaster/Spawners/Feastmaster_Slam_Distortion3.particlespawner","2108","BF0C5C3D2959573F3A14A6BA0CF92FFA0D6D5C2DE5BC5932F97DC70AB948C32A"
"particle-spawners","Feastmaster_Slam_Dust","NPC/Goblin/Feastmaster/Spawners/Feastmaster_Slam_Dust","Server/Particles/NPC/Goblin/Feastmaster/Spawners/Feastmaster_Slam_Dust.particlespawner","2659","6F982A2CD5283D5A2F9B2775472D1F2FA172760EB737565A0B54909BD5724EDB"
"particle-spawners","Feastmaster_Slam_Shockwave","NPC/Goblin/Feastmaster/Spawners/Feastmaster_Slam_Shockwave","Server/Particles/NPC/Goblin/Feastmaster/Spawners/Feastmaster_Slam_Shockwave.particlespawner","2393","0A67287A8C94148651B5167D648F1B1E14D4672C8F2143AA83EA4CACE305FEFB"
"particle-spawners","Feastmaster_Slam_Shockwave_Distortion","NPC/Goblin/Feastmaster/Spawners/Feastmaster_Slam_Shockwave_Distortion","Server/Particles/NPC/Goblin/Feastmaster/Spawners/Feastmaster_Slam_Shockwave_Distortion.particlespawner","2809","B1156DB0146478C80E210603EEED3DD8AEBAAA288A29FE5A5C85F3C89B6E7FA7"
"particle-spawners","Feastmaster_Slam_Shockwave_Ground","NPC/Goblin/Feastmaster/Spawners/Feastmaster_Slam_Shockwave_Ground","Server/Particles/NPC/Goblin/Feastmaster/Spawners/Feastmaster_Slam_Shockwave_Ground.particlespawner","2815","447A5B9EEB612C81823210ACF57A23FDD280C6D5AE13328234FD94DED9B9BCDA"
"particle-spawners","Feastmaster_Slam_Shockwave2","NPC/Goblin/Feastmaster/Spawners/Feastmaster_Slam_Shockwave2","Server/Particles/NPC/Goblin/Feastmaster/Spawners/Feastmaster_Slam_Shockwave2.particlespawner","2215","E2433F361E12E8AF4165AC8A198A9A0B044FE17C1D12F1F9FBDE8E029CD40D5B"
"particle-spawners","Feastmaster_Slam_Spikes","NPC/Goblin/Feastmaster/Spawners/Feastmaster_Slam_Spikes","Server/Particles/NPC/Goblin/Feastmaster/Spawners/Feastmaster_Slam_Spikes.particlespawner","2183","3B4F4E742B429476CA9CBE0577EC808848A4ADEA207BB62C4F94613E7BCF1097"
"particle-spawners","Feastmaster_Slam_Spikes2","NPC/Goblin/Feastmaster/Spawners/Feastmaster_Slam_Spikes2","Server/Particles/NPC/Goblin/Feastmaster/Spawners/Feastmaster_Slam_Spikes2.particlespawner","2183","C0505C6E28CC913245FD232CD4FFCC7AC7A04ED6DA98B6A8211B2F3583032E3A"
"particle-spawners","Feastmaster_Slam_Spikes3","NPC/Goblin/Feastmaster/Spawners/Feastmaster_Slam_Spikes3","Server/Particles/NPC/Goblin/Feastmaster/Spawners/Feastmaster_Slam_Spikes3.particlespawner","2175","9A88914A4C081C894C51CB79CBBB3F1943FE1F1B0A53D0CB5E9E684FD85121A8"
"particle-spawners","Feastmaster_Slam_Spikes4","NPC/Goblin/Feastmaster/Spawners/Feastmaster_Slam_Spikes4","Server/Particles/NPC/Goblin/Feastmaster/Spawners/Feastmaster_Slam_Spikes4.particlespawner","2175","15CDD53887D8B35639EFDA344A611D2F7EB6B5460F5D0DB55CCB53C2D7AFF898"
"particle-spawners","Feastmaster_Slap_Impact","NPC/Goblin/Feastmaster/Spawners/Feastmaster_Slap_Impact","Server/Particles/NPC/Goblin/Feastmaster/Spawners/Feastmaster_Slap_Impact.particlespawner","1538","7A4CF14FD1255158DAA08FF70366374754BBB2E849E6252EFE98EE5803C2C771"
"particle-spawners","Goblin_Feastmaster_Dust","NPC/Goblin/Feastmaster/Spawners/Goblin_Feastmaster_Dust","Server/Particles/NPC/Goblin/Feastmaster/Spawners/Goblin_Feastmaster_Dust.particlespawner","2615","70315309D34A4A4C4AC24580C713A8A5645A839FC0A144E049B42AC7BED06715"
"particle-spawners","Golem_Dark_Arm","NPC/Golem/Spawners/Golem_Dark_Arm","Server/Particles/NPC/Golem/Spawners/Golem_Dark_Arm.particlespawner","2149","E96FAB54FF1AB25D94BB4FF2F70894878582A4206769912513AE08499C323113"
"particle-spawners","Golem_Fire","NPC/Golem/Spawners/Golem_Fire","Server/Particles/NPC/Golem/Spawners/Golem_Fire.particlespawner","3648","873B3B87068D23BAA447A0C9F40A33BF19BAC74B4FFAD2175150302DC4B44932"
"particle-spawners","Golem_Glow","NPC/Golem/Spawners/Golem_Glow","Server/Particles/NPC/Golem/Spawners/Golem_Glow.particlespawner","2423","BD645FCF899B9F03924354E3F451953C6793CBB0D02A67F140130018DABC4874"
"particle-spawners","Golem_Glow_Arm","NPC/Golem/Spawners/Golem_Glow_Arm","Server/Particles/NPC/Golem/Spawners/Golem_Glow_Arm.particlespawner","2213","7BEA3891B60E3207DCBC07A046311E0E14DB6F356C2692835A38CC7F547C0542"
"particle-spawners","Golem_Lava_Drip","NPC/Golem/Spawners/Golem_Lava_Drip","Server/Particles/NPC/Golem/Spawners/Golem_Lava_Drip.particlespawner","3108","B4154ADA43BEC1735947EDD7327D9BBACD6419670926799EBA4D6C61554580B9"
"particle-spawners","Golem_Sparks_Arm","NPC/Golem/Spawners/Golem_Sparks_Arm","Server/Particles/NPC/Golem/Spawners/Golem_Sparks_Arm.particlespawner","2542","B11ED6605F399D713BCDC48D536DC68E8EABF29B3D45D25316520328AE34F628"
"particle-spawners","Living_Spark_Glow","NPC/Golem/Spawners/Living_Spark_Glow","Server/Particles/NPC/Golem/Spawners/Living_Spark_Glow.particlespawner","2193","307B09558A9CE8BC900756BBC7DBA65C5EC15562574560D5B33B759F5899BAB6"
"particle-spawners","Living_Spark_Glow_Dark","NPC/Golem/Spawners/Living_Spark_Glow_Dark","Server/Particles/NPC/Golem/Spawners/Living_Spark_Glow_Dark.particlespawner","2152","069EF9B0AC28FEB6369E8CEDDCC93359C31BFBBFBFC2AB3E23758A65A21A8BB8"
"particle-spawners","Hedera_Scream_Distortion","NPC/Hedera/Spawners/Hedera_Scream_Distortion","Server/Particles/NPC/Hedera/Spawners/Hedera_Scream_Distortion.particlespawner","1949","F4748F2745F8DCBF6033FD0DE8256E0694BC80A92E16CA798FB3EA2D1754AAD6"
"particle-spawners","Hedera_Scream_Shockwave1","NPC/Hedera/Spawners/Hedera_Scream_Shockwave1","Server/Particles/NPC/Hedera/Spawners/Hedera_Scream_Shockwave1.particlespawner","1669","8AF9BAC2B511B6A1930196DBE692FCC0E97C475ED1E48CFC8EF7719B09A5C375"
"particle-spawners","Hedera_Scream_Shockwave2","NPC/Hedera/Spawners/Hedera_Scream_Shockwave2","Server/Particles/NPC/Hedera/Spawners/Hedera_Scream_Shockwave2.particlespawner","1792","CACDDE11611F2B9C8619055E76F88D5F02D8766F242146003C7B9CF296135D7F"
"particle-spawners","Hedera_Shockwave","NPC/Hedera/Spawners/Hedera_Shockwave","Server/Particles/NPC/Hedera/Spawners/Hedera_Shockwave.particlespawner","1889","E228407BF35633F12C9E1F9CB1883CB493E591A09EC06B1D64A8A2972FD74E94"
"particle-spawners","Pipe_Bubbles","NPC/Klops/Pipe_Bubbles","Server/Particles/NPC/Klops/Pipe_Bubbles.particlespawner","2620","7AAA1484062139D0CB4F9F8455C2E74A80CF3B15FDF0A8F6C5410788D2D6E79A"
"particle-spawners","Sheep_Wool_Shear_Puff","NPC/Sheep/Spawners/Sheep_Wool_Shear_Puff","Server/Particles/NPC/Sheep/Spawners/Sheep_Wool_Shear_Puff.particlespawner","2325","06BB9C2988E22B6301935927BB6E322521EA44A4FE602F51F9D373B16AEC8DE6"
"particle-spawners","Sheep_Wool_Shear_Speck","NPC/Sheep/Spawners/Sheep_Wool_Shear_Speck","Server/Particles/NPC/Sheep/Spawners/Sheep_Wool_Shear_Speck.particlespawner","2492","BCF0E83A94F46A2031463DE4D5C331F406F41DF81FD19626B6CE36C3ECE589CB"
"particle-spawners","Praetorian_Spawn_Circle","NPC/Skeleton_Burnt_Praetorian/Praetorian_Spawn_Circle","Server/Particles/NPC/Skeleton_Burnt_Praetorian/Praetorian_Spawn_Circle.particlespawner","1355","65814685059BCCAE23A4A494175E3DD6484AC2D6ACDC845D873E6F1E6A98B96C"
"particle-spawners","Praetorian_Spawn_Crack","NPC/Skeleton_Burnt_Praetorian/Praetorian_Spawn_Crack","Server/Particles/NPC/Skeleton_Burnt_Praetorian/Praetorian_Spawn_Crack.particlespawner","2500","CEBD62204CC2446E0453769EA00FCA05D831461B7A905AF3525183DB72CB1CB0"
"particle-spawners","Praetorian_Spawn_Sparks_Linger","NPC/Skeleton_Burnt_Praetorian/Praetorian_Spawn_Sparks_Linger","Server/Particles/NPC/Skeleton_Burnt_Praetorian/Praetorian_Spawn_Sparks_Linger.particlespawner","2861","3E626DBBA67B41C5D58460FE622C4BE1EB097C8452F6AB758622C0D78CE5BDBA"
"particle-spawners","Praetorian_Summon_Circle","NPC/Skeleton_Burnt_Praetorian/Praetorian_Summon_Circle","Server/Particles/NPC/Skeleton_Burnt_Praetorian/Praetorian_Summon_Circle.particlespawner","1617","47E261664BB5843E964763DF5C7332B79DE139D406A9B9817E261B88695FA509"
"particle-spawners","Praetorian_Summon_Glow","NPC/Skeleton_Burnt_Praetorian/Praetorian_Summon_Glow","Server/Particles/NPC/Skeleton_Burnt_Praetorian/Praetorian_Summon_Glow.particlespawner","2490","DE61D52486A9058342AF838346D5D09CDF18A33D67C1BDA2B667558C3E2EE813"
"particle-spawners","Praetorian_Summon_Particles","NPC/Skeleton_Burnt_Praetorian/Praetorian_Summon_Particles","Server/Particles/NPC/Skeleton_Burnt_Praetorian/Praetorian_Summon_Particles.particlespawner","1833","8A9F0A863E248A69D82AADE9CDACA326D42F6FCCD84963B0862A5EC0BA5AA37D"
"particle-spawners","Praetorian_Summon_Particles_Ground","NPC/Skeleton_Burnt_Praetorian/Praetorian_Summon_Particles_Ground","Server/Particles/NPC/Skeleton_Burnt_Praetorian/Praetorian_Summon_Particles_Ground.particlespawner","1996","FD9A5AC12BE52CFF3861BCD67D48B82F36A7573B6D832C48551740529AE52B99"
"particle-spawners","Praetorian_Summon_Sparks_Linger","NPC/Skeleton_Burnt_Praetorian/Praetorian_Summon_Sparks_Linger","Server/Particles/NPC/Skeleton_Burnt_Praetorian/Praetorian_Summon_Sparks_Linger.particlespawner","2863","B54E5391BCD3D578DBF6DAF47A4CE55444637E3701A63CFE833485A70E4D383F"
"particle-spawners","Praetorian_Summon_Spiral","NPC/Skeleton_Burnt_Praetorian/Praetorian_Summon_Spiral","Server/Particles/NPC/Skeleton_Burnt_Praetorian/Praetorian_Summon_Spiral.particlespawner","2244","57991F06A736FDCC8D61EBBC38F6B12589765EE764DA2EE50A956E05EFF5B4C0"
"particle-spawners","Preatorian_Summon_Flames","NPC/Skeleton_Burnt_Praetorian/Preatorian_Summon_Flames","Server/Particles/NPC/Skeleton_Burnt_Praetorian/Preatorian_Summon_Flames.particlespawner","1613","6B552D3B848D39A050C0B2BCB2804ED9FAD8ECAFF75B1B33F31E1FEB26E33FF5"
"particle-spawners","Elite_Heal_Charge","NPC/Skeleton_Elite/Spawners/Elite_Heal_Charge","Server/Particles/NPC/Skeleton_Elite/Spawners/Elite_Heal_Charge.particlespawner","2220","5CDD424B34CFA0765611B120B5243522A454A4525F1979220EDBB39DC74364C2"
"particle-spawners","Elite_Heal_Lines","NPC/Skeleton_Elite/Spawners/Elite_Heal_Lines","Server/Particles/NPC/Skeleton_Elite/Spawners/Elite_Heal_Lines.particlespawner","1821","70CF5E3B4E20181D5238B65ADFD9CEE342D2FFDE6334A4B1E0FBD04F2706ADB1"
"particle-spawners","Spirit_Fire_Lava","NPC/Spirit_Fire/Spawners/Spirit_Fire_Lava","Server/Particles/NPC/Spirit_Fire/Spawners/Spirit_Fire_Lava.particlespawner","2977","FCC85C78E1B8A6CEC845CBCF6A938EED413128D6C116594C86E4A6A259C5C834"
"particle-spawners","Wind_Smoke_Hand","NPC/Spirit_Wind/Spawners/Wind_Smoke_Hand","Server/Particles/NPC/Spirit_Wind/Spawners/Wind_Smoke_Hand.particlespawner","2471","AA1A206F0656119564BD349877710CA0950C464FB6520296BD171D6CE6B9CE5D"
"particle-spawners","Wind_Smoke_Tail","NPC/Spirit_Wind/Spawners/Wind_Smoke_Tail","Server/Particles/NPC/Spirit_Wind/Spawners/Wind_Smoke_Tail.particlespawner","2469","AE112A0DFAACF809E351C814C65E5A407E3E9E6AF7C14C672E13BDFC13239BDE"
"particle-spawners","Wind_Sparks_Hand","NPC/Spirit_Wind/Spawners/Wind_Sparks_Hand","Server/Particles/NPC/Spirit_Wind/Spawners/Wind_Sparks_Hand.particlespawner","2755","98C40F63610E2F1B2C154CD229B9C5488F356AE1D74868C53C77C4C7447AD28C"
"particle-spawners","Wind_Sparks_Tail","NPC/Spirit_Wind/Spawners/Wind_Sparks_Tail","Server/Particles/NPC/Spirit_Wind/Spawners/Wind_Sparks_Tail.particlespawner","2749","7F97969AC4D1DEEC7CAB3FEF5952E0A95EC15E1261A8209663B018CD9E630632"
"particle-spawners","Digging_Fragments","NPC/Undead_Digging/Spawners/Digging_Fragments","Server/Particles/NPC/Undead_Digging/Spawners/Digging_Fragments.particlespawner","2734","0635420B7F02E036120DFC99A3139E5DD23586705F2F825804D17E1A02CD7179"
"particle-spawners","Digging_Fragments_Big","NPC/Undead_Digging/Spawners/Digging_Fragments_Big","Server/Particles/NPC/Undead_Digging/Spawners/Digging_Fragments_Big.particlespawner","2510","100DD792438742F1C018D290194770FFDD194A23FE45670948F28FDF56AEA29B"
"particle-spawners","Digging_Smoke","NPC/Undead_Digging/Spawners/Digging_Smoke","Server/Particles/NPC/Undead_Digging/Spawners/Digging_Smoke.particlespawner","3009","401300C705B33CA1997164C39F70E23F72F51C1F80140A9EEC8BDE25FB7D83DB"
"particle-spawners","Digging_Smoke_Light","NPC/Undead_Digging/Spawners/Digging_Smoke_Light","Server/Particles/NPC/Undead_Digging/Spawners/Digging_Smoke_Light.particlespawner","3100","D56BDA61B6F9E1FFA24AF90D3FD07D50D00D50962994A031A0B78239168EA6CA"
"particle-spawners","Digging_Smoke_Light2","NPC/Undead_Digging/Spawners/Digging_Smoke_Light2","Server/Particles/NPC/Undead_Digging/Spawners/Digging_Smoke_Light2.particlespawner","3148","72BCBD43E048DFB64DAAD9CDBA8D5C449204D7FAC69321F5D56470D369DC1CCA"
"particle-spawners","Digging_Sparks","NPC/Undead_Digging/Spawners/Digging_Sparks","Server/Particles/NPC/Undead_Digging/Spawners/Digging_Sparks.particlespawner","2648","A0CB69640814EA25D83014FF1FE147CE5F271E0D254C6D96BB97D567ED4EDDF1"
"particle-spawners","Void_Lightning","NPC/Void_Dragon/Spawners/Void_Lightning","Server/Particles/NPC/Void_Dragon/Spawners/Void_Lightning.particlespawner","2139","FE0C4514AC9C837B78C4EF3B5D7EFE9A93AC68A2684FEEC10DE751DE6F822CF1"
"particle-spawners","Void_Lightning_Random","NPC/Void_Dragon/Spawners/Void_Lightning_Random","Server/Particles/NPC/Void_Dragon/Spawners/Void_Lightning_Random.particlespawner","2154","F2C3F6D03CC5BB9CD2370B6BC11658ECD90F03F92B6E90619F9A8D23F9E04DED"
"particle-spawners","Void_Hands","NPC/Void_Spectre/Spawners/Void_Hands","Server/Particles/NPC/Void_Spectre/Spawners/Void_Hands.particlespawner","3660","AE961B9A84D897A0262BC895BE15FE1D4DD082254DCB1C4466F8F0572262A468"
"particle-spawners","Void_Smoke_Head","NPC/Void_Spectre/Spawners/Void_Smoke_Head","Server/Particles/NPC/Void_Spectre/Spawners/Void_Smoke_Head.particlespawner","2471","AB7C841D478B89465700B46227C16C49E75A7EDBF4F3FECAA1EFA8FAEB7D7F12"
"particle-spawners","Void_Spark_Arms","NPC/Void_Spectre/Spawners/Void_Spark_Arms","Server/Particles/NPC/Void_Spectre/Spawners/Void_Spark_Arms.particlespawner","2490","76F9C8CFBD453581C6DA656C790B958FF1E1B1B7F60A194E9C1926A19D60AFDE"
"particle-spawners","Void_Sparks","NPC/Void_Spectre/Spawners/Void_Sparks","Server/Particles/NPC/Void_Spectre/Spawners/Void_Sparks.particlespawner","2580","A4ACE3B77B4308260548939DAE6F8C2DA2E57B0E3A54AE9414DCB67861F601B4"
"particle-spawners","Void_Sparks_Eyes","NPC/Void_Spectre/Spawners/Void_Sparks_Eyes","Server/Particles/NPC/Void_Spectre/Spawners/Void_Sparks_Eyes.particlespawner","2160","BE7C7DB5762D890B54E0E0F1948AA24F454657FA0CA51243A855A08C7FD4FF66"
"particle-spawners","Void_Sparks_Tail","NPC/Void_Spectre/Spawners/Void_Sparks_Tail","Server/Particles/NPC/Void_Spectre/Spawners/Void_Sparks_Tail.particlespawner","2800","E9BE076DC37DD1311F59FEFF9DDF77E0DF688D718B7FC9D93CD672284515F71F"
"particle-spawners","Void_Spectre_Smoke","NPC/Void_Spectre/Spawners/Void_Spectre_Smoke","Server/Particles/NPC/Void_Spectre/Spawners/Void_Spectre_Smoke.particlespawner","2857","5D21422519B16CBDD9804147A30CD109F9E0AD6AA804A8760588EE1D552A30B2"
"particle-spawners","Void_Spectre_Sparks","NPC/Void_Spectre/Spawners/Void_Spectre_Sparks","Server/Particles/NPC/Void_Spectre/Spawners/Void_Spectre_Sparks.particlespawner","2676","7DD548E34B1ACF525CD8902B84AFDD80BD5A12F84B8D1ED3A4111992961AE790"
"particle-spawners","Acid_Cloud","Projectile/Acid/Spawners/Acid_Cloud","Server/Particles/Projectile/Acid/Spawners/Acid_Cloud.particlespawner","2660","E6021377CA8CA0D9A088DD77E71D5CCFEE465B368031B620468620284D2CCA2F"
"particle-spawners","Acid_Drops","Projectile/Acid/Spawners/Acid_Drops","Server/Particles/Projectile/Acid/Spawners/Acid_Drops.particlespawner","2361","A5A00AB8B239CD48ABE583047855167A03A4D1BCD1F10D28785D1EE384D13358"
"particle-spawners","Acid_Face","Projectile/Acid/Spawners/Acid_Face","Server/Particles/Projectile/Acid/Spawners/Acid_Face.particlespawner","4139","1EC9BD6B1BF07EDA8CC9FA166A97115B3D5C9BA81D80557268BE6F49806DF7C4"
"particle-spawners","Acid_Sparks","Projectile/Acid/Spawners/Acid_Sparks","Server/Particles/Projectile/Acid/Spawners/Acid_Sparks.particlespawner","2658","2BD63B3EDF68B9CF5281D08D7DB8AC3C71D4319A267A6B4F2CCB3BD2BA03603D"
"particle-spawners","Acid_Splash_Big","Projectile/Acid/Spawners/Acid_Splash_Big","Server/Particles/Projectile/Acid/Spawners/Acid_Splash_Big.particlespawner","2595","52FAEBF9BAACCBD82490F55B6149CAC4BCB7946E3A4AF12B9E20E11B7DB771AA"
"particle-spawners","Acid_Splash_Hit","Projectile/Acid/Spawners/Acid_Splash_Hit","Server/Particles/Projectile/Acid/Spawners/Acid_Splash_Hit.particlespawner","2095","B6E2246CA1052DDFEB2DBCF19DCDD5D3A3780CE0A9455EADE5014B606ABE01EB"
"particle-spawners","Impact_Acid_Drops","Projectile/Acid/Spawners/Impact_Acid_Drops","Server/Particles/Projectile/Acid/Spawners/Impact_Acid_Drops.particlespawner","2177","03E01C0861AB4CE503D2655B7B7BDD4DF89EB061D2A9079ED32B542A8F3570A6"
"particle-spawners","Impact_Acid_Drops_Hit","Projectile/Acid/Spawners/Impact_Acid_Drops_Hit","Server/Particles/Projectile/Acid/Spawners/Impact_Acid_Drops_Hit.particlespawner","2263","43DBACEE636EA77AB0E556908567CD82F460B08F0D617ECF85B1A397BEB79053"
"particle-spawners","Boulder_Trail_Mist","Projectile/Ice_Boulder/Boulder_Trail_Mist","Server/Particles/Projectile/Ice_Boulder/Boulder_Trail_Mist.particlespawner","2609","D6043FEB6FBFBA62FA80D4AE0DF71416F5DC5CF43E75382ED9152040C0FE180F"
"particle-spawners","Boulder_Trail_Snow","Projectile/Ice_Boulder/Boulder_Trail_Snow","Server/Particles/Projectile/Ice_Boulder/Boulder_Trail_Snow.particlespawner","2973","BACF6DB5E1E52645AC2367827E2F389BFA2805D12BAE0CC5F404CF419D15DCF8"
"particle-spawners","Iceball_Frostground","Projectile/Iceball/Spawners/Iceball_Frostground","Server/Particles/Projectile/Iceball/Spawners/Iceball_Frostground.particlespawner","2561","B239E01415E8964BC19EC91494244ED01C63C915B8B017A5B0E65BB7E1CD9FC2"
"particle-spawners","Iceball_Ice_Cloud","Projectile/Iceball/Spawners/Iceball_Ice_Cloud","Server/Particles/Projectile/Iceball/Spawners/Iceball_Ice_Cloud.particlespawner","2370","A774C4834D0621246C36A520342C600F15A6FC531D9F550C26888A9A3DD34BC4"
"particle-spawners","Iceball_Ice_Fragments","Projectile/Iceball/Spawners/Iceball_Ice_Fragments","Server/Particles/Projectile/Iceball/Spawners/Iceball_Ice_Fragments.particlespawner","2576","3EE608A9CC68D4AB8C20B76BC0E9255503C2AFE7BD8779E56CE96238427172F1"
"particle-spawners","Iceball_Impact","Projectile/Iceball/Spawners/Iceball_Impact","Server/Particles/Projectile/Iceball/Spawners/Iceball_Impact.particlespawner","2190","581868816C32C12D1FAEE04B816D4EBDAFCC1A42F924AC70F2F8D453F06F5C0D"
"particle-spawners","Iceball_Rings","Projectile/Iceball/Spawners/Iceball_Rings","Server/Particles/Projectile/Iceball/Spawners/Iceball_Rings.particlespawner","2823","89F6CDBE9F3EBAA4D6DB128E45EE97238C1756255D1551FA3E1F48391EFAF923"
"particle-spawners","Iceball_Shards","Projectile/Iceball/Spawners/Iceball_Shards","Server/Particles/Projectile/Iceball/Spawners/Iceball_Shards.particlespawner","2474","53C74DFA348E99249B338A53AD902A2FE7E2E6BEDD456F287BB72CC655CC1781"
"particle-spawners","IceBall_Trail_Crystals","Projectile/Iceball/Spawners/IceBall_Trail_Crystals","Server/Particles/Projectile/Iceball/Spawners/IceBall_Trail_Crystals.particlespawner","2285","7BE82C6D416ABD5C5ACE74C19363321A56EE26CA8F208FEA22ECDC15E24C27B9"
"particle-spawners","IceBall_Trail_Mist","Projectile/Iceball/Spawners/IceBall_Trail_Mist","Server/Particles/Projectile/Iceball/Spawners/IceBall_Trail_Mist.particlespawner","2233","8C93CCEDF6C71CA40E13D31D6B99ECE28FFF647632970AFBA057C356A55916E2"
"particle-spawners","IceBall_Trail_Snowflake","Projectile/Iceball/Spawners/IceBall_Trail_Snowflake","Server/Particles/Projectile/Iceball/Spawners/IceBall_Trail_Snowflake.particlespawner","2449","039402855036BA7A3DCCCDB452BBC056C2EB7A32DEFE1E347F70E3E20B39B116"
"particle-spawners","Shot","Projectile/Shot/Spawners/Shot","Server/Particles/Projectile/Shot/Spawners/Shot.particlespawner","1521","2443F00590601243C258667DA30A688EC38E7AF2C4D44F90FEEDF15B236B8BA5"
"particle-spawners","Stalactite_Hit_Cracks","Projectile/Stalactite/Spawners/Stalactite_Hit_Cracks","Server/Particles/Projectile/Stalactite/Spawners/Stalactite_Hit_Cracks.particlespawner","822","447E78AA31FE9025812CC5498C272BA4C6A2329C8320AE8CFD93E5A54E3673C1"
"particle-spawners","Stalactite_Hit_Debris","Projectile/Stalactite/Spawners/Stalactite_Hit_Debris","Server/Particles/Projectile/Stalactite/Spawners/Stalactite_Hit_Debris.particlespawner","2933","1016D09FFA683474BAC3EBE5431AF7A93E62370F3B02F9BCE176263EC461FC43"
"particle-spawners","Stalactite_Hit_Spikes","Projectile/Stalactite/Spawners/Stalactite_Hit_Spikes","Server/Particles/Projectile/Stalactite/Spawners/Stalactite_Hit_Spikes.particlespawner","2208","63E5374D20707616E839C2B3EB411C7877810A5DE5D5A54CC43D085466B66B3B"
"particle-spawners","Azure_Spiral","Spell/Azure_Spiral/Spawners/Azure_Spiral","Server/Particles/Spell/Azure_Spiral/Spawners/Azure_Spiral.particlespawner","2767","0D6D4B87BC971DC25230E7DB4BCCFCF7974D9A9AC45E4A7501951623E65A52D7"
"particle-spawners","Beam","Spell/Beam/Spawners/Beam","Server/Particles/Spell/Beam/Spawners/Beam.particlespawner","3846","F223B23E4A8E105B71A976FA202615A2C9D8F66C26D3EFC77E97D992703AEE9B"
"particle-spawners","Beam_Lightning","Spell/Beam/Spawners/Beam_Lightning","Server/Particles/Spell/Beam/Spawners/Beam_Lightning.particlespawner","2771","8AC57EC341C768E57303F606FE19E322CFCC1D7A29D3A9412AF6B548ADB029A3"
"particle-spawners","Beam_Lightning2","Spell/Beam/Spawners/Beam_Lightning2","Server/Particles/Spell/Beam/Spawners/Beam_Lightning2.particlespawner","2771","6591AC34235CA0E983FBE9742F82F42064C3260054D54CFFA49B52124A095E50"
"particle-spawners","BlueBeam_Explosion","Spell/BlueBeam/Spawners/BlueBeam_Explosion","Server/Particles/Spell/BlueBeam/Spawners/BlueBeam_Explosion.particlespawner","3127","C7E162EBC0BD6CD7D697A17E0721CAD9C3AA16B47EA86AFEB6655D7014C79BE7"
"particle-spawners","BlueBeam_Explosion2","Spell/BlueBeam/Spawners/BlueBeam_Explosion2","Server/Particles/Spell/BlueBeam/Spawners/BlueBeam_Explosion2.particlespawner","3289","167421A4E9A3700263186458D39D49BCDC70D3B24C435EC4A2896D814DA445FF"
"particle-spawners","E_Sphere_Old","Spell/E_Sphere_Old/Spawners/E_Sphere_Old","Server/Particles/Spell/E_Sphere_Old/Spawners/E_Sphere_Old.particlespawner","2780","C8D3B8F85BD7BE272E206002D02B85E26D5A5E4F8914E0DDDBF5B0522D58C667"
"particle-spawners","Extra_Time","Spell/Extra_Time","Server/Particles/Spell/Extra_Time.particlespawner","3049","B645D5C5F2E76DBA73E7028CCF406CBE56ADD556DD023B0D5B507470509D22A0"
"particle-spawners","Firework_GS","Spell/Fireworks/Spawners/Firework_GS","Server/Particles/Spell/Fireworks/Spawners/Firework_GS.particlespawner","2220","5C87B9130880F90A9C60C68ED39185319C3F9940B02A27C016B1CA3BDCF83F25"
"particle-spawners","Firework_Purple","Spell/Fireworks/Spawners/Firework_Purple","Server/Particles/Spell/Fireworks/Spawners/Firework_Purple.particlespawner","2361","02140E6DF8C38819CE6EFB4649FC1510760CAFFA55BA638DA28F552F3C796412"
"particle-spawners","Firework_Red","Spell/Fireworks/Spawners/Firework_Red","Server/Particles/Spell/Fireworks/Spawners/Firework_Red.particlespawner","2363","BCFDB14A40037CB7C774FC5C91AC3B2BF6EDD6DD9075A69D1A887168295FFF6B"
"particle-spawners","Firework_Yellow","Spell/Fireworks/Spawners/Firework_Yellow","Server/Particles/Spell/Fireworks/Spawners/Firework_Yellow.particlespawner","2361","A7E5C620D03311F4A067933414D8B10FDB68A62630263DECBB67586B3C1BF35A"
"particle-spawners","Fireworks_Trail","Spell/Fireworks/Spawners/Fireworks_Trail","Server/Particles/Spell/Fireworks/Spawners/Fireworks_Trail.particlespawner","1757","46CDCB58B9672A02FE382BFCCE52B95AA110A2F23580395F1DBE9D552042896C"
"particle-spawners","Star_Flash_GS","Spell/Fireworks/Spawners/Star_Flash_GS","Server/Particles/Spell/Fireworks/Spawners/Star_Flash_GS.particlespawner","2101","198ADD9B86EDE66FEA880A86DC10B987B25ED92D9D659F7C89DA0CF408B6FF94"
"particle-spawners","GreenOrbCrystals","Spell/GreenOrb/Spawners/GreenOrbCrystals","Server/Particles/Spell/GreenOrb/Spawners/GreenOrbCrystals.particlespawner","2730","5EB365FD080D96418006336EB5ED0CBD4F218E3E482DBAB0F2D0D37C86EBC800"
"particle-spawners","GreenOrbDust","Spell/GreenOrb/Spawners/GreenOrbDust","Server/Particles/Spell/GreenOrb/Spawners/GreenOrbDust.particlespawner","2174","FEACA3B4381AA141B15FA89E044A76AD6D482718B3C7E5D5B810712E1B65A6FB"
"particle-spawners","GreenOrbSmoke","Spell/GreenOrb/Spawners/GreenOrbSmoke","Server/Particles/Spell/GreenOrb/Spawners/GreenOrbSmoke.particlespawner","2581","CD08C5107EC9AA4F47C88BF0E847E6DEAF420F060F93AEDF3920AB31674EF19B"
"particle-spawners","GreenOrbSparks","Spell/GreenOrb/Spawners/GreenOrbSparks","Server/Particles/Spell/GreenOrb/Spawners/GreenOrbSparks.particlespawner","2342","8B73FD77305BF2D0A0F6D9932E2C8F3A01A50E12DD1E6ED4FB2F5666538E9A12"
"particle-spawners","GreenOrbSplash","Spell/GreenOrb/Spawners/GreenOrbSplash","Server/Particles/Spell/GreenOrb/Spawners/GreenOrbSplash.particlespawner","2413","1BED9BC84283837DB5A5CA63EBB2883B9F0029E92A1C4BD491FC16F774BF4FCF"
"particle-spawners","Skeleton_Mage_Staff_Vertical","Spell/GreenOrb/Spawners/Skeleton_Mage_Staff_Vertical","Server/Particles/Spell/GreenOrb/Spawners/Skeleton_Mage_Staff_Vertical.particlespawner","2874","26D70DA8FAE38BB5287A0FEFDE740095AEF5673432809C289BB3E31F758F2700"
"particle-spawners","Ice_Blast_Buff","Spell/Ice_Blast/Spawners/Ice_Blast_Buff","Server/Particles/Spell/Ice_Blast/Spawners/Ice_Blast_Buff.particlespawner","2697","EA4BDA7483DEDDCD393E64BFED4D8D26BCC33028F823AB631598715755DF72B0"
"particle-spawners","Ice_Blast_Rings","Spell/Ice_Blast/Spawners/Ice_Blast_Rings","Server/Particles/Spell/Ice_Blast/Spawners/Ice_Blast_Rings.particlespawner","2808","E674AB72A50F528317AB2AD6E8C439AAF6C524EE48BA9B50C5B4764655BC97CE"
"particle-spawners","Ice_Blast_Rings_Thin","Spell/Ice_Blast/Spawners/Ice_Blast_Rings_Thin","Server/Particles/Spell/Ice_Blast/Spawners/Ice_Blast_Rings_Thin.particlespawner","2830","8338522D8569BF5AECB6EC68EE1D97015E27DDD44DB80F3147D9CAAF2882872B"
"particle-spawners","Ice_Blast_Rings2","Spell/Ice_Blast/Spawners/Ice_Blast_Rings2","Server/Particles/Spell/Ice_Blast/Spawners/Ice_Blast_Rings2.particlespawner","3160","BF7C805594BD58BD9E83F6654584133DE4C352FB20B609B1E4B7F3590ED61B7C"
"particle-spawners","Ice_Blaste_Growing_Disk","Spell/Ice_Blast/Spawners/Ice_Blaste_Growing_Disk","Server/Particles/Spell/Ice_Blast/Spawners/Ice_Blaste_Growing_Disk.particlespawner","2788","7FC2B05EDDCBBE4133933C7FA7860BA61B49B490EE0DA9FA12B115B12B98E698"
"particle-spawners","Lightning","Spell/Lightning/Spawners/Lightning","Server/Particles/Spell/Lightning/Spawners/Lightning.particlespawner","2825","132FD54E10969A14C0E853EB59A457D6AD299151B2201BD576098D1AB9B73542"
"particle-spawners","Lightning_Poof","Spell/Lightning/Spawners/Lightning_Poof","Server/Particles/Spell/Lightning/Spawners/Lightning_Poof.particlespawner","2862","5B223C1B59D1E3AB8FE97BFD291F3F424E3C796863FD4BE98E605FEB6F50ACC3"
"particle-spawners","Lightning_Smoke","Spell/Lightning/Spawners/Lightning_Smoke","Server/Particles/Spell/Lightning/Spawners/Lightning_Smoke.particlespawner","3090","82107FC5A6A16B35AFE2A919C121ECB3398AC572378BA327421CE8398987CD56"
"particle-spawners","Lightning_Sparks","Spell/Lightning/Spawners/Lightning_Sparks","Server/Particles/Spell/Lightning/Spawners/Lightning_Sparks.particlespawner","2710","EA36C1AA46FE6E14301A5E02EBC8774E32A7C2565C7103825979E5D74DA621BD"
"particle-spawners","Lightning_Start","Spell/Lightning/Spawners/Lightning_Start","Server/Particles/Spell/Lightning/Spawners/Lightning_Start.particlespawner","2560","221E95D1F9F6A388DB5F7F249042F5D84A02C5CBDBA2A2C021006408261D592E"
"particle-spawners","Lightning_Trail","Spell/Lightning/Spawners/Lightning_Trail","Server/Particles/Spell/Lightning/Spawners/Lightning_Trail.particlespawner","2864","7F66F55B9D81D2EC1A59852AD616C67FB18ED24919841C77A9E241D3A5C2B56E"
"particle-spawners","MAgic_Hit_DustGold","Spell/MagicBlast/Spawners/MAgic_Hit_DustGold","Server/Particles/Spell/MagicBlast/Spawners/MAgic_Hit_DustGold.particlespawner","2856","0B3F84B22CA280B63B958B79505B4C53E0A8C6635D94C995164E46CB828CB455"
"particle-spawners","Magic_Hit_Smoke","Spell/MagicBlast/Spawners/Magic_Hit_Smoke","Server/Particles/Spell/MagicBlast/Spawners/Magic_Hit_Smoke.particlespawner","2946","59404F0D004E560F5A71C8AB2F5E1A8855D5E3BCCFC562D24E74F6255385BA07"
"particle-spawners","MagicHit_DustWhite","Spell/MagicBlast/Spawners/MagicHit_DustWhite","Server/Particles/Spell/MagicBlast/Spawners/MagicHit_DustWhite.particlespawner","2856","049AB6B12285E36966FF99A5DD6D1C70B335A42F201281728D4E15C8EEF48063"
"particle-spawners","MagicHit_Flair","Spell/MagicBlast/Spawners/MagicHit_Flair","Server/Particles/Spell/MagicBlast/Spawners/MagicHit_Flair.particlespawner","2783","8092E6AA5D407BB33AA7FCD745FABE0A43BA3BF4582CD31A072BDC73C2FB625D"
"particle-spawners","MagicHit_Flash","Spell/MagicBlast/Spawners/MagicHit_Flash","Server/Particles/Spell/MagicBlast/Spawners/MagicHit_Flash.particlespawner","2764","485C5D635FD18730BBE2BFDCF42B969E9FF11D935FDCFBEC4CFAD1BEBB36DEBA"
"particle-spawners","MagicHit_Glow","Spell/MagicBlast/Spawners/MagicHit_Glow","Server/Particles/Spell/MagicBlast/Spawners/MagicHit_Glow.particlespawner","2761","C7C1B9F1FB5DFBB3E96E176EFB56DA5D332FBC58751F793EECEFF16B764CC855"
"particle-spawners","MagicHit_Schockwave","Spell/MagicBlast/Spawners/MagicHit_Schockwave","Server/Particles/Spell/MagicBlast/Spawners/MagicHit_Schockwave.particlespawner","2755","62AE898E0D44021AC6D2AAF67CBC735A8E30F4FB8D7EBE7CE6828305EF0EA196"
"particle-spawners","Orb_Core","Spell/Orb_Core","Server/Particles/Spell/Orb_Core.particlespawner","1595","C2B2937DD47165C002D8673A6D467B1D11396D33577A429392D793EA58696602"
"particle-spawners","Orb_Falling_Sparks","Spell/Orb_Falling_Sparks","Server/Particles/Spell/Orb_Falling_Sparks.particlespawner","1603","4D1BFC88A73DC34DC3896978E71D88C32510CCAA1037CDCE031D765EEB28F517"
"particle-spawners","Orb_Glow","Spell/Orb_Glow","Server/Particles/Spell/Orb_Glow.particlespawner","1710","67088911F8F09553830C3FD90062CDE7F8BDC4640F6408DA79DE989B4DB91F04"
"particle-spawners","Orb_Line_Trail","Spell/Orb_Line_Trail","Server/Particles/Spell/Orb_Line_Trail.particlespawner","1600","78869E835F56B9AF6F54FDBA17DB08461D5926D7B473E25B5550AB70D3762866"
"particle-spawners","Orb_Sparks","Spell/Orb_Sparks","Server/Particles/Spell/Orb_Sparks.particlespawner","1543","76821D1B7B7262CC3DF4B5761321DC302A2C7C4136FA7668CF58E11DB052DD63"
"particle-spawners","CreativeWorld_Default","Spell/Portal/Spawners/CreativeWorld_Default","Server/Particles/Spell/Portal/Spawners/CreativeWorld_Default.particlespawner","2364","5D8C6A29D64AD94B970A5F3BD9E6DE58D3C8306A4956DDBD464DF26D0377ECC1"
"particle-spawners","CreativeWorld_Flat","Spell/Portal/Spawners/CreativeWorld_Flat","Server/Particles/Spell/Portal/Spawners/CreativeWorld_Flat.particlespawner","2362","5995F6E98678EFF50F04BEF89E1F0B39833B5B38E84B50B20BA755C8DF2A6AC7"
"particle-spawners","CreativeWorld_Taiga","Spell/Portal/Spawners/CreativeWorld_Taiga","Server/Particles/Spell/Portal/Spawners/CreativeWorld_Taiga.particlespawner","2362","D54C6442FE6ED3AEB6F8AAB9FE9BA0C9ECD0019D0602536DCE6BD4887F5B6367"
"particle-spawners","GoblinBreach_Beam","Spell/Portal/Spawners/GoblinBreach/GoblinBreach_Beam","Server/Particles/Spell/Portal/Spawners/GoblinBreach/GoblinBreach_Beam.particlespawner","1764","BBFD798436AAD00CF1E40A1FFEFEC56E4688E63773C778BF11C6F8112237C402"
"particle-spawners","GoblinBreach_Collapse","Spell/Portal/Spawners/GoblinBreach/GoblinBreach_Collapse","Server/Particles/Spell/Portal/Spawners/GoblinBreach/GoblinBreach_Collapse.particlespawner","1361","A6376325C47890D3F24F21F30C0E12BC31EAF831B17510981DB7655256E3B71A"
"particle-spawners","GoblinBreach_Collapse_Distortion","Spell/Portal/Spawners/GoblinBreach/GoblinBreach_Collapse_Distortion","Server/Particles/Spell/Portal/Spawners/GoblinBreach/GoblinBreach_Collapse_Distortion.particlespawner","1833","7579EFDA747C10C18A674C19BD439F61B5DFD6861EDD7726CF83C599BF9780C1"
"particle-spawners","GoblinBreach_Cracks","Spell/Portal/Spawners/GoblinBreach/GoblinBreach_Cracks","Server/Particles/Spell/Portal/Spawners/GoblinBreach/GoblinBreach_Cracks.particlespawner","1983","AD60D21B3C7E6C2AF4BC848E6313D6A86B306077DC074FEA7D5BDBEF14F6069D"
"particle-spawners","GoblinBreach_CrackSpark","Spell/Portal/Spawners/GoblinBreach/GoblinBreach_CrackSpark","Server/Particles/Spell/Portal/Spawners/GoblinBreach/GoblinBreach_CrackSpark.particlespawner","1699","5CBD0F24185B68E7B3ECA2CB2061ED6C981FFDD0CC65E6BFA4B60A9A48EAD19F"
"particle-spawners","GoblinBreach_Debris","Spell/Portal/Spawners/GoblinBreach/GoblinBreach_Debris","Server/Particles/Spell/Portal/Spawners/GoblinBreach/GoblinBreach_Debris.particlespawner","2977","22BE49AFD28B7B57869FFC071B5D483016880C440544C0250CD29F21C4290C03"
"particle-spawners","GoblinBreach_Debris2","Spell/Portal/Spawners/GoblinBreach/GoblinBreach_Debris2","Server/Particles/Spell/Portal/Spawners/GoblinBreach/GoblinBreach_Debris2.particlespawner","2855","4F20229669DC8BE28599AD77CED802BF2702629F0B5B4B24DA134BE607DF08A7"
"particle-spawners","GoblinBreach_ElectricSparks","Spell/Portal/Spawners/GoblinBreach/GoblinBreach_ElectricSparks","Server/Particles/Spell/Portal/Spawners/GoblinBreach/GoblinBreach_ElectricSparks.particlespawner","2082","5E2EBB736C5C994D708C39DDD64A4FD7F1FEFCEB170CB3B4FE4034125715E7F0"
"particle-spawners","GoblinBreach_Field_Distortion","Spell/Portal/Spawners/GoblinBreach/GoblinBreach_Field_Distortion","Server/Particles/Spell/Portal/Spawners/GoblinBreach/GoblinBreach_Field_Distortion.particlespawner","1908","0588E877766671AB7D7347A28EBF1C2859882A760EB4CFE6B27FCEAAAA20ECC2"
"particle-spawners","GoblinBreach_Field_Lines","Spell/Portal/Spawners/GoblinBreach/GoblinBreach_Field_Lines","Server/Particles/Spell/Portal/Spawners/GoblinBreach/GoblinBreach_Field_Lines.particlespawner","1937","9A0FE46DE3751A2E942CECB9E6953DD801351D7122D08E41FA04883C6BD2B674"
"particle-spawners","GoblinBreach_Field_Lines2","Spell/Portal/Spawners/GoblinBreach/GoblinBreach_Field_Lines2","Server/Particles/Spell/Portal/Spawners/GoblinBreach/GoblinBreach_Field_Lines2.particlespawner","2101","EBD683577279E751D36B2F84F5BB5F74391C168CCFE57BE6F21E8ECDF7BC2B5D"
"particle-spawners","GoblinBreach_Glow","Spell/Portal/Spawners/GoblinBreach/GoblinBreach_Glow","Server/Particles/Spell/Portal/Spawners/GoblinBreach/GoblinBreach_Glow.particlespawner","2585","C2191BAF73D0E3E672A4D99E665AD1C839917EEEEF65F3BE929D01F8366E7E5C"
"particle-spawners","GoblinBreach_Glow_Passive","Spell/Portal/Spawners/GoblinBreach/GoblinBreach_Glow_Passive","Server/Particles/Spell/Portal/Spawners/GoblinBreach/GoblinBreach_Glow_Passive.particlespawner","2537","36B4C3260A5B74FEF1B9AF6BAAAA8EBD422860F7AA18A9CECD5BF94C28665348"
"particle-spawners","GoblinBreach_Implosion","Spell/Portal/Spawners/GoblinBreach/GoblinBreach_Implosion","Server/Particles/Spell/Portal/Spawners/GoblinBreach/GoblinBreach_Implosion.particlespawner","2314","A2D9D4626E144E2AD8957F6919F29D3DABC42C0F09CAB31789CFF21C9608200A"
"particle-spawners","GoblinBreach_Lightning1","Spell/Portal/Spawners/GoblinBreach/GoblinBreach_Lightning1","Server/Particles/Spell/Portal/Spawners/GoblinBreach/GoblinBreach_Lightning1.particlespawner","2152","3FA558DD6095B39B005CA8B70424ADEE257EF9E54E892C844FEDAE24B477B7BD"
"particle-spawners","GoblinBreach_Lightning2","Spell/Portal/Spawners/GoblinBreach/GoblinBreach_Lightning2","Server/Particles/Spell/Portal/Spawners/GoblinBreach/GoblinBreach_Lightning2.particlespawner","2836","BAD70A0CFA4A3054AFFBDC1DB45983A26D3E011781E77F6D9A8FEE4ACA013373"
"particle-spawners","GoblinBreach_Lightning3","Spell/Portal/Spawners/GoblinBreach/GoblinBreach_Lightning3","Server/Particles/Spell/Portal/Spawners/GoblinBreach/GoblinBreach_Lightning3.particlespawner","2842","9A144AF167C265C5B52929D5F33AAF7F1BFE4D8C7072F92F909C4E680BB0936A"
"particle-spawners","GoblinBreach_Lightning4","Spell/Portal/Spawners/GoblinBreach/GoblinBreach_Lightning4","Server/Particles/Spell/Portal/Spawners/GoblinBreach/GoblinBreach_Lightning4.particlespawner","2945","44DDE0E74E02BFC8EE4FA6B685DDB6354745C5C9DFFB98062A7339A41AE87D39"
"particle-spawners","GoblinBreach_Lightning5","Spell/Portal/Spawners/GoblinBreach/GoblinBreach_Lightning5","Server/Particles/Spell/Portal/Spawners/GoblinBreach/GoblinBreach_Lightning5.particlespawner","2951","EA520E2E65026D8EC3F5067040B1859873863C3C0D4E5CF240AEAF4BEA63CC37"
"particle-spawners","GoblinBreach_Lightning6","Spell/Portal/Spawners/GoblinBreach/GoblinBreach_Lightning6","Server/Particles/Spell/Portal/Spawners/GoblinBreach/GoblinBreach_Lightning6.particlespawner","2949","E471A3E825F10D92201CDF859B208D04A2F31E950E5342C7F507AB5B681E25A4"
"particle-spawners","GoblinBreach_Portal_Core","Spell/Portal/Spawners/GoblinBreach/GoblinBreach_Portal_Core","Server/Particles/Spell/Portal/Spawners/GoblinBreach/GoblinBreach_Portal_Core.particlespawner","1736","709361902A2763AD6106F9006DA58C77AF206D75655EE9D1BDC1428268B595BA"
"particle-spawners","GoblinBreach_Portal_Core2","Spell/Portal/Spawners/GoblinBreach/GoblinBreach_Portal_Core2","Server/Particles/Spell/Portal/Spawners/GoblinBreach/GoblinBreach_Portal_Core2.particlespawner","1456","0510E029FFBE155811ACC3DC470A3B221DFB975706DAA945F29AB053DCFC7FC5"
"particle-spawners","GoblinBreach_Portal_Core3","Spell/Portal/Spawners/GoblinBreach/GoblinBreach_Portal_Core3","Server/Particles/Spell/Portal/Spawners/GoblinBreach/GoblinBreach_Portal_Core3.particlespawner","1808","B956B95E26F82A7193EEEB56B0DBCC3CDE2E9D8624901C5CDD74EF0E43767865"
"particle-spawners","GoblinBreach_Portal_Core4","Spell/Portal/Spawners/GoblinBreach/GoblinBreach_Portal_Core4","Server/Particles/Spell/Portal/Spawners/GoblinBreach/GoblinBreach_Portal_Core4.particlespawner","2062","D9DA2DFD827D544965FDD6FA23D024886FA950FB08A3545EE2BDC8F3787CC7AE"
"particle-spawners","GoblinBreach_Portal_Core5","Spell/Portal/Spawners/GoblinBreach/GoblinBreach_Portal_Core5","Server/Particles/Spell/Portal/Spawners/GoblinBreach/GoblinBreach_Portal_Core5.particlespawner","1716","E810244AD284F147CB9782E7B1D7E42D42CD5C702B207ABAAA90EF71C78FE887"
"particle-spawners","GoblinBreach_Portal_Core6","Spell/Portal/Spawners/GoblinBreach/GoblinBreach_Portal_Core6","Server/Particles/Spell/Portal/Spawners/GoblinBreach/GoblinBreach_Portal_Core6.particlespawner","1749","4AF2B6E4FB742336ECB7B49EDBA5D1D8EFA3F4C1D29A5D71F3BBEEEA6D75D04F"
"particle-spawners","GoblinBreach_Portal_Core7","Spell/Portal/Spawners/GoblinBreach/GoblinBreach_Portal_Core7","Server/Particles/Spell/Portal/Spawners/GoblinBreach/GoblinBreach_Portal_Core7.particlespawner","1750","5168082C503FC5E8B63C269E3327530C4A6EA43F46A618C9DBEC50709C514B12"
"particle-spawners","GoblinBreach_Portal_Lightning","Spell/Portal/Spawners/GoblinBreach/GoblinBreach_Portal_Lightning","Server/Particles/Spell/Portal/Spawners/GoblinBreach/GoblinBreach_Portal_Lightning.particlespawner","2819","FDD6FAE8587B49B9437802AC9C6D39A72FB2633983A6794DAA4725E376AAB23F"
"particle-spawners","GoblinBreach_Portal_Scrap","Spell/Portal/Spawners/GoblinBreach/GoblinBreach_Portal_Scrap","Server/Particles/Spell/Portal/Spawners/GoblinBreach/GoblinBreach_Portal_Scrap.particlespawner","2236","1A396E822D858628EFFBBD7B225701831BED773D4822B51B27AEA0DE6AE6F0FC"
"particle-spawners","GoblinBreach_Portal_Shockwave","Spell/Portal/Spawners/GoblinBreach/GoblinBreach_Portal_Shockwave","Server/Particles/Spell/Portal/Spawners/GoblinBreach/GoblinBreach_Portal_Shockwave.particlespawner","2920","B78CF291FA632E47CCFB479A12A9F20781245D1FC6738A102CC56A6F3B44132F"
"particle-spawners","GoblinBreach_Portal_Shockwave2","Spell/Portal/Spawners/GoblinBreach/GoblinBreach_Portal_Shockwave2","Server/Particles/Spell/Portal/Spawners/GoblinBreach/GoblinBreach_Portal_Shockwave2.particlespawner","2914","854B6FCA63562621109D2688A5C8F3866F2F773F315B5AACF1B6A2949C70B1EE"
"particle-spawners","Portal_Activate_Flash","Spell/Portal/Spawners/GoingThrough/Portal_Activate_Flash","Server/Particles/Spell/Portal/Spawners/GoingThrough/Portal_Activate_Flash.particlespawner","2369","3D4C76D6850E38D3B0435EA3040EA0916F4D1B71A26035C1260DDA8AFDC4BFFC"
"particle-spawners","Portal_Activate_Flash2","Spell/Portal/Spawners/GoingThrough/Portal_Activate_Flash2","Server/Particles/Spell/Portal/Spawners/GoingThrough/Portal_Activate_Flash2.particlespawner","2767","A1272C8A6BB80BDD6E8DB42EB6523AB3FAAE26345DB10899C3213B303F5C391A"
"particle-spawners","Portal_Activate_Glow","Spell/Portal/Spawners/GoingThrough/Portal_Activate_Glow","Server/Particles/Spell/Portal/Spawners/GoingThrough/Portal_Activate_Glow.particlespawner","2790","DF472813B5FC75EA66339CCB71B296719BD60A85F161594A73790EEAFA09F7A0"
"particle-spawners","Portal_Activate_Rays","Spell/Portal/Spawners/GoingThrough/Portal_Activate_Rays","Server/Particles/Spell/Portal/Spawners/GoingThrough/Portal_Activate_Rays.particlespawner","2363","EF3806051F92097EEB0DADA374507DBFCD559B1B511DA7E641D89D561C97F02E"
"particle-spawners","Portal_Activate_Rays2","Spell/Portal/Spawners/GoingThrough/Portal_Activate_Rays2","Server/Particles/Spell/Portal/Spawners/GoingThrough/Portal_Activate_Rays2.particlespawner","2281","8024A028D6845D094F8403B6A16B2A8E45F86FC0AC54E82E5EE468A28A967732"
"particle-spawners","Portal_Activate_Rays3","Spell/Portal/Spawners/GoingThrough/Portal_Activate_Rays3","Server/Particles/Spell/Portal/Spawners/GoingThrough/Portal_Activate_Rays3.particlespawner","2151","C3F623191D35B6BB6C527C99534A11BAD6FAE6316BAAE27E56306F5CB5E433D5"
"particle-spawners","Portal_Activate_Sparks","Spell/Portal/Spawners/GoingThrough/Portal_Activate_Sparks","Server/Particles/Spell/Portal/Spawners/GoingThrough/Portal_Activate_Sparks.particlespawner","1695","6240DC50166C937DD31CF03C8FCAF19ADAB84E96376BD0E0BFF16EE53284490F"
"particle-spawners","Portal_Through_Blinks","Spell/Portal/Spawners/GoingThrough/Portal_Through_Blinks","Server/Particles/Spell/Portal/Spawners/GoingThrough/Portal_Through_Blinks.particlespawner","3256","887B0880B46F3430C939E0EABBA728FFAE581C7B0C778388E2919A1E0A8662E9"
"particle-spawners","ForgottenTemple_Circle","Spell/Portal/Spawners/MagicPortal/ForgottenTemple_Circle","Server/Particles/Spell/Portal/Spawners/MagicPortal/ForgottenTemple_Circle.particlespawner","1447","A9068812510C283F74E6E0F0249376E673DC93F663318E117ABE90AC2EAEEB2A"
"particle-spawners","MagicPortal_Center","Spell/Portal/Spawners/MagicPortal/MagicPortal_Center","Server/Particles/Spell/Portal/Spawners/MagicPortal/MagicPortal_Center.particlespawner","898","D59873D1265E4C1481C22F3FE1F479E98883BCEC2E25C140BA3610088A17175A"
"particle-spawners","MagicPortal_Center_GS","Spell/Portal/Spawners/MagicPortal/MagicPortal_Center_GS","Server/Particles/Spell/Portal/Spawners/MagicPortal/MagicPortal_Center_GS.particlespawner","872","45FCA2A39BCF8489AFB2B09E8D3F8CC018D76A3DEAD442B16EB69377917F7F7B"
"particle-spawners","MagicPortal_CenterCircle","Spell/Portal/Spawners/MagicPortal/MagicPortal_CenterCircle","Server/Particles/Spell/Portal/Spawners/MagicPortal/MagicPortal_CenterCircle.particlespawner","992","34B8AA14B61548F3B8913DF99F7CD705E37B9C176E0823C15CD20BD4FC8848AE"
"particle-spawners","MagicPortal_CenterCircle_GS","Spell/Portal/Spawners/MagicPortal/MagicPortal_CenterCircle_GS","Server/Particles/Spell/Portal/Spawners/MagicPortal/MagicPortal_CenterCircle_GS.particlespawner","966","AA1DF3B265EF675C95FD204C2EA8A8DF15AFAFD53171886D50E178D9BB96958F"
"particle-spawners","MagicPortal_CenterGlow","Spell/Portal/Spawners/MagicPortal/MagicPortal_CenterGlow","Server/Particles/Spell/Portal/Spawners/MagicPortal/MagicPortal_CenterGlow.particlespawner","898","0BF68101B1C56CEF1552024A06659DE1E662ABD69C61D6FE4846A0AFCF288D57"
"particle-spawners","MagicPortal_CenterGlow_GS","Spell/Portal/Spawners/MagicPortal/MagicPortal_CenterGlow_GS","Server/Particles/Spell/Portal/Spawners/MagicPortal/MagicPortal_CenterGlow_GS.particlespawner","872","FA7A56CFFA99B28D12C8DA867F384D1148636DDDE0D2BE1A80FFCB7E8DABDEE6"
"particle-spawners","MagicPortal_Circles","Spell/Portal/Spawners/MagicPortal/MagicPortal_Circles","Server/Particles/Spell/Portal/Spawners/MagicPortal/MagicPortal_Circles.particlespawner","1989","A4980D1965600E381EC15D3754CD3808E2CF5A8D1166D5D6E7143969B1D34D7B"
"particle-spawners","MagicPortal_CirclesRed","Spell/Portal/Spawners/MagicPortal/MagicPortal_CirclesRed","Server/Particles/Spell/Portal/Spawners/MagicPortal/MagicPortal_CirclesRed.particlespawner","1680","E8607D7B5137010EE2D6FE3DE4D4D1F3B831CE30243A6836BF19634F81D5142C"
"particle-spawners","MagicPortal_Flash","Spell/Portal/Spawners/MagicPortal/MagicPortal_Flash","Server/Particles/Spell/Portal/Spawners/MagicPortal/MagicPortal_Flash.particlespawner","2203","459A6AB87760BE453C9A26B9035FE99AFA21E16B70972A6252AA91EBC017167E"
"particle-spawners","MagicPortal_Flash_GS","Spell/Portal/Spawners/MagicPortal/MagicPortal_Flash_GS","Server/Particles/Spell/Portal/Spawners/MagicPortal/MagicPortal_Flash_GS.particlespawner","2177","18E526FFB5741ED3B9C1FC90B0CE1A3DF3B0AA70707A95E3ED0B5E1463C2D734"
"particle-spawners","MagicPortal_ForgottenTemple_Center","Spell/Portal/Spawners/MagicPortal/MagicPortal_ForgottenTemple_Center","Server/Particles/Spell/Portal/Spawners/MagicPortal/MagicPortal_ForgottenTemple_Center.particlespawner","898","46D1772FA35D0BAA95D27EDA4426C69190E35F2DAD69F3C5B17B7D218BBE55F6"
"particle-spawners","MagicPortal_ForgottenTemple_CenterCircle","Spell/Portal/Spawners/MagicPortal/MagicPortal_ForgottenTemple_CenterCircle","Server/Particles/Spell/Portal/Spawners/MagicPortal/MagicPortal_ForgottenTemple_CenterCircle.particlespawner","1205","66A6FCAC41BF4B48F17E6F2795766062B068C23578F154EB54AB0CE4D7A33745"
"particle-spawners","MagicPortal_ForgottenTemple_CenterGlow","Spell/Portal/Spawners/MagicPortal/MagicPortal_ForgottenTemple_CenterGlow","Server/Particles/Spell/Portal/Spawners/MagicPortal/MagicPortal_ForgottenTemple_CenterGlow.particlespawner","898","AE13A52236B240C0A8501A0DC1E6138D43820A5E03DEEB1B64EDBF0F24404C21"
"particle-spawners","MagicPortal_ForgottenTemple_Flash","Spell/Portal/Spawners/MagicPortal/MagicPortal_ForgottenTemple_Flash","Server/Particles/Spell/Portal/Spawners/MagicPortal/MagicPortal_ForgottenTemple_Flash.particlespawner","2201","B8379F527589FA7A179584E8FD3410B71BB4683641471E71AB92AE2C4D9A68BE"
"particle-spawners","MagicPortal_ForgottenTemple_GlowCenterIntense","Spell/Portal/Spawners/MagicPortal/MagicPortal_ForgottenTemple_GlowCenterIntense","Server/Particles/Spell/Portal/Spawners/MagicPortal/MagicPortal_ForgottenTemple_GlowCenterIntense.particlespawner","1907","06666820993C326B045DF75D3048586340D963C0225D89DF2EAACF6E4E0BAE41"
"particle-spawners","MagicPortal_ForgottenTemple_GlowSmoke","Spell/Portal/Spawners/MagicPortal/MagicPortal_ForgottenTemple_GlowSmoke","Server/Particles/Spell/Portal/Spawners/MagicPortal/MagicPortal_ForgottenTemple_GlowSmoke.particlespawner","2392","E0E49C9401AA491EC9D9D03910B944F018E038F4CE37C04A278E1DCECA8DFA9E"
"particle-spawners","MagicPortal_ForgottenTemple_OuterCircle","Spell/Portal/Spawners/MagicPortal/MagicPortal_ForgottenTemple_OuterCircle","Server/Particles/Spell/Portal/Spawners/MagicPortal/MagicPortal_ForgottenTemple_OuterCircle.particlespawner","2396","4CEEC2A9DAB01CB7AF68047A2D6D8725A9BCDBBCEE4AA0CD3BC720B15884140E"
"particle-spawners","MagicPortal_ForgottenTemple_SmokeAlpha","Spell/Portal/Spawners/MagicPortal/MagicPortal_ForgottenTemple_SmokeAlpha","Server/Particles/Spell/Portal/Spawners/MagicPortal/MagicPortal_ForgottenTemple_SmokeAlpha.particlespawner","1690","41D3EF6D2B2015EA1CAC75E2E0388B09F84BDE21BE0A9119D6B62DD1C1160163"
"particle-spawners","MagicPortal_ForgottenTemple_SmokeMiddle","Spell/Portal/Spawners/MagicPortal/MagicPortal_ForgottenTemple_SmokeMiddle","Server/Particles/Spell/Portal/Spawners/MagicPortal/MagicPortal_ForgottenTemple_SmokeMiddle.particlespawner","2423","576C5067279B1F71EF667570FD84A8CE097277987A183A71D64DC97CBFC87747"
"particle-spawners","MagicPortal_ForgottenTemple_Sparks","Spell/Portal/Spawners/MagicPortal/MagicPortal_ForgottenTemple_Sparks","Server/Particles/Spell/Portal/Spawners/MagicPortal/MagicPortal_ForgottenTemple_Sparks.particlespawner","1866","0C885237FF4BF49FD4C4F441CE9C7338D938C6ADA809ACA657F95EB6406CA2FC"
"particle-spawners","MagicPortal_ForgottenTemple_Spawn","Spell/Portal/Spawners/MagicPortal/MagicPortal_ForgottenTemple_Spawn","Server/Particles/Spell/Portal/Spawners/MagicPortal/MagicPortal_ForgottenTemple_Spawn.particlespawner","2941","B379B9492E5BE9F0E4BD041A4BD7A4C7D1BD89DE39DEEC618E3B6BD89A1B17CA"
"particle-spawners","MagicPortal_SmokeAlpha","Spell/Portal/Spawners/MagicPortal/MagicPortal_SmokeAlpha","Server/Particles/Spell/Portal/Spawners/MagicPortal/MagicPortal_SmokeAlpha.particlespawner","1614","2F47C232CD74482BFDD26AD8BC6D2D338EF3DA90BB659CA9F90700A8A9C4A4E7"
"particle-spawners","MagicPortal_SmokeAlpha_GS","Spell/Portal/Spawners/MagicPortal/MagicPortal_SmokeAlpha_GS","Server/Particles/Spell/Portal/Spawners/MagicPortal/MagicPortal_SmokeAlpha_GS.particlespawner","1558","E430BA0CE547559FCB3EFD29238C46E733CB79CCD307D4C31E77C5B30BC8C08C"
"particle-spawners","MagicPortal_SmokeMiddle","Spell/Portal/Spawners/MagicPortal/MagicPortal_SmokeMiddle","Server/Particles/Spell/Portal/Spawners/MagicPortal/MagicPortal_SmokeMiddle.particlespawner","2445","9547E3F90EA3D89622330EBAEECC5786C3FFAFC8C90AF74EA6611E35AB2C962C"
"particle-spawners","MagicPortal_SmokeMiddle_GS","Spell/Portal/Spawners/MagicPortal/MagicPortal_SmokeMiddle_GS","Server/Particles/Spell/Portal/Spawners/MagicPortal/MagicPortal_SmokeMiddle_GS.particlespawner","2391","A1936C1F0AD781B309D63DEDE6AB0A24022DCE76CDD8E7B498E57771A80185F1"
"particle-spawners","MagicPortal_Sparks","Spell/Portal/Spawners/MagicPortal/MagicPortal_Sparks","Server/Particles/Spell/Portal/Spawners/MagicPortal/MagicPortal_Sparks.particlespawner","1823","28B2D2137B16774CE25A3DF702FF23205FD89E712A6349B09E0D50B62C6665EF"
"particle-spawners","MagicPortal_Sparks_GS","Spell/Portal/Spawners/MagicPortal/MagicPortal_Sparks_GS","Server/Particles/Spell/Portal/Spawners/MagicPortal/MagicPortal_Sparks_GS.particlespawner","1797","7BADA85559505DD0A6B2D66704BEFA7E234108DCE1EB37A8D7C4D04C8CF573DF"
"particle-spawners","MagicPortal_SparksRunes","Spell/Portal/Spawners/MagicPortal/MagicPortal_SparksRunes","Server/Particles/Spell/Portal/Spawners/MagicPortal/MagicPortal_SparksRunes.particlespawner","2045","22284DFF32DD336E61F7C80C492B545B425AE049E6D91BEF328747295A8A7619"
"particle-spawners","MagicPortal_SparksRunes_GS","Spell/Portal/Spawners/MagicPortal/MagicPortal_SparksRunes_GS","Server/Particles/Spell/Portal/Spawners/MagicPortal/MagicPortal_SparksRunes_GS.particlespawner","2019","1D5C69DBE1B36F708468D9B7489A74047D66EA11A3A6CB810D4E4B93C5EE49A0"
"particle-spawners","MagicPortal_Spawn","Spell/Portal/Spawners/MagicPortal/MagicPortal_Spawn","Server/Particles/Spell/Portal/Spawners/MagicPortal/MagicPortal_Spawn.particlespawner","2940","B0B04EB6A02ADFBC76AACE5275384E68756114244D06454773B4964611655799"
"particle-spawners","MagicPortal_Spawn_GS","Spell/Portal/Spawners/MagicPortal/MagicPortal_Spawn_GS","Server/Particles/Spell/Portal/Spawners/MagicPortal/MagicPortal_Spawn_GS.particlespawner","2914","3A80EDC24D1AB57D2215433896CCD95F013428727048AFCBD53D74ECE51E5AF3"
"particle-spawners","MagicPortal_StonesCircles","Spell/Portal/Spawners/MagicPortal/MagicPortal_StonesCircles","Server/Particles/Spell/Portal/Spawners/MagicPortal/MagicPortal_StonesCircles.particlespawner","2199","EAE2EAB9E7115E05C0C9FBF4C8707995D7305747C255A29A070CF704407B6D2E"
"particle-spawners","MagicPortal_StonesCircles2","Spell/Portal/Spawners/MagicPortal/MagicPortal_StonesCircles2","Server/Particles/Spell/Portal/Spawners/MagicPortal/MagicPortal_StonesCircles2.particlespawner","2367","D1A807B69C69BBC9A122730F314AFE4396683272B92773A444851C45A78D2985"
"particle-spawners","MagicPortal_StonesGlow","Spell/Portal/Spawners/MagicPortal/MagicPortal_StonesGlow","Server/Particles/Spell/Portal/Spawners/MagicPortal/MagicPortal_StonesGlow.particlespawner","2556","E65A9BF882382FB1B78857324D5CDCABA1ABCF5949EBC1A72692DB3B72EFCB6E"
"particle-spawners","MagicPortal_StonesSpawn","Spell/Portal/Spawners/MagicPortal/MagicPortal_StonesSpawn","Server/Particles/Spell/Portal/Spawners/MagicPortal/MagicPortal_StonesSpawn.particlespawner","2719","1E3436DE3152DB716819B9CB17C1A968ACFA2F11C4C258E8A09F5D488867FDA0"
"particle-spawners","MagicPortal_VoidCenterCircle","Spell/Portal/Spawners/MagicPortal/MagicPortal_VoidCenterCircle","Server/Particles/Spell/Portal/Spawners/MagicPortal/MagicPortal_VoidCenterCircle.particlespawner","1045","D8502225817ACF98CB3AE5FC3B2DF014C05FF885BD4B540021C18ADF68487535"
"particle-spawners","MagicPortal_VoidCenterGlow","Spell/Portal/Spawners/MagicPortal/MagicPortal_VoidCenterGlow","Server/Particles/Spell/Portal/Spawners/MagicPortal/MagicPortal_VoidCenterGlow.particlespawner","898","1A1E35B8A49FCB7D6E2AEB86D424E651A0D94266CA1EACFE7654B50E4EB7661C"
"particle-spawners","MagicPortal_VoidFlash","Spell/Portal/Spawners/MagicPortal/MagicPortal_VoidFlash","Server/Particles/Spell/Portal/Spawners/MagicPortal/MagicPortal_VoidFlash.particlespawner","2200","ABAAF81A8B35B723543263A990EF8ADB0045FD7AC8FA9B643BC0018975BA98E7"
"particle-spawners","MagicPortal_VoidGlowCenterIntense","Spell/Portal/Spawners/MagicPortal/MagicPortal_VoidGlowCenterIntense","Server/Particles/Spell/Portal/Spawners/MagicPortal/MagicPortal_VoidGlowCenterIntense.particlespawner","1904","B93FEAFE0BCD1D76374941CB1C7E8A96A12D31342C0E2CF6BB59C864053838DE"
"particle-spawners","MagicPortal_VoidGlowSmoke","Spell/Portal/Spawners/MagicPortal/MagicPortal_VoidGlowSmoke","Server/Particles/Spell/Portal/Spawners/MagicPortal/MagicPortal_VoidGlowSmoke.particlespawner","2361","7130B2CA283A757023614ECCD1AE4914BF40792AD2B18C10A29C2D9B1404B9F2"
"particle-spawners","MagicPortal_VoidOuterCircle","Spell/Portal/Spawners/MagicPortal/MagicPortal_VoidOuterCircle","Server/Particles/Spell/Portal/Spawners/MagicPortal/MagicPortal_VoidOuterCircle.particlespawner","2328","69BE8655F8C7EDECD3779F00C4ACB8E4BCC30C4C45DFE603526F0403C7A73178"
"particle-spawners","MagicPortal_VoidSmokeAlpha","Spell/Portal/Spawners/MagicPortal/MagicPortal_VoidSmokeAlpha","Server/Particles/Spell/Portal/Spawners/MagicPortal/MagicPortal_VoidSmokeAlpha.particlespawner","1690","02448BBD748CA371536780F98B7997C120423DE0931969D8090AAFD2B327DAD4"
"particle-spawners","MagicPortal_VoidSmokeMiddle","Spell/Portal/Spawners/MagicPortal/MagicPortal_VoidSmokeMiddle","Server/Particles/Spell/Portal/Spawners/MagicPortal/MagicPortal_VoidSmokeMiddle.particlespawner","2419","853CF011CB57DFA8F115220379B11E786F467943FFAC9B47DA99E0B0192C9C3C"
"particle-spawners","MagicPortal_VoidSparks","Spell/Portal/Spawners/MagicPortal/MagicPortal_VoidSparks","Server/Particles/Spell/Portal/Spawners/MagicPortal/MagicPortal_VoidSparks.particlespawner","1846","569EBF6AD1A324BEE51EF490CF26744BD5493D8C2828B492C119E654D5F2401C"
"particle-spawners","MagicPortal_VoidSparksDark","Spell/Portal/Spawners/MagicPortal/MagicPortal_VoidSparksDark","Server/Particles/Spell/Portal/Spawners/MagicPortal/MagicPortal_VoidSparksDark.particlespawner","1824","0469D4223F43DDA83E559BC901D192589E8B2A05D2ED994133F4A6EA67509D87"
"particle-spawners","MagicPortal_VoidSpawn","Spell/Portal/Spawners/MagicPortal/MagicPortal_VoidSpawn","Server/Particles/Spell/Portal/Spawners/MagicPortal/MagicPortal_VoidSpawn.particlespawner","2940","687CC937194628609443895316CD0B9861A63D831B37649A4860650040C0EC73"
"particle-spawners","MagicPortal_VoidTentacles","Spell/Portal/Spawners/MagicPortal/MagicPortal_VoidTentacles","Server/Particles/Spell/Portal/Spawners/MagicPortal/MagicPortal_VoidTentacles.particlespawner","3902","7D7607553B0B50A4C07DF5AEA6D83C061E1B335FC0F3233931418368E59C5E43"
"particle-spawners","MagicPortal_VoidWaves","Spell/Portal/Spawners/MagicPortal/MagicPortal_VoidWaves","Server/Particles/Spell/Portal/Spawners/MagicPortal/MagicPortal_VoidWaves.particlespawner","1558","2F9EA3E540DF0C7A8391B26448EDEE8EC73FC3D465E609CDDFD47D37DFA5E9E3"
"particle-spawners","MagicPortal_Waves","Spell/Portal/Spawners/MagicPortal/MagicPortal_Waves","Server/Particles/Spell/Portal/Spawners/MagicPortal/MagicPortal_Waves.particlespawner","1558","6E9E497E10639DE559418C5CF55CE9B6A9362EE80EC18CFA3D3A627C51A37CEA"
"particle-spawners","MagicPortal_Waves_GS","Spell/Portal/Spawners/MagicPortal/MagicPortal_Waves_GS","Server/Particles/Spell/Portal/Spawners/MagicPortal/MagicPortal_Waves_GS.particlespawner","1502","1E80171B3099886B1B24E7F1F88BD4663F0ECCEF8542FEB50F539DB5D9976FF2"
"particle-spawners","MagicPortal_WavesRed","Spell/Portal/Spawners/MagicPortal/MagicPortal_WavesRed","Server/Particles/Spell/Portal/Spawners/MagicPortal/MagicPortal_WavesRed.particlespawner","1961","A4BF70299CAA52F07EB578A84DA9550EB3649393452D05514E11F1D8C2CA8AE8"
"particle-spawners","PlayerSpawn_Beam","Spell/Portal/Spawners/PlayerSpawn/PlayerSpawn_Beam","Server/Particles/Spell/Portal/Spawners/PlayerSpawn/PlayerSpawn_Beam.particlespawner","1427","3546BD50AC7647BFF3BCF0C6BBC2FF98B880E839CC92BA4046D956303F42B9D8"
"particle-spawners","PlayerSpawn_Distortion","Spell/Portal/Spawners/PlayerSpawn/PlayerSpawn_Distortion","Server/Particles/Spell/Portal/Spawners/PlayerSpawn/PlayerSpawn_Distortion.particlespawner","2016","9903577626935A2671DD5CB79DC202E2D7A978D185F0F1EA31188E105CF10E8E"
"particle-spawners","PlayerSpawn_Distortion2","Spell/Portal/Spawners/PlayerSpawn/PlayerSpawn_Distortion2","Server/Particles/Spell/Portal/Spawners/PlayerSpawn/PlayerSpawn_Distortion2.particlespawner","2024","887F0C29B3EB2D165D6E29F27D1FBD4F8272AD070128A0319EA0A8C93997FCD8"
"particle-spawners","PlayerSpawn_Flash","Spell/Portal/Spawners/PlayerSpawn/PlayerSpawn_Flash","Server/Particles/Spell/Portal/Spawners/PlayerSpawn/PlayerSpawn_Flash.particlespawner","1923","6FF40F8693D2858E9131ABF361E56839BCB588A1CB7863549A0056574E77F469"
"particle-spawners","PlayerSpawn_FlashSparksOut","Spell/Portal/Spawners/PlayerSpawn/PlayerSpawn_FlashSparksOut","Server/Particles/Spell/Portal/Spawners/PlayerSpawn/PlayerSpawn_FlashSparksOut.particlespawner","2382","03C52D932A9535574101A72D92F41E0C319AD525BA4974F5595C451C0DF1E76B"
"particle-spawners","PlayerSpawn_PortalCenter","Spell/Portal/Spawners/PlayerSpawn/PlayerSpawn_PortalCenter","Server/Particles/Spell/Portal/Spawners/PlayerSpawn/PlayerSpawn_PortalCenter.particlespawner","1319","541A221C5E6A03691155B0D68D305F76D4D56E270F0C7DD546996A957B44D338"
"particle-spawners","PlayerSpawn_PortalGlow","Spell/Portal/Spawners/PlayerSpawn/PlayerSpawn_PortalGlow","Server/Particles/Spell/Portal/Spawners/PlayerSpawn/PlayerSpawn_PortalGlow.particlespawner","2095","978A03012C1CA0965609A0947434A926938C1B782575319342F29FFF0E3B2CA5"
"particle-spawners","PlayerSpawn_PortalGlow2","Spell/Portal/Spawners/PlayerSpawn/PlayerSpawn_PortalGlow2","Server/Particles/Spell/Portal/Spawners/PlayerSpawn/PlayerSpawn_PortalGlow2.particlespawner","1835","3E98A3EA9CAA69927F4E64BFAD3874CC5674034DCF73B1C3AD5843A4970CFF60"
"particle-spawners","PlayerSpawn_PortalGlow3","Spell/Portal/Spawners/PlayerSpawn/PlayerSpawn_PortalGlow3","Server/Particles/Spell/Portal/Spawners/PlayerSpawn/PlayerSpawn_PortalGlow3.particlespawner","2042","67CC35F38753630289BE42CF4A96B5DF5FD13381CCC2A7D216F9A3B87ABD711F"
"particle-spawners","PlayerSpawn_PortalSmoke","Spell/Portal/Spawners/PlayerSpawn/PlayerSpawn_PortalSmoke","Server/Particles/Spell/Portal/Spawners/PlayerSpawn/PlayerSpawn_PortalSmoke.particlespawner","1855","36971A1C4BD9041B7ADBCD4E08BA041D3244ACD1ADDD6A762956D2B06AF8CE08"
"particle-spawners","PlayerSpawn_PortalSmokeBlue","Spell/Portal/Spawners/PlayerSpawn/PlayerSpawn_PortalSmokeBlue","Server/Particles/Spell/Portal/Spawners/PlayerSpawn/PlayerSpawn_PortalSmokeBlue.particlespawner","1664","5D2D96263716D733ACE5C1E5860F82517C4BCDC36F26ED65493B9DD65053692A"
"particle-spawners","PlayerSpawn_PortalSparks","Spell/Portal/Spawners/PlayerSpawn/PlayerSpawn_PortalSparks","Server/Particles/Spell/Portal/Spawners/PlayerSpawn/PlayerSpawn_PortalSparks.particlespawner","1942","3601DF236927DC861DB17C5D4AEDB5C2941599178554BB2F2D137B7DAC75DDDD"
"particle-spawners","PlayerSpawn_PortalWisps","Spell/Portal/Spawners/PlayerSpawn/PlayerSpawn_PortalWisps","Server/Particles/Spell/Portal/Spawners/PlayerSpawn/PlayerSpawn_PortalWisps.particlespawner","2514","1B67F246AE9297EF65A56019D0EDF128622FFD716A3DD7D7E4F9A50EE55FDE79"
"particle-spawners","PlayerSpawn_PortalWisps2","Spell/Portal/Spawners/PlayerSpawn/PlayerSpawn_PortalWisps2","Server/Particles/Spell/Portal/Spawners/PlayerSpawn/PlayerSpawn_PortalWisps2.particlespawner","2118","345C69093B350FE0DDF3D4959FF6B1B6EBE114EB241EA8A3E384B6CF9C9A6A07"
"particle-spawners","PlayerSpawn_SmallFlash","Spell/Portal/Spawners/PlayerSpawn/PlayerSpawn_SmallFlash","Server/Particles/Spell/Portal/Spawners/PlayerSpawn/PlayerSpawn_SmallFlash.particlespawner","2457","21648ACB203B2995AF6FE93A7FE673B0409966F490C4606243B9999AB99C01E4"
"particle-spawners","PlayerSpawn_SmokeOut","Spell/Portal/Spawners/PlayerSpawn/PlayerSpawn_SmokeOut","Server/Particles/Spell/Portal/Spawners/PlayerSpawn/PlayerSpawn_SmokeOut.particlespawner","2389","06A03F660A470A9ECA915D873574EDC5E99845DF488778D45F203B6C28F3332F"
"particle-spawners","PlayerSpawn_SparksLeft","Spell/Portal/Spawners/PlayerSpawn/PlayerSpawn_SparksLeft","Server/Particles/Spell/Portal/Spawners/PlayerSpawn/PlayerSpawn_SparksLeft.particlespawner","2051","9C55DA5A9C972B8CF9954C920EC80A11020CD8B6F2E725D4A16BB682AEFBFFC2"
"particle-spawners","Portal_Cyan2","Spell/Portal/Spawners/Portal_Cyan2","Server/Particles/Spell/Portal/Spawners/Portal_Cyan2.particlespawner","2199","DF23ACC41A7BF025A891804575BFBDF54ADF78731E84C8DDE138E1C6223B6381"
"particle-spawners","Portal_Dungeon2_Sparks_Small2","Spell/Portal/Spawners/Portal_Dungeon2_Sparks_Small2","Server/Particles/Spell/Portal/Spawners/Portal_Dungeon2_Sparks_Small2.particlespawner","2540","CCB2B7829E85085BA09B976F43B95CA159B23FC756D13D92D2A1F9428AE4CE96"
"particle-spawners","Portal_Dungeon2_Windtrails2","Spell/Portal/Spawners/Portal_Dungeon2_Windtrails2","Server/Particles/Spell/Portal/Spawners/Portal_Dungeon2_Windtrails2.particlespawner","2957","63963CD8AA04ED32CA03A77BDCD4D88EB48FC1F15B5C2C828D43428772D0B059"
"particle-spawners","Portal_Round_Blue_Trails2","Spell/Portal/Spawners/Portal_Round_Blue_Trails2","Server/Particles/Spell/Portal/Spawners/Portal_Round_Blue_Trails2.particlespawner","2272","B9C7C4B6E59C94881941495D5EEC775753967959F0A98C1C888B8910570DC46E"
"particle-spawners","Portal_Zone2Dungeon_CenterBig2","Spell/Portal/Spawners/Portal_Zone2Dungeon_CenterBig2","Server/Particles/Spell/Portal/Spawners/Portal_Zone2Dungeon_CenterBig2.particlespawner","2576","F9EA31A21D4407EF0BF0B40D992182B7B844C7E8611C99B2D01A4ACE1A73BA1B"
"particle-spawners","Portal_Zone2Dungeon_Sparks2","Spell/Portal/Spawners/Portal_Zone2Dungeon_Sparks2","Server/Particles/Spell/Portal/Spawners/Portal_Zone2Dungeon_Sparks2.particlespawner","2477","9094148C6B28FD3085824CD43E34D3BFBA285F36C0769F5E95B51062DF002C2B"
"particle-spawners","Portal_Zone2Dungeon2","Spell/Portal/Spawners/Portal_Zone2Dungeon2","Server/Particles/Spell/Portal/Spawners/Portal_Zone2Dungeon2.particlespawner","2196","C1A6ACEB7B4A45B14B3A70FF3FC104353462AEBBCA0F747BF759D1533F11C402"
"particle-spawners","Portal_Round_Blue_Circles","Spell/Portal/Spawners/PortalBlueTest/Portal_Round_Blue_Circles","Server/Particles/Spell/Portal/Spawners/PortalBlueTest/Portal_Round_Blue_Circles.particlespawner","2267","BFA248E97B43EE0CAEEE6EE108E9C4E2A6428A229B4B64DFEC0F7CE67BB9FC0F"
"particle-spawners","Portal_Round_Blue_Circles_Center","Spell/Portal/Spawners/PortalBlueTest/Portal_Round_Blue_Circles_Center","Server/Particles/Spell/Portal/Spawners/PortalBlueTest/Portal_Round_Blue_Circles_Center.particlespawner","2412","73A51481BC5FB6B730AE679893AE5EB687E2B7E1932FAFBB8DEA1462E5C0E4A3"
"particle-spawners","Portal_Round_Blue2_Backdrop","Spell/Portal/Spawners/PortalBlueTest/Portal_Round_Blue2_Backdrop","Server/Particles/Spell/Portal/Spawners/PortalBlueTest/Portal_Round_Blue2_Backdrop.particlespawner","1841","51D3160808542423A7A79FA5EDA41315EBCA6B33EC9A1E829ED0B6B4B2626D94"
"particle-spawners","Portal_Round_Blue2_Backdrop_Dark","Spell/Portal/Spawners/PortalBlueTest/Portal_Round_Blue2_Backdrop_Dark","Server/Particles/Spell/Portal/Spawners/PortalBlueTest/Portal_Round_Blue2_Backdrop_Dark.particlespawner","1796","6E95EA844455732CFAC005DC03DA74E497D73DEC4676B04E40F82A5E75454D0B"
"particle-spawners","Portal_Round_Blue2_Center_Energy","Spell/Portal/Spawners/PortalBlueTest/Portal_Round_Blue2_Center_Energy","Server/Particles/Spell/Portal/Spawners/PortalBlueTest/Portal_Round_Blue2_Center_Energy.particlespawner","2391","6416DF3208A972F50F915D4EF3F69C99B90A5062011B72D030B1B4F2B0CABCA8"
"particle-spawners","Portal_Round_Blue2_Flashes","Spell/Portal/Spawners/PortalBlueTest/Portal_Round_Blue2_Flashes","Server/Particles/Spell/Portal/Spawners/PortalBlueTest/Portal_Round_Blue2_Flashes.particlespawner","2445","C0E00B5D9C59AC04696FB72CE9A78CC873E3E8E6E539FF85EE0964ACC10EF38D"
"particle-spawners","Portal_Round_Blue2_Pulse","Spell/Portal/Spawners/PortalBlueTest/Portal_Round_Blue2_Pulse","Server/Particles/Spell/Portal/Spawners/PortalBlueTest/Portal_Round_Blue2_Pulse.particlespawner","2777","2AAB5C7ADBB198F6B65C9A0D52DFCDCA5FCAA9DC02A071DC1B1428BE01A3BAB8"
"particle-spawners","Portal_Round_Blue2_Sparks","Spell/Portal/Spawners/PortalBlueTest/Portal_Round_Blue2_Sparks","Server/Particles/Spell/Portal/Spawners/PortalBlueTest/Portal_Round_Blue2_Sparks.particlespawner","2478","B8832CA2F9478D1787CA3387BAE6D3868853148FDD9473B21B13278DED7913B3"
"particle-spawners","Portal_Round_Blue","Spell/Portal/Spawners/Round/Portal_Round_Blue","Server/Particles/Spell/Portal/Spawners/Round/Portal_Round_Blue.particlespawner","2161","2185B9D63E557AF499557008C9DD9351557801B4A3F7527E38C12FB2AC0FD56E"
"particle-spawners","Portal_Round_Blue_Background","Spell/Portal/Spawners/Round/Portal_Round_Blue_Background","Server/Particles/Spell/Portal/Spawners/Round/Portal_Round_Blue_Background.particlespawner","1771","4CA565AFFC1A6659849C448E242C2A27A33A7FC3DA7CF3301D415C9C718A4F98"
"particle-spawners","Portal_Round_Blue_Center","Spell/Portal/Spawners/Round/Portal_Round_Blue_Center","Server/Particles/Spell/Portal/Spawners/Round/Portal_Round_Blue_Center.particlespawner","2442","16229CDFC792AE8AC65F4171D185A8B470045191DD931D1EC09B1AEE4DD96E5E"
"particle-spawners","Portal_Round_Blue_Sparks","Spell/Portal/Spawners/Round/Portal_Round_Blue_Sparks","Server/Particles/Spell/Portal/Spawners/Round/Portal_Round_Blue_Sparks.particlespawner","2432","644A036FE05AD2E7678AB41E6543F9264DEF8899BAD78BABF6FFE72BBAF50DAE"
"particle-spawners","Portal_Round_Blue_Sparks_Small","Spell/Portal/Spawners/Round/Portal_Round_Blue_Sparks_Small","Server/Particles/Spell/Portal/Spawners/Round/Portal_Round_Blue_Sparks_Small.particlespawner","2567","263A5B1EE66585DD72430C58A83396FC610AF3311724399E1277EE7ADD137DA1"
"particle-spawners","Portal_Round_Blue_Trails","Spell/Portal/Spawners/Round/Portal_Round_Blue_Trails","Server/Particles/Spell/Portal/Spawners/Round/Portal_Round_Blue_Trails.particlespawner","2272","B9C7C4B6E59C94881941495D5EEC775753967959F0A98C1C888B8910570DC46E"
"particle-spawners","Portal_Round_Zone3","Spell/Portal/Spawners/Round/Portal_Round_Zone3","Server/Particles/Spell/Portal/Spawners/Round/Portal_Round_Zone3.particlespawner","2167","7757B33588D0627E5637D589E17C365683336EC2149240CF15FF3C9667567274"
"particle-spawners","Portal_Purple","Spell/Portal/Spawners/Round/Purple/Portal_Purple","Server/Particles/Spell/Portal/Spawners/Round/Purple/Portal_Purple.particlespawner","2160","4F9973897950E5161E2D2341ADBDB22916A3C7B93768A1015D79F9D505A27383"
"particle-spawners","Portal_Purple_Center","Spell/Portal/Spawners/Round/Purple/Portal_Purple_Center","Server/Particles/Spell/Portal/Spawners/Round/Purple/Portal_Purple_Center.particlespawner","2367","943B19C4F7AFD905D243C1578A28CA4C87893E10095D5E88722E767635B71147"
"particle-spawners","Portal_Purple_Sparks","Spell/Portal/Spawners/Round/Purple/Portal_Purple_Sparks","Server/Particles/Spell/Portal/Spawners/Round/Purple/Portal_Purple_Sparks.particlespawner","2430","FB0754E4CBC493E3FE79EC35D388B399A04233B28773A0345D15D288E6301C1D"
"particle-spawners","Portal_Sparks_Around","Spell/Portal/Spawners/Round/Purple/Portal_Sparks_Around","Server/Particles/Spell/Portal/Spawners/Round/Purple/Portal_Sparks_Around.particlespawner","2567","C848E47904987FE43D98D27A1782D473E43221D6ADE715E888DC1865508EA40A"
"particle-spawners","Portal_Trails","Spell/Portal/Spawners/Round/Purple/Portal_Trails","Server/Particles/Spell/Portal/Spawners/Round/Purple/Portal_Trails.particlespawner","2244","029729AA4358F92F4E92B3D60003D50FA80401F64B31484CAD5EC7A94B640A5B"
"particle-spawners","Portal_Sqquare_Blue_BaackgroundBurst","Spell/Portal/Spawners/Square/Portal_Sqquare_Blue_BaackgroundBurst","Server/Particles/Spell/Portal/Spawners/Square/Portal_Sqquare_Blue_BaackgroundBurst.particlespawner","1767","E1FF4989CA2ED8A58D93682AF957E040AD2F8A6759F913D20D53C5DB2B9EC9DC"
"particle-spawners","Portal_Square_Blue_Background","Spell/Portal/Spawners/Square/Portal_Square_Blue_Background","Server/Particles/Spell/Portal/Spawners/Square/Portal_Square_Blue_Background.particlespawner","1714","47E9CB9C37A17263D3FBD271CBF87CC05A277BCD55D32A51B7063CE716FC3820"
"particle-spawners","Portal_Square_Blue_Center","Spell/Portal/Spawners/Square/Portal_Square_Blue_Center","Server/Particles/Spell/Portal/Spawners/Square/Portal_Square_Blue_Center.particlespawner","3044","71F865878CCE1A67B91DB96B18F40AABB45F5C1F936A25FF09A11DAA814A51C4"
"particle-spawners","Portal_Square_Blue_Center_Glow","Spell/Portal/Spawners/Square/Portal_Square_Blue_Center_Glow","Server/Particles/Spell/Portal/Spawners/Square/Portal_Square_Blue_Center_Glow.particlespawner","2968","F529D31663ED2372AE374F040E656F3027A8DC584CA9D3161EE190E2DD8A2344"
"particle-spawners","Portal_Square_Blue_Distortion","Spell/Portal/Spawners/Square/Portal_Square_Blue_Distortion","Server/Particles/Spell/Portal/Spawners/Square/Portal_Square_Blue_Distortion.particlespawner","1757","8A3F0D3EF0E149FEDFF235E303C3E9078E4BFC298050C3C22CD39E52590338F5"
"particle-spawners","Portal_Square_Blue_FrameSparks","Spell/Portal/Spawners/Square/Portal_Square_Blue_FrameSparks","Server/Particles/Spell/Portal/Spawners/Square/Portal_Square_Blue_FrameSparks.particlespawner","1973","B56973CEEC08C7DA97756E9DC8B7F86A82B7E6859D48E1F0057C106D7770D13B"
"particle-spawners","Portal_Square_Blue_Sparks","Spell/Portal/Spawners/Square/Portal_Square_Blue_Sparks","Server/Particles/Spell/Portal/Spawners/Square/Portal_Square_Blue_Sparks.particlespawner","1868","C7208CF30B99B70C83855B4F92C283B02C6EE6A3EC98A3BB1CEB5B5DEF9EE687"
"particle-spawners","Portal_Square_Blue_Sparks_Small","Spell/Portal/Spawners/Square/Portal_Square_Blue_Sparks_Small","Server/Particles/Spell/Portal/Spawners/Square/Portal_Square_Blue_Sparks_Small.particlespawner","2458","D1926C819E5F14192DCBF881F270616A46ED817F864BAD5FFF07E44F844E1BCF"
"particle-spawners","Portal_Square_Blue_Spawn","Spell/Portal/Spawners/Square/Portal_Square_Blue_Spawn","Server/Particles/Spell/Portal/Spawners/Square/Portal_Square_Blue_Spawn.particlespawner","2656","6C7361914DC8A93764EBB3D5A79D22DFCB95FB8E466C11E9CF3640115A40C78B"
"particle-spawners","Portal_Square_Frame","Spell/Portal/Spawners/Square/Portal_Square_Frame","Server/Particles/Spell/Portal/Spawners/Square/Portal_Square_Frame.particlespawner","2685","F06E28D39068C2EBB7414804AFF76A6FDFE21AE3DC35A834533C4EFB96CD14E2"
"particle-spawners","Portal_Square_Frame_Perm","Spell/Portal/Spawners/Square/Portal_Square_Frame_Perm","Server/Particles/Spell/Portal/Spawners/Square/Portal_Square_Frame_Perm.particlespawner","1361","3F963FC941A2ABCEA19CF44EC08796CFA5508226658CE7AA4582EE09FC8910C8"
"particle-spawners","Portal_Square_Frame_PermGlow","Spell/Portal/Spawners/Square/Portal_Square_Frame_PermGlow","Server/Particles/Spell/Portal/Spawners/Square/Portal_Square_Frame_PermGlow.particlespawner","1409","EA6E6996EE4B153B5D271983A82E9128B33A710B3D647F6A33766BC3031EA818"
"particle-spawners","Portal_Square_Frame1","Spell/Portal/Spawners/Square/Portal_Square_Frame1","Server/Particles/Spell/Portal/Spawners/Square/Portal_Square_Frame1.particlespawner","1730","87BC0C675559F5A7955BDE9FD2A181B38B933E771360E046F8C6546FA0F2C9D2"
"particle-spawners","Portal_Square_Frame2","Spell/Portal/Spawners/Square/Portal_Square_Frame2","Server/Particles/Spell/Portal/Spawners/Square/Portal_Square_Frame2.particlespawner","1595","CEFCDCA345DC819A6FFF0BE780356C5DAECCA89F5E4246B66EFC54BB42D5BED6"
"particle-spawners","Portal_Square_Zone2","Spell/Portal/Spawners/Square/Portal_Square_Zone2","Server/Particles/Spell/Portal/Spawners/Square/Portal_Square_Zone2.particlespawner","2362","42E901F7158E506877C391B4B04061540C1516B9C7E4FD6AD64773FAA0B45D4B"
"particle-spawners","Portal_Cyan","Spell/Portal/Spawners/Zone2Dungeon/Portal_Cyan","Server/Particles/Spell/Portal/Spawners/Zone2Dungeon/Portal_Cyan.particlespawner","2199","DF23ACC41A7BF025A891804575BFBDF54ADF78731E84C8DDE138E1C6223B6381"
"particle-spawners","Portal_Dungeon2_Sparks_Small","Spell/Portal/Spawners/Zone2Dungeon/Portal_Dungeon2_Sparks_Small","Server/Particles/Spell/Portal/Spawners/Zone2Dungeon/Portal_Dungeon2_Sparks_Small.particlespawner","2535","A26FFE393D2F263841E071762FCF68FC01993D6C25B62F5BE33D7F89D81DF1F4"
"particle-spawners","Portal_Dungeon2_Windtrails","Spell/Portal/Spawners/Zone2Dungeon/Portal_Dungeon2_Windtrails","Server/Particles/Spell/Portal/Spawners/Zone2Dungeon/Portal_Dungeon2_Windtrails.particlespawner","2960","B60281058E56E4E184762826324F99290E3B8A8D2CB1E13D0BBCA49596C6D30D"
"particle-spawners","Portal_Zone2Dungeon","Spell/Portal/Spawners/Zone2Dungeon/Portal_Zone2Dungeon","Server/Particles/Spell/Portal/Spawners/Zone2Dungeon/Portal_Zone2Dungeon.particlespawner","2191","E4DD01B3B6F9E35E24098D6EF29A8C70845049926A5AB71D18C4D6B95C315B89"
"particle-spawners","Portal_Zone2Dungeon_Background","Spell/Portal/Spawners/Zone2Dungeon/Portal_Zone2Dungeon_Background","Server/Particles/Spell/Portal/Spawners/Zone2Dungeon/Portal_Zone2Dungeon_Background.particlespawner","1771","9A7A9458DCF123EEE7B792577A31B0FD4D45D34A31058544E34D17ECC2C4DC73"
"particle-spawners","Portal_Zone2Dungeon_Center","Spell/Portal/Spawners/Zone2Dungeon/Portal_Zone2Dungeon_Center","Server/Particles/Spell/Portal/Spawners/Zone2Dungeon/Portal_Zone2Dungeon_Center.particlespawner","2449","C1EE259D5B17A1E20A92F776EE6B125573DC5D15A7FD4392FCC26CEF532FF417"
"particle-spawners","Portal_Zone2Dungeon_CenterBig","Spell/Portal/Spawners/Zone2Dungeon/Portal_Zone2Dungeon_CenterBig","Server/Particles/Spell/Portal/Spawners/Zone2Dungeon/Portal_Zone2Dungeon_CenterBig.particlespawner","2575","40D06F8D77ED02EF7837B89893AD000A6D7589DCC06352727431C2EA723FC87C"
"particle-spawners","Portal_Zone2Dungeon_Sparks","Spell/Portal/Spawners/Zone2Dungeon/Portal_Zone2Dungeon_Sparks","Server/Particles/Spell/Portal/Spawners/Zone2Dungeon/Portal_Zone2Dungeon_Sparks.particlespawner","2464","07041A5C0D74EFB7EF7D328124C1A7C9F317C5026A69C5CF95C3966C07869C4F"
"particle-spawners","Portal_Zone2Dungeon_Wind","Spell/Portal/Spawners/Zone2Dungeon/Portal_Zone2Dungeon_Wind","Server/Particles/Spell/Portal/Spawners/Zone2Dungeon/Portal_Zone2Dungeon_Wind.particlespawner","2579","9EB62733D787541F8C578B37025D7F55BAF68BBBAC66A5BC41304E83878EE190"
"particle-spawners","Rings_Rings","Spell/Rings/Spawners/Rings_Rings","Server/Particles/Spell/Rings/Spawners/Rings_Rings.particlespawner","3160","BF7C805594BD58BD9E83F6654584133DE4C352FB20B609B1E4B7F3590ED61B7C"
"particle-spawners","Rings_Rings_Ice","Spell/Rings/Spawners/Rings_Rings_Ice","Server/Particles/Spell/Rings/Spawners/Rings_Rings_Ice.particlespawner","3320","D1FF968EF3CA6A640DDAAFD0E81270248E621CBD2F5CD27C3F360353C134831F"
"particle-spawners","Teleport_ImplosionEnd","Spell/Teleport/Spawners/Teleport_ImplosionEnd","Server/Particles/Spell/Teleport/Spawners/Teleport_ImplosionEnd.particlespawner","2805","BA3361A1EC5376D32242665CB06E31BBA455EEAAFFC24FA0F0A4D46C7A3430C6"
"particle-spawners","Teleport_ImplosionStart","Spell/Teleport/Spawners/Teleport_ImplosionStart","Server/Particles/Spell/Teleport/Spawners/Teleport_ImplosionStart.particlespawner","2492","877624E6A4675E566DFEB5AAD877C119E18C30BDE6A64C40BB11FE8837AC66F3"
"particle-spawners","Teleport_Rings_Ice","Spell/Teleport/Spawners/Teleport_Rings_Ice","Server/Particles/Spell/Teleport/Spawners/Teleport_Rings_Ice.particlespawner","3320","D1FF968EF3CA6A640DDAAFD0E81270248E621CBD2F5CD27C3F360353C134831F"
"particle-spawners","Teleport_Rings_Infinite","Spell/Teleport/Spawners/Teleport_Rings_Infinite","Server/Particles/Spell/Teleport/Spawners/Teleport_Rings_Infinite.particlespawner","3303","E54A1075048E5113C61834F8E61C78E691A8A3FC81B99DC7A757FFAB9F6A8956"
"particle-spawners","Crown_Gold_Flash","Status_Effect/Crown_Gold/Crown_Gold_Flash","Server/Particles/Status_Effect/Crown_Gold/Crown_Gold_Flash.particlespawner","2589","A4ECDC796CC17598B05E1FDB357919E4330AB44AA9D3FDC126F4D3E9E53251E0"
"particle-spawners","Crown_Gold_Flash_Sparks","Status_Effect/Crown_Gold/Crown_Gold_Flash_Sparks","Server/Particles/Status_Effect/Crown_Gold/Crown_Gold_Flash_Sparks.particlespawner","2546","22D9E937225C9738A2588A0F5D10AC696644BCFF9126962606B99068B5FB726B"
"particle-spawners","Crown_Gold_Glow","Status_Effect/Crown_Gold/Crown_Gold_Glow","Server/Particles/Status_Effect/Crown_Gold/Crown_Gold_Glow.particlespawner","2236","C6B71BE3325CD9BA3ED2D627C91BA637799EA66535752C757AADEAEADC3B62D0"
"particle-spawners","Crown_Gold_Glow_Center","Status_Effect/Crown_Gold/Crown_Gold_Glow_Center","Server/Particles/Status_Effect/Crown_Gold/Crown_Gold_Glow_Center.particlespawner","2579","C02A49B98B2521827717B74C17D0B77CBAD4048F6C44064AD97E94C514F21471"
"particle-spawners","Crown_Gold_Ray_Gradient","Status_Effect/Crown_Gold/Crown_Gold_Ray_Gradient","Server/Particles/Status_Effect/Crown_Gold/Crown_Gold_Ray_Gradient.particlespawner","1995","8283013730F7023D6FB98E639F0F31D06DF3261E6F1A4ADEB331EF64C03AA3E2"
"particle-spawners","Crown_Gold_Rays","Status_Effect/Crown_Gold/Crown_Gold_Rays","Server/Particles/Status_Effect/Crown_Gold/Crown_Gold_Rays.particlespawner","2785","E174A29991F7FEAA0BDB284749F57B33E08AEEECF76D0636A53B1685A94A473C"
"particle-spawners","Crown_Gold_Rays_Sparks","Status_Effect/Crown_Gold/Crown_Gold_Rays_Sparks","Server/Particles/Status_Effect/Crown_Gold/Crown_Gold_Rays_Sparks.particlespawner","2163","3C9FC92DE51102ECE30F0E7CD92DB7765614B343125ECD285E259632EF002941"
"particle-spawners","Crown_Gold_Sparks","Status_Effect/Crown_Gold/Crown_Gold_Sparks","Server/Particles/Status_Effect/Crown_Gold/Crown_Gold_Sparks.particlespawner","2219","2B7EE0C40CCCAB94571C3DA483298A3D3D8171D7F5A3A78103CD9862D4F1484B"
"particle-spawners","Crown_Gold_Sparks_Stars","Status_Effect/Crown_Gold/Crown_Gold_Sparks_Stars","Server/Particles/Status_Effect/Crown_Gold/Crown_Gold_Sparks_Stars.particlespawner","2222","7EF686AC57C524A61CBD809F03DBA9D84289CB50A70C7555441BF81F9B7EB356"
"particle-spawners","Death_Bones","Status_Effect/Death/Spawners/Death_Bones","Server/Particles/Status_Effect/Death/Spawners/Death_Bones.particlespawner","2283","6A44A7F0425557C9A02F9452F06D907B2A1C04EB72171B5E31F708CDD1397B9D"
"particle-spawners","Death_Cloud","Status_Effect/Death/Spawners/Death_Cloud","Server/Particles/Status_Effect/Death/Spawners/Death_Cloud.particlespawner","2601","B561608CBA6BC49A11981166E77F6D426385651C6C66CD637B3BBC82E9AB5014"
"particle-spawners","Death_Cloud_Dark","Status_Effect/Death/Spawners/Death_Cloud_Dark","Server/Particles/Status_Effect/Death/Spawners/Death_Cloud_Dark.particlespawner","2688","7C24CDB8A99774B63B09A497C635A8852023D00D6D1D3BC827C3CCD72073FDC5"
"particle-spawners","Death_Cloud_Dark_Flame","Status_Effect/Death/Spawners/Death_Cloud_Dark_Flame","Server/Particles/Status_Effect/Death/Spawners/Death_Cloud_Dark_Flame.particlespawner","2634","276D75396D8EA16C4FA97C90ABAC9CA2C9131F35C2960C2BC16135AFEBB0BD3F"
"particle-spawners","Death_Cloud_Medium","Status_Effect/Death/Spawners/Death_Cloud_Medium","Server/Particles/Status_Effect/Death/Spawners/Death_Cloud_Medium.particlespawner","2638","FFD74ABCD58FFA02B3184D536E20CFF751BD1EDF4656709FC2558B0F7C8AA4C7"
"particle-spawners","Death_Cloud_Void","Status_Effect/Death/Spawners/Death_Cloud_Void","Server/Particles/Status_Effect/Death/Spawners/Death_Cloud_Void.particlespawner","2662","8CB7CAB2E78F980B1F932B38B789B6B47E06DE44BE732B191A12D2B9855F1138"
"particle-spawners","Death_Debris","Status_Effect/Death/Spawners/Death_Debris","Server/Particles/Status_Effect/Death/Spawners/Death_Debris.particlespawner","2660","4729B6CD751A1C38B7BFA9850C0B68D06422E81B5FA0C80B927D51D3525A8025"
"particle-spawners","Death_Erode","Status_Effect/Death/Spawners/Death_Erode","Server/Particles/Status_Effect/Death/Spawners/Death_Erode.particlespawner","2716","7AA559CD07E2E5BD161746C2157715538271D112174B6394E27383151A86943F"
"particle-spawners","Death_Erode_Dark","Status_Effect/Death/Spawners/Death_Erode_Dark","Server/Particles/Status_Effect/Death/Spawners/Death_Erode_Dark.particlespawner","2716","00484456A767E63485513B18616228AD73999B3AAF0584BAEDFF18FDE2B8920F"
"particle-spawners","Death_Feathers","Status_Effect/Death/Spawners/Death_Feathers","Server/Particles/Status_Effect/Death/Spawners/Death_Feathers.particlespawner","2355","B6E00B8F47B3561B7E88CA2EE73DBDDF02A059762B8BDD2ABAD6245DB3BC5058"
"particle-spawners","Death_Glow","Status_Effect/Death/Spawners/Death_Glow","Server/Particles/Status_Effect/Death/Spawners/Death_Glow.particlespawner","2462","E9FADB2D45D6AD8506FD23BCB76D59E45150282D74AA38149664422633E3EE06"
"particle-spawners","Death_Main","Status_Effect/Death/Spawners/Death_Main","Server/Particles/Status_Effect/Death/Spawners/Death_Main.particlespawner","2285","EA1687EB9201B7C7341E2D95077F797C2F09DE1E69C15F4E255372C46F30874E"
"particle-spawners","Death_Main_Dark","Status_Effect/Death/Spawners/Death_Main_Dark","Server/Particles/Status_Effect/Death/Spawners/Death_Main_Dark.particlespawner","2345","DD9CAB6C6CD246BD525E480AD260F14EA2C0DEA24677AD8CFD4F8BC6ACA91384"
"particle-spawners","Death_Main_Dark_Flames","Status_Effect/Death/Spawners/Death_Main_Dark_Flames","Server/Particles/Status_Effect/Death/Spawners/Death_Main_Dark_Flames.particlespawner","2345","79C53F9585C285D8EBF773BA7807DAA328623E3679B0EAEFCEDF8D5FF6C41F6C"
"particle-spawners","Death_Main_Medium","Status_Effect/Death/Spawners/Death_Main_Medium","Server/Particles/Status_Effect/Death/Spawners/Death_Main_Medium.particlespawner","2287","EE80064C9D9848F715C451E7199256D0B27A32064FABF42D89B61245296FD295"
"particle-spawners","Death_Main_Medium2","Status_Effect/Death/Spawners/Death_Main_Medium2","Server/Particles/Status_Effect/Death/Spawners/Death_Main_Medium2.particlespawner","2405","1865A50A8AD0FBD3324922C20D7F2435B64ACB6B2964427D1FB9241B122FA5C7"
"particle-spawners","Death_Main_Void","Status_Effect/Death/Spawners/Death_Main_Void","Server/Particles/Status_Effect/Death/Spawners/Death_Main_Void.particlespawner","2345","DE3E2DBBC5D4B09B30D96E0C2F8BAD567F2C00B18AFE6FCF4DA4FBD594879C80"
"particle-spawners","Death_Shockwave","Status_Effect/Death/Spawners/Death_Shockwave","Server/Particles/Status_Effect/Death/Spawners/Death_Shockwave.particlespawner","2535","9845BDF195EFD5A935B6B4B35928C053D270F6AF3E359989EE2F576B32138C6C"
"particle-spawners","Death_Shockwave_Bones","Status_Effect/Death/Spawners/Death_Shockwave_Bones","Server/Particles/Status_Effect/Death/Spawners/Death_Shockwave_Bones.particlespawner","2474","0958A85748B67785CE18BFC3F5B3BF8426F1C6093CA7F1E23C4C0A76B0B5EED5"
"particle-spawners","Death_Shockwave_Flames","Status_Effect/Death/Spawners/Death_Shockwave_Flames","Server/Particles/Status_Effect/Death/Spawners/Death_Shockwave_Flames.particlespawner","2510","7A48F8D145F1438522522840B40B60C32EFAD54525000FEDD8DFAB05C01BE86E"
"particle-spawners","Death_Shockwave_GS","Status_Effect/Death/Spawners/Death_Shockwave_GS","Server/Particles/Status_Effect/Death/Spawners/Death_Shockwave_GS.particlespawner","2392","21539C7F78949E015A9416C64DB793AF401D0BF7BC95315E21E130DA23BB5F27"
"particle-spawners","Death_Shockwave_Medium","Status_Effect/Death/Spawners/Death_Shockwave_Medium","Server/Particles/Status_Effect/Death/Spawners/Death_Shockwave_Medium.particlespawner","2535","E808656BF3621B7C9D069E32E5D11C1438BE940A1D38F21D456755AB94ABB2E2"
"particle-spawners","Death_Shockwave_Void","Status_Effect/Death/Spawners/Death_Shockwave_Void","Server/Particles/Status_Effect/Death/Spawners/Death_Shockwave_Void.particlespawner","2474","9E071A80FB46B9A4A836A7AD03EEF403E873ED5F2CBDE9EC2DB07FC144BC39B8"
"particle-spawners","Death_Shockwave2","Status_Effect/Death/Spawners/Death_Shockwave2","Server/Particles/Status_Effect/Death/Spawners/Death_Shockwave2.particlespawner","2535","CCBC0333AED42069E50B2513869737F0D9317D422902901170C433041FF58BD8"
"particle-spawners","Death_Shockwave2_Bones","Status_Effect/Death/Spawners/Death_Shockwave2_Bones","Server/Particles/Status_Effect/Death/Spawners/Death_Shockwave2_Bones.particlespawner","2474","27FC28753DF8DA93E19A7EDA57C8DC4F948038D3E2E1706A8D8017F27AC73D79"
"particle-spawners","Death_Shockwave2_Flames","Status_Effect/Death/Spawners/Death_Shockwave2_Flames","Server/Particles/Status_Effect/Death/Spawners/Death_Shockwave2_Flames.particlespawner","2510","C1422A53A96077176C22946754E3DED505D4D244A9134BAD39E29A0F6E8F11E7"
"particle-spawners","Death_Shockwave2_GS","Status_Effect/Death/Spawners/Death_Shockwave2_GS","Server/Particles/Status_Effect/Death/Spawners/Death_Shockwave2_GS.particlespawner","2392","89218FC86F0AD66E270303086ED84C7B4F23D2E32644ABBAE0AA81220A10C271"
"particle-spawners","Death_Shockwave2_Medium","Status_Effect/Death/Spawners/Death_Shockwave2_Medium","Server/Particles/Status_Effect/Death/Spawners/Death_Shockwave2_Medium.particlespawner","2536","742A875AD4BF5E1258C510FB2CF7E3EBA82BF3AC1F0F7A1937795854076C992D"
"particle-spawners","Death_Shockwave2_Void","Status_Effect/Death/Spawners/Death_Shockwave2_Void","Server/Particles/Status_Effect/Death/Spawners/Death_Shockwave2_Void.particlespawner","2474","5AAD003EB79BD770E380C2EBAF3E280FC73151EA6F8DFB6CD05C16E100F4B6AF"
"particle-spawners","Death_Smoke","Status_Effect/Death/Spawners/Death_Smoke","Server/Particles/Status_Effect/Death/Spawners/Death_Smoke.particlespawner","3181","03283AEDBC8792F8677E652672AA28964AD23658DF24986A2DD19255F2EEE436"
"particle-spawners","Death_Void_Fumes","Status_Effect/Death/Spawners/Death_Void_Fumes","Server/Particles/Status_Effect/Death/Spawners/Death_Void_Fumes.particlespawner","3863","A6BD0F1AD41DE6984F3CA085F4C9C7CE5C76FCE3EFF511C0D921953B8E1AAB23"
"particle-spawners","Death_Void_Spark","Status_Effect/Death/Spawners/Death_Void_Spark","Server/Particles/Status_Effect/Death/Spawners/Death_Void_Spark.particlespawner","2931","DCAC6AD3AD009C966D3CC73F2D5887CCA3BF85267AC73DC476EBFEA9286B7F55"
"particle-spawners","Status_OnFire","Status_Effect/Fire/Spawners/Status_OnFire","Server/Particles/Status_Effect/Fire/Spawners/Status_OnFire.particlespawner","2657","F856155F1A8D5F6A474468BB4CB68C9F516ED0875C9744594E9414A6E39C2C46"
"particle-spawners","StatusFire_Fire","Status_Effect/Fire/Spawners/StatusFire_Fire","Server/Particles/Status_Effect/Fire/Spawners/StatusFire_Fire.particlespawner","2676","DDAE449DEF24EB12B271F8F8593AB19537B8FBE757ACB29C688C22806E1EDCB7"
"particle-spawners","StatusFire_Smoke","Status_Effect/Fire/Spawners/StatusFire_Smoke","Server/Particles/Status_Effect/Fire/Spawners/StatusFire_Smoke.particlespawner","3194","2732062DF65BED57FF6E64E20F197F93FBB6113190FC4C6B2A1FBDCC010D953C"
"particle-spawners","StatusFire_Sparks","Status_Effect/Fire/Spawners/StatusFire_Sparks","Server/Particles/Status_Effect/Fire/Spawners/StatusFire_Sparks.particlespawner","2590","8B45C2B757655333BC4AE73A6909505FEE73BDB44C621BA48725AA69C70E6711"
"particle-spawners","StatusFire_Sparks_Up","Status_Effect/Fire/Spawners/StatusFire_Sparks_Up","Server/Particles/Status_Effect/Fire/Spawners/StatusFire_Sparks_Up.particlespawner","2749","F61A060F9A621DAB9E9856B28BBE3D0EA39F850E972B36AABC8286AC98F286F3"
"particle-spawners","StatusFire_Spawn","Status_Effect/Fire/Spawners/StatusFire_Spawn","Server/Particles/Status_Effect/Fire/Spawners/StatusFire_Spawn.particlespawner","2891","9C2FE0239E0ADA9F9343621A0A90BAC3819EA15087B3FFAF4C43AEC7A710CD93"
"particle-spawners","StatusFire_SpawnGlow","Status_Effect/Fire/Spawners/StatusFire_SpawnGlow","Server/Particles/Status_Effect/Fire/Spawners/StatusFire_SpawnGlow.particlespawner","2726","D815BF84AD520C44C476331282B0C3820DE79A874EDAA03478EE08410E9FB84F"
"particle-spawners","Trinket_Ring_Fire_Hit","Status_Effect/Fire/Spawners/Trinket_Ring_Fire_Hit","Server/Particles/Status_Effect/Fire/Spawners/Trinket_Ring_Fire_Hit.particlespawner","2587","3C0C1B53D566DE9F91E6A41093D6C0B385433DA089277845F5F6E9A3C15A0AE3"
"particle-spawners","Trinkett_Ring_Fire_Hit_Sparks","Status_Effect/Fire/Spawners/Trinkett_Ring_Fire_Hit_Sparks","Server/Particles/Status_Effect/Fire/Spawners/Trinkett_Ring_Fire_Hit_Sparks.particlespawner","2761","9039C646FC6B6DA19721A3FEBDFE4782350FB76FB8C331E1F097BF6A3F3FA8D7"
"particle-spawners","Aura_Heal","Status_Effect/Heal/Spawners/Aura_Heal","Server/Particles/Status_Effect/Heal/Spawners/Aura_Heal.particlespawner","2705","9396EFAC0BE50E3CD1FD3E6F64A820AFBCD65CA384A8FA6EBB4519B30D65B76B"
"particle-spawners","Heal_Rays","Status_Effect/Heal/Spawners/Heal_Rays","Server/Particles/Status_Effect/Heal/Spawners/Heal_Rays.particlespawner","2139","9F4716681E2A1CF3C32F6C8536494D7A851DE84B28EFC9BCD4061760F1BB8C92"
"particle-spawners","Heal2","Status_Effect/Heal/Spawners/Heal2","Server/Particles/Status_Effect/Heal/Spawners/Heal2.particlespawner","2788","E4CD046A1ADD1AE53F4ADD797853B9335160907D4EE5FAA661AE92EB6CB33F59"
"particle-spawners","Health_Pack_Crosses","Status_Effect/Heal/Spawners/Health_Pack_Crosses","Server/Particles/Status_Effect/Heal/Spawners/Health_Pack_Crosses.particlespawner","2831","A4FA9DA8E7B8A71378C507886935CFEDC5FE52B2F62B0B9A818A08DAD734F757"
"particle-spawners","Health_Pack_Rays","Status_Effect/Heal/Spawners/Health_Pack_Rays","Server/Particles/Status_Effect/Heal/Spawners/Health_Pack_Rays.particlespawner","2166","CCC6E3D516BC5C896173BB0DCBCB07C0C01F3886A0556647C1E28908EF56E8DD"
"particle-spawners","Poison_Bubble","Status_Effect/Poison/Spawners/Poison_Bubble","Server/Particles/Status_Effect/Poison/Spawners/Poison_Bubble.particlespawner","3434","B9EE23C4D514C2A3535B473418444AE2FFC10ADD2157570C017ABE4B147EF957"
"particle-spawners","Poison_Bubbles_Burst","Status_Effect/Poison/Spawners/Poison_Bubbles_Burst","Server/Particles/Status_Effect/Poison/Spawners/Poison_Bubbles_Burst.particlespawner","2572","F89BFD26A188BF5F1C99346527D5E3E2E4D80B246082C7FF227435D1BC361A8D"
"particle-spawners","Poison_Cloud","Status_Effect/Poison/Spawners/Poison_Cloud","Server/Particles/Status_Effect/Poison/Spawners/Poison_Cloud.particlespawner","3418","9DCD069CAA32CE83BDEFEA172AAE6D991677E7C30E1C3ED38E9E037BF4664F9F"
"particle-spawners","Poison_Face","Status_Effect/Poison/Spawners/Poison_Face","Server/Particles/Status_Effect/Poison/Spawners/Poison_Face.particlespawner","4400","FCA399B198DB24F4AD3E0C18A449E01FB89B0FC5B33C19B57A7F42D97739B5CA"
"particle-spawners","Potion_Health_Glitter","Status_Effect/Potion_Health/Spawners/Potion_Health_Glitter","Server/Particles/Status_Effect/Potion_Health/Spawners/Potion_Health_Glitter.particlespawner","1777","F016BBB1CDD6BCD060F4EED189932240291884AD43271864A3DFE0CE8597A621"
"particle-spawners","Potion_Health_Glow","Status_Effect/Potion_Health/Spawners/Potion_Health_Glow","Server/Particles/Status_Effect/Potion_Health/Spawners/Potion_Health_Glow.particlespawner","1529","513F5243221F724756B94AA2573BDF134866BA30DCA2D0931CD1130564575C52"
"particle-spawners","Potion_Health_Implosion","Status_Effect/Potion_Health/Spawners/Potion_Health_Implosion","Server/Particles/Status_Effect/Potion_Health/Spawners/Potion_Health_Implosion.particlespawner","1950","FD208B2C5D4BAAD00824F2DBF4ECF3E359C7E9A4043375D80FD41936725B6BA8"
"particle-spawners","Potion_Health_Sparks","Status_Effect/Potion_Health/Spawners/Potion_Health_Sparks","Server/Particles/Status_Effect/Potion_Health/Spawners/Potion_Health_Sparks.particlespawner","2895","E4BE72071660D730487C7DE7EB0BCE72F12EEA6128ED4A986F1C8513BE6BB0F1"
"particle-spawners","Potion_Health_Spiral","Status_Effect/Potion_Health/Spawners/Potion_Health_Spiral","Server/Particles/Status_Effect/Potion_Health/Spawners/Potion_Health_Spiral.particlespawner","1842","88B8E9A7EFF30C12B76DDC433E6980B08B7F55D1FE37B1EDD27ADE7708482EB6"
"particle-spawners","Potion_Morph_Implosion","Status_Effect/Potion_Morph/Spawners/Potion_Morph_Implosion","Server/Particles/Status_Effect/Potion_Morph/Spawners/Potion_Morph_Implosion.particlespawner","1907","E26DCCAE7FDE64958FE109C71349A75B711AA02B4BFFD13DE5205C0BA6139079"
"particle-spawners","Potion_Morph_Sparks","Status_Effect/Potion_Morph/Spawners/Potion_Morph_Sparks","Server/Particles/Status_Effect/Potion_Morph/Spawners/Potion_Morph_Sparks.particlespawner","2902","C35E1DE5BDB3B7D09526A3563FDB0AD29B4634000F9BEB2B94977972AD0CF27F"
"particle-spawners","Potion_Signature_Sparks","Status_Effect/Potion_Signature/Spawners/Potion_Signature_Sparks","Server/Particles/Status_Effect/Potion_Signature/Spawners/Potion_Signature_Sparks.particlespawner","1969","4FFA694A81BB648B76C3CEE6822CAC71BAD35B909224FABF0F09988DCE46EA02"
"particle-spawners","Potion_Stamina_Implosion","Status_Effect/Potion_Stamina/Spawners/Potion_Stamina_Implosion","Server/Particles/Status_Effect/Potion_Stamina/Spawners/Potion_Stamina_Implosion.particlespawner","1907","0DF0B3E78506DB5A4B021EBFC701E3A281FB05034AFA1B09362FB0597240C6BF"
"particle-spawners","E_Sphere","Status_Effect/Shield/Spawners/E_Sphere","Server/Particles/Status_Effect/Shield/Spawners/E_Sphere.particlespawner","2780","C8D3B8F85BD7BE272E206002D02B85E26D5A5E4F8914E0DDDBF5B0522D58C667"
"particle-spawners","StatusSnow_Dust","Status_Effect/Snow/Spawners/StatusSnow_Dust","Server/Particles/Status_Effect/Snow/Spawners/StatusSnow_Dust.particlespawner","2071","3854AFBF88905D2972E0B5E656FEC567CD2399CB6E8035A8B349F9DF4F5ECD72"
"particle-spawners","StatusSnow_Flash","Status_Effect/Snow/Spawners/StatusSnow_Flash","Server/Particles/Status_Effect/Snow/Spawners/StatusSnow_Flash.particlespawner","2632","DF5BABEF4F5A15DBA5E47510A8F939C79C2BD142B861A89DD12BE2C7EDE6C25A"
"particle-spawners","StatusSnow_Fragment","Status_Effect/Snow/Spawners/StatusSnow_Fragment","Server/Particles/Status_Effect/Snow/Spawners/StatusSnow_Fragment.particlespawner","1965","0C55896C900D4C245B0E0926077FF58C8B0247A87C1E8A583C005CF917A177D9"
"particle-spawners","StatusSnow_IceShard","Status_Effect/Snow/Spawners/StatusSnow_IceShard","Server/Particles/Status_Effect/Snow/Spawners/StatusSnow_IceShard.particlespawner","2211","2AA20E2EA97190CC8BAE3B3ED30E55A02B8C272AB05A03AAC0FDE0B0A9A6F65D"
"particle-spawners","StatusSnow_Impact_Dust","Status_Effect/Snow/Spawners/StatusSnow_Impact_Dust","Server/Particles/Status_Effect/Snow/Spawners/StatusSnow_Impact_Dust.particlespawner","2114","65F1494758C2B46123451DD12D5484BE258768CA273878BD3FA1E9357746C2B2"
"particle-spawners","StatusSnow_Snow","Status_Effect/Snow/Spawners/StatusSnow_Snow","Server/Particles/Status_Effect/Snow/Spawners/StatusSnow_Snow.particlespawner","1665","C477C82D70FC47D9A43FDD28057933BFAAED1CE1D00D551E938970AD702C206B"
"particle-spawners","StatusSnow_Sparks","Status_Effect/Snow/Spawners/StatusSnow_Sparks","Server/Particles/Status_Effect/Snow/Spawners/StatusSnow_Sparks.particlespawner","1781","20295F0935B35DD69F8BA0EDB51025FCDBC9B207974C4301956CAEF932EC9615"
"particle-spawners","Bow_Charging_Circles","Weapon/Bow/Bow_Charging_Circles","Server/Particles/Weapon/Bow/Bow_Charging_Circles.particlespawner","2090","64571A25119B39CC4803C4E597D66DB5B418C02B0C7D230C7DFF8CB5B1EBFB87"
"particle-spawners","Bow_Charging_Sparks","Weapon/Bow/Bow_Charging_Sparks","Server/Particles/Weapon/Bow/Bow_Charging_Sparks.particlespawner","2474","134A88AC94DE15B953F7245FF504FE3E7A5C99F218ECB27586668A6D2F5D8A17"
"particle-spawners","Bow_Sig_Charge_Circles","Weapon/Bow/Bow_Sig_Charge_Circles","Server/Particles/Weapon/Bow/Bow_Sig_Charge_Circles.particlespawner","2439","EC1F67AB0F4F9CA4A90A2B8E21C06A557604A5A4606937E4773E3F9025CDA308"
"particle-spawners","Bow_Sig_Charge_Circles2","Weapon/Bow/Bow_Sig_Charge_Circles2","Server/Particles/Weapon/Bow/Bow_Sig_Charge_Circles2.particlespawner","2458","0D2DDF0E70FC19B5E3132B29758572ABE0DFC6EB515635F5902747DB12ED9612"
"particle-spawners","Bow_Sig_Charge_Core","Weapon/Bow/Bow_Sig_Charge_Core","Server/Particles/Weapon/Bow/Bow_Sig_Charge_Core.particlespawner","1768","ADB7D68F1EB67EB8B22E8859EC7FAA8D7D123430167AA135052BF8684B95679A"
"particle-spawners","Bow_Sig_Charge_Glow","Weapon/Bow/Bow_Sig_Charge_Glow","Server/Particles/Weapon/Bow/Bow_Sig_Charge_Glow.particlespawner","2542","CAF98139A9F6147E534FC0E25EDF36306E0C8B1F9DB7248AE8C3BB5E0D5ABD6E"
"particle-spawners","Bow_Sig_Charge_Spark","Weapon/Bow/Bow_Sig_Charge_Spark","Server/Particles/Weapon/Bow/Bow_Sig_Charge_Spark.particlespawner","2595","B6D03DBAD41541BDBAE4FD70BE4B563841A2A30BDFD9AE26A9ABEA0F008803C6"
"particle-spawners","Bow_Sig_Charge_SparksStart","Weapon/Bow/Bow_Sig_Charge_SparksStart","Server/Particles/Weapon/Bow/Bow_Sig_Charge_SparksStart.particlespawner","2033","B608BC266410725180CBBE36767424E7DCBFDAD2CC57BA2538665914A7BBB12D"
"particle-spawners","Bow_Signature_Launch_Beam","Weapon/Bow/Bow_Signature_Launch_Beam","Server/Particles/Weapon/Bow/Bow_Signature_Launch_Beam.particlespawner","1823","857E3A65A4B7570B9DC99D55AECAC333EFDBC8006987EB97F028337F3E1E31AE"
"particle-spawners","Bow_Signature_Launch_Sparks","Weapon/Bow/Bow_Signature_Launch_Sparks","Server/Particles/Weapon/Bow/Bow_Signature_Launch_Sparks.particlespawner","1844","535E352B7BA252C0744E0E777C16F981359F82D21FAD02F6BA2751BBE189B13D"
"particle-spawners","Bow_Signature_Projectile_Sparks","Weapon/Bow/Bow_Signature_Projectile_Sparks","Server/Particles/Weapon/Bow/Bow_Signature_Projectile_Sparks.particlespawner","2172","564F9F3FB4745EAA48933CFF35044F4F0628CDAE62849A730154A3316D29EB96"
"particle-spawners","Crossbow_Signature_Wind","Weapon/Bow/Crossbow_Signature_Wind","Server/Particles/Weapon/Bow/Crossbow_Signature_Wind.particlespawner","2334","D1219BF632637C3EF4D44FD7CDB76C9AC94D78171B7D5459DCB77E10BFE796E7"
"particle-spawners","Crossbow_Signature_Wind_FP","Weapon/Bow/Crossbow_Signature_Wind_FP","Server/Particles/Weapon/Bow/Crossbow_Signature_Wind_FP.particlespawner","2741","CA2DCED22AB817033534D221155443E24166D9CCF113B69DD94BF377F6213B02"
"particle-spawners","Fire_Charge_Flash","Weapon/Fire_Staff/Spawners/Fire_Charge_Flash","Server/Particles/Weapon/Fire_Staff/Spawners/Fire_Charge_Flash.particlespawner","2868","34C6220DE26B9B7E6298BA92A93803483F3DEB417B5D010C3028E6D11DF29ECB"
"particle-spawners","Fire_Charge_Sparkles","Weapon/Fire_Staff/Spawners/Fire_Charge_Sparkles","Server/Particles/Weapon/Fire_Staff/Spawners/Fire_Charge_Sparkles.particlespawner","2308","339AE5FFA1FEB169E4E2A8719FBBD269675234E745E6A5C1E4DDCEB9AF84D1CD"
"particle-spawners","Fire_Charge_Sphere","Weapon/Fire_Staff/Spawners/Fire_Charge_Sphere","Server/Particles/Weapon/Fire_Staff/Spawners/Fire_Charge_Sphere.particlespawner","2756","6AED75C9E16FDA50FFB905D15238469DA2D61F7165348B04933EECF3ADE12537"
"particle-spawners","Laser_Hit_Impact_Sparkles","Weapon/LaserRifle/Spawners/Laser_Hit_Impact_Sparkles","Server/Particles/Weapon/LaserRifle/Spawners/Laser_Hit_Impact_Sparkles.particlespawner","2069","62B4D30C5CED2043730B074849E6C666CD9BD42FEC7688A0E20826FF54B2434E"
"particle-spawners","Laser_Impact_Flash","Weapon/LaserRifle/Spawners/Laser_Impact_Flash","Server/Particles/Weapon/LaserRifle/Spawners/Laser_Impact_Flash.particlespawner","2732","F4026ECF5987BCB69CF77AE797961EA218A5664023C459629DAFB7942814DBD1"
"particle-spawners","Lightning_Sword_Start","Weapon/Lightning_Sword/Spawners/Lightning_Sword_Start","Server/Particles/Weapon/Lightning_Sword/Spawners/Lightning_Sword_Start.particlespawner","2640","6AAF945499EEA82159E6BC04E632C05D441BAEDCE29EC7F0A8A41A1D1DEB6EE8"
"particle-spawners","Lightning_Sword_Trail","Weapon/Lightning_Sword/Spawners/Lightning_Sword_Trail","Server/Particles/Weapon/Lightning_Sword/Spawners/Lightning_Sword_Trail.particlespawner","2858","BBD6F2692B37AE66E01E062904323D0C50CF81974EA16A4A38DDCCC3F32CE04B"
"particle-spawners","Longsword","Weapon/Longsword/Spawners/Longsword","Server/Particles/Weapon/Longsword/Spawners/Longsword.particlespawner","2073","8FF4460D6C468A201EFE617BC37C925379FA4B7EE3345B4F5821CE3EE3139252"
"particle-spawners","Musket_Bullet","Weapon/Musket/Spawners/Musket_Bullet","Server/Particles/Weapon/Musket/Spawners/Musket_Bullet.particlespawner","2505","5E5ADB67CCF12EFA441DD514D643339F4565D2677AD46B31D160812B5AFD028F"
"particle-spawners","Musket_Smoke","Weapon/Musket/Spawners/Musket_Smoke","Server/Particles/Weapon/Musket/Spawners/Musket_Smoke.particlespawner","2954","F688EBBC2AABB65014B7371B1ED2377CA64F05FB3BE8D82BEC09B260146752E2"
"particle-spawners","Musket_Sparks","Weapon/Musket/Spawners/Musket_Sparks","Server/Particles/Weapon/Musket/Spawners/Musket_Sparks.particlespawner","2896","38B8E86A76DC11D4232EF7DB3CB65B79CC7652C004B2E0239834DFA911B33C59"
"particle-spawners","Shotgun_Flash","Weapon/Musket/Spawners/Shotgun_Flash","Server/Particles/Weapon/Musket/Spawners/Shotgun_Flash.particlespawner","1721","BC18F8E3FD0281B1F511D0C13E896C1C9AA0D5B32A48B271856ABCDBE60BB436"
"particle-spawners","Shotgun_Flash2","Weapon/Musket/Spawners/Shotgun_Flash2","Server/Particles/Weapon/Musket/Spawners/Shotgun_Flash2.particlespawner","1635","7E0DAB4D3937C1CF9C655E5513B2A108AC1DBEDBDBA3CF6FB63DC06C88435E48"
"particle-spawners","Shotgun_Flash3","Weapon/Musket/Spawners/Shotgun_Flash3","Server/Particles/Weapon/Musket/Spawners/Shotgun_Flash3.particlespawner","2301","E057C4E04100CFAD48F98308849A6C80618985F942CC536293FD51BE6F97B5C2"
"particle-spawners","Shotgun_Shockwave","Weapon/Musket/Spawners/Shotgun_Shockwave","Server/Particles/Weapon/Musket/Spawners/Shotgun_Shockwave.particlespawner","2522","941124F42B8711A6441C22597A5496BC1E721FE2D1A23E2196160D4F90ABF592"
"particle-spawners","Shotgun_Smoke","Weapon/Musket/Spawners/Shotgun_Smoke","Server/Particles/Weapon/Musket/Spawners/Shotgun_Smoke.particlespawner","2615","7AC99D046DE2D1D540826534CDA03874B1B60DCAF5A21CC3B350F6D888C7DA8C"
"particle-spawners","Shotgun_Sparks","Weapon/Musket/Spawners/Shotgun_Sparks","Server/Particles/Weapon/Musket/Spawners/Shotgun_Sparks.particlespawner","2980","7047E1864FE01C3591D8428507EB59B3BB6CCF47C4A021AF2782373E736B35A9"
"particle-spawners","Shotgun_Sparks2","Weapon/Musket/Spawners/Shotgun_Sparks2","Server/Particles/Weapon/Musket/Spawners/Shotgun_Sparks2.particlespawner","2063","7B6B5AACE57C5F95875031AF6EC20E33625A35F0E6E5A806EB07C9989D711DA8"
"particle-spawners","Rifle_Bullet","Weapon/Rifle/Spawners/Rifle_Bullet","Server/Particles/Weapon/Rifle/Spawners/Rifle_Bullet.particlespawner","3291","D81A068D61BA3BC11C76CDD1357241575A6E0AD4CBA6AB0B3AAEAFEEBA983177"
"particle-spawners","Rifle_Bullet_Case","Weapon/Rifle/Spawners/Rifle_Bullet_Case","Server/Particles/Weapon/Rifle/Spawners/Rifle_Bullet_Case.particlespawner","3084","A47C66907CEDEC4612989D3D94F7922ACF3345EDCE5D1846BE7ABCA7C6A424D7"
"particle-spawners","Rifle_Decal","Weapon/Rifle/Spawners/Rifle_Decal","Server/Particles/Weapon/Rifle/Spawners/Rifle_Decal.particlespawner","2326","ED02C1C5CC2DFDA6FE89421AC57765C5219A678FCB0DD5E27C4786693A1694F0"
"particle-spawners","Rifle_Fire_Splash","Weapon/Rifle/Spawners/Rifle_Fire_Splash","Server/Particles/Weapon/Rifle/Spawners/Rifle_Fire_Splash.particlespawner","2730","4D76F2499FAB418CECA59B7B7B0DBF3A1F22F2168600CD0B36C9EF0FC58672F0"
"particle-spawners","Rifle_Fire_Splash_Red","Weapon/Rifle/Spawners/Rifle_Fire_Splash_Red","Server/Particles/Weapon/Rifle/Spawners/Rifle_Fire_Splash_Red.particlespawner","3040","A370EC0353115B229D0EFFE467E1A92317376B88CC709C94BCDCEA00EDD90F6A"
"particle-spawners","Rifle_Fire_Splash2","Weapon/Rifle/Spawners/Rifle_Fire_Splash2","Server/Particles/Weapon/Rifle/Spawners/Rifle_Fire_Splash2.particlespawner","2847","586AAD5AA11BD103AC99BC544808C754B510064F4D6CA11A105C028D2FB592A9"
"particle-spawners","Rifle_Hit_Impact_Smoke_Light","Weapon/Rifle/Spawners/Rifle_Hit_Impact_Smoke_Light","Server/Particles/Weapon/Rifle/Spawners/Rifle_Hit_Impact_Smoke_Light.particlespawner","2944","23BD4788D0A2FE1B3E2473CFF13015EC88E96193DC934A7D1D73C77F4199D27A"
"particle-spawners","Rifle_Hit_Impact_Sparkles","Weapon/Rifle/Spawners/Rifle_Hit_Impact_Sparkles","Server/Particles/Weapon/Rifle/Spawners/Rifle_Hit_Impact_Sparkles.particlespawner","2649","D7494634E2FA3CA211B37366C2C4EAA2775879BFAE602AED6E78E9AE27F6EA8A"
"particle-spawners","Rifle_Smoke","Weapon/Rifle/Spawners/Rifle_Smoke","Server/Particles/Weapon/Rifle/Spawners/Rifle_Smoke.particlespawner","1999","D7977853A57A73BE7F71B3C895F290F1B1B0743670275D7A680AB67774042F39"
"particle-spawners","Spear","Weapon/Spear/Spawners/Spear","Server/Particles/Weapon/Spear/Spawners/Spear.particlespawner","2431","A91D2F8366ADA72366FB9250F60BADE48E7AF18FFC51396EF61B2B70EF204248"
"particle-spawners","Ice_Charge_Sphere","Weapon/Staff/Spawners/Ice_Charge_Sphere","Server/Particles/Weapon/Staff/Spawners/Ice_Charge_Sphere.particlespawner","3063","D58F22D4625441E39D9654B55F4A2B87C04679B7208FD6EF4CA1C7BF1E09BD9A"
"particle-spawners","Ice_Charge_Sphere_Flake","Weapon/Staff/Spawners/Ice_Charge_Sphere_Flake","Server/Particles/Weapon/Staff/Spawners/Ice_Charge_Sphere_Flake.particlespawner","3232","D33D2859723E0ABC81D98377C600025CD9B2548D9496AA60ED2F83BA55C2FCA5"
"particle-spawners","IceBall_Wand_Mist","Weapon/Staff/Spawners/IceBall_Wand_Mist","Server/Particles/Weapon/Staff/Spawners/IceBall_Wand_Mist.particlespawner","2228","6D73682BBCBAD4350D0DF596231C1C6EA1A593E8DEF2801D3775F25050A18291"
"particle-spawners","IceBall_Wand_Snowflake","Weapon/Staff/Spawners/IceBall_Wand_Snowflake","Server/Particles/Weapon/Staff/Spawners/IceBall_Wand_Snowflake.particlespawner","2374","0709321E35D287F658611DD6D68AF43DFC943F0A69473CA12A2AC266DA32E385"
"particle-spawners","Staff_Bronze_Air","Weapon/Staff/Spawners/Staff_Bronze_Air","Server/Particles/Weapon/Staff/Spawners/Staff_Bronze_Air.particlespawner","2618","EDC8EF767FD717102823F5A6F8D4E9464CACCE6171448D64935811CA9AD842F8"
"particle-spawners","Staff_Bronze_Sparks","Weapon/Staff/Spawners/Staff_Bronze_Sparks","Server/Particles/Weapon/Staff/Spawners/Staff_Bronze_Sparks.particlespawner","1953","B4E29887E533A5F66B720CF2166EC10CBC94129C069FF03FDC2564E2C2F52AB0"
"particle-spawners","Staff_Red_Leaves","Weapon/Staff/Spawners/Staff_Red_Leaves","Server/Particles/Weapon/Staff/Spawners/Staff_Red_Leaves.particlespawner","2792","B078FC3BF504C56A35EAFE086F7DE6F9A0E229265CDC7A88FD40092B051BD367"
"particle-spawners","Staff_Wood_Skeleton_Air","Weapon/Staff/Spawners/Staff_Wood_Skeleton_Air","Server/Particles/Weapon/Staff/Spawners/Staff_Wood_Skeleton_Air.particlespawner","2757","FAB153B39E7CE738049923611A4BA2933A80ED8F689FA449B48D5D57E88C8B4A"
"particle-spawners","Staff_Wood_Skeleton_Sparks","Weapon/Staff/Spawners/Staff_Wood_Skeleton_Sparks","Server/Particles/Weapon/Staff/Spawners/Staff_Wood_Skeleton_Sparks.particlespawner","2411","C934928961293FB985362CC28CDEA5CAEDD9AAC05E58D6E9C698F6E6D4AD3C68"
"particle-spawners","FireSword_Fire","Weapon/Sword/Spawners/FireSword_Fire","Server/Particles/Weapon/Sword/Spawners/FireSword_Fire.particlespawner","3667","7338753E89D0E5670115701C4AAEBA6EB1BFDF8182685445472936A645BBFD33"
"particle-spawners","FireSword_Smoke","Weapon/Sword/Spawners/FireSword_Smoke","Server/Particles/Weapon/Sword/Spawners/FireSword_Smoke.particlespawner","2897","F621F259FDAE4234E5D004753E927527E1CA4BF44FCD1E81459DA3D48BEFC367"
"particle-spawners","FireSword_Sparks","Weapon/Sword/Spawners/FireSword_Sparks","Server/Particles/Weapon/Sword/Spawners/FireSword_Sparks.particlespawner","2956","4143A3F2E9A6DCCAA9D75BFF06AED7AA1820DCFF3FC15A0BAD3BFD7AA30B4635"
"particle-spawners","Sword_Charge","Weapon/Sword/Spawners/Sword_Charge","Server/Particles/Weapon/Sword/Spawners/Sword_Charge.particlespawner","2071","2925F9514E6BC1F0D8BD834267299A0474626141DBC6EE72EF0FCA6C331F9D5C"
"particle-spawners","Sword_Charge2","Weapon/Sword/Spawners/Sword_Charge2","Server/Particles/Weapon/Sword/Spawners/Sword_Charge2.particlespawner","2101","62095995874C233B43318FDDB1DC4D0F0A7E852595BC8B491C294B3847E6D671"
"particle-spawners","Sword_Charge3","Weapon/Sword/Spawners/Sword_Charge3","Server/Particles/Weapon/Sword/Spawners/Sword_Charge3.particlespawner","2041","265C5507BB182DAC93E8E7DC56C10AA88696754BBD5A3F71775569D603318396"
"particle-spawners","Weapon_Frost_Mist","Weapon/Sword/Spawners/Weapon_Frost_Mist","Server/Particles/Weapon/Sword/Spawners/Weapon_Frost_Mist.particlespawner","2455","A4C444CFCA96B852EE365192B5E538FE71B27357CE30EBADFD14498B2F53A4E2"
"particle-spawners","Weapon_Frost_Sparks","Weapon/Sword/Spawners/Weapon_Frost_Sparks","Server/Particles/Weapon/Sword/Spawners/Weapon_Frost_Sparks.particlespawner","2902","10CBA1A9ABE4D29B4B4059904C13824134176A103E6B5B7E9B305F1E595E8A5C"
"particle-spawners","Weapon_Frost_Specks","Weapon/Sword/Spawners/Weapon_Frost_Specks","Server/Particles/Weapon/Sword/Spawners/Weapon_Frost_Specks.particlespawner","2601","ECE1220344DD2BECEB8332398F81591D3862EF3BB7BF503D27B5D1F0F62A127C"
"particle-spawners","Wood_Wand_Leaves","Weapon/Wand/Spawners/Wood_Wand_Leaves","Server/Particles/Weapon/Wand/Spawners/Wood_Wand_Leaves.particlespawner","2664","0243D02191797D0524B7239A430440789FA5F91A06CB5456818FF3781D99295D"
"particle-spawners","Wood_Wand_Stars","Weapon/Wand/Spawners/Wood_Wand_Stars","Server/Particles/Weapon/Wand/Spawners/Wood_Wand_Stars.particlespawner","2683","74F825A1CDF32F25FCDB88EE86B111E526E522609032169B15BFF0EF36E2825A"
"particle-spawners","Ash","Weather/Ash/Spawners/Ash","Server/Particles/Weather/Ash/Spawners/Ash.particlespawner","2619","37652BC88D3A02A50CBC5867FE1CB97885B14DB234F7D00DB8777407E64F2AA7"
"particle-spawners","Ash_Storm","Weather/Ash/Spawners/Ash_Storm","Server/Particles/Weather/Ash/Spawners/Ash_Storm.particlespawner","2653","ECBFA3187C4FF3F81738C4867FA7E0C48966F595E92BBC57CD2BD9AC299619FE"
"particle-spawners","Butterflies_Random_GS","Weather/Butterfly/Butterflies_Random_GS","Server/Particles/Weather/Butterfly/Butterflies_Random_GS.particlespawner","7075","9999391409A424245DC2863AD69A20D4C93274BECB6A67C4C2E8D1BDCD5A820C"
"particle-spawners","Butterflies_Wide_GS","Weather/Butterfly/Butterflies_Wide_GS","Server/Particles/Weather/Butterfly/Butterflies_Wide_GS.particlespawner","7067","7990EAD65D86711DD1F0323B1BBEF6746DD28777669C57150A3E164270EC1D46"
"particle-spawners","Dust_Large_Dark","Weather/Dust_Sparkles/Spawners/Dust_Large_Dark","Server/Particles/Weather/Dust_Sparkles/Spawners/Dust_Large_Dark.particlespawner","3029","96E8778DFB99631AFE470B7F5DA592C77BD7745461A13D335163D44AA0657E17"
"particle-spawners","Dust_Large_Light","Weather/Dust_Sparkles/Spawners/Dust_Large_Light","Server/Particles/Weather/Dust_Sparkles/Spawners/Dust_Large_Light.particlespawner","3030","E1AD964E3F0652444809A3C1B535E76EA9EE5E9A4BB878790E6762EFA1A2FC95"
"particle-spawners","Dust_Sparkles","Weather/Dust_Sparkles/Spawners/Dust_Sparkles","Server/Particles/Weather/Dust_Sparkles/Spawners/Dust_Sparkles.particlespawner","2446","D0FEAB04EFBEEE8AB58D3908158BB77A6B1080BF18B2DA6CE75DAE8E9F6934B2"
"particle-spawners","Dust_Sparkles_Light","Weather/Dust_Sparkles/Spawners/Dust_Sparkles_Light","Server/Particles/Weather/Dust_Sparkles/Spawners/Dust_Sparkles_Light.particlespawner","2560","DC3AA0E7FB9FB5D6291D428E5767E8DD000F3A0D8B7E5A88934C080A53F99D68"
"particle-spawners","Flies_Around","Weather/Dust_Sparkles/Spawners/Flies_Around","Server/Particles/Weather/Dust_Sparkles/Spawners/Flies_Around.particlespawner","5136","88D0AA152C28C63EB4263C88F55E9552B33EDC21A4C023031866D072699E13E5"
"particle-spawners","Fireflies_Random_GS","Weather/Firefly/Spawners/Fireflies_Random_GS","Server/Particles/Weather/Firefly/Spawners/Fireflies_Random_GS.particlespawner","6874","92EC5D816E2B746B60FC046CE30A7C99B44109B90654AF6A0357B54FE9CF6D82"
"particle-spawners","Fireflies_Slow_GS","Weather/Firefly/Spawners/Fireflies_Slow_GS","Server/Particles/Weather/Firefly/Spawners/Fireflies_Slow_GS.particlespawner","6685","1E8A787EF4B33C909CAE54FE962F67CE9362168D7B1F49EFEA91FF4E4089F845"
"particle-spawners","Ember","Weather/Firelands/Spawners/Ember","Server/Particles/Weather/Firelands/Spawners/Ember.particlespawner","2473","70F89A2CE9DA36D5327DC0B2D290187836BC6A3BCB34CA1A6C1819B3CC071F62"
"particle-spawners","Firelands_Smoke","Weather/Firelands/Spawners/Firelands_Smoke","Server/Particles/Weather/Firelands/Spawners/Firelands_Smoke.particlespawner","2040","80B499F3949A6C3F2DE5691C09CE543C13B8B63D9177672A793B43FE4F5AEE85"
"particle-spawners","Fog","Weather/Fog/Spawners/Fog","Server/Particles/Weather/Fog/Spawners/Fog.particlespawner","2126","E5EBBE9488C189E94CE0BC775CE52B3E35A0466FC04683D8621F999B99545DFD"
"particle-spawners","ForgottenTemple_CenterWind","Weather/ForgottenTemple_CenterWind","Server/Particles/Weather/ForgottenTemple_CenterWind.particlespawner","2480","A3AF5F71CA6E6CC05C73FE2476357CB9BBB21951AF996A772ED9CE8E801C292E"
"particle-spawners","ForgottenTemple_Particles","Weather/ForgottenTemple_Particles","Server/Particles/Weather/ForgottenTemple_Particles.particlespawner","1941","7A0A939F46D6F1C2B9E102D8FAFB0C088FD259C985E8A9C82C7F8D10BF6AB80B"
"particle-spawners","ForgottenTemple_Particles_Big","Weather/ForgottenTemple_Particles_Big","Server/Particles/Weather/ForgottenTemple_Particles_Big.particlespawner","1885","66D08269543E93B62E90EB30C91154526A853631A66BA16593697B1F8D3F4C52"
"particle-spawners","Geyzer_Smoke","Weather/Geyzer/Spawners/Geyzer_Smoke","Server/Particles/Weather/Geyzer/Spawners/Geyzer_Smoke.particlespawner","2795","2CA7D21D076391175FFCB96EEBED3D4CE9A01A4E17BEA1DA0A68D63C45B22E55"
"particle-spawners","Water_Beam","Weather/Geyzer/Spawners/Water_Beam","Server/Particles/Weather/Geyzer/Spawners/Water_Beam.particlespawner","2749","DCE8F727DC7D55D2F4C0C8A41107FCD31DCCA68ECAF257EA8BE1239EDE22237C"
"particle-spawners","Water_Beam_Spalsh_Timed","Weather/Geyzer/Spawners/Water_Beam_Spalsh_Timed","Server/Particles/Weather/Geyzer/Spawners/Water_Beam_Spalsh_Timed.particlespawner","2493","4A491CE4C1702970AD700C73A13473D5E2834EC69AD5A9FB6A1A26955356B473"
"particle-spawners","Water_Beam_Spawn","Weather/Geyzer/Spawners/Water_Beam_Spawn","Server/Particles/Weather/Geyzer/Spawners/Water_Beam_Spawn.particlespawner","2269","D0242F51DF0DF521D84606C484E073EB513DCC4E9A3281EB95C1F04C314A7DF9"
"particle-spawners","Water_Beam_Splahs_Top","Weather/Geyzer/Spawners/Water_Beam_Splahs_Top","Server/Particles/Weather/Geyzer/Spawners/Water_Beam_Splahs_Top.particlespawner","2379","01ABBE2A5142A752B5372707250ABB1FCFE7EA1D5D712BE04CE7841C8F356854"
"particle-spawners","Water_Beam_Splash","Weather/Geyzer/Spawners/Water_Beam_Splash","Server/Particles/Weather/Geyzer/Spawners/Water_Beam_Splash.particlespawner","2319","6F05537925AB41F7404B2897B701A22B446B3969459619FA99FB5501B6284321"
"particle-spawners","Water_Beam_Splash_Side","Weather/Geyzer/Spawners/Water_Beam_Splash_Side","Server/Particles/Weather/Geyzer/Spawners/Water_Beam_Splash_Side.particlespawner","1997","3B401DE58858ED611E8CA45704CD38A8869FEC5B7E474B174DB015B09FDC8728"
"particle-spawners","Water_Beam_Timed","Weather/Geyzer/Spawners/Water_Beam_Timed","Server/Particles/Weather/Geyzer/Spawners/Water_Beam_Timed.particlespawner","2771","9731259695E8CCFB2866F0F1C81F45653F809B062083810E554E25C8C16E52EB"
"particle-spawners","Water_Beam_Waves","Weather/Geyzer/Spawners/Water_Beam_Waves","Server/Particles/Weather/Geyzer/Spawners/Water_Beam_Waves.particlespawner","2281","50D834D0FF9F0CD5A497795EA4569D2B18C00D15B576D0BA59705EBDD53083FD"
"particle-spawners","Water_Beam_Waves_Timed","Weather/Geyzer/Spawners/Water_Beam_Waves_Timed","Server/Particles/Weather/Geyzer/Spawners/Water_Beam_Waves_Timed.particlespawner","2384","2ACE785C7B2352F099DB930D08F0851A807AAF1B5C292E164ADA71DE17EB52DC"
"particle-spawners","Magic_Sparks_Temple_Fast","Weather/Instances/Forgotten_Temple/Spawners/Magic_Sparks_Temple_Fast","Server/Particles/Weather/Instances/Forgotten_Temple/Spawners/Magic_Sparks_Temple_Fast.particlespawner","2552","6772A8AAC1B635954051D62BEAA34F479937246F876461FCD644C49F6D23875C"
"particle-spawners","Magic_Sparks_Temple_Heavy","Weather/Instances/Forgotten_Temple/Spawners/Magic_Sparks_Temple_Heavy","Server/Particles/Weather/Instances/Forgotten_Temple/Spawners/Magic_Sparks_Temple_Heavy.particlespawner","2897","33567753B5D093D970D755ABEABE419EC0D2BD03241F30E300F6013A19E0543F"
"particle-spawners","Leaves","Weather/Leaves/Spawners/Leaves","Server/Particles/Weather/Leaves/Spawners/Leaves.particlespawner","2586","533FDEC57DF57B0D29B13FF700AD1166F2CF5759C003E36467E32F19EC6C6384"
"particle-spawners","Leaves_Autumn_Forest_Wind","Weather/Leaves/Spawners/Leaves_Autumn_Forest_Wind","Server/Particles/Weather/Leaves/Spawners/Leaves_Autumn_Forest_Wind.particlespawner","3313","FAC6E1756555C4BA436753B8F71EB1D47E4156B23014E2B64C66CDD2231B6B87"
"particle-spawners","Leaves_Oak_Wind","Weather/Leaves/Spawners/Leaves_Oak_Wind","Server/Particles/Weather/Leaves/Spawners/Leaves_Oak_Wind.particlespawner","2922","602B26D3A3C96C9CBCCC06725A559A12802811811F679AA691919405E9002A1A"
"particle-spawners","Leaves_Wind","Weather/Leaves/Spawners/Leaves_Wind","Server/Particles/Weather/Leaves/Spawners/Leaves_Wind.particlespawner","4649","46CC34EE08968F67006BA4545472452DEDE99EFA7E960D1D33779FBF06EDECF5"
"particle-spawners","Azure_Sparks","Weather/Magic_Sparks/Spawners/Azure_Sparks","Server/Particles/Weather/Magic_Sparks/Spawners/Azure_Sparks.particlespawner","2158","FC06AE9B607F8D3D02C098A885225671DB9D2C46A3C646ED962091FB3CBD98A8"
"particle-spawners","Magic_Sparks","Weather/Magic_Sparks/Spawners/Magic_Sparks","Server/Particles/Weather/Magic_Sparks/Spawners/Magic_Sparks.particlespawner","2324","D2DB9290402CDE52893C6BE68B9FA2ABB727D9DB619FB26B1305F2DD97D368DA"
"particle-spawners","Magic_Sparks_Fast","Weather/Magic_Sparks/Spawners/Magic_Sparks_Fast","Server/Particles/Weather/Magic_Sparks/Spawners/Magic_Sparks_Fast.particlespawner","2562","60FCC89CDB28477F0411F06A7408FB191C130346B447CBBD1C4419CEC5AEA777"
"particle-spawners","Magic_Sparks_Heavy","Weather/Magic_Sparks/Spawners/Magic_Sparks_Heavy","Server/Particles/Weather/Magic_Sparks/Spawners/Magic_Sparks_Heavy.particlespawner","2893","A1E51CA7DEBA44B506BEC8F90AE2058176E040993DFC98B344FC425992749933"
"particle-spawners","Magic_Sparks_Storm","Weather/Magic_Sparks/Spawners/Magic_Sparks_Storm","Server/Particles/Weather/Magic_Sparks/Spawners/Magic_Sparks_Storm.particlespawner","2559","0F6535BD77287B3A9D82E5C649AAE18CBF396FDFBE5D778EE6C965DA6355634F"
"particle-spawners","Weather_Poison_Smoke","Weather/Poison/Spawners/Weather_Poison_Smoke","Server/Particles/Weather/Poison/Spawners/Weather_Poison_Smoke.particlespawner","2542","E662994C586AD0C0EB757842E1FA39671A41CABC39437CA646703A67CC1B5AAB"
"particle-spawners","Weather_Poison_Smoke_Demo","Weather/Poison/Spawners/Weather_Poison_Smoke_Demo","Server/Particles/Weather/Poison/Spawners/Weather_Poison_Smoke_Demo.particlespawner","2541","53784A0131EACEE66E70396BAB8BA1C0310FD2F40D535696B5689E36D54D40EC"
"particle-spawners","Weather_Poison_Smoke_Thick","Weather/Poison/Spawners/Weather_Poison_Smoke_Thick","Server/Particles/Weather/Poison/Spawners/Weather_Poison_Smoke_Thick.particlespawner","2665","305CDB24F67DD26199EDCCB60BA4D7F7EF598C1B5C7C80A209C8D863595EA879"
"particle-spawners","Weather_Poison_Smoke_Thick_Demo","Weather/Poison/Spawners/Weather_Poison_Smoke_Thick_Demo","Server/Particles/Weather/Poison/Spawners/Weather_Poison_Smoke_Thick_Demo.particlespawner","2668","D2ADA269E009E96D5D9FE3C195C159E0A5D3F5F7CDECAC077E32CA9300C4E031"
"particle-spawners","Rain","Weather/Rain/Spawners/Rain","Server/Particles/Weather/Rain/Spawners/Rain.particlespawner","2486","2E7E8137A4A9AC01325D0BEEC43FAB30CC595A05956DB836D42FE66AAA825989"
"particle-spawners","Rain_Heavy","Weather/Rain/Spawners/Rain_Heavy","Server/Particles/Weather/Rain/Spawners/Rain_Heavy.particlespawner","2516","F5B238D40B411E5D0027F79A48A04D83E5D60EBB8437357EDAD4C9A1B226A167"
"particle-spawners","Rain_Horizontal","Weather/Rain/Spawners/Rain_Horizontal","Server/Particles/Weather/Rain/Spawners/Rain_Horizontal.particlespawner","2944","00DAF1E4C5DB0BB8EF9B85306C78FAAA7D7E98589A87AD2F01B9CA114BCE07A2"
"particle-spawners","Rain_Light","Weather/Rain/Spawners/Rain_Light","Server/Particles/Weather/Rain/Spawners/Rain_Light.particlespawner","2474","3C514D7346142BE788A72C840B1DB4A8B895A5F7637BF2934C7C5A03D2157FF0"
"particle-spawners","Water_Dripping","Weather/Rain/Spawners/Water_Dripping","Server/Particles/Weather/Rain/Spawners/Water_Dripping.particlespawner","2982","3DF1A20DCE53E44DA5FCE719DD99111D6BB6FE1C6B9985FBCA9EE6433B2F5A03"
"particle-spawners","Sand_Storm","Weather/Sand/Spawners/Sand_Storm","Server/Particles/Weather/Sand/Spawners/Sand_Storm.particlespawner","3034","D9D1D31D54B5FCCB8B4EE948792F78A41ADF058D39DFBBED75FC04DC7A8724DA"
"particle-spawners","Snow_Heavy","Weather/Snow/Spawners/Snow_Heavy","Server/Particles/Weather/Snow/Spawners/Snow_Heavy.particlespawner","2456","2EDE57473A6C29CF237D10D9E12632DE917EEAC3C9473F64921DBA7556F3352D"
"particle-spawners","Snow_Light","Weather/Snow/Spawners/Snow_Light","Server/Particles/Weather/Snow/Spawners/Snow_Light.particlespawner","2414","F805072FAD54B9A3B144728145D4F434470D8C68DEE029FFEE83716A4DBD5AE8"
"particle-spawners","Snow_Storm","Weather/Snow/Spawners/Snow_Storm","Server/Particles/Weather/Snow/Spawners/Snow_Storm.particlespawner","2696","60228151125A602CA54D19E20A6D1CBC91114A6B2019B00FC6ACA9F08992F15C"
"particle-spawners","Magic_Sparks_Fast_Void_Heavy","Weather/Void/Spawners/Magic_Sparks_Fast_Void_Heavy","Server/Particles/Weather/Void/Spawners/Magic_Sparks_Fast_Void_Heavy.particlespawner","2550","073050EFD65397E5BA5C46BB1FC4F02D72BF9A2AB728DA3A5055613ED0B6104E"
"particle-spawners","Magic_Sparks_Heavy_Void_Heavy","Weather/Void/Spawners/Magic_Sparks_Heavy_Void_Heavy","Server/Particles/Weather/Void/Spawners/Magic_Sparks_Heavy_Void_Heavy.particlespawner","2897","2AF384D9AF2CD242E16D5D6FEAD759635D669E57E5B3240259EDC7DE3E440465"
"particle-spawners","Magic_Sparks_Heavy_Void_Storm","Weather/Void/Spawners/Magic_Sparks_Heavy_Void_Storm","Server/Particles/Weather/Void/Spawners/Magic_Sparks_Heavy_Void_Storm.particlespawner","2893","4D22F334F81C6144CB1DA1622E1775A86C17B2892F3BC7E87CB832CF520FE21F"
"particle-spawners","Void_Fumes_Ground","Weather/Void/Spawners/Void_Fumes_Ground","Server/Particles/Weather/Void/Spawners/Void_Fumes_Ground.particlespawner","3974","223ECF5DF0A084AB259E1FE018504B74EB3455F84BD1B35A09F7A6293A598A9D"
"particle-spawners","Void_Smoke_Ground","Weather/Void/Spawners/Void_Smoke_Ground","Server/Particles/Weather/Void/Spawners/Void_Smoke_Ground.particlespawner","2002","66BBC42A0355D30D5ED43DDEEA66866379BB025D4E0671EB89317FE9C6BA7260"
"particle-spawners","Wind_Particles","Weather/Wind_Particles","Server/Particles/Weather/Wind_Particles.particlespawner","1888","855BB3CCB48FC6C4D64362AD16455019BC685BEFC2F62BED5ECD71A1142B65FF"
"particle-spawners","Wind_Smoke","Weather/Wind_Smoke","Server/Particles/Weather/Wind_Smoke.particlespawner","2156","41D4845040046D0A82218AD686461B998879E5A7BB73901468A9F3012FD74826"
