"category","id","relativeId","archivePath","bytes","sha256"
"particle-systems","Emitter_Orientation_Debug","_Example/Emitter_Orientation_Debug","Server/Particles/_Example/Emitter_Orientation_Debug.particlesystem","83","7AA5102C1F46C8DE8B42DA4BCA19547E45B819878703B81ED31A2DCFBF142B6B"
"particle-systems","Emitter_Orientation_Debug_Gravity","_Example/Emitter_Orientation_Debug_Gravity","Server/Particles/_Example/Emitter_Orientation_Debug_Gravity.particlesystem","91","62AA388FAF6122CB1CF4F0FB74A88820750540F8D79E4CC1F2DA004A11C9C07B"
"particle-systems","Emitter_Orientation_Debug2","_Example/Emitter_Orientation_Debug2","Server/Particles/_Example/Emitter_Orientation_Debug2.particlesystem","138","DCD15B08471BD1B43DF3D9740B64B61FD1D7F5643BC9BA6BCA589646A755BBBF"
"particle-systems","Emitter_Orientation_None_Debug","_Example/Emitter_Orientation_None_Debug","Server/Particles/_Example/Emitter_Orientation_None_Debug.particlesystem","88","373657FEFF8FD33078153A9D7E0EF0EDC1E5279A00DCABE6384078DC7D582E3B"
"particle-systems","Erosion_Status_Effect","_Example/Erosion_Status_Effect","Server/Particles/_Example/Erosion_Status_Effect.particlesystem","894","A33B454025173423CCE0AA0D1BA3EC3166885045546FFDD7F089F2C8712B973E"
"particle-systems","Example_Fireflies","_Example/Example_Fireflies","Server/Particles/_Example/Example_Fireflies.particlesystem","74","F8A57D5724391E3B2031867B912E7570996517E67709859F0BB257233D9A10AD"
"particle-systems","Example_Firework_ColorBase","_Example/Example_Firework_ColorBase","Server/Particles/_Example/Example_Firework_ColorBase.particlesystem","437","C69708ACBFB2F01D6A1C25E435AA1FB94A05C731374584D88EFAB580159F02DF"
"particle-systems","Example_Firework_Mix","_Example/Example_Firework_Mix","Server/Particles/_Example/Example_Firework_Mix.particlesystem","956","DAF4FDAD1EA75520F2B1C02FF03F721D863494045992C7765BEC5FAE38FEB444"
"particle-systems","Example_Fireworks","_Example/Example_Fireworks","Server/Particles/_Example/Example_Fireworks.particlesystem","2355","55D36EA8F6AF74FEDC935D9BFA34B459E33F889248E35B52DCCE082AFABF499E"
"particle-systems","Example_Glow_Front","_Example/Example_Glow_Front","Server/Particles/_Example/Example_Glow_Front.particlesystem","429","D89B0693EB40855EE9D4FB5C90FC3EA358F0DBD3694CF4C0611CCD7C040F0F22"
"particle-systems","Example_Glow_Square","_Example/Example_Glow_Square","Server/Particles/_Example/Example_Glow_Square.particlesystem","274","C6D7A5A3BD4F326470F9C9A57F0B5C87DF53D51AE5607659647F7C0219FA1AB7"
"particle-systems","Example_Growing_Disk","_Example/Example_Growing_Disk","Server/Particles/_Example/Example_Growing_Disk.particlesystem","77","BC64EC54A4B0ECEA333CD6AE55FD6A7F574774DB57A93AE19E5BD67DF49FFD30"
"particle-systems","Example_Growing_Sphere","_Example/Example_Growing_Sphere","Server/Particles/_Example/Example_Growing_Sphere.particlesystem","79","CE708B9178FA1C0FB0A012C1E0EC52A7D01379E349FE2DF4052D02A21FB1EDC4"
"particle-systems","Example_Hit","_Example/Example_Hit","Server/Particles/_Example/Example_Hit.particlesystem","445","1A4BE132E011599FBF7717D80FA8FB500E36C889B11B58C72A71C7D4B16A753A"
"particle-systems","Example_Projectile_Impact","_Example/Example_Projectile_Impact","Server/Particles/_Example/Example_Projectile_Impact.particlesystem","1357","E56FB7964EE68D58743781806B64B70DCAC38BEAE6B6675B62A807C0014E3B7A"
"particle-systems","Example_Projectile_Trail","_Example/Example_Projectile_Trail","Server/Particles/_Example/Example_Projectile_Trail.particlesystem","308","9225504E103E166C871BA0B01C251B6672D3EEDB5FFFB27599C33607DE3E8084"
"particle-systems","Example_Projectile_Trail_ShortLived","_Example/Example_Projectile_Trail_ShortLived","Server/Particles/_Example/Example_Projectile_Trail_ShortLived.particlesystem","328","4556C4D4168CFBF5C929DE2356F069B49FF25F071D3A1773E6099D1CFC5589DC"
"particle-systems","Example_Shield","_Example/Example_Shield","Server/Particles/_Example/Example_Shield.particlesystem","96","2512E36F7EDE15A85055686A503820A3F43140388383FDBC0050812DD458DA77"
"particle-systems","Example_Sparkfall","_Example/Example_Sparkfall","Server/Particles/_Example/Example_Sparkfall.particlesystem","171","06F2A5481B22511317D78070A093FECE7F1E0439064D82B38898CA600493A719"
"particle-systems","Example_Sparks_Directional","_Example/Example_Sparks_Directional","Server/Particles/_Example/Example_Sparks_Directional.particlesystem","249","F2A8141E46D2EC51918AFEDA87D140757AA5AEB454686D210DA1AC4E5F404B45"
"particle-systems","Example_Spiral","_Example/Example_Spiral","Server/Particles/_Example/Example_Spiral.particlesystem","71","F955CC070B2F3DDC87EC977D47BF735B24F65AB62C032C3F0B28757B015CBCA6"
"particle-systems","Example_Spiral_Horizontal","_Example/Example_Spiral_Horizontal","Server/Particles/_Example/Example_Spiral_Horizontal.particlesystem","82","14FF21EB11BC3DEAC30157CB5E294C2E79CC0A2F22B9D27ECCFC766D5732AA3B"
"particle-systems","Example_Tornado","_Example/Example_Tornado","Server/Particles/_Example/Example_Tornado.particlesystem","72","1832D64294B217DB9A6103C3A51CEE4652BBEEFED6C0D575D66B416F40D7C503"
"particle-systems","Example_UVMotion","_Example/Example_UVMotion","Server/Particles/_Example/Example_UVMotion.particlesystem","453","DB8A8179B9958FD2C30853C3825F709223DC0D2696ED941C9FD444041D17F739"
"particle-systems","Example_Vertical_Buff","_Example/Example_Vertical_Buff","Server/Particles/_Example/Example_Vertical_Buff.particlesystem","78","665E17CAF52A7715CC066063F0391EC1BF73000FECDD47C7C60CAC9A30CC6345"
"particle-systems","Test","_Example/Test","Server/Particles/_Example/Test.particlesystem","146","EFFB900A66906140D3591B2712BB44C255A8889639DB5E30CAF7578A2BB19909"
"particle-systems","Test_System_Sparks","_Example/Test_System_Sparks","Server/Particles/_Example/Test_System_Sparks.particlesystem","171","88FC2186234214C2870464ABC6669B46D54198B03439760250C76D586E2D9C4C"
"particle-systems","Cinematic_Fire_Firework","_Test/Cinematic/Cinematic/Cinematic_Fire_Firework","Server/Particles/_Test/Cinematic/Cinematic/Cinematic_Fire_Firework.particlesystem","3326","D9B9FA821950D72E419F108C0D6DC0D3499D55F6FCB2234B708EF27E100840B8"
"particle-systems","Cinematic_Fireworks_Red_XL","_Test/Cinematic/Cinematic/Cinematic_Fireworks_Red_XL","Server/Particles/_Test/Cinematic/Cinematic/Cinematic_Fireworks_Red_XL.particlesystem","997","6FC631226DEC8CD7EA1D99FDA0AF2C23F1F79BA5310E1037F7ACB0C3F33AB743"
"particle-systems","Cinematic_Pink_Smoke","_Test/Cinematic/Cinematic/Cinematic_Pink_Smoke","Server/Particles/_Test/Cinematic/Cinematic/Cinematic_Pink_Smoke.particlesystem","597","EE56901A01BA1F5C0DB4FC6B8C2A2CE8165E365F437FA2A8EDB93FD793D71760"
"particle-systems","Cinematic_Portal_Appear","_Test/Cinematic/Cinematic/Cinematic_Portal_Appear","Server/Particles/_Test/Cinematic/Cinematic/Cinematic_Portal_Appear.particlesystem","565","CB828FAD8AD7D1B72BF88DFC308ABAF5AAAC8D9781BF5C8C7849FDF354733A7F"
"particle-systems","Cinematic_Portal_Appear_L","_Test/Cinematic/Cinematic/Cinematic_Portal_Appear_L","Server/Particles/_Test/Cinematic/Cinematic/Cinematic_Portal_Appear_L.particlesystem","596","8B15190117802DB7C3ED58F45167E8A259BFFCC75AD022063911D2F88276E409"
"particle-systems","Cinematic_Portal_Appear_XXL","_Test/Cinematic/Cinematic/Cinematic_Portal_Appear_XXL","Server/Particles/_Test/Cinematic/Cinematic/Cinematic_Portal_Appear_XXL.particlesystem","912","A63318789357937270D8EA10DE8C9EA3A674C720C92541AC33D82B4B1EFBD9A4"
"particle-systems","CinematicCollar","_Test/Cinematic/Cinematic/CinematicCollar","Server/Particles/_Test/Cinematic/Cinematic/CinematicCollar.particlesystem","469","30DC3CB014A938A798FC96CB41E039BD750912F438345A281BEE9B6F03328B18"
"particle-systems","Hedera_Item_Activate","_Test/Cinematic/Hedera/Hedera_Item_Activate","Server/Particles/_Test/Cinematic/Hedera/Hedera_Item_Activate.particlesystem","1518","6C20D6E6A451B196058CD37B392E2A439498EA64B913090F18391DA0F1F0387B"
"particle-systems","Hedera_Tree_Fireflies","_Test/Cinematic/Hedera/Hedera_Tree_Fireflies","Server/Particles/_Test/Cinematic/Hedera/Hedera_Tree_Fireflies.particlesystem","186","DB750CDCBD9B9311B6D2556CD2144FE45547DDB5CD24B3EFCCF2D05596E5560A"
"particle-systems","Portal_Ground_Hedera","_Test/Cinematic/Hedera/Portal_Ground_Hedera","Server/Particles/_Test/Cinematic/Hedera/Portal_Ground_Hedera.particlesystem","2460","503967923B80EFC3E6AA8D0137FF3F629AD95259F506F045F1107990E48FA120"
"particle-systems","Portal_Hedera_Spawn2","_Test/Cinematic/Hedera/Portal_Hedera_Spawn2","Server/Particles/_Test/Cinematic/Hedera/Portal_Hedera_Spawn2.particlesystem","2635","F65FBB4134243B82F9749DFDBE33BC9227BA8ACCA0B16409B2B8CF82368AC6BF"
"particle-systems","Portal_Hedera_Spawn3","_Test/Cinematic/Hedera/Portal_Hedera_Spawn3","Server/Particles/_Test/Cinematic/Hedera/Portal_Hedera_Spawn3.particlesystem","1520","99646EDBA17647098477D0B48ACDF9FBB83239BB47A51BCE96A091D1A92B75F8"
"particle-systems","Sauce_Splash","_Test/Cinematic/Pizza/Sauce_Splash","Server/Particles/_Test/Cinematic/Pizza/Sauce_Splash.particlesystem","462","85ED18DC5E95650ED8BA9E94F20AFFBD10A3EA194EC5316A393AA76B9B968A86"
"particle-systems","Dance_Light_NoControl","_Test/Dance/Dance_Light_NoControl","Server/Particles/_Test/Dance/Dance_Light_NoControl.particlesystem","920","027F4C4D217ABCE1DD5207597DB7AE70EBA1738B90EB07464E611DA01B671E97"
"particle-systems","Dance_Light_Player","_Test/Dance/Dance_Light_Player","Server/Particles/_Test/Dance/Dance_Light_Player.particlesystem","485","841DD8429AE45A7149D2EE1EAD3FD245AD55DE532F916EC3F2AED03BEDBF13DF"
"particle-systems","Dance_Lights","_Test/Dance/Dance_Lights","Server/Particles/_Test/Dance/Dance_Lights.particlesystem","1275","2D12B5959D3435CB65BB005F8CAD4866175799C8DA388310C93614A377648465"
"particle-systems","Dance_Lights2","_Test/Dance/Dance_Lights2","Server/Particles/_Test/Dance/Dance_Lights2.particlesystem","1280","B4DC74AEF516A54094E3053B0AF6FCA9B1BFB26DE6AC464BF74C95F70FB45530"
"particle-systems","Dance_Lights3","_Test/Dance/Dance_Lights3","Server/Particles/_Test/Dance/Dance_Lights3.particlesystem","1018","99BD199ABC936A88EF10531C1206CEF1B145D5EC23BF7FC47F7EDF2EE6C47788"
"particle-systems","Debug","_Test/Debug/Debug","Server/Particles/_Test/Debug/Debug.particlesystem","906","07C42C734CE2D7BE8A9AE89249101A97929CACF8ECD05853A7A6DBF56DE970E8"
"particle-systems","Creative_Switch","_Test/Editor/Creative_Switch","Server/Particles/_Test/Editor/Creative_Switch.particlesystem","429","CCD7C80A7E43A4CC328F9287BA49774A673EA1AAF58E833EA5A17DD5C13D1D20"
"particle-systems","EditorTool_Paint","_Test/Editor/EditorTool_Paint","Server/Particles/_Test/Editor/EditorTool_Paint.particlesystem","778","66B839A89D9680466C6AAABF573EF23CAF3398DB15EE579BF44287635834A119"
"particle-systems","EditorTool_Place_Ground","_Test/Editor/EditorTool_Place_Ground","Server/Particles/_Test/Editor/EditorTool_Place_Ground.particlesystem","1049","932F5428FD26BB51D1BD01512216702F944D19ECC81364C27CB2F51218E1342B"
"particle-systems","EditorTool_Place_Ground2","_Test/Editor/EditorTool_Place_Ground2","Server/Particles/_Test/Editor/EditorTool_Place_Ground2.particlesystem","1528","95E762899B316E69361F72F4CDAF9933CF5D64D497D6BBF5A184BA5022ADD166"
"particle-systems","Debug_Fire_Ring","_Test/Fire/Debug_Fire_Ring","Server/Particles/_Test/Fire/Debug_Fire_Ring.particlesystem","1306","7920B631C7E4DB7A1D1DEF9F5EDFE63DCCE1D8A53F8F36DE53C9DD5232270F0C"
"particle-systems","Fire_AoE","_Test/Fire/Fire_AoE","Server/Particles/_Test/Fire/Fire_AoE.particlesystem","554","EBAF14441E772B69518A1BF85F25F16740191C5C9B1AE1271B41EB79749EB03F"
"particle-systems","Fire_AoE_Grow","_Test/Fire/Fire_AoE_Grow","Server/Particles/_Test/Fire/Fire_AoE_Grow.particlesystem","341","3B30DAB586FDF71EF11ED6BBD57D4A74077ABBE04507E70AD99C0FC579892259"
"particle-systems","Fire_AoE_Grow2","_Test/Fire/Fire_AoE_Grow2","Server/Particles/_Test/Fire/Fire_AoE_Grow2.particlesystem","690","7474FF133DA2AE147C80B1144634925CAB8ECCC28B88C366D5B76E4526295198"
"particle-systems","Fire_AoE_Spawn","_Test/Fire/Fire_AoE_Spawn","Server/Particles/_Test/Fire/Fire_AoE_Spawn.particlesystem","588","673F3C7A405D9C9D0C86915CFF902C967E762C5E1C272BCE42142BD22558A0AF"
"particle-systems","Fire_AoE2","_Test/Fire/Fire_AoE2","Server/Particles/_Test/Fire/Fire_AoE2.particlesystem","920","7ADF762B68E32EFA92B4170BB0DE9856359FE347D69EC88526662287721937A2"
"particle-systems","Fire_Charge_Charging_Constant","_Test/Fire/Fire_Charge_Charging_Constant","Server/Particles/_Test/Fire/Fire_Charge_Charging_Constant.particlesystem","266","8D98CE2194EFDBFA194424D907C0CBCDF2D840C8A2AD78F5DCD9E481C6F14ACF"
"particle-systems","Fire_Charge_Charging1","_Test/Fire/Fire_Charge_Charging1","Server/Particles/_Test/Fire/Fire_Charge_Charging1.particlesystem","307","D37C12D30B17DDC34ED3745C63F4D4F9E98F88A2972D2E1F1F34AF83CB961EE1"
"particle-systems","Fire_Charge_Soak1","_Test/Fire/Fire_Charge_Soak1","Server/Particles/_Test/Fire/Fire_Charge_Soak1.particlesystem","728","0D3EDD087F0D074DE63C7030A1ABD6D4B05DF0175215D479D4DF957BC0D14E6C"
"particle-systems","Fire_Charge_Soak2","_Test/Fire/Fire_Charge_Soak2","Server/Particles/_Test/Fire/Fire_Charge_Soak2.particlesystem","728","89AF0226105943DCB7EF22FCC64905496FFD9A30D949005ABBFB067CEBC51738"
"particle-systems","Fire_Charge_Soak3","_Test/Fire/Fire_Charge_Soak3","Server/Particles/_Test/Fire/Fire_Charge_Soak3.particlesystem","728","9347AE342E0B86070DB550C88598FE760177E502063AC0B352F7EB95D225B5AD"
"particle-systems","Fire_Charge_Soak4","_Test/Fire/Fire_Charge_Soak4","Server/Particles/_Test/Fire/Fire_Charge_Soak4.particlesystem","728","33E2C212F0070CAD13DF6D003F110CBE09FB083DEE95276BB502B94498EAC7C5"
"particle-systems","Fire_Charge1","_Test/Fire/Fire_Charge1","Server/Particles/_Test/Fire/Fire_Charge1.particlesystem","361","15BAE07AEDF8E4AA039ADB9F69B002D236876E2B1B27E921D4CFCB86FAF7171A"
"particle-systems","Fire_Charged1","_Test/Fire/Fire_Charged1","Server/Particles/_Test/Fire/Fire_Charged1.particlesystem","361","9711295008D4F1A24C33EC88C6057692EDED1656C588FC3B9FACB53EB76E18E8"
"particle-systems","Fire_Charged2","_Test/Fire/Fire_Charged2","Server/Particles/_Test/Fire/Fire_Charged2.particlesystem","361","928CFEDA8E22E9B2DBB9B3FE598E2E457E22040F3DFE9BABB0E62624EA1917A3"
"particle-systems","Fire_Charged3","_Test/Fire/Fire_Charged3","Server/Particles/_Test/Fire/Fire_Charged3.particlesystem","361","3D8C5FD8875584E70E7490589A7122E582F1475F3DE4935F06F056D9C85EF57C"
"particle-systems","Fire_Charged4","_Test/Fire/Fire_Charged4","Server/Particles/_Test/Fire/Fire_Charged4.particlesystem","361","25B7C106E70A9AA4566FA0948C7B7654C8033019D82F4094299AFA8C1E0292CD"
"particle-systems","Fire_ChargeOrange","_Test/Fire/Fire_ChargeOrange","Server/Particles/_Test/Fire/Fire_ChargeOrange.particlesystem","346","05FA28731C8F91D54E6B69DE560437A4085E342068E36B0BACF1CCC436ECC8A7"
"particle-systems","Fire_ChargeRed","_Test/Fire/Fire_ChargeRed","Server/Particles/_Test/Fire/Fire_ChargeRed.particlesystem","337","B404AB0366817DAF5F5035489965166731539135DCC859EA8DBCD60A44DECF54"
"particle-systems","Fire_ChargeWhite","_Test/Fire/Fire_ChargeWhite","Server/Particles/_Test/Fire/Fire_ChargeWhite.particlesystem","344","816D20DB4EB67EFEA55C59ADE114DC40664440C2381E1EB5338229C71B6DE495"
"particle-systems","Fire_ChargeYellow","_Test/Fire/Fire_ChargeYellow","Server/Particles/_Test/Fire/Fire_ChargeYellow.particlesystem","361","15BAE07AEDF8E4AA039ADB9F69B002D236876E2B1B27E921D4CFCB86FAF7171A"
"particle-systems","Fire_Pit","_Test/Fire/Fire_Pit","Server/Particles/_Test/Fire/Fire_Pit.particlesystem","1307","7D6FC34BD3D3F15A9EB2865732D073EE685264B4DC018B40230CDA97F2C3C6BD"
"particle-systems","Fire_Projectile","_Test/Fire/Fire_Projectile","Server/Particles/_Test/Fire/Fire_Projectile.particlesystem","350","F331694D909B35F5A0252E0E56053E12028B22037A60FE627DBDBB2A8AD71438"
"particle-systems","Fire_Stick_Charge_Charging","_Test/Fire/Fire_Stick_Charge_Charging","Server/Particles/_Test/Fire/Fire_Stick_Charge_Charging.particlesystem","307","D37C12D30B17DDC34ED3745C63F4D4F9E98F88A2972D2E1F1F34AF83CB961EE1"
"particle-systems","Fire_Trap_Preview","_Test/Fire/Fire_Trap_Preview","Server/Particles/_Test/Fire/Fire_Trap_Preview.particlesystem","246","D0C5FF06EF6C117CAAE9ED5852BFA3836644C268002E2309502FA2B8BD04582C"
"particle-systems","Fire_Trap_Preview_GS","_Test/Fire/Fire_Trap_Preview_GS","Server/Particles/_Test/Fire/Fire_Trap_Preview_GS.particlesystem","250","E712D55A95E662B5D682658EA185480457D70EF1E95874D25CC862D3FF973A4E"
"particle-systems","Projectile_Fire_Static","_Test/Fire/Projectile_Fire_Static","Server/Particles/_Test/Fire/Projectile_Fire_Static.particlesystem","343","BEB575AFBB5A93F9940A23FD4494100B31B1EEB2F211702216A8873F13A982C6"
"particle-systems","Projectile_Fire_Static_Dark","_Test/Fire/Projectile_Fire_Static_Dark","Server/Particles/_Test/Fire/Projectile_Fire_Static_Dark.particlesystem","637","DB4EF10856DC0A92B9093AD5D19604C2C9CBFCB1D9B4B2F50671537CE144F9C0"
"particle-systems","Beam_Heal_Green","_Test/HealBeams/Beam_Heal_Green","Server/Particles/_Test/HealBeams/Beam_Heal_Green.particlesystem","233","437CBB2A5DDD9B2E2624012D55676E81E593E5F6CA3D8C3F6D35B50FB6777D6A"
"particle-systems","Beam_Heal_Green_Old","_Test/HealBeams/Beam_Heal_Green_Old","Server/Particles/_Test/HealBeams/Beam_Heal_Green_Old.particlesystem","269","3AE3DFFA4D2752A84BD8B8AB3CF52FA9657A48CE75EB05FA628936EFBA8C0960"
"particle-systems","Beam_Heal_Green2","_Test/HealBeams/Beam_Heal_Green2","Server/Particles/_Test/HealBeams/Beam_Heal_Green2.particlesystem","730","F9DB4149F5EC5468A55F8CF6F4666FF3EA7199DBDFADF2BA901A06E4D1954CD0"
"particle-systems","Beam_Heal_Red","_Test/HealBeams/Beam_Heal_Red","Server/Particles/_Test/HealBeams/Beam_Heal_Red.particlesystem","223","382B67FA5BF6D95CADEA9DE09B464E7C0381183002D5F213253ED8264E883076"
"particle-systems","Beam_Heal_Red_Old","_Test/HealBeams/Beam_Heal_Red_Old","Server/Particles/_Test/HealBeams/Beam_Heal_Red_Old.particlesystem","1007","74D38006851D685A2ACA41DF5D2B78AB4C782A6B5AEDB3828C21B36E670F95C7"
"particle-systems","Beam_Heal_Red3","_Test/HealBeams/Beam_Heal_Red3","Server/Particles/_Test/HealBeams/Beam_Heal_Red3.particlesystem","204","62F33EF64B850C1F786F86501759AC623150D26856F50F9D3217ADE9D569D4F3"
"particle-systems","BeamEmiter_Heal_Green","_Test/HealBeams/BeamEmiter_Heal_Green","Server/Particles/_Test/HealBeams/BeamEmiter_Heal_Green.particlesystem","1810","5EEF44D9AD0805DDB2E02C90F00A35914528F3FD18D1363E5567EE21CB1D4BF5"
"particle-systems","BeamEmiter_Heal_Red","_Test/HealBeams/BeamEmiter_Heal_Red","Server/Particles/_Test/HealBeams/BeamEmiter_Heal_Red.particlesystem","1739","8AD472483C5DFACE5DCF6C4EA58D098E766478B360D92FF0F9796A646FB18BEB"
"particle-systems","Totem_Heal_AoE","_Test/HealTotem/Totem_Heal_AoE","Server/Particles/_Test/HealTotem/Totem_Heal_AoE.particlesystem","2771","DA1EF17AC94518DD0CA9CFD1C4E79063DB9728CF9C9C492C9DD3D8513ED45B0A"
"particle-systems","Totem_Heal_AttachOnStatue","_Test/HealTotem/Totem_Heal_AttachOnStatue","Server/Particles/_Test/HealTotem/Totem_Heal_AttachOnStatue.particlesystem","556","0D00D42D4508FA13F62854B7770F27D3972B5EC86028EF6551F37AD4AF4D6D92"
"particle-systems","Totem_Heal_TopIcon","_Test/HealTotem/Totem_Heal_TopIcon","Server/Particles/_Test/HealTotem/Totem_Heal_TopIcon.particlesystem","412","BF5C617C4C80AE6E2AC4E240373492BC801E77535491A1D506F650B4A8B05F82"
"particle-systems","ForgottenTemple_Beam","_Test/MagicRnD/Beam/ForgottenTemple_Beam","Server/Particles/_Test/MagicRnD/Beam/ForgottenTemple_Beam.particlesystem","1871","9F29BDA12C76C4FE6EDEADF97E289FAFCF5E3D2476E41051304A6B1A4C52E641"
"particle-systems","Test_Beam","_Test/MagicRnD/Beam/Test_Beam","Server/Particles/_Test/MagicRnD/Beam/Test_Beam.particlesystem","831","B133FF433721DA3D61DEB5F8790AC1D886DE9ACF3B033C4A08460E161A98562B"
"particle-systems","Test_Cast_Buff","_Test/MagicRnD/Buff/Test_Cast_Buff","Server/Particles/_Test/MagicRnD/Buff/Test_Cast_Buff.particlesystem","3615","C254EC840D84395B14B2F30BA63207778A029E74C4B938809B35B06CBE3AC906"
"particle-systems","Test_Mage_Orb","_Test/MagicRnD/Orb/Test_Mage_Orb","Server/Particles/_Test/MagicRnD/Orb/Test_Mage_Orb.particlesystem","564","E41166B32F924B12E8CE1F07946F70B713E5B8BF618D8DAD01010497807F3F0A"
"particle-systems","NatureBeam","_Test/NatureRnD/NatureBeam","Server/Particles/_Test/NatureRnD/NatureBeam.particlesystem","729","02284D3A0AF15FE53EF8F849EA0DB5A56F9B6C76D281AB245A40A7B5084A7128"
"particle-systems","Totem_Slow_AoE","_Test/SlowTotem/Totem_Slow_AoE","Server/Particles/_Test/SlowTotem/Totem_Slow_AoE.particlesystem","2771","6B3B34247F031C7C812B69787433FC31EA901113DCA05FAEF0C4E9C49508A177"
"particle-systems","Totem_Slow_AttachOnStatue","_Test/SlowTotem/Totem_Slow_AttachOnStatue","Server/Particles/_Test/SlowTotem/Totem_Slow_AttachOnStatue.particlesystem","556","7A0F8D57E7B7A087772D1CEAE6FF0E8583E40E0FB8D9CFEE37DAE32ABE034D59"
"particle-systems","Smoke_Floor","_Test/SmokesRnD/Smoke_Floor","Server/Particles/_Test/SmokesRnD/Smoke_Floor.particlesystem","81","DBE7BE8D244291CEA7669644C41380B6D85D85C3EDD94041FEA62479376C7EF8"
"particle-systems","Smoke_Fluffy_Floor","_Test/SmokesRnD/Smoke_Fluffy_Floor","Server/Particles/_Test/SmokesRnD/Smoke_Fluffy_Floor.particlesystem","439","1B1FEC21FD6BAB813EDE9794189951D2110D79036D734BCEEB806B0234F11CD4"
"particle-systems","Smoke_Gold_Brazier","_Test/SmokesRnD/Smoke_Gold_Brazier","Server/Particles/_Test/SmokesRnD/Smoke_Gold_Brazier.particlesystem","445","727ECE4F438EFE1B7DC3EB5A63B4ADC1930950CD6A55702392B432AFE51DF1AA"
"particle-systems","Smoke_Gold_Brazier_Small","_Test/SmokesRnD/Smoke_Gold_Brazier_Small","Server/Particles/_Test/SmokesRnD/Smoke_Gold_Brazier_Small.particlesystem","499","76677BD324678ACCB1930A745D55DB76747325924D604F975A4D316795CA911F"
"particle-systems","Smoke_Green_Brazier","_Test/SmokesRnD/Smoke_Green_Brazier","Server/Particles/_Test/SmokesRnD/Smoke_Green_Brazier.particlesystem","598","A2C18E70EC008DF0E9145969696C1D83A7A69B1A79A627F0EA23DAD6EAE78C0D"
"particle-systems","Smoke_Tall_Round","_Test/SmokesRnD/Smoke_Tall_Round","Server/Particles/_Test/SmokesRnD/Smoke_Tall_Round.particlesystem","301","5B81A07FD74DB0EA0193A1940EEE1774D6E3A6D1B56542F7EF867F7B28DB1E4F"
"particle-systems","1H_Stick_Charging","_Test/Sticks/1H_Stick_Charging","Server/Particles/_Test/Sticks/1H_Stick_Charging.particlesystem","2315","1BE719F798A2CD266C68DA1B39BC9319DFB91D637C581061035040B4B323A4F6"
"particle-systems","1H_Stick_Parry_Active","_Test/Sticks/1H_Stick_Parry_Active","Server/Particles/_Test/Sticks/1H_Stick_Parry_Active.particlesystem","657","3741A839D58D715CBC81864FF39D96831DD661AD8AB40EBCD588BA410FCFB634"
"particle-systems","2H_Stick_Charging","_Test/Sticks/2H_Stick_Charging","Server/Particles/_Test/Sticks/2H_Stick_Charging.particlesystem","2315","7ED1624F3906360B6C3F28FF6020F6010E4D57D58B015AA7156C4B18C7229331"
"particle-systems","2H_Stick_Parry_Active","_Test/Sticks/2H_Stick_Parry_Active","Server/Particles/_Test/Sticks/2H_Stick_Parry_Active.particlesystem","800","3D936E4E774B70528E1753FA0265593532183311ADDBFCB58799E231D5559E61"
"particle-systems","Heal_Stick_ThornsUp","_Test/Sticks/Heal_Stick_ThornsUp","Server/Particles/_Test/Sticks/Heal_Stick_ThornsUp.particlesystem","263","21BAE553A26D05E551725F10CF067FD4F7C919B6B18C7659125EE4ABB405C18E"
"particle-systems","HealingStick_Spin2FP","_Test/Sticks/HealingStick_Spin2FP","Server/Particles/_Test/Sticks/HealingStick_Spin2FP.particlesystem","345","28B146BC383DE4E5BC5353C5999C3B2CB275FDD170CEFC1BF5A7096F608B96B0"
"particle-systems","HealthStick_Spin","_Test/Sticks/HealthStick_Spin","Server/Particles/_Test/Sticks/HealthStick_Spin.particlesystem","323","0612D55CF6C1817CC2F4AC8C2D0DB65D40E052B6EDDEFACE1A81075C93F20942"
"particle-systems","Nature_Buff","_Test/Sticks/Nature_Buff","Server/Particles/_Test/Sticks/Nature_Buff.particlesystem","2724","BF8F7864E4337568F2D86EC995D26728551A6CC05F0A1B7F96828F02B9C2F569"
"particle-systems","Nature_Buff_Projectile","_Test/Sticks/Nature_Buff_Projectile","Server/Particles/_Test/Sticks/Nature_Buff_Projectile.particlesystem","620","50B2545471343795A40614ECFAF696E018B72EAAB28E1A07BD963C437C081893"
"particle-systems","Nature_Buff_Spawn","_Test/Sticks/Nature_Buff_Spawn","Server/Particles/_Test/Sticks/Nature_Buff_Spawn.particlesystem","734","D5E0E7750E3DBF76AA647CA80CCC1D66FB90BB055E883348767D4B80F56C6CBF"
"particle-systems","Nature_Buff_SpawnInstant","_Test/Sticks/Nature_Buff_SpawnInstant","Server/Particles/_Test/Sticks/Nature_Buff_SpawnInstant.particlesystem","634","D969570E032A994192E5C69349B224D712D7FFABFB2118C2703B4D9E3CD0B012"
"particle-systems","OneH_Stick_HeabyStab_ActivatedFP","_Test/Sticks/OneH_Stick_HeabyStab_ActivatedFP","Server/Particles/_Test/Sticks/OneH_Stick_HeabyStab_ActivatedFP.particlesystem","293","998569340C03579AADD5473586BEA5004E65D6E761289BD05A0D0937445FBA41"
"particle-systems","OneH_Stick_HeavyStab_Activated","_Test/Sticks/OneH_Stick_HeavyStab_Activated","Server/Particles/_Test/Sticks/OneH_Stick_HeavyStab_Activated.particlesystem","604","F4705BF4EBD70C153B43BA0F1AA301F81EFA4DF498B6FAFAE0B52DB9D405308D"
"particle-systems","OneH_Stick_Parry_Active2","_Test/Sticks/OneH_Stick_Parry_Active2","Server/Particles/_Test/Sticks/OneH_Stick_Parry_Active2.particlesystem","665","F57ABF06681B6E3946F0B44DC4074FEEE4066DB7F273E747C1803874E0B2BB7B"
"particle-systems","OneH_Stick_Parry_Active2FP","_Test/Sticks/OneH_Stick_Parry_Active2FP","Server/Particles/_Test/Sticks/OneH_Stick_Parry_Active2FP.particlesystem","669","47E614156FE79B7C36D2DB12ED46AD529087CDDB587E654CD32CCD6468E0E1A4"
"particle-systems","Nature_Buff_Projectile","_Test/Sticks/Spawners/Nature_Buff_Projectile","Server/Particles/_Test/Sticks/Spawners/Nature_Buff_Projectile.particlesystem","508","302449CFA0423118CDE91C403B2311F58F79DCA743D9C79230FA2D7ADD81D501"
"particle-systems","Stick_Slam_Ground","_Test/Sticks/Stick_Slam_Ground","Server/Particles/_Test/Sticks/Stick_Slam_Ground.particlesystem","1401","E4B009067DBC5CF8494B1540215E83DC64A0F5BC5473E0736635DFF02FC1B364"
"particle-systems","Stick_Slam_Ground_Large","_Test/Sticks/Stick_Slam_Ground_Large","Server/Particles/_Test/Sticks/Stick_Slam_Ground_Large.particlesystem","1287","75F1F2A332FB72681BB0D47AF854A74BC81D47D1A1361A0935B780FB1B1CAE70"
"particle-systems","Stick_Slam_Ground_Medium","_Test/Sticks/Stick_Slam_Ground_Medium","Server/Particles/_Test/Sticks/Stick_Slam_Ground_Medium.particlesystem","976","E56481CC6C5154C8429EA7CA4AED15DE61FF7BBB202100749FA838808FC69AF5"
"particle-systems","Stick_Slam_Ground_Small","_Test/Sticks/Stick_Slam_Ground_Small","Server/Particles/_Test/Sticks/Stick_Slam_Ground_Small.particlesystem","737","749E6849E59E2279D08CA6B90E6FEF721CC66B63BE1534A8CC81D12CAE8DC442"
"particle-systems","TwoH_Stick_Parry_Active2","_Test/Sticks/TwoH_Stick_Parry_Active2","Server/Particles/_Test/Sticks/TwoH_Stick_Parry_Active2.particlesystem","669","BC4DB632B5402325B69E15B9CB455CF96E487695E9E0502F2B3ECC44CC988640"
"particle-systems","TwoH_Stick_Parry_Active2FP","_Test/Sticks/TwoH_Stick_Parry_Active2FP","Server/Particles/_Test/Sticks/TwoH_Stick_Parry_Active2FP.particlesystem","673","A50C0B4319B5285C2B0D906915D8DB90FCEC79828C234987DEB8F8357ED1EE45"
"particle-systems","Splash","_Test/WaterRnD/Splash","Server/Particles/_Test/WaterRnD/Splash.particlesystem","287","2B6A10CF7FB55D8FDBCD147817565EBF97BEA3F79538E88F968FD11E9EDE2512"
"particle-systems","Water_Splash","_Test/WaterRnD/Water_Splash","Server/Particles/_Test/WaterRnD/Water_Splash.particlesystem","287","2B6A10CF7FB55D8FDBCD147817565EBF97BEA3F79538E88F968FD11E9EDE2512"
"particle-systems","Water_Splash_Sofr_Ver4","_Test/WaterRnD/Water_Splash_Sofr_Ver4","Server/Particles/_Test/WaterRnD/Water_Splash_Sofr_Ver4.particlesystem","1191","FEF1778218F8770DB97630353367D6C1E6ED73641EDB118104E4BEF5C0EE9A60"
"particle-systems","Water_Splash_Soft","_Test/WaterRnD/Water_Splash_Soft","Server/Particles/_Test/WaterRnD/Water_Splash_Soft.particlesystem","770","559EDEF9629FD41676A93D895B0272DAFF3E2DF5825E5FA260D6E66138B4726F"
"particle-systems","Water_Splash_Soft_Ver1","_Test/WaterRnD/Water_Splash_Soft_Ver1","Server/Particles/_Test/WaterRnD/Water_Splash_Soft_Ver1.particlesystem","658","17194453D25A6BCD6D23F9BB856F1E338A74AA9D1D620F6CA8002F401068535A"
"particle-systems","Water_Splash_Soft_Ver2","_Test/WaterRnD/Water_Splash_Soft_Ver2","Server/Particles/_Test/WaterRnD/Water_Splash_Soft_Ver2.particlesystem","650","5E7DE47D47F576184885445297F3C3CEB79146F634AC8BBA904963DD2D1678A3"
"particle-systems","Water_Splash_Soft_Ver3","_Test/WaterRnD/Water_Splash_Soft_Ver3","Server/Particles/_Test/WaterRnD/Water_Splash_Soft_Ver3.particlesystem","585","1AEDA7ECE04FDB4BA48F78ABF0847F5A48854EE92277101A9DFD53724AD92B4D"
"particle-systems","Debug_Ability_Ground_Crack","Abilities/Debug_Ability_Ground_Crack","Server/Particles/Abilities/Debug_Ability_Ground_Crack.particlesystem","175","5DFD069DC25AF9AAAFE3FC5F424E3C25D5FF9C9688FA3654A1BB0843C328F0E9"
"particle-systems","Debug_Ability_Spike","Abilities/Debug_Ability_Spike","Server/Particles/Abilities/Debug_Ability_Spike.particlesystem","478","1874E133324C96425CC7ABBDF605B25072634C85939D8031D170B963A11CEBD2"
"particle-systems","Block_Top_Glow","Block/Block_Top_Glow","Server/Particles/Block/Block_Top_Glow.particlesystem","312","85651CB71F8BBF15FAD12B813DBCA4E0DB0A2780200EDBC745B9FCB9AF948FC1"
"particle-systems","Block_Break_Clay","Block/Clay/Block_Break_Clay","Server/Particles/Block/Clay/Block_Break_Clay.particlesystem","432","6AF4C5AE9CC7C612C651B6775F3CA583FC3858848853392126C5DAAF7B7A3D3F"
"particle-systems","Block_Hit_Clay","Block/Clay/Block_Hit_Clay","Server/Particles/Block/Clay/Block_Hit_Clay.particlesystem","209","2121846967C98D03531654A161133286FAC17322B69679E432EA4A5D01ACDE51"
"particle-systems","Block_Break_Crystal","Block/Crystal/Block_Break_Crystal","Server/Particles/Block/Crystal/Block_Break_Crystal.particlesystem","337","8B89DAED562B9DFA2E56F0754D65B3EC5D7506DD1152276CCA78735069271051"
"particle-systems","Block_Crystal_Sparks","Block/Crystal/Block_Crystal_Sparks","Server/Particles/Block/Crystal/Block_Crystal_Sparks.particlesystem","194","457CD4947AF6FD5DF0AEBBFCE5AD703BDB217C5341F2B1AF20E4FD3A0F600E18"
"particle-systems","Block_Gem_Sparks","Block/Crystal/Block_Gem_Sparks","Server/Particles/Block/Crystal/Block_Gem_Sparks.particlesystem","208","CC3DCB1A1E81131B71E053275A6F6C451191008934CA1841C5022C73020F5579"
"particle-systems","Block_Hit_Crystal","Block/Crystal/Block_Hit_Crystal","Server/Particles/Block/Crystal/Block_Hit_Crystal.particlesystem","309","24812CCFB478F7E6C311B26B88781D4F09E7DD62457D3CE98A822148204CA31D"
"particle-systems","Block_Land_Hard_Crystal","Block/Crystal/Block_Land_Hard_Crystal","Server/Particles/Block/Crystal/Block_Land_Hard_Crystal.particlesystem","411","79CD542C13D4C5CA0D8242EA315B7EA469F48D309B4859010B530F0487E3FD5A"
"particle-systems","Block_Land_Soft_Crystal","Block/Crystal/Block_Land_Soft_Crystal","Server/Particles/Block/Crystal/Block_Land_Soft_Crystal.particlesystem","313","C99D5A47572146BA3308F997C9B2B6EF0A4349C7E9F4797A7F0FD2745A8BA9AD"
"particle-systems","Block_Run_Crystal","Block/Crystal/Block_Run_Crystal","Server/Particles/Block/Crystal/Block_Run_Crystal.particlesystem","169","6862CEFE44885D83AB9F955403BDD9EF19B59D3D5BFD2748B7136824BEA00D2B"
"particle-systems","Block_Sprint_Crystal","Block/Crystal/Block_Sprint_Crystal","Server/Particles/Block/Crystal/Block_Sprint_Crystal.particlesystem","319","EA63B4AFFF709700D888A1714F0779AAA0CF76BBE77DC1DAC76A9D4A7C4D9661"
"particle-systems","Block_Break_Dirt","Block/Dirt/Block_Break_Dirt","Server/Particles/Block/Dirt/Block_Break_Dirt.particlesystem","295","4B524B6668B85C43783B6BBA75E973CE25201A93DD92A7502B1A19A3170D9D81"
"particle-systems","Block_Hit_Dirt","Block/Dirt/Block_Hit_Dirt","Server/Particles/Block/Dirt/Block_Hit_Dirt.particlesystem","159","7126A99F4BBA2C0524390AB9AC6301D603BB69CE491745139CEC45A2A796F50F"
"particle-systems","Block_Land_Hard_Dirt","Block/Dirt/Block_Land_Hard_Dirt","Server/Particles/Block/Dirt/Block_Land_Hard_Dirt.particlesystem","305","F4C4645998951E8E7351BC0FD3FE085F35DB654455BB47E325AD8704BC819B7D"
"particle-systems","Block_Land_Soft_Dirt","Block/Dirt/Block_Land_Soft_Dirt","Server/Particles/Block/Dirt/Block_Land_Soft_Dirt.particlesystem","311","EC211FCE46BE8298D9A44F0A2C7BD9676454DAAC568BDF777D3E53205EADD67F"
"particle-systems","Block_Run_Dirt","Block/Dirt/Block_Run_Dirt","Server/Particles/Block/Dirt/Block_Run_Dirt.particlesystem","162","B2BCDAFFA8D7446194CF9D5C9B6DC53A47975362FC63F7FC2E4CF1A748F7BB11"
"particle-systems","Block_Sprint_Dirt","Block/Dirt/Block_Sprint_Dirt","Server/Particles/Block/Dirt/Block_Sprint_Dirt.particlesystem","301","0060B618119E37FE5275687BA9ED507C4BD1E7789D5DDC051C958608BCA85496"
"particle-systems","Block_Break_Dust","Block/Dust/Block_Break_Dust","Server/Particles/Block/Dust/Block_Break_Dust.particlesystem","292","C9837D0F2D5E6BD6A4C8E7CFEB7E8877DF4F891661330BF7D47A3DB65F54FD83"
"particle-systems","Block_Build_Generic_Dust","Block/Dust/Block_Build_Generic_Dust","Server/Particles/Block/Dust/Block_Build_Generic_Dust.particlesystem","159","7AEEFDC1722785D26CB4E4319013C7B455BC6A7F9D998C41DCA2AB8461203E74"
"particle-systems","Block_Hit_Dust","Block/Dust/Block_Hit_Dust","Server/Particles/Block/Dust/Block_Hit_Dust.particlesystem","158","48FC1913B6B7F6DFBB4024AEF9D23C4CF62F6F52255DC72F963CB80B91BC13E9"
"particle-systems","Block_Land_Hard_Dust","Block/Dust/Block_Land_Hard_Dust","Server/Particles/Block/Dust/Block_Land_Hard_Dust.particlesystem","305","3531619D6F67E3258E51C61DF5039B4347469FB7A8BDA182FE164F2B72F65E13"
"particle-systems","Block_Land_Soft_Dust","Block/Dust/Block_Land_Soft_Dust","Server/Particles/Block/Dust/Block_Land_Soft_Dust.particlesystem","162","E36E023C558C70D2C156EE744E92941319443B341130C79B1B1839D6C6ADF97D"
"particle-systems","Block_Sprint_Dust","Block/Dust/Block_Sprint_Dust","Server/Particles/Block/Dust/Block_Sprint_Dust.particlesystem","158","686EEEC58042DCAFDA304AE2EF6C19BC3FCFE3D4E39668C8150E42B9E60E13B0"
"particle-systems","Block_Break_Soft_Flower","Block/Flowers/Block_Break_Soft_Flower","Server/Particles/Block/Flowers/Block_Break_Soft_Flower.particlesystem","162","6F2F30292D45EFA28B098C7540FF93F5BAE777652D1EFE264D4B85DEEB08B719"
"particle-systems","Block_Break_Grass","Block/Grass/Block_Break_Grass","Server/Particles/Block/Grass/Block_Break_Grass.particlesystem","81","96037AF50FD5BDB4C0D5204E02AABE5E525C457265FD459DB6CE47A2D67C1E0C"
"particle-systems","Block_Break_Grass_Earth","Block/Grass/Block_Break_Grass_Earth","Server/Particles/Block/Grass/Block_Break_Grass_Earth.particlesystem","227","0F155051C22732E0FF31AFBEFF6C392387723D2072160750A7463A706B9803A9"
"particle-systems","Block_Land_Hard_Grass","Block/Grass/Block_Land_Hard_Grass","Server/Particles/Block/Grass/Block_Land_Hard_Grass.particlesystem","163","82EC29B758608225E96AD15771F8B1A9C089FE6FD6F2716A3AD70109ABB302BF"
"particle-systems","Block_Sprint_Grass","Block/Grass/Block_Sprint_Grass","Server/Particles/Block/Grass/Block_Sprint_Grass.particlesystem","163","644A0185E0D07D360D086CB445729E892F5B8F1AEF5B8B537C6F82BAD29B7592"
"particle-systems","Block_Break_Ice","Block/Ice/Block_Break_Ice","Server/Particles/Block/Ice/Block_Break_Ice.particlesystem","446","FDC69882EE39195788BAF427D1FB47569F6D8706352C8ED6D18578049E10E450"
"particle-systems","Block_Hit_Ice","Block/Ice/Block_Hit_Ice","Server/Particles/Block/Ice/Block_Hit_Ice.particlesystem","306","A8BDBF5FF42CFF76ED125005540473984F67E3FD9556907E9634CBE1D3290FCE"
"particle-systems","Block_Land_Hard_Ice","Block/Ice/Block_Land_Hard_Ice","Server/Particles/Block/Ice/Block_Land_Hard_Ice.particlesystem","503","60E0D6F0BE3CA21C29DBEFB8081B8A8D9AFBC92205048A1225C3689DB3635E08"
"particle-systems","Block_Land_Soft_Ice","Block/Ice/Block_Land_Soft_Ice","Server/Particles/Block/Ice/Block_Land_Soft_Ice.particlesystem","311","74A5D6AD430DB320980093E079A0BD6D3CCE24ABB0B8A29AD759703498E4036E"
"particle-systems","Block_Run_Ice","Block/Ice/Block_Run_Ice","Server/Particles/Block/Ice/Block_Run_Ice.particlesystem","157","E76A00B3E8F211069C6B5EB63B19BB53B2BBA35CCA973EE7698D85053115F107"
"particle-systems","Block_Sprint_Ice","Block/Ice/Block_Sprint_Ice","Server/Particles/Block/Ice/Block_Sprint_Ice.particlesystem","302","2C5547DB882045AEE4C43874B6CFD21646310572E1E5636C3FE5923C4CF9278F"
"particle-systems","Block_Land_Lava_Hard","Block/Lava/Block_Land_Lava_Hard","Server/Particles/Block/Lava/Block_Land_Lava_Hard.particlesystem","424","66CBE6AAD3D9D2977AC5BA10E9F74C2C9E225EBDA2BD94190425133AD9EC9FDC"
"particle-systems","Block_Land_Lava_Soft","Block/Lava/Block_Land_Lava_Soft","Server/Particles/Block/Lava/Block_Land_Lava_Soft.particlesystem","424","5D0AF48F55FF3A89005CB67DA76A725C6312FE9D6FEB2A90BBCEA68ACE524F6A"
"particle-systems","Block_Lava_Bubbles","Block/Lava/Block_Lava_Bubbles","Server/Particles/Block/Lava/Block_Lava_Bubbles.particlesystem","153","CA2A2668146F30CFC777598C5263F18C659544F5F4B77E1BFF58ABC80EE4F574"
"particle-systems","Block_Run_Lava","Block/Lava/Block_Run_Lava","Server/Particles/Block/Lava/Block_Run_Lava.particlesystem","416","577B577BF51319C69343657F300F0800722927608C0744C68041A65610A65089"
"particle-systems","Block_Break_Branches","Block/Leaves/Block_Break_Branches","Server/Particles/Block/Leaves/Block_Break_Branches.particlesystem","220","A85770A399B0BCB082414972EF1400BE58F62E8114D2EFC95D76A257FAAB18E0"
"particle-systems","Block_Break_Branches_Light","Block/Leaves/Block_Break_Branches_Light","Server/Particles/Block/Leaves/Block_Break_Branches_Light.particlesystem","165","F93FEB1B5D4EEF6713F19DCDDAC5249F12CDB5EDE0D3CC6013BAACD11A979681"
"particle-systems","Block_Break_Leaves","Block/Leaves/Block_Break_Leaves","Server/Particles/Block/Leaves/Block_Break_Leaves.particlesystem","200","87F51799D2F0F3AB89C02AFD33CCBE4480684F93A9A5D281924F39707856C88B"
"particle-systems","Block_Break_Leaves_Fir","Block/Leaves/Block_Break_Leaves_Fir","Server/Particles/Block/Leaves/Block_Break_Leaves_Fir.particlesystem","421","CAFE4CFCCC82FAC0DD02F9EC721455A287DA6C338F2254C6E74D7ED660E8651D"
"particle-systems","Block_Break_Leaves_Fir_Light","Block/Leaves/Block_Break_Leaves_Fir_Light","Server/Particles/Block/Leaves/Block_Break_Leaves_Fir_Light.particlesystem","169","5F47039FE3BAA1919D3D4F6BD608068EC9F1FCDE42F403DB880F32A06C4A8673"
"particle-systems","Block_Break_Leaves_Light","Block/Leaves/Block_Break_Leaves_Light","Server/Particles/Block/Leaves/Block_Break_Leaves_Light.particlesystem","163","5628CEE3FAF71FB1AC83A709B608BC651BFC83598EDC4B9064FCE89961059B9A"
"particle-systems","Block_Break_Leaves_Round","Block/Leaves/Block_Break_Leaves_Round","Server/Particles/Block/Leaves/Block_Break_Leaves_Round.particlesystem","228","6950FD2AD6BE82FB23646D5971D4EF11C63CFF4909A07AEB3AFFB474E6C3401F"
"particle-systems","Block_Break_Leaves_Round_Light","Block/Leaves/Block_Break_Leaves_Round_Light","Server/Particles/Block/Leaves/Block_Break_Leaves_Round_Light.particlesystem","169","870B4C97E037F467975BAB2CB76F7F8A19BE364D798B188647AE9DB79F3FFC8C"
"particle-systems","Block_Break_Leaves_Sharp","Block/Leaves/Block_Break_Leaves_Sharp","Server/Particles/Block/Leaves/Block_Break_Leaves_Sharp.particlesystem","280","0C95DD9BF02491679DE313BBC339BC015EB6D521DB28289243484EFA5D4374B0"
"particle-systems","Block_Break_Leaves_Sharp_Light","Block/Leaves/Block_Break_Leaves_Sharp_Light","Server/Particles/Block/Leaves/Block_Break_Leaves_Sharp_Light.particlesystem","170","51BAF27DFED61B0F2E68897536109A6BA7988306AD167F9567304AE17C39F889"
"particle-systems","Block_Break_Leaves_Snow","Block/Leaves/Block_Break_Leaves_Snow","Server/Particles/Block/Leaves/Block_Break_Leaves_Snow.particlesystem","447","30E8EBEBAA8357B58B5C0BD11ED2328E78A153924AEC9B7A1C563277528BF4B0"
"particle-systems","Block_Break_Leaves_Snow_Light","Block/Leaves/Block_Break_Leaves_Snow_Light","Server/Particles/Block/Leaves/Block_Break_Leaves_Snow_Light.particlesystem","170","76DC4E4AF048620E20669CFF6C85054CD755B53E229F3584486AACD37336E882"
"particle-systems","Block_Land_Hard_Branches","Block/Leaves/Block_Land_Hard_Branches","Server/Particles/Block/Leaves/Block_Land_Hard_Branches.particlesystem","224","4F0D5933FA8263FF71E4F951BD481548F8BE92896555A3E9ABBE26F0422D2497"
"particle-systems","Block_Land_Hard_Leaves","Block/Leaves/Block_Land_Hard_Leaves","Server/Particles/Block/Leaves/Block_Land_Hard_Leaves.particlesystem","299","A9B4E89FC2F63C8A599CC0EA058DC89C1DC2291A18EDD9B6AC10D7D24E36EDD7"
"particle-systems","Block_Land_Hard_Leaves_Fir","Block/Leaves/Block_Land_Hard_Leaves_Fir","Server/Particles/Block/Leaves/Block_Land_Hard_Leaves_Fir.particlesystem","460","7E38EF8576CC9721E9ED90B245736FC98F6C11F087D9015538CFF0704724C314"
"particle-systems","Block_Land_Hard_Leaves_Round","Block/Leaves/Block_Land_Hard_Leaves_Round","Server/Particles/Block/Leaves/Block_Land_Hard_Leaves_Round.particlesystem","314","AFA10D73CC070E48BAD5B2484D08372761F3ABBF3EB502F7680B7896E690AC0A"
"particle-systems","Block_Land_Hard_Leaves_Sharp","Block/Leaves/Block_Land_Hard_Leaves_Sharp","Server/Particles/Block/Leaves/Block_Land_Hard_Leaves_Sharp.particlesystem","312","79400398A40F9D65F8A67FA9AC67C72B4A564561CA3743C74F1A2F12456D5631"
"particle-systems","Block_Land_Hard_Leaves_Snow","Block/Leaves/Block_Land_Hard_Leaves_Snow","Server/Particles/Block/Leaves/Block_Land_Hard_Leaves_Snow.particlesystem","592","E3FB808E5CB7C9B6E8C2F03EE85D75467CB8C7AC620B4D6EC40154B648D959EE"
"particle-systems","Block_Land_Soft_Leaves","Block/Leaves/Block_Land_Soft_Leaves","Server/Particles/Block/Leaves/Block_Land_Soft_Leaves.particlesystem","161","7960FE5CD83F11E9014135C6750822F2388B1AADDBA7E6DF96C9D82122FAAB50"
"particle-systems","Block_Land_Soft_Leaves_Fir","Block/Leaves/Block_Land_Soft_Leaves_Fir","Server/Particles/Block/Leaves/Block_Land_Soft_Leaves_Fir.particlesystem","172","7CA8762CEE01E0C9D68007025BACCB573620D793E428FD7FDBF76B09152D230C"
"particle-systems","Block_Land_Soft_Leaves_Round","Block/Leaves/Block_Land_Soft_Leaves_Round","Server/Particles/Block/Leaves/Block_Land_Soft_Leaves_Round.particlesystem","167","0DAAB9F7EBDF177733EEE5D34C7A955C8380752251F5B8CAC34E865BBECDC0E4"
"particle-systems","Block_Land_Soft_Leaves_Sharp","Block/Leaves/Block_Land_Soft_Leaves_Sharp","Server/Particles/Block/Leaves/Block_Land_Soft_Leaves_Sharp.particlesystem","168","C3A3BCDBCF522B7C222D96783A0571E23EE707B1B007955EC578060F45993E8D"
"particle-systems","Block_Land_Soft_Leaves_Snow","Block/Leaves/Block_Land_Soft_Leaves_Snow","Server/Particles/Block/Leaves/Block_Land_Soft_Leaves_Snow.particlesystem","450","11BE06E07B3D149A77EF4F015AF6B4ED00BBEB17D5211141735BBDC8DC426F76"
"particle-systems","Block_Sprint_Leaves","Block/Leaves/Block_Sprint_Leaves","Server/Particles/Block/Leaves/Block_Sprint_Leaves.particlesystem","159","A590B65BD36A74546BCC21212340A705CF4C151BE579846781BEF601F9B0EC1D"
"particle-systems","Block_Sprint_Leaves_Fir","Block/Leaves/Block_Sprint_Leaves_Fir","Server/Particles/Block/Leaves/Block_Sprint_Leaves_Fir.particlesystem","162","68ABE0E58DC1A2012D22DA96C9266131BAA20ADA23769201F191BA73A836D7C8"
"particle-systems","Block_Sprint_Leaves_Round","Block/Leaves/Block_Sprint_Leaves_Round","Server/Particles/Block/Leaves/Block_Sprint_Leaves_Round.particlesystem","164","4A3F959D9F8919E76183588B42641773F9C7CE3039E777E65F67678B802877EF"
"particle-systems","Block_Sprint_Leaves_Sharp","Block/Leaves/Block_Sprint_Leaves_Sharp","Server/Particles/Block/Leaves/Block_Sprint_Leaves_Sharp.particlesystem","165","C131D5DA202A7029BFFF0DE3E638111B34F6FD10F40640B5870914E2A2BDF110"
"particle-systems","Block_Sprint_Leaves_Snow","Block/Leaves/Block_Sprint_Leaves_Snow","Server/Particles/Block/Leaves/Block_Sprint_Leaves_Snow.particlesystem","430","6E6F0507BFDFAADBCB507C17EA9591319A6A16974C89ED75F7E5369E97F524A9"
"particle-systems","Block_Break_Metal","Block/Metal/Block_Break_Metal","Server/Particles/Block/Metal/Block_Break_Metal.particlesystem","391","D1FEEE07F1AD15CC3EF7B59F72AF5D8D5634661A7AA248EF198DE5DCF13E1161"
"particle-systems","Block_Hit_Metal","Block/Metal/Block_Hit_Metal","Server/Particles/Block/Metal/Block_Hit_Metal.particlesystem","193","1E8227B211B759E0D4AF027748006A086B9F591E279241544EF311A6B3A52334"
"particle-systems","Block_Land_Hard_Metal","Block/Metal/Block_Land_Hard_Metal","Server/Particles/Block/Metal/Block_Land_Hard_Metal.particlesystem","138","9BD9577E60A715A6017AB006927F6F13C09F69D989D09970287B60F7199E7F42"
"particle-systems","Block_Hit_Fail","Block/Misc/Block_Hit_Fail","Server/Particles/Block/Misc/Block_Hit_Fail.particlesystem","328","21392E42969164296E34D211AB0240DB5F5A064FC699A141B657851878A992AF"
"particle-systems","Block_Break_Mud","Block/Mud/Block_Break_Mud","Server/Particles/Block/Mud/Block_Break_Mud.particlesystem","662","E2CF2E7982A833BA55C1261B3B1A2BC4887A492736CAC77330B6EAEBB8E9FCA5"
"particle-systems","Block_Hit_Mud","Block/Mud/Block_Hit_Mud","Server/Particles/Block/Mud/Block_Hit_Mud.particlesystem","532","8A305DDD4EB67983E820DEDBCD5555DAA64E8165568B3F2DA78911307F28074A"
"particle-systems","Block_Land_Mud_Hard","Block/Mud/Block_Land_Mud_Hard","Server/Particles/Block/Mud/Block_Land_Mud_Hard.particlesystem","1887","CC9617A7EEE9CFAB4D0C8BB64E549F1403D9FBDC62EDAFD13AE79F4E2AA0B68D"
"particle-systems","Block_Land_Mud_Soft","Block/Mud/Block_Land_Mud_Soft","Server/Particles/Block/Mud/Block_Land_Mud_Soft.particlesystem","1746","D0678C856150260CC41860D9D7768825D2315AF2631414608F8256030E1DE53D"
"particle-systems","Block_Run_Mud","Block/Mud/Block_Run_Mud","Server/Particles/Block/Mud/Block_Run_Mud.particlesystem","760","EC976EF0D2633073690D320E5F11FFF2EC4884831DDB8BF7CE93A181F4E522CC"
"particle-systems","Block_Sprint_Mud","Block/Mud/Block_Sprint_Mud","Server/Particles/Block/Mud/Block_Sprint_Mud.particlesystem","873","123BDBE958B1D983C977AE7B52F95B91C1F7A464583858E0E26FE85FBB8971BD"
"particle-systems","Block_Break_Sand","Block/Sand/Block_Break_Sand","Server/Particles/Block/Sand/Block_Break_Sand.particlesystem","303","4686169FB8E2657682EF961C76C7B24ABCE3D997717272878054D5EF11D6B87D"
"particle-systems","Block_Hit_Sand","Block/Sand/Block_Hit_Sand","Server/Particles/Block/Sand/Block_Hit_Sand.particlesystem","191","C055C60217395565961B9A2999FC73D3B59577B5761BA1255AFCAC4C97E4B777"
"particle-systems","Block_Land_Sand_Hard","Block/Sand/Block_Land_Sand_Hard","Server/Particles/Block/Sand/Block_Land_Sand_Hard.particlesystem","1163","FE71D95A797AA234FD5FCB95F432B5864E5E62C196863AA89787301E839AB5E0"
"particle-systems","Block_Land_Sand_Soft","Block/Sand/Block_Land_Sand_Soft","Server/Particles/Block/Sand/Block_Land_Sand_Soft.particlesystem","315","D1568F840F59AA7942358F06B5C815037123E3826CF494E863FAD56279590911"
"particle-systems","Block_Run_Sand","Block/Sand/Block_Run_Sand","Server/Particles/Block/Sand/Block_Run_Sand.particlesystem","456","038D9A82006EB880AF95D4FF091EA7754CAD2A886C1907CC766F9CCBAB5AAFFB"
"particle-systems","Block_Sprint_Sand","Block/Sand/Block_Sprint_Sand","Server/Particles/Block/Sand/Block_Sprint_Sand.particlesystem","573","2CBDB0AEA238D4208D08D27ED279EA09D56D1C4E572C551E3CF66B9FEC143F2E"
"particle-systems","Block_Break_Snow","Block/Snow/Block_Break_Snow","Server/Particles/Block/Snow/Block_Break_Snow.particlesystem","591","CA2FE1D31542BA371E50839ACA72F93A29B9FA48026A6AEE6B8BB45CDB1A20F0"
"particle-systems","Block_Hit_Snow","Block/Snow/Block_Hit_Snow","Server/Particles/Block/Snow/Block_Hit_Snow.particlesystem","686","58C4C8C56B77C7CD8DAEB795706995660D38C84C919E784B6BB7D67A450DB3F6"
"particle-systems","Block_Land_Snow_Hard","Block/Snow/Block_Land_Snow_Hard","Server/Particles/Block/Snow/Block_Land_Snow_Hard.particlesystem","1017","ADF24463ED1D2B3880FC910F97D77C6FC08E99BEAE9FA025F782744F776C3A70"
"particle-systems","Block_Land_Snow_Soft","Block/Snow/Block_Land_Snow_Soft","Server/Particles/Block/Snow/Block_Land_Snow_Soft.particlesystem","598","0D4B080E5E50C90460859D52112B9E35FA5A44323E1943CF87BBA992219F23C3"
"particle-systems","Block_Run_Snow","Block/Snow/Block_Run_Snow","Server/Particles/Block/Snow/Block_Run_Snow.particlesystem","429","84D787378D0FE64F4EDD01BC5014CBB7ADE7440016FD294946A2C6982A17A1F0"
"particle-systems","Block_Sprint_Snow","Block/Snow/Block_Sprint_Snow","Server/Particles/Block/Snow/Block_Sprint_Snow.particlesystem","822","B68835CBAC1FEC2425DC8B8418E034A717EEA7E5E57DF1C51F037DEA1757AD8D"
"particle-systems","Block_Break_Ore","Block/Stone/Block_Break_Ore","Server/Particles/Block/Stone/Block_Break_Ore.particlesystem","216","A6C34A0A1004BCD56F5CBCBF439506E781C7DECA8949B68E1A6C1709C881659A"
"particle-systems","Block_Break_Stone","Block/Stone/Block_Break_Stone","Server/Particles/Block/Stone/Block_Break_Stone.particlesystem","466","4C1DB9A0288C2180F43EE0B71CCF22D51253C2FD0E4B0DF89C1948BC898F905A"
"particle-systems","Block_Hit_Stone","Block/Stone/Block_Hit_Stone","Server/Particles/Block/Stone/Block_Hit_Stone.particlesystem","330","07B5DAD28482611DB673478B80DDF0B5824127CE00354FA6774E3DB0A4A9ABBF"
"particle-systems","Block_Land_Hard_Stone","Block/Stone/Block_Land_Hard_Stone","Server/Particles/Block/Stone/Block_Land_Hard_Stone.particlesystem","348","82B166F381A8373C82E3A5D2AA135FFB5779757219E893EE11239610AE973419"
"particle-systems","Block_Land_Soft_Stone","Block/Stone/Block_Land_Soft_Stone","Server/Particles/Block/Stone/Block_Land_Soft_Stone.particlesystem","168","6CD6C62E8AA00093A3C4F51E254A0A871F98C13ACB4510B91EA040AE5013E3EC"
"particle-systems","Block_Sprint_Stone","Block/Stone/Block_Sprint_Stone","Server/Particles/Block/Stone/Block_Sprint_Stone.particlesystem","164","68BEFDD7A3CB830ECBD668ABD48AFCF7C98E40772B4DA6F0F57CD55BF1ACC643"
"particle-systems","Stone_Bounce","Block/Stone/Stone_Bounce","Server/Particles/Block/Stone/Stone_Bounce.particlesystem","301","3F2B4901B3029BE42538231779BAC6B14E2551AB0155ACA9D3840148B052B4CD"
"particle-systems","Stone_Death","Block/Stone/Stone_Death","Server/Particles/Block/Stone/Stone_Death.particlesystem","442","A47ECD34D1265B15F40E938ED0D713CAE27A0CDF72EAE0BA66CB2C7516734370"
"particle-systems","Block_Land_Tar_Soft","Block/Tar/Block_Land_Tar_Soft","Server/Particles/Block/Tar/Block_Land_Tar_Soft.particlesystem","411","C148E21BAD8C10E5C5A833540921E28083C964736A1B1FDB40851DC7655DACAD"
"particle-systems","Block_Run_Tar","Block/Tar/Block_Run_Tar","Server/Particles/Block/Tar/Block_Run_Tar.particlesystem","414","17CD1FD2EFB2C76CAE6458D94DC9259EF9A0F397B2BB0B94A012BB580C221000"
"particle-systems","Block_Break_Treasure","Block/Treasure/Block_Break_Treasure","Server/Particles/Block/Treasure/Block_Break_Treasure.particlesystem","291","F175DD73798CF638112B3C3C8EB485F263A3DD77D820935C8FBC4EFFA5BB5581"
"particle-systems","Underwater_Effects","Block/Water/Underwater_Effects","Server/Particles/Block/Water/Underwater_Effects.particlesystem","842","B1C87F2A294F599B5F45D1DCAC7592E9AECBF3D5791CF8B7AB9587A484509657"
"particle-systems","Water_Bubble_Stream","Block/Water/Water_Bubble_Stream","Server/Particles/Block/Water/Water_Bubble_Stream.particlesystem","159","40361D17AAFE4651B3D67E59968610B0473A90294D532459ED6DC51AC0D14820"
"particle-systems","Water_Run","Block/Water/Water_Run","Server/Particles/Block/Water/Water_Run.particlesystem","157","4DDA49C0EC5C1DD1F4A5361EB89CEBB5738D9874E0BCC2661E44514B4A989C49"
"particle-systems","Water_Sprint","Block/Water/Water_Sprint","Server/Particles/Block/Water/Water_Sprint.particlesystem","298","FC039134C7AE26ACC220BBC5DAF68FF02B97AA6204869A6FCF17C8222A8C7992"
"particle-systems","Block_Break_Wood","Block/Wood/Block_Break_Wood","Server/Particles/Block/Wood/Block_Break_Wood.particlesystem","300","AFF309E04C0F6E308B758324A8EB01D24A8059CDBF48007C24756511DAD34B2E"
"particle-systems","Block_Break_Wood_Light","Block/Wood/Block_Break_Wood_Light","Server/Particles/Block/Wood/Block_Break_Wood_Light.particlesystem","167","B78BFECB77397B44DFA4C0ADBBAA3BC00C4AA9EFF56849ADF2FC4647B4129710"
"particle-systems","Block_Hit_Wood","Block/Wood/Block_Hit_Wood","Server/Particles/Block/Wood/Block_Hit_Wood.particlesystem","134","12B7FD23127B23A51D00B5BE25DB5AFADEBF3D41BA4D66E70BFCD10E7E06270C"
"particle-systems","Block_Land_Hard_Wood","Block/Wood/Block_Land_Hard_Wood","Server/Particles/Block/Wood/Block_Land_Hard_Wood.particlesystem","304","42F1B17859DC4CA9D7E3A9991CCDAE2D97BD047935AD132F678294CDAC1C3D70"
"particle-systems","Block_Land_Soft_Wood","Block/Wood/Block_Land_Soft_Wood","Server/Particles/Block/Wood/Block_Land_Soft_Wood.particlesystem","167","51E181D2DC264E3474E893DBD097ED402D68E47FB46488784FFCEF9F2CA576E9"
"particle-systems","Block_Sprint_Wood","Block/Wood/Block_Sprint_Wood","Server/Particles/Block/Wood/Block_Sprint_Wood.particlesystem","162","23792B538923AE9E2B595DFB211F06EF1C8DD56D397D91FE48986A49A47C6D8F"
"particle-systems","Ability_GroundSlam_Line","Combat/Abilities/Ability_GroundSlam_Line","Server/Particles/Combat/Abilities/Ability_GroundSlam_Line.particlesystem","1353","57C094602FB408CE24AF6EBD909A986B209C658F93978023F87E1413D9A337C3"
"particle-systems","Ability_GroundSlam_Line2","Combat/Abilities/Ability_GroundSlam_Line2","Server/Particles/Combat/Abilities/Ability_GroundSlam_Line2.particlesystem","392","E9AF2A7F471ED935DBE3F96D7B70ADD52A0F2DA11132E623435BD5F28FD52DC0"
"particle-systems","Ability_GroundSlam_Spike","Combat/Abilities/Ability_GroundSlam_Spike","Server/Particles/Combat/Abilities/Ability_GroundSlam_Spike.particlesystem","917","FE455CC654F5725838422BDFC10E5A8A8A48CBADB25ECC0A1780674B2274BC02"
"particle-systems","Ability_Windstrikes","Combat/Abilities/Ability_Windstrikes","Server/Particles/Combat/Abilities/Ability_Windstrikes.particlesystem","688","CD8C16DEB36BAFF82B3E4B6FEC525CDBA8A10D9BDD5E71D88D6489B2F662D829"
"particle-systems","Buff_Windstrikes","Combat/Abilities/Buff_Windstrikes","Server/Particles/Combat/Abilities/Buff_Windstrikes.particlesystem","113","92EE2253EBE26937E9B12344AC8178AA7F98E2342BB4B6BC27423B89C8549F9C"
"particle-systems","Ability_ChainHook_Hit","Combat/Abilities/ChainHook/Ability_ChainHook_Hit","Server/Particles/Combat/Abilities/ChainHook/Ability_ChainHook_Hit.particlesystem","305","BC80A500E1E3DEE9C3EE504D396B8DB0EF1A61B260552E9B8E65C95CD6D42B4E"
"particle-systems","Ability_ChainHook_Projectile","Combat/Abilities/ChainHook/Ability_ChainHook_Projectile","Server/Particles/Combat/Abilities/ChainHook/Ability_ChainHook_Projectile.particlesystem","199","77A141E1D9D55AA83231A8C11026D75ACC8B98C3B30A809D0C0BE7395B234F03"
"particle-systems","Buff_Enrage","Combat/Abilities/Enrage/Buff_Enrage","Server/Particles/Combat/Abilities/Enrage/Buff_Enrage.particlesystem","435","9A3EDB0AF8E3368DF232EAB1D1748B00E908DAC6F3C16F0DC517136B1334C2F0"
"particle-systems","Buff_ImbuePoison","Combat/Abilities/ImbuePoison/Buff_ImbuePoison","Server/Particles/Combat/Abilities/ImbuePoison/Buff_ImbuePoison.particlesystem","631","7FD3D9D27A72658442B7A2C04A98AF666FBD71B71EC937A37120DC7D60AA46E4"
"particle-systems","Battleaxe_Bash","Combat/Battleaxe/Bash/Battleaxe_Bash","Server/Particles/Combat/Battleaxe/Bash/Battleaxe_Bash.particlesystem","216","4DD379002AA4AC3EDBCA14736906C6C4A2A830E3A9FC71DA186FF7851FFE0429"
"particle-systems","Impact_Battleaxe_Bash","Combat/Battleaxe/Bash/Impact_Battleaxe_Bash","Server/Particles/Combat/Battleaxe/Bash/Impact_Battleaxe_Bash.particlesystem","421","CCEE714C70C1213390D3D7DF7C2E31F0BF7A33EC38445CA1441142330299AD7A"
"particle-systems","Battleaxe_Signature_Whirlwind","Combat/Battleaxe/Signature/Battleaxe_Signature_Whirlwind","Server/Particles/Combat/Battleaxe/Signature/Battleaxe_Signature_Whirlwind.particlesystem","384","8114AB28BD8CF3AC3B763A33EF3A54BFE5F0AD85604378E6B808EA56B51B8664"
"particle-systems","Crossbow_Bash","Combat/Crossbow/Bash/Crossbow_Bash","Server/Particles/Combat/Crossbow/Bash/Crossbow_Bash.particlesystem","311","4069EC2CCA9F8D2C24CBAB131785D7822C2EC1F7D37C9015AC03EAA7A253EF3A"
"particle-systems","Impact_Crossbow_Bash","Combat/Crossbow/Bash/Impact_Crossbow_Bash","Server/Particles/Combat/Crossbow/Bash/Impact_Crossbow_Bash.particlesystem","416","FA6D2787F53EA93A2E30D73ADD65A7829BFE31E55FE6B9C379F522DF25DFDC5D"
"particle-systems","Daggers_Bash","Combat/Daggers/Bash/Daggers_Bash","Server/Particles/Combat/Daggers/Bash/Daggers_Bash.particlesystem","334","37C2F0EE70F2D52411C903EE0D3943F98E1EF16288B3B96367ABC79F0243AF80"
"particle-systems","Impact_Daggers_Bash","Combat/Daggers/Bash/Impact_Daggers_Bash","Server/Particles/Combat/Daggers/Bash/Impact_Daggers_Bash.particlesystem","411","A7CD4443048DFAC8054F329BFA262C08ABB5A840BEE799BB81CCB82E8EEFE77B"
"particle-systems","Daggers_Stab_Trail","Combat/Daggers/Basic/Daggers_Stab_Trail","Server/Particles/Combat/Daggers/Basic/Daggers_Stab_Trail.particlesystem","269","A326E4D958497514AA40484AF5C0392C4F93EB906E8270C187AF12BFEF058B06"
"particle-systems","Impact_Dagger_Slash","Combat/Daggers/Basic/Impact_Dagger_Slash","Server/Particles/Combat/Daggers/Basic/Impact_Dagger_Slash.particlesystem","511","43D04B058472B5CF8F24843ADF4BBA42E4B2CF181F39EFAC243DA8C64E2CE1D5"
"particle-systems","Impact_Dagger_Stab","Combat/Daggers/Basic/Impact_Dagger_Stab","Server/Particles/Combat/Daggers/Basic/Impact_Dagger_Stab.particlesystem","311","9A2C2DA45CD3472E1B7FE82D0BE72686A70141A0EC1D723A9CAE5388E9010433"
"particle-systems","Dagger_Charging","Combat/Daggers/Charged/Dagger_Charging","Server/Particles/Combat/Daggers/Charged/Dagger_Charging.particlesystem","309","2F7FFFDCDDC082D1084072008BC128CD59EC299F1FAF45F305C333011269A872"
"particle-systems","Dagger_Charging_FP","Combat/Daggers/Charged/Dagger_Charging_FP","Server/Particles/Combat/Daggers/Charged/Dagger_Charging_FP.particlesystem","312","36089A48818260DE42E9A53C8F9F52324AA4ADF597F4BBA0D8E13C3FAE357981"
"particle-systems","Daggers_Charged_Trail","Combat/Daggers/Charged/Daggers_Charged_Trail","Server/Particles/Combat/Daggers/Charged/Daggers_Charged_Trail.particlesystem","536","41901A9CB4A4E3A141190A0EE42172E736EBBBB49F5F6EB1D1CC3F1CEEC55722"
"particle-systems","Daggers_Pounce_Flash","Combat/Daggers/Charged/Daggers_Pounce_Flash","Server/Particles/Combat/Daggers/Charged/Daggers_Pounce_Flash.particlesystem","194","9C9C725FED7375612E98C90B4D6DC899B264D36E8B12891637824256D437C33D"
"particle-systems","Daggers_Pounce_Flash_FP","Combat/Daggers/Charged/Daggers_Pounce_Flash_FP","Server/Particles/Combat/Daggers/Charged/Daggers_Pounce_Flash_FP.particlesystem","134","416A08B7F0950D72C54A7C62E920D42D78123B7D4262AE86D346D823BB026470"
"particle-systems","Daggers_Pounce_FP","Combat/Daggers/Charged/Daggers_Pounce_FP","Server/Particles/Combat/Daggers/Charged/Daggers_Pounce_FP.particlesystem","202","38E238DB646F74A2E61DEA7B05E05ACC1D08D4A0931EC36EE040C1720D80BF3E"
"particle-systems","Impact_Dagger_Stab_Charged","Combat/Daggers/Charged/Impact_Dagger_Stab_Charged","Server/Particles/Combat/Daggers/Charged/Impact_Dagger_Stab_Charged.particlesystem","442","F40AEA3CF7E5863C369FD2698618CCA32C2F873D6A35297F3C560067453A3988"
"particle-systems","Dagger_Signature_Cast","Combat/Daggers/Signature/Dagger_Signature_Cast","Server/Particles/Combat/Daggers/Signature/Dagger_Signature_Cast.particlesystem","384","9144C3D44ABA816569B320FC2BC9B56FC9EC1A58FEED29C74C85DA1C74F7BE10"
"particle-systems","Dagger_Signature_Cast2","Combat/Daggers/Signature/Dagger_Signature_Cast2","Server/Particles/Combat/Daggers/Signature/Dagger_Signature_Cast2.particlesystem","369","BBD4A726F53840220B0B489344676DFBE2654F07F22EBB6D30F672A469EBC4AA"
"particle-systems","Dagger_Signature_Status","Combat/Daggers/Signature/Dagger_Signature_Status","Server/Particles/Combat/Daggers/Signature/Dagger_Signature_Status.particlesystem","528","FC7F94F6DA1E564802C250C99CF647CBF6E44980399B4F5DB20E242507E5A5B7"
"particle-systems","Daggers_Lunge_Trail","Combat/Daggers/Signature/Daggers_Lunge_Trail","Server/Particles/Combat/Daggers/Signature/Daggers_Lunge_Trail.particlesystem","481","F8D278F3467CB7BEF98538C577CB9A2844B978359C408C8B342217A9BE10BD42"
"particle-systems","Daggers_Signature_Dash","Combat/Daggers/Signature/Daggers_Signature_Dash","Server/Particles/Combat/Daggers/Signature/Daggers_Signature_Dash.particlesystem","378","86E1086229B25A0961534C7FB17544E2B16F635F5EFA3B7E5C711774CC644CC8"
"particle-systems","Daggers_Signature_Ready","Combat/Daggers/Signature/Daggers_Signature_Ready","Server/Particles/Combat/Daggers/Signature/Daggers_Signature_Ready.particlesystem","666","0FC83EE1A8B9E96AC1DF4415F0F62CC6FE01C1282B96CEB8D433562301D7E229"
"particle-systems","Daggers_Signature_Slash","Combat/Daggers/Signature/Daggers_Signature_Slash","Server/Particles/Combat/Daggers/Signature/Daggers_Signature_Slash.particlesystem","365","15EC4C62A15A889E72248EA82B98764207A8C5DCACC27B9BC283A26A835D80B1"
"particle-systems","Daggers_Signature_Sweep","Combat/Daggers/Signature/Daggers_Signature_Sweep","Server/Particles/Combat/Daggers/Signature/Daggers_Signature_Sweep.particlesystem","365","3DF1A37E1EDCC2D8E383465BD06B75EEB4B6776C74E3E282707CE56EB8FF281D"
"particle-systems","Impact_Daggers_Signature","Combat/Daggers/Signature/Impact_Daggers_Signature","Server/Particles/Combat/Daggers/Signature/Impact_Daggers_Signature.particlesystem","1140","BF046AAD0CC0FF8B697F89E56BEC462EA171E62FF10AA209DD1A1F774B90ED36"
"particle-systems","Impact_Daggers_Signature_Slash","Combat/Daggers/Signature/Impact_Daggers_Signature_Slash","Server/Particles/Combat/Daggers/Signature/Impact_Daggers_Signature_Slash.particlesystem","877","926C96823819E1A3421917C83F6852264197CD5AFE9266021A782D00EFF8D7D5"
"particle-systems","Dagger_Dash_Backward_FP","Combat/Daggers/Special/Dagger_Dash_Backward_FP","Server/Particles/Combat/Daggers/Special/Dagger_Dash_Backward_FP.particlesystem","220","51D6A7B1C49BD152443F29708DEE72064F3EB0F60DB5F86BAAB2B21B2D5E0D44"
"particle-systems","Dagger_Dash_Forward_FP","Combat/Daggers/Special/Dagger_Dash_Forward_FP","Server/Particles/Combat/Daggers/Special/Dagger_Dash_Forward_FP.particlesystem","169","D10872C06F939E81980C93C5715E185598615AA501747953AB24CFAE28936FDC"
"particle-systems","Dagger_Dash_Left_FP","Combat/Daggers/Special/Dagger_Dash_Left_FP","Server/Particles/Combat/Daggers/Special/Dagger_Dash_Left_FP.particlesystem","220","51D6A7B1C49BD152443F29708DEE72064F3EB0F60DB5F86BAAB2B21B2D5E0D44"
"particle-systems","Dagger_Dash_Straight_FP","Combat/Daggers/Special/Dagger_Dash_Straight_FP","Server/Particles/Combat/Daggers/Special/Dagger_Dash_Straight_FP.particlesystem","383","63508786ECC02B44F20B3A38A9BC6F775E57DE64CF2C800FA903A2B6CE9214D6"
"particle-systems","Daggers_Dash_Status","Combat/Daggers/Special/Daggers_Dash_Status","Server/Particles/Combat/Daggers/Special/Daggers_Dash_Status.particlesystem","635","84DBE9B7C31C9CC1B8E24E35AE53C874DE8B896317B5F6D0AE238C94B8B3AE07"
"particle-systems","Daggers_Dash_Straight","Combat/Daggers/Special/Daggers_Dash_Straight","Server/Particles/Combat/Daggers/Special/Daggers_Dash_Straight.particlesystem","618","5D4DD329044CB6895602D841734FE3C357839A33A8593075C105A6E9EE8D50F4"
"particle-systems","Empty","Combat/Empty","Server/Particles/Combat/Empty.particlesystem","104","76B9D718485B6765E7C764AC9F72C154B663DC446CB443EE6BC42D50005E16A0"
"particle-systems","Fire_Charge_Charging_Constant","Combat/Fire_Stick/Fire_Charge_Charging_Constant","Server/Particles/Combat/Fire_Stick/Fire_Charge_Charging_Constant.particlesystem","266","8D98CE2194EFDBFA194424D907C0CBCDF2D840C8A2AD78F5DCD9E481C6F14ACF"
"particle-systems","Fire_Charge_Charging1","Combat/Fire_Stick/Fire_Charge_Charging1","Server/Particles/Combat/Fire_Stick/Fire_Charge_Charging1.particlesystem","307","D37C12D30B17DDC34ED3745C63F4D4F9E98F88A2972D2E1F1F34AF83CB961EE1"
"particle-systems","Fire_Charge_Soak1","Combat/Fire_Stick/Fire_Charge_Soak1","Server/Particles/Combat/Fire_Stick/Fire_Charge_Soak1.particlesystem","728","0D3EDD087F0D074DE63C7030A1ABD6D4B05DF0175215D479D4DF957BC0D14E6C"
"particle-systems","Fire_Charge_Soak2","Combat/Fire_Stick/Fire_Charge_Soak2","Server/Particles/Combat/Fire_Stick/Fire_Charge_Soak2.particlesystem","728","89AF0226105943DCB7EF22FCC64905496FFD9A30D949005ABBFB067CEBC51738"
"particle-systems","Fire_Charge_Soak3","Combat/Fire_Stick/Fire_Charge_Soak3","Server/Particles/Combat/Fire_Stick/Fire_Charge_Soak3.particlesystem","728","9347AE342E0B86070DB550C88598FE760177E502063AC0B352F7EB95D225B5AD"
"particle-systems","Fire_Charge_Soak4","Combat/Fire_Stick/Fire_Charge_Soak4","Server/Particles/Combat/Fire_Stick/Fire_Charge_Soak4.particlesystem","728","33E2C212F0070CAD13DF6D003F110CBE09FB083DEE95276BB502B94498EAC7C5"
"particle-systems","Fire_Charge1","Combat/Fire_Stick/Fire_Charge1","Server/Particles/Combat/Fire_Stick/Fire_Charge1.particlesystem","361","15BAE07AEDF8E4AA039ADB9F69B002D236876E2B1B27E921D4CFCB86FAF7171A"
"particle-systems","Fire_Charged1","Combat/Fire_Stick/Fire_Charged1","Server/Particles/Combat/Fire_Stick/Fire_Charged1.particlesystem","361","9711295008D4F1A24C33EC88C6057692EDED1656C588FC3B9FACB53EB76E18E8"
"particle-systems","Fire_Charged2","Combat/Fire_Stick/Fire_Charged2","Server/Particles/Combat/Fire_Stick/Fire_Charged2.particlesystem","361","928CFEDA8E22E9B2DBB9B3FE598E2E457E22040F3DFE9BABB0E62624EA1917A3"
"particle-systems","Fire_Charged3","Combat/Fire_Stick/Fire_Charged3","Server/Particles/Combat/Fire_Stick/Fire_Charged3.particlesystem","361","3D8C5FD8875584E70E7490589A7122E582F1475F3DE4935F06F056D9C85EF57C"
"particle-systems","Fire_Charged4","Combat/Fire_Stick/Fire_Charged4","Server/Particles/Combat/Fire_Stick/Fire_Charged4.particlesystem","361","25B7C106E70A9AA4566FA0948C7B7654C8033019D82F4094299AFA8C1E0292CD"
"particle-systems","Fire_ChargeOrange","Combat/Fire_Stick/Fire_ChargeOrange","Server/Particles/Combat/Fire_Stick/Fire_ChargeOrange.particlesystem","346","05FA28731C8F91D54E6B69DE560437A4085E342068E36B0BACF1CCC436ECC8A7"
"particle-systems","Fire_ChargeRed","Combat/Fire_Stick/Fire_ChargeRed","Server/Particles/Combat/Fire_Stick/Fire_ChargeRed.particlesystem","337","B404AB0366817DAF5F5035489965166731539135DCC859EA8DBCD60A44DECF54"
"particle-systems","Fire_ChargeWhite","Combat/Fire_Stick/Fire_ChargeWhite","Server/Particles/Combat/Fire_Stick/Fire_ChargeWhite.particlesystem","344","816D20DB4EB67EFEA55C59ADE114DC40664440C2381E1EB5338229C71B6DE495"
"particle-systems","Fire_ChargeYellow","Combat/Fire_Stick/Fire_ChargeYellow","Server/Particles/Combat/Fire_Stick/Fire_ChargeYellow.particlesystem","361","15BAE07AEDF8E4AA039ADB9F69B002D236876E2B1B27E921D4CFCB86FAF7171A"
"particle-systems","Fire_Stick_Charge_Charging","Combat/Fire_Stick/Fire_Stick_Charge_Charging","Server/Particles/Combat/Fire_Stick/Fire_Stick_Charge_Charging.particlesystem","307","D37C12D30B17DDC34ED3745C63F4D4F9E98F88A2972D2E1F1F34AF83CB961EE1"
"particle-systems","Fire_AoE","Combat/Fire_Stick/Fire_Trap/Fire_AoE","Server/Particles/Combat/Fire_Stick/Fire_Trap/Fire_AoE.particlesystem","554","EBAF14441E772B69518A1BF85F25F16740191C5C9B1AE1271B41EB79749EB03F"
"particle-systems","Fire_AoE_Grow","Combat/Fire_Stick/Fire_Trap/Fire_AoE_Grow","Server/Particles/Combat/Fire_Stick/Fire_Trap/Fire_AoE_Grow.particlesystem","341","3B30DAB586FDF71EF11ED6BBD57D4A74077ABBE04507E70AD99C0FC579892259"
"particle-systems","Fire_AoE_Grow2","Combat/Fire_Stick/Fire_Trap/Fire_AoE_Grow2","Server/Particles/Combat/Fire_Stick/Fire_Trap/Fire_AoE_Grow2.particlesystem","690","7474FF133DA2AE147C80B1144634925CAB8ECCC28B88C366D5B76E4526295198"
"particle-systems","Fire_AoE_Spawn","Combat/Fire_Stick/Fire_Trap/Fire_AoE_Spawn","Server/Particles/Combat/Fire_Stick/Fire_Trap/Fire_AoE_Spawn.particlesystem","588","673F3C7A405D9C9D0C86915CFF902C967E762C5E1C272BCE42142BD22558A0AF"
"particle-systems","Fire_AoE2","Combat/Fire_Stick/Fire_Trap/Fire_AoE2","Server/Particles/Combat/Fire_Stick/Fire_Trap/Fire_AoE2.particlesystem","920","7ADF762B68E32EFA92B4170BB0DE9856359FE347D69EC88526662287721937A2"
"particle-systems","Fire_Trap_Preview","Combat/Fire_Stick/Fire_Trap/Fire_Trap_Preview","Server/Particles/Combat/Fire_Stick/Fire_Trap/Fire_Trap_Preview.particlesystem","246","D0C5FF06EF6C117CAAE9ED5852BFA3836644C268002E2309502FA2B8BD04582C"
"particle-systems","Fire_Trap_Preview_GS","Combat/Fire_Stick/Fire_Trap/Fire_Trap_Preview_GS","Server/Particles/Combat/Fire_Stick/Fire_Trap/Fire_Trap_Preview_GS.particlesystem","250","E712D55A95E662B5D682658EA185480457D70EF1E95874D25CC862D3FF973A4E"
"particle-systems","Fireball_Cast_Charge","Combat/Fire_Stick/Fireball_Cast_Charge","Server/Particles/Combat/Fire_Stick/Fireball_Cast_Charge.particlesystem","1943","F87929CD677EF63D2D1896F669EDD674083C7EBBC230472083F745B75FA9E0C5"
"particle-systems","Fireball_Charge_To_4","Combat/Fire_Stick/Fireball_Charge_To_4","Server/Particles/Combat/Fire_Stick/Fireball_Charge_To_4.particlesystem","1434","BEC4BAE371B51D9418D2AEB7E3761A47175E42B301E7837AFF9B29798503A1D1"
"particle-systems","Flamethrower","Combat/Flamethrower/Flamethrower","Server/Particles/Combat/Flamethrower/Flamethrower.particlesystem","779","4256DA9335090DED8759C27F1AE9995B7447D75E56A24805733015A6BCCA994F"
"particle-systems","Flamethrower_Burst","Combat/Flamethrower/Flamethrower_Burst","Server/Particles/Combat/Flamethrower/Flamethrower_Burst.particlesystem","3075","2A5E88A60B934404EAB75D175988A3EA3CA83152E66E6AF8BE4D95D631486376"
"particle-systems","Impact_Critical","Combat/Impact/Critical/Impact_Critical","Server/Particles/Combat/Impact/Critical/Impact_Critical.particlesystem","392","4DDC51F68F63A7A1B4F5AE648A5817AC34B05C87918D98F1EC2470EB9387E295"
"particle-systems","Impact_Feathers_Black","Combat/Impact/Misc/Feathers_Black/Impact_Feathers_Black","Server/Particles/Combat/Impact/Misc/Feathers_Black/Impact_Feathers_Black.particlesystem","78","D35910C2AE805B2E43DF587666CD695FE973907B407448D640267975F6FC5843"
"particle-systems","Impact_Fire","Combat/Impact/Misc/Fire/Impact_Fire","Server/Particles/Combat/Impact/Misc/Fire/Impact_Fire.particlesystem","676","31818BBCEEA65866E422F1AC9A3B9B0ADE3C0912A464646D2AC016948B24E3F2"
"particle-systems","Impact_Ice","Combat/Impact/Misc/Ice/Impact_Ice","Server/Particles/Combat/Impact/Misc/Ice/Impact_Ice.particlesystem","349","EF270B156BE42F9AF9499A311F68444A030D5AF81B221B76AC1A45FFD67514BD"
"particle-systems","Impact_Poison","Combat/Impact/Misc/Impact_Poison","Server/Particles/Combat/Impact/Misc/Impact_Poison.particlesystem","308","24D203D94B352CDDA6C4401E9CD4A6F50FA55E5376746CE170D1E2AE4E6644E1"
"particle-systems","VoidImpact","Combat/Impact/Misc/Void/VoidImpact","Server/Particles/Combat/Impact/Misc/Void/VoidImpact.particlesystem","202","344B4C2EB32763821CAC9FA8BF9C5F1279BDD3ABA2A4E93ADACEC5E03EFFE903"
"particle-systems","Impact_Mace_Bash","Combat/Mace/Bash/Impact_Mace_Bash","Server/Particles/Combat/Mace/Bash/Impact_Mace_Bash.particlesystem","396","CE6FB8766A0DDC52D9F6E3E25FAE87A823C1E26FEEDE0841958CDF1060495BF6"
"particle-systems","Mace_Bash","Combat/Mace/Bash/Mace_Bash","Server/Particles/Combat/Mace/Bash/Mace_Bash.particlesystem","254","31B9F3CFE2DE338461525733812F8C686E757EAD5030E060F1A001D1C9ED739E"
"particle-systems","Impact_Mace_Basic","Combat/Mace/Basic/Impact_Mace_Basic","Server/Particles/Combat/Mace/Basic/Impact_Mace_Basic.particlesystem","493","F3B9189A8B2FCB947FAFA2DC0CF36D184DEF561AD60819A9D33E7E8DCEE17366"
"particle-systems","Impact_Mace_Charged","Combat/Mace/Charged/Impact_Mace_Charged","Server/Particles/Combat/Mace/Charged/Impact_Mace_Charged.particlesystem","669","EC5A583CDFC29260D6BF5D47BB547C738C81A64AF7110CC986E0ADFCF19CF700"
"particle-systems","Mace_Charging","Combat/Mace/Charged/Mace_Charging","Server/Particles/Combat/Mace/Charged/Mace_Charging.particlesystem","383","B39BDDA716B066CAE7CECBA2F6E632C3A866EC92140CBFE916A3C92B3178E3E8"
"particle-systems","Impact_Mace_Signature","Combat/Mace/Signature/Impact_Mace_Signature","Server/Particles/Combat/Mace/Signature/Impact_Mace_Signature.particlesystem","165","4C53A731D773D3407D1FBA53F462A6ADF50D910577F8E81F6423456BDAD5BAFA"
"particle-systems","Mace_Signature_Cast","Combat/Mace/Signature/Mace_Signature_Cast","Server/Particles/Combat/Mace/Signature/Mace_Signature_Cast.particlesystem","393","FB8A51740686F5206E9DDD782A3104012061940623D2E29D1C0F65BFEEFBDA8E"
"particle-systems","Mace_Signature_Cast_End","Combat/Mace/Signature/Mace_Signature_Cast_End","Server/Particles/Combat/Mace/Signature/Mace_Signature_Cast_End.particlesystem","273","BF6179A69D33CC3F5F48046EA0000B0BA0FF3E496EAAB75EB9A389299621D2BC"
"particle-systems","Mace_Signature_Ground_Hit","Combat/Mace/Signature/Mace_Signature_Ground_Hit","Server/Particles/Combat/Mace/Signature/Mace_Signature_Ground_Hit.particlesystem","1966","3D5CA6520B80918F748E4E9C0F6BCB4D52D4560892C3871CBB28F685FA8C53BC"
"particle-systems","Mace_Signature_Slash","Combat/Mace/Signature/Mace_Signature_Slash","Server/Particles/Combat/Mace/Signature/Mace_Signature_Slash.particlesystem","357","89AB2892D8AF3B0485A6D833A34F860384EB14E54DC0680176A0C250481A5E0E"
"particle-systems","Combat_Unblockable","Combat/NPC/Unblockable/Combat_Unblockable","Server/Particles/Combat/NPC/Unblockable/Combat_Unblockable.particlesystem","477","719AAEBDB6A2C75F4019A57EBF65810AED596797355AED606BCC61A9DD8BE9E9"
"particle-systems","Placeholder_Poison_Melee_Slash","Combat/Poison/Placeholder_Poison_Melee_Slash","Server/Particles/Combat/Poison/Placeholder_Poison_Melee_Slash.particlesystem","383","84CF9974F9D7A3095563D370527D193C29DE5DA7B7DC2CA498C7284C8FEF6468"
"particle-systems","Impact_Shield_Bash","Combat/Shield/Bash/Impact_Shield_Bash","Server/Particles/Combat/Shield/Bash/Impact_Shield_Bash.particlesystem","406","D6CAACAACDAB9952381FF8A1EADF826DC64D8A4BEDB2BE49CF3CDE45CC63A638"
"particle-systems","Shield_Bash","Combat/Shield/Bash/Shield_Bash","Server/Particles/Combat/Shield/Bash/Shield_Bash.particlesystem","207","1B8D5B0921AFFD01A3B09639A67C6B9F763C0DB64E904FACC0E6529A9179BC70"
"particle-systems","Impact_Shortbow_Bash","Combat/Shortbow/Bash/Impact_Shortbow_Bash","Server/Particles/Combat/Shortbow/Bash/Impact_Shortbow_Bash.particlesystem","416","A95CE9B18893D74D06B22F0B7ED3C4EF58C9511766F38AD8697684C53614404A"
"particle-systems","Shortbow_Bash","Combat/Shortbow/Bash/Shortbow_Bash","Server/Particles/Combat/Shortbow/Bash/Shortbow_Bash.particlesystem","213","B9EC074AE248F5D892BE48574E5D09BF24B50D8996C6097C64C7525D87FAECE4"
"particle-systems","Impact_Sword_Bash","Combat/Sword/Bash/Impact_Sword_Bash","Server/Particles/Combat/Sword/Bash/Impact_Sword_Bash.particlesystem","401","15CF24BB97E6714733B69658F2111F30AE2779B0CE533B3C234A65136466E9D4"
"particle-systems","Sword_Bash","Combat/Sword/Bash/Sword_Bash","Server/Particles/Combat/Sword/Bash/Sword_Bash.particlesystem","314","4ED0C3E31CD3101DAA5E554D86BF2F1E60B13706D5867B8353BE9A029D59E5F9"
"particle-systems","Impact_Blade_01","Combat/Sword/Basic/Impact_Blade_01","Server/Particles/Combat/Sword/Basic/Impact_Blade_01.particlesystem","232","90360A29DC6E6C38E468BEE3EF10A7F7FA74768445687B52CA31F7DCD50857F3"
"particle-systems","Impact_Sword_Basic","Combat/Sword/Basic/Impact_Sword_Basic","Server/Particles/Combat/Sword/Basic/Impact_Sword_Basic.particlesystem","232","90360A29DC6E6C38E468BEE3EF10A7F7FA74768445687B52CA31F7DCD50857F3"
"particle-systems","Impact_Sword_Basic_New","Combat/Sword/Basic/Impact_Sword_Basic_New","Server/Particles/Combat/Sword/Basic/Impact_Sword_Basic_New.particlesystem","668","30F4B389AAA3361F65B71FDF614296C2F5BEF4BF79F125312831591D8D519E69"
"particle-systems","Impact_Sword_Basic_Stronk","Combat/Sword/Basic/Impact_Sword_Basic_Stronk","Server/Particles/Combat/Sword/Basic/Impact_Sword_Basic_Stronk.particlesystem","258","7D4FA8BB4405743577E88085BCE02DC00A179E9FD44657FBB111DD15CBA48352"
"particle-systems","Impact_Sword_Strong","Combat/Sword/Basic/Impact_Sword_Strong","Server/Particles/Combat/Sword/Basic/Impact_Sword_Strong.particlesystem","725","0C2F2D11CCB797FCBE3DB658A46FB964F10A495978E6855F248AEA1ADA0B3C61"
"particle-systems","Impact_Sword_Charged","Combat/Sword/Charged/Impact_Sword_Charged","Server/Particles/Combat/Sword/Charged/Impact_Sword_Charged.particlesystem","406","C2E4EC735AF81004005C9EBA3632E03EE524C6DEF7BC49F9936D076F6F59F5B5"
"particle-systems","Sword_Charged_Trail","Combat/Sword/Charged/Sword_Charged_Trail","Server/Particles/Combat/Sword/Charged/Sword_Charged_Trail.particlesystem","282","8FC432DB50AA09ADF7DE5BF46BF9DD424FCB83EB741F68FDAAAD8702366ED437"
"particle-systems","Sword_Charged_Trail_Blade","Combat/Sword/Charged/Sword_Charged_Trail_Blade","Server/Particles/Combat/Sword/Charged/Sword_Charged_Trail_Blade.particlesystem","372","D58E2300FB71342AA47D63B1A088C95219C20ADBD1E7B4D6B0F3B33F18B3EE11"
"particle-systems","Sword_Charged_Trail_Blade_Praetorian","Combat/Sword/Charged/Sword_Charged_Trail_Blade_Praetorian","Server/Particles/Combat/Sword/Charged/Sword_Charged_Trail_Blade_Praetorian.particlesystem","282","6563E52B084C54EA33F6A637B4981817235BFB339CA97EE74F35F58D9CA3BF88"
"particle-systems","Sword_Charged_Trail_Praetorian","Combat/Sword/Charged/Sword_Charged_Trail_Praetorian","Server/Particles/Combat/Sword/Charged/Sword_Charged_Trail_Praetorian.particlesystem","277","3D9403EB53F47489A25312D49B162AB7F4339B7BFDEB399E7537B7E58B1CD290"
"particle-systems","Sword_Charging","Combat/Sword/Charged/Sword_Charging","Server/Particles/Combat/Sword/Charged/Sword_Charging.particlesystem","305","115DB9DAB7811E2EDEC0951B965B4CD72B9E33C6C0CC6DFC6225F683029B4C2F"
"particle-systems","Sword_Charging_Praetorian","Combat/Sword/Charged/Sword_Charging_Praetorian","Server/Particles/Combat/Sword/Charged/Sword_Charging_Praetorian.particlesystem","327","1A85D1E1D9FF70672886AC44BA57912C3A17259A9AF80F54D9B33CDBE58428EC"
"particle-systems","Bow_Signature_Status","Combat/Sword/Signature/Bow_Signature_Status","Server/Particles/Combat/Sword/Signature/Bow_Signature_Status.particlesystem","334","8CB002D7C376A43B16CAC74F5DE1F6A34AF7D5FADD187EE6B0CD65E6838D071F"
"particle-systems","Bow_Signature_Status_FP","Combat/Sword/Signature/Bow_Signature_Status_FP","Server/Particles/Combat/Sword/Signature/Bow_Signature_Status_FP.particlesystem","333","AEC950940D0169FE4F20CFE6FC3BA95050E7505D575C13658FB15CD71879A43C"
"particle-systems","Crossbow_Signature_Status","Combat/Sword/Signature/Crossbow_Signature_Status","Server/Particles/Combat/Sword/Signature/Crossbow_Signature_Status.particlesystem","778","8AEDC3CDD181C4E0755BC5A0092B228975D5556E4B3321E0B47A0804E104167F"
"particle-systems","Crossbow_Signature_Status_FP","Combat/Sword/Signature/Crossbow_Signature_Status_FP","Server/Particles/Combat/Sword/Signature/Crossbow_Signature_Status_FP.particlesystem","777","C2C53F0DC67FDB8A83DEC053B5FFDC7E9A4BBB059CE549E7EC08447492BEA790"
"particle-systems","Impact_Sword_Signature","Combat/Sword/Signature/Impact_Sword_Signature","Server/Particles/Combat/Sword/Signature/Impact_Sword_Signature.particlesystem","1300","FD3A12351212F940AD9DBC9E5086A8E9854316C391F10CFF6295FD84798AD995"
"particle-systems","Impact_Sword_Signature_Spin","Combat/Sword/Signature/Impact_Sword_Signature_Spin","Server/Particles/Combat/Sword/Signature/Impact_Sword_Signature_Spin.particlesystem","633","09AB7161C8E556C4269DDD7C153B7FCC1A59051B44B214A589DBA26E1066EEA2"
"particle-systems","Sword_Signature_AoE","Combat/Sword/Signature/Sword_Signature_AoE","Server/Particles/Combat/Sword/Signature/Sword_Signature_AoE.particlesystem","345","2C21C1EFA2381E7330A7103F05C7C9586349B541F76C385E06FF4C8341CDDA83"
"particle-systems","Sword_Signature_AoE2","Combat/Sword/Signature/Sword_Signature_AoE2","Server/Particles/Combat/Sword/Signature/Sword_Signature_AoE2.particlesystem","168","494601E4E5F6C036BE6FCFE83401E65F25C9FA497F0CF4055B27AA5FBD905E9D"
"particle-systems","Sword_Signature_Dash_Effect","Combat/Sword/Signature/Sword_Signature_Dash_Effect","Server/Particles/Combat/Sword/Signature/Sword_Signature_Dash_Effect.particlesystem","375","92E177829249A030B3B9629F47CD65DADF8C4D2056C275286B1D436F162CBACE"
"particle-systems","Sword_Signature_Dash_Trail","Combat/Sword/Signature/Sword_Signature_Dash_Trail","Server/Particles/Combat/Sword/Signature/Sword_Signature_Dash_Trail.particlesystem","494","DC2499D4B90838319094FBB8EEC3C561DD402B52E7376139F34A0365FFB8B413"
"particle-systems","Sword_Signature_Ready","Combat/Sword/Signature/Sword_Signature_Ready","Server/Particles/Combat/Sword/Signature/Sword_Signature_Ready.particlesystem","904","FA02AEFFF527661CBD6CC14BB709FC1643B377923CF1A397B12D9F68F55EBC28"
"particle-systems","Sword_Signature_Status","Combat/Sword/Signature/Sword_Signature_Status","Server/Particles/Combat/Sword/Signature/Sword_Signature_Status.particlesystem","526","D070BD357D4B1AB58016D9A25285C0D3F531D09F22192938915CF706684F7434"
"particle-systems","Sword_Signature_Status_Spawn","Combat/Sword/Signature/Sword_Signature_Status_Spawn","Server/Particles/Combat/Sword/Signature/Sword_Signature_Status_Spawn.particlesystem","354","E994392D4CDDC7A529C7295FA5E4DA70FC058ED82FED81F7B945B1C942F41C3A"
"particle-systems","Shield_Block","Combat/Sword/Special/Shield_Block","Server/Particles/Combat/Sword/Special/Shield_Block.particlesystem","627","7B8BD6471016D7904197713599640AFF48E9EEDE13FAA3B89DA3AEB273D62818"
"particle-systems","Shield_Shatter","Combat/Sword/Special/Shield_Shatter","Server/Particles/Combat/Sword/Special/Shield_Shatter.particlesystem","561","D0AAF2447828ABFA82852DBFF6A302D4E7E5B6FD28D7A51A05EB450FD007812E"
"particle-systems","Impact_Unarmed","Combat/Unarmed/Impact_Unarmed","Server/Particles/Combat/Unarmed/Impact_Unarmed.particlesystem","397","9FC28B7BBCEADF83E3AC50219DE7C9B5196C4FF3508854E4421A837796EA8A66"
"particle-systems","Goblin_Decorative_Broken","Decorative/Goblin/Goblin_Decorative_Broken","Server/Particles/Decorative/Goblin/Goblin_Decorative_Broken.particlesystem","629","4227444A55FBE874131F953DF57DADA71135826B421BBB12B9BAE8691A1FBA19"
"particle-systems","Goblin_Decorative_Fireworks","Decorative/Goblin/Goblin_Decorative_Fireworks","Server/Particles/Decorative/Goblin/Goblin_Decorative_Fireworks.particlesystem","4873","C9C50EA489AC6F9BFD3503D5EB9C624B1B13FFA16D02356EBDC3214D5B6B4429"
"particle-systems","Goblin_Decorative_FireworksCloser","Decorative/Goblin/Goblin_Decorative_FireworksCloser","Server/Particles/Decorative/Goblin/Goblin_Decorative_FireworksCloser.particlesystem","4871","3300D201AED9BA172B4D7B93E087DC91CCEC1D718B85C8B482D84C6E0AAF3091"
"particle-systems","Goblin_Decorative_Geyser","Decorative/Goblin/Goblin_Decorative_Geyser","Server/Particles/Decorative/Goblin/Goblin_Decorative_Geyser.particlesystem","805","FD17BD2EBE342A7FD990E9D5947C0363BB2DF0607AF58096D02B31F8925EE000"
"particle-systems","Goblin_Decorative_Lightning","Decorative/Goblin/Goblin_Decorative_Lightning","Server/Particles/Decorative/Goblin/Goblin_Decorative_Lightning.particlesystem","315","B98934A11CA9CF6972AE2FC54F16683A86F5A2C968634D23F9E62A4E3088FD44"
"particle-systems","Goblin_Decorative_Lightning2","Decorative/Goblin/Goblin_Decorative_Lightning2","Server/Particles/Decorative/Goblin/Goblin_Decorative_Lightning2.particlesystem","133","028B7328C4D73F6AD7D2A618411EB3C4F56394FCA5FD78879F8055CCAFFE6AD2"
"particle-systems","Goblin_Decorative_Sludge","Decorative/Goblin/Goblin_Decorative_Sludge","Server/Particles/Decorative/Goblin/Goblin_Decorative_Sludge.particlesystem","99","BB1BCE183253DEC35D4575303D730BF1E8DAAD53D877CA178E14089A7609D3A4"
"particle-systems","Goblin_Decorative_Sparks","Decorative/Goblin/Goblin_Decorative_Sparks","Server/Particles/Decorative/Goblin/Goblin_Decorative_Sparks.particlesystem","352","7C19ABD460241BB8DB6209A9267A88EF89813EB3CB98F0E276B8E5DBE0B5B4E6"
"particle-systems","Goblin_Decorative_Sparks_Burst","Decorative/Goblin/Goblin_Decorative_Sparks_Burst","Server/Particles/Decorative/Goblin/Goblin_Decorative_Sparks_Burst.particlesystem","260","7945786C5640F187B4C25D31D42CA550A7BB9551A43232678E48B53143D9CB21"
"particle-systems","Goblin_Decorative_Steam","Decorative/Goblin/Goblin_Decorative_Steam","Server/Particles/Decorative/Goblin/Goblin_Decorative_Steam.particlesystem","93","10383360E6DC35B8836EBEFC21B2D5A7842EBF5EE04C2C4BB32FE4B910178C51"
"particle-systems","Goblin_Decorative_Switch","Decorative/Goblin/Goblin_Decorative_Switch","Server/Particles/Decorative/Goblin/Goblin_Decorative_Switch.particlesystem","189","A8B3A5A867C310DFF5B6D9A4DA0F9E47A623AF40DDCBD23FCE3A33479EEAFAC0"
"particle-systems","Decorative_Goblin_Explosion","Decorative/Goblin/Spawners/Decorative_Goblin_Explosion","Server/Particles/Decorative/Goblin/Spawners/Decorative_Goblin_Explosion.particlesystem","5085","009EC640053A3F159F0FC7B831FFC4B36755338905EBA81878A4847C32F0D293"
"particle-systems","Goblin_Launcher_Aiming_Indicator","Deployables/Goblin_Launcher/Goblin_Launcher_Aiming_Indicator","Server/Particles/Deployables/Goblin_Launcher/Goblin_Launcher_Aiming_Indicator.particlesystem","835","298CB52283C2D83DC34ADD9AA85BD1DFF338BFF3AC11111A83B557E06A816420"
"particle-systems","Goblin_Launcher_Aiming_Indicator_Extras","Deployables/Goblin_Launcher/Goblin_Launcher_Aiming_Indicator_Extras","Server/Particles/Deployables/Goblin_Launcher/Goblin_Launcher_Aiming_Indicator_Extras.particlesystem","911","77BF5BC07B24CFF300BDBC4F28B0F8D8BFC586585EE3780B7A46A928F5704610"
"particle-systems","Goblin_Launcher_Charge","Deployables/Goblin_Launcher/Goblin_Launcher_Charge","Server/Particles/Deployables/Goblin_Launcher/Goblin_Launcher_Charge.particlesystem","721","C5A4536E51B2554B2227AF4C02B5A52C1DFDDDD930D19E03A7F25E202CE2C986"
"particle-systems","Goblin_Launcher_Exhaust","Deployables/Goblin_Launcher/Goblin_Launcher_Exhaust","Server/Particles/Deployables/Goblin_Launcher/Goblin_Launcher_Exhaust.particlesystem","467","92E94DB6D660E879A225EBFD10B31CECBF046848087E3B37B47DA95CC87F669D"
"particle-systems","Goblin_Launcher_Launch","Deployables/Goblin_Launcher/Goblin_Launcher_Launch","Server/Particles/Deployables/Goblin_Launcher/Goblin_Launcher_Launch.particlesystem","216","1349F9B1156768AA6FEF2EC3C30EF20D4A524080A76E9F9EF587C52A5B56B4F4"
"particle-systems","Goblin_Launcher_Loaded","Deployables/Goblin_Launcher/Goblin_Launcher_Loaded","Server/Particles/Deployables/Goblin_Launcher/Goblin_Launcher_Loaded.particlesystem","290","B59066714A3AA742D66E00F99794A718672C9F3C83B715536207B1ECE6CCB51C"
"particle-systems","Totem_Heal_AoE","Deployables/Healing_Totem/Totem_Heal_AoE","Server/Particles/Deployables/Healing_Totem/Totem_Heal_AoE.particlesystem","2771","DA1EF17AC94518DD0CA9CFD1C4E79063DB9728CF9C9C492C9DD3D8513ED45B0A"
"particle-systems","Totem_Heal_AttachOnStatue","Deployables/Healing_Totem/Totem_Heal_AttachOnStatue","Server/Particles/Deployables/Healing_Totem/Totem_Heal_AttachOnStatue.particlesystem","556","0D00D42D4508FA13F62854B7770F27D3972B5EC86028EF6551F37AD4AF4D6D92"
"particle-systems","Totem_Heal_Extra","Deployables/Healing_Totem/Totem_Heal_Extra","Server/Particles/Deployables/Healing_Totem/Totem_Heal_Extra.particlesystem","573","28BDDD6E4173B3C77108ABA8D150A406ECA9EA510C256FFAF8A79BEBD9EA0F80"
"particle-systems","Totem_Heal_Simple_Test","Deployables/Healing_Totem/Totem_Heal_Simple_Test","Server/Particles/Deployables/Healing_Totem/Totem_Heal_Simple_Test.particlesystem","973","5910BF4069A6324FE862E84A09036D38CE1CE76A61893B1A4290EF5CB4865E32"
"particle-systems","Totem_Heal_TopIcon","Deployables/Healing_Totem/Totem_Heal_TopIcon","Server/Particles/Deployables/Healing_Totem/Totem_Heal_TopIcon.particlesystem","412","BF5C617C4C80AE6E2AC4E240373492BC801E77535491A1D506F650B4A8B05F82"
"particle-systems","Totem_Slow_AoE","Deployables/Slowness_Totem/Totem_Slow_AoE","Server/Particles/Deployables/Slowness_Totem/Totem_Slow_AoE.particlesystem","2771","6B3B34247F031C7C812B69787433FC31EA901113DCA05FAEF0C4E9C49508A177"
"particle-systems","Totem_Slow_AttachOnStatue","Deployables/Slowness_Totem/Totem_Slow_AttachOnStatue","Server/Particles/Deployables/Slowness_Totem/Totem_Slow_AttachOnStatue.particlesystem","556","7A0F8D57E7B7A087772D1CEAE6FF0E8583E40E0FB8D9CFEE37DAE32ABE034D59"
"particle-systems","Totem_Slow_Extra","Deployables/Slowness_Totem/Totem_Slow_Extra","Server/Particles/Deployables/Slowness_Totem/Totem_Slow_Extra.particlesystem","573","55E29F5DD185487A5F2540055C52E87E1BC73E0A8AC160872B4244BD1B46AA06"
"particle-systems","Totem_Slow_Simple_Test","Deployables/Slowness_Totem/Totem_Slow_Simple_Test","Server/Particles/Deployables/Slowness_Totem/Totem_Slow_Simple_Test.particlesystem","973","78351CCDEC1A0ED5ABE713BAEEE78BE54F8F2264FB23446C975EE9AB72898AA8"
"particle-systems","Drop_Common","Drop/Common/Drop_Common","Server/Particles/Drop/Common/Drop_Common.particlesystem","349","3322E1817D00BB7C0FA95E96D562AA41F62750217C998C65C467C6C663F56F5F"
"particle-systems","Drop_Epic","Drop/Epic/Drop_Epic","Server/Particles/Drop/Epic/Drop_Epic.particlesystem","1005","663207EB19829A6B39246AB2F649C2CA318743588B853515434D7E9005EFF4B8"
"particle-systems","Item","Drop/Item/Item","Server/Particles/Drop/Item/Item.particlesystem","333","D0AA8EBE02E0D88EF6A7E0F5BED89750234455FB7725F49F690812540D279040"
"particle-systems","Drop_Legendary","Drop/Legendary/Drop_Legendary","Server/Particles/Drop/Legendary/Drop_Legendary.particlesystem","997","D6E7F70D32561C3260F4B2D3D69D81A1244DAD99BA37B1C3CE7FBCEF7E4B6A2B"
"particle-systems","Drop_Rare","Drop/Rare/Drop_Rare","Server/Particles/Drop/Rare/Drop_Rare.particlesystem","891","87E635AE46805EAD4FC3391923B81F93262F9C33F180004A46834FE607F3AE01"
"particle-systems","Drop_Uncommon","Drop/Uncommon/Drop_Uncommon","Server/Particles/Drop/Uncommon/Drop_Uncommon.particlesystem","444","036EA0DEF056D13CAFDA73DAC7E436BEF4D1090393EB7A6BDA1F74375ECEB0AE"
"particle-systems","Dust_Sparkles_Fine","Dust_Sparkles_Fine","Server/Particles/Dust_Sparkles_Fine.particlesystem","299","05668FC15AD2C3D80D2A1042F2B1C969030B2019B4F9D51F26C72F9892FC0A1D"
"particle-systems","World_Event_Hunt_Marker_Generic","Event/Markers/World_Event_Hunt_Marker_Generic","Server/Particles/Event/Markers/World_Event_Hunt_Marker_Generic.particlesystem","170","10352EA1D850A517F0CA79F612EDD96E9D0D258C15945D8A1E57C76BB2B9181F"
"particle-systems","World_Event_Hunt_Marker_Void","Event/Markers/World_Event_Hunt_Marker_Void","Server/Particles/Event/Markers/World_Event_Hunt_Marker_Void.particlesystem","944","CFE364708D79DCD0B0CC581504BB232948DD6DACA56179DC96BF911E16E7FCEA"
"particle-systems","Explosion_Big","Explosion/Explosion_Big/Explosion_Big","Server/Particles/Explosion/Explosion_Big/Explosion_Big.particlesystem","2901","BFDD88B039C75E86CD8EDE1DEDC1DB127E33D61E84C4C2B9BCA8E7DDE31F19D5"
"particle-systems","Explosion_Fail","Explosion/Explosion_Fail/Explosion_Fail","Server/Particles/Explosion/Explosion_Fail/Explosion_Fail.particlesystem","1030","2A8F6D2A2C6F82FC5700D5846F5BFE3A4391F8D00D21E35CE32FFB847078DEF2"
"particle-systems","Gun_Impact","Explosion/Explosion_Fail/Gun_Impact","Server/Particles/Explosion/Explosion_Fail/Gun_Impact.particlesystem","663","36F148812722CEE88F874EA136331F433C67235927E7F5B05FE6A9EA762869D3"
"particle-systems","Explosion_Medium","Explosion/Explosion_Medium/Explosion_Medium","Server/Particles/Explosion/Explosion_Medium/Explosion_Medium.particlesystem","1888","A77EA9E245B45AC44979091DA0619DDF2514B0A53A1CB14BEF6F291E1E4A18B9"
"particle-systems","Explosion_Barrel","Explosion/Explosion_Shroom/Explosion_Barrel","Server/Particles/Explosion/Explosion_Shroom/Explosion_Barrel.particlesystem","2564","0842DA62B2648E6013A5E3F5AB5D36EFF54502789FB49E9BC46B44874A3FA569"
"particle-systems","Explosion_Shroom","Explosion/Explosion_Shroom/Explosion_Shroom","Server/Particles/Explosion/Explosion_Shroom/Explosion_Shroom.particlesystem","5087","5C10672644CAD57A26D32839A609D829096EA37D96FA2308371897AFC4A0DF9A"
"particle-systems","Explosion_Shroom_Small","Explosion/Explosion_Shroom/Explosion_Shroom_Small","Server/Particles/Explosion/Explosion_Shroom/Explosion_Shroom_Small.particlesystem","6223","3C3FB829C4875DDBDD83041D7907088DE46028BF2D44D68D8DAE1A547F4310B1"
"particle-systems","Explosion_Small","Explosion/Explosion_Small/Explosion_Small","Server/Particles/Explosion/Explosion_Small/Explosion_Small.particlesystem","1281","99F380ED8BA2B415E0D5986D6A1470FA9CA83A9A3C2B69D494A52D76AC0368FD"
"particle-systems","Impact_Explosion","Explosion/Explosion_Small/Impact_Explosion","Server/Particles/Explosion/Explosion_Small/Impact_Explosion.particlesystem","897","41FCD93AE5B12491369450F6CAA4E77D2198C086155B5F26B8C15FAF8619E376"
"particle-systems","Indicator_Arrow","Indicators/Arrows/Indicator_Arrow","Server/Particles/Indicators/Arrows/Indicator_Arrow.particlesystem","236","3FFD78EC9880BF6DC2E915F94E30C860252D2D4980801FD0D342294481AE499F"
"particle-systems","Indicator_Chevron3","Indicators/Arrows/Indicator_Chevron3","Server/Particles/Indicators/Arrows/Indicator_Chevron3.particlesystem","260","3E9A4279BE57AE32605A70C391E5B53769022F6BD0F4259984DB3CF75BF92E58"
"particle-systems","Debug_Spawner_Locator","Indicators/Debug/Debug_Spawner_Locator","Server/Particles/Indicators/Debug/Debug_Spawner_Locator.particlesystem","589","9EDA7B4FB2DFDA37910051121036AF619E469E190689CD3207FA01E95F69A1E0"
"particle-systems","Indicator_PieTimer8_Reverse","Indicators/Timers/Indicator_PieTimer8_Reverse","Server/Particles/Indicators/Timers/Indicator_PieTimer8_Reverse.particlesystem","319","9AE292C82C3128094CCA85448F2E161F3782DC5787A34F5527B1C5F0A591F48B"
"particle-systems","Workbench_Alchemy_On","Item/Bench/Workbench_Alchemy/Workbench_Alchemy_On","Server/Particles/Item/Bench/Workbench_Alchemy/Workbench_Alchemy_On.particlesystem","454","69EF59253643841A1D20C812AE0CE29B320C71CFAE16CFB6F41FCC1ACF773826"
"particle-systems","Workbench_Armor_On","Item/Bench/Workbench_Armor/Workbench_Armor_On","Server/Particles/Item/Bench/Workbench_Armor/Workbench_Armor_On.particlesystem","823","DF3196393161DC56E1B1EDD186095AE18EF0C05C3D9ED05A68515046DE7B9A35"
"particle-systems","Workbench_Cooking_On","Item/Bench/Workbench_Cooking/Workbench_Cooking_On","Server/Particles/Item/Bench/Workbench_Cooking/Workbench_Cooking_On.particlesystem","902","4F934C7BE913E331E05D629B89CCAE1E741C6A1B422AA3C697A463E57F4F540F"
"particle-systems","Workbench_Salvage_On","Item/Bench/Workbench_Salvage/Workbench_Salvage_On","Server/Particles/Item/Bench/Workbench_Salvage/Workbench_Salvage_On.particlesystem","421","610DB90108760981C19F4565DDE0D67DC8E2E799CE68EAA633A4FBBFB875A976"
"particle-systems","Workbench_Weapon","Item/Bench/Workbench_Weapon/Workbench_Weapon","Server/Particles/Item/Bench/Workbench_Weapon/Workbench_Weapon.particlesystem","296","2A4D4AC5AB21AE74FA8F76BA91866761CA6E055E84C9B7DCD01D9F3167478556"
"particle-systems","Workbench_Weapon_On","Item/Bench/Workbench_Weapon/Workbench_Weapon_On","Server/Particles/Item/Bench/Workbench_Weapon/Workbench_Weapon_On.particlesystem","765","50108CF2A93582949075F79728989A83195F849CB5E04CC44B428B9A857B50CC"
"particle-systems","Workbench_On","Item/Bench/Workbench/Workbench_On","Server/Particles/Item/Bench/Workbench/Workbench_On.particlesystem","348","CDF0F21A8F5FC890796F0DA0D0705D8F708486E3D47B951AB813FB9A1456F6E7"
"particle-systems","Candle_Fire","Item/Candle/Candle_Fire","Server/Particles/Item/Candle/Candle_Fire.particlesystem","462","D8660BD7BA47AB39A541FF2A766F4E8679FC6B0A28294A2AD11606C55B2DF26E"
"particle-systems","Corrupted_Bubbles","Item/Cauldron/Corrupted_Bubbles","Server/Particles/Item/Cauldron/Corrupted_Bubbles.particlesystem","158","EAC0D10C32286F5AF9047522774DD838EFE6D4276A5C08E462CCD606BF167572"
"particle-systems","Drill_Mine","Item/Drill/Drill_Mine","Server/Particles/Item/Drill/Drill_Mine.particlesystem","490","46082D25F408DAB3DDB968D088857FAA0C303354E69840641B37837E35FD390A"
"particle-systems","Drill_Spin","Item/Drill/Drill_Spin","Server/Particles/Item/Drill/Drill_Spin.particlesystem","667","E96A161E6DB4CECE85AE670D6427AA74EBDE86242FB226625BE07CF1A2610EC4"
"particle-systems","Fire_Green","Item/Fire_Green/Fire_Green","Server/Particles/Item/Fire_Green/Fire_Green.particlesystem","600","76FE929B6F89E0731EFB26ACED8C6A7D5D0876615DCC8DC5D6E1535A9846C292"
"particle-systems","Fire_Teal","Item/Fire_Teal/Fire_Teal","Server/Particles/Item/Fire_Teal/Fire_Teal.particlesystem","728","2ADC0F5FB8E205CB6B5C92FDC0F3B44766466285902B06103BC3B991B6D0E7E6"
"particle-systems","Fire_Blue","Item/Fireplace_Blue/Fire_Blue","Server/Particles/Item/Fireplace_Blue/Fire_Blue.particlesystem","596","9AFDB46A2510F7E03C604144176A9C2AAA3DC300F77BB012F6C3EE23124D8566"
"particle-systems","Camfire_New1","Item/Fireplace/Camfire_New1","Server/Particles/Item/Fireplace/Camfire_New1.particlesystem","601","D82BAFA980331E54DB31B4A35222B8C62896B2A4B134C224F37E239D771535E2"
"particle-systems","Campfire_New_Cartoon","Item/Fireplace/Campfire_New_Cartoon","Server/Particles/Item/Fireplace/Campfire_New_Cartoon.particlesystem","620","A441B0F1AB4903544323A68C7F5C93FDB8A9FE12F15171F97C123CF8CB629343"
"particle-systems","Campfire_New_GS","Item/Fireplace/Campfire_New_GS","Server/Particles/Item/Fireplace/Campfire_New_GS.particlesystem","742","C0B68593174BFEBDCDB37B01E2E391922DE541BAE10B9DC6598A36012EEBC6CA"
"particle-systems","Campfire_New2","Item/Fireplace/Campfire_New2","Server/Particles/Item/Fireplace/Campfire_New2.particlesystem","590","8EE163E2B8EBC5CA6E8D2BF55B809B675E8469B30E788B1FF598C426309E1AF3"
"particle-systems","Fluid_Fire","Item/Fireplace/Fluid_Fire","Server/Particles/Item/Fireplace/Fluid_Fire.particlesystem","498","6A96C315016BCDDBC68B82593D3F4259C09ED5172A0760BB34EB007F4C706B56"
"particle-systems","Food_Eat","Item/Food/Food_Eat","Server/Particles/Item/Food/Food_Eat.particlesystem","637","4C40CED4F5F8BFEC8298FB1150F5AB3E12795AD142B6926441914BFBE02FD653"
"particle-systems","Fire_Furnace_On","Item/Furnace/Fire_Furnace_On","Server/Particles/Item/Furnace/Fire_Furnace_On.particlesystem","369","1F94C25EB48A47E961A3797F14E79646359159B264EA8C46AC0EFF892D92D5F6"
"particle-systems","Fuse_Bomb","Item/Fuse_Bomb/Fuse_Bomb","Server/Particles/Item/Fuse_Bomb/Fuse_Bomb.particlesystem","234","567B41338345DFE640D80E8EE5D28EA9561DED4E057803E462D6641D6816CF57"
"particle-systems","Goblin_Generator_On","Item/Generator/Goblin_Generator_On","Server/Particles/Item/Generator/Goblin_Generator_On.particlesystem","623","D50F80F454FD60D4BE1FD15F8D6E9FB90A3902C2081956147ADE2972CD62FCE0"
"particle-systems","Butterflies_Harvest","Item/Harvest_Plush/Butterflies_Harvest","Server/Particles/Item/Harvest_Plush/Butterflies_Harvest.particlesystem","308","7EACF31C7FC1788800E421AC04B2E457714EC220F864E7C3494A460E8795887B"
"particle-systems","Plush_Activate","Item/Harvest_Plush/Plush_Activate","Server/Particles/Item/Harvest_Plush/Plush_Activate.particlesystem","200","EBF3923C6084DA08F436D2B4AA3A3647065E876D8E5741059AF86FEAD2C8AB86"
"particle-systems","Earth_Brazier_Glow","Item/Lantern/Earth_Brazier_Glow","Server/Particles/Item/Lantern/Earth_Brazier_Glow.particlesystem","127","00DEA4F5FCBFDD850C39873C62275F805471EEABA5010F83A872E81E5282103A"
"particle-systems","Kweebec_Lantern","Item/Lantern/Kweebec_Lantern","Server/Particles/Item/Lantern/Kweebec_Lantern.particlesystem","199","81C1A6C06CF399C30DFA8BD94A81E81C63FF879B00551892CCA860CDD87AE8AD"
"particle-systems","Temple_Light_Lantern","Item/Lantern/Temple_Light_Lantern","Server/Particles/Item/Lantern/Temple_Light_Lantern.particlesystem","253","72434AA44D2B21F4460098274DB9D00BF169F5CCE25AB4456660774796F964F3"
"particle-systems","Bubbles_Breathing","Item/Plants/Bubbles_Breathing","Server/Particles/Item/Plants/Bubbles_Breathing.particlesystem","354","CD27F2ECF616438C358293D425D71226D0780DF6D9CFDC5A6126BFF1AEB544A7"
"particle-systems","Bubbles_Breathing_FP","Item/Plants/Bubbles_Breathing_FP","Server/Particles/Item/Plants/Bubbles_Breathing_FP.particlesystem","223","52BF3586B6D528CD5623354493B63B44125985A8AE310003FC0F911BFBA6437F"
"particle-systems","BubbleStream_Underwater","Item/Plants/BubbleStream_Underwater","Server/Particles/Item/Plants/BubbleStream_Underwater.particlesystem","81","5018F6018F8093517DD00244EB33D6BE8294940A07964BACD6BE14B84F6A5395"
"particle-systems","Jungle_Flower_Sparks","Item/Plants/Jungle_Flower_Sparks","Server/Particles/Item/Plants/Jungle_Flower_Sparks.particlesystem","414","BA0B8D76C75D4D77F172EFF70D0B32BDE4C9ED42D5F39DCB298B6438C1AE8FAA"
"particle-systems","Plant_Eternal","Item/Plants/Plant_Eternal","Server/Particles/Item/Plants/Plant_Eternal.particlesystem","95","B0ADA126C82DF1E476A33FB67809FBDB453108180AAD6B39EF938DCAFBEC761A"
"particle-systems","Plant_Health_Tier1","Item/Plants/Plant_Health_Tier1","Server/Particles/Item/Plants/Plant_Health_Tier1.particlesystem","1189","EA34623352B9A7D7BD98A29A2BEC7DC5D3A79B007377E00D6CF210C3BBCC928E"
"particle-systems","Plant_Health_Tier2","Item/Plants/Plant_Health_Tier2","Server/Particles/Item/Plants/Plant_Health_Tier2.particlesystem","1193","601E3B6B0637A83B0FE7C451D1B7B7DFC860596BFDAC265384290354643BB215"
"particle-systems","Plant_Health_Tier3","Item/Plants/Plant_Health_Tier3","Server/Particles/Item/Plants/Plant_Health_Tier3.particlesystem","2131","F839C90CD8250534BF1CAB306A9189136A973B54584DABB61F30AAE011B79CB4"
"particle-systems","Plant_Mana_Tier1","Item/Plants/Plant_Mana_Tier1","Server/Particles/Item/Plants/Plant_Mana_Tier1.particlesystem","251","94AD4C00A2FAD9C2472742D5D1AC61945797381E0D591D034C6289B4D1279620"
"particle-systems","Plant_Mana_Tier2","Item/Plants/Plant_Mana_Tier2","Server/Particles/Item/Plants/Plant_Mana_Tier2.particlesystem","231","FDF72741F7EC102B33D7165676E0325586A5C545983E130D9D918152AB7E95B2"
"particle-systems","Plant_Mana_Tier3","Item/Plants/Plant_Mana_Tier3","Server/Particles/Item/Plants/Plant_Mana_Tier3.particlesystem","1226","D9ADCAE496A5ED69EC063C5F6C07247F151FEC5BA6F4C8AE934019E6EEAE9869"
"particle-systems","Plant_Stamina_Tier1","Item/Plants/Plant_Stamina_Tier1","Server/Particles/Item/Plants/Plant_Stamina_Tier1.particlesystem","580","BD924B029E98D152B5D54208DE86325FA950C80039AF86604A46A5C872FA4448"
"particle-systems","Plant_Stamina_Tier2","Item/Plants/Plant_Stamina_Tier2","Server/Particles/Item/Plants/Plant_Stamina_Tier2.particlesystem","584","BE014D5B1639AA332753923E865F0F667860AA52C9D343CF8A3C042A6013B057"
"particle-systems","Plant_Stamina_Tier3","Item/Plants/Plant_Stamina_Tier3","Server/Particles/Item/Plants/Plant_Stamina_Tier3.particlesystem","830","BC53D03F251F97F4C99E07534DCD81820113D7A9C355F3C2CB2E6171BE9E0CCB"
"particle-systems","Seeds_Eternal","Item/Plants/Seeds_Eternal","Server/Particles/Item/Plants/Seeds_Eternal.particlesystem","95","A0B19F4D154CEA5DFD1CE309F6889AE7FA1EDDCFD3F06F102B97AABA123854B6"
"particle-systems","Item_Break_Glass","Item/Potion/Item_Break_Glass","Server/Particles/Item/Potion/Item_Break_Glass.particlesystem","159","783F49D491D7AB34CEF8661E22F241C81868E09FEAA1F9045A1B6CA456730AD2"
"particle-systems","Item_Break_Glass_Small","Item/Potion/Item_Break_Glass_Small","Server/Particles/Item/Potion/Item_Break_Glass_Small.particlesystem","164","065E559149F1491B88FCA5F0DE7D3B5EFA5BB2D35473151B6601ED9454CBE28D"
"particle-systems","Item_Break_GlassMagic","Item/Potion/Item_Break_GlassMagic","Server/Particles/Item/Potion/Item_Break_GlassMagic.particlesystem","915","22F289D79218F5C06EF54C8DAE9B00C23265389BB0D40F6093CCDCB4959A8CB9"
"particle-systems","Item_Break_GlassPoison","Item/Potion/Item_Break_GlassPoison","Server/Particles/Item/Potion/Item_Break_GlassPoison.particlesystem","748","510592C0ACA15B81B6F9535AB1CFC289397F7E8085F20DC743C3108DEF9D81FD"
"particle-systems","Item_Break_GlassPotion","Item/Potion/Item_Break_GlassPotion","Server/Particles/Item/Potion/Item_Break_GlassPotion.particlesystem","778","7BA50956CE0377CE05C211D0A82DF29E79457276F4A18EDCCEB0871EA9AE7DC9"
"particle-systems","Item_Break_GlassPotionSmall","Item/Potion/Item_Break_GlassPotionSmall","Server/Particles/Item/Potion/Item_Break_GlassPotionSmall.particlesystem","747","EFBC65D31CCAEE9F5DC3B1D099BF2FE1A16A7171DA0B59A7A002B772BC1ECB1C"
"particle-systems","Seed_Place_Dust","Item/Seeds/Seed_Place_Dust","Server/Particles/Item/Seeds/Seed_Place_Dust.particlesystem","154","F3ACD2A882EB3A3CCF550A0A83338F64B8A633FD95CE561729372D41A03DED3B"
"particle-systems","Smoke_Black","Item/Smoke/Smoke_Black","Server/Particles/Item/Smoke/Smoke_Black.particlesystem","68","01A7F9B8764D933DFF3353E3740887CC08F59A29ACDAA5E675DFB05B7B262389"
"particle-systems","Torch_Fire","Item/Torch/Torch_Fire","Server/Particles/Item/Torch/Torch_Fire.particlesystem","368","6A4EBF1EC6E382CA872ECD190953955E1F8680A60BA010793FD1014FA52C52D7"
"particle-systems","Torch_Fire_Green","Item/Torch/Torch_Fire_Green","Server/Particles/Item/Torch/Torch_Fire_Green.particlesystem","330","B81BE022B11029ACF5E7333DA67983AA048EB7A1CE51B39FE423B4CD722F6AD1"
"particle-systems","Water_Can_Splash","Item/WateringCan/Water_Can_Splash","Server/Particles/Item/WateringCan/Water_Can_Splash.particlesystem","157","EC6482E3709F1EDF07A973F3419800A1AFB6F0AD0E79976438378B97EB4D3496"
"particle-systems","Watering_Can","Item/WateringCan/Watering_Can","Server/Particles/Item/WateringCan/Watering_Can.particlesystem","354","FF870802D1D4C6014AEB4BB13ABB7D8F5B4B2A0FA860D8983666A0865C100A36"
"particle-systems","Willow_Fruit","Item/Willow_Fruit/Willow_Fruit","Server/Particles/Item/Willow_Fruit/Willow_Fruit.particlesystem","252","DCA2C98B33632925EACB3ECBE7120307251AF12E60DB6F1139179646F69C2636"
"particle-systems","ForgottenTemple_Leaves","Memories/ForgottenTemple_Leaves","Server/Particles/Memories/ForgottenTemple_Leaves.particlesystem","240","DE91DA1D75792F73711E7D48E0DD050B4C2F93FB01DDEC175460C5062DE2B616"
"particle-systems","ForgottenTemple_Leaves_Small","Memories/ForgottenTemple_Leaves_Small","Server/Particles/Memories/ForgottenTemple_Leaves_Small.particlesystem","246","CD5C184C13A62DC12FB2CE4200178916B08B8C5F25EBBA7019BB12202474B94B"
"particle-systems","Memory_Catch_Rune","Memories/Memory_Catch_Rune","Server/Particles/Memories/Memory_Catch_Rune.particlesystem","190","AE0935B3376D9951F969B53C1DFF9371A890ED8CE71D957EE402D78BCCF18F77"
"particle-systems","Memory_Projectile_Sparks","Memories/Memory_Projectile_Sparks","Server/Particles/Memories/Memory_Projectile_Sparks.particlesystem","294","240B354CB0FBD1B7E36CBC62CB2AA47E117486A6DC665D0E6806F6B329EAF7CA"
"particle-systems","MemoryRecordedStatue","Memories/MemoryRecordedStatue","Server/Particles/Memories/MemoryRecordedStatue.particlesystem","1379","74140D3DDAA4754E3D7BD1F456FA19233BB59890143A8EC7489D0DE1A3BEBEA7"
"particle-systems","MemoryUnlock","Memories/MemoryUnlock","Server/Particles/Memories/MemoryUnlock.particlesystem","761","807B49386B5F75425E6FB4A73F1539990CE61E41DCE35AA72C9C2A4A121AEF03"
"particle-systems","Bat_Ice","NPC/Bat_Ice","Server/Particles/NPC/Bat_Ice.particlesystem","365","BD384E3E4F27CD64F68B1D0E3C4A4FCA82FCE4D44917734E12D2884258B9FD31"
"particle-systems","Bear_Voidtaken_Charge","NPC/Bear_Voidtaken/Bear_Voidtaken_Charge","Server/Particles/NPC/Bear_Voidtaken/Bear_Voidtaken_Charge.particlesystem","1157","094FAB0A6820276E03C8231EB6A26089DC949D524338AC2E325073F1D9AA73B9"
"particle-systems","Bear_Voidtaken_Cone","NPC/Bear_Voidtaken/Bear_Voidtaken_Cone","Server/Particles/NPC/Bear_Voidtaken/Bear_Voidtaken_Cone.particlesystem","772","8C379B7B21CDA21357392F3EFEA406785CF7CDF7C0137D28D19BAD5879406322"
"particle-systems","Bear_Voidtaken_Cone_Indicator","NPC/Bear_Voidtaken/Bear_Voidtaken_Cone_Indicator","Server/Particles/NPC/Bear_Voidtaken/Bear_Voidtaken_Cone_Indicator.particlesystem","313","580587C5E9A6F80E21047B4C73F19649F8FCD5D56F86E00597D2A61924BDCEBD"
"particle-systems","Bear_Voidtaken_Tentacle_Indicator","NPC/Bear_Voidtaken/Bear_Voidtaken_Tentacle_Indicator","Server/Particles/NPC/Bear_Voidtaken/Bear_Voidtaken_Tentacle_Indicator.particlesystem","357","26CE7B7487B353C95FEDBB13AE189B3545D9AEBA8A1E12D005F259AE6BA8D73A"
"particle-systems","Bear_Voidtaken_Tentacle_Paw","NPC/Bear_Voidtaken/Bear_Voidtaken_Tentacle_Paw","Server/Particles/NPC/Bear_Voidtaken/Bear_Voidtaken_Tentacle_Paw.particlesystem","527","15BE6937FFA3183D083332AAADB47F7CBAAFC0549A75CF57F9EA2E630CE6F3F7"
"particle-systems","Bee_Swarm_Friendly","NPC/Bee_Swarm/Bee_Swarm_Friendly","Server/Particles/NPC/Bee_Swarm/Bee_Swarm_Friendly.particlesystem","474","5C5ECF90BD52BAC406D8520D4EFB237AED6F4CA70046F0970D5BE5A84A4A2605"
"particle-systems","Bee_Swarm_Hostile","NPC/Bee_Swarm/Bee_Swarm_Hostile","Server/Particles/NPC/Bee_Swarm/Bee_Swarm_Hostile.particlesystem","389","3C1DA04922CB714D2927B94FC17145BE08CFA5B1E292DB5AACCEBD846650D2E3"
"particle-systems","Fire_Crest","NPC/Emberwulf/Fire_Crest","Server/Particles/NPC/Emberwulf/Fire_Crest.particlesystem","421","DE0CE0CE604F25528F638FF1D433589D07F3F7E5A7FEB4AF9B803C1AAA89CEB4"
"particle-systems","Alerted","NPC/Emotions/Alerted","Server/Particles/NPC/Emotions/Alerted.particlesystem","171","1B8D1043D44918D3BC5F48A0B778D9EAF1F617B0CA5BD30B78A35D20500B0250"
"particle-systems","Angry","NPC/Emotions/Angry","Server/Particles/NPC/Emotions/Angry.particlesystem","332","8E51D9955130B536D641F190A23AEE8C512FCF0AC55E786CDA34308233160618"
"particle-systems","Hearts","NPC/Emotions/Hearts","Server/Particles/NPC/Emotions/Hearts.particlesystem","198","61F4750E88F67B6AE820BBE30BDEA88D890CF7C1597E5A7DD2C65E8719572F23"
"particle-systems","Hearts_Subtle","NPC/Emotions/Hearts_Subtle","Server/Particles/NPC/Emotions/Hearts_Subtle.particlesystem","187","0D9D6C721D1CA02E68F34F0899B2A228488247AC24C3CDFC5C1797C607CD44EB"
"particle-systems","Hungry","NPC/Emotions/Hungry","Server/Particles/NPC/Emotions/Hungry.particlesystem","205","F5883AD8E718E161B4A6A263E8534D1B81D8202B69F9960E9CEE520E6DD36770"
"particle-systems","Question","NPC/Emotions/Question","Server/Particles/NPC/Emotions/Question.particlesystem","167","9830A9611E852D311C4EEA5EC683DA2709D6FAD7D5B740475977C5F82C3CDD7A"
"particle-systems","Question_Subtle","NPC/Emotions/Question_Subtle","Server/Particles/NPC/Emotions/Question_Subtle.particlesystem","174","6EF9C11D712F38C26B04ABAE235B3308DE8F62ED4634A30CE402E49EF46718F1"
"particle-systems","Sleepy","NPC/Emotions/Sleepy","Server/Particles/NPC/Emotions/Sleepy.particlesystem","169","76E726A1E23CD888CB2106346D0D5C4AD80FF5544327CD08BD5A4764EF0DDD79"
"particle-systems","Stunned","NPC/Emotions/Stunned","Server/Particles/NPC/Emotions/Stunned.particlesystem","871","4A987C80901387E58F2F833E221A72E3BCC1C96073C5E5644C07FB8C801210E8"
"particle-systems","Stunned_Short","NPC/Emotions/Stunned_Short","Server/Particles/NPC/Emotions/Stunned_Short.particlesystem","871","601DFA6CA4246D8BFF9C659A248668400F821AD6B87C38F9BF68550457AE6B55"
"particle-systems","Want_Food_Apple","NPC/Emotions/Want_Food_Apple","Server/Particles/NPC/Emotions/Want_Food_Apple.particlesystem","851","443CF74B55CA9A92B92E42B3F84729B5257A9C18FE2BD2EEC14969EA6730BE63"
"particle-systems","Want_Food_Aubergine","NPC/Emotions/Want_Food_Aubergine","Server/Particles/NPC/Emotions/Want_Food_Aubergine.particlesystem","855","975BEFE22695D9641CC629240F486061597F7775AC004C8B9934FA2E4387A0EB"
"particle-systems","Want_Food_Carrot","NPC/Emotions/Want_Food_Carrot","Server/Particles/NPC/Emotions/Want_Food_Carrot.particlesystem","852","1809868A321FDB512EB216D9B6039AD7CDA44CA6827F80714AD4C7881E79613A"
"particle-systems","Want_Food_Cauliflower","NPC/Emotions/Want_Food_Cauliflower","Server/Particles/NPC/Emotions/Want_Food_Cauliflower.particlesystem","857","8649492A5785CEA278E56B3578454A9AE7C19A036BE66449270DFA249CDB9B81"
"particle-systems","Want_Food_Chilli","NPC/Emotions/Want_Food_Chilli","Server/Particles/NPC/Emotions/Want_Food_Chilli.particlesystem","852","938D098F96A8B11765F2E10C6D2141C01BED93110450B11837EABD19DCED9F7C"
"particle-systems","Want_Food_Corn","NPC/Emotions/Want_Food_Corn","Server/Particles/NPC/Emotions/Want_Food_Corn.particlesystem","880","60E2F93E0F8133DC13EF9CB7539D489DDCDE7ED60F3823A432C9D0E4E1A3E857"
"particle-systems","Want_Food_Cotton","NPC/Emotions/Want_Food_Cotton","Server/Particles/NPC/Emotions/Want_Food_Cotton.particlesystem","852","11B6A77EB272E5619F41F2A5B4B566BD7727067F606BBBDFBD2EEEE9567FB57A"
"particle-systems","Want_Food_Lettuce","NPC/Emotions/Want_Food_Lettuce","Server/Particles/NPC/Emotions/Want_Food_Lettuce.particlesystem","853","1A7BBF9835B09D1E047A3C765628BE216B74863208EEC7B634AD256C51F9981E"
"particle-systems","Want_Food_Onion","NPC/Emotions/Want_Food_Onion","Server/Particles/NPC/Emotions/Want_Food_Onion.particlesystem","851","25D90C4D5CFA1CB4F7683141C07696510B31317986142C67076B24DC863A9B4C"
"particle-systems","Want_Food_Potato","NPC/Emotions/Want_Food_Potato","Server/Particles/NPC/Emotions/Want_Food_Potato.particlesystem","852","CC7E0CD92C6A4BBB28C9329395963406F14E2AD8B7775AE00F752FEC1BD98586"
"particle-systems","Want_Food_Pumpkin","NPC/Emotions/Want_Food_Pumpkin","Server/Particles/NPC/Emotions/Want_Food_Pumpkin.particlesystem","853","2630A8D189267009E10D8D270AEE2EDBC6187E800841D5DBD0AB58172146063C"
"particle-systems","Want_Food_Tomato","NPC/Emotions/Want_Food_Tomato","Server/Particles/NPC/Emotions/Want_Food_Tomato.particlesystem","852","954258C0BB644D21417F8D9BD2943B6694D538DC1B882752D1AA0AD292F51FD6"
"particle-systems","Want_Food_Turnip","NPC/Emotions/Want_Food_Turnip","Server/Particles/NPC/Emotions/Want_Food_Turnip.particlesystem","852","481A3E3D3BA8CB88D41D3DC0451A7E2E2EB88F1F310BFCC020E5720ACF5E1AF0"
"particle-systems","Eye_Void_Eye","NPC/Eye_Void/Eye_Void_Eye","Server/Particles/NPC/Eye_Void/Eye_Void_Eye.particlesystem","477","654A8CAA46C47F5DA05468B0F54A36A86461CB68C1E51460707753F78E20F5B1"
"particle-systems","Eye_Void_Eye_Big","NPC/Eye_Void/Eye_Void_Eye_Big","Server/Particles/NPC/Eye_Void/Eye_Void_Eye_Big.particlesystem","505","0299DD6BA439B7B763C1852B47F1F1F1B6B5B6F2674298A811973512B8E6D61D"
"particle-systems","Eye_Void_Smoke_Green","NPC/Eye_Void/Eye_Void_Smoke_Green","Server/Particles/NPC/Eye_Void/Eye_Void_Smoke_Green.particlesystem","274","BA91BD65625EECB44BFBB6816C9F7720D7C5A217EBBFEA8E638187310ACF2D20"
"particle-systems","Eye_Void_Smoke_Teal","NPC/Eye_Void/Eye_Void_Smoke_Teal","Server/Particles/NPC/Eye_Void/Eye_Void_Smoke_Teal.particlesystem","273","4707D88E935B53313E9EB8E821D9EB53EE570551776AE2FA43CB72293517858F"
"particle-systems","Flies_Poop","NPC/Flies/Flies_Poop","Server/Particles/NPC/Flies/Flies_Poop.particlesystem","263","5DBF28A86E10EDB629214B01A99417CE8966D1502F13CF48138281D4656591E4"
"particle-systems","Flies_Scattered","NPC/Flies/Flies_Scattered","Server/Particles/NPC/Flies/Flies_Scattered.particlesystem","172","B63379FF3D5CCE0A5A58AE53A2B219166EAC34270D00B8C5401E8941BC0E8795"
"particle-systems","Goblin_Feastmaster_Clap","NPC/Goblin/Feastmaster/Goblin_Feastmaster_Clap","Server/Particles/NPC/Goblin/Feastmaster/Goblin_Feastmaster_Clap.particlesystem","902","5D60841DE5212AC7A0769CCC9E765EB386DFD345387B3153EC9500CF397883AB"
"particle-systems","Goblin_Feastmaster_Slam","NPC/Goblin/Feastmaster/Goblin_Feastmaster_Slam","Server/Particles/NPC/Goblin/Feastmaster/Goblin_Feastmaster_Slam.particlesystem","1182","5F5EF9E3B10542B6D8C1F0620F740E881005600F2AABFE91F1331C3B316A86A9"
"particle-systems","Goblin_Feastmaster_Stampede","NPC/Goblin/Feastmaster/Goblin_Feastmaster_Stampede","Server/Particles/NPC/Goblin/Feastmaster/Goblin_Feastmaster_Stampede.particlesystem","556","CEBF972BF57C3274644CD807032819B27CFD536F3066BDC9F6E3CE5F477B803B"
"particle-systems","Goblin_Feastmaster_StampedePrepare","NPC/Goblin/Feastmaster/Goblin_Feastmaster_StampedePrepare","Server/Particles/NPC/Goblin/Feastmaster/Goblin_Feastmaster_StampedePrepare.particlesystem","674","A30D8A5BA786112E718AEA58E7816F83559DC8D98F30621B7941CE35644DEABB"
"particle-systems","Goblin_Torch_Fire","NPC/Goblin/Goblin_Torch_Fire","Server/Particles/NPC/Goblin/Goblin_Torch_Fire.particlesystem","213","0038F93B23BDE302BF9E7A502DBF0B556872BD26BA5FAD77BE7BB1839B96416A"
"particle-systems","Golem_Fire_Glow","NPC/Golem/Golem_Fire_Glow","Server/Particles/NPC/Golem/Golem_Fire_Glow.particlesystem","601","08B1E8081251F4AE08026472586E1C3F8860C71C84797A2B019D15ABA3642D09"
"particle-systems","Golem_Fire_Glow_Arm","NPC/Golem/Golem_Fire_Glow_Arm","Server/Particles/NPC/Golem/Golem_Fire_Glow_Arm.particlesystem","647","132DD67A7C8EC60554050E98DD58E81160EEF60968CE44D8A9DFC72ADE91C94D"
"particle-systems","Golem_Lava_Jaw","NPC/Golem/Golem_Lava_Jaw","Server/Particles/NPC/Golem/Golem_Lava_Jaw.particlesystem","253","D544483DD2A8730DF48372B99266B17B1441DA41FF96DB0A132A6941ADAF88A2"
"particle-systems","Hedera_Scream","NPC/Hedera/Hedera_Scream","Server/Particles/NPC/Hedera/Hedera_Scream.particlesystem","325","89A9F522418856685602C13A70434579B909D357CE4104EBAC38F0B53B9335A5"
"particle-systems","Pipe_Bubbles","NPC/Klops/Pipe_Bubbles","Server/Particles/NPC/Klops/Pipe_Bubbles.particlesystem","153","0C97965491AFAA8C238DE967E55383ABE36454D1215AEFFFEFFA1AA63140D684"
"particle-systems","Sheep_Wool_Shear","NPC/Sheep/Sheep_Wool_Shear","Server/Particles/NPC/Sheep/Sheep_Wool_Shear.particlesystem","266","72123943CBD9C14FDFE6210ADA41C4B463E44E55859E8E9F540EDCA1F7B201B5"
"particle-systems","Praetorian_Summon_Energy","NPC/Skeleton_Burnt_Praetorian/Praetorian_Summon_Energy","Server/Particles/NPC/Skeleton_Burnt_Praetorian/Praetorian_Summon_Energy.particlesystem","182","E64C0A7D3C11285CAC8415B98E0ECA10836E442D342AAEF6E4AC4E787F334839"
"particle-systems","Praetorian_Summon_Ground","NPC/Skeleton_Burnt_Praetorian/Praetorian_Summon_Ground","Server/Particles/NPC/Skeleton_Burnt_Praetorian/Praetorian_Summon_Ground.particlesystem","602","04C221B8E48E9A115EC2443A4F6D231D2BCFBD5625803B233F8FAB05F66F3CC1"
"particle-systems","Praetorian_Summon_Spawn","NPC/Skeleton_Burnt_Praetorian/Praetorian_Summon_Spawn","Server/Particles/NPC/Skeleton_Burnt_Praetorian/Praetorian_Summon_Spawn.particlesystem","554","02B8C6C3570B95C352081FE7C3B8EB32B534B7D159C6CF442131AC7855319119"
"particle-systems","Elite_Heal","NPC/Skeleton_Elite/Elite_Heal","Server/Particles/NPC/Skeleton_Elite/Elite_Heal.particlesystem","126","541F3BE5FBBDB7807650B9E6B9631BF0895D8193A2813F480728B7F72D240E1E"
"particle-systems","Spirit_Fire_Jaw","NPC/Spirit_Fire/Spirit_Fire_Jaw","Server/Particles/NPC/Spirit_Fire/Spirit_Fire_Jaw.particlesystem","254","7E0223E755AB69F79CB4906BB443953D7F294381615C75EF00E90F887CB85FD8"
"particle-systems","Wind_Spirit_Hand","NPC/Spirit_Wind/Wind_Spirit_Hand","Server/Particles/NPC/Spirit_Wind/Wind_Spirit_Hand.particlesystem","545","DA077893A57C82EC65C4472948B0FCEF047131F2E9CE9371F1442B617D731F54"
"particle-systems","Wind_Spirit_Tail","NPC/Spirit_Wind/Wind_Spirit_Tail","Server/Particles/NPC/Spirit_Wind/Wind_Spirit_Tail.particlesystem","501","902A4464BD5A81446B3EB8571E3676B4A503C7C1AB1745A83DE6A75771B53620"
"particle-systems","Wind_Spirit_Tentacle","NPC/Spirit_Wind/Wind_Spirit_Tentacle","Server/Particles/NPC/Spirit_Wind/Wind_Spirit_Tentacle.particlesystem","74","0462D69E767AB7E902DAAAD159564BC52ED05B851B549B05A882960DCA2F54B7"
"particle-systems","Undead_Digging","NPC/Undead_Digging/Undead_Digging","Server/Particles/NPC/Undead_Digging/Undead_Digging.particlesystem","855","0CA4933D13757B500C6CF7D04D12446FB23E8A769003A116271FF98C1DA403A2"
"particle-systems","Void_Dragon_Effects","NPC/Void_Dragon/Void_Dragon_Effects","Server/Particles/NPC/Void_Dragon/Void_Dragon_Effects.particlesystem","291","46BC20FB4255AF6871096E4113B1DBC0DEB74589694816C90BCE487469C19213"
"particle-systems","Void_Spectre_Arms","NPC/Void_Spectre/Void_Spectre_Arms","Server/Particles/NPC/Void_Spectre/Void_Spectre_Arms.particlesystem","464","3F8A82433C8C877C7680302A56AD88D50EEC6660FA5C0894BA85D6B7FD8D8914"
"particle-systems","Void_Spectre_Body","NPC/Void_Spectre/Void_Spectre_Body","Server/Particles/NPC/Void_Spectre/Void_Spectre_Body.particlesystem","245","7CFE07B5CCA522B9748505D727E6580DAD750A15DBCB2318CB6810906F275812"
"particle-systems","Void_Spectre_Hands","NPC/Void_Spectre/Void_Spectre_Hands","Server/Particles/NPC/Void_Spectre/Void_Spectre_Hands.particlesystem","240","0A864B58C7E4CEF719B02F75ECAAF8FB474DD875950883F1E8313C1031608AED"
"particle-systems","Void_Spectre_Head","NPC/Void_Spectre/Void_Spectre_Head","Server/Particles/NPC/Void_Spectre/Void_Spectre_Head.particlesystem","167","E45B04D70CE1A6A9A63061E695F39B72B5829FEF8A89338ED015522928405FD8"
"particle-systems","Void_Spectre_Tail","NPC/Void_Spectre/Void_Spectre_Tail","Server/Particles/NPC/Void_Spectre/Void_Spectre_Tail.particlesystem","77","B63C3D230D9CD8D97BCC7921CFEB24F8367493809120017119CD043AFB019B0B"
"particle-systems","Status_Poisoned","Projectile/Acid/Status_Poisoned","Server/Particles/Projectile/Acid/Status_Poisoned.particlesystem","420","6AD35942663190201837886F249BB589A20DC5BEFA5220A911D2B168AA7D3C33"
"particle-systems","IceBoulderTrail","Projectile/Ice_Boulder/IceBoulderTrail","Server/Particles/Projectile/Ice_Boulder/IceBoulderTrail.particlesystem","432","36834D97C869C9AF4AB3972A573DCB994CF36F7347D9AC601C5C77DD4E63A5DC"
"particle-systems","IceBall","Projectile/Iceball/IceBall","Server/Particles/Projectile/Iceball/IceBall.particlesystem","297","014F38933067618B06F1291C41B7A5537034169E80D124EA2A69115EEEE55D13"
"particle-systems","IceBall_Explosion","Projectile/Iceball/IceBall_Explosion","Server/Particles/Projectile/Iceball/IceBall_Explosion.particlesystem","1382","3C6121E84144DDEA87FC67F64C8A96FBD43E3BE11A037D0AA11595E0222B5F7A"
"particle-systems","Shot","Projectile/Shot/Shot","Server/Particles/Projectile/Shot/Shot.particlesystem","61","90F9377CADD007B841079F028BC8591DF7395B109C9B9642F4A8A81C7B79DCE3"
"particle-systems","Falling_Stalactite_Hit","Projectile/Stalactite/Falling_Stalactite_Hit","Server/Particles/Projectile/Stalactite/Falling_Stalactite_Hit.particlesystem","655","BE395394967C5D98FD99A9BC81BC651FB787D8C7551FA2227B1C7408D156DA6B"
"particle-systems","Azure_Spiral","Spell/Azure_Spiral/Azure_Spiral","Server/Particles/Spell/Azure_Spiral/Azure_Spiral.particlesystem","69","2029193D5731DEF977EAEA2605B68C62C7058530C6AA43B6050DE0C566D2B04C"
"particle-systems","Beam_Lightning2","Spell/Beam/Beam_Lightning2","Server/Particles/Spell/Beam/Beam_Lightning2.particlesystem","72","A7CFD9A299892C7D7796A7C3343099B4EAC2A5A01E1669E2E789EA99693AB877"
"particle-systems","Blue_Beam","Spell/BlueBeam/Blue_Beam","Server/Particles/Spell/BlueBeam/Blue_Beam.particlesystem","316","FD4EDB73CD3F1E968E4EA363A7A5C16EAD31D35096E3A62CE6711656FAEC2A9C"
"particle-systems","E_Sphere_Old","Spell/E_Sphere_Old/E_Sphere_Old","Server/Particles/Spell/E_Sphere_Old/E_Sphere_Old.particlesystem","69","F337C9A88A565613D5DF1A02B54088C4491FFEF01E1C86C0F9C282657D25FD8E"
"particle-systems","Extra_Time","Spell/Extra_Time","Server/Particles/Spell/Extra_Time.particlesystem","322","230D325115ED6FC0131CFF2BA8B099C3FB24B4CD96A92ABB4DBA1756038110C0"
"particle-systems","Firework_GS","Spell/Fireworks/Firework_GS","Server/Particles/Spell/Fireworks/Firework_GS.particlesystem","286","A0A7CBD9D4B1601082014E99DA6FD8CBF3667D1E4FFA32280A558D2914FBD8E9"
"particle-systems","Firework_Mix2","Spell/Fireworks/Firework_Mix2","Server/Particles/Spell/Fireworks/Firework_Mix2.particlesystem","2312","2886B540B2D35D2218481BEB47B7D9299D62DD70B3E7AEFA32E383A05897E901"
"particle-systems","Firework_Mix3","Spell/Fireworks/Firework_Mix3","Server/Particles/Spell/Fireworks/Firework_Mix3.particlesystem","736","8847B917B5B1B41E8E6895263219669F50E3709F053854556FD92B9391C668C9"
"particle-systems","Firework_Mix4","Spell/Fireworks/Firework_Mix4","Server/Particles/Spell/Fireworks/Firework_Mix4.particlesystem","967","F8F87CFB3C5DE6B962D312754B758C30366DAD604D2D4373ED54F6C6C771895D"
"particle-systems","Flying_Orb","Spell/Flying_Orb","Server/Particles/Spell/Flying_Orb.particlesystem","371","9054648FE2678F08631AD7FECCE17E5745D618849B4E0C582A26429A6FDC084A"
"particle-systems","GreenOrb","Spell/GreenOrb/GreenOrb","Server/Particles/Spell/GreenOrb/GreenOrb.particlesystem","85","4DBC30E869CE0A18F523BB9E7CD3AFF93EA43815FE68156B227BA9D632C5CD7A"
"particle-systems","GreenOrbImpact","Spell/GreenOrb/GreenOrbImpact","Server/Particles/Spell/GreenOrb/GreenOrbImpact.particlesystem","203","D73508415CC2B0F87B16D8A6C02C1F9AB7E5E3B89892911DF8687527967BB901"
"particle-systems","GreenOrbTrail","Spell/GreenOrb/GreenOrbTrail","Server/Particles/Spell/GreenOrb/GreenOrbTrail.particlesystem","311","4DF13F3E28F2BE05791FE5633515690B97AD9A09272F8BA68BD7CF3EA61E868D"
"particle-systems","Ice_Blast","Spell/Ice_Blast/Ice_Blast","Server/Particles/Spell/Ice_Blast/Ice_Blast.particlesystem","797","6C64A55671E9735260052B711785DE8FCDBA1971509863DB87E864F3655CE3D4"
"particle-systems","Lightning","Spell/Lightning/Lightning","Server/Particles/Spell/Lightning/Lightning.particlesystem","686","23C5BBE82257A28D81537B875EB7926D9521E308276B447B03D1289D2CDCB9D6"
"particle-systems","Magic_Hit","Spell/MagicBlast/Magic_Hit","Server/Particles/Spell/MagicBlast/Magic_Hit.particlesystem","976","08421C54F3AA81573739C4A8775B85F31423820638B61ECC9F0EFDA7150FA88F"
"particle-systems","GoblinBreach_Passive","Spell/Portal/GoblinBreach_Passive","Server/Particles/Spell/Portal/GoblinBreach_Passive.particlesystem","617","3402DC17E30C6908441AAB428DB84F76C5C8E66DAA54F56861BB20F0551964EE"
"particle-systems","GoblinBreach_Portal","Spell/Portal/GoblinBreach_Portal","Server/Particles/Spell/Portal/GoblinBreach_Portal.particlesystem","8064","410F64C6F8B787A1B9CDC109730948C01967DCFF37CC9FF759C5CAEA95368E3F"
"particle-systems","GoblinBreach_Portal_Active","Spell/Portal/GoblinBreach_Portal_Active","Server/Particles/Spell/Portal/GoblinBreach_Portal_Active.particlesystem","708","EA2D75EBCE7FAE6033BE403382FACDD14F877D527F56F89356692C6A6B3591C3"
"particle-systems","MagicPortal","Spell/Portal/MagicPortal","Server/Particles/Spell/Portal/MagicPortal.particlesystem","902","DAFB3342071BA1007275457B249773DD0D6B3176AB9A0B20E1326011AB4A9281"
"particle-systems","MagicPortal_Default","Spell/Portal/MagicPortal_Default","Server/Particles/Spell/Portal/MagicPortal_Default.particlesystem","1026","FCD192E28AEAFB10D522D6DD805FE03F66DA81892F83BF168C4EB9987814713F"
"particle-systems","MagicPortal_Fire","Spell/Portal/MagicPortal_Fire","Server/Particles/Spell/Portal/MagicPortal_Fire.particlesystem","1096","00A40FF3A741DF16F1365A2D952C78E6C8C3DC0E0867E9BC2318D96F2BC4E259"
"particle-systems","MagicPortal_Flat","Spell/Portal/MagicPortal_Flat","Server/Particles/Spell/Portal/MagicPortal_Flat.particlesystem","1023","C7CA7B01F1DB5E0B81E59495B1E95831DA33A13FE1F9B8533E3755461CF4F1C2"
"particle-systems","MagicPortal_ForgottenTemple","Spell/Portal/MagicPortal_ForgottenTemple","Server/Particles/Spell/Portal/MagicPortal_ForgottenTemple.particlesystem","1354","E8C43601DA4510A083EBF877E9C81DEB5570EDF9A74C69A7FDBF1DC4B80CD683"
"particle-systems","MagicPortal_GS","Spell/Portal/MagicPortal_GS","Server/Particles/Spell/Portal/MagicPortal_GS.particlesystem","931","943DACAECFD9EFFC235DBB21DFCD01A8B34E4C7CC2C946FD9C190690E144EFC2"
"particle-systems","MagicPortal_Stones","Spell/Portal/MagicPortal_Stones","Server/Particles/Spell/Portal/MagicPortal_Stones.particlesystem","417","765E530885A4E435312222DD0BC7999E065E61183556C46771B5ADBBD2ADD356"
"particle-systems","MagicPortal_Taiga","Spell/Portal/MagicPortal_Taiga","Server/Particles/Spell/Portal/MagicPortal_Taiga.particlesystem","1024","AEB5614811AF76A72C1984E69677342520B215ADAF1C7F266F7E46AF96184B2B"
"particle-systems","MagicPortal_VoidKeyArt","Spell/Portal/MagicPortal_VoidKeyArt","Server/Particles/Spell/Portal/MagicPortal_VoidKeyArt.particlesystem","1198","3B967E3160E44476886C2D72914DF85D5AF2C95078929F4524F96BD247C0DDAA"
"particle-systems","PlayerSpawn_Portal","Spell/Portal/PlayerSpawn_Portal","Server/Particles/Spell/Portal/PlayerSpawn_Portal.particlesystem","967","443CFF739B47ACB55E82F6B18399CFAE69F4340D2AD9E7E6EE5A72EAEFC58EFC"
"particle-systems","PlayerSpawn_Spawn","Spell/Portal/PlayerSpawn_Spawn","Server/Particles/Spell/Portal/PlayerSpawn_Spawn.particlesystem","1835","784C6F63F52744088047A8BD86AA99918ACF745A2DC5CD6BBF2E90DB96564B76"
"particle-systems","Portal_Going_Through_Blue","Spell/Portal/Portal_Going_Through_Blue","Server/Particles/Spell/Portal/Portal_Going_Through_Blue.particlesystem","1191","7DD7C82F74E0994EFB8392BF2597100A0893172D4E64D34AF57E88FD316354DA"
"particle-systems","Portal_Purple","Spell/Portal/Portal_Purple","Server/Particles/Spell/Portal/Portal_Purple.particlesystem","780","444557CAD6F48177286609C96D29973804D8E2363CF084E4C7B60C6438CC2B34"
"particle-systems","Portal_Round_Blue","Spell/Portal/Portal_Round_Blue","Server/Particles/Spell/Portal/Portal_Round_Blue.particlesystem","942","8FB1A8B0201136BCA35A71332B772C6EE8EBEDDB169138F262553B9D6120C831"
"particle-systems","Portal_Round_Blue2","Spell/Portal/Portal_Round_Blue2","Server/Particles/Spell/Portal/Portal_Round_Blue2.particlesystem","1343","EA3E20F59DE182C62075CE3FC6F99A9D16CAB74BF4AE47513C9EBA5F27B89C95"
"particle-systems","Portal_Round_Zone2Dungeon","Spell/Portal/Portal_Round_Zone2Dungeon","Server/Particles/Spell/Portal/Portal_Round_Zone2Dungeon.particlesystem","1108","EEEEA19D4B84DC73FD2FDD34115D49837748CF5362C5F6B81996312EEFEE790F"
"particle-systems","Portal_Square_Blue","Spell/Portal/Portal_Square_Blue","Server/Particles/Spell/Portal/Portal_Square_Blue.particlesystem","1802","D1CF126F9E309A73EABC355F076E40AF2D8485F28BB65B9870557E51FE11BAA0"
"particle-systems","Portal_Square_Blue_Fit","Spell/Portal/Portal_Square_Blue_Fit","Server/Particles/Spell/Portal/Portal_Square_Blue_Fit.particlesystem","1306","092327AC27047350EEA6E8C1ADECD52A53005138F0E24768499DB7C76ADDCECD"
"particle-systems","Portal_Zone2Dungeon_Billboard","Spell/Portal/Portal_Zone2Dungeon_Billboard","Server/Particles/Spell/Portal/Portal_Zone2Dungeon_Billboard.particlesystem","971","7F80B2D767F10340AB48DD46102F567E94B19ADAD1DEB3B361D8D63E377F7059"
"particle-systems","Rings_Rings","Spell/Rings/Rings_Rings","Server/Particles/Spell/Rings/Rings_Rings.particlesystem","68","ECC7FA6F633935537375EEA65B0AF6FD00EFE05599B72BF61075FD9F793A591C"
"particle-systems","Rings_Rings_Ice","Spell/Rings/Rings_Rings_Ice","Server/Particles/Spell/Rings/Rings_Rings_Ice.particlesystem","72","C5BC2BAD6C7F49EB3CAFE0828AA0EA31546D8916B45EA3F24A6EAE2230273A67"
"particle-systems","Teleport","Spell/Teleport/Teleport","Server/Particles/Spell/Teleport/Teleport.particlesystem","477","BF395E30C2E80EE9EB72F3FAA1A97F2D5947185FDB87EB43B518EB6E28DF01A4"
"particle-systems","Teleport_Infinite","Spell/Teleport/Teleport_Infinite","Server/Particles/Spell/Teleport/Teleport_Infinite.particlesystem","164","4166814D68D88B8C7E52B2082CED6556FAEEA648CB77FEDE390DD4254BFBB594"
"particle-systems","Effect_Crown_Gold","Status_Effect/Crown_Gold/Effect_Crown_Gold","Server/Particles/Status_Effect/Crown_Gold/Effect_Crown_Gold.particlesystem","1559","569CD0B14976D7CE87FAACCE6D1A30D0E6E4AA80F8BA56BFBA11C973D16F7091"
"particle-systems","Effect_Death","Status_Effect/Death/Effect_Death","Server/Particles/Status_Effect/Death/Effect_Death.particlesystem","321","0287AC15E02D2FAF181B39C1538438A6A644D68FE3B51A40BF8B4EB48308FDA7"
"particle-systems","Effect_Death_Bones","Status_Effect/Death/Effect_Death_Bones","Server/Particles/Status_Effect/Death/Effect_Death_Bones.particlesystem","467","713DAB653A4BCF9DAC27597AFD51868FBA25A13ED98770CE07285BF2D7914498"
"particle-systems","Effect_Death_Feathers","Status_Effect/Death/Effect_Death_Feathers","Server/Particles/Status_Effect/Death/Effect_Death_Feathers.particlesystem","398","58C1EC9ABF530E1BC7DC5B1B894B15B75FE1D7669BAC4023A26164DBC44589EC"
"particle-systems","Effect_Death_Flames","Status_Effect/Death/Effect_Death_Flames","Server/Particles/Status_Effect/Death/Effect_Death_Flames.particlesystem","679","57E2B262107657B6F7373C971EF16F00BC85C874D6A6D743F6F44A300E5651CF"
"particle-systems","Effect_Death_Medium","Status_Effect/Death/Effect_Death_Medium","Server/Particles/Status_Effect/Death/Effect_Death_Medium.particlesystem","506","F1483143FD3F477D909158C4C332C843F877277BDF9685F5AF090A8EADC276AE"
"particle-systems","Effect_Death_Void","Status_Effect/Death/Effect_Death_Void","Server/Particles/Status_Effect/Death/Effect_Death_Void.particlesystem","684","2FDBAADCD93DA8CDA9F31294F59E56E10197517D5CFF1DEC28B54BD0E61E214A"
"particle-systems","Effect_Fire","Status_Effect/Fire/Effect_Fire","Server/Particles/Status_Effect/Fire/Effect_Fire.particlesystem","1195","9558DA074BFDE3EC2AA2F7B4FCF4EEF185498B951B47B8B69167C98188DF0151"
"particle-systems","Aura_Heal","Status_Effect/Heal/Aura_Heal","Server/Particles/Status_Effect/Heal/Aura_Heal.particlesystem","148","784507C4D4B9CF5D4FD6EC8EAF75DEF151F5309844D5C14EE5417FA728C61CBF"
"particle-systems","Aura_Sphere","Status_Effect/Heal/Aura_Sphere","Server/Particles/Status_Effect/Heal/Aura_Sphere.particlesystem","147","8DE2D1CED36620AB14DF5A68E6EF943CC21C4A81E3134ECCB9A74C206316B6CA"
"particle-systems","Effect_Heal","Status_Effect/Heal/Effect_Heal","Server/Particles/Status_Effect/Heal/Effect_Heal.particlesystem","270","62E97A70EA333201CF41A54FBCD17150B3D3EB9E8F81A176FEA91F8E72ABDD15"
"particle-systems","Effect_Health_Pack","Status_Effect/Heal/Effect_Health_Pack","Server/Particles/Status_Effect/Heal/Effect_Health_Pack.particlesystem","292","767F06827DF0304CA259B04237A5BDE4AE97726A91943B229C22544293F15430"
"particle-systems","Effect_Poison","Status_Effect/Poison/Effect_Poison","Server/Particles/Status_Effect/Poison/Effect_Poison.particlesystem","1150","A70C934E94DEE30FE72ECF8E94E97121D59579D19B2FF551C964EEE46C42C7ED"
"particle-systems","Potion_Health_Heal","Status_Effect/Potion_Health/Potion_Health_Heal","Server/Particles/Status_Effect/Potion_Health/Potion_Health_Heal.particlesystem","259","221085E3596CF51E7E677432F53769F8D7F47D36ADF4FFCC07463EC29C09026D"
"particle-systems","Potion_Health_Implosion","Status_Effect/Potion_Health/Potion_Health_Implosion","Server/Particles/Status_Effect/Potion_Health/Potion_Health_Implosion.particlesystem","263","8B5187DF8D43A8CFE1A4ADD2698E90F93C8D2661E60DFE3E9F5CAC882EA92138"
"particle-systems","Potion_Morph_Burst","Status_Effect/Potion_Morph/Potion_Morph_Burst","Server/Particles/Status_Effect/Potion_Morph/Potion_Morph_Burst.particlesystem","206","A5857DF7CC73ADA4B07A03E8B397735193A4D383F075A98F22A5895A62B9E821"
"particle-systems","Potion_Signature_Burst","Status_Effect/Potion_Signature/Potion_Signature_Burst","Server/Particles/Status_Effect/Potion_Signature/Potion_Signature_Burst.particlesystem","153","68BA1D34909D9954B93F5CF90803BE2417D9946EBA2E7EAE3858556BF83E00F6"
"particle-systems","Potion_Stamina_Burst","Status_Effect/Potion_Stamina/Potion_Stamina_Burst","Server/Particles/Status_Effect/Potion_Stamina/Potion_Stamina_Burst.particlesystem","154","FC451AE909BB23919B97E66F7B3DB0473D717352C9B46BC26E329263DEF06D2D"
"particle-systems","E_Sphere","Status_Effect/Shield/E_Sphere","Server/Particles/Status_Effect/Shield/E_Sphere.particlesystem","65","E5277A9D61388FE6D52E25341C32AB99BD41C909B4E51A67B9BC6F6ACAA2139A"
"particle-systems","Effect_Snow","Status_Effect/Snow/Effect_Snow","Server/Particles/Status_Effect/Snow/Effect_Snow.particlesystem","269","D93FCB24F29AC9F384A450E9FBA932C90A9C2411EF9D26AE9E8AD6984411D286"
"particle-systems","Effect_Snow_Impact","Status_Effect/Snow/Effect_Snow_Impact","Server/Particles/Status_Effect/Snow/Effect_Snow_Impact.particlesystem","685","C89722EF3FC49BABB5B98875B6DE1D1D20A98C7AE91C187420627C7CFAEA306E"
"particle-systems","Bow_Charging","Weapon/Bow/Bow_Charging","Server/Particles/Weapon/Bow/Bow_Charging.particlesystem","658","12C1F25699CB0DBEDBD83EA7A6C61CA8283CC70DC6738ABA4B0865FE5BB1341A"
"particle-systems","Bow_Signature_Charge","Weapon/Bow/Bow_Signature_Charge","Server/Particles/Weapon/Bow/Bow_Signature_Charge.particlesystem","406","76C23916DDBFBB6AB7830500D6B50DB009BD4EDD7259AB4F948CDBD344C71A24"
"particle-systems","Bow_Signature_Launch","Weapon/Bow/Bow_Signature_Launch","Server/Particles/Weapon/Bow/Bow_Signature_Launch.particlesystem","324","0EC03960813E5E5D53A0B2C3B2E8B6A8F571E9F6B487D13E96C2E23F8434DC4D"
"particle-systems","Bow_Signature_Projectile_Sparks","Weapon/Bow/Bow_Signature_Projectile_Sparks","Server/Particles/Weapon/Bow/Bow_Signature_Projectile_Sparks.particlesystem","108","1F3AD3ADF77C01D81F40D8C02E587F03A0F0F73D6ED61775D9A1289F3B2508AC"
"particle-systems","Fire_Staff_Activation","Weapon/Fire_Staff/Fire_Staff_Activation","Server/Particles/Weapon/Fire_Staff/Fire_Staff_Activation.particlesystem","360","31471D7CD79D69053BB9BB14C0FEA32F20CFFC6615722E6AC832BC81A9AF3FEC"
"particle-systems","Laser_Impact","Weapon/LaserRifle/Laser_Impact","Server/Particles/Weapon/LaserRifle/Laser_Impact.particlesystem","299","2D99FA62D903DBD6CA9D767D40EDF9564ED593BBE514615D8150DB21A291010D"
"particle-systems","Lightning_Sword","Weapon/Lightning_Sword/Lightning_Sword","Server/Particles/Weapon/Lightning_Sword/Lightning_Sword.particlesystem","340","3803C2E6252F3D298F4D6DAEC4867D257AA53ABBB2C66EF3F1E0821270CF37EA"
"particle-systems","Longsword","Weapon/Longsword/Longsword","Server/Particles/Weapon/Longsword/Longsword.particlesystem","66","004176634CD17CD82B733B3076C30C57D1F448ECFAC09081FFECCDAA27E57734"
"particle-systems","Musket","Weapon/Musket/Musket","Server/Particles/Weapon/Musket/Musket.particlesystem","436","F14A7989BEDC89BA182216B6D36416A4650460BC8F63FC534E6C4CAB58F1470A"
"particle-systems","Shotgun","Weapon/Musket/Shotgun","Server/Particles/Weapon/Musket/Shotgun.particlesystem","524","4C47F19615BC7B770024EF280F19E1EEF9A9D8447FA019441A770DFC53BB079D"
"particle-systems","RifleShooting","Weapon/Rifle/RifleShooting","Server/Particles/Weapon/Rifle/RifleShooting.particlesystem","1012","EF0A6E103838EAC98A2C9C6958EC005993C009B8544680F7103C78F656902E58"
"particle-systems","RifleShooting_Impact","Weapon/Rifle/RifleShooting_Impact","Server/Particles/Weapon/Rifle/RifleShooting_Impact.particlesystem","438","F89F08B8BBC802DA6ABA6A4761DFF4FBD9A7E1F89A4060A476F8DB399DC2B332"
"particle-systems","Spear","Weapon/Spear/Spear","Server/Particles/Weapon/Spear/Spear.particlesystem","62","15C9781AC3B0A8747DE42D1338716BBB7EA001FF55909CC6FE087B87583A4449"
"particle-systems","Ice_Staff","Weapon/Staff/Ice_Staff","Server/Particles/Weapon/Staff/Ice_Staff.particlesystem","298","F4BA91479B091808EFBE3780BB1A4F47F4AD34F87FBB1B50A665C92DC622175C"
"particle-systems","Ice_Staff_Charging","Weapon/Staff/Ice_Staff_Charging","Server/Particles/Weapon/Staff/Ice_Staff_Charging.particlesystem","296","10F345F46E3DECB03443535DF424226040725F1246599D75290744E0F5A859D5"
"particle-systems","Staff_Bronze","Weapon/Staff/Staff_Bronze","Server/Particles/Weapon/Staff/Staff_Bronze.particlesystem","387","EC95128F273DB95B503147A8548DE3CC087A5397C11609C7012FD2AEAD72C50B"
"particle-systems","Staff_Wood_Skeleton","Weapon/Staff/Staff_Wood_Skeleton","Server/Particles/Weapon/Staff/Staff_Wood_Skeleton.particlesystem","494","C7EF7FBC3B5F44ABD2D8FEE7E40D7FBA04496A34B76BD67DF2E5938E3D5F4E15"
"particle-systems","FireSword","Weapon/Sword/FireSword","Server/Particles/Weapon/Sword/FireSword.particlesystem","420","30B4DF3E8E128ED0EF2E335EC3D6BC74952622D70C45D8E5DE1C23EA5F04610D"
"particle-systems","Sword_Charge","Weapon/Sword/Sword_Charge","Server/Particles/Weapon/Sword/Sword_Charge.particlesystem","69","95DC7548D0519A90168FD7BB3B501BF4F724116BB0B9DB3755E68C67B055CE25"
"particle-systems","Sword_Charge2","Weapon/Sword/Sword_Charge2","Server/Particles/Weapon/Sword/Sword_Charge2.particlesystem","70","28EBD1ACE144C8A2A5E3D76D90645ACE470AB98074B0C9723020DAB0622EB15C"
"particle-systems","Sword_Charge3","Weapon/Sword/Sword_Charge3","Server/Particles/Weapon/Sword/Sword_Charge3.particlesystem","70","5E327B61670E4337F6F551A1E2D391DDD3736BD9F843405DDC9350A9EB820F37"
"particle-systems","Weapon_Frost_Mist","Weapon/Sword/Weapon_Frost_Mist","Server/Particles/Weapon/Sword/Weapon_Frost_Mist.particlesystem","373","D8668A5743DF348C48051D651972824BEDEE66A4393DEE35D990249C6B85DE92"
"particle-systems","Wood_Wand","Weapon/Wand/Wood_Wand","Server/Particles/Weapon/Wand/Wood_Wand.particlesystem","380","89F6579A945C6AB26C26C78B2646633BFA34111C4A8D5E3D08D7C5144F564620"
"particle-systems","Ash","Weather/Ash/Ash","Server/Particles/Weather/Ash/Ash.particlesystem","61","C4FECE5109FF86B0B52C0D1C5E8E12F4C44EDF51B131223BBB2911AD58576B97"
"particle-systems","Ash_Storm","Weather/Ash/Ash_Storm","Server/Particles/Weather/Ash/Ash_Storm.particlesystem","251","A6F390DC5FF5D9486F61EA1B75164ECE40E434E6A956119D247C0E3666D0B069"
"particle-systems","Azurewood_Weather","Weather/Azure/Azurewood_Weather","Server/Particles/Weather/Azure/Azurewood_Weather.particlesystem","253","C112A7B2E3CAFC0443B49A44B07AA036F85D0A49EE183B16A4C452323F8898D6"
"particle-systems","Butterflies_GS","Weather/Butterfly/Butterflies_GS","Server/Particles/Weather/Butterfly/Butterflies_GS.particlesystem","208","67775D5289B1E5227F519B0A19EF173B9DFF07ED72F31382FA3B890748618B94"
"particle-systems","Dust_Cave_Flies","Weather/Dust_Sparkles/Dust_Cave_Flies","Server/Particles/Weather/Dust_Sparkles/Dust_Cave_Flies.particlesystem","394","83533BEC8DC7BD9D97289A4591CBD299A46A2270B35995ED112707048C361DEB"
"particle-systems","Dust_Sparkles","Weather/Dust_Sparkles/Dust_Sparkles","Server/Particles/Weather/Dust_Sparkles/Dust_Sparkles.particlesystem","331","AD7933DD5B3AAEBB471B6C6AA0657D3237BF26DEC4AB743031BA8F6C2F59AAB4"
"particle-systems","Dust_Sparkles_Light","Weather/Dust_Sparkles/Dust_Sparkles_Light","Server/Particles/Weather/Dust_Sparkles/Dust_Sparkles_Light.particlesystem","351","569B6C79AD3365FEB8465336023E03699C0BA4C9B3E5EA8B402DEBA3CF614ACF"
"particle-systems","Fireflies_GS","Weather/Firefly/Fireflies_GS","Server/Particles/Weather/Firefly/Fireflies_GS.particlesystem","266","4D73F9D79477394921E4FF9699B3496FB4B323C82E7A1AF442B155AC9F992DE7"
"particle-systems","Burning_Wasteland","Weather/Firelands/Burning_Wasteland","Server/Particles/Weather/Firelands/Burning_Wasteland.particlesystem","193","FC4346610010D26B10CE6C2B7537E12D9AC610E3E5FA691F9AC5F777B6A7CA49"
"particle-systems","Embers","Weather/Firelands/Embers","Server/Particles/Weather/Firelands/Embers.particlesystem","114","A10FC4B668B3535201C428703DA354571197B2EE9196C544EAB47FDEFDEDBA0A"
"particle-systems","Fog","Weather/Fog/Fog","Server/Particles/Weather/Fog/Fog.particlesystem","112","6F2DE36B5778B60740F2057A148988C9654ACE894A9A1762857C261D598DA19D"
"particle-systems","ForgottenTemple_CenterWind","Weather/ForgottenTemple_CenterWind","Server/Particles/Weather/ForgottenTemple_CenterWind.particlesystem","220","C6B83E8D6137ACA54E4DCAADAC2A8281693C00DF2B40A56E6B095C598261237F"
"particle-systems","ForgottenTemple_Circle","Weather/ForgottenTemple_Circle","Server/Particles/Weather/ForgottenTemple_Circle.particlesystem","200","AC80281DD2E39E2720F7420CFE3844BC3E076C8AF05858FDE91D1B1A7EDFA7FA"
"particle-systems","ForgottenTemple_Island_Spark","Weather/ForgottenTemple_Island_Spark","Server/Particles/Weather/ForgottenTemple_Island_Spark.particlesystem","206","08D65A7653F786F788F6C1408F2CD863D357084CED647B13393F77E866B65C41"
"particle-systems","ForgottenTemple_RoofSparks","Weather/ForgottenTemple_RoofSparks","Server/Particles/Weather/ForgottenTemple_RoofSparks.particlesystem","134","1ECAD78B648A3D163CC9DABD1692AE7D3C3F3B82EF82D3A6A323565AEF8F01F4"
"particle-systems","ForgottenTemple_Spark_Spiral","Weather/ForgottenTemple_Spark_Spiral","Server/Particles/Weather/ForgottenTemple_Spark_Spiral.particlesystem","203","1084FCA3A187B8A69C2F9935A2ADA94BEFD64BAC07B7BF94A69A24470282FFFD"
"particle-systems","Geyzer","Weather/Geyzer/Geyzer","Server/Particles/Weather/Geyzer/Geyzer.particlesystem","1484","E7E5B46C6A8F732122A9F30FCD4EE1FE88335ED1272DCE2FDA6A379D3795F335"
"particle-systems","Geyzer_Timed","Weather/Geyzer/Geyzer_Timed","Server/Particles/Weather/Geyzer/Geyzer_Timed.particlesystem","1011","A57A301652C23CD6B0A9BC98E9EB097EFCAD4020C17843A57FE93F5DC74A1588"
"particle-systems","Magic_Sparks_Temple_GS","Weather/Instances/Forgotten_Temple/Magic_Sparks_Temple_GS","Server/Particles/Weather/Instances/Forgotten_Temple/Magic_Sparks_Temple_GS.particlesystem","200","1AD942AEEC222977F1E3757EB369687DB41AE57FFFF3BDA0F754920C25D48912"
"particle-systems","Leaves_Autumn_Forest_Wind","Weather/Leaves/Leaves_Autumn_Forest_Wind","Server/Particles/Weather/Leaves/Leaves_Autumn_Forest_Wind.particlesystem","196","A4BAA2D65AD009875801FACB3E71E8221B27E147472B9FE09395D09AFF751ECB"
"particle-systems","Leaves_Oak_Wind","Weather/Leaves/Leaves_Oak_Wind","Server/Particles/Weather/Leaves/Leaves_Oak_Wind.particlesystem","186","63E1D7B5C737361826CD95016665FCAF86CF99DECA9C798A81FBFAEEBE6A8EF2"
"particle-systems","Magic_Sparks_GS","Weather/Magic_Sparks/Magic_Sparks_GS","Server/Particles/Weather/Magic_Sparks/Magic_Sparks_GS.particlesystem","180","45117ACC9C7483C98FD694D4EE82835659A27306110B8577E54F7B315BCBA963"
"particle-systems","Magic_Sparks_Heavy_GS","Weather/Magic_Sparks/Magic_Sparks_Heavy_GS","Server/Particles/Weather/Magic_Sparks/Magic_Sparks_Heavy_GS.particlesystem","186","9F61C1B60BBC68EDF51E02A4A71E2032AE203E7E5BFEE4F4C856DD5F7BA45415"
"particle-systems","Weather_Posion_Smoke","Weather/Poison/Weather_Posion_Smoke","Server/Particles/Weather/Poison/Weather_Posion_Smoke.particlesystem","342","2DDB399FAA07EF2C7A467E93CA3864E35CF30C80D42B6014D8651922780E5BC3"
"particle-systems","Rain","Weather/Rain/Rain","Server/Particles/Weather/Rain/Rain.particlesystem","166","2C02AB5FA09BFF07E4DC6BD1E4A437CF0552E7A997D1582F3230178F4E8DA4C5"
"particle-systems","Rain_Heavy","Weather/Rain/Rain_Heavy","Server/Particles/Weather/Rain/Rain_Heavy.particlesystem","307","F805D912F63E7ACF038FA4D8A3C463CEF0395AC9D0D0F4CEFF672B789C014A57"
"particle-systems","Rain_Horizontal","Weather/Rain/Rain_Horizontal","Server/Particles/Weather/Rain/Rain_Horizontal.particlesystem","102","505928CB3F1E2820ADC9D18636C4820DBF82EDE4B3B05B028EEE1E64C21CC914"
"particle-systems","Rain_Light","Weather/Rain/Rain_Light","Server/Particles/Weather/Rain/Rain_Light.particlesystem","165","DE71DC4157AB3DF181D8031276D1A02CE2CCEA41EA945B29316EC6785892583B"
"particle-systems","Water_Dripping","Weather/Rain/Water_Dripping","Server/Particles/Weather/Rain/Water_Dripping.particlesystem","184","F985A72A05927988C4961A247A1BABE81C8CC9DE63C88EC42708F2EA5DD2CEB7"
"particle-systems","Sand_Storm","Weather/Sand/Sand_Storm","Server/Particles/Weather/Sand/Sand_Storm.particlesystem","96","6A01B9505CA5E2F2297821293607CE9C15D60BC3DEC44F3E12C12467C55D4482"
"particle-systems","Snow_Heavy","Weather/Snow/Snow_Heavy","Server/Particles/Weather/Snow/Snow_Heavy.particlesystem","165","8D5C1CDE3A44BC24E908ACC1F4B8C3DD9C40318A0431A7EBD2DEE70904875929"
"particle-systems","Snow_Light","Weather/Snow/Snow_Light","Server/Particles/Weather/Snow/Snow_Light.particlesystem","165","57A728A36A539A1A0DE4C2434557606EF5A05111F14AE6F820A36CAE9DAC4F3F"
"particle-systems","Snow_Storm","Weather/Snow/Snow_Storm","Server/Particles/Weather/Snow/Snow_Storm.particlesystem","165","3C074282B85EF49E2304708579AADC732EFE35CF0261E05C2D18350FE59D81F6"
"particle-systems","Goblin_Void_Anomaly","Weather/Void/Goblin_Void_Anomaly","Server/Particles/Weather/Void/Goblin_Void_Anomaly.particlesystem","288","6C7CD00F094285A25CF4BD55D75DE45C55C386695BEC68E776C63122D143F6AC"
"particle-systems","Goblin_Void_Anomaly_Storm","Weather/Void/Goblin_Void_Anomaly_Storm","Server/Particles/Weather/Void/Goblin_Void_Anomaly_Storm.particlesystem","340","1F01BB18450EC567AB81B0BE9AE06DEAEC0E24B487B236613BCFC3F3ADCA5323"
"particle-systems","Void_Anomaly_Ground","Weather/Void/Void_Anomaly_Ground","Server/Particles/Weather/Void/Void_Anomaly_Ground.particlesystem","127","DD9DE1367F638B31DB1CC1CF7F79EFC3420670043497C22DA7FE58C11E4FDE71"
"particle-systems","Wind","Weather/Wind","Server/Particles/Weather/Wind.particlesystem","224","55C33019200B52A2306E1143577387EBE81614614B92980AC4048EC3534B878D"
