"category","id","relativeId","archivePath","bytes","sha256"
"sound-definitions","AmbFX_Placeholder","AmbienceFX/AmbFX_Placeholder","Server/Audio/AmbienceFX/AmbFX_Placeholder.json","200","F95775B61B1FDFCDD10F037F6EFE719AB487D8D27B27C874B4D77712EE50CD7B"
"sound-definitions","AmbFX_Void","AmbienceFX/AmbFX_Void","Server/Audio/AmbienceFX/AmbFX_Void.json","318","A7B376C09F4DCF52BD446E2C3DF9D049C56CDDAD5BFB233C0051E17ED242BD59"
"sound-definitions","AmbFX_Fallback_Wind_Base_Low","AmbienceFX/Ambience/Global/AmbFX_Fallback_Wind_Base_Low","Server/Audio/AmbienceFX/Ambience/Global/AmbFX_Fallback_Wind_Base_Low.json","292","12FC455EA0E757871C4FD9ED8AE8B7A70AB71413314A226FD5B1D9890A6EF183"
"sound-definitions","AmbFX_Caves","AmbienceFX/Ambience/Global/Cave/AmbFX_Caves","Server/Audio/AmbienceFX/Ambience/Global/Cave/AmbFX_Caves.json","851","F9B71D858FAAD1C52168D7CF67D736670B983F976060B664DC07F36B65EAA042"
"sound-definitions","AmbFX_Caves_Spiders","AmbienceFX/Ambience/Global/Cave/AmbFX_Caves_Spiders","Server/Audio/AmbienceFX/Ambience/Global/Cave/AmbFX_Caves_Spiders.json","485","9AFABE5E3A85A1A7643D608907749F4ACBB816B2139F067563BBE0BCF86D8396"
"sound-definitions","AmbFX_Caves_Volcanic","AmbienceFX/Ambience/Global/Cave/AmbFX_Caves_Volcanic","Server/Audio/AmbienceFX/Ambience/Global/Cave/AmbFX_Caves_Volcanic.json","490","81F64CA97AB47FA77E8083167CBFFD32D1081A19D37735B29D08CF36FF6F0CE9"
"sound-definitions","AmbFX_Dungeons","AmbienceFX/Ambience/Global/Dungeon/AmbFX_Dungeons","Server/Audio/AmbienceFX/Ambience/Global/Dungeon/AmbFX_Dungeons.json","329","164144130BD0E3E8034D09FE3845D0CD06D1F8FDB1D952A168AE13EE87278EF7"
"sound-definitions","AmbFX_Room","AmbienceFX/Ambience/Global/Interior/AmbFX_Room","Server/Audio/AmbienceFX/Ambience/Global/Interior/AmbFX_Room.json","810","7416E3FE31D10BFCB67AA84CD07B477AE08D1636634B41DD358114F758416DF0"
"sound-definitions","Emit_Fluid_Lava","AmbienceFX/Ambience/Global/Lava/Emitters/Emit_Fluid_Lava","Server/Audio/AmbienceFX/Ambience/Global/Lava/Emitters/Emit_Fluid_Lava.json","464","DD4550DDDF08941AB9BCB72F0CE5E5413EDB8DDB4DB37EEE5ABD82C80F41B109"
"sound-definitions","AmbFX_Mage_Tower","AmbienceFX/Ambience/Global/Mage_Tower/AmbFX_Mage_Tower","Server/Audio/AmbienceFX/Ambience/Global/Mage_Tower/AmbFX_Mage_Tower.json","274","87501A28CE98815D50FB37B04DFD19AB70606D178C19492E07E59F012BA80EE4"
"sound-definitions","AmbFX_Mineshaft","AmbienceFX/Ambience/Global/Mineshaft/AmbFX_Mineshaft","Server/Audio/AmbienceFX/Ambience/Global/Mineshaft/AmbFX_Mineshaft.json","480","63F3D008E12E2C1FC13EA1F2DE798B689F5B5197BC3A6330A65E0C32BBE7B16E"
"sound-definitions","Emit_Fluid_Water","AmbienceFX/Ambience/Global/Underwater/Emitters/Emit_Fluid_Water","Server/Audio/AmbienceFX/Ambience/Global/Underwater/Emitters/Emit_Fluid_Water.json","500","4141FA9411DA3D2B042AEA72F6B3EC183C422D285A5225C948947CCA7D0D1720"
"sound-definitions","AmbFX_Underwater","AmbienceFX/Ambience/Global/Underwater/Underwater/AmbFX_Underwater","Server/Audio/AmbienceFX/Ambience/Global/Underwater/Underwater/AmbFX_Underwater.json","423","C86D7AB4CF4695A7CC8C33CB9641EE46639A40AA0ED63696F33E6046F45ED6C9"
"sound-definitions","AmbFX_Rain","AmbienceFX/Ambience/Global/Weather/AmbFX_Rain","Server/Audio/AmbienceFX/Ambience/Global/Weather/AmbFX_Rain.json","101","B525697F4A8216B5871CA10A0B5C3F6EA8917008C05343C76D62F8BB8F354053"
"sound-definitions","Emit_Raindrops_Water","AmbienceFX/Ambience/Global/Weather/Emit_Raindrops_Water","Server/Audio/AmbienceFX/Ambience/Global/Weather/Emit_Raindrops_Water.json","408","47D8021D8931AB9E2966581C35EABA4E8046DA11CE07A9CB3D23BF7C727636D5"
"sound-definitions","Emit_Rainstorm_Thunder","AmbienceFX/Ambience/Global/Weather/Emit_Rainstorm_Thunder","Server/Audio/AmbienceFX/Ambience/Global/Weather/Emit_Rainstorm_Thunder.json","367","87C3028C58DF22915F92FCDB018A0BD62CBD48BA305D5BFA49EB68382E5D8EC7"
"sound-definitions","AmbFX_Weather_Rain_Exterior","AmbienceFX/Ambience/Global/Weather/Exterior/AmbFX_Weather_Rain_Exterior","Server/Audio/AmbienceFX/Ambience/Global/Weather/Exterior/AmbFX_Weather_Rain_Exterior.json","309","0041E25DCFC5D659B7F16570A82F2C0203C0A95ACE2BF09CF6E9977DD5C5BB82"
"sound-definitions","AmbFX_Weather_Rain_Exterior_Canopy","AmbienceFX/Ambience/Global/Weather/Exterior/AmbFX_Weather_Rain_Exterior_Canopy","Server/Audio/AmbienceFX/Ambience/Global/Weather/Exterior/AmbFX_Weather_Rain_Exterior_Canopy.json","430","19873C054009AE56AB1D0359EB3B57D747F5DE233EFD3267A7DD5B5CFE22F96F"
"sound-definitions","AmbFX_Weather_Rain_Light_Exterior","AmbienceFX/Ambience/Global/Weather/Exterior/AmbFX_Weather_Rain_Light_Exterior","Server/Audio/AmbienceFX/Ambience/Global/Weather/Exterior/AmbFX_Weather_Rain_Light_Exterior.json","311","BB36A42E88EA05BF5053DBC4848EFCD45A15782F910803A73962C443369BB547"
"sound-definitions","AmbFX_Weather_Rain_Light_Exterior_Canopy","AmbienceFX/Ambience/Global/Weather/Exterior/AmbFX_Weather_Rain_Light_Exterior_Canopy","Server/Audio/AmbienceFX/Ambience/Global/Weather/Exterior/AmbFX_Weather_Rain_Light_Exterior_Canopy.json","432","6AA1290AEB39C5D1615DF20701192748BA64F6C29C02526EF403BA15C4A75E9C"
"sound-definitions","AmbFX_Weather_Rainstorm","AmbienceFX/Ambience/Global/Weather/Exterior/AmbFX_Weather_Rainstorm","Server/Audio/AmbienceFX/Ambience/Global/Weather/Exterior/AmbFX_Weather_Rainstorm.json","311","6BCA57663B566059C67E991819AF1B2FF248AC811873FBD7A406907AA51C5B27"
"sound-definitions","AmbFX_Weather_Rainstorm_Canopy","AmbienceFX/Ambience/Global/Weather/Exterior/AmbFX_Weather_Rainstorm_Canopy","Server/Audio/AmbienceFX/Ambience/Global/Weather/Exterior/AmbFX_Weather_Rainstorm_Canopy.json","432","27CECB9C605F4A771066FFDA1E50CFFD0DDEA3715AE9D27CCAB51E6D6AEB2F22"
"sound-definitions","AmbFX_Weather_Sandstorm","AmbienceFX/Ambience/Global/Weather/Exterior/AmbFX_Weather_Sandstorm","Server/Audio/AmbienceFX/Ambience/Global/Weather/Exterior/AmbFX_Weather_Sandstorm.json","332","E58BB098AB14EC9F8AB2BCA338B998B7AB8D27356CA4D431C7FA442E9FA8E5CE"
"sound-definitions","AmbFX_Weather_Sandstorm_Close","AmbienceFX/Ambience/Global/Weather/Exterior/AmbFX_Weather_Sandstorm_Close","Server/Audio/AmbienceFX/Ambience/Global/Weather/Exterior/AmbFX_Weather_Sandstorm_Close.json","357","5713FD6DC39410316ECDB1014AE79B043B700B51CF1FA16AAB9AF46A32C0233B"
"sound-definitions","AmbFX_Weather_Sandstorm_Low","AmbienceFX/Ambience/Global/Weather/Exterior/AmbFX_Weather_Sandstorm_Low","Server/Audio/AmbienceFX/Ambience/Global/Weather/Exterior/AmbFX_Weather_Sandstorm_Low.json","308","FE671DE717081892995A1145D12C20C7ED9B1A51A92E37D0CC2956EA0FB2240A"
"sound-definitions","AmbFX_Weather_Snow","AmbienceFX/Ambience/Global/Weather/Exterior/AmbFX_Weather_Snow","Server/Audio/AmbienceFX/Ambience/Global/Weather/Exterior/AmbFX_Weather_Snow.json","331","3CBA75F78BCFD0E369506D7B1DF6FBAF1E5EE3F316A7D33842233D3B7DADFC64"
"sound-definitions","AmbFX_Weather_Snowstorm","AmbienceFX/Ambience/Global/Weather/Exterior/AmbFX_Weather_Snowstorm","Server/Audio/AmbienceFX/Ambience/Global/Weather/Exterior/AmbFX_Weather_Snowstorm.json","331","8423D7A33BA4C9423B8DCB4644DBACCDDE6364C2849B7D92620AA352F973D600"
"sound-definitions","AmbFX_Weather_Rain_Interior","AmbienceFX/Ambience/Global/Weather/Interior/AmbFX_Weather_Rain_Interior","Server/Audio/AmbienceFX/Ambience/Global/Weather/Interior/AmbFX_Weather_Rain_Interior.json","534","80723D39E34408357D3A380D19FA416B96B13A2EE2901FBE2030CA41D71AD204"
"sound-definitions","AmbFX_Weather_Rain_Interior_Cloth","AmbienceFX/Ambience/Global/Weather/Interior/AmbFX_Weather_Rain_Interior_Cloth","Server/Audio/AmbienceFX/Ambience/Global/Weather/Interior/AmbFX_Weather_Rain_Interior_Cloth.json","567","832692AAF564600BB8F09D7AC4BD204AB5E196DF2F24B593D4D74D0E1A0F6BFD"
"sound-definitions","AmbFX_Weather_Rain_Moderate_Interior","AmbienceFX/Ambience/Global/Weather/Interior/AmbFX_Weather_Rain_Moderate_Interior","Server/Audio/AmbienceFX/Ambience/Global/Weather/Interior/AmbFX_Weather_Rain_Moderate_Interior.json","537","A568E9991B5ABD6F038CF5DFCEBCAA90FF4D2EAC49BFC0FF95FCCE6EEFFFBF4A"
"sound-definitions","AmbFX_Weather_Rainstorm_Interior","AmbienceFX/Ambience/Global/Weather/Interior/AmbFX_Weather_Rainstorm_Interior","Server/Audio/AmbienceFX/Ambience/Global/Weather/Interior/AmbFX_Weather_Rainstorm_Interior.json","534","8F2957686E37E616A5DC9F5BE1ED146E3AF924887530B20FF6B672EAE058D791"
"sound-definitions","AmbFX_Weather_Rainstorm_Interior_Cloth","AmbienceFX/Ambience/Global/Weather/Interior/AmbFX_Weather_Rainstorm_Interior_Cloth","Server/Audio/AmbienceFX/Ambience/Global/Weather/Interior/AmbFX_Weather_Rainstorm_Interior_Cloth.json","468","497E09136B917304B49A0CE242C53CD386867FC12630DA1F0EE9300DEC04988A"
"sound-definitions","AmbFX_Portals_Hedera","AmbienceFX/Ambience/Unique/Dread_Wade/AmbFX_Portals_Hedera","Server/Audio/AmbienceFX/Ambience/Unique/Dread_Wade/AmbFX_Portals_Hedera.json","307","5D4E4A1724859F7E2ED8E506B5B8473FAA1E3333AC95B3A5140B86AAA9E35FBB"
"sound-definitions","AmbFX_Portals_Hedera_Wind_Base","AmbienceFX/Ambience/Unique/Dread_Wade/AmbFX_Portals_Hedera_Wind_Base","Server/Audio/AmbienceFX/Ambience/Unique/Dread_Wade/AmbFX_Portals_Hedera_Wind_Base.json","376","0C0FFCEB160D7FC011AEB9C86EBD972E529CF813A6E999C737395BF817183000"
"sound-definitions","Emit_Portals_Hedera","AmbienceFX/Ambience/Unique/Dread_Wade/Emit_Portals_Hedera","Server/Audio/AmbienceFX/Ambience/Unique/Dread_Wade/Emit_Portals_Hedera.json","486","E8C2B4D353E85FCF8BD4F993D139044EFA32E82BAB4D4431F68C3F29B2C09248"
"sound-definitions","Emit_Portals_Hedera_Wind","AmbienceFX/Ambience/Unique/Dread_Wade/Emit_Portals_Hedera_Wind","Server/Audio/AmbienceFX/Ambience/Unique/Dread_Wade/Emit_Portals_Hedera_Wind.json","612","FC151B006D44FE53D26EF126150C5447744CEEE400CDB85F229E6531B6B394B3"
"sound-definitions","AmbFX_Forgotten_Temple_Energy","AmbienceFX/Ambience/Unique/Forgotten_Temple/AmbFX_Forgotten_Temple_Energy","Server/Audio/AmbienceFX/Ambience/Unique/Forgotten_Temple/AmbFX_Forgotten_Temple_Energy.json","430","7F545CA421BAC3EF886C439346DDD90F2ACD59A3731A152366927DCAA6D70B59"
"sound-definitions","AmbFX_Forgotten_Temple_Exterior","AmbienceFX/Ambience/Unique/Forgotten_Temple/AmbFX_Forgotten_Temple_Exterior","Server/Audio/AmbienceFX/Ambience/Unique/Forgotten_Temple/AmbFX_Forgotten_Temple_Exterior.json","627","E25767AB39FCDA5C57C56C2B474C3BC4CD256C9E02C2D60D99E912CDE9C945D8"
"sound-definitions","AmbFX_Forgotten_Temple_Exterior_Birds","AmbienceFX/Ambience/Unique/Forgotten_Temple/AmbFX_Forgotten_Temple_Exterior_Birds","Server/Audio/AmbienceFX/Ambience/Unique/Forgotten_Temple/AmbFX_Forgotten_Temple_Exterior_Birds.json","680","0E79889E89AF42130AFA06F800515482408E0384C193CD8DF3AF83E8431A9F73"
"sound-definitions","AmbFX_Forgotten_Temple_Exterior_Wind","AmbienceFX/Ambience/Unique/Forgotten_Temple/AmbFX_Forgotten_Temple_Exterior_Wind","Server/Audio/AmbienceFX/Ambience/Unique/Forgotten_Temple/AmbFX_Forgotten_Temple_Exterior_Wind.json","533","752811844AE4A0C42BBA2D324F920F26DD1F906D578C313F062BE9667E19848B"
"sound-definitions","AmbFX_Forgotten_Temple_Global","AmbienceFX/Ambience/Unique/Forgotten_Temple/AmbFX_Forgotten_Temple_Global","Server/Audio/AmbienceFX/Ambience/Unique/Forgotten_Temple/AmbFX_Forgotten_Temple_Global.json","346","32895BFD8C769FE0ACBF3F6EBD59B21B66468DECA2E57E0A586920BAFADD0046"
"sound-definitions","AmbFX_Forgotten_Temple_Grand_Interior","AmbienceFX/Ambience/Unique/Forgotten_Temple/AmbFX_Forgotten_Temple_Grand_Interior","Server/Audio/AmbienceFX/Ambience/Unique/Forgotten_Temple/AmbFX_Forgotten_Temple_Grand_Interior.json","434","0206284F80BA241BE56B7973EFA08847C6067DBDC337AE66EA0E505DD48D01FE"
"sound-definitions","AmbFX_Forgotten_Temple_Heart","AmbienceFX/Ambience/Unique/Forgotten_Temple/AmbFX_Forgotten_Temple_Heart","Server/Audio/AmbienceFX/Ambience/Unique/Forgotten_Temple/AmbFX_Forgotten_Temple_Heart.json","623","29A7B125D6384893319E0B88F3F81B18D7011F180E95AEFA9897474EFCD4D97F"
"sound-definitions","AmbFX_Forgotten_Temple_Tent_Interior","AmbienceFX/Ambience/Unique/Forgotten_Temple/AmbFX_Forgotten_Temple_Tent_Interior","Server/Audio/AmbienceFX/Ambience/Unique/Forgotten_Temple/AmbFX_Forgotten_Temple_Tent_Interior.json","489","85383A9BB8DCBA1FECF5925D3D84BBE9A41FEFC835A431FE28F3ED961E09E39D"
"sound-definitions","AmbFX_Forgotten_Temple_Tree_Interior","AmbienceFX/Ambience/Unique/Forgotten_Temple/AmbFX_Forgotten_Temple_Tree_Interior","Server/Audio/AmbienceFX/Ambience/Unique/Forgotten_Temple/AmbFX_Forgotten_Temple_Tree_Interior.json","900","2CD676A7227B3972D5B7BC3FC74F868E085E9245F1EC4DCD55ADC6E81AFA84E2"
"sound-definitions","RevZ_Forgotten_Temple_Exterior","AmbienceFX/Ambience/Unique/Forgotten_Temple/RevZ_Forgotten_Temple_Exterior","Server/Audio/AmbienceFX/Ambience/Unique/Forgotten_Temple/RevZ_Forgotten_Temple_Exterior.json","368","1E922A3D8FB285D12C1367BF62CE7789FB91265CDEB8910B61187B4562F45317"
"sound-definitions","RevZ_Forgotten_Temple_Generic_Interior","AmbienceFX/Ambience/Unique/Forgotten_Temple/RevZ_Forgotten_Temple_Generic_Interior","Server/Audio/AmbienceFX/Ambience/Unique/Forgotten_Temple/RevZ_Forgotten_Temple_Generic_Interior.json","630","27B72AB6BBD1D4CF09C993D11504154DBDCE46BEC2E23ECABD4F152FD301E254"
"sound-definitions","RevZ_Forgotten_Temple_Grand_Interior","AmbienceFX/Ambience/Unique/Forgotten_Temple/RevZ_Forgotten_Temple_Grand_Interior","Server/Audio/AmbienceFX/Ambience/Unique/Forgotten_Temple/RevZ_Forgotten_Temple_Grand_Interior.json","379","ACD22D53561082B97F000C5E8B2DE88F1FCBE7F3C526F5EE274A4BF8730DC269"
"sound-definitions","AmbFX_Zone1_Dungeon","AmbienceFX/Ambience/Zone1/Environments/Dungeon/AmbFX_Zone1_Dungeon","Server/Audio/AmbienceFX/Ambience/Zone1/Environments/Dungeon/AmbFX_Zone1_Dungeon.json","288","8E639F364FBBFED56EA0EC383FDA321036803362711201BCDB670E0DB34D0CAF"
"sound-definitions","AmbFX_Zone1_Forest_Autumn_Day","AmbienceFX/Ambience/Zone1/Environments/Forest/Day/Autumn/AmbFX_Zone1_Forest_Autumn_Day","Server/Audio/AmbienceFX/Ambience/Zone1/Environments/Forest/Day/Autumn/AmbFX_Zone1_Forest_Autumn_Day.json","657","3B28D46334BCE46A90719858D05246CBAC7B05010E2F57D0DE9A5437CE6E772C"
"sound-definitions","Emit_Zone1_Forest_Autumn_Day","AmbienceFX/Ambience/Zone1/Environments/Forest/Day/Autumn/Emitters/Emit_Zone1_Forest_Autumn_Day","Server/Audio/AmbienceFX/Ambience/Zone1/Environments/Forest/Day/Autumn/Emitters/Emit_Zone1_Forest_Autumn_Day.json","1037","B18BDB2D712224F61FBCE247C0A2D90693D381CA82D6755F0F974CFD554BBD9F"
"sound-definitions","Emit_Zone1_Forest_Autumn_Day_Birds","AmbienceFX/Ambience/Zone1/Environments/Forest/Day/Autumn/Emitters/Emit_Zone1_Forest_Autumn_Day_Birds","Server/Audio/AmbienceFX/Ambience/Zone1/Environments/Forest/Day/Autumn/Emitters/Emit_Zone1_Forest_Autumn_Day_Birds.json","857","3253FB0291650E333E8F73716D0908B925747308049BF3C1ECAF50D15A8796DC"
"sound-definitions","Emit_Zone1_Forest_Autumn_Day_Canopy","AmbienceFX/Ambience/Zone1/Environments/Forest/Day/Autumn/Emitters/Emit_Zone1_Forest_Autumn_Day_Canopy","Server/Audio/AmbienceFX/Ambience/Zone1/Environments/Forest/Day/Autumn/Emitters/Emit_Zone1_Forest_Autumn_Day_Canopy.json","1202","FAE7B90EC3CB29A01BCCB536D33260D9BC65612AC575848862C255373EE5CF23"
"sound-definitions","AmbFX_Zone1_Forest_Azure_Day","AmbienceFX/Ambience/Zone1/Environments/Forest/Day/Azure/AmbFX_Zone1_Forest_Azure_Day","Server/Audio/AmbienceFX/Ambience/Zone1/Environments/Forest/Day/Azure/AmbFX_Zone1_Forest_Azure_Day.json","653","2D285430D2A3B3C7200B8ED990C767A50A5F1235A1A42FB44CE91DD763EF729D"
"sound-definitions","Emit_Zone1_Forest_Azure","AmbienceFX/Ambience/Zone1/Environments/Forest/Day/Azure/Emitters/Emit_Zone1_Forest_Azure","Server/Audio/AmbienceFX/Ambience/Zone1/Environments/Forest/Day/Azure/Emitters/Emit_Zone1_Forest_Azure.json","1117","A0605535B0EDB946F4281F5D3717BE6647D847FD450F93C2A8C1FF5D5CFECEC8"
"sound-definitions","AmbFX_Zone1_Forest_Gen_Day","AmbienceFX/Ambience/Zone1/Environments/Forest/Day/Gen/AmbFX_Zone1_Forest_Gen_Day","Server/Audio/AmbienceFX/Ambience/Zone1/Environments/Forest/Day/Gen/AmbFX_Zone1_Forest_Gen_Day.json","651","063F9D987B43E7F7F739053AEAD684036F1E6E7CAC1275378C0171B96C5D057E"
"sound-definitions","Emit_Zone1_Forest_Gen_Day","AmbienceFX/Ambience/Zone1/Environments/Forest/Day/Gen/Emitters/Emit_Zone1_Forest_Gen_Day","Server/Audio/AmbienceFX/Ambience/Zone1/Environments/Forest/Day/Gen/Emitters/Emit_Zone1_Forest_Gen_Day.json","1097","D5DF61CCDD0E06D696892B0597E8CAF80D7719B3E9C148E6FE2F2106C3A7D0FE"
"sound-definitions","Emit_Zone1_Forest_Gen_Day_Birds","AmbienceFX/Ambience/Zone1/Environments/Forest/Day/Gen/Emitters/Emit_Zone1_Forest_Gen_Day_Birds","Server/Audio/AmbienceFX/Ambience/Zone1/Environments/Forest/Day/Gen/Emitters/Emit_Zone1_Forest_Gen_Day_Birds.json","855","ADD5BA3D069CD0E4DC81612C8A659D3E55366BB3886D25BD0AA5751F54A64CB3"
"sound-definitions","Emit_Zone1_Forest_Gen_Day_Canopy","AmbienceFX/Ambience/Zone1/Environments/Forest/Day/Gen/Emitters/Emit_Zone1_Forest_Gen_Day_Canopy","Server/Audio/AmbienceFX/Ambience/Zone1/Environments/Forest/Day/Gen/Emitters/Emit_Zone1_Forest_Gen_Day_Canopy.json","1262","1FE921EFFC768303D531C819CBE168BC33A9F1F4BCE57C4A920E7C5652F9881B"
"sound-definitions","AmbFX_Zone1_Forest_Night","AmbienceFX/Ambience/Zone1/Environments/Forest/Night/AmbFX_Zone1_Forest_Night","Server/Audio/AmbienceFX/Ambience/Zone1/Environments/Forest/Night/AmbFX_Zone1_Forest_Night.json","1133","90C626AAB6258F84E4126DA79C34581F6B64C44CA4B356B0E5575CE59455E6B7"
"sound-definitions","Emit_Zone1_Forest_Night","AmbienceFX/Ambience/Zone1/Environments/Forest/Night/Emitters/Emit_Zone1_Forest_Night","Server/Audio/AmbienceFX/Ambience/Zone1/Environments/Forest/Night/Emitters/Emit_Zone1_Forest_Night.json","1386","3BE889889D2AB67202C779D1FBA9F8856A327A9B9B50575C1DF42240A42A65BD"
"sound-definitions","Emit_Zone1_Forest_Night_Birds","AmbienceFX/Ambience/Zone1/Environments/Forest/Night/Emitters/Emit_Zone1_Forest_Night_Birds","Server/Audio/AmbienceFX/Ambience/Zone1/Environments/Forest/Night/Emitters/Emit_Zone1_Forest_Night_Birds.json","1213","53BFD1E008570E5AD28621782CF5660CD8FF16A97BE280F789AFC0FE838B0941"
"sound-definitions","Emit_Zone1_Forest_Night_Canopy","AmbienceFX/Ambience/Zone1/Environments/Forest/Night/Emitters/Emit_Zone1_Forest_Night_Canopy","Server/Audio/AmbienceFX/Ambience/Zone1/Environments/Forest/Night/Emitters/Emit_Zone1_Forest_Night_Canopy.json","1551","B8F9ADC00A8B67454B2E79E3433AA4B6CD6013335CAB7F1AB6B8201CE6E9D980"
"sound-definitions","AmbFX_Zone1_Kweebec_Village","AmbienceFX/Ambience/Zone1/Environments/Kweebec/AmbFX_Zone1_Kweebec_Village","Server/Audio/AmbienceFX/Ambience/Zone1/Environments/Kweebec/AmbFX_Zone1_Kweebec_Village.json","359","62491A9060D76BD1761BFB50CCA1D29A12F1736F166D5BF8044BC978FF4AC531"
"sound-definitions","Emit_Zone1_Kweebec_Village","AmbienceFX/Ambience/Zone1/Environments/Kweebec/Emitters/Emit_Zone1_Kweebec_Village","Server/Audio/AmbienceFX/Ambience/Zone1/Environments/Kweebec/Emitters/Emit_Zone1_Kweebec_Village.json","505","B5A42ADDE92A89515372A602397AC2B9CCC947906FCFDAF76CD71B9AE9CE8A1C"
"sound-definitions","AmbFX_Zone1_Low_Mountain","AmbienceFX/Ambience/Zone1/Environments/Mountain/AmbFX_Zone1_Low_Mountain","Server/Audio/AmbienceFX/Ambience/Zone1/Environments/Mountain/AmbFX_Zone1_Low_Mountain.json","419","4BD5985640DF4522F9ECC7AAF7A0A703DD897021389F60F477390E70045C9A4E"
"sound-definitions","AmbFX_Zone1_Mountain","AmbienceFX/Ambience/Zone1/Environments/Mountain/AmbFX_Zone1_Mountain","Server/Audio/AmbienceFX/Ambience/Zone1/Environments/Mountain/AmbFX_Zone1_Mountain.json","419","791E0DDA10E5EA6AE6335DA927E0A26778F7C4A0A07B0059416DD8BD0DBFE0F3"
"sound-definitions","Emit_Zone1_Mountain_Day_Birds","AmbienceFX/Ambience/Zone1/Environments/Mountain/Day/Emitters/Emit_Zone1_Mountain_Day_Birds","Server/Audio/AmbienceFX/Ambience/Zone1/Environments/Mountain/Day/Emitters/Emit_Zone1_Mountain_Day_Birds.json","684","A51ACD8383FAA44193C6CB491C885F182D66104F973C6BAC01CFE1B30299DA5B"
"sound-definitions","Emit_Zone1_Mountain_Low_Day","AmbienceFX/Ambience/Zone1/Environments/Mountain/Day/Emitters/Emit_Zone1_Mountain_Low_Day","Server/Audio/AmbienceFX/Ambience/Zone1/Environments/Mountain/Day/Emitters/Emit_Zone1_Mountain_Low_Day.json","925","752212AFBFB23415A12E6ED9DF62FFADAF8A595D2D5B884716609A205E29D5BC"
"sound-definitions","Emit_Zone1_Mountain_Low_Day_Birds","AmbienceFX/Ambience/Zone1/Environments/Mountain/Day/Emitters/Emit_Zone1_Mountain_Low_Day_Birds","Server/Audio/AmbienceFX/Ambience/Zone1/Environments/Mountain/Day/Emitters/Emit_Zone1_Mountain_Low_Day_Birds.json","684","5F4B9590A3D81778D9C2C178B5403264F6FB99B2D9BD4598E17087A753971ED3"
"sound-definitions","Emit_Zone1_Mountain_Low_Day_Canopy","AmbienceFX/Ambience/Zone1/Environments/Mountain/Day/Emitters/Emit_Zone1_Mountain_Low_Day_Canopy","Server/Audio/AmbienceFX/Ambience/Zone1/Environments/Mountain/Day/Emitters/Emit_Zone1_Mountain_Low_Day_Canopy.json","1090","EA1C84DAB172036C263C158B8110F6556235DBA629B31449CCCABA6EBAE73B76"
"sound-definitions","AmbFX_Zone1_Plains_Gen_Day","AmbienceFX/Ambience/Zone1/Environments/Plains/Day/AmbFX_Zone1_Plains_Gen_Day","Server/Audio/AmbienceFX/Ambience/Zone1/Environments/Plains/Day/AmbFX_Zone1_Plains_Gen_Day.json","828","06AC0BF8049FDB314E82EE955C45B53D08CF602754BCB5D4FD00D681B78822EF"
"sound-definitions","Emit_Zone1_Plains_Gen_Day","AmbienceFX/Ambience/Zone1/Environments/Plains/Day/Emitters/Emit_Zone1_Plains_Gen_Day","Server/Audio/AmbienceFX/Ambience/Zone1/Environments/Plains/Day/Emitters/Emit_Zone1_Plains_Gen_Day.json","1224","9B33E37786E408B921714B09B10F7843F7D94F9A4389116A4E47377F35F944B4"
"sound-definitions","Emit_Zone1_Plains_Gen_Day_Birds","AmbienceFX/Ambience/Zone1/Environments/Plains/Day/Emitters/Emit_Zone1_Plains_Gen_Day_Birds","Server/Audio/AmbienceFX/Ambience/Zone1/Environments/Plains/Day/Emitters/Emit_Zone1_Plains_Gen_Day_Birds.json","983","21101588802C757A5BC242168900BF5DD78060DD51057927EFD0F32119A0934F"
"sound-definitions","Emit_Zone1_Plains_Gen_Day_Canopy","AmbienceFX/Ambience/Zone1/Environments/Plains/Day/Emitters/Emit_Zone1_Plains_Gen_Day_Canopy","Server/Audio/AmbienceFX/Ambience/Zone1/Environments/Plains/Day/Emitters/Emit_Zone1_Plains_Gen_Day_Canopy.json","1389","B41EA63C287EF1531DE8BD7F6F9364783F65BAC9A962121A7D77A45B3635F4B1"
"sound-definitions","AmbFX_Zone1_Plains_Night","AmbienceFX/Ambience/Zone1/Environments/Plains/Night/AmbFX_Zone1_Plains_Night","Server/Audio/AmbienceFX/Ambience/Zone1/Environments/Plains/Night/AmbFX_Zone1_Plains_Night.json","826","F656A9373613E0C7536ED06A3E13182693AF5B699E7037501E51789635C40B7D"
"sound-definitions","Emit_Zone1_Plains_Night","AmbienceFX/Ambience/Zone1/Environments/Plains/Night/Emitters/Emit_Zone1_Plains_Night","Server/Audio/AmbienceFX/Ambience/Zone1/Environments/Plains/Night/Emitters/Emit_Zone1_Plains_Night.json","1154","6BA78C5912D2D02DF3105BC24F7243A15A5EDCA3A508815C74A98ECC4E555284"
"sound-definitions","Emit_Zone1_Plains_Night_Birds","AmbienceFX/Ambience/Zone1/Environments/Plains/Night/Emitters/Emit_Zone1_Plains_Night_Birds","Server/Audio/AmbienceFX/Ambience/Zone1/Environments/Plains/Night/Emitters/Emit_Zone1_Plains_Night_Birds.json","909","CCB84C4BE2C74B3CF198F0833B488BA625AD989A82C2BAA7EF6F180ACE4294C2"
"sound-definitions","Emit_Zone1_Plains_Night_Canopy","AmbienceFX/Ambience/Zone1/Environments/Plains/Night/Emitters/Emit_Zone1_Plains_Night_Canopy","Server/Audio/AmbienceFX/Ambience/Zone1/Environments/Plains/Night/Emitters/Emit_Zone1_Plains_Night_Canopy.json","1319","47036180B1DF12CBEAF588181EE7C23BF77F095FCCDC9302065E78E5A3B05030"
"sound-definitions","AmbFX_Zone1_Shore","AmbienceFX/Ambience/Zone1/Environments/Shore/AmbFX_Zone1_Shore","Server/Audio/AmbienceFX/Ambience/Zone1/Environments/Shore/AmbFX_Zone1_Shore.json","456","9367A0A0CD873C52CF7EF7371BC21EF67C9ADD02AA93EEEC9AE77EBC96E58B6B"
"sound-definitions","Emit_Zone1_Shore_Day_Birds","AmbienceFX/Ambience/Zone1/Environments/Shore/Day/Emitters/Emit_Zone1_Shore_Day_Birds","Server/Audio/AmbienceFX/Ambience/Zone1/Environments/Shore/Day/Emitters/Emit_Zone1_Shore_Day_Birds.json","603","CC3328C57BFFA02EF7BB0658412D21141C8F4067B5404BDB4AB5FBE012570004"
"sound-definitions","Emit_Zone1_Shore","AmbienceFX/Ambience/Zone1/Environments/Shore/Emit_Zone1_Shore","Server/Audio/AmbienceFX/Ambience/Zone1/Environments/Shore/Emit_Zone1_Shore.json","605","C25AA399A8C679ED0EF52567C7AF64D96EAE24AF863BED3B394034A247CD65DC"
"sound-definitions","AmbFX_Zone1_Swamp_Day","AmbienceFX/Ambience/Zone1/Environments/Swamp/Day/AmbFX_Zone1_Swamp_Day","Server/Audio/AmbienceFX/Ambience/Zone1/Environments/Swamp/Day/AmbFX_Zone1_Swamp_Day.json","522","DA5DC3E6BBD856CC44BEE812F982E5123FF067E943874F5C80B539D543DC64A9"
"sound-definitions","Emit_Zone1_Swamp_Day","AmbienceFX/Ambience/Zone1/Environments/Swamp/Day/Emitters/Emit_Zone1_Swamp_Day","Server/Audio/AmbienceFX/Ambience/Zone1/Environments/Swamp/Day/Emitters/Emit_Zone1_Swamp_Day.json","1158","19FC2402B42157C1B7BAD8EC038B8915864C5E4D8AE561C1126BF5362808C351"
"sound-definitions","Emit_Zone1_Swamp_Day_Birds","AmbienceFX/Ambience/Zone1/Environments/Swamp/Day/Emitters/Emit_Zone1_Swamp_Day_Birds","Server/Audio/AmbienceFX/Ambience/Zone1/Environments/Swamp/Day/Emitters/Emit_Zone1_Swamp_Day_Birds.json","729","4F33C7F4EEB044A322A186E20A390DCC18B6D3121CAAABC06346E7032FD59ECD"
"sound-definitions","Emit_Zone1_Swamp_Day_Canopy","AmbienceFX/Ambience/Zone1/Environments/Swamp/Day/Emitters/Emit_Zone1_Swamp_Day_Canopy","Server/Audio/AmbienceFX/Ambience/Zone1/Environments/Swamp/Day/Emitters/Emit_Zone1_Swamp_Day_Canopy.json","1130","5C2C75C25A4F67E4821D477E7E08304A92C3780C492478B838620D507B195031"
"sound-definitions","AmbFX_Zone1_Swamp_Night","AmbienceFX/Ambience/Zone1/Environments/Swamp/Night/AmbFX_Zone1_Swamp_Night","Server/Audio/AmbienceFX/Ambience/Zone1/Environments/Swamp/Night/AmbFX_Zone1_Swamp_Night.json","526","C2A968767F3EBD70E69EDB129AB41F024DF8247F0A5D553AA6ECECF9CF6A9BEA"
"sound-definitions","Emit_Zone1_Swamp_Night","AmbienceFX/Ambience/Zone1/Environments/Swamp/Night/Emitters/Emit_Zone1_Swamp_Night","Server/Audio/AmbienceFX/Ambience/Zone1/Environments/Swamp/Night/Emitters/Emit_Zone1_Swamp_Night.json","597","AFD5DA5AB5B9D6070602F59E19B6477F40B8DF4CE48C3132936F5B367481726F"
"sound-definitions","AmbFX_Zone1_Trork_Camp","AmbienceFX/Ambience/Zone1/Environments/Trork/AmbFX_Zone1_Trork_Camp","Server/Audio/AmbienceFX/Ambience/Zone1/Environments/Trork/AmbFX_Zone1_Trork_Camp.json","349","2190DEA12E29ED1A715346E3D93BB6E6DB0E3E6340D6608B9C4330F9FF54E8C7"
"sound-definitions","Emit_Zone1_Trork_Camp","AmbienceFX/Ambience/Zone1/Environments/Trork/Emitters/Emit_Zone1_Trork_Camp","Server/Audio/AmbienceFX/Ambience/Zone1/Environments/Trork/Emitters/Emit_Zone1_Trork_Camp.json","548","8D096B6EDD3D3368534F0F92D8CD9FA10B32BD129E0C017CCA5EE3752489A7FF"
"sound-definitions","AmbFX_Zone1_Night","AmbienceFX/Ambience/Zone1/Global/Night/AmbFX_Zone1_Night","Server/Audio/AmbienceFX/Ambience/Zone1/Global/Night/AmbFX_Zone1_Night.json","421","CAEC505BEFEE68E59A24E7C2577EAB21DD4966B94407617A89AFDB42ED5CD16A"
"sound-definitions","AmbFX_Zone1_Sunrise","AmbienceFX/Ambience/Zone1/Global/Sunrise/AmbFX_Zone1_Sunrise","Server/Audio/AmbienceFX/Ambience/Zone1/Global/Sunrise/AmbFX_Zone1_Sunrise.json","552","919403D412FB038FDD36340FDE11B36C5C1E0922EE75525A53D4A14058BDAE40"
"sound-definitions","AmbFX_Zone1_Swamp_Sunrise","AmbienceFX/Ambience/Zone1/Global/Sunrise/AmbFX_Zone1_Swamp_Sunrise","Server/Audio/AmbienceFX/Ambience/Zone1/Global/Sunrise/AmbFX_Zone1_Swamp_Sunrise.json","519","86F887184372B851E9F05A8092D065934139E64DB8940E3101B0DC41B9338D70"
"sound-definitions","AmbFX_Zone1_Sunset","AmbienceFX/Ambience/Zone1/Global/Sunset/AmbFX_Zone1_Sunset","Server/Audio/AmbienceFX/Ambience/Zone1/Global/Sunset/AmbFX_Zone1_Sunset.json","566","6C17C492F81EDC36710E8B2C607DD4777A44B9CB4337F27D6C415323C8A5B3D8"
"sound-definitions","AmbFX_Zone1_Swamp_Sunset","AmbienceFX/Ambience/Zone1/Global/Sunset/AmbFX_Zone1_Swamp_Sunset","Server/Audio/AmbienceFX/Ambience/Zone1/Global/Sunset/AmbFX_Zone1_Swamp_Sunset.json","519","A2081E29EC747999316EA4471C75CF177C70858280682CA95EF4F89672FAFE3D"
"sound-definitions","AmbFX_Zone1_Wind_Base_Low","AmbienceFX/Ambience/Zone1/Global/Wind/AmbFX_Zone1_Wind_Base_Low","Server/Audio/AmbienceFX/Ambience/Zone1/Global/Wind/AmbFX_Zone1_Wind_Base_Low.json","491","147787804374ED825651BCDF93668C86A4F05B4A59FD1B2E1A900AA2081F82F4"
"sound-definitions","AmbFX_Zone1_Wind_Base_Medium","AmbienceFX/Ambience/Zone1/Global/Wind/AmbFX_Zone1_Wind_Base_Medium","Server/Audio/AmbienceFX/Ambience/Zone1/Global/Wind/AmbFX_Zone1_Wind_Base_Medium.json","483","0D14ABB2798D1688AE34F4812532464233388C5C902CDA06462A617B4470493F"
"sound-definitions","AmbFX_Zone1_Wind_Base_Night","AmbienceFX/Ambience/Zone1/Global/Wind/AmbFX_Zone1_Wind_Base_Night","Server/Audio/AmbienceFX/Ambience/Zone1/Global/Wind/AmbFX_Zone1_Wind_Base_Night.json","490","376BE761B1A99D73BE6A9CE5AD7FE596B80939D9D3F32940DE6ED9F6F09E0618"
"sound-definitions","AmbFX_Zone2_Desert_Day","AmbienceFX/Ambience/Zone2/Environments/Desert/AmbFX_Zone2_Desert_Day","Server/Audio/AmbienceFX/Ambience/Zone2/Environments/Desert/AmbFX_Zone2_Desert_Day.json","472","D328A7CC0C345DE2E58E11E751D8B6B920105139E08414FB51C450036C05D4E1"
"sound-definitions","AmbFX_Zone2_Savanna_Day","AmbienceFX/Ambience/Zone2/Environments/Savannah/AmbFX_Zone2_Savanna_Day","Server/Audio/AmbienceFX/Ambience/Zone2/Environments/Savannah/AmbFX_Zone2_Savanna_Day.json","844","2B3D7907881E962602052A13869E781396679D551B43D7B3DAF270C1B7EC8F08"
"sound-definitions","AmbFX_Zone2_Scrub_Day","AmbienceFX/Ambience/Zone2/Environments/Scrub_Brushland/AmbFX_Zone2_Scrub_Day","Server/Audio/AmbienceFX/Ambience/Zone2/Environments/Scrub_Brushland/AmbFX_Zone2_Scrub_Day.json","481","032550D2ED99ECF86F9ABEF73FE2CF7084B78E74CF76362A8EC6B2297302B9F6"
"sound-definitions","AmbFX_Zone2_Wind_Base_Low","AmbienceFX/Ambience/Zone2/Global/Wind/AmbFX_Zone2_Wind_Base_Low","Server/Audio/AmbienceFX/Ambience/Zone2/Global/Wind/AmbFX_Zone2_Wind_Base_Low.json","435","56E9772AB1AAC43A8A04B8C3C28D3015F461CE86DADEC150D1382ED070A5C528"
"sound-definitions","AmbFX_Zone2_Wind_Base_Medium","AmbienceFX/Ambience/Zone2/Global/Wind/AmbFX_Zone2_Wind_Base_Medium","Server/Audio/AmbienceFX/Ambience/Zone2/Global/Wind/AmbFX_Zone2_Wind_Base_Medium.json","481","3C8C8ECA6899EF4C84ABA3D32C14B9F33BA465C5272B5A1785A97E6E1F10E147"
"sound-definitions","AmbFX_Zone3_Dungeon","AmbienceFX/Ambience/Zone3/Environments/Dungeon/AmbFX_Zone3_Dungeon","Server/Audio/AmbienceFX/Ambience/Zone3/Environments/Dungeon/AmbFX_Zone3_Dungeon.json","249","1D09E1D36F12154AE33909840E1B87F0E5A2976B665FDD0E644C05DA6955843C"
"sound-definitions","AmbFX_Zone3_Forest_Active_Day","AmbienceFX/Ambience/Zone3/Environments/Forest/Day/AmbFX_Zone3_Forest_Active_Day","Server/Audio/AmbienceFX/Ambience/Zone3/Environments/Forest/Day/AmbFX_Zone3_Forest_Active_Day.json","426","EEECBE8784C037E31DBA383C0B3907AB61F820DB378C873811373E7321603900"
"sound-definitions","Emit_Zone3_Forest_Active_Day","AmbienceFX/Ambience/Zone3/Environments/Forest/Day/Emitters/Emit_Zone3_Forest_Active_Day","Server/Audio/AmbienceFX/Ambience/Zone3/Environments/Forest/Day/Emitters/Emit_Zone3_Forest_Active_Day.json","1433","E550503C830CCD97B289B5ED30127BE8102643BB73D34FABF1460F288C1AD3A9"
"sound-definitions","AmbFX_Zone3_Forest_Night","AmbienceFX/Ambience/Zone3/Environments/Forest/Night/AmbFX_Zone3_Forest_Night","Server/Audio/AmbienceFX/Ambience/Zone3/Environments/Forest/Night/AmbFX_Zone3_Forest_Night.json","419","CFFB8657319D1288F1D46A67A446AFA6116DAC1AA3AA66474198E0EEEDF7F8D4"
"sound-definitions","Emit_Zone3_Forest_Night","AmbienceFX/Ambience/Zone3/Environments/Forest/Night/Emitters/Emit_Zone3_Forest_Night","Server/Audio/AmbienceFX/Ambience/Zone3/Environments/Forest/Night/Emitters/Emit_Zone3_Forest_Night.json","726","5FB5226DAE344AD7144DB4BF983D52AF436F195E439C79B7FBD8EA58B2EEFEB0"
"sound-definitions","AmbFX_Zone3_Frozen_Day","AmbienceFX/Ambience/Zone3/Environments/Glacier/AmbFX_Zone3_Frozen_Day","Server/Audio/AmbienceFX/Ambience/Zone3/Environments/Glacier/AmbFX_Zone3_Frozen_Day.json","466","9F1F5407472BB5AB87F4395B9F424039CC4FCBA4702F2BFFC183F2E2BCEC4603"
"sound-definitions","AmbFX_Zone3_Frozen_Night","AmbienceFX/Ambience/Zone3/Environments/Glacier/AmbFX_Zone3_Frozen_Night","Server/Audio/AmbienceFX/Ambience/Zone3/Environments/Glacier/AmbFX_Zone3_Frozen_Night.json","469","4A8496340EF8554C41FF19425F070BEC01C048CD38A20B3AD4C3697535BCFD4D"
"sound-definitions","AmbFX_Zone3_Glacier_Crevasse","AmbienceFX/Ambience/Zone3/Environments/Glacier/AmbFX_Zone3_Glacier_Crevasse","Server/Audio/AmbienceFX/Ambience/Zone3/Environments/Glacier/AmbFX_Zone3_Glacier_Crevasse.json","427","A7F04FC396F523E020EA509FEDA6945C5DA09A7C7BB09BD08D045D8193F02866"
"sound-definitions","Emit_Zone3_Hedera","AmbienceFX/Ambience/Zone3/Environments/Hedera/Emitters/Emit_Zone3_Hedera","Server/Audio/AmbienceFX/Ambience/Zone3/Environments/Hedera/Emitters/Emit_Zone3_Hedera.json","605","8C8D20F9E63F2AE7206C0B064CF7CB9F98ECA640999489513299DC3E3D349EB2"
"sound-definitions","AmbFX_Zone3_Mountain_Day","AmbienceFX/Ambience/Zone3/Environments/Mountain/Day/AmbFX_Zone3_Mountain_Day","Server/Audio/AmbienceFX/Ambience/Zone3/Environments/Mountain/Day/AmbFX_Zone3_Mountain_Day.json","430","0B52346A81FDA037C48AC6FD00B91CD08862526821CCF1602A8DF41B04FCF893"
"sound-definitions","Emit_Zone3_Mountain_Day","AmbienceFX/Ambience/Zone3/Environments/Mountain/Day/Emitters/Emit_Zone3_Mountain_Day","Server/Audio/AmbienceFX/Ambience/Zone3/Environments/Mountain/Day/Emitters/Emit_Zone3_Mountain_Day.json","589","2250DDCE5871337B003B0A9641549C70BA51EF270A0763495A44699D537277C2"
"sound-definitions","AmbFX_Zone3_Plains_Day","AmbienceFX/Ambience/Zone3/Environments/Plains/Day/AmbFX_Zone3_Plains_Day","Server/Audio/AmbienceFX/Ambience/Zone3/Environments/Plains/Day/AmbFX_Zone3_Plains_Day.json","529","750FD9AD935240819F8D335CA451BD2EE80A3099BD34438F928B404E0F4FF130"
"sound-definitions","AmbFX_Zone3_Plains_Night","AmbienceFX/Ambience/Zone3/Environments/Plains/Night/AmbFX_Zone3_Plains_Night","Server/Audio/AmbienceFX/Ambience/Zone3/Environments/Plains/Night/AmbFX_Zone3_Plains_Night.json","533","C115F43DF1AF45A9643752DE1E0D66FBFC2A31907D29BAA9E6DB67C4547677BD"
"sound-definitions","AmbFX_Zone3_Cave","AmbienceFX/Ambience/Zone3/Global/Cave/AmbFX_Zone3_Cave","Server/Audio/AmbienceFX/Ambience/Zone3/Global/Cave/AmbFX_Zone3_Cave.json","547","A12B3CC4A0777CE193309F5FC0E9C5231AD74AC9FD4F282A7C9BB26407203025"
"sound-definitions","Emit_Zone3_Cave","AmbienceFX/Ambience/Zone3/Global/Cave/Emitters/Emit_Zone3_Cave","Server/Audio/AmbienceFX/Ambience/Zone3/Global/Cave/Emitters/Emit_Zone3_Cave.json","1337","E75CA8BE38AE3C943C3C63E6B16F65DDFB675D3108320DE8F73D125DB92CE076"
"sound-definitions","AmbFX_Zone3_Night","AmbienceFX/Ambience/Zone3/Global/Night/AmbFX_Zone3_Night","Server/Audio/AmbienceFX/Ambience/Zone3/Global/Night/AmbFX_Zone3_Night.json","422","F3E7AD8C0E8A44A2C39C3390093CB7D4320F2CF9F33B86BCCECED6A7AA29A249"
"sound-definitions","AmbFX_Zone3_Sunrise","AmbienceFX/Ambience/Zone3/Global/Sunrise/AmbFX_Zone3_Sunrise","Server/Audio/AmbienceFX/Ambience/Zone3/Global/Sunrise/AmbFX_Zone3_Sunrise.json","569","035D7B360E0B4ED3B8B091E8EDFDB8797965FF576203F875565C9ECDCEB26685"
"sound-definitions","AmbFX_Zone3_Sunset","AmbienceFX/Ambience/Zone3/Global/Sunset/AmbFX_Zone3_Sunset","Server/Audio/AmbienceFX/Ambience/Zone3/Global/Sunset/AmbFX_Zone3_Sunset.json","567","7E6D83FAA0B2C22041ED32ADF6FBE906BF6D3536225AFDEDD4B73E7F27F558E5"
"sound-definitions","AmbFX_Zone3_Wind_Base_Low","AmbienceFX/Ambience/Zone3/Global/Wind/AmbFX_Zone3_Wind_Base_Low","Server/Audio/AmbienceFX/Ambience/Zone3/Global/Wind/AmbFX_Zone3_Wind_Base_Low.json","491","E8EF9F0974A5AB59C50C0ADE21DF2BE085AC30C1C4011E73BF0B3EE51D993E9D"
"sound-definitions","AmbFX_Zone3_Wind_Base_Medium","AmbienceFX/Ambience/Zone3/Global/Wind/AmbFX_Zone3_Wind_Base_Medium","Server/Audio/AmbienceFX/Ambience/Zone3/Global/Wind/AmbFX_Zone3_Wind_Base_Medium.json","484","725075329EDDB88D37755D5C2C003416A5E8BA97ABBDE5B7F6284842050BB7FC"
"sound-definitions","AmbFX_Zone3_Wind_Base_Night","AmbienceFX/Ambience/Zone3/Global/Wind/AmbFX_Zone3_Wind_Base_Night","Server/Audio/AmbienceFX/Ambience/Zone3/Global/Wind/AmbFX_Zone3_Wind_Base_Night.json","491","F5E9EC416DFDFD3A0C0530A10F09B3140E04C10BB3698D2412F0A21D0533CB24"
"sound-definitions","Emit_Zone3_Wind_Emitters","AmbienceFX/Ambience/Zone3/Global/Wind/Emitters/Emit_Zone3_Wind_Emitters","Server/Audio/AmbienceFX/Ambience/Zone3/Global/Wind/Emitters/Emit_Zone3_Wind_Emitters.json","635","C3A54444B6483A2C5DEE5C157571129A7BFAA25E42B53F25F85884CE2F14DE1A"
"sound-definitions","AmbFX_Zone4_Caves","AmbienceFX/Ambience/Zone4/Environments/AmbFX_Zone4_Caves","Server/Audio/AmbienceFX/Ambience/Zone4/Environments/AmbFX_Zone4_Caves.json","562","7F23AC940E661BC8E67DD2834D64EC3A10407F60116B11C30A3CDBEE616CF4AC"
"sound-definitions","AmbFX_Zone4_Forest","AmbienceFX/Ambience/Zone4/Environments/AmbFX_Zone4_Forest","Server/Audio/AmbienceFX/Ambience/Zone4/Environments/AmbFX_Zone4_Forest.json","519","09BE12319D03B9A128B14034400EF97EDB22146A71EA6034BDD44722D41D3FD2"
"sound-definitions","AmbFX_Zone4_Jungle_Base","AmbienceFX/Ambience/Zone4/Environments/AmbFX_Zone4_Jungle_Base","Server/Audio/AmbienceFX/Ambience/Zone4/Environments/AmbFX_Zone4_Jungle_Base.json","420","59C2628BA6AB88C319CE5964143FB8ADF9D729EBD4215E8CABFA1C8B87BE6763"
"sound-definitions","AmbFX_Zone4_Jungle_Day","AmbienceFX/Ambience/Zone4/Environments/AmbFX_Zone4_Jungle_Day","Server/Audio/AmbienceFX/Ambience/Zone4/Environments/AmbFX_Zone4_Jungle_Day.json","475","D5A4DCD36ED1A2E7A2D994ADD6EE018E2DB0B4191D35762A796397671AF2A115"
"sound-definitions","AmbFX_Zone4_Sewers","AmbienceFX/Ambience/Zone4/Environments/AmbFX_Zone4_Sewers","Server/Audio/AmbienceFX/Ambience/Zone4/Environments/AmbFX_Zone4_Sewers.json","412","6771FC7A4CED5096FC5538F01F847EDA1905452C6DF02D7DB306239AB9242749"
"sound-definitions","AmbFX_Zone4_Wastes","AmbienceFX/Ambience/Zone4/Environments/AmbFX_Zone4_Wastes","Server/Audio/AmbienceFX/Ambience/Zone4/Environments/AmbFX_Zone4_Wastes.json","914","2FA030DE4FEF6E6F4708CFAEA06386289152D5A8BD60B4EFA032C185FC91D9FA"
"sound-definitions","AmbFX_Zone4_Wind_Base_Low","AmbienceFX/Ambience/Zone4/Wind/AmbFX_Zone4_Wind_Base_Low","Server/Audio/AmbienceFX/Ambience/Zone4/Wind/AmbFX_Zone4_Wind_Base_Low.json","433","94C1F44D44060B76BD6798F4D7E5EA88E1E11FE978DEC0EC7753BA6958774874"
"sound-definitions","AmbFX_Zone4_Wind_Base_Medium","AmbienceFX/Ambience/Zone4/Wind/AmbFX_Zone4_Wind_Base_Medium","Server/Audio/AmbienceFX/Ambience/Zone4/Wind/AmbFX_Zone4_Wind_Base_Medium.json","480","88A361E40452111733278A08D1365816C6E4ACDEFC91775A59EF88FC50A4AB58"
"sound-definitions","Mus_Fallback_Overground","AmbienceFX/Music/Global/Mus_Fallback_Overground","Server/Audio/AmbienceFX/Music/Global/Mus_Fallback_Overground.json","240","7FD6743AAC460B0BBAD1BC64762C5B8DA3AF187E3D975F83EE19E7267CF189AC"
"sound-definitions","Mus_Fallback_Underground","AmbienceFX/Music/Global/Mus_Fallback_Underground","Server/Audio/AmbienceFX/Music/Global/Mus_Fallback_Underground.json","228","73F4941FBEFAD35BE832B4EE210CB3D57F8E4407AE9B7135AF3E378A1F66E66B"
"sound-definitions","Mus_CreativeHub","AmbienceFX/Music/Unique/Mus_CreativeHub","Server/Audio/AmbienceFX/Music/Unique/Mus_CreativeHub.json","276","1EDD6608D82DAA7C1068D1AEF0D4AC627596DB5F805A9F22DE7C6C20A96FE54B"
"sound-definitions","Mus_ForgottenTemple","AmbienceFX/Music/Unique/Mus_ForgottenTemple","Server/Audio/AmbienceFX/Music/Unique/Mus_ForgottenTemple.json","267","F8D2B50843FA561A7A0223CC30A0BD5E8CEF02B2EAD80B92A95EF061186460E3"
"sound-definitions","Mus_Zone0","AmbienceFX/Music/Zone0/Mus_Zone0","Server/Audio/AmbienceFX/Music/Zone0/Mus_Zone0.json","156","E394742863D89D670B05556FA9EDE189BEFA034A5904249C14C4E46AB9E3174A"
"sound-definitions","Mus_Zone1_Cave","AmbienceFX/Music/Zone1/Mus_Zone1_Cave","Server/Audio/AmbienceFX/Music/Zone1/Mus_Zone1_Cave.json","250","F78C467E69DB927FB58858ECBC19D439868EE77C62AE33D925A135483CFDBFE8"
"sound-definitions","Mus_Zone1_Day","AmbienceFX/Music/Zone1/Mus_Zone1_Day","Server/Audio/AmbienceFX/Music/Zone1/Mus_Zone1_Day.json","216","DF769680751D8D23792FBA110959E846DD8987CFE48CC76F7EEDC9F14178BD11"
"sound-definitions","Mus_Zone1_Day_Rain","AmbienceFX/Music/Zone1/Mus_Zone1_Day_Rain","Server/Audio/AmbienceFX/Music/Zone1/Mus_Zone1_Day_Rain.json","448","3E28A03C31BA869C9B721D0618C45815FB705A1D146927439ADD384EA90949DC"
"sound-definitions","Mus_Zone1_Dungeon","AmbienceFX/Music/Zone1/Mus_Zone1_Dungeon","Server/Audio/AmbienceFX/Music/Zone1/Mus_Zone1_Dungeon.json","409","7ADDADCDFE3F53EEFAF1EDDB683C532B0BD58A18637A1218E92BFF08BA982F97"
"sound-definitions","Mus_Zone1_Dungeon_Boss","AmbienceFX/Music/Zone1/Mus_Zone1_Dungeon_Boss","Server/Audio/AmbienceFX/Music/Zone1/Mus_Zone1_Dungeon_Boss.json","246","264FB76D26E93C587E011BEDFF320C1391F138846C9D08EB9B7808200ABFBD46"
"sound-definitions","Mus_Zone1_Dungeon_Goblin_Boss_Ogre","AmbienceFX/Music/Zone1/Mus_Zone1_Dungeon_Goblin_Boss_Ogre","Server/Audio/AmbienceFX/Music/Zone1/Mus_Zone1_Dungeon_Goblin_Boss_Ogre.json","239","C066FFC1757AAD79C2DCD146D47046003C6886042C37308D3E3CE08FA1848091"
"sound-definitions","Mus_Zone1_Kweebec_Day","AmbienceFX/Music/Zone1/Mus_Zone1_Kweebec_Day","Server/Audio/AmbienceFX/Music/Zone1/Mus_Zone1_Kweebec_Day.json","469","11BF02F2EC3CA8C38389C3D374D73B2B1E3DFAB97A470D140CACB5FFEAD02B54"
"sound-definitions","Mus_Zone1_Kweebec_Night","AmbienceFX/Music/Zone1/Mus_Zone1_Kweebec_Night","Server/Audio/AmbienceFX/Music/Zone1/Mus_Zone1_Kweebec_Night.json","471","2F2FCD6231344D890A0F1ACA3557F95ECA9A860EB4E484565785C26A4061AE0B"
"sound-definitions","Mus_Zone1_MageTower","AmbienceFX/Music/Zone1/Mus_Zone1_MageTower","Server/Audio/AmbienceFX/Music/Zone1/Mus_Zone1_MageTower.json","414","96905F7BF134E963F730C0CA7D1BB641E923C1685DF602626B53820D4FAB2EB8"
"sound-definitions","Mus_Zone1_Night","AmbienceFX/Music/Zone1/Mus_Zone1_Night","Server/Audio/AmbienceFX/Music/Zone1/Mus_Zone1_Night.json","218","E1546BB58CDD5610A450026B90C2689C5881783C0FA5431966C38BF815000163"
"sound-definitions","Mus_Zone1_Night_Rain","AmbienceFX/Music/Zone1/Mus_Zone1_Night_Rain","Server/Audio/AmbienceFX/Music/Zone1/Mus_Zone1_Night_Rain.json","450","6316019F72B0F430C370C85B9671B9F434FC1614894E1396B949E0C8ED0D6089"
"sound-definitions","Mus_Zone1_Sunrise","AmbienceFX/Music/Zone1/Mus_Zone1_Sunrise","Server/Audio/AmbienceFX/Music/Zone1/Mus_Zone1_Sunrise.json","676","1E8D4A55EE15EA1D00DB47CE91271A993AE5D115BCC0A93D651D4B5FF21577F4"
"sound-definitions","Mus_Zone1_Trork_Day","AmbienceFX/Music/Zone1/Mus_Zone1_Trork_Day","Server/Audio/AmbienceFX/Music/Zone1/Mus_Zone1_Trork_Day.json","318","5ACE8993BC2498A87379AF5338D04BF3908CE816D6F792B268F83C743D98766C"
"sound-definitions","Mus_Zone1_Trork_Night","AmbienceFX/Music/Zone1/Mus_Zone1_Trork_Night","Server/Audio/AmbienceFX/Music/Zone1/Mus_Zone1_Trork_Night.json","320","0ABA6C4C6789F13FA5DDF01951F1ADA2B8B98F44A627D1E2345609A56CC033B0"
"sound-definitions","Mus_Zone2_Cave","AmbienceFX/Music/Zone2/Mus_Zone2_Cave","Server/Audio/AmbienceFX/Music/Zone2/Mus_Zone2_Cave.json","250","255F7B513404266D5B83A47C398D29BED412650012700C4C55910983470E8EC7"
"sound-definitions","Mus_Zone2_Day","AmbienceFX/Music/Zone2/Mus_Zone2_Day","Server/Audio/AmbienceFX/Music/Zone2/Mus_Zone2_Day.json","216","E15C16208C5F9DED69884FF819BF012D08CCBB8EFC5CA4D74C4238EA3CA8F5F5"
"sound-definitions","Mus_Zone2_Dungeon","AmbienceFX/Music/Zone2/Mus_Zone2_Dungeon","Server/Audio/AmbienceFX/Music/Zone2/Mus_Zone2_Dungeon.json","408","CD5869E89F3017B2B8EDD66A7626EB7844E9B68E94846E64DFBA5794324EC7FA"
"sound-definitions","Mus_Zone2_Feran_Day","AmbienceFX/Music/Zone2/Mus_Zone2_Feran_Day","Server/Audio/AmbienceFX/Music/Zone2/Mus_Zone2_Feran_Day.json","318","4A2C76926660D164BA0649A6E85DD7E9623F0D9A37E9A0DA2EC1548AE0B829E7"
"sound-definitions","Mus_Zone2_Feran_Night","AmbienceFX/Music/Zone2/Mus_Zone2_Feran_Night","Server/Audio/AmbienceFX/Music/Zone2/Mus_Zone2_Feran_Night.json","320","3DDE41011DB6659130B6D2E28B99952A67D387D4169060549B776762F340DEC3"
"sound-definitions","Mus_Zone2_Night","AmbienceFX/Music/Zone2/Mus_Zone2_Night","Server/Audio/AmbienceFX/Music/Zone2/Mus_Zone2_Night.json","218","1776C6E1B79754C616AF83BFA6CC004123F0D086F05457F376EF8EAED1BF6471"
"sound-definitions","Mus_Zone2_Sand_Storm_Day","AmbienceFX/Music/Zone2/Mus_Zone2_Sand_Storm_Day","Server/Audio/AmbienceFX/Music/Zone2/Mus_Zone2_Sand_Storm_Day.json","279","449EB6CA4E8246B823C76AB6B924928F5E8B9CD2CAB6049C072200E619F8A8AD"
"sound-definitions","Mus_Zone2_Sand_Storm_Night","AmbienceFX/Music/Zone2/Mus_Zone2_Sand_Storm_Night","Server/Audio/AmbienceFX/Music/Zone2/Mus_Zone2_Sand_Storm_Night.json","281","37BC49A9D32C5F2C8C70D903D2F31CE819C9953D5B5CDEE8195BCAFEBC9D7AC8"
"sound-definitions","Mus_Zone2_Scarak","AmbienceFX/Music/Zone2/Mus_Zone2_Scarak","Server/Audio/AmbienceFX/Music/Zone2/Mus_Zone2_Scarak.json","257","FD6FBE952083BFE9519937BDB1BD01C234A263EBFCAAD2733DA9E9ED350CCF9D"
"sound-definitions","Mus_Zone2_Thunder_Storm_Day","AmbienceFX/Music/Zone2/Mus_Zone2_Thunder_Storm_Day","Server/Audio/AmbienceFX/Music/Zone2/Mus_Zone2_Thunder_Storm_Day.json","278","DBFF6EA4906517B597A5F5EA839EA7BBC3F8149AD76DCC8A6CD410001B5AD91B"
"sound-definitions","Mus_Zone2_Thunder_Storm_Night","AmbienceFX/Music/Zone2/Mus_Zone2_Thunder_Storm_Night","Server/Audio/AmbienceFX/Music/Zone2/Mus_Zone2_Thunder_Storm_Night.json","278","A3B57CAB5DCF3DAB9221E778E2CC2C3F7D3D3ECA92A50ED5CD40C44A88A933B3"
"sound-definitions","Mus_Zone3_Cave","AmbienceFX/Music/Zone3/Mus_Zone3_Cave","Server/Audio/AmbienceFX/Music/Zone3/Mus_Zone3_Cave.json","250","7A85158AE66A8520844BF045CB0D2F8933B73F31F1EE505FEAC61379FE504462"
"sound-definitions","Mus_Zone3_Day","AmbienceFX/Music/Zone3/Mus_Zone3_Day","Server/Audio/AmbienceFX/Music/Zone3/Mus_Zone3_Day.json","216","C465B09DA49893754FEAD27FDA142077929C02D741418E618D971851B6833BA2"
"sound-definitions","Mus_Zone3_Dungeon","AmbienceFX/Music/Zone3/Mus_Zone3_Dungeon","Server/Audio/AmbienceFX/Music/Zone3/Mus_Zone3_Dungeon.json","470","B68A90FF10837A302719C4D79B2417E3FB774EECA9C9EC8401961383A2E26096"
"sound-definitions","Mus_Zone3_Hedera","AmbienceFX/Music/Zone3/Mus_Zone3_Hedera","Server/Audio/AmbienceFX/Music/Zone3/Mus_Zone3_Hedera.json","251","1F52A4DB0C397AD283FEE1604E42DC24136AE49150BA4F9F4C79F9038965FBA7"
"sound-definitions","Mus_Zone3_Night","AmbienceFX/Music/Zone3/Mus_Zone3_Night","Server/Audio/AmbienceFX/Music/Zone3/Mus_Zone3_Night.json","218","344C9692DC920D79EBBF2DFA14272EF4B86966445B6F5E024C3D9E2B60DCED5C"
"sound-definitions","Mus_Zone3_Outlander_Day","AmbienceFX/Music/Zone3/Mus_Zone3_Outlander_Day","Server/Audio/AmbienceFX/Music/Zone3/Mus_Zone3_Outlander_Day.json","326","CAEAD89F2C9AE1E5436F8C8C16A83B8BA0216B478C9C6C7707E092817E95DA08"
"sound-definitions","Mus_Zone3_Outlander_Night","AmbienceFX/Music/Zone3/Mus_Zone3_Outlander_Night","Server/Audio/AmbienceFX/Music/Zone3/Mus_Zone3_Outlander_Night.json","328","FFE42A2F3A9A9ED595A893793EAB440A508EE5C6CBD6C679824B8D784B7AC006"
"sound-definitions","Mus_Zone4_Caves","AmbienceFX/Music/Zone4/Mus_Zone4_Caves","Server/Audio/AmbienceFX/Music/Zone4/Mus_Zone4_Caves.json","309","C9BBD6092896B104DE8E77D3B1ED69AF84AF3E59D4ECB32ADB1C1BACC3B1F025"
"sound-definitions","Mus_Zone4_Dark","AmbienceFX/Music/Zone4/Mus_Zone4_Dark","Server/Audio/AmbienceFX/Music/Zone4/Mus_Zone4_Dark.json","161","7D43C8F35B567E1C85817C43820B25C779943A2736579172320A1A3D995E1A96"
"sound-definitions","Mus_Zone4_Jungle","AmbienceFX/Music/Zone4/Mus_Zone4_Jungle","Server/Audio/AmbienceFX/Music/Zone4/Mus_Zone4_Jungle.json","165","E5E6D075779D39F901C9C2218C2ABC10AE14CE9D7D9191D8D5176E350879922F"
"sound-definitions","Mus_Zone4_Sewers","AmbienceFX/Music/Zone4/Mus_Zone4_Sewers","Server/Audio/AmbienceFX/Music/Zone4/Mus_Zone4_Sewers.json","407","22BF15A9027D54F320683CA9AFB5F6E5F5C4BDC7F6E1C392EC268A925313DE5B"
"sound-definitions","Rev_Zone_Cave_Large","AmbienceFX/ReverbZones/Cave/Rev_Zone_Cave_Large","Server/Audio/AmbienceFX/ReverbZones/Cave/Rev_Zone_Cave_Large.json","227","7B9D57E546E6392B1DC74E2799D9306CBAF67709F19BBCF7BA2465E26CB7EAA1"
"sound-definitions","Rev_Zone_Cave_Small","AmbienceFX/ReverbZones/Cave/Rev_Zone_Cave_Small","Server/Audio/AmbienceFX/ReverbZones/Cave/Rev_Zone_Cave_Small.json","226","9CD2B618065C629A32B6ED6338EDCD48AF38FAB0E9A55D0D2E6237A59A97BEA0"
"sound-definitions","Rev_Zone_Enclosed","AmbienceFX/ReverbZones/Cave/Rev_Zone_Enclosed","Server/Audio/AmbienceFX/ReverbZones/Cave/Rev_Zone_Enclosed.json","135","5245F343CCE816789B62B2315F83224CD3817E74329F185DA228A4ECE5570CEC"
"sound-definitions","Rev_Zone_Ice_Cave","AmbienceFX/ReverbZones/Cave/Rev_Zone_Ice_Cave","Server/Audio/AmbienceFX/ReverbZones/Cave/Rev_Zone_Ice_Cave.json","274","3FC2A970A15BD87BF8AA48BD676F928F4DB35DA2CCC3646077E891847F6E9A5D"
"sound-definitions","Rev_Zone_Tunnel","AmbienceFX/ReverbZones/Cave/Rev_Zone_Tunnel","Server/Audio/AmbienceFX/ReverbZones/Cave/Rev_Zone_Tunnel.json","289","ED43AC447D26C3B1B18DA796B10C9D225EDC6AD2953065F7073619C76D0B5D53"
"sound-definitions","Rev_Zone_Forest","AmbienceFX/ReverbZones/Exterior/Rev_Zone_Forest","Server/Audio/AmbienceFX/ReverbZones/Exterior/Rev_Zone_Forest.json","279","F9055F028F2A90360186F0FF0FBBCA6E6E807DFFE39DD02DC4F0A70CCD6BF6D4"
"sound-definitions","Rev_Zone_Mountain","AmbienceFX/ReverbZones/Exterior/Rev_Zone_Mountain","Server/Audio/AmbienceFX/ReverbZones/Exterior/Rev_Zone_Mountain.json","196","6AC4E14F0D90A4139A79792EFFAFAD9F71C72285D957D1F0AC45A6737ABFB9D2"
"sound-definitions","Rev_Zone_Outdoor","AmbienceFX/ReverbZones/Exterior/Rev_Zone_Outdoor","Server/Audio/AmbienceFX/ReverbZones/Exterior/Rev_Zone_Outdoor.json","133","214170A34C0BE68527B0C8A4185D8871BB990BAFFBF521DC0B5A1996ED57089D"
"sound-definitions","Rev_Zone_Partial","AmbienceFX/ReverbZones/Exterior/Rev_Zone_Partial","Server/Audio/AmbienceFX/ReverbZones/Exterior/Rev_Zone_Partial.json","145","3132BBC8239812BF7A184AC7AA65486BF8D95F352B0A91862D7BB3B53DF0B1D3"
"sound-definitions","Rev_Zone_Snow_Forest","AmbienceFX/ReverbZones/Exterior/Rev_Zone_Snow_Forest","Server/Audio/AmbienceFX/ReverbZones/Exterior/Rev_Zone_Snow_Forest.json","403","999AA6BD2E28F7B8D1B2DFFC26041D84709F728B67E964819F3E59A661118134"
"sound-definitions","Rev_Zone_Snow_Mountain","AmbienceFX/ReverbZones/Exterior/Rev_Zone_Snow_Mountain","Server/Audio/AmbienceFX/ReverbZones/Exterior/Rev_Zone_Snow_Mountain.json","320","5EEA0ED7889FC181A6D4E9E83DA590CCA50B1742E071895204AA2350C7EBFDEF"
"sound-definitions","Rev_Zone_Snow_Plains","AmbienceFX/ReverbZones/Exterior/Rev_Zone_Snow_Plains","Server/Audio/AmbienceFX/ReverbZones/Exterior/Rev_Zone_Snow_Plains.json","274","4D3BCB19689061942E2A6A276ACF502354A6B8DF8D8C5CBDD7869053B2156B42"
"sound-definitions","Rev_Zone_Hall","AmbienceFX/ReverbZones/Interior/Rev_Zone_Hall","Server/Audio/AmbienceFX/ReverbZones/Interior/Rev_Zone_Hall.json","599","58EDB60B032273A5BEF6415B9AD72376954E7F64B01D23B289837D66FC65A48B"
"sound-definitions","Rev_Zone_Room_Dead","AmbienceFX/ReverbZones/Interior/Rev_Zone_Room_Dead","Server/Audio/AmbienceFX/ReverbZones/Interior/Rev_Zone_Room_Dead.json","201","D0C97D99127C010779C183D3E6C47571B976F48CD29026AC06D57CB18B067DF8"
"sound-definitions","Rev_Zone_Room_Generic","AmbienceFX/ReverbZones/Interior/Rev_Zone_Room_Generic","Server/Audio/AmbienceFX/ReverbZones/Interior/Rev_Zone_Room_Generic.json","190","A0A720CC7312A6666EEE98C3DE9BB12297E6AC4189A11752EC13FE91EDF4D565"
"sound-definitions","Rev_Zone_Room_Medium","AmbienceFX/ReverbZones/Interior/Rev_Zone_Room_Medium","Server/Audio/AmbienceFX/ReverbZones/Interior/Rev_Zone_Room_Medium.json","600","CFD8953E3E3FA9FD6202B82A060F7C333B8531378D4AF0DE305EABEE58452F66"
"sound-definitions","Rev_Zone_Room_Stone","AmbienceFX/ReverbZones/Interior/Rev_Zone_Room_Stone","Server/Audio/AmbienceFX/ReverbZones/Interior/Rev_Zone_Room_Stone.json","642","5E0D70D432A97EF956865F9A0D9B3FCDE0124337F9321F7A2D1F272B4A03F468"
"sound-definitions","Rev_Zone_Room_Wood","AmbienceFX/ReverbZones/Interior/Rev_Zone_Room_Wood","Server/Audio/AmbienceFX/ReverbZones/Interior/Rev_Zone_Room_Wood.json","321","2A44962EBCE2F56D7E67673ABF5DD2887DC559F9C7BF67B216BC1DB145E9C6F3"
"sound-definitions","Rev_Zone_Sheltered","AmbienceFX/ReverbZones/Interior/Rev_Zone_Sheltered","Server/Audio/AmbienceFX/ReverbZones/Interior/Rev_Zone_Sheltered.json","141","88850325710B68C6E97DE44443BDD25FE5D987765572F0F1278DFD32C3B19EF2"
"sound-definitions","Rev_Zone_Mage_Tower","AmbienceFX/ReverbZones/Prefabs/Rev_Zone_Mage_Tower","Server/Audio/AmbienceFX/ReverbZones/Prefabs/Rev_Zone_Mage_Tower.json","285","A889BFAED6DFE468F1C600C60C96185D430488D20E8EBDB31D1C87EEE06D53D7"
"sound-definitions","Rev_Zone_Mineshaft","AmbienceFX/ReverbZones/Prefabs/Rev_Zone_Mineshaft","Server/Audio/AmbienceFX/ReverbZones/Prefabs/Rev_Zone_Mineshaft.json","360","D93BF9713117E9FE8C74DE37AAA196FD304A33D2BF999F19621B358518F2AA12"
"sound-definitions","AmbFXState_Zone1_Cave_Deep","AmbienceFX/States/Zone1/Caves/AmbFXState_Zone1_Cave_Deep","Server/Audio/AmbienceFX/States/Zone1/Caves/AmbFXState_Zone1_Cave_Deep.json","404","0F5A246F8C2112D8DA7193F193BCB059ACB57D5D76DA7BA6E20F81F2DBA6741B"
"sound-definitions","AmbFXState_Zone1_Cave_Shallow","AmbienceFX/States/Zone1/Caves/AmbFXState_Zone1_Cave_Shallow","Server/Audio/AmbienceFX/States/Zone1/Caves/AmbFXState_Zone1_Cave_Shallow.json","409","25F8FE29D67C6AEC66E960933FC8C8816F82AB77199BD6A43FEC11BE09C948B7"
"sound-definitions","AmbFXState_Zone1_Cave_Volcanic","AmbienceFX/States/Zone1/Caves/AmbFXState_Zone1_Cave_Volcanic","Server/Audio/AmbienceFX/States/Zone1/Caves/AmbFXState_Zone1_Cave_Volcanic.json","422","8BE0D0338960620817B9169A25D0F62E185CDF07669E6EA27B0B8C52371C8D23"
"sound-definitions","AmbFXState_Zone2_Cave_Deep","AmbienceFX/States/Zone2/Caves/AmbFXState_Zone2_Cave_Deep","Server/Audio/AmbienceFX/States/Zone2/Caves/AmbFXState_Zone2_Cave_Deep.json","404","E92260CAA51FE4240232C8C2CF41AC0A29868355DF161A6213D8A87B251F040D"
"sound-definitions","AmbFXState_Zone2_Cave_Shallow","AmbienceFX/States/Zone2/Caves/AmbFXState_Zone2_Cave_Shallow","Server/Audio/AmbienceFX/States/Zone2/Caves/AmbFXState_Zone2_Cave_Shallow.json","409","3F503760169248B825AEFCDDC1407435E97AE3B6BFF91C47E2EB16B7F9743A5B"
"sound-definitions","AmbFXState_Zone2_Cave_Volcanic","AmbienceFX/States/Zone2/Caves/AmbFXState_Zone2_Cave_Volcanic","Server/Audio/AmbienceFX/States/Zone2/Caves/AmbFXState_Zone2_Cave_Volcanic.json","422","57E941B35BE8CE217AD69A5462E9FE4E149E8442D1441B358BE58606FF0BC95F"
"sound-definitions","AmbFXState_Zone3_Cave_Deep","AmbienceFX/States/Zone3/Caves/AmbFXState_Zone3_Cave_Deep","Server/Audio/AmbienceFX/States/Zone3/Caves/AmbFXState_Zone3_Cave_Deep.json","404","D4C6386B630124A89D9B858F5AB6B66487A34932874C8BA804064891628B6CCC"
"sound-definitions","AmbFXState_Zone3_Cave_Shallow","AmbienceFX/States/Zone3/Caves/AmbFXState_Zone3_Cave_Shallow","Server/Audio/AmbienceFX/States/Zone3/Caves/AmbFXState_Zone3_Cave_Shallow.json","409","6BB5C702C8234B3EEFAC9A134018B5FBA561F7CA94ED0C9636ED9E02954D55E9"
"sound-definitions","AmbFXState_Zone3_Cave_Volcanic","AmbienceFX/States/Zone3/Caves/AmbFXState_Zone3_Cave_Volcanic","Server/Audio/AmbienceFX/States/Zone3/Caves/AmbFXState_Zone3_Cave_Volcanic.json","422","6190A136AAC34049CA6590DFE4AC64AACE05684D7A0FFF97CC9FDB43ED7237EC"
"sound-definitions","AmbFXState_Zone4_Cave_Volcanic","AmbienceFX/States/Zone4/Caves/AmbFXState_Zone4_Cave_Volcanic","Server/Audio/AmbienceFX/States/Zone4/Caves/AmbFXState_Zone4_Cave_Volcanic.json","351","9B514CED02F7094B3482FFC559F036B9BA246C5EFE3C9EEA38CCC8E71E124BA1"
"sound-definitions","Z2_Dungeon","AmbienceFX/Z2_Dungeon","Server/Audio/AmbienceFX/Z2_Dungeon.json","331","B7509CCAD6E5217CC399FCC31B866773A8416652046675DA525BC58A51E541E7"
"sound-definitions","AudioCat_Abilities","AudioCategories/AudioCat_Abilities","Server/Audio/AudioCategories/AudioCat_Abilities.json","46","8655194A6237ABF6E93055A41B93C0CFA6FEB07CA30E28E0D65FD180FBA2A1C4"
"sound-definitions","AudioCat_Ambient","AudioCategories/AudioCat_Ambient","Server/Audio/AudioCategories/AudioCat_Ambient.json","41","9169811CE22DE11A36C38D6CEC4A655BD3E11F088DCF8B94DA39097E4BE8D8DD"
"sound-definitions","AudioCat_AmbientMusic","AudioCategories/AudioCat_AmbientMusic","Server/Audio/AudioCategories/AudioCat_AmbientMusic.json","264","2C3BCC8355915F6C317197C6C5734D7AB54C93B84B864B1F0B4F137501AFD0E6"
"sound-definitions","AudioCat_BlockSounds","AudioCategories/AudioCat_BlockSounds","Server/Audio/AudioCategories/AudioCat_BlockSounds.json","46","8655194A6237ABF6E93055A41B93C0CFA6FEB07CA30E28E0D65FD180FBA2A1C4"
"sound-definitions","AudioCat_Discovery","AudioCategories/AudioCat_Discovery","Server/Audio/AudioCategories/AudioCat_Discovery.json","46","81CF4DCBFC9FA73E4852422918D63AD36FF400DE1C9E8593945F92CBA00EFDFD"
"sound-definitions","AudioCat_Footsteps","AudioCategories/AudioCat_Footsteps","Server/Audio/AudioCategories/AudioCat_Footsteps.json","46","A4A9E4CEB35415D087D96C1D817421366AE418888795D922E255E4029F20F02C"
"sound-definitions","AudioCat_Inventory","AudioCategories/AudioCat_Inventory","Server/Audio/AudioCategories/AudioCat_Inventory.json","46","A8D3AD8A37ABEFA6B2DE51AF55F1DC4FF14D8F8FC5214B64C5BE5DB2F78D69F8"
"sound-definitions","AudioCat_Music","AudioCategories/AudioCat_Music","Server/Audio/AudioCategories/AudioCat_Music.json","18","48345FAD17349D41DDF32FFAC9C3D159CE61BA0F6DA99E9FFD03C18458E9666C"
"sound-definitions","AudioCat_Music_Combat","AudioCategories/AudioCat_Music_Combat","Server/Audio/AudioCategories/AudioCat_Music_Combat.json","70","A11099F1E5C1244B6424D5DC7C6CE5461D9B88BFB9FBA14224C08032650FE4E4"
"sound-definitions","AudioCat_Music_In_Game","AudioCategories/AudioCat_Music_In_Game","Server/Audio/AudioCategories/AudioCat_Music_In_Game.json","52","A534B995D7BCADC6A7BC038A402B242C93F6AC5875189940B6477107037F3DDA"
"sound-definitions","AudioCat_NPC","AudioCategories/AudioCat_NPC","Server/Audio/AudioCategories/AudioCat_NPC.json","46","8655194A6237ABF6E93055A41B93C0CFA6FEB07CA30E28E0D65FD180FBA2A1C4"
"sound-definitions","AudioCat_SFX","AudioCategories/AudioCat_SFX","Server/Audio/AudioCategories/AudioCat_SFX.json","18","48345FAD17349D41DDF32FFAC9C3D159CE61BA0F6DA99E9FFD03C18458E9666C"
"sound-definitions","AudioCat_UI","AudioCategories/AudioCat_UI","Server/Audio/AudioCategories/AudioCat_UI.json","18","48345FAD17349D41DDF32FFAC9C3D159CE61BA0F6DA99E9FFD03C18458E9666C"
"sound-definitions","AudioCat_Voice","AudioCategories/AudioCat_Voice","Server/Audio/AudioCategories/AudioCat_Voice.json","18","48345FAD17349D41DDF32FFAC9C3D159CE61BA0F6DA99E9FFD03C18458E9666C"
"sound-definitions","AudioCat_Weapons","AudioCategories/AudioCat_Weapons","Server/Audio/AudioCategories/AudioCat_Weapons.json","46","8655194A6237ABF6E93055A41B93C0CFA6FEB07CA30E28E0D65FD180FBA2A1C4"
"sound-definitions","AudioCat_NPC_Antelope","AudioCategories/NPC/AudioCat_NPC_Antelope","Server/Audio/AudioCategories/NPC/AudioCat_NPC_Antelope.json","46","7976F34AC8D347932792EA93AC52BB4F05E480C4878123E690A8200B09779709"
"sound-definitions","AudioCat_NPC_Bat","AudioCategories/NPC/AudioCat_NPC_Bat","Server/Audio/AudioCategories/NPC/AudioCat_NPC_Bat.json","46","7976F34AC8D347932792EA93AC52BB4F05E480C4878123E690A8200B09779709"
"sound-definitions","AudioCat_NPC_Bear_Grizzly","AudioCategories/NPC/AudioCat_NPC_Bear_Grizzly","Server/Audio/AudioCategories/NPC/AudioCat_NPC_Bear_Grizzly.json","46","7976F34AC8D347932792EA93AC52BB4F05E480C4878123E690A8200B09779709"
"sound-definitions","AudioCat_NPC_Bison","AudioCategories/NPC/AudioCat_NPC_Bison","Server/Audio/AudioCategories/NPC/AudioCat_NPC_Bison.json","46","7976F34AC8D347932792EA93AC52BB4F05E480C4878123E690A8200B09779709"
"sound-definitions","AudioCat_NPC_Boar","AudioCategories/NPC/AudioCat_NPC_Boar","Server/Audio/AudioCategories/NPC/AudioCat_NPC_Boar.json","46","7976F34AC8D347932792EA93AC52BB4F05E480C4878123E690A8200B09779709"
"sound-definitions","AudioCat_NPC_Bunny","AudioCategories/NPC/AudioCat_NPC_Bunny","Server/Audio/AudioCategories/NPC/AudioCat_NPC_Bunny.json","46","7976F34AC8D347932792EA93AC52BB4F05E480C4878123E690A8200B09779709"
"sound-definitions","AudioCat_NPC_Calf","AudioCategories/NPC/AudioCat_NPC_Calf","Server/Audio/AudioCategories/NPC/AudioCat_NPC_Calf.json","46","7976F34AC8D347932792EA93AC52BB4F05E480C4878123E690A8200B09779709"
"sound-definitions","AudioCat_NPC_Camel","AudioCategories/NPC/AudioCat_NPC_Camel","Server/Audio/AudioCategories/NPC/AudioCat_NPC_Camel.json","46","7976F34AC8D347932792EA93AC52BB4F05E480C4878123E690A8200B09779709"
"sound-definitions","AudioCat_NPC_Chick","AudioCategories/NPC/AudioCat_NPC_Chick","Server/Audio/AudioCategories/NPC/AudioCat_NPC_Chick.json","46","7976F34AC8D347932792EA93AC52BB4F05E480C4878123E690A8200B09779709"
"sound-definitions","AudioCat_NPC_Chicken","AudioCategories/NPC/AudioCat_NPC_Chicken","Server/Audio/AudioCategories/NPC/AudioCat_NPC_Chicken.json","46","7976F34AC8D347932792EA93AC52BB4F05E480C4878123E690A8200B09779709"
"sound-definitions","AudioCat_NPC_Cow","AudioCategories/NPC/AudioCat_NPC_Cow","Server/Audio/AudioCategories/NPC/AudioCat_NPC_Cow.json","46","7976F34AC8D347932792EA93AC52BB4F05E480C4878123E690A8200B09779709"
"sound-definitions","AudioCat_NPC_Crawler_Void","AudioCategories/NPC/AudioCat_NPC_Crawler_Void","Server/Audio/AudioCategories/NPC/AudioCat_NPC_Crawler_Void.json","46","7976F34AC8D347932792EA93AC52BB4F05E480C4878123E690A8200B09779709"
"sound-definitions","AudioCat_NPC_Crocodile","AudioCategories/NPC/AudioCat_NPC_Crocodile","Server/Audio/AudioCategories/NPC/AudioCat_NPC_Crocodile.json","46","7976F34AC8D347932792EA93AC52BB4F05E480C4878123E690A8200B09779709"
"sound-definitions","AudioCat_NPC_Crow","AudioCategories/NPC/AudioCat_NPC_Crow","Server/Audio/AudioCategories/NPC/AudioCat_NPC_Crow.json","46","7976F34AC8D347932792EA93AC52BB4F05E480C4878123E690A8200B09779709"
"sound-definitions","AudioCat_NPC_Deer","AudioCategories/NPC/AudioCat_NPC_Deer","Server/Audio/AudioCategories/NPC/AudioCat_NPC_Deer.json","46","7976F34AC8D347932792EA93AC52BB4F05E480C4878123E690A8200B09779709"
"sound-definitions","AudioCat_NPC_Dragon","AudioCategories/NPC/AudioCat_NPC_Dragon","Server/Audio/AudioCategories/NPC/AudioCat_NPC_Dragon.json","46","7976F34AC8D347932792EA93AC52BB4F05E480C4878123E690A8200B09779709"
"sound-definitions","AudioCat_NPC_Duck","AudioCategories/NPC/AudioCat_NPC_Duck","Server/Audio/AudioCategories/NPC/AudioCat_NPC_Duck.json","46","7976F34AC8D347932792EA93AC52BB4F05E480C4878123E690A8200B09779709"
"sound-definitions","AudioCat_NPC_Emberwulf","AudioCategories/NPC/AudioCat_NPC_Emberwulf","Server/Audio/AudioCategories/NPC/AudioCat_NPC_Emberwulf.json","46","7976F34AC8D347932792EA93AC52BB4F05E480C4878123E690A8200B09779709"
"sound-definitions","AudioCat_NPC_Eye_Void","AudioCategories/NPC/AudioCat_NPC_Eye_Void","Server/Audio/AudioCategories/NPC/AudioCat_NPC_Eye_Void.json","46","7976F34AC8D347932792EA93AC52BB4F05E480C4878123E690A8200B09779709"
"sound-definitions","AudioCat_NPC_Fen_Stalker","AudioCategories/NPC/AudioCat_NPC_Fen_Stalker","Server/Audio/AudioCategories/NPC/AudioCat_NPC_Fen_Stalker.json","46","7976F34AC8D347932792EA93AC52BB4F05E480C4878123E690A8200B09779709"
"sound-definitions","AudioCat_NPC_Feran","AudioCategories/NPC/AudioCat_NPC_Feran","Server/Audio/AudioCategories/NPC/AudioCat_NPC_Feran.json","46","7976F34AC8D347932792EA93AC52BB4F05E480C4878123E690A8200B09779709"
"sound-definitions","AudioCat_NPC_Fish","AudioCategories/NPC/AudioCat_NPC_Fish","Server/Audio/AudioCategories/NPC/AudioCat_NPC_Fish.json","46","7976F34AC8D347932792EA93AC52BB4F05E480C4878123E690A8200B09779709"
"sound-definitions","AudioCat_NPC_Flamingo","AudioCategories/NPC/AudioCat_NPC_Flamingo","Server/Audio/AudioCategories/NPC/AudioCat_NPC_Flamingo.json","46","7976F34AC8D347932792EA93AC52BB4F05E480C4878123E690A8200B09779709"
"sound-definitions","AudioCat_NPC_Fox","AudioCategories/NPC/AudioCat_NPC_Fox","Server/Audio/AudioCategories/NPC/AudioCat_NPC_Fox.json","46","7976F34AC8D347932792EA93AC52BB4F05E480C4878123E690A8200B09779709"
"sound-definitions","AudioCat_NPC_Frog","AudioCategories/NPC/AudioCat_NPC_Frog","Server/Audio/AudioCategories/NPC/AudioCat_NPC_Frog.json","46","7976F34AC8D347932792EA93AC52BB4F05E480C4878123E690A8200B09779709"
"sound-definitions","AudioCat_NPC_Gecko","AudioCategories/NPC/AudioCat_NPC_Gecko","Server/Audio/AudioCategories/NPC/AudioCat_NPC_Gecko.json","46","7976F34AC8D347932792EA93AC52BB4F05E480C4878123E690A8200B09779709"
"sound-definitions","AudioCat_NPC_Goat","AudioCategories/NPC/AudioCat_NPC_Goat","Server/Audio/AudioCategories/NPC/AudioCat_NPC_Goat.json","46","7976F34AC8D347932792EA93AC52BB4F05E480C4878123E690A8200B09779709"
"sound-definitions","AudioCat_NPC_Goblin","AudioCategories/NPC/AudioCat_NPC_Goblin","Server/Audio/AudioCategories/NPC/AudioCat_NPC_Goblin.json","46","7976F34AC8D347932792EA93AC52BB4F05E480C4878123E690A8200B09779709"
"sound-definitions","AudioCat_NPC_Goblin_Burner","AudioCategories/NPC/AudioCat_NPC_Goblin_Burner","Server/Audio/AudioCategories/NPC/AudioCat_NPC_Goblin_Burner.json","53","8422A638CE58953E47306A76D750C89841FF40DEBC5943898C7210880D6D4DC1"
"sound-definitions","AudioCat_NPC_Goblin_Feastmaster","AudioCategories/NPC/AudioCat_NPC_Goblin_Feastmaster","Server/Audio/AudioCategories/NPC/AudioCat_NPC_Goblin_Feastmaster.json","53","8422A638CE58953E47306A76D750C89841FF40DEBC5943898C7210880D6D4DC1"
"sound-definitions","AudioCat_NPC_Goblin_Guardian","AudioCategories/NPC/AudioCat_NPC_Goblin_Guardian","Server/Audio/AudioCategories/NPC/AudioCat_NPC_Goblin_Guardian.json","53","8422A638CE58953E47306A76D750C89841FF40DEBC5943898C7210880D6D4DC1"
"sound-definitions","AudioCat_NPC_Goblin_Lobber","AudioCategories/NPC/AudioCat_NPC_Goblin_Lobber","Server/Audio/AudioCategories/NPC/AudioCat_NPC_Goblin_Lobber.json","53","8422A638CE58953E47306A76D750C89841FF40DEBC5943898C7210880D6D4DC1"
"sound-definitions","AudioCat_NPC_Goblin_Makinomagistra","AudioCategories/NPC/AudioCat_NPC_Goblin_Makinomagistra","Server/Audio/AudioCategories/NPC/AudioCat_NPC_Goblin_Makinomagistra.json","53","8422A638CE58953E47306A76D750C89841FF40DEBC5943898C7210880D6D4DC1"
"sound-definitions","AudioCat_NPC_Goblin_Miner","AudioCategories/NPC/AudioCat_NPC_Goblin_Miner","Server/Audio/AudioCategories/NPC/AudioCat_NPC_Goblin_Miner.json","53","8422A638CE58953E47306A76D750C89841FF40DEBC5943898C7210880D6D4DC1"
"sound-definitions","AudioCat_NPC_Goblin_Scrapper","AudioCategories/NPC/AudioCat_NPC_Goblin_Scrapper","Server/Audio/AudioCategories/NPC/AudioCat_NPC_Goblin_Scrapper.json","53","8422A638CE58953E47306A76D750C89841FF40DEBC5943898C7210880D6D4DC1"
"sound-definitions","AudioCat_NPC_Golem_Earth","AudioCategories/NPC/AudioCat_NPC_Golem_Earth","Server/Audio/AudioCategories/NPC/AudioCat_NPC_Golem_Earth.json","47","70F549C4BCF3693D62FC8DD1AA6877307148CD8AF206B1C5B6F1776B640F46FF"
"sound-definitions","AudioCat_NPC_Golem_Firesteel","AudioCategories/NPC/AudioCat_NPC_Golem_Firesteel","Server/Audio/AudioCategories/NPC/AudioCat_NPC_Golem_Firesteel.json","46","7976F34AC8D347932792EA93AC52BB4F05E480C4878123E690A8200B09779709"
"sound-definitions","AudioCat_NPC_Golem_Frost","AudioCategories/NPC/AudioCat_NPC_Golem_Frost","Server/Audio/AudioCategories/NPC/AudioCat_NPC_Golem_Frost.json","46","7976F34AC8D347932792EA93AC52BB4F05E480C4878123E690A8200B09779709"
"sound-definitions","AudioCat_NPC_Golem_Sand","AudioCategories/NPC/AudioCat_NPC_Golem_Sand","Server/Audio/AudioCategories/NPC/AudioCat_NPC_Golem_Sand.json","46","7976F34AC8D347932792EA93AC52BB4F05E480C4878123E690A8200B09779709"
"sound-definitions","AudioCat_NPC_Hedera","AudioCategories/NPC/AudioCat_NPC_Hedera","Server/Audio/AudioCategories/NPC/AudioCat_NPC_Hedera.json","46","7976F34AC8D347932792EA93AC52BB4F05E480C4878123E690A8200B09779709"
"sound-definitions","AudioCat_NPC_Horse","AudioCategories/NPC/AudioCat_NPC_Horse","Server/Audio/AudioCategories/NPC/AudioCat_NPC_Horse.json","46","7976F34AC8D347932792EA93AC52BB4F05E480C4878123E690A8200B09779709"
"sound-definitions","AudioCat_NPC_Hyena","AudioCategories/NPC/AudioCat_NPC_Hyena","Server/Audio/AudioCategories/NPC/AudioCat_NPC_Hyena.json","46","7976F34AC8D347932792EA93AC52BB4F05E480C4878123E690A8200B09779709"
"sound-definitions","AudioCat_NPC_Klops","AudioCategories/NPC/AudioCat_NPC_Klops","Server/Audio/AudioCategories/NPC/AudioCat_NPC_Klops.json","47","355CC046EE4183785C654D92EF6F48DEDAD47773C8EF53B1FEBF78706440BC00"
"sound-definitions","AudioCat_NPC_Kweebec","AudioCategories/NPC/AudioCat_NPC_Kweebec","Server/Audio/AudioCategories/NPC/AudioCat_NPC_Kweebec.json","46","7976F34AC8D347932792EA93AC52BB4F05E480C4878123E690A8200B09779709"
"sound-definitions","AudioCat_NPC_Lamb","AudioCategories/NPC/AudioCat_NPC_Lamb","Server/Audio/AudioCategories/NPC/AudioCat_NPC_Lamb.json","46","7976F34AC8D347932792EA93AC52BB4F05E480C4878123E690A8200B09779709"
"sound-definitions","AudioCat_NPC_Larva","AudioCategories/NPC/AudioCat_NPC_Larva","Server/Audio/AudioCategories/NPC/AudioCat_NPC_Larva.json","46","7976F34AC8D347932792EA93AC52BB4F05E480C4878123E690A8200B09779709"
"sound-definitions","AudioCat_NPC_Leopard_Snow","AudioCategories/NPC/AudioCat_NPC_Leopard_Snow","Server/Audio/AudioCategories/NPC/AudioCat_NPC_Leopard_Snow.json","46","7976F34AC8D347932792EA93AC52BB4F05E480C4878123E690A8200B09779709"
"sound-definitions","AudioCat_NPC_Meerkat","AudioCategories/NPC/AudioCat_NPC_Meerkat","Server/Audio/AudioCategories/NPC/AudioCat_NPC_Meerkat.json","46","7976F34AC8D347932792EA93AC52BB4F05E480C4878123E690A8200B09779709"
"sound-definitions","AudioCat_NPC_Moose_Bull","AudioCategories/NPC/AudioCat_NPC_Moose_Bull","Server/Audio/AudioCategories/NPC/AudioCat_NPC_Moose_Bull.json","46","7976F34AC8D347932792EA93AC52BB4F05E480C4878123E690A8200B09779709"
"sound-definitions","AudioCat_NPC_Mouflon","AudioCategories/NPC/AudioCat_NPC_Mouflon","Server/Audio/AudioCategories/NPC/AudioCat_NPC_Mouflon.json","46","7976F34AC8D347932792EA93AC52BB4F05E480C4878123E690A8200B09779709"
"sound-definitions","AudioCat_NPC_Mouse","AudioCategories/NPC/AudioCat_NPC_Mouse","Server/Audio/AudioCategories/NPC/AudioCat_NPC_Mouse.json","46","7976F34AC8D347932792EA93AC52BB4F05E480C4878123E690A8200B09779709"
"sound-definitions","AudioCat_NPC_Outlander","AudioCategories/NPC/AudioCat_NPC_Outlander","Server/Audio/AudioCategories/NPC/AudioCat_NPC_Outlander.json","46","7976F34AC8D347932792EA93AC52BB4F05E480C4878123E690A8200B09779709"
"sound-definitions","AudioCat_NPC_Owl","AudioCategories/NPC/AudioCat_NPC_Owl","Server/Audio/AudioCategories/NPC/AudioCat_NPC_Owl.json","46","7976F34AC8D347932792EA93AC52BB4F05E480C4878123E690A8200B09779709"
"sound-definitions","AudioCat_NPC_Pig","AudioCategories/NPC/AudioCat_NPC_Pig","Server/Audio/AudioCategories/NPC/AudioCat_NPC_Pig.json","46","7976F34AC8D347932792EA93AC52BB4F05E480C4878123E690A8200B09779709"
"sound-definitions","AudioCat_NPC_Pigeon","AudioCategories/NPC/AudioCat_NPC_Pigeon","Server/Audio/AudioCategories/NPC/AudioCat_NPC_Pigeon.json","46","7976F34AC8D347932792EA93AC52BB4F05E480C4878123E690A8200B09779709"
"sound-definitions","AudioCat_NPC_Piglet","AudioCategories/NPC/AudioCat_NPC_Piglet","Server/Audio/AudioCategories/NPC/AudioCat_NPC_Piglet.json","46","7976F34AC8D347932792EA93AC52BB4F05E480C4878123E690A8200B09779709"
"sound-definitions","AudioCat_NPC_Rabbit","AudioCategories/NPC/AudioCat_NPC_Rabbit","Server/Audio/AudioCategories/NPC/AudioCat_NPC_Rabbit.json","46","7976F34AC8D347932792EA93AC52BB4F05E480C4878123E690A8200B09779709"
"sound-definitions","AudioCat_NPC_Ram","AudioCategories/NPC/AudioCat_NPC_Ram","Server/Audio/AudioCategories/NPC/AudioCat_NPC_Ram.json","46","7976F34AC8D347932792EA93AC52BB4F05E480C4878123E690A8200B09779709"
"sound-definitions","AudioCat_NPC_Raptor_Cave","AudioCategories/NPC/AudioCat_NPC_Raptor_Cave","Server/Audio/AudioCategories/NPC/AudioCat_NPC_Raptor_Cave.json","46","7976F34AC8D347932792EA93AC52BB4F05E480C4878123E690A8200B09779709"
"sound-definitions","AudioCat_NPC_Rat","AudioCategories/NPC/AudioCat_NPC_Rat","Server/Audio/AudioCategories/NPC/AudioCat_NPC_Rat.json","46","7976F34AC8D347932792EA93AC52BB4F05E480C4878123E690A8200B09779709"
"sound-definitions","AudioCat_NPC_Raven","AudioCategories/NPC/AudioCat_NPC_Raven","Server/Audio/AudioCategories/NPC/AudioCat_NPC_Raven.json","46","7976F34AC8D347932792EA93AC52BB4F05E480C4878123E690A8200B09779709"
"sound-definitions","AudioCat_NPC_Rex","AudioCategories/NPC/AudioCat_NPC_Rex","Server/Audio/AudioCategories/NPC/AudioCat_NPC_Rex.json","46","7976F34AC8D347932792EA93AC52BB4F05E480C4878123E690A8200B09779709"
"sound-definitions","AudioCat_NPC_Scarak","AudioCategories/NPC/AudioCat_NPC_Scarak","Server/Audio/AudioCategories/NPC/AudioCat_NPC_Scarak.json","46","7976F34AC8D347932792EA93AC52BB4F05E480C4878123E690A8200B09779709"
"sound-definitions","AudioCat_NPC_Scorpion","AudioCategories/NPC/AudioCat_NPC_Scorpion","Server/Audio/AudioCategories/NPC/AudioCat_NPC_Scorpion.json","46","7976F34AC8D347932792EA93AC52BB4F05E480C4878123E690A8200B09779709"
"sound-definitions","AudioCat_NPC_Shark","AudioCategories/NPC/AudioCat_NPC_Shark","Server/Audio/AudioCategories/NPC/AudioCat_NPC_Shark.json","46","7976F34AC8D347932792EA93AC52BB4F05E480C4878123E690A8200B09779709"
"sound-definitions","AudioCat_NPC_Sheep","AudioCategories/NPC/AudioCat_NPC_Sheep","Server/Audio/AudioCategories/NPC/AudioCat_NPC_Sheep.json","46","7976F34AC8D347932792EA93AC52BB4F05E480C4878123E690A8200B09779709"
"sound-definitions","AudioCat_NPC_Skeleton","AudioCategories/NPC/AudioCat_NPC_Skeleton","Server/Audio/AudioCategories/NPC/AudioCat_NPC_Skeleton.json","47","AF059BD1F4478856EDD6EEB587DE8F01A292AFDCD8C9E9E54E52561E4D35B453"
"sound-definitions","AudioCat_NPC_Skeleton_Praetorian","AudioCategories/NPC/AudioCat_NPC_Skeleton_Praetorian","Server/Audio/AudioCategories/NPC/AudioCat_NPC_Skeleton_Praetorian.json","48","37DAC247FF179B3D5C041907CFEB5DFF62FEA6D006761C6B80C124FE195EAEA0"
"sound-definitions","AudioCat_NPC_Snake","AudioCategories/NPC/AudioCat_NPC_Snake","Server/Audio/AudioCategories/NPC/AudioCat_NPC_Snake.json","46","7976F34AC8D347932792EA93AC52BB4F05E480C4878123E690A8200B09779709"
"sound-definitions","AudioCat_NPC_Spark_Living","AudioCategories/NPC/AudioCat_NPC_Spark_Living","Server/Audio/AudioCategories/NPC/AudioCat_NPC_Spark_Living.json","46","7976F34AC8D347932792EA93AC52BB4F05E480C4878123E690A8200B09779709"
"sound-definitions","AudioCat_NPC_Sparrow","AudioCategories/NPC/AudioCat_NPC_Sparrow","Server/Audio/AudioCategories/NPC/AudioCat_NPC_Sparrow.json","46","7976F34AC8D347932792EA93AC52BB4F05E480C4878123E690A8200B09779709"
"sound-definitions","AudioCat_NPC_Spawn_Void","AudioCategories/NPC/AudioCat_NPC_Spawn_Void","Server/Audio/AudioCategories/NPC/AudioCat_NPC_Spawn_Void.json","46","7976F34AC8D347932792EA93AC52BB4F05E480C4878123E690A8200B09779709"
"sound-definitions","AudioCat_NPC_Spider","AudioCategories/NPC/AudioCat_NPC_Spider","Server/Audio/AudioCategories/NPC/AudioCat_NPC_Spider.json","46","7976F34AC8D347932792EA93AC52BB4F05E480C4878123E690A8200B09779709"
"sound-definitions","AudioCat_NPC_Spirit_Root","AudioCategories/NPC/AudioCat_NPC_Spirit_Root","Server/Audio/AudioCategories/NPC/AudioCat_NPC_Spirit_Root.json","46","7976F34AC8D347932792EA93AC52BB4F05E480C4878123E690A8200B09779709"
"sound-definitions","AudioCat_NPC_Squirrel","AudioCategories/NPC/AudioCat_NPC_Squirrel","Server/Audio/AudioCategories/NPC/AudioCat_NPC_Squirrel.json","46","7976F34AC8D347932792EA93AC52BB4F05E480C4878123E690A8200B09779709"
"sound-definitions","AudioCat_NPC_Tetrabird","AudioCategories/NPC/AudioCat_NPC_Tetrabird","Server/Audio/AudioCategories/NPC/AudioCat_NPC_Tetrabird.json","46","7976F34AC8D347932792EA93AC52BB4F05E480C4878123E690A8200B09779709"
"sound-definitions","AudioCat_NPC_Tiger_Sabertooth","AudioCategories/NPC/AudioCat_NPC_Tiger_Sabertooth","Server/Audio/AudioCategories/NPC/AudioCat_NPC_Tiger_Sabertooth.json","46","7976F34AC8D347932792EA93AC52BB4F05E480C4878123E690A8200B09779709"
"sound-definitions","AudioCat_NPC_Toad_Rhino","AudioCategories/NPC/AudioCat_NPC_Toad_Rhino","Server/Audio/AudioCategories/NPC/AudioCat_NPC_Toad_Rhino.json","46","7976F34AC8D347932792EA93AC52BB4F05E480C4878123E690A8200B09779709"
"sound-definitions","AudioCat_NPC_Toad_Rhino_Magma","AudioCategories/NPC/AudioCat_NPC_Toad_Rhino_Magma","Server/Audio/AudioCategories/NPC/AudioCat_NPC_Toad_Rhino_Magma.json","46","7976F34AC8D347932792EA93AC52BB4F05E480C4878123E690A8200B09779709"
"sound-definitions","AudioCat_NPC_Trork","AudioCategories/NPC/AudioCat_NPC_Trork","Server/Audio/AudioCategories/NPC/AudioCat_NPC_Trork.json","46","7976F34AC8D347932792EA93AC52BB4F05E480C4878123E690A8200B09779709"
"sound-definitions","AudioCat_NPC_Trork_Chieftain","AudioCategories/NPC/AudioCat_NPC_Trork_Chieftain","Server/Audio/AudioCategories/NPC/AudioCat_NPC_Trork_Chieftain.json","46","7976F34AC8D347932792EA93AC52BB4F05E480C4878123E690A8200B09779709"
"sound-definitions","AudioCat_NPC_Turkey","AudioCategories/NPC/AudioCat_NPC_Turkey","Server/Audio/AudioCategories/NPC/AudioCat_NPC_Turkey.json","46","7976F34AC8D347932792EA93AC52BB4F05E480C4878123E690A8200B09779709"
"sound-definitions","AudioCat_NPC_Vulture","AudioCategories/NPC/AudioCat_NPC_Vulture","Server/Audio/AudioCategories/NPC/AudioCat_NPC_Vulture.json","46","7976F34AC8D347932792EA93AC52BB4F05E480C4878123E690A8200B09779709"
"sound-definitions","AudioCat_NPC_Warthog","AudioCategories/NPC/AudioCat_NPC_Warthog","Server/Audio/AudioCategories/NPC/AudioCat_NPC_Warthog.json","47","70F549C4BCF3693D62FC8DD1AA6877307148CD8AF206B1C5B6F1776B640F46FF"
"sound-definitions","AudioCat_NPC_Wolf","AudioCategories/NPC/AudioCat_NPC_Wolf","Server/Audio/AudioCategories/NPC/AudioCat_NPC_Wolf.json","46","7976F34AC8D347932792EA93AC52BB4F05E480C4878123E690A8200B09779709"
"sound-definitions","AudioCat_NPC_Woodpecker","AudioCategories/NPC/AudioCat_NPC_Woodpecker","Server/Audio/AudioCategories/NPC/AudioCat_NPC_Woodpecker.json","46","7976F34AC8D347932792EA93AC52BB4F05E480C4878123E690A8200B09779709"
"sound-definitions","AudioCat_NPC_Yeti","AudioCategories/NPC/AudioCat_NPC_Yeti","Server/Audio/AudioCategories/NPC/AudioCat_NPC_Yeti.json","46","7976F34AC8D347932792EA93AC52BB4F05E480C4878123E690A8200B09779709"
"sound-definitions","AudioCat_NPC_Zombie","AudioCategories/NPC/AudioCat_NPC_Zombie","Server/Audio/AudioCategories/NPC/AudioCat_NPC_Zombie.json","46","7976F34AC8D347932792EA93AC52BB4F05E480C4878123E690A8200B09779709"
"sound-definitions","AudioCat_UI_Sleep","AudioCategories/UI/AudioCat_UI_Sleep","Server/Audio/AudioCategories/UI/AudioCat_UI_Sleep.json","46","C544A73B94DAACE449D675AC97C7BD0C881FAC83EC751548B2D4AA503012C264"
"sound-definitions","AudioCat_Battleaxe","AudioCategories/Weapons/AudioCat_Battleaxe","Server/Audio/AudioCategories/Weapons/AudioCat_Battleaxe.json","51","8DBC9DE0CBF830B0E21DCD938A6D8E4743C87D08267E001DF94D38517539AE0E"
"sound-definitions","AudioCat_Daggers","AudioCategories/Weapons/AudioCat_Daggers","Server/Audio/AudioCategories/Weapons/AudioCat_Daggers.json","51","9D300E22536B69AAD8CFF776EFA32C7DA727C2CD66588167CF0C2B3F9ABF8FC5"
"sound-definitions","AudioCat_Hand_Crossbow","AudioCategories/Weapons/AudioCat_Hand_Crossbow","Server/Audio/AudioCategories/Weapons/AudioCat_Hand_Crossbow.json","51","9D300E22536B69AAD8CFF776EFA32C7DA727C2CD66588167CF0C2B3F9ABF8FC5"
"sound-definitions","AudioCat_Mace","AudioCategories/Weapons/AudioCat_Mace","Server/Audio/AudioCategories/Weapons/AudioCat_Mace.json","51","9D300E22536B69AAD8CFF776EFA32C7DA727C2CD66588167CF0C2B3F9ABF8FC5"
"sound-definitions","AudioCat_Magic_Staff","AudioCategories/Weapons/AudioCat_Magic_Staff","Server/Audio/AudioCategories/Weapons/AudioCat_Magic_Staff.json","50","68FC1B4BC82FDC59762606A11503725D6DA572E7DCC26A1F1CBF52700E001935"
"sound-definitions","AudioCat_Shield","AudioCategories/Weapons/AudioCat_Shield","Server/Audio/AudioCategories/Weapons/AudioCat_Shield.json","51","9D300E22536B69AAD8CFF776EFA32C7DA727C2CD66588167CF0C2B3F9ABF8FC5"
"sound-definitions","AudioCat_Shortbow","AudioCategories/Weapons/AudioCat_Shortbow","Server/Audio/AudioCategories/Weapons/AudioCat_Shortbow.json","51","9D300E22536B69AAD8CFF776EFA32C7DA727C2CD66588167CF0C2B3F9ABF8FC5"
"sound-definitions","AudioCat_Sword","AudioCategories/Weapons/AudioCat_Sword","Server/Audio/AudioCategories/Weapons/AudioCat_Sword.json","51","9D300E22536B69AAD8CFF776EFA32C7DA727C2CD66588167CF0C2B3F9ABF8FC5"
"sound-definitions","AudioState_CaveRegion","AudioStates/AudioState_CaveRegion","Server/Audio/AudioStates/AudioState_CaveRegion.json","212","C916947174A46EFA3997E20BE8EF1F871E3CEDCAECC235261236023D14ABAD7B"
"sound-definitions","AudioState_Test_EncounterIntensity","AudioStates/AudioState_Test_EncounterIntensity","Server/Audio/AudioStates/AudioState_Test_EncounterIntensity.json","208","037500DDDF9CBC093B6C4B083B3492B9BFE2D2750F038707EE99EFFF34152C91"
"sound-definitions","AudioState_Void_Tension","AudioStates/AudioState_Void_Tension","Server/Audio/AudioStates/AudioState_Void_Tension.json","211","28B202BD5F5420FCA8D6E1A4B670EBFDA7BCABEE04AE8B43BB520379B3621F68"
"sound-definitions","EQ_Default","EQ/EQ_Default","Server/Audio/EQ/EQ_Default.json","206","5D309B63464C9FEC7CB51030733057EA476B1D2B37D969BB08D353B0E1F0FE2C"
"sound-definitions","EQ_Underwater","EQ/EQ_Underwater","Server/Audio/EQ/EQ_Underwater.json","220","7936030653B58E26062933A2576A318EA58F9C6778DF157B6871720CA9875CC9"
"sound-definitions","ISS_Armor_Cloth","ItemSounds/ISS_Armor_Cloth","Server/Audio/ItemSounds/ISS_Armor_Cloth.json","98","4CDB2C8B011CA36C1D0BB97F075600908AEEEA658D0517949A7C901AD91B6B4A"
"sound-definitions","ISS_Armor_Heavy","ItemSounds/ISS_Armor_Heavy","Server/Audio/ItemSounds/ISS_Armor_Heavy.json","99","8D504B47B39B75A2063557404B5248814AA253F0021160A0C4E8C656B3161373"
"sound-definitions","ISS_Armor_Leather","ItemSounds/ISS_Armor_Leather","Server/Audio/ItemSounds/ISS_Armor_Leather.json","102","694034BE3F265172B3F05C683969501F925F05EF94225785895EEBF0736AAEE5"
"sound-definitions","ISS_Blocks_Gravel","ItemSounds/ISS_Blocks_Gravel","Server/Audio/ItemSounds/ISS_Blocks_Gravel.json","102","47BAE7C0B72B9C332AC9289CF65F67B8116F688F072E24FEAD769C1C11810BA8"
"sound-definitions","ISS_Blocks_Soft","ItemSounds/ISS_Blocks_Soft","Server/Audio/ItemSounds/ISS_Blocks_Soft.json","98","ED8DDEEEBF33488169C5D138C88ECFDBFA50C7408879FA46EF0D0F537CFBCA8E"
"sound-definitions","ISS_Blocks_Splatty","ItemSounds/ISS_Blocks_Splatty","Server/Audio/ItemSounds/ISS_Blocks_Splatty.json","104","D2BD9DB5C8CBDFDB2B6F0B8F6E6DEA007982BC7EB54966EB3A111BC7F1E2DC5B"
"sound-definitions","ISS_Blocks_Stone","ItemSounds/ISS_Blocks_Stone","Server/Audio/ItemSounds/ISS_Blocks_Stone.json","100","D9EC09CF06484ED5D8D899EE00F7C90A829B97F93D84D576956D7CDC78B1A857"
"sound-definitions","ISS_Blocks_Wood","ItemSounds/ISS_Blocks_Wood","Server/Audio/ItemSounds/ISS_Blocks_Wood.json","98","A53FEEF7DC986F7E84E719B86C48EA069E5CCF465AE97CE327DEE5377DA88FD1"
"sound-definitions","ISS_Default","ItemSounds/ISS_Default","Server/Audio/ItemSounds/ISS_Default.json","101","8A77F2995EBAB3932F73E2B1F8E70C35D55B2F4A5B519B334C7599C0543CE7AE"
"sound-definitions","ISS_Items_Bones","ItemSounds/ISS_Items_Bones","Server/Audio/ItemSounds/ISS_Items_Bones.json","98","07743DD7B79A30F35EA65376CF0E5944ACC22C16D5AF9BA9386B664BCFC4FBAA"
"sound-definitions","ISS_Items_Chest","ItemSounds/ISS_Items_Chest","Server/Audio/ItemSounds/ISS_Items_Chest.json","98","40B569C2F642827CE70CB5B19808B86DC9C3FED2B578259CF70F9B84C43CF59B"
"sound-definitions","ISS_Items_Clay","ItemSounds/ISS_Items_Clay","Server/Audio/ItemSounds/ISS_Items_Clay.json","96","DAE9266FB99FCF1135575460FA210E17013DA71AE060191A30CC7066C225A721"
"sound-definitions","ISS_Items_Cloth","ItemSounds/ISS_Items_Cloth","Server/Audio/ItemSounds/ISS_Items_Cloth.json","98","83452B1661F0598655B58088256D4B510B27A0BEB69F9AD13DCA3A85E63D2133"
"sound-definitions","ISS_Items_Foliage","ItemSounds/ISS_Items_Foliage","Server/Audio/ItemSounds/ISS_Items_Foliage.json","102","06F164CC892FBF265068C744402AD35AEE76E79173278491C6D318075052318B"
"sound-definitions","ISS_Items_Gadget","ItemSounds/ISS_Items_Gadget","Server/Audio/ItemSounds/ISS_Items_Gadget.json","100","4EE6714C66C9BE8AE56187109B0CD11319BAA5BE79D3028AAE72224249B0255C"
"sound-definitions","ISS_Items_Gems","ItemSounds/ISS_Items_Gems","Server/Audio/ItemSounds/ISS_Items_Gems.json","96","B433E8438930FE5A261FA09ADDB3A9F535B3291EFBBF94145EB5C0CBEAA85BFB"
"sound-definitions","ISS_Items_Ingots","ItemSounds/ISS_Items_Ingots","Server/Audio/ItemSounds/ISS_Items_Ingots.json","100","9FAEDA10AB2D9B8922CE2E6002790C50B290AEBAD560C990ABE09C56E69471A4"
"sound-definitions","ISS_Items_Leather","ItemSounds/ISS_Items_Leather","Server/Audio/ItemSounds/ISS_Items_Leather.json","102","9BF68E9AA77970E8F02857495813A50051F83110D7B2B80A2FA95A696CD444A3"
"sound-definitions","ISS_Items_Metal","ItemSounds/ISS_Items_Metal","Server/Audio/ItemSounds/ISS_Items_Metal.json","98","502248F1C3214D386B82FC28F52227ACB149A1AF347E3BFD98210A71E2B4B29E"
"sound-definitions","ISS_Items_Paper","ItemSounds/ISS_Items_Paper","Server/Audio/ItemSounds/ISS_Items_Paper.json","98","5841E74DACE5380EBF3155E6DFA1C690F57202EB774BCF165028262D5CFDABC5"
"sound-definitions","ISS_Items_Potion","ItemSounds/ISS_Items_Potion","Server/Audio/ItemSounds/ISS_Items_Potion.json","100","24CF748FAC73F02EBF372FD77C3F3B65A84C98AC085058AF7A7F5DAA5979AD99"
"sound-definitions","ISS_Items_Seeds","ItemSounds/ISS_Items_Seeds","Server/Audio/ItemSounds/ISS_Items_Seeds.json","98","00E864FE04EF341E92455C74C4C5FE27773F775A17796AE6B5C204A05DE71EF6"
"sound-definitions","ISS_Items_Shells","ItemSounds/ISS_Items_Shells","Server/Audio/ItemSounds/ISS_Items_Shells.json","100","A1ED16045A0ADF49A512548F67A4BD0AB16A081900B23A21D014BAC222A4F4E2"
"sound-definitions","ISS_Items_Splatty","ItemSounds/ISS_Items_Splatty","Server/Audio/ItemSounds/ISS_Items_Splatty.json","102","A2F8D7E81306CC23A7DDB64D123D384847D151CC0A8D75982379753A317FAD66"
"sound-definitions","ISS_Weapon_Blade_Small","ItemSounds/ISS_Weapon_Blade_Small","Server/Audio/ItemSounds/ISS_Weapon_Blade_Small.json","113","B1199DCC0470ECFEFBD84F88CCF087791DC92AADA140CAF78233BB0A0103383C"
"sound-definitions","ISS_Weapon_Blunt_Large","ItemSounds/ISS_Weapon_Blunt_Large","Server/Audio/ItemSounds/ISS_Weapon_Blunt_Large.json","113","22FDA8ED2F13FF4346905D3E15381AC6E2E2E2ECD042E29E3430A09C8CE71196"
"sound-definitions","ISS_Weapons_Arrows","ItemSounds/ISS_Weapons_Arrows","Server/Audio/ItemSounds/ISS_Weapons_Arrows.json","104","64194F77655B7998E80B144900EF8F609C7828752785B7B5E537CDD5A65E108A"
"sound-definitions","ISS_Weapons_Blade_Large","ItemSounds/ISS_Weapons_Blade_Large","Server/Audio/ItemSounds/ISS_Weapons_Blade_Large.json","114","1D6F9A420CB60A7642E2EB46B2E43C6BC27A57D26F7BD07A3F5D70920C67420A"
"sound-definitions","ISS_Weapons_Blunt_Small","ItemSounds/ISS_Weapons_Blunt_Small","Server/Audio/ItemSounds/ISS_Weapons_Blunt_Small.json","114","A44CB5985F01B59BD02759D03619E1771F3EC202D8F971110B8F48EDD4CBBE93"
"sound-definitions","ISS_Weapons_Books","ItemSounds/ISS_Weapons_Books","Server/Audio/ItemSounds/ISS_Weapons_Books.json","102","CD5C591E8A4F2090BE27D413CBEF94B3D77E7FEEF5FBD222CFA29A79F59F46BF"
"sound-definitions","ISS_Weapons_Shield_Metal","ItemSounds/ISS_Weapons_Shield_Metal","Server/Audio/ItemSounds/ISS_Weapons_Shield_Metal.json","116","4415E8E73A9D84A19D95E902EAEA9933A2CAEA4F4D9E31853B502EEA3F875529"
"sound-definitions","ISS_Weapons_Shield_Wood","ItemSounds/ISS_Weapons_Shield_Wood","Server/Audio/ItemSounds/ISS_Weapons_Shield_Wood.json","114","68B2A4DEA0B42230BA7102E91F3A94C466517AF9D6FBCD1AEAA951B49BDC7BD0"
"sound-definitions","ISS_Weapons_Stone_Large","ItemSounds/ISS_Weapons_Stone_Large","Server/Audio/ItemSounds/ISS_Weapons_Stone_Large.json","114","285D741BD3A19444AEEAF908407DD90135A929CAF6EE7CCEC16C66D42DAE2C53"
"sound-definitions","ISS_Weapons_Stone_Small","ItemSounds/ISS_Weapons_Stone_Small","Server/Audio/ItemSounds/ISS_Weapons_Stone_Small.json","114","E27AA88B605BB11370C3E561B838F323BE729104F9D88D2516D6CB7164DC904D"
"sound-definitions","ISS_Weapons_Wand","ItemSounds/ISS_Weapons_Wand","Server/Audio/ItemSounds/ISS_Weapons_Wand.json","100","743415AA97BCBE265032752C13D438D1BC691A4EBBEFC7C51FDF3F7E79FF5456"
"sound-definitions","ISS_Weapons_Wood","ItemSounds/ISS_Weapons_Wood","Server/Audio/ItemSounds/ISS_Weapons_Wood.json","100","15E62F1271CC54724011628E3C5FA7764F41E7E9EE42C5E04D814093767CED65"
"sound-definitions","MC_Fallback_Overground","MusicContainers/Playlists/MC_Fallback_Overground","Server/Audio/MusicContainers/Playlists/MC_Fallback_Overground.json","1152","F54E7CB7F21ED9E22F98E7E47EDC1CF690C80A181C1A69D4D2A6597A25C081A3"
"sound-definitions","MC_Fallback_Underground","MusicContainers/Playlists/MC_Fallback_Underground","Server/Audio/MusicContainers/Playlists/MC_Fallback_Underground.json","762","6DFEC8E2B409B95AFE4F93D82CD2F90450DD15898F9E0E1117B5EBE341A156F9"
"sound-definitions","MC_Zone0","MusicContainers/Playlists/MC_Zone0","Server/Audio/MusicContainers/Playlists/MC_Zone0.json","549","2A25C328388787F722C976B689B86034397EAA8869D63DDC2E1650B5A5EA1F97"
"sound-definitions","MC_Zone1_Day","MusicContainers/Playlists/MC_Zone1_Day","Server/Audio/MusicContainers/Playlists/MC_Zone1_Day.json","3357","E5910FD92D5CB119BEAE27CB2230649CC507BB1ADC431CE4948E532CF06DB21D"
"sound-definitions","MC_Zone1_Day_Rain","MusicContainers/Playlists/MC_Zone1_Day_Rain","Server/Audio/MusicContainers/Playlists/MC_Zone1_Day_Rain.json","1152","F54E7CB7F21ED9E22F98E7E47EDC1CF690C80A181C1A69D4D2A6597A25C081A3"
"sound-definitions","MC_Zone1_Night","MusicContainers/Playlists/MC_Zone1_Night","Server/Audio/MusicContainers/Playlists/MC_Zone1_Night.json","1978","D3D1FA1F067342A3DD8C1E0074C145386BACDBEAC317CE54064408C5142CF354"
"sound-definitions","MC_Zone1_Night_Rain","MusicContainers/Playlists/MC_Zone1_Night_Rain","Server/Audio/MusicContainers/Playlists/MC_Zone1_Night_Rain.json","667","F9FCBA34A8ABD6E078CE88556EA3B37BFB787B654C3DE6DABCBDEE5C5CF8A1BD"
"sound-definitions","MC_Zone2_Day","MusicContainers/Playlists/MC_Zone2_Day","Server/Audio/MusicContainers/Playlists/MC_Zone2_Day.json","2493","6094A45CAAFDF6551B4C2CDC9EB2DF5CB2809D83BB9CEB2E8513B554C9888860"
"sound-definitions","MC_Zone2_Night","MusicContainers/Playlists/MC_Zone2_Night","Server/Audio/MusicContainers/Playlists/MC_Zone2_Night.json","1701","F9F59EE3D48233633EF51B53EA6689069E7601F15068392E246526B5C3D783E5"
"sound-definitions","MC_Zone2_Sand_Storm_Day","MusicContainers/Playlists/MC_Zone2_Sand_Storm_Day","Server/Audio/MusicContainers/Playlists/MC_Zone2_Sand_Storm_Day.json","1428","82B1B2CAF3DCC824775516665AFB183B9E660DF8EE64FBE1E28743EB5F096309"
"sound-definitions","MC_Zone2_Sand_Storm_Night","MusicContainers/Playlists/MC_Zone2_Sand_Storm_Night","Server/Audio/MusicContainers/Playlists/MC_Zone2_Sand_Storm_Night.json","1340","8B5953AEFD7467489EC8C3CA28BD94C3383FAB83C0DD7806FAF4E9AD8E08B5A2"
"sound-definitions","MC_Zone3_Day","MusicContainers/Playlists/MC_Zone3_Day","Server/Audio/MusicContainers/Playlists/MC_Zone3_Day.json","1937","CC79D6D56FF8CF2843E3B44D9A228F0EEA6F97551FA6F28CD37AEF85D99BCDA2"
"sound-definitions","MC_Zone3_Night","MusicContainers/Playlists/MC_Zone3_Night","Server/Audio/MusicContainers/Playlists/MC_Zone3_Night.json","1604","88E210150B53A40B11D7AE6F91C0B23E113FE25533E800389EA5B0EF1712092E"
"sound-definitions","MC_Zone4_Caves","MusicContainers/Playlists/MC_Zone4_Caves","Server/Audio/MusicContainers/Playlists/MC_Zone4_Caves.json","1082","E8317786800F52A1619DE8200A9C2FB2A169C3F028E6D09CC74FBE9987DC6023"
"sound-definitions","MC_Zone4_Dark","MusicContainers/Playlists/MC_Zone4_Dark","Server/Audio/MusicContainers/Playlists/MC_Zone4_Dark.json","801","31010ED4C6D81093D41938E9AA1D00DDBF707C705EDA5BD540676D76497F5EB5"
"sound-definitions","MC_Zone4_Jungle","MusicContainers/Playlists/MC_Zone4_Jungle","Server/Audio/MusicContainers/Playlists/MC_Zone4_Jungle.json","553","FE7F2DCF43EA93E8B92FBF989D55361E87CD6C33726CB61FF8635B467653565C"
"sound-definitions","Track_Encounter_Cave_Test","MusicContainers/Tracks/Events/Track_Encounter_Cave_Test","Server/Audio/MusicContainers/Tracks/Events/Track_Encounter_Cave_Test.json","1496","9315D5AD69755697296A93AFCE45383488E543EE02BB72B5016A4D8345AEE02C"
"sound-definitions","Track_Event_Extraction","MusicContainers/Tracks/Events/Track_Event_Extraction","Server/Audio/MusicContainers/Tracks/Events/Track_Event_Extraction.json","207","D87D86D1DB2FC2C7C16F72BDC4CEB92A293FBFE2BA8F4C645570F7A8758855B1"
"sound-definitions","Track_Portal_Void_Event","MusicContainers/Tracks/Events/Track_Portal_Void_Event","Server/Audio/MusicContainers/Tracks/Events/Track_Portal_Void_Event.json","208","5F94E77E48AA2C79EB9826FBCFAEF4B1F3B08D9C548EECBA5A18D85F774E9015"
"sound-definitions","Track_Silence","MusicContainers/Tracks/Global/Track_Silence","Server/Audio/MusicContainers/Tracks/Global/Track_Silence.json","189","94C2612A734A085E21C41F3686D514360C0F5C2D78553C81E806E0158AD3E7CC"
"sound-definitions","MC_Z1_Caves","MusicContainers/Tracks/MC_Z1_Caves","Server/Audio/MusicContainers/Tracks/MC_Z1_Caves.json","805","EC486B5DAD88815E4CBC4488102D82FB7B2488495DF8E51EDBEA0B665F1F242C"
"sound-definitions","MC_Z2_Caves","MusicContainers/Tracks/MC_Z2_Caves","Server/Audio/MusicContainers/Tracks/MC_Z2_Caves.json","725","733DA924829144F45B82F55FEF6B4A823F8F955BF34EBD7D1FBDF8BA6459C896"
"sound-definitions","MC_Z3_Caves","MusicContainers/Tracks/MC_Z3_Caves","Server/Audio/MusicContainers/Tracks/MC_Z3_Caves.json","645","266739F2D08612147A0025F735EBD481EAC8425E24DE16AC79ACC7BDC38E0FDB"
"sound-definitions","Track_ZO_Coral_Reefs","MusicContainers/Tracks/Oceans/Track_ZO_Coral_Reefs","Server/Audio/MusicContainers/Tracks/Oceans/Track_ZO_Coral_Reefs.json","203","1D3BDAF006AD900698BAC969943E159EC808BD1E607B4FFD5E162A0BC61E19A3"
"sound-definitions","Track_ZO_Solemn_Tides","MusicContainers/Tracks/Oceans/Track_ZO_Solemn_Tides","Server/Audio/MusicContainers/Tracks/Oceans/Track_ZO_Solemn_Tides.json","205","C2AFE25BC2D07040DA7C5F417E2C1E4300FD6F0A113AAEFDF3846F8962DBF0EB"
"sound-definitions","Track_ZO_Sungleam_Lagoon","MusicContainers/Tracks/Oceans/Track_ZO_Sungleam_Lagoon","Server/Audio/MusicContainers/Tracks/Oceans/Track_ZO_Sungleam_Lagoon.json","211","0AE5B07D234C0AEC55B6874620E7F0B0CAD01B167B9A1C35E1C1918D5FD45F31"
"sound-definitions","Track_ZO_Through_The_Abyss","MusicContainers/Tracks/Oceans/Track_ZO_Through_The_Abyss","Server/Audio/MusicContainers/Tracks/Oceans/Track_ZO_Through_The_Abyss.json","215","B1610B60E463763E5AF0010FABB61FF44027C2DE717B9FC342AD8A857AF5A54E"
"sound-definitions","Track_Z1_Cave_01","MusicContainers/Tracks/Track_Z1_Cave_01","Server/Audio/MusicContainers/Tracks/Track_Z1_Cave_01.json","1429","33E6BA4D0D98261BE74AF139D2EC4A8828D66D54F701A55F03BE6DC5847B9EA7"
"sound-definitions","Track_Z1_Cave_02","MusicContainers/Tracks/Track_Z1_Cave_02","Server/Audio/MusicContainers/Tracks/Track_Z1_Cave_02.json","1429","D3443758B66720B71C6EB6A1EAB2C031B34A6B7429158341122552BDF221734D"
"sound-definitions","Track_Z1_Cave_03","MusicContainers/Tracks/Track_Z1_Cave_03","Server/Audio/MusicContainers/Tracks/Track_Z1_Cave_03.json","1429","CC54FC6C551FAE8FED70268AED4479A4575957F5FD9A1FEE1EE64C0F6CE69289"
"sound-definitions","Track_Z1_Cave_04","MusicContainers/Tracks/Track_Z1_Cave_04","Server/Audio/MusicContainers/Tracks/Track_Z1_Cave_04.json","1429","780457ACCAEF205B8AD99F7635FD7E1385B57C2044C325D696A8A19A4B3B6A96"
"sound-definitions","Track_Z1_Cave_05","MusicContainers/Tracks/Track_Z1_Cave_05","Server/Audio/MusicContainers/Tracks/Track_Z1_Cave_05.json","1429","43CFF46B2A0173B0AFF07E28A60E7E92FE07FCB9F225029C85478C292E0304BD"
"sound-definitions","Track_Z1_Cave_06","MusicContainers/Tracks/Track_Z1_Cave_06","Server/Audio/MusicContainers/Tracks/Track_Z1_Cave_06.json","1429","7B84497512CEE3C7638F164985B159323B256D0C7F35DDB3D887825D90CF2B16"
"sound-definitions","Track_Z1_Cave_07","MusicContainers/Tracks/Track_Z1_Cave_07","Server/Audio/MusicContainers/Tracks/Track_Z1_Cave_07.json","1429","EF9540BD8F62458FD7CE1510502094B8EB5071DF3CFBF7E201FC35E758C764B0"
"sound-definitions","Track_Z2_Cave_01","MusicContainers/Tracks/Track_Z2_Cave_01","Server/Audio/MusicContainers/Tracks/Track_Z2_Cave_01.json","1429","7DD31BEF2FB9DA61E5DBA747497D69A194153FB1B53E467026AF3E2B0FF40751"
"sound-definitions","Track_Z2_Cave_02","MusicContainers/Tracks/Track_Z2_Cave_02","Server/Audio/MusicContainers/Tracks/Track_Z2_Cave_02.json","1429","EBBC8A429A16885981DBBB2A5D12C2FE4E3E9017A18AD9E4C165C9B989889699"
"sound-definitions","Track_Z2_Cave_03","MusicContainers/Tracks/Track_Z2_Cave_03","Server/Audio/MusicContainers/Tracks/Track_Z2_Cave_03.json","1429","C03B9FE57F3880869648C871DCBEB5DF995CA1576F222A883D3603284412A3F4"
"sound-definitions","Track_Z2_Cave_04","MusicContainers/Tracks/Track_Z2_Cave_04","Server/Audio/MusicContainers/Tracks/Track_Z2_Cave_04.json","1429","4FBC082F206D338565AC9AAFFD4EEAE59C2277BB85E3AD372A831DDC07316689"
"sound-definitions","Track_Z2_Cave_05","MusicContainers/Tracks/Track_Z2_Cave_05","Server/Audio/MusicContainers/Tracks/Track_Z2_Cave_05.json","1429","0C4919E9BF5D6E6754DDA44CFDA34D3848D1099528CC7063EC0525B07460C06D"
"sound-definitions","Track_Z2_Cave_06","MusicContainers/Tracks/Track_Z2_Cave_06","Server/Audio/MusicContainers/Tracks/Track_Z2_Cave_06.json","1429","7EE9ADA7AAC6B728E121FE834B996E872FBE411C39C36198922140BBA0CDB142"
"sound-definitions","Track_Z3_Cave_01","MusicContainers/Tracks/Track_Z3_Cave_01","Server/Audio/MusicContainers/Tracks/Track_Z3_Cave_01.json","1429","8F1DAAB850ECD2CBB9E88C343C34F3EE760A512852C71EA787239112BBC42488"
"sound-definitions","Track_Z3_Cave_02","MusicContainers/Tracks/Track_Z3_Cave_02","Server/Audio/MusicContainers/Tracks/Track_Z3_Cave_02.json","1429","3736E26935B843EEBE0EBBEE4FF162500340D42ACA91ECEA9A104BC37653BB63"
"sound-definitions","Track_Z3_Cave_03","MusicContainers/Tracks/Track_Z3_Cave_03","Server/Audio/MusicContainers/Tracks/Track_Z3_Cave_03.json","1429","BC347BC0148B61F5D6BE34F192BFE8577792C493F85B11535069AD63A6E50478"
"sound-definitions","Track_Z3_Cave_04","MusicContainers/Tracks/Track_Z3_Cave_04","Server/Audio/MusicContainers/Tracks/Track_Z3_Cave_04.json","1429","E894BFF366F430A0A7FB7C9DF393352DEFC622AB8FC59D1C2E8F1D83D1D60382"
"sound-definitions","Track_Z3_Cave_05","MusicContainers/Tracks/Track_Z3_Cave_05","Server/Audio/MusicContainers/Tracks/Track_Z3_Cave_05.json","1429","A79CC03678C3CFB8D6A112B41A4F15BE01F53E8262E5FA7FBB82740890B23789"
"sound-definitions","Track_Creative_Hub","MusicContainers/Tracks/Unique/Track_Creative_Hub","Server/Audio/MusicContainers/Tracks/Unique/Track_Creative_Hub.json","199","1FB1F9D8F9564AA1255A5914A57111E8C3CBB3CB61F20C11E0474C5D1D1C2992"
"sound-definitions","Track_Forgotten_Temple","MusicContainers/Tracks/Unique/Track_Forgotten_Temple","Server/Audio/MusicContainers/Tracks/Unique/Track_Forgotten_Temple.json","719","54883C97FE0706E51F47F9C591C6CD80B73FE2F14E28194B6E60339999B3391A"
"sound-definitions","Track_Z1_Dawn_Of_A_New_Day","MusicContainers/Tracks/Zone1/Track_Z1_Dawn_Of_A_New_Day","Server/Audio/MusicContainers/Tracks/Zone1/Track_Z1_Dawn_Of_A_New_Day.json","214","2DA5D5509F35331BD74ED3684D24EF03540D958C87FF0A72D4707121BC81B8CD"
"sound-definitions","Track_Z1_Mage_Tower_Earth","MusicContainers/Tracks/Zone1/Track_Z1_Mage_Tower_Earth","Server/Audio/MusicContainers/Tracks/Zone1/Track_Z1_Mage_Tower_Earth.json","212","031151930B779C256542D76480BAC69C2835ECE0A73E89ABB9718641FE44C602"
"sound-definitions","Track_Z1AD_Ambient_Fragments_01","MusicContainers/Tracks/Zone1/Track_Z1AD_Ambient_Fragments_01","Server/Audio/MusicContainers/Tracks/Zone1/Track_Z1AD_Ambient_Fragments_01.json","224","0FC5A8E2F34D14DB3682BF052770D9D9A08E969A6E5FEAADDB8720DE4011EF86"
"sound-definitions","Track_Z1AD_Ambient_Fragments_02","MusicContainers/Tracks/Zone1/Track_Z1AD_Ambient_Fragments_02","Server/Audio/MusicContainers/Tracks/Zone1/Track_Z1AD_Ambient_Fragments_02.json","224","24984F558B7ADF54AE1294F8BAE059598E069D91E2940B7CE7BF40432BA2B6F9"
"sound-definitions","Track_Z1AD_Ambient_Fragments_03","MusicContainers/Tracks/Zone1/Track_Z1AD_Ambient_Fragments_03","Server/Audio/MusicContainers/Tracks/Zone1/Track_Z1AD_Ambient_Fragments_03.json","224","A37E4E8426F725CF7FF5888EADC5CD41FCC3092E40DEB7DA22902A2B0175B824"
"sound-definitions","Track_Z1AD_Ambient_Fragments_04","MusicContainers/Tracks/Zone1/Track_Z1AD_Ambient_Fragments_04","Server/Audio/MusicContainers/Tracks/Zone1/Track_Z1AD_Ambient_Fragments_04.json","224","881099E03E035B7B9A4D5D43E73A95F550C1098AE13BAE25D7269A298B9DD5BD"
"sound-definitions","Track_Z1AD_Ambient_Fragments_05","MusicContainers/Tracks/Zone1/Track_Z1AD_Ambient_Fragments_05","Server/Audio/MusicContainers/Tracks/Zone1/Track_Z1AD_Ambient_Fragments_05.json","224","A685F72B3B563DB26ACBFF3865801A687BE0F17DA774D8C52523DFAB99B03629"
"sound-definitions","Track_Z1AD_Ambient_Fragments_06","MusicContainers/Tracks/Zone1/Track_Z1AD_Ambient_Fragments_06","Server/Audio/MusicContainers/Tracks/Zone1/Track_Z1AD_Ambient_Fragments_06.json","224","0A246FC4A1417F04329168A940FE802ED50A888F5818B23BE731B1A7CA4B2781"
"sound-definitions","Track_Z1AD_Ambient_Fragments_07","MusicContainers/Tracks/Zone1/Track_Z1AD_Ambient_Fragments_07","Server/Audio/MusicContainers/Tracks/Zone1/Track_Z1AD_Ambient_Fragments_07.json","224","55B8B7E74C274321C8EC221AE4BB7A96101D4C4E9BC8250847B051D341D213EC"
"sound-definitions","Track_Z1AD_Ambient_Fragments_08","MusicContainers/Tracks/Zone1/Track_Z1AD_Ambient_Fragments_08","Server/Audio/MusicContainers/Tracks/Zone1/Track_Z1AD_Ambient_Fragments_08.json","224","989E739341BB890B2B2A785F385E3BCA3221D5B7B24E979B85C8B7C91625F516"
"sound-definitions","Track_Z1AD_Ambient_Fragments_09","MusicContainers/Tracks/Zone1/Track_Z1AD_Ambient_Fragments_09","Server/Audio/MusicContainers/Tracks/Zone1/Track_Z1AD_Ambient_Fragments_09.json","224","B9A9B63A27282E852603E6A087480CD2427B56A321FF3BB2FE00C6648168245E"
"sound-definitions","Track_Z1AD_Ambient_Fragments_10","MusicContainers/Tracks/Zone1/Track_Z1AD_Ambient_Fragments_10","Server/Audio/MusicContainers/Tracks/Zone1/Track_Z1AD_Ambient_Fragments_10.json","224","9F2B8A4F039AD71F9E5B35CA12D2DBBB4D2555B545B2D1672C2FB119E306227F"
"sound-definitions","Track_Z1AD_Avatars","MusicContainers/Tracks/Zone1/Track_Z1AD_Avatars","Server/Audio/MusicContainers/Tracks/Zone1/Track_Z1AD_Avatars.json","198","70092ECF6BD898B42472603BFAD36236D34B904C22182D181E1F6B2506E2C0B7"
"sound-definitions","Track_Z1AD_Bountiful_Harvest","MusicContainers/Tracks/Zone1/Track_Z1AD_Bountiful_Harvest","Server/Audio/MusicContainers/Tracks/Zone1/Track_Z1AD_Bountiful_Harvest.json","218","C359A135D3E45E8C0775C1692FD746028FB96850200A9B23574A3CD665AC4C60"
"sound-definitions","Track_Z1AD_Comradery","MusicContainers/Tracks/Zone1/Track_Z1AD_Comradery","Server/Audio/MusicContainers/Tracks/Zone1/Track_Z1AD_Comradery.json","202","0D61255A5BF1A96BF688A4B5D26579E0AFB9221F7BF0B8CA1D2B9563F97BF828"
"sound-definitions","Track_Z1AD_Emerald_Wilds","MusicContainers/Tracks/Zone1/Track_Z1AD_Emerald_Wilds","Server/Audio/MusicContainers/Tracks/Zone1/Track_Z1AD_Emerald_Wilds.json","210","62DDF597A490A739C63830F63BF7C2CC316A370641C950AF2790A0D1B2FE8B47"
"sound-definitions","Track_Z1AD_Herbalists_Refuge","MusicContainers/Tracks/Zone1/Track_Z1AD_Herbalists_Refuge","Server/Audio/MusicContainers/Tracks/Zone1/Track_Z1AD_Herbalists_Refuge.json","218","47C8C3E1E95CE2B94F6BA7E5C2A880C74D47181C3EB090E2FCAB301AED76DA01"
"sound-definitions","Track_Z1AD_Heros_Glade","MusicContainers/Tracks/Zone1/Track_Z1AD_Heros_Glade","Server/Audio/MusicContainers/Tracks/Zone1/Track_Z1AD_Heros_Glade.json","206","BF60D7B1A88FAC281097651A02612FEB9F36760B48A0670AA2539A1D3F1D98A4"
"sound-definitions","Track_Z1AD_Journeymans_Quest","MusicContainers/Tracks/Zone1/Track_Z1AD_Journeymans_Quest","Server/Audio/MusicContainers/Tracks/Zone1/Track_Z1AD_Journeymans_Quest.json","218","3A9E478560C6EFDE54322338F66567487A4A164FB74A7EF6665305ABD7693FF4"
"sound-definitions","Track_Z1AD_Morning_Breeze","MusicContainers/Tracks/Zone1/Track_Z1AD_Morning_Breeze","Server/Audio/MusicContainers/Tracks/Zone1/Track_Z1AD_Morning_Breeze.json","212","55B071762EF3D25BDFDADC578E5257DF2564630ACA7A7D33F26D19286BC9BA7C"
"sound-definitions","Track_Z1AD_Orbis","MusicContainers/Tracks/Zone1/Track_Z1AD_Orbis","Server/Audio/MusicContainers/Tracks/Zone1/Track_Z1AD_Orbis.json","194","7417FEC4EDDE665B96DAD115C4F556897BC4CB91C20E083EEED268E36F3DC6ED"
"sound-definitions","Track_Z1AD_Peaceful_Days","MusicContainers/Tracks/Zone1/Track_Z1AD_Peaceful_Days","Server/Audio/MusicContainers/Tracks/Zone1/Track_Z1AD_Peaceful_Days.json","210","1A143F07AB4ED20F1C0EC14064BB74D3E74A86C1747FDC343CFF44533FF50411"
"sound-definitions","Track_Z1AD_Pillars_Of_Foundation","MusicContainers/Tracks/Zone1/Track_Z1AD_Pillars_Of_Foundation","Server/Audio/MusicContainers/Tracks/Zone1/Track_Z1AD_Pillars_Of_Foundation.json","226","099EABB06C20200C88E8BAB56A6B0FFA521C7D55051DA14DAFC8E5DBFAA86ECB"
"sound-definitions","Track_Z1AD_Short_Form_01","MusicContainers/Tracks/Zone1/Track_Z1AD_Short_Form_01","Server/Audio/MusicContainers/Tracks/Zone1/Track_Z1AD_Short_Form_01.json","210","EFB6E0740F9A5872A50649FE0981DB708397E739A0DB9C787DA3586E23E7F129"
"sound-definitions","Track_Z1AD_Short_Form_02","MusicContainers/Tracks/Zone1/Track_Z1AD_Short_Form_02","Server/Audio/MusicContainers/Tracks/Zone1/Track_Z1AD_Short_Form_02.json","210","8115D4792B1D4C0C334CCA388DF535035673EB06F87A3580A15DE9F335617565"
"sound-definitions","Track_Z1AD_Short_Form_03","MusicContainers/Tracks/Zone1/Track_Z1AD_Short_Form_03","Server/Audio/MusicContainers/Tracks/Zone1/Track_Z1AD_Short_Form_03.json","210","00533FFEAD8FF411A0B1A31BF41D1C0FE23F4E4961EB26547BC423919B2F13F3"
"sound-definitions","Track_Z1AD_Short_Form_04","MusicContainers/Tracks/Zone1/Track_Z1AD_Short_Form_04","Server/Audio/MusicContainers/Tracks/Zone1/Track_Z1AD_Short_Form_04.json","210","FAF0E850DAB749606BEBE9C1993CF01E1EDCA1C21E15CDCB1C6E0DFE0C1FF866"
"sound-definitions","Track_Z1AD_Short_Form_05","MusicContainers/Tracks/Zone1/Track_Z1AD_Short_Form_05","Server/Audio/MusicContainers/Tracks/Zone1/Track_Z1AD_Short_Form_05.json","210","25C2F5DCFD21FC2001BF8497A4B97F76A47B8A7806E085DF6F4EDF78630CC53F"
"sound-definitions","Track_Z1AD_Short_Form_06","MusicContainers/Tracks/Zone1/Track_Z1AD_Short_Form_06","Server/Audio/MusicContainers/Tracks/Zone1/Track_Z1AD_Short_Form_06.json","210","6D84CFB375E3BCA70759CD65BFFED06272E5DA1B09FF721C03D9E6ED9CFE0AA3"
"sound-definitions","Track_Z1AD_Short_Form_07","MusicContainers/Tracks/Zone1/Track_Z1AD_Short_Form_07","Server/Audio/MusicContainers/Tracks/Zone1/Track_Z1AD_Short_Form_07.json","210","681C37BE84A1F97EABA7846E172B6482FD4C9940D3050FCE694BBA02F2F553EF"
"sound-definitions","Track_Z1AD_Short_Form_08","MusicContainers/Tracks/Zone1/Track_Z1AD_Short_Form_08","Server/Audio/MusicContainers/Tracks/Zone1/Track_Z1AD_Short_Form_08.json","210","827EB3AE85F2C976A46046ED59E457BFA6EEF9D3A8C48D9238E328CDF86BFD02"
"sound-definitions","Track_Z1AD_Short_Form_09","MusicContainers/Tracks/Zone1/Track_Z1AD_Short_Form_09","Server/Audio/MusicContainers/Tracks/Zone1/Track_Z1AD_Short_Form_09.json","210","9C1C94DE376165BF8573FC388AB36149DCD5B41EFA2F1C6578DB5DC9F5937968"
"sound-definitions","Track_Z1AD_Short_Form_10","MusicContainers/Tracks/Zone1/Track_Z1AD_Short_Form_10","Server/Audio/MusicContainers/Tracks/Zone1/Track_Z1AD_Short_Form_10.json","210","31C1EDC4E471988B8003A732405DB71B275D31A275B759260445A3F0B0768EA5"
"sound-definitions","Track_Z1AD_Short_Form_11","MusicContainers/Tracks/Zone1/Track_Z1AD_Short_Form_11","Server/Audio/MusicContainers/Tracks/Zone1/Track_Z1AD_Short_Form_11.json","210","16857C85DD99972B304373025EE782CAC6E4BA6587F44BF9FED78B7C3AA8DC69"
"sound-definitions","Track_Z1AD_Short_Form_12","MusicContainers/Tracks/Zone1/Track_Z1AD_Short_Form_12","Server/Audio/MusicContainers/Tracks/Zone1/Track_Z1AD_Short_Form_12.json","210","B695A8FD55E0087D9EE232EE93AD42D05962594F91D1512B6C08EDDA6B316B16"
"sound-definitions","Track_Z1AD_Sunrise_Of_Lutes","MusicContainers/Tracks/Zone1/Track_Z1AD_Sunrise_Of_Lutes","Server/Audio/MusicContainers/Tracks/Zone1/Track_Z1AD_Sunrise_Of_Lutes.json","216","5658C7509785CE10C0E237DF72EF62F4759401E1A7670444D4FF60AA9BB3247D"
"sound-definitions","Track_Z1AD_Unclaimed_Land","MusicContainers/Tracks/Zone1/Track_Z1AD_Unclaimed_Land","Server/Audio/MusicContainers/Tracks/Zone1/Track_Z1AD_Unclaimed_Land.json","212","61832630B8AAA625FBC83D76F007045CE191A3489910A5ED7C4BF8C29B5166BF"
"sound-definitions","Track_Z1AN_A_Wizards_Discipline","MusicContainers/Tracks/Zone1/Track_Z1AN_A_Wizards_Discipline","Server/Audio/MusicContainers/Tracks/Zone1/Track_Z1AN_A_Wizards_Discipline.json","224","F4317729E255C85F464FE76BF86AC8273787E6A082A03211B8D0CA392606409A"
"sound-definitions","Track_Z1AN_Ambient_Fragments_01","MusicContainers/Tracks/Zone1/Track_Z1AN_Ambient_Fragments_01","Server/Audio/MusicContainers/Tracks/Zone1/Track_Z1AN_Ambient_Fragments_01.json","224","3A5F5AAB8460490611B332EB5D32815102DFFFF3178108D60F2340EFBAD01C67"
"sound-definitions","Track_Z1AN_Ambient_Fragments_02","MusicContainers/Tracks/Zone1/Track_Z1AN_Ambient_Fragments_02","Server/Audio/MusicContainers/Tracks/Zone1/Track_Z1AN_Ambient_Fragments_02.json","224","A05D45B46C65407EEF7A96C48AB31E0ABCB68B8C72396F32D9C4A50EE441D833"
"sound-definitions","Track_Z1AN_Ambient_Fragments_03","MusicContainers/Tracks/Zone1/Track_Z1AN_Ambient_Fragments_03","Server/Audio/MusicContainers/Tracks/Zone1/Track_Z1AN_Ambient_Fragments_03.json","224","5E4533C41D8074E09DDDCDB7F5F8D46AFC3DD69D5423F35D66C3A4DFE3461395"
"sound-definitions","Track_Z1AN_Ambient_Fragments_04","MusicContainers/Tracks/Zone1/Track_Z1AN_Ambient_Fragments_04","Server/Audio/MusicContainers/Tracks/Zone1/Track_Z1AN_Ambient_Fragments_04.json","224","CB705DF1D53C953E52A2DACCA2B0012CD3950620D830EBAEB0D87EC28D9EB94B"
"sound-definitions","Track_Z1AN_Ambient_Fragments_05","MusicContainers/Tracks/Zone1/Track_Z1AN_Ambient_Fragments_05","Server/Audio/MusicContainers/Tracks/Zone1/Track_Z1AN_Ambient_Fragments_05.json","224","B35FC0E53552EE537CDF68651509F0D98E8D10A8EBA7BC01C4255C7803F564D7"
"sound-definitions","Track_Z1AN_Ambient_Fragments_06","MusicContainers/Tracks/Zone1/Track_Z1AN_Ambient_Fragments_06","Server/Audio/MusicContainers/Tracks/Zone1/Track_Z1AN_Ambient_Fragments_06.json","224","3F650AC70B19FF0FDE01B0073B9C715FCAA11C1B1FAFD5B6D1B7089316E70D96"
"sound-definitions","Track_Z1AN_Ambient_Fragments_07","MusicContainers/Tracks/Zone1/Track_Z1AN_Ambient_Fragments_07","Server/Audio/MusicContainers/Tracks/Zone1/Track_Z1AN_Ambient_Fragments_07.json","224","EFD9AFE5B999CDE49604497F8E191E1C35C129385D3E10434B01179F4F75F14D"
"sound-definitions","Track_Z1AN_Ambient_Fragments_08","MusicContainers/Tracks/Zone1/Track_Z1AN_Ambient_Fragments_08","Server/Audio/MusicContainers/Tracks/Zone1/Track_Z1AN_Ambient_Fragments_08.json","224","EA6346211EECA71E941FBF28B670F7F4CCC4251C8C5F6AF62EBF3B4101FFED8F"
"sound-definitions","Track_Z1AN_Ambient_Fragments_09","MusicContainers/Tracks/Zone1/Track_Z1AN_Ambient_Fragments_09","Server/Audio/MusicContainers/Tracks/Zone1/Track_Z1AN_Ambient_Fragments_09.json","224","DF0F987C38A882C7EA98FF38B791D0499A752FD37EF77B671D87EEEADA36AE21"
"sound-definitions","Track_Z1AN_Ambient_Fragments_10","MusicContainers/Tracks/Zone1/Track_Z1AN_Ambient_Fragments_10","Server/Audio/MusicContainers/Tracks/Zone1/Track_Z1AN_Ambient_Fragments_10.json","224","92B1274E52003B17039206054120A58DC49E20855090808F9FEBC3EB4A86D2FB"
"sound-definitions","Track_Z1AN_Ambient_Fragments_11","MusicContainers/Tracks/Zone1/Track_Z1AN_Ambient_Fragments_11","Server/Audio/MusicContainers/Tracks/Zone1/Track_Z1AN_Ambient_Fragments_11.json","224","53CFF0F195CC196FF36526601A02BB4A0CFD28C2A5BA102A1BE7DA82C78B1D5D"
"sound-definitions","Track_Z1AN_Aurora_Cascade","MusicContainers/Tracks/Zone1/Track_Z1AN_Aurora_Cascade","Server/Audio/MusicContainers/Tracks/Zone1/Track_Z1AN_Aurora_Cascade.json","212","3CAD27E84FD964286EBA367573228C94F904875B1D78E0A636B575D188659AE0"
"sound-definitions","Track_Z1AN_By_The_Campfire","MusicContainers/Tracks/Zone1/Track_Z1AN_By_The_Campfire","Server/Audio/MusicContainers/Tracks/Zone1/Track_Z1AN_By_The_Campfire.json","214","01577F1B41431BE66BD8A5EDE95ABE3BFEC4A671B7A1A3861BB3E0FFE3DB670F"
"sound-definitions","Track_Z1AN_Knights_Of_The_Broken_Order","MusicContainers/Tracks/Zone1/Track_Z1AN_Knights_Of_The_Broken_Order","Server/Audio/MusicContainers/Tracks/Zone1/Track_Z1AN_Knights_Of_The_Broken_Order.json","238","50CBF509C695D835893696E6276EE136F032E69CC3D2FC47618CD210E9680C7E"
"sound-definitions","Track_Z1AN_Reflection","MusicContainers/Tracks/Zone1/Track_Z1AN_Reflection","Server/Audio/MusicContainers/Tracks/Zone1/Track_Z1AN_Reflection.json","204","161ED4914206EF2B103D98F26EFECE05AF3F17770C2108C5CFA3A7C3BC02692C"
"sound-definitions","Track_Z1AN_Shadows_Of_The_Past","MusicContainers/Tracks/Zone1/Track_Z1AN_Shadows_Of_The_Past","Server/Audio/MusicContainers/Tracks/Zone1/Track_Z1AN_Shadows_Of_The_Past.json","222","F8E0A47F2E15901ABBC1B1DB5A16F6F7627EB1BA2E6309475F3A45B79758CCFC"
"sound-definitions","Track_Z1AN_Tides_Of_Darkness","MusicContainers/Tracks/Zone1/Track_Z1AN_Tides_Of_Darkness","Server/Audio/MusicContainers/Tracks/Zone1/Track_Z1AN_Tides_Of_Darkness.json","218","840BE02FC62F21607FEAEC1BD55C4EB68B584382DEC26BFAA34E87270183E969"
"sound-definitions","Track_Z1AN_Twisted_Shadows","MusicContainers/Tracks/Zone1/Track_Z1AN_Twisted_Shadows","Server/Audio/MusicContainers/Tracks/Zone1/Track_Z1AN_Twisted_Shadows.json","214","820CCF2334913F8AED8A8A52787586E9674BE411C2A0958E362330AB09BB4F92"
"sound-definitions","Track_Z1C_Eroded_Caverns","MusicContainers/Tracks/Zone1/Track_Z1C_Eroded_Caverns","Server/Audio/MusicContainers/Tracks/Zone1/Track_Z1C_Eroded_Caverns.json","210","55C6B407BBFDFE83B0A80DC3C9F6A156AB3CC03FCAA4E589933DC67D2953D1DA"
"sound-definitions","Track_Z1D_Goblin_Boss_Battle","MusicContainers/Tracks/Zone1/Track_Z1D_Goblin_Boss_Battle","Server/Audio/MusicContainers/Tracks/Zone1/Track_Z1D_Goblin_Boss_Battle.json","218","8746676DB779DF350083604EDE81B979DF52327B22F317A1E7D71EECCEB4D76E"
"sound-definitions","Track_Z1D_Goblin_Dungeon","MusicContainers/Tracks/Zone1/Track_Z1D_Goblin_Dungeon","Server/Audio/MusicContainers/Tracks/Zone1/Track_Z1D_Goblin_Dungeon.json","210","689662531414FA1F8EA0687B31511DFDD2AAF6ED0C372AA578D63F4379DB680B"
"sound-definitions","Track_Z1D_Goblin_Ogre","MusicContainers/Tracks/Zone1/Track_Z1D_Goblin_Ogre","Server/Audio/MusicContainers/Tracks/Zone1/Track_Z1D_Goblin_Ogre.json","204","895A6F9C3C1CF99DC0CFA9922D21CE21D1449C18ED0B6A49F36E2C38A4B7308F"
"sound-definitions","Track_Z1V_Kweebec_Village_Day","MusicContainers/Tracks/Zone1/Track_Z1V_Kweebec_Village_Day","Server/Audio/MusicContainers/Tracks/Zone1/Track_Z1V_Kweebec_Village_Day.json","220","4CFA2BCD3EAFDF72AE764201E6682476287FAFA113FD16727577691D15C9E7CB"
"sound-definitions","Track_Z1V_Kweebec_Village_Night","MusicContainers/Tracks/Zone1/Track_Z1V_Kweebec_Village_Night","Server/Audio/MusicContainers/Tracks/Zone1/Track_Z1V_Kweebec_Village_Night.json","224","8169118FE7C9603F540944B8ABC6E99366113C20072EE34D45E2E1384C7DBC34"
"sound-definitions","Track_Z1V_Trork_Village_Day","MusicContainers/Tracks/Zone1/Track_Z1V_Trork_Village_Day","Server/Audio/MusicContainers/Tracks/Zone1/Track_Z1V_Trork_Village_Day.json","216","3203F16F235BED51E8593D1E3C0940085F2EF2BCC8A56FED8C590D59FC0AF1FF"
"sound-definitions","Track_Z1V_Trork_Village_Night","MusicContainers/Tracks/Zone1/Track_Z1V_Trork_Village_Night","Server/Audio/MusicContainers/Tracks/Zone1/Track_Z1V_Trork_Village_Night.json","220","E4B942DCB515A4FC28CBE3466B2E775EEF6BD4419736C08C434F7B228C5831A6"
"sound-definitions","Track_Z2_Mage_Tower_Air","MusicContainers/Tracks/Zone2/Track_Z2_Mage_Tower_Air","Server/Audio/MusicContainers/Tracks/Zone2/Track_Z2_Mage_Tower_Air.json","208","F2A71867AC0994F39AB941BAA5B9B54894FEC22E376A5AD24497C0DFF84A228C"
"sound-definitions","Track_Z2_Scarak_Hives","MusicContainers/Tracks/Zone2/Track_Z2_Scarak_Hives","Server/Audio/MusicContainers/Tracks/Zone2/Track_Z2_Scarak_Hives.json","204","9836CD2BEFEEC0CCAE6C1A3419599AD1693010682151A357B30BE6CE83223878"
"sound-definitions","Track_Z2AD_Ambient_Fragments_01","MusicContainers/Tracks/Zone2/Track_Z2AD_Ambient_Fragments_01","Server/Audio/MusicContainers/Tracks/Zone2/Track_Z2AD_Ambient_Fragments_01.json","224","BAB9F859B22CD83525D81AFAFAF141C3E5C4BFF3E1AF341A67A91512E96B9279"
"sound-definitions","Track_Z2AD_Ambient_Fragments_02","MusicContainers/Tracks/Zone2/Track_Z2AD_Ambient_Fragments_02","Server/Audio/MusicContainers/Tracks/Zone2/Track_Z2AD_Ambient_Fragments_02.json","224","C76619656AF2FCE7DF50494A8E66D0352AE65FA14903DD6233230EA8EA4A0600"
"sound-definitions","Track_Z2AD_Ambient_Fragments_03","MusicContainers/Tracks/Zone2/Track_Z2AD_Ambient_Fragments_03","Server/Audio/MusicContainers/Tracks/Zone2/Track_Z2AD_Ambient_Fragments_03.json","224","8F10005C82A94E680CF4310B39697121EA9291AF28675C9156DE6A38089AFC2E"
"sound-definitions","Track_Z2AD_Ambient_Fragments_04","MusicContainers/Tracks/Zone2/Track_Z2AD_Ambient_Fragments_04","Server/Audio/MusicContainers/Tracks/Zone2/Track_Z2AD_Ambient_Fragments_04.json","224","397857C43DB31F75172E26A501A14B873C2373DE551DCED720F5361886903121"
"sound-definitions","Track_Z2AD_Ambient_Fragments_05","MusicContainers/Tracks/Zone2/Track_Z2AD_Ambient_Fragments_05","Server/Audio/MusicContainers/Tracks/Zone2/Track_Z2AD_Ambient_Fragments_05.json","224","9D5698B4768623110831D9E55B87EC3D4AB7A3B2FDAA77838722A8A3E6CCA96E"
"sound-definitions","Track_Z2AD_Ambient_Fragments_06","MusicContainers/Tracks/Zone2/Track_Z2AD_Ambient_Fragments_06","Server/Audio/MusicContainers/Tracks/Zone2/Track_Z2AD_Ambient_Fragments_06.json","224","A98931C4D34625FE814A3A98996547993EC9ADC3828AD73817B6E3874D9F13D0"
"sound-definitions","Track_Z2AD_Ambient_Fragments_07","MusicContainers/Tracks/Zone2/Track_Z2AD_Ambient_Fragments_07","Server/Audio/MusicContainers/Tracks/Zone2/Track_Z2AD_Ambient_Fragments_07.json","224","715F518DA7B53CFDA168054C28D2DFC8DFCF3DD39DCCC4B885F751CF579080F3"
"sound-definitions","Track_Z2AD_Ambient_Fragments_08","MusicContainers/Tracks/Zone2/Track_Z2AD_Ambient_Fragments_08","Server/Audio/MusicContainers/Tracks/Zone2/Track_Z2AD_Ambient_Fragments_08.json","224","BDFC2F3FDD6C12E72A61CBB2304D3C4570F68D12729ABDDEFE5E5472A3D89EEE"
"sound-definitions","Track_Z2AD_Ambient_Fragments_09","MusicContainers/Tracks/Zone2/Track_Z2AD_Ambient_Fragments_09","Server/Audio/MusicContainers/Tracks/Zone2/Track_Z2AD_Ambient_Fragments_09.json","224","598A2232657448ABCCB412D2293FCD2981A087302117048A8BAFA486380656D1"
"sound-definitions","Track_Z2AD_Ambient_Fragments_10","MusicContainers/Tracks/Zone2/Track_Z2AD_Ambient_Fragments_10","Server/Audio/MusicContainers/Tracks/Zone2/Track_Z2AD_Ambient_Fragments_10.json","224","CD14E1C90250A828663E93B752B767D6991AA948D08E1487D8ABA08CA95CDF5E"
"sound-definitions","Track_Z2AD_Canyon_Of_The_Many_Suns","MusicContainers/Tracks/Zone2/Track_Z2AD_Canyon_Of_The_Many_Suns","Server/Audio/MusicContainers/Tracks/Zone2/Track_Z2AD_Canyon_Of_The_Many_Suns.json","230","DDA13768DFE707332BEB12753E0F6CD755828E440671433BBCCD6E2956C96C97"
"sound-definitions","Track_Z2AD_Caravan","MusicContainers/Tracks/Zone2/Track_Z2AD_Caravan","Server/Audio/MusicContainers/Tracks/Zone2/Track_Z2AD_Caravan.json","198","FBBDCEE7C222C306BEE8FC926C887C7CD64434FA71666214218CB6C2B3C3798F"
"sound-definitions","Track_Z2AD_Dust_Runner","MusicContainers/Tracks/Zone2/Track_Z2AD_Dust_Runner","Server/Audio/MusicContainers/Tracks/Zone2/Track_Z2AD_Dust_Runner.json","206","DB830A856A896EC9BDE74512A42FD4D1A3BD37B877B5D5A6F1FA968050A79C40"
"sound-definitions","Track_Z2AD_Enchanting_Barrens","MusicContainers/Tracks/Zone2/Track_Z2AD_Enchanting_Barrens","Server/Audio/MusicContainers/Tracks/Zone2/Track_Z2AD_Enchanting_Barrens.json","220","0A4414C0DCECA4E3ACF64F23D8B76728A33530F5852DA5D01227EBE1633421AC"
"sound-definitions","Track_Z2AD_Gaias_Lament","MusicContainers/Tracks/Zone2/Track_Z2AD_Gaias_Lament","Server/Audio/MusicContainers/Tracks/Zone2/Track_Z2AD_Gaias_Lament.json","208","79BD31411C6CC2D30927E1C9EACC6311232D9A6EA136BCCA13EC9F1B2E579012"
"sound-definitions","Track_Z2AD_Howling_Sands","MusicContainers/Tracks/Zone2/Track_Z2AD_Howling_Sands","Server/Audio/MusicContainers/Tracks/Zone2/Track_Z2AD_Howling_Sands.json","210","605DF2357D567E3D18D839734836193FA6B566EABA044929A8646BDE2E57E979"
"sound-definitions","Track_Z2AD_Lasting_Drought","MusicContainers/Tracks/Zone2/Track_Z2AD_Lasting_Drought","Server/Audio/MusicContainers/Tracks/Zone2/Track_Z2AD_Lasting_Drought.json","214","9FB30D4E0F8BBC907F4382EB8107D46843206563A2D6862560585A8ECE7012CF"
"sound-definitions","Track_Z2AD_Mountain_Hike","MusicContainers/Tracks/Zone2/Track_Z2AD_Mountain_Hike","Server/Audio/MusicContainers/Tracks/Zone2/Track_Z2AD_Mountain_Hike.json","210","0E3974DAB20CEA7F9BC862C3C6F95D184CB4EE7C2F1E2A6155C5AC975CF435EC"
"sound-definitions","Track_Z2AD_Scorching_Desert","MusicContainers/Tracks/Zone2/Track_Z2AD_Scorching_Desert","Server/Audio/MusicContainers/Tracks/Zone2/Track_Z2AD_Scorching_Desert.json","216","672465DF4740410D1A935C306304F660737A098A117E7B9AC3AB633A84CFA040"
"sound-definitions","Track_Z2AD_Short_Form_01","MusicContainers/Tracks/Zone2/Track_Z2AD_Short_Form_01","Server/Audio/MusicContainers/Tracks/Zone2/Track_Z2AD_Short_Form_01.json","210","A772230803DEFACE9C1CE8A15A852A472EFFDC234B6F733842822EBB96E1E684"
"sound-definitions","Track_Z2AD_Short_Form_02","MusicContainers/Tracks/Zone2/Track_Z2AD_Short_Form_02","Server/Audio/MusicContainers/Tracks/Zone2/Track_Z2AD_Short_Form_02.json","210","F29A7AD31BF3B9288CEB95559226A653F6DB69D13DA817B5D51B4FC935DD0ED5"
"sound-definitions","Track_Z2AD_Short_Form_03","MusicContainers/Tracks/Zone2/Track_Z2AD_Short_Form_03","Server/Audio/MusicContainers/Tracks/Zone2/Track_Z2AD_Short_Form_03.json","210","DCA6D7FE16C33790D21F47A933FFC999B5E30B2F1191CDDBD82A6A0233946C01"
"sound-definitions","Track_Z2AD_Short_Form_04","MusicContainers/Tracks/Zone2/Track_Z2AD_Short_Form_04","Server/Audio/MusicContainers/Tracks/Zone2/Track_Z2AD_Short_Form_04.json","210","C1F2CEC46F720379233FD885CFC81341DBC8E1FC6725B83D40CBEC918DC7F394"
"sound-definitions","Track_Z2AD_Short_Form_05","MusicContainers/Tracks/Zone2/Track_Z2AD_Short_Form_05","Server/Audio/MusicContainers/Tracks/Zone2/Track_Z2AD_Short_Form_05.json","210","73DE0400E5A322FAAAF82F57DCB9AA32569BC30E77770CC3287E1CA1C316EEA1"
"sound-definitions","Track_Z2AD_Uncovering_Lost_Secrets","MusicContainers/Tracks/Zone2/Track_Z2AD_Uncovering_Lost_Secrets","Server/Audio/MusicContainers/Tracks/Zone2/Track_Z2AD_Uncovering_Lost_Secrets.json","230","2E5BC1EC5066DC30114D229EC712C1A4FCBFFC4CCC75D6F028CAD77B8089F39A"
"sound-definitions","Track_Z2AN_Ambient_Fragments_01","MusicContainers/Tracks/Zone2/Track_Z2AN_Ambient_Fragments_01","Server/Audio/MusicContainers/Tracks/Zone2/Track_Z2AN_Ambient_Fragments_01.json","224","4DE24797DF2087000342BB9722F88D6D4E11EC09BDFE199A8262B88BE2E3A461"
"sound-definitions","Track_Z2AN_Ambient_Fragments_02","MusicContainers/Tracks/Zone2/Track_Z2AN_Ambient_Fragments_02","Server/Audio/MusicContainers/Tracks/Zone2/Track_Z2AN_Ambient_Fragments_02.json","224","9EF3BFD73A069DEE0F9C64A47EB3AD5926DE2DC8AD9A0C6E314C8819C1DD411A"
"sound-definitions","Track_Z2AN_Ambient_Fragments_03","MusicContainers/Tracks/Zone2/Track_Z2AN_Ambient_Fragments_03","Server/Audio/MusicContainers/Tracks/Zone2/Track_Z2AN_Ambient_Fragments_03.json","224","EFCED234C1C36EC3261FCB9D0C1C128CF69E8F70022E22FE86E120C44C7CB91C"
"sound-definitions","Track_Z2AN_Ambient_Fragments_04","MusicContainers/Tracks/Zone2/Track_Z2AN_Ambient_Fragments_04","Server/Audio/MusicContainers/Tracks/Zone2/Track_Z2AN_Ambient_Fragments_04.json","224","112BC942DAC27F3F417C7F48887FE0EA2DCD80ED1908F13F56670B940CE319BD"
"sound-definitions","Track_Z2AN_Ambient_Fragments_05","MusicContainers/Tracks/Zone2/Track_Z2AN_Ambient_Fragments_05","Server/Audio/MusicContainers/Tracks/Zone2/Track_Z2AN_Ambient_Fragments_05.json","224","AB0A211EE9276B2AC300B15AA7AC001D893D0B68274F2B2A421C4357971535C0"
"sound-definitions","Track_Z2AN_Ambient_Fragments_06","MusicContainers/Tracks/Zone2/Track_Z2AN_Ambient_Fragments_06","Server/Audio/MusicContainers/Tracks/Zone2/Track_Z2AN_Ambient_Fragments_06.json","224","48ECB1B04874037B48193F91E30A2DEED99F44020403A70F9DAE28DDC3B5E999"
"sound-definitions","Track_Z2AN_Ambient_Fragments_07","MusicContainers/Tracks/Zone2/Track_Z2AN_Ambient_Fragments_07","Server/Audio/MusicContainers/Tracks/Zone2/Track_Z2AN_Ambient_Fragments_07.json","224","463F59388E32AF1B74B5A8DE1EC399EA0060A37FD08F49F928A8710F2183DA07"
"sound-definitions","Track_Z2AN_Ambient_Fragments_08","MusicContainers/Tracks/Zone2/Track_Z2AN_Ambient_Fragments_08","Server/Audio/MusicContainers/Tracks/Zone2/Track_Z2AN_Ambient_Fragments_08.json","224","32E81AE71E9EF7D736DED987264E7B2887A9C8D84EF726726357EA72131AE1CE"
"sound-definitions","Track_Z2AN_Ambient_Fragments_09","MusicContainers/Tracks/Zone2/Track_Z2AN_Ambient_Fragments_09","Server/Audio/MusicContainers/Tracks/Zone2/Track_Z2AN_Ambient_Fragments_09.json","224","3E7D8E3290C17ED59BD73D47176DE9576980C8C1C2B0BCB0E173E806B1D8E759"
"sound-definitions","Track_Z2AN_Ambient_Fragments_10","MusicContainers/Tracks/Zone2/Track_Z2AN_Ambient_Fragments_10","Server/Audio/MusicContainers/Tracks/Zone2/Track_Z2AN_Ambient_Fragments_10.json","224","3CF7540E963DC88CCEBC616611B5CF27464EF868D08FE97133EAC186C6738BE0"
"sound-definitions","Track_Z2AN_Arcane_Discoveries","MusicContainers/Tracks/Zone2/Track_Z2AN_Arcane_Discoveries","Server/Audio/MusicContainers/Tracks/Zone2/Track_Z2AN_Arcane_Discoveries.json","220","12F75306C7F7BCA081F431BA0B0F63568A09931B9CED52BD3A2D8AD3CB010F0B"
"sound-definitions","Track_Z2AN_Banishment","MusicContainers/Tracks/Zone2/Track_Z2AN_Banishment","Server/Audio/MusicContainers/Tracks/Zone2/Track_Z2AN_Banishment.json","204","81758CCAA7C68DD1A8D6908D815BC4ED4763D5BDB71B592709BDD1919E9E593E"
"sound-definitions","Track_Z2AN_Kindred_Spirits","MusicContainers/Tracks/Zone2/Track_Z2AN_Kindred_Spirits","Server/Audio/MusicContainers/Tracks/Zone2/Track_Z2AN_Kindred_Spirits.json","214","5DDACD839C577A9E2A3BDD6DB801A100AEA3C4858179B7FF2A090CFD6CD35C41"
"sound-definitions","Track_Z2AN_Memories_Of_The_Ancients","MusicContainers/Tracks/Zone2/Track_Z2AN_Memories_Of_The_Ancients","Server/Audio/MusicContainers/Tracks/Zone2/Track_Z2AN_Memories_Of_The_Ancients.json","232","E42711E1F318857D8E82016A1742DFAF4C05FEC0D30C37B6A81CE893F6408A67"
"sound-definitions","Track_Z2AN_Night_On_The_Dunes","MusicContainers/Tracks/Zone2/Track_Z2AN_Night_On_The_Dunes","Server/Audio/MusicContainers/Tracks/Zone2/Track_Z2AN_Night_On_The_Dunes.json","220","8B80A0B986190BDC96156192A61444FADE174707408122E53A779875BA837760"
"sound-definitions","Track_Z2AN_Rise_Of_A_Hero","MusicContainers/Tracks/Zone2/Track_Z2AN_Rise_Of_A_Hero","Server/Audio/MusicContainers/Tracks/Zone2/Track_Z2AN_Rise_Of_A_Hero.json","212","F0599AF572E348D6932AA4A5AA2A0D3B361C153FD396333E1A0FCB1D31D86C02"
"sound-definitions","Track_Z2C_Perilous_Depths","MusicContainers/Tracks/Zone2/Track_Z2C_Perilous_Depths","Server/Audio/MusicContainers/Tracks/Zone2/Track_Z2C_Perilous_Depths.json","212","9CC4A1B6DEBC002510D4C1707F3AF487480D5024C504A3E9F9C40465EA8879FB"
"sound-definitions","Track_Z2D_Ancient_Tombs","MusicContainers/Tracks/Zone2/Track_Z2D_Ancient_Tombs","Server/Audio/MusicContainers/Tracks/Zone2/Track_Z2D_Ancient_Tombs.json","208","F4089654C7BFDDD8311F2E71B4A64EA31BDE7C765CE5C5C1F2A312B3536868AA"
"sound-definitions","Track_Z2V_Feran_Village_Day","MusicContainers/Tracks/Zone2/Track_Z2V_Feran_Village_Day","Server/Audio/MusicContainers/Tracks/Zone2/Track_Z2V_Feran_Village_Day.json","216","F2E430EC583DEF7CEE039305CE7E74D0CD07A76A52D9708ED9596485272790ED"
"sound-definitions","Track_Z2V_Feran_Village_Night","MusicContainers/Tracks/Zone2/Track_Z2V_Feran_Village_Night","Server/Audio/MusicContainers/Tracks/Zone2/Track_Z2V_Feran_Village_Night.json","220","27F3C8F6398446091C1FABDAA35945A7EC0A8CDF9DE7A504F4FC14DC23CB97B3"
"sound-definitions","Track_Z3_Hedera","MusicContainers/Tracks/Zone3/Track_Z3_Hedera","Server/Audio/MusicContainers/Tracks/Zone3/Track_Z3_Hedera.json","192","71986B58CDC3E7D5169BF09519B4A062ABED0278A64DAB606B375F4EB85F67E9"
"sound-definitions","Track_Z3_Mage_Tower_Ice","MusicContainers/Tracks/Zone3/Track_Z3_Mage_Tower_Ice","Server/Audio/MusicContainers/Tracks/Zone3/Track_Z3_Mage_Tower_Ice.json","208","39AEF7484506B8243B5F49AE474827CF4E887EE0855033310893FDE5018340D5"
"sound-definitions","Track_Z3AD_Ambient_Fragments_01","MusicContainers/Tracks/Zone3/Track_Z3AD_Ambient_Fragments_01","Server/Audio/MusicContainers/Tracks/Zone3/Track_Z3AD_Ambient_Fragments_01.json","224","903B85879F507BB159AFADA9C37D98C65B6288A2DE8AC3A41D168D08F82E07D8"
"sound-definitions","Track_Z3AD_Ambient_Fragments_02","MusicContainers/Tracks/Zone3/Track_Z3AD_Ambient_Fragments_02","Server/Audio/MusicContainers/Tracks/Zone3/Track_Z3AD_Ambient_Fragments_02.json","224","23B911472CC03C0163ADFCCBDCB0B337537AD263B21EFB947C986299C92CDDBB"
"sound-definitions","Track_Z3AD_Ambient_Fragments_03","MusicContainers/Tracks/Zone3/Track_Z3AD_Ambient_Fragments_03","Server/Audio/MusicContainers/Tracks/Zone3/Track_Z3AD_Ambient_Fragments_03.json","224","FC549D93C95A949B36BB12E559E55F910626AC6AF9291F81D3014741A360B290"
"sound-definitions","Track_Z3AD_Ambient_Fragments_04","MusicContainers/Tracks/Zone3/Track_Z3AD_Ambient_Fragments_04","Server/Audio/MusicContainers/Tracks/Zone3/Track_Z3AD_Ambient_Fragments_04.json","224","637D30DA1553DCDCBA00ED8CE78B9ECF0771D0A20DD929E4654B4330700B2EBE"
"sound-definitions","Track_Z3AD_Ambient_Fragments_05","MusicContainers/Tracks/Zone3/Track_Z3AD_Ambient_Fragments_05","Server/Audio/MusicContainers/Tracks/Zone3/Track_Z3AD_Ambient_Fragments_05.json","224","F894729E7F94A52024E95CF1608B261DCE34174C71ED1DC699E3B46BF33677A0"
"sound-definitions","Track_Z3AD_Ambient_Fragments_06","MusicContainers/Tracks/Zone3/Track_Z3AD_Ambient_Fragments_06","Server/Audio/MusicContainers/Tracks/Zone3/Track_Z3AD_Ambient_Fragments_06.json","224","F838BE6DF96A1C95ECD8EF759480F1A0415529497558659EC7AFA76A22755AA7"
"sound-definitions","Track_Z3AD_Ambient_Fragments_07","MusicContainers/Tracks/Zone3/Track_Z3AD_Ambient_Fragments_07","Server/Audio/MusicContainers/Tracks/Zone3/Track_Z3AD_Ambient_Fragments_07.json","224","BDCE1CB7ADAB1F75DAA5556972A8E817ECAB8D378E189EFE12948DD30328B339"
"sound-definitions","Track_Z3AD_Ambient_Fragments_08","MusicContainers/Tracks/Zone3/Track_Z3AD_Ambient_Fragments_08","Server/Audio/MusicContainers/Tracks/Zone3/Track_Z3AD_Ambient_Fragments_08.json","224","2394DFCBAE3BC285950ADCC94BA609247A2B0CCF849510DC10882434E8BCB382"
"sound-definitions","Track_Z3AD_Ambient_Fragments_09","MusicContainers/Tracks/Zone3/Track_Z3AD_Ambient_Fragments_09","Server/Audio/MusicContainers/Tracks/Zone3/Track_Z3AD_Ambient_Fragments_09.json","224","76F05765234480E505F63276D665DC5C9C00BB34D9D67864391F48BF751E324E"
"sound-definitions","Track_Z3AD_Ambient_Fragments_10","MusicContainers/Tracks/Zone3/Track_Z3AD_Ambient_Fragments_10","Server/Audio/MusicContainers/Tracks/Zone3/Track_Z3AD_Ambient_Fragments_10.json","224","693DCD2D8961853AE56D6B3A5F08C7041F4B672EAB7E56383986F62E6541D393"
"sound-definitions","Track_Z3AD_Borderland_Scavengers","MusicContainers/Tracks/Zone3/Track_Z3AD_Borderland_Scavengers","Server/Audio/MusicContainers/Tracks/Zone3/Track_Z3AD_Borderland_Scavengers.json","226","5478727E50E007A1908B698E01D8D507ECEA670C28AE8AA4A7B1FD7717EDFFD2"
"sound-definitions","Track_Z3AD_Frigid_Winds","MusicContainers/Tracks/Zone3/Track_Z3AD_Frigid_Winds","Server/Audio/MusicContainers/Tracks/Zone3/Track_Z3AD_Frigid_Winds.json","208","8C192FB63A36356D44584B2504B1DCFF2250B51DEA65A390BFAB661432D0D3B5"
"sound-definitions","Track_Z3AD_Frozen_Pines","MusicContainers/Tracks/Zone3/Track_Z3AD_Frozen_Pines","Server/Audio/MusicContainers/Tracks/Zone3/Track_Z3AD_Frozen_Pines.json","208","5C21AACC55C178EE8E718C4A5A637C4FEAE7EC18945B48B1B4598054926ABFB9"
"sound-definitions","Track_Z3AD_Oathbreaker","MusicContainers/Tracks/Zone3/Track_Z3AD_Oathbreaker","Server/Audio/MusicContainers/Tracks/Zone3/Track_Z3AD_Oathbreaker.json","206","A1F74CD7B670CF814E1475FD85785C766609DBB72EEAF7DC41DC26668D80D863"
"sound-definitions","Track_Z3AD_Old_Craft","MusicContainers/Tracks/Zone3/Track_Z3AD_Old_Craft","Server/Audio/MusicContainers/Tracks/Zone3/Track_Z3AD_Old_Craft.json","202","71B159B770E37DCBB809AD6DDB652BCA6030CEB567AC99291F6F3C250232D8BB"
"sound-definitions","Track_Z3AD_Perservere","MusicContainers/Tracks/Zone3/Track_Z3AD_Perservere","Server/Audio/MusicContainers/Tracks/Zone3/Track_Z3AD_Perservere.json","204","67576D7EB25EA26F77496437E9A6788B225EF46DAD5ADE466D5A732A094AD3A0"
"sound-definitions","Track_Z3AD_Snowfall","MusicContainers/Tracks/Zone3/Track_Z3AD_Snowfall","Server/Audio/MusicContainers/Tracks/Zone3/Track_Z3AD_Snowfall.json","200","03B276F79A22BB5CBB724BF45DC72A1FBA418177B2182B41510C02EB14DAE04F"
"sound-definitions","Track_Z3AD_Tainted_Lands","MusicContainers/Tracks/Zone3/Track_Z3AD_Tainted_Lands","Server/Audio/MusicContainers/Tracks/Zone3/Track_Z3AD_Tainted_Lands.json","210","989331ED315F351CA0BD87B68DE2C6E7FA72D902BA5ABEEDB51E4EC0AB90CACA"
"sound-definitions","Track_Z3AD_Traveling_Band","MusicContainers/Tracks/Zone3/Track_Z3AD_Traveling_Band","Server/Audio/MusicContainers/Tracks/Zone3/Track_Z3AD_Traveling_Band.json","212","F3E8D300B594B76A6CA22953874A8D61FA8BE3B2D734207C0B631277DEE525F3"
"sound-definitions","Track_Z3AN_Ambient_Fragments_01","MusicContainers/Tracks/Zone3/Track_Z3AN_Ambient_Fragments_01","Server/Audio/MusicContainers/Tracks/Zone3/Track_Z3AN_Ambient_Fragments_01.json","224","7B8CEF42E8C65D6541836979C9FBFED1E337467E1426FD95323F4894D9E608A2"
"sound-definitions","Track_Z3AN_Ambient_Fragments_02","MusicContainers/Tracks/Zone3/Track_Z3AN_Ambient_Fragments_02","Server/Audio/MusicContainers/Tracks/Zone3/Track_Z3AN_Ambient_Fragments_02.json","224","FEA47CDD837484C42C479B61DDA864196EA0ECE0EB70DFA4BFA252CB95857B2D"
"sound-definitions","Track_Z3AN_Ambient_Fragments_03","MusicContainers/Tracks/Zone3/Track_Z3AN_Ambient_Fragments_03","Server/Audio/MusicContainers/Tracks/Zone3/Track_Z3AN_Ambient_Fragments_03.json","224","0FEEAA67D4B397DC55B03DA7032C0452037312B28B265712DA585FE3425BDC91"
"sound-definitions","Track_Z3AN_Ambient_Fragments_04","MusicContainers/Tracks/Zone3/Track_Z3AN_Ambient_Fragments_04","Server/Audio/MusicContainers/Tracks/Zone3/Track_Z3AN_Ambient_Fragments_04.json","224","97BBB97DD6F1BC2939792023B979DA0718F92C90EDFB92809EDC1B0A137289A2"
"sound-definitions","Track_Z3AN_Ambient_Fragments_05","MusicContainers/Tracks/Zone3/Track_Z3AN_Ambient_Fragments_05","Server/Audio/MusicContainers/Tracks/Zone3/Track_Z3AN_Ambient_Fragments_05.json","224","7A5D68994F917C8C7F23BFAE8D34FEA0B56408DA08A383490A01334EB91F1C14"
"sound-definitions","Track_Z3AN_Ambient_Fragments_06","MusicContainers/Tracks/Zone3/Track_Z3AN_Ambient_Fragments_06","Server/Audio/MusicContainers/Tracks/Zone3/Track_Z3AN_Ambient_Fragments_06.json","224","6B53FEC70E128CF30F3DC6CDF2C009514FF35009DF924ED92436AD4728089261"
"sound-definitions","Track_Z3AN_Ambient_Fragments_07","MusicContainers/Tracks/Zone3/Track_Z3AN_Ambient_Fragments_07","Server/Audio/MusicContainers/Tracks/Zone3/Track_Z3AN_Ambient_Fragments_07.json","224","13D8C927DB6252DE5F85F735EE6CEAE7053B3D9F8BF2A752DEEE901D0A76E38B"
"sound-definitions","Track_Z3AN_Ambient_Fragments_08","MusicContainers/Tracks/Zone3/Track_Z3AN_Ambient_Fragments_08","Server/Audio/MusicContainers/Tracks/Zone3/Track_Z3AN_Ambient_Fragments_08.json","224","94D312440B5E89E78C44BD8259AF37FF446D02E16A3CD9025C4E00145B1D57E0"
"sound-definitions","Track_Z3AN_Ambient_Fragments_09","MusicContainers/Tracks/Zone3/Track_Z3AN_Ambient_Fragments_09","Server/Audio/MusicContainers/Tracks/Zone3/Track_Z3AN_Ambient_Fragments_09.json","224","09ECED6A447147BCFA50D904A9149436BF4E9A060B80F6E603D7EA1868729517"
"sound-definitions","Track_Z3AN_Ambient_Fragments_10","MusicContainers/Tracks/Zone3/Track_Z3AN_Ambient_Fragments_10","Server/Audio/MusicContainers/Tracks/Zone3/Track_Z3AN_Ambient_Fragments_10.json","224","85004A186B08032B5B31F7D36159573435869811B544E74A9479A74C80723350"
"sound-definitions","Track_Z3AN_Cold_Moon","MusicContainers/Tracks/Zone3/Track_Z3AN_Cold_Moon","Server/Audio/MusicContainers/Tracks/Zone3/Track_Z3AN_Cold_Moon.json","202","DB30745FDCE6227E03EAD40297867CFA3AF4D46D70F7375AE83473B098AD544B"
"sound-definitions","Track_Z3AN_Refuge_From_The_Storm","MusicContainers/Tracks/Zone3/Track_Z3AN_Refuge_From_The_Storm","Server/Audio/MusicContainers/Tracks/Zone3/Track_Z3AN_Refuge_From_The_Storm.json","226","6D37418BDF0A3D5DE1E1C9E8F0E8E81396CB45A1C463D9B07E567F7784638251"
"sound-definitions","Track_Z3AN_Shelter","MusicContainers/Tracks/Zone3/Track_Z3AN_Shelter","Server/Audio/MusicContainers/Tracks/Zone3/Track_Z3AN_Shelter.json","198","71178D1F2D4C6F754AFC421B6B41074E4F994DD400A1B6A9F6820CB6D3208700"
"sound-definitions","Track_Z3AN_Starlight_Canopy","MusicContainers/Tracks/Zone3/Track_Z3AN_Starlight_Canopy","Server/Audio/MusicContainers/Tracks/Zone3/Track_Z3AN_Starlight_Canopy.json","216","9A375D9584E16F944DA18E93D2C3C02082BB3C82B21CA2D19B24B00A81C7BAE8"
"sound-definitions","Track_Z3AN_Stars_Above_The_Campfire","MusicContainers/Tracks/Zone3/Track_Z3AN_Stars_Above_The_Campfire","Server/Audio/MusicContainers/Tracks/Zone3/Track_Z3AN_Stars_Above_The_Campfire.json","232","42A1EE14C6D549893750770007EC7172940534BBF78F5F14461E5DB89630919A"
"sound-definitions","Track_Z3C_The_Crystal_Hollow(unlayered)","MusicContainers/Tracks/Zone3/Track_Z3C_The_Crystal_Hollow(unlayered)","Server/Audio/MusicContainers/Tracks/Zone3/Track_Z3C_The_Crystal_Hollow(unlayered).json","240","A791DC82A3AFAAD3CD8234733E227833D8E628F9D5C27A451974F7F5D942C93A"
"sound-definitions","Track_Z3D_Outlander_Dungeon","MusicContainers/Tracks/Zone3/Track_Z3D_Outlander_Dungeon","Server/Audio/MusicContainers/Tracks/Zone3/Track_Z3D_Outlander_Dungeon.json","216","804165A2F7ACCF96156F7278D1DC721623F5E4DDD4604EB656E4F56D94DDC168"
"sound-definitions","Track_Z3V_Outlander_Village_Day","MusicContainers/Tracks/Zone3/Track_Z3V_Outlander_Village_Day","Server/Audio/MusicContainers/Tracks/Zone3/Track_Z3V_Outlander_Village_Day.json","224","053D5E93232509739AE95A3B89F2F9CCA0AE9E5C57764B55996885AF0D2DE92C"
"sound-definitions","Track_Z3V_Outlander_Village_Night","MusicContainers/Tracks/Zone3/Track_Z3V_Outlander_Village_Night","Server/Audio/MusicContainers/Tracks/Zone3/Track_Z3V_Outlander_Village_Night.json","228","F14EA2031A8A61F2E8E84BB17824B99188D4EE3F26023291C0020FA8192A6160"
"sound-definitions","Track_Z4_Mage_Tower_Fire","MusicContainers/Tracks/Zone4/Track_Z4_Mage_Tower_Fire","Server/Audio/MusicContainers/Tracks/Zone4/Track_Z4_Mage_Tower_Fire.json","210","84C9956C0353593AAB8CFD3EA95E8055B7E184B8934EA999A2268A7D73E29EEA"
"sound-definitions","Track_Z4A_Dark_Omens","MusicContainers/Tracks/Zone4/Track_Z4A_Dark_Omens","Server/Audio/MusicContainers/Tracks/Zone4/Track_Z4A_Dark_Omens.json","202","338ED8510C39851DED2C682EB7FD8370DF20B11333ECFE8BED2182BD10C2659D"
"sound-definitions","Track_Z4A_Eternal_Life","MusicContainers/Tracks/Zone4/Track_Z4A_Eternal_Life","Server/Audio/MusicContainers/Tracks/Zone4/Track_Z4A_Eternal_Life.json","206","803A38A55882FA8B3B2244BB81CB6609ACBD1CDB4C9D2084E56869996213A55D"
"sound-definitions","Track_Z4A_Genesis","MusicContainers/Tracks/Zone4/Track_Z4A_Genesis","Server/Audio/MusicContainers/Tracks/Zone4/Track_Z4A_Genesis.json","196","A9A1987BDC8F835FDB3FD4C0EF6FC5E34293B58C28D87D2939723011CDD68136"
"sound-definitions","Track_Z4A_Lost_Brethren","MusicContainers/Tracks/Zone4/Track_Z4A_Lost_Brethren","Server/Audio/MusicContainers/Tracks/Zone4/Track_Z4A_Lost_Brethren.json","208","CD5020B3CFCFEE51738E53FC1CBAC62B04EF58A3AF73A81D1F2EF936CFEED286"
"sound-definitions","Track_Z4A_March_Of_The_Turned","MusicContainers/Tracks/Zone4/Track_Z4A_March_Of_The_Turned","Server/Audio/MusicContainers/Tracks/Zone4/Track_Z4A_March_Of_The_Turned.json","220","F2F4C51B8F85534F35288C955B38AD155105C624B03427CA6095AB5723F056A1"
"sound-definitions","Track_Z4A_Tragedy","MusicContainers/Tracks/Zone4/Track_Z4A_Tragedy","Server/Audio/MusicContainers/Tracks/Zone4/Track_Z4A_Tragedy.json","196","ABB508535290A6EF73E764676AF3C490D9C09B58A0314A9329C7420A4932BBA1"
"sound-definitions","Track_Z4A_Volcanic_Pits","MusicContainers/Tracks/Zone4/Track_Z4A_Volcanic_Pits","Server/Audio/MusicContainers/Tracks/Zone4/Track_Z4A_Volcanic_Pits.json","208","5FFC3A8FD659F78DDDFD58071B8566E0EB2285D457DB7ACE3C11C0F81941DE35"
"sound-definitions","Track_Z4J_A_World_Below","MusicContainers/Tracks/Zone4/Track_Z4J_A_World_Below","Server/Audio/MusicContainers/Tracks/Zone4/Track_Z4J_A_World_Below.json","208","AFE273700191AAD4BEB4315D00CBD5237B6BDFBE21B94B870907A7B3349175E4"
"sound-definitions","Track_Z4J_Among_The_Bamboo","MusicContainers/Tracks/Zone4/Track_Z4J_Among_The_Bamboo","Server/Audio/MusicContainers/Tracks/Zone4/Track_Z4J_Among_The_Bamboo.json","214","415D79897FDF684A7E14AC6E3B595E50777CC67BB0CE75328FAD740343C8B080"
"sound-definitions","Track_Z4J_Chasms_Of_Yore","MusicContainers/Tracks/Zone4/Track_Z4J_Chasms_Of_Yore","Server/Audio/MusicContainers/Tracks/Zone4/Track_Z4J_Chasms_Of_Yore.json","210","97D5DD23CC76CC4206E172679B244D3955BDF9F771EEB4479145D66D1ACDA715"
"sound-definitions","Track_Z4J_Deep_Jungles","MusicContainers/Tracks/Zone4/Track_Z4J_Deep_Jungles","Server/Audio/MusicContainers/Tracks/Zone4/Track_Z4J_Deep_Jungles.json","206","56B45AB21C18EEA2F5E488DD8DCDF9593BE4F707E196C8285D62DCB2AF6F620F"
"sound-definitions","Track_Z4J_Sloth_Village","MusicContainers/Tracks/Zone4/Track_Z4J_Sloth_Village","Server/Audio/MusicContainers/Tracks/Zone4/Track_Z4J_Sloth_Village.json","208","C634F17365B2BF118CF640726088E232C98ECF8B6D3F5AD42EFAC985CA5365C9"
"sound-definitions","Track_Z4S_Ghosts_And_Spiders","MusicContainers/Tracks/Zone4/Track_Z4S_Ghosts_And_Spiders","Server/Audio/MusicContainers/Tracks/Zone4/Track_Z4S_Ghosts_And_Spiders.json","218","71323C1BC63C71AF8FE57901E7A05DAC8947D5E49D5B219E87FCE0BE85A54520"
"sound-definitions","Rev_Cave","Reverb/Rev_Cave","Server/Audio/Reverb/Rev_Cave.json","364","CFC8C37D3C6619067E6A8E6E4F5D028C638363A819F95AFF2F8744C15A6AA38F"
"sound-definitions","Rev_Cave_Large","Reverb/Rev_Cave_Large","Server/Audio/Reverb/Rev_Cave_Large.json","368","2DB829C7DB0BFD49E936EC728827157CF17E13113403AC94283985295169DCD1"
"sound-definitions","Rev_Default","Reverb/Rev_Default","Server/Audio/Reverb/Rev_Default.json","366","E2A2056E1A63B28D96AFA7991D6C9CFD06DB743C122899A6DB4923922F6E1EAE"
"sound-definitions","Rev_Forest","Reverb/Rev_Forest","Server/Audio/Reverb/Rev_Forest.json","366","545C756F221DB69CF3D55D94F9D77220EB3E4E6DF6B3C6F0EF0AA0DFC26F7F36"
"sound-definitions","Rev_Forest_Desert","Reverb/Rev_Forest_Desert","Server/Audio/Reverb/Rev_Forest_Desert.json","371","3F443A2C8D61A89BB8E539F22A8BE1944921A23295A085BBCD8AB83536C979DD"
"sound-definitions","Rev_Forest_Fog","Reverb/Rev_Forest_Fog","Server/Audio/Reverb/Rev_Forest_Fog.json","364","1D3D55D62B90D9DAE81F086F3CBD88DA616BEA1094CA3F30FF654A6E535CA46B"
"sound-definitions","Rev_Forest_Snow","Reverb/Rev_Forest_Snow","Server/Audio/Reverb/Rev_Forest_Snow.json","366","911782BBB2C51BADBB1F438D108E71DD799E2B9C68B50B7CEF554BD7C36431D1"
"sound-definitions","Rev_Ice_Cave","Reverb/Rev_Ice_Cave","Server/Audio/Reverb/Rev_Ice_Cave.json","366","6BE3ADDCFA8589D160E0CFE6013CA9D12FEFB3B79655BC20626C9C37CFEC5B4E"
"sound-definitions","Rev_Mage_Tower","Reverb/Rev_Mage_Tower","Server/Audio/Reverb/Rev_Mage_Tower.json","364","26AF31A9875D0C96A55377CF13B7584A6EA6D1CE10C12BA5CDA1C05782FF419D"
"sound-definitions","Rev_Mineshaft","Reverb/Rev_Mineshaft","Server/Audio/Reverb/Rev_Mineshaft.json","359","BC85AE7A845085530151FB7990189C65A96C0D05EE243ECDECD199372A281067"
"sound-definitions","Rev_Mountain","Reverb/Rev_Mountain","Server/Audio/Reverb/Rev_Mountain.json","366","08F88CAE5346C0002D74CF87668FEA84FD67029B37A6E3DF1CDD017D465FDD25"
"sound-definitions","Rev_Mountain_Fog","Reverb/Rev_Mountain_Fog","Server/Audio/Reverb/Rev_Mountain_Fog.json","365","CA5A3B4C22E7C383E833087CBB911A91D042CB96008DE5D6DF3B5260A477B6AA"
"sound-definitions","Rev_Mountain_Snow","Reverb/Rev_Mountain_Snow","Server/Audio/Reverb/Rev_Mountain_Snow.json","365","658EAC16469FF0804DAEC7F9DC0EA76EFEAF4486C1BF2A54883C83554DBEB925"
"sound-definitions","Rev_Plains","Reverb/Rev_Plains","Server/Audio/Reverb/Rev_Plains.json","368","35DB3C1FB904F000D200F280BC609CEB32687962F4D07776A077D6C4B5DFC609"
"sound-definitions","Rev_Plains_Desert","Reverb/Rev_Plains_Desert","Server/Audio/Reverb/Rev_Plains_Desert.json","367","9B03F11B1508FF969CB42ECCB0AF6125BA52E9BDAE8FB9F78F590A16E149855B"
"sound-definitions","Rev_Plains_Fog","Reverb/Rev_Plains_Fog","Server/Audio/Reverb/Rev_Plains_Fog.json","364","BF09E6E34D2D15C18F9AD4064A1B8B521993642EE2543A7ED2D16598BCFF0232"
"sound-definitions","Rev_Plains_Snow","Reverb/Rev_Plains_Snow","Server/Audio/Reverb/Rev_Plains_Snow.json","366","C1290420FDB641A74AB478C9203D994863C4446433EF3D73B7B203620F3AA5E4"
"sound-definitions","Rev_Reflective_Slap","Reverb/Rev_Reflective_Slap","Server/Audio/Reverb/Rev_Reflective_Slap.json","368","873BCB4AB4FCEC8A916C89DBA3256E084FCE3D91480F34DD8B680CC6AF660DA9"
"sound-definitions","Rev_Room_Dead","Reverb/Rev_Room_Dead","Server/Audio/Reverb/Rev_Room_Dead.json","369","A880E1A4B493E3195BFBF8162028A88A49B26AC7AA14D246836B316B35CB55A6"
"sound-definitions","Rev_Room_Stone","Reverb/Rev_Room_Stone","Server/Audio/Reverb/Rev_Room_Stone.json","365","4EC8EA09684256BF62BBD52E4DA2E6E00E2C63B61DEC9CD90420156376E0B5DC"
"sound-definitions","Rev_Room_Wood","Reverb/Rev_Room_Wood","Server/Audio/Reverb/Rev_Room_Wood.json","368","B2E50A530A34F07A800D3A0B068E711E4F8EC75DABA3A44FB77BCBDB099F9350"
"sound-definitions","Rev_Sheltered","Reverb/Rev_Sheltered","Server/Audio/Reverb/Rev_Sheltered.json","366","80709B191C3130A6E8CC145A9000290DF2D8D7F4D7A728152BDF7A4DCA0DC92F"
"sound-definitions","Rev_Swamp","Reverb/Rev_Swamp","Server/Audio/Reverb/Rev_Swamp.json","367","D1B9627FF2E7423DE4B69FDE014765C755F424B812FBA947890ED497A2BDD5E3"
"sound-definitions","Rev_Swamp_Foggy","Reverb/Rev_Swamp_Foggy","Server/Audio/Reverb/Rev_Swamp_Foggy.json","364","BF09E6E34D2D15C18F9AD4064A1B8B521993642EE2543A7ED2D16598BCFF0232"
"sound-definitions","Rev_Temple","Reverb/Rev_Temple","Server/Audio/Reverb/Rev_Temple.json","365","1B15A696CFF20D6FC8A81A7D5CDB76E17EB2AF3DF7D5AFE66661884D0DACDB60"
"sound-definitions","Rev_Temple_Grand","Reverb/Rev_Temple_Grand","Server/Audio/Reverb/Rev_Temple_Grand.json","366","E1F11A5C4F4E01967D1FF763543878295DD87F5A8A9B2C25FDFD27F3CB431A70"
"sound-definitions","Rev_Tunnel","Reverb/Rev_Tunnel","Server/Audio/Reverb/Rev_Tunnel.json","365","997FDAB0BC37B7407E77317C9F830A7988C166C32C740E021D11F0D15DD086E8"
"sound-definitions","Rev_Village","Reverb/Rev_Village","Server/Audio/Reverb/Rev_Village.json","370","24947A724DF8B7F19D1E9F1A8480391CFE73072C6E7AF96D5EE50C827F6AA0FC"
"sound-definitions","SFX_Bone_Break","SoundEvents/BlockSounds/Bone/SFX_Bone_Break","Server/Audio/SoundEvents/BlockSounds/Bone/SFX_Bone_Break.json","592","015C4E9715EA678AB7C9B862B6A1758A190CBF0D47F7FD8CA4D9E272757FD40C"
"sound-definitions","SFX_Bone_Build","SoundEvents/BlockSounds/Bone/SFX_Bone_Build","Server/Audio/SoundEvents/BlockSounds/Bone/SFX_Bone_Build.json","288","0671540AF0FB40E35D6A6348B935DCD16153BD0F6E02CFAF24B946F9F6415776"
"sound-definitions","SFX_Bone_Hit","SoundEvents/BlockSounds/Bone/SFX_Bone_Hit","Server/Audio/SoundEvents/BlockSounds/Bone/SFX_Bone_Hit.json","583","BA22093CAAF491B5BF39C9B08BAC7E49C1005DC80D1AB270FB0D3E924FD00AB8"
"sound-definitions","SFX_Bone_Land","SoundEvents/BlockSounds/Bone/SFX_Bone_Land","Server/Audio/SoundEvents/BlockSounds/Bone/SFX_Bone_Land.json","1160","379A7FA844A61637AC97D139C5EEB04B811BF57E235E67A48FDE6AE7BEEE94BB"
"sound-definitions","SFX_Bone_Walk","SoundEvents/BlockSounds/Bone/SFX_Bone_Walk","Server/Audio/SoundEvents/BlockSounds/Bone/SFX_Bone_Walk.json","1242","1CF1A278DCB72C44050DB8F1F2828C0E86964D04B2C8A38D01F87CAFA1C9D428"
"sound-definitions","SFX_Bramble_Break","SoundEvents/BlockSounds/Bramble/SFX_Bramble_Break","Server/Audio/SoundEvents/BlockSounds/Bramble/SFX_Bramble_Break.json","656","39C23D7770F1848A531292939A4E9B90F8E2345AF4B542CBBB7F457918BD4051"
"sound-definitions","SFX_Bramble_MoveIn","SoundEvents/BlockSounds/Bramble/SFX_Bramble_MoveIn","Server/Audio/SoundEvents/BlockSounds/Bramble/SFX_Bramble_MoveIn.json","779","FB19DC5B461C011C8D15011A8DCE4892357435F2FD94F31D9507DE2DB8AE79DC"
"sound-definitions","SFX_Branch_Break","SoundEvents/BlockSounds/Branch/SFX_Branch_Break","Server/Audio/SoundEvents/BlockSounds/Branch/SFX_Branch_Break.json","672","8517CA07A1B7D4F952B6CD7E7F47881D6F7180B3C5F69D2A35245610F74397A8"
"sound-definitions","SFX_Branch_Build","SoundEvents/BlockSounds/Branch/SFX_Branch_Build","Server/Audio/SoundEvents/BlockSounds/Branch/SFX_Branch_Build.json","288","0671540AF0FB40E35D6A6348B935DCD16153BD0F6E02CFAF24B946F9F6415776"
"sound-definitions","SFX_Branch_Hit","SoundEvents/BlockSounds/Branch/SFX_Branch_Hit","Server/Audio/SoundEvents/BlockSounds/Branch/SFX_Branch_Hit.json","534","73749D104CFD43C5E4DBBBEAA190F1DCABE3A07CA5939CB811D1254C945E25F6"
"sound-definitions","SFX_Branch_Land","SoundEvents/BlockSounds/Branch/SFX_Branch_Land","Server/Audio/SoundEvents/BlockSounds/Branch/SFX_Branch_Land.json","1110","46ED766862B9A4C28ED75844D63606286C60DA57539190E2F60F35D08051A33E"
"sound-definitions","SFX_Branch_Walk","SoundEvents/BlockSounds/Branch/SFX_Branch_Walk","Server/Audio/SoundEvents/BlockSounds/Branch/SFX_Branch_Walk.json","1290","985E0C9DC4950F6E5D00FB5EBA27C9635A3175B84C273159333EAED080D519FC"
"sound-definitions","SFX_Brazier_Build","SoundEvents/BlockSounds/Brazier/SFX_Brazier_Build","Server/Audio/SoundEvents/BlockSounds/Brazier/SFX_Brazier_Build.json","593","E315FF3BF97F3037C713B254ECCD1DE44ED1854023DF66FFC53DF4A3DFA9D08B"
"sound-definitions","SFX_Brazier_Metal_Break","SoundEvents/BlockSounds/Brazier/SFX_Brazier_Metal_Break","Server/Audio/SoundEvents/BlockSounds/Brazier/SFX_Brazier_Metal_Break.json","639","7A34CE9AB16E4BF2AA89F1CF8700D9EF9AB0CAB4BFCD2F6D2A80E33D4F330D8B"
"sound-definitions","SFX_Brazier_Metal_Break_Lit","SoundEvents/BlockSounds/Brazier/SFX_Brazier_Metal_Break_Lit","Server/Audio/SoundEvents/BlockSounds/Brazier/SFX_Brazier_Metal_Break_Lit.json","872","3A337C8EC2C5DB7EBBA786B028CD4B785D6659521CE81F6555C2FF3B4761CE11"
"sound-definitions","SFX_Brazier_Stone_Break_Lit","SoundEvents/BlockSounds/Brazier/SFX_Brazier_Stone_Break_Lit","Server/Audio/SoundEvents/BlockSounds/Brazier/SFX_Brazier_Stone_Break_Lit.json","1002","0ED75086F125FE85A624A91B357F40EA39AC29405E55FD01F9B1F51677A1FC7B"
"sound-definitions","SFX_Brazier_Wood_Break_Lit","SoundEvents/BlockSounds/Brazier/SFX_Brazier_Wood_Break_Lit","Server/Audio/SoundEvents/BlockSounds/Brazier/SFX_Brazier_Wood_Break_Lit.json","617","04909F1FA868D1678634BE02E5CD50D9CA0C7FE7875B05614F3945ECD4C74342"
"sound-definitions","SFX_Bush_Break","SoundEvents/BlockSounds/Bush/SFX_Bush_Break","Server/Audio/SoundEvents/BlockSounds/Bush/SFX_Bush_Break.json","1318","B2E96AA07F90911FA91F9A7F423B5F14E13EDBEDB9FE634A4C183C789C727E51"
"sound-definitions","SFX_Bush_Hit","SoundEvents/BlockSounds/Bush/SFX_Bush_Hit","Server/Audio/SoundEvents/BlockSounds/Bush/SFX_Bush_Hit.json","374","08AC132534D45DEE13AC129C61ECE19925553F7C4489281BA79D891B9F42CC3C"
"sound-definitions","SFX_Bush_MoveIn","SoundEvents/BlockSounds/Bush/SFX_Bush_MoveIn","Server/Audio/SoundEvents/BlockSounds/Bush/SFX_Bush_MoveIn.json","947","C21CA5B0D98D6971E649FBD981522191A874D82FB89221A589E490DBBA8BDE8B"
"sound-definitions","SFX_Cactus_Break","SoundEvents/BlockSounds/Cactus/SFX_Cactus_Break","Server/Audio/SoundEvents/BlockSounds/Cactus/SFX_Cactus_Break.json","622","A29076A3B512FFE6A7BF1A68D23E621FD2AE68C52B0AEB20A87C8EBA0B129C43"
"sound-definitions","SFX_Cactus_Hit","SoundEvents/BlockSounds/Cactus/SFX_Cactus_Hit","Server/Audio/SoundEvents/BlockSounds/Cactus/SFX_Cactus_Hit.json","592","144D7AF7DCED515AF20C2DAE4E26F7EB79D973448C76445EA34E4A5C9EEC63E1"
"sound-definitions","SFX_Cactus_Land","SoundEvents/BlockSounds/Cactus/SFX_Cactus_Land","Server/Audio/SoundEvents/BlockSounds/Cactus/SFX_Cactus_Land.json","585","2348B494805771F779ACC880C42DD718A62D96ED4C310D62E794FAD9E34FF426"
"sound-definitions","SFX_Cactus_Walk","SoundEvents/BlockSounds/Cactus/SFX_Cactus_Walk","Server/Audio/SoundEvents/BlockSounds/Cactus/SFX_Cactus_Walk.json","665","74BA36CC91A767353C965C4F6EA0CBD00EEB000850B7FA6D1A24B2F95C86A4BA"
"sound-definitions","SFX_Campfire_Break","SoundEvents/BlockSounds/Campfire/SFX_Campfire_Break","Server/Audio/SoundEvents/BlockSounds/Campfire/SFX_Campfire_Break.json","851","E0B612ADE6B5F7254A54012D3461FC3957F8D962CD71B984B5CA7B6518632380"
"sound-definitions","SFX_Campfire_Build","SoundEvents/BlockSounds/Campfire/SFX_Campfire_Build","Server/Audio/SoundEvents/BlockSounds/Campfire/SFX_Campfire_Build.json","576","9A66C0DE882AC0809C8AD1017F282FEA0BD35BCE7ADABD1967DD88B721C29D1D"
"sound-definitions","SFX_Campfire_Default_Loop","SoundEvents/BlockSounds/Campfire/SFX_Campfire_Default_Loop","Server/Audio/SoundEvents/BlockSounds/Campfire/SFX_Campfire_Default_Loop.json","368","432418F7E1AD479290D079F20DDD31AD5E41FE7074E1C30BF65FBE67C65CE52C"
"sound-definitions","SFX_Candle_Default_Loop","SoundEvents/BlockSounds/Candle/SFX_Candle_Default_Loop","Server/Audio/SoundEvents/BlockSounds/Candle/SFX_Candle_Default_Loop.json","380","65145DE3B98C7DB77EFC7391CF4DF01840130090C8F01D555DB0AB5D818A8B8C"
"sound-definitions","SFX_Candle_Off","SoundEvents/BlockSounds/Candle/SFX_Candle_Off","Server/Audio/SoundEvents/BlockSounds/Candle/SFX_Candle_Off.json","341","4A69E36686FEDC0E43E0FC6E2FDD835C3F1D9D283314041D0FAC2E1E21492D92"
"sound-definitions","SFX_Cauldron_Bubbling","SoundEvents/BlockSounds/Cauldron/SFX_Cauldron_Bubbling","Server/Audio/SoundEvents/BlockSounds/Cauldron/SFX_Cauldron_Bubbling.json","270","EA7FB4A2BD3E5F0C6414412A25CB530FA183E9DF59F81A4054588C11EBA50C1D"
"sound-definitions","SFX_Cauldron_Bubbling_Small","SoundEvents/BlockSounds/Cauldron/SFX_Cauldron_Bubbling_Small","Server/Audio/SoundEvents/BlockSounds/Cauldron/SFX_Cauldron_Bubbling_Small.json","274","8C22E32529A13A4E37279371987E4D97F4E95DB1B0B4C15E0D281705CB1726FB"
"sound-definitions","SFX_Clay_Pot_Large_Break","SoundEvents/BlockSounds/Clay_Pot_Large/SFX_Clay_Pot_Large_Break","Server/Audio/SoundEvents/BlockSounds/Clay_Pot_Large/SFX_Clay_Pot_Large_Break.json","684","6E9F20834E32A48A9D8B9013A3BF41C542907D6AFACF373291DAA46B7EC229A2"
"sound-definitions","SFX_Clay_Pot_Large_Build","SoundEvents/BlockSounds/Clay_Pot_Large/SFX_Clay_Pot_Large_Build","Server/Audio/SoundEvents/BlockSounds/Clay_Pot_Large/SFX_Clay_Pot_Large_Build.json","288","0671540AF0FB40E35D6A6348B935DCD16153BD0F6E02CFAF24B946F9F6415776"
"sound-definitions","SFX_Clay_Pot_Large_Hit","SoundEvents/BlockSounds/Clay_Pot_Large/SFX_Clay_Pot_Large_Hit","Server/Audio/SoundEvents/BlockSounds/Clay_Pot_Large/SFX_Clay_Pot_Large_Hit.json","113","83A0E82BE04A30E2A9252DE06A24F97947F6133B14F2ECB9C5DC31569ED06E5C"
"sound-definitions","SFX_Clay_Pot_Large_Walk","SoundEvents/BlockSounds/Clay_Pot_Large/SFX_Clay_Pot_Large_Walk","Server/Audio/SoundEvents/BlockSounds/Clay_Pot_Large/SFX_Clay_Pot_Large_Walk.json","1130","3BDA6573C907D34D70E2C3BC98569DB360B4C76CDA47C41062FC4A24294EADDF"
"sound-definitions","SFX_Clay_Pot_Small_Break","SoundEvents/BlockSounds/Clay_Pot_Small/SFX_Clay_Pot_Small_Break","Server/Audio/SoundEvents/BlockSounds/Clay_Pot_Small/SFX_Clay_Pot_Small_Break.json","684","10B421A966365537F458F1ACFD76490744315FA7A299E41A2DF1E89EF96C4533"
"sound-definitions","SFX_Clay_Pot_Small_Build","SoundEvents/BlockSounds/Clay_Pot_Small/SFX_Clay_Pot_Small_Build","Server/Audio/SoundEvents/BlockSounds/Clay_Pot_Small/SFX_Clay_Pot_Small_Build.json","288","0671540AF0FB40E35D6A6348B935DCD16153BD0F6E02CFAF24B946F9F6415776"
"sound-definitions","SFX_Clay_Pot_Small_Hit","SoundEvents/BlockSounds/Clay_Pot_Small/SFX_Clay_Pot_Small_Hit","Server/Audio/SoundEvents/BlockSounds/Clay_Pot_Small/SFX_Clay_Pot_Small_Hit.json","113","BF70461C0B36C478A943CBB53953E0F03939BEB9B5C6BAE3DB22EEDB379F1B34"
"sound-definitions","SFX_Clay_Pot_Small_Walk","SoundEvents/BlockSounds/Clay_Pot_Small/SFX_Clay_Pot_Small_Walk","Server/Audio/SoundEvents/BlockSounds/Clay_Pot_Small/SFX_Clay_Pot_Small_Walk.json","112","2A89534EB690D116F5883ABE8840F03537B147D5484EA4CCE361D1654E8AA7D4"
"sound-definitions","SFX_Cloth_Break","SoundEvents/BlockSounds/Cloth/SFX_Cloth_Break","Server/Audio/SoundEvents/BlockSounds/Cloth/SFX_Cloth_Break.json","674","2D023174B2826297731D725CC04E30EC30F8BCA881273A85E97788BA5255E058"
"sound-definitions","SFX_Cloth_Build","SoundEvents/BlockSounds/Cloth/SFX_Cloth_Build","Server/Audio/SoundEvents/BlockSounds/Cloth/SFX_Cloth_Build.json","288","0671540AF0FB40E35D6A6348B935DCD16153BD0F6E02CFAF24B946F9F6415776"
"sound-definitions","SFX_Cloth_Hit","SoundEvents/BlockSounds/Cloth/SFX_Cloth_Hit","Server/Audio/SoundEvents/BlockSounds/Cloth/SFX_Cloth_Hit.json","607","74C88DA52AB1E73709BD43C6DE7655FFB3F0D51944C4C41A85E950773C68E98B"
"sound-definitions","SFX_Cloth_Land","SoundEvents/BlockSounds/Cloth/SFX_Cloth_Land","Server/Audio/SoundEvents/BlockSounds/Cloth/SFX_Cloth_Land.json","1035","A869F625729366EE8A65B6B6350B8B709E8BCCCF715D03D2CD33B5B3D3365FC6"
"sound-definitions","SFX_Cloth_Walk","SoundEvents/BlockSounds/Cloth/SFX_Cloth_Walk","Server/Audio/SoundEvents/BlockSounds/Cloth/SFX_Cloth_Walk.json","1176","991DFB3D52127475BB9B81D28B594A8012D405C3B8EA5994FEC281CCD790EBA8"
"sound-definitions","SFX_Cocoon_Active","SoundEvents/BlockSounds/Cocoon/SFX_Cocoon_Active","Server/Audio/SoundEvents/BlockSounds/Cocoon/SFX_Cocoon_Active.json","2494","8534AB952EAB42FFD27AD98D04BAD0C675F49ECF9B45141BE59AD99D2BC154F3"
"sound-definitions","SFX_Cocoon_Break","SoundEvents/BlockSounds/Cocoon/SFX_Cocoon_Break","Server/Audio/SoundEvents/BlockSounds/Cocoon/SFX_Cocoon_Break.json","632","3C2A5A53411BEC5EEB8BDE96DB5A73050270DB3029109D15CE1ED81F77748D3B"
"sound-definitions","SFX_Cocoon_Build","SoundEvents/BlockSounds/Cocoon/SFX_Cocoon_Build","Server/Audio/SoundEvents/BlockSounds/Cocoon/SFX_Cocoon_Build.json","288","0671540AF0FB40E35D6A6348B935DCD16153BD0F6E02CFAF24B946F9F6415776"
"sound-definitions","SFX_Cocoon_Hit","SoundEvents/BlockSounds/Cocoon/SFX_Cocoon_Hit","Server/Audio/SoundEvents/BlockSounds/Cocoon/SFX_Cocoon_Hit.json","440","BBC31B8A3309BCDA5ECED97E2ED28DD38C0D279D926D3030BDF6BE474C21250B"
"sound-definitions","SFX_Cocoon_Walk","SoundEvents/BlockSounds/Cocoon/SFX_Cocoon_Walk","Server/Audio/SoundEvents/BlockSounds/Cocoon/SFX_Cocoon_Walk.json","1144","262905530A18D5AE7D5192B619399BECFE737374E7311758237B3D14F66E2938"
"sound-definitions","SFX_Coins_Break","SoundEvents/BlockSounds/Coins/SFX_Coins_Break","Server/Audio/SoundEvents/BlockSounds/Coins/SFX_Coins_Break.json","948","98043A542B5E89B80ACA37EDEB8E1A4765156623E2F7D2257103B5E775E76EDC"
"sound-definitions","SFX_Coins_Hit","SoundEvents/BlockSounds/Coins/SFX_Coins_Hit","Server/Audio/SoundEvents/BlockSounds/Coins/SFX_Coins_Hit.json","931","5D60EDD410BBE68A8361867766633C00064031A290ECE56938A1EF9EF0BC883D"
"sound-definitions","SFX_Coins_Land","SoundEvents/BlockSounds/Coins/SFX_Coins_Land","Server/Audio/SoundEvents/BlockSounds/Coins/SFX_Coins_Land.json","1051","893E16BD7F2762ADC59DB127BF9A658B7553E3443837B9357D43358735C7648E"
"sound-definitions","SFX_Coins_Walk","SoundEvents/BlockSounds/Coins/SFX_Coins_Walk","Server/Audio/SoundEvents/BlockSounds/Coins/SFX_Coins_Walk.json","1214","633E442894068A18D407BB627A75D1E38BD0208D771E8FFD5443A459132787AE"
"sound-definitions","SFX_Crops_Grow","SoundEvents/BlockSounds/Crops/SFX_Crops_Grow","Server/Audio/SoundEvents/BlockSounds/Crops/SFX_Crops_Grow.json","1066","73A76AF14E5921BFFC99D80A6D8C4D68FDE61A79ABCEC1BA9D8F5A71996B1279"
"sound-definitions","SFX_Crops_Grow_Stage_Complete","SoundEvents/BlockSounds/Crops/SFX_Crops_Grow_Stage_Complete","Server/Audio/SoundEvents/BlockSounds/Crops/SFX_Crops_Grow_Stage_Complete.json","779","10D2EECB45AB2E8F266B625C49AE46D3B26E330F6E2F04094ABFC78B030A053B"
"sound-definitions","SFX_Crystal_Break","SoundEvents/BlockSounds/Crystal/SFX_Crystal_Break","Server/Audio/SoundEvents/BlockSounds/Crystal/SFX_Crystal_Break.json","1588","ED810341A4D97039C0C4FE625E36A3D6B6F5D662F316029B4CDF86CCE8D097B2"
"sound-definitions","SFX_Crystal_Build","SoundEvents/BlockSounds/Crystal/SFX_Crystal_Build","Server/Audio/SoundEvents/BlockSounds/Crystal/SFX_Crystal_Build.json","288","0671540AF0FB40E35D6A6348B935DCD16153BD0F6E02CFAF24B946F9F6415776"
"sound-definitions","SFX_Crystal_Hit","SoundEvents/BlockSounds/Crystal/SFX_Crystal_Hit","Server/Audio/SoundEvents/BlockSounds/Crystal/SFX_Crystal_Hit.json","1320","6D20BB79F56D6AE2A2B4B88DBE752BC1A7308EC2D0FD4BB12C5CE2AD698F80AE"
"sound-definitions","SFX_Crystal_Land","SoundEvents/BlockSounds/Crystal/SFX_Crystal_Land","Server/Audio/SoundEvents/BlockSounds/Crystal/SFX_Crystal_Land.json","1077","F3B5AA4A5FF26194A8CF2D5C4387E29A0805B9BF370E59617F60270A6A3FEFC9"
"sound-definitions","SFX_Crystal_Walk","SoundEvents/BlockSounds/Crystal/SFX_Crystal_Walk","Server/Audio/SoundEvents/BlockSounds/Crystal/SFX_Crystal_Walk.json","1159","269A5D813F25A03081C09E2F0DCD8B0943EF2DDE0FD9D3B55F72FEC57B9ED12B"
"sound-definitions","SFX_Default_Break","SoundEvents/BlockSounds/Default/SFX_Default_Break","Server/Audio/SoundEvents/BlockSounds/Default/SFX_Default_Break.json","587","4380098C661F24CBF2375B549F2FAA04CDC9D94938C5A2983A9FC6631A4936C4"
"sound-definitions","SFX_Default_Build","SoundEvents/BlockSounds/Default/SFX_Default_Build","Server/Audio/SoundEvents/BlockSounds/Default/SFX_Default_Build.json","274","5A36A4C3777C1BC34ADDB5D8212B80751918B8CE2A22E7B13F181656F1456F51"
"sound-definitions","SFX_Default_Clone","SoundEvents/BlockSounds/Default/SFX_Default_Clone","Server/Audio/SoundEvents/BlockSounds/Default/SFX_Default_Clone.json","422","E5EE228C320ABBA7B526F91694D4E0E56B6B67063EDB1FB8E26AA370D8313254"
"sound-definitions","SFX_Default_Harvest","SoundEvents/BlockSounds/Default/SFX_Default_Harvest","Server/Audio/SoundEvents/BlockSounds/Default/SFX_Default_Harvest.json","1319","2D95CB9A07555159DCFD9269B46B69528D1AE5BA5D1CB49067C641EDE6F708E3"
"sound-definitions","SFX_Default_Walk","SoundEvents/BlockSounds/Default/SFX_Default_Walk","Server/Audio/SoundEvents/BlockSounds/Default/SFX_Default_Walk.json","1189","FB858FE35A388AD6026CE4001D73C9A1DECCD17396A9EFBE3EE3E121B40C23FB"
"sound-definitions","SFX_Dirt_Break","SoundEvents/BlockSounds/Dirt/SFX_Dirt_Break","Server/Audio/SoundEvents/BlockSounds/Dirt/SFX_Dirt_Break.json","1081","8E6D6D88238061EC9123EFB7D693B766236E71F5EC57091015046DCC8A84CC21"
"sound-definitions","SFX_Dirt_Build","SoundEvents/BlockSounds/Dirt/SFX_Dirt_Build","Server/Audio/SoundEvents/BlockSounds/Dirt/SFX_Dirt_Build.json","288","0671540AF0FB40E35D6A6348B935DCD16153BD0F6E02CFAF24B946F9F6415776"
"sound-definitions","SFX_Dirt_Clone","SoundEvents/BlockSounds/Dirt/SFX_Dirt_Clone","Server/Audio/SoundEvents/BlockSounds/Dirt/SFX_Dirt_Clone.json","197","793257F1AADF2DE9E31EF833399A86597324C5085408FD9CFB08AFF43591BAAF"
"sound-definitions","SFX_Dirt_Hit","SoundEvents/BlockSounds/Dirt/SFX_Dirt_Hit","Server/Audio/SoundEvents/BlockSounds/Dirt/SFX_Dirt_Hit.json","916","0286DE01F443223DACB855438CA7C79A1787F1393997A620DB162DF4B5711E97"
"sound-definitions","SFX_Dirt_Land","SoundEvents/BlockSounds/Dirt/SFX_Dirt_Land","Server/Audio/SoundEvents/BlockSounds/Dirt/SFX_Dirt_Land.json","1118","20D5F8BC8F9CF15B2F7721462B23FD91CBFBEDAAC82E7A29A731ED83B2E99BDE"
"sound-definitions","SFX_Dirt_Walk","SoundEvents/BlockSounds/Dirt/SFX_Dirt_Walk","Server/Audio/SoundEvents/BlockSounds/Dirt/SFX_Dirt_Walk.json","1139","06F41FEA1BB8AA8D0C59B5420C6CC75CE89FF12D5282C34B2F0863E21C47C36C"
"sound-definitions","SFX_Soft_Land","SoundEvents/BlockSounds/Dirt/SFX_Soft_Land","Server/Audio/SoundEvents/BlockSounds/Dirt/SFX_Soft_Land.json","1118","151A8BE59945AA01D3459B85CF16BD92062DB5871DF5CFAD4690B201D8328D15"
"sound-definitions","SFX_Eggsac_Active","SoundEvents/BlockSounds/Eggsac/SFX_Eggsac_Active","Server/Audio/SoundEvents/BlockSounds/Eggsac/SFX_Eggsac_Active.json","2495","BBFB6EC2B8283E79EE01BA44DB975D674FCE088ADEC989E645A9EC2365D36B55"
"sound-definitions","SFX_Fern_Break","SoundEvents/BlockSounds/Fern/SFX_Fern_Break","Server/Audio/SoundEvents/BlockSounds/Fern/SFX_Fern_Break.json","1319","2D95CB9A07555159DCFD9269B46B69528D1AE5BA5D1CB49067C641EDE6F708E3"
"sound-definitions","SFX_Fern_MoveIn","SoundEvents/BlockSounds/Fern/SFX_Fern_MoveIn","Server/Audio/SoundEvents/BlockSounds/Fern/SFX_Fern_MoveIn.json","949","D3155038D230F329EFE5050465B0387E08BC63DB56A4DB9A77D2C674A69EC0DB"
"sound-definitions","SFX_Flame_Break","SoundEvents/BlockSounds/Flame/SFX_Flame_Break","Server/Audio/SoundEvents/BlockSounds/Flame/SFX_Flame_Break.json","426","6FD2F48A5ADACE945EFBC9180939041BCF0A52FEC6C424F4323687EB56A04C61"
"sound-definitions","SFX_Flame_Build","SoundEvents/BlockSounds/Flame/SFX_Flame_Build","Server/Audio/SoundEvents/BlockSounds/Flame/SFX_Flame_Build.json","365","85578443932CB966926BF085A29DDDD1BA3945C7CDF3D79EDE15ABA6675E3EAE"
"sound-definitions","SFX_Flame_Default_Loop","SoundEvents/BlockSounds/Flame/SFX_Flame_Default_Loop","Server/Audio/SoundEvents/BlockSounds/Flame/SFX_Flame_Default_Loop.json","789","9915DB9E19BCB2E40BE3215D074EF114AD8C9C3A9197E168DA0A49E36E5EE016"
"sound-definitions","SFX_Flame_Ignite","SoundEvents/BlockSounds/Flame/SFX_Flame_Ignite","Server/Audio/SoundEvents/BlockSounds/Flame/SFX_Flame_Ignite.json","409","705A0655F117182D8827006BAD6A7E50E7569990947EB95C710E33699CACA774"
"sound-definitions","SFX_Gem_Emit_Loop","SoundEvents/BlockSounds/Gem/SFX_Gem_Emit_Loop","Server/Audio/SoundEvents/BlockSounds/Gem/SFX_Gem_Emit_Loop.json","955","B4E411340F44A1A6FEAF39017A3E277722802C77EE5D8B77BFE05E00E2E30727"
"sound-definitions","SFX_Glass_Break","SoundEvents/BlockSounds/Glass/SFX_Glass_Break","Server/Audio/SoundEvents/BlockSounds/Glass/SFX_Glass_Break.json","593","92E14B14D385481BA23F8B9966E459176C0F3F89C5C2C6A12D5440CC63B26D20"
"sound-definitions","SFX_Glass_Land","SoundEvents/BlockSounds/Glass/SFX_Glass_Land","Server/Audio/SoundEvents/BlockSounds/Glass/SFX_Glass_Land.json","981","F98F1CA637E92D4217E9CDBF7C658859DAD48DA3FE85CD4DA9E27C677F61C3D7"
"sound-definitions","SFX_Glass_Walk","SoundEvents/BlockSounds/Glass/SFX_Glass_Walk","Server/Audio/SoundEvents/BlockSounds/Glass/SFX_Glass_Walk.json","1062","84226D6736B22D499820A9B0807657664D45B7185BF5A3C3430A8C4A93737376"
"sound-definitions","SFX_Grass_Break","SoundEvents/BlockSounds/Grass/SFX_Grass_Break","Server/Audio/SoundEvents/BlockSounds/Grass/SFX_Grass_Break.json","1081","A8D750E6AE97EED7E66685B6E5A501F1E562D3E44585BEB11A66F281B8977FCC"
"sound-definitions","SFX_Grass_Build","SoundEvents/BlockSounds/Grass/SFX_Grass_Build","Server/Audio/SoundEvents/BlockSounds/Grass/SFX_Grass_Build.json","288","0671540AF0FB40E35D6A6348B935DCD16153BD0F6E02CFAF24B946F9F6415776"
"sound-definitions","SFX_Grass_Hit","SoundEvents/BlockSounds/Grass/SFX_Grass_Hit","Server/Audio/SoundEvents/BlockSounds/Grass/SFX_Grass_Hit.json","1295","90372E939CA2D3420A2D7BD090CFB3F2D950FB90075098F1DC593D2A1A8BBBB7"
"sound-definitions","SFX_Grass_Land","SoundEvents/BlockSounds/Grass/SFX_Grass_Land","Server/Audio/SoundEvents/BlockSounds/Grass/SFX_Grass_Land.json","1056","75DDA9E70A38B2349D1D8BA8E894E7E420D542CFFBC8A4737737ADF9F7B323E9"
"sound-definitions","SFX_Grass_Walk","SoundEvents/BlockSounds/Grass/SFX_Grass_Walk","Server/Audio/SoundEvents/BlockSounds/Grass/SFX_Grass_Walk.json","1003","06849306E4E854D68DEC237125001D17719BCF67CB60BF00DAB31941145656AA"
"sound-definitions","SFX_Gravel_Break","SoundEvents/BlockSounds/Gravel/SFX_Gravel_Break","Server/Audio/SoundEvents/BlockSounds/Gravel/SFX_Gravel_Break.json","1291","F78EF57F7C1339A0F2AEC7828FE8659C20AFA08315315E189D57C7B690630B5E"
"sound-definitions","SFX_Gravel_Build","SoundEvents/BlockSounds/Gravel/SFX_Gravel_Build","Server/Audio/SoundEvents/BlockSounds/Gravel/SFX_Gravel_Build.json","288","0671540AF0FB40E35D6A6348B935DCD16153BD0F6E02CFAF24B946F9F6415776"
"sound-definitions","SFX_Gravel_Hit","SoundEvents/BlockSounds/Gravel/SFX_Gravel_Hit","Server/Audio/SoundEvents/BlockSounds/Gravel/SFX_Gravel_Hit.json","1238","4C942D14FC373CE8D146D6656D536B50EFEAB7B70EE29D3A8C31BB23858AA95F"
"sound-definitions","SFX_Gravel_Land","SoundEvents/BlockSounds/Gravel/SFX_Gravel_Land","Server/Audio/SoundEvents/BlockSounds/Gravel/SFX_Gravel_Land.json","1056","1A42A04B531C52727EC7DE49C592683E0378092E52A8881B864FBF0084DBA3D8"
"sound-definitions","SFX_Gravel_Walk","SoundEvents/BlockSounds/Gravel/SFX_Gravel_Walk","Server/Audio/SoundEvents/BlockSounds/Gravel/SFX_Gravel_Walk.json","1301","1A238ED1101448F68786BE43CCA4FE269FE7B68C8E3D11F4A65A2CC8CE3EC311"
"sound-definitions","SFX_Ice_Break","SoundEvents/BlockSounds/Ice/SFX_Ice_Break","Server/Audio/SoundEvents/BlockSounds/Ice/SFX_Ice_Break.json","654","3120FF46A0F862FECBFACCD89ED5DB53067B0387DB881D1286A8179FAFAC411D"
"sound-definitions","SFX_Ice_Build","SoundEvents/BlockSounds/Ice/SFX_Ice_Build","Server/Audio/SoundEvents/BlockSounds/Ice/SFX_Ice_Build.json","288","0671540AF0FB40E35D6A6348B935DCD16153BD0F6E02CFAF24B946F9F6415776"
"sound-definitions","SFX_Ice_Hit","SoundEvents/BlockSounds/Ice/SFX_Ice_Hit","Server/Audio/SoundEvents/BlockSounds/Ice/SFX_Ice_Hit.json","1509","1CC1A2D5F90404F9B28534BFD6559428DB430227E6EC9C7BD51400DB7BE010DD"
"sound-definitions","SFX_Ice_Land","SoundEvents/BlockSounds/Ice/SFX_Ice_Land","Server/Audio/SoundEvents/BlockSounds/Ice/SFX_Ice_Land.json","1092","2551CD5054E6E0012C3F294417C46BAD41A9F52907FF39A2A988EE321E3DDA91"
"sound-definitions","SFX_Ice_Walk","SoundEvents/BlockSounds/Ice/SFX_Ice_Walk","Server/Audio/SoundEvents/BlockSounds/Ice/SFX_Ice_Walk.json","1170","3D4AEB1637BC4DA65901287339C146283FE272D4B67F1BA1607E6940E59A990E"
"sound-definitions","SFX_Leaves_Break","SoundEvents/BlockSounds/Leaves/SFX_Leaves_Break","Server/Audio/SoundEvents/BlockSounds/Leaves/SFX_Leaves_Break.json","1264","90194B8A4EEBA7FEFAB8EE6DDBD293E2D07CCF32A6F89FF655F75E682AC38BB3"
"sound-definitions","SFX_Leaves_Hit","SoundEvents/BlockSounds/Leaves/SFX_Leaves_Hit","Server/Audio/SoundEvents/BlockSounds/Leaves/SFX_Leaves_Hit.json","406","A6F8446A4F5006E6E8BF51F8ADC6FD84D31910B5F2144944EA9E7DE8FAB6528B"
"sound-definitions","SFX_LeavesGround_Break","SoundEvents/BlockSounds/LeavesGround/SFX_LeavesGround_Break","Server/Audio/SoundEvents/BlockSounds/LeavesGround/SFX_LeavesGround_Break.json","1181","1512060DEF72712A5A909E1E3DD85ACC7221E4B6670BEC711CFB5500EAE6C576"
"sound-definitions","SFX_LeavesGround_Hit","SoundEvents/BlockSounds/LeavesGround/SFX_LeavesGround_Hit","Server/Audio/SoundEvents/BlockSounds/LeavesGround/SFX_LeavesGround_Hit.json","1081","7FC394F984882BF10B982D265E42CF9E6F5E0B0B43EFBD9AF5FD3734AA036658"
"sound-definitions","SFX_LeavesGround_Land","SoundEvents/BlockSounds/LeavesGround/SFX_LeavesGround_Land","Server/Audio/SoundEvents/BlockSounds/LeavesGround/SFX_LeavesGround_Land.json","1537","F2F29695D8126DBC064CE344164CA33853E89707A88FD147B34FA98A58045FC0"
"sound-definitions","SFX_LeavesGround_Walk","SoundEvents/BlockSounds/LeavesGround/SFX_LeavesGround_Walk","Server/Audio/SoundEvents/BlockSounds/LeavesGround/SFX_LeavesGround_Walk.json","1177","1E7A7827827456DC44022D9BBA739C96AB2EAA77C41E8CFF8081EF6C0F7ECEB1"
"sound-definitions","SFX_Metal_Break","SoundEvents/BlockSounds/Metal/SFX_Metal_Break","Server/Audio/SoundEvents/BlockSounds/Metal/SFX_Metal_Break.json","596","F97AEEE888A2019B6401EDB6338ACD4C190C051877437EE53DF3C7D7CAB22EEE"
"sound-definitions","SFX_Metal_Build","SoundEvents/BlockSounds/Metal/SFX_Metal_Build","Server/Audio/SoundEvents/BlockSounds/Metal/SFX_Metal_Build.json","288","0671540AF0FB40E35D6A6348B935DCD16153BD0F6E02CFAF24B946F9F6415776"
"sound-definitions","SFX_Metal_Hit","SoundEvents/BlockSounds/Metal/SFX_Metal_Hit","Server/Audio/SoundEvents/BlockSounds/Metal/SFX_Metal_Hit.json","694","16FF50DCF24427B509132B6792FEAB72323028F0549DF0F78F49B209C87C1505"
"sound-definitions","SFX_Metal_Land","SoundEvents/BlockSounds/Metal/SFX_Metal_Land","Server/Audio/SoundEvents/BlockSounds/Metal/SFX_Metal_Land.json","1050","7894CBB3ECFB942830F20F7273A2178EC4F082FBD7D57C6ABFBD22F2A44977C9"
"sound-definitions","SFX_Metal_Walk","SoundEvents/BlockSounds/Metal/SFX_Metal_Walk","Server/Audio/SoundEvents/BlockSounds/Metal/SFX_Metal_Walk.json","1127","812CECA11ADD7B402B5151C9C59B79BBD19B0D24AAD4221CBE43CA298B961883"
"sound-definitions","SFX_Mud_Break","SoundEvents/BlockSounds/Mud/SFX_Mud_Break","Server/Audio/SoundEvents/BlockSounds/Mud/SFX_Mud_Break.json","528","4B9F1CD60545D117053599C01B83F600746AF37D9B77D5E4E7C31CE40A0B752E"
"sound-definitions","SFX_Mud_Build","SoundEvents/BlockSounds/Mud/SFX_Mud_Build","Server/Audio/SoundEvents/BlockSounds/Mud/SFX_Mud_Build.json","288","0671540AF0FB40E35D6A6348B935DCD16153BD0F6E02CFAF24B946F9F6415776"
"sound-definitions","SFX_Mud_Hit","SoundEvents/BlockSounds/Mud/SFX_Mud_Hit","Server/Audio/SoundEvents/BlockSounds/Mud/SFX_Mud_Hit.json","596","F736FC189273523F30EEF8C8EA2DD113CB2301CD97436C9B7DB820FC8ABD376D"
"sound-definitions","SFX_Mud_Land","SoundEvents/BlockSounds/Mud/SFX_Mud_Land","Server/Audio/SoundEvents/BlockSounds/Mud/SFX_Mud_Land.json","1092","4A385A878340A08FEFAEAEF4DD0F875B6B818F934FC5C62EE2C34190D9305410"
"sound-definitions","SFX_Mud_Walk","SoundEvents/BlockSounds/Mud/SFX_Mud_Walk","Server/Audio/SoundEvents/BlockSounds/Mud/SFX_Mud_Walk.json","1169","CBF24BB6278B10A81E9845E232E5D6A3A0103E8C14C99B239457BBE279C51C60"
"sound-definitions","SFX_Mushroom_Break","SoundEvents/BlockSounds/Mushroom/SFX_Mushroom_Break","Server/Audio/SoundEvents/BlockSounds/Mushroom/SFX_Mushroom_Break.json","1628","0D81DB07783031A7798938DA05D316EAE1004E85A82FE274AC05A983DE1584D3"
"sound-definitions","SFX_Mushroom_Harvest","SoundEvents/BlockSounds/Mushroom/SFX_Mushroom_Harvest","Server/Audio/SoundEvents/BlockSounds/Mushroom/SFX_Mushroom_Harvest.json","583","CE381248EF169F95D9E60A76E002C4A3C496E2CE887EAAB838BF261FAD11BD82"
"sound-definitions","SFX_Mushroom_Hit","SoundEvents/BlockSounds/Mushroom/SFX_Mushroom_Hit","Server/Audio/SoundEvents/BlockSounds/Mushroom/SFX_Mushroom_Hit.json","1570","4BABC39D4B652DC90D5AEE1651336DF84FCF47C538D0CBEDD40D9F644AF66A57"
"sound-definitions","SFX_Mushroom_Land","SoundEvents/BlockSounds/Mushroom/SFX_Mushroom_Land","Server/Audio/SoundEvents/BlockSounds/Mushroom/SFX_Mushroom_Land.json","1579","5F23887334DE4F440DE3E7D10C3FFAC9A1E05EFEE2E9D99F7BFDC5CE654B1108"
"sound-definitions","SFX_Mushroom_Walk","SoundEvents/BlockSounds/Mushroom/SFX_Mushroom_Walk","Server/Audio/SoundEvents/BlockSounds/Mushroom/SFX_Mushroom_Walk.json","1658","838179813D305FD5FB279C656B007F94426E1075021D08799A10B5D27EDCF9CC"
"sound-definitions","SFX_Ore_Break","SoundEvents/BlockSounds/Ore/SFX_Ore_Break","Server/Audio/SoundEvents/BlockSounds/Ore/SFX_Ore_Break.json","1806","355B9860877D80833B0AE037EBB18A1E94BBE7B782D2D9B8F6A6508DFB1FBE18"
"sound-definitions","SFX_Ore_Hit","SoundEvents/BlockSounds/Ore/SFX_Ore_Hit","Server/Audio/SoundEvents/BlockSounds/Ore/SFX_Ore_Hit.json","1697","543272906777270F4841D275BB5E473238E5FB9D0789F9E98A3B6CF3A1DD0E86"
"sound-definitions","SFX_Plant_Break","SoundEvents/BlockSounds/Plant/SFX_Plant_Break","Server/Audio/SoundEvents/BlockSounds/Plant/SFX_Plant_Break.json","666","3FB3A98465C090CB93B29F07BC42DA6DDE2B0B19404B5E9434C8E6639EFA3E93"
"sound-definitions","SFX_Plant_Hit","SoundEvents/BlockSounds/Plant/SFX_Plant_Hit","Server/Audio/SoundEvents/BlockSounds/Plant/SFX_Plant_Hit.json","665","FDF4A04F8DCF222266AEF595C3CB63B410632CF6CF7CF65196F3343E63B4FFD2"
"sound-definitions","SFX_Plant_MoveIn","SoundEvents/BlockSounds/Plant/SFX_Plant_MoveIn","Server/Audio/SoundEvents/BlockSounds/Plant/SFX_Plant_MoveIn.json","948","8A53424394460694A86608A90D01D35BAAF36CACA6F505A02CE85EAF3C5BB229"
"sound-definitions","SFX_Plushie_Break","SoundEvents/BlockSounds/Plushie/SFX_Plushie_Break","Server/Audio/SoundEvents/BlockSounds/Plushie/SFX_Plushie_Break.json","1215","4EA745FBB93A05221DF80E2C42B5D2C1CF58CFDA545A564FC342B5CD9E6EDFC5"
"sound-definitions","SFX_Plushie_Hit","SoundEvents/BlockSounds/Plushie/SFX_Plushie_Hit","Server/Audio/SoundEvents/BlockSounds/Plushie/SFX_Plushie_Hit.json","1084","0E294C29E6ABDB95AA62A70040398A2795212A310DDE01C662E28B6963DEBB14"
"sound-definitions","SFX_Plushie_Interact","SoundEvents/BlockSounds/Plushie/SFX_Plushie_Interact","Server/Audio/SoundEvents/BlockSounds/Plushie/SFX_Plushie_Interact.json","605","6E6BF4B7EFC7FA0F585CA76C7E2A312D336CEF6A8160D2FC66C74F64343FF966"
"sound-definitions","SFX_Poop_Break","SoundEvents/BlockSounds/Poop/SFX_Poop_Break","Server/Audio/SoundEvents/BlockSounds/Poop/SFX_Poop_Break.json","102","763D793719C3D306D9C6EF62DC84F1703A43EC206FD86A1D6B80D823426BA4CB"
"sound-definitions","SFX_Poop_Hit","SoundEvents/BlockSounds/Poop/SFX_Poop_Hit","Server/Audio/SoundEvents/BlockSounds/Poop/SFX_Poop_Hit.json","100","4A8373E499493A4740157747D077820AB0FB7BEDE0EAF3DFF576EBA6B425C8B5"
"sound-definitions","SFX_Poop_Walk","SoundEvents/BlockSounds/Poop/SFX_Poop_Walk","Server/Audio/SoundEvents/BlockSounds/Poop/SFX_Poop_Walk.json","101","4ED5E8E59D2122D3DA03544F6718FC932899BA5A3C53A44D9D53883C4871A96A"
"sound-definitions","SFX_Reeds_Break","SoundEvents/BlockSounds/Reeds/SFX_Reeds_Break","Server/Audio/SoundEvents/BlockSounds/Reeds/SFX_Reeds_Break.json","562","F87B743D29252952B1C4839D4C652541726771B714AAB4848BACB72A685385F5"
"sound-definitions","SFX_Reeds_MoveIn","SoundEvents/BlockSounds/Reeds/SFX_Reeds_MoveIn","Server/Audio/SoundEvents/BlockSounds/Reeds/SFX_Reeds_MoveIn.json","819","1138ACF0A137BA227E19434EE955F1FE551ACA653B5952D1248B92100FC381F6"
"sound-definitions","SFX_Rope_Break","SoundEvents/BlockSounds/Rope/SFX_Rope_Break","Server/Audio/SoundEvents/BlockSounds/Rope/SFX_Rope_Break.json","646","2C3F7D5A473DE04BBD7EE2AAE8ED5B2D46D2C3116FCAC020401CEB238E04C31D"
"sound-definitions","SFX_Rope_Build","SoundEvents/BlockSounds/Rope/SFX_Rope_Build","Server/Audio/SoundEvents/BlockSounds/Rope/SFX_Rope_Build.json","288","0671540AF0FB40E35D6A6348B935DCD16153BD0F6E02CFAF24B946F9F6415776"
"sound-definitions","SFX_Rope_Land","SoundEvents/BlockSounds/Rope/SFX_Rope_Land","Server/Audio/SoundEvents/BlockSounds/Rope/SFX_Rope_Land.json","1565","C830D1FE3D68FC823287191D7CF1C285B6007024B4C0BF66FF072A7378E45156"
"sound-definitions","SFX_Rope_Walk","SoundEvents/BlockSounds/Rope/SFX_Rope_Walk","Server/Audio/SoundEvents/BlockSounds/Rope/SFX_Rope_Walk.json","1724","F4E1205F580D83D2034D5374CCC3B975EF7848A937B253EE8FF27329D583AC5B"
"sound-definitions","SFX_Sand_Break","SoundEvents/BlockSounds/Sand/SFX_Sand_Break","Server/Audio/SoundEvents/BlockSounds/Sand/SFX_Sand_Break.json","528","DAC9AD9469345A00F46017CF82F2100E10B400F6CB13C5F1017B99091A7768DD"
"sound-definitions","SFX_Sand_Build","SoundEvents/BlockSounds/Sand/SFX_Sand_Build","Server/Audio/SoundEvents/BlockSounds/Sand/SFX_Sand_Build.json","288","0671540AF0FB40E35D6A6348B935DCD16153BD0F6E02CFAF24B946F9F6415776"
"sound-definitions","SFX_Sand_Hit","SoundEvents/BlockSounds/Sand/SFX_Sand_Hit","Server/Audio/SoundEvents/BlockSounds/Sand/SFX_Sand_Hit.json","769","7F99F86831A9969B40E61781265F8515B76286EAB1881D73600BF44350156363"
"sound-definitions","SFX_Sand_Land","SoundEvents/BlockSounds/Sand/SFX_Sand_Land","Server/Audio/SoundEvents/BlockSounds/Sand/SFX_Sand_Land.json","991","1F4AD0231536EAEB090E4E52D4A232B87E6A43D924E9AEC056A0AFFB0091F883"
"sound-definitions","SFX_Sand_Walk","SoundEvents/BlockSounds/Sand/SFX_Sand_Walk","Server/Audio/SoundEvents/BlockSounds/Sand/SFX_Sand_Walk.json","1067","6123422AA3257483D8F919BDF6EE38ABB8C6FB7B1ABC899F0B46CA6FC1D74627"
"sound-definitions","SFX_Seeds_Place","SoundEvents/BlockSounds/Seeds/SFX_Seeds_Place","Server/Audio/SoundEvents/BlockSounds/Seeds/SFX_Seeds_Place.json","1055","9267AD37957152CBB1A6015AD315569E26648114546F1BB21522CF2C43303372"
"sound-definitions","SFX_Unbreakable_Block","SoundEvents/BlockSounds/SFX_Unbreakable_Block","Server/Audio/SoundEvents/BlockSounds/SFX_Unbreakable_Block.json","234","057D823C5390C542B7AABD22154B4E5B1318C02B7BC57ACE3FE662859C688CC9"
"sound-definitions","SFX_Snow_Break","SoundEvents/BlockSounds/Snow/SFX_Snow_Break","Server/Audio/SoundEvents/BlockSounds/Snow/SFX_Snow_Break.json","801","58FC481B4E7A34001D082354D0B9414B700B69DA554A28A5786C363FA6B5AFE4"
"sound-definitions","SFX_Snow_Build","SoundEvents/BlockSounds/Snow/SFX_Snow_Build","Server/Audio/SoundEvents/BlockSounds/Snow/SFX_Snow_Build.json","288","0671540AF0FB40E35D6A6348B935DCD16153BD0F6E02CFAF24B946F9F6415776"
"sound-definitions","SFX_Snow_Hit","SoundEvents/BlockSounds/Snow/SFX_Snow_Hit","Server/Audio/SoundEvents/BlockSounds/Snow/SFX_Snow_Hit.json","674","515D857828A506EE565BCD86EB26EEFF23985649F5C485DF8F85BE2429D9AD86"
"sound-definitions","SFX_Snow_Land","SoundEvents/BlockSounds/Snow/SFX_Snow_Land","Server/Audio/SoundEvents/BlockSounds/Snow/SFX_Snow_Land.json","1095","7148D89287A53A1B81271B1F0593CD73CC2F11D4ED63BE3C5280FA42E8E53BEF"
"sound-definitions","SFX_Snow_Walk","SoundEvents/BlockSounds/Snow/SFX_Snow_Walk","Server/Audio/SoundEvents/BlockSounds/Snow/SFX_Snow_Walk.json","1638","EAB498CAAAF56FBA8EFAAB279D3838C15B7183CE06E4DD138C62C264A9759F90"
"sound-definitions","SFX_Soft_Break","SoundEvents/BlockSounds/Soft/SFX_Soft_Break","Server/Audio/SoundEvents/BlockSounds/Soft/SFX_Soft_Break.json","411","2E5323220E06B9E044D9225AAF5A9F800984AD4BFC42A3107B7162FD3795A752"
"sound-definitions","SFX_Soft_Build","SoundEvents/BlockSounds/Soft/SFX_Soft_Build","Server/Audio/SoundEvents/BlockSounds/Soft/SFX_Soft_Build.json","288","0671540AF0FB40E35D6A6348B935DCD16153BD0F6E02CFAF24B946F9F6415776"
"sound-definitions","SFX_Soft_Hit","SoundEvents/BlockSounds/Soft/SFX_Soft_Hit","Server/Audio/SoundEvents/BlockSounds/Soft/SFX_Soft_Hit.json","449","82625B2A10C925D123FA7B577D69A77E15E9DED857F4165D93967B4AC9774229"
"sound-definitions","SFX_Soft_Walk","SoundEvents/BlockSounds/Soft/SFX_Soft_Walk","Server/Audio/SoundEvents/BlockSounds/Soft/SFX_Soft_Walk.json","1187","1BA4AB521DE7962A6BF5DD1461A7F937A91E7016DDE2C156BF22714419712B9F"
"sound-definitions","SFX_Sticks_Break","SoundEvents/BlockSounds/Sticks/SFX_Sticks_Break","Server/Audio/SoundEvents/BlockSounds/Sticks/SFX_Sticks_Break.json","507","39DE34E9465486C46173589C003F786AF84ABD67357276927BE70E10290FFBFF"
"sound-definitions","SFX_Sticks_Land","SoundEvents/BlockSounds/Sticks/SFX_Sticks_Land","Server/Audio/SoundEvents/BlockSounds/Sticks/SFX_Sticks_Land.json","1076","1BD399D6D02182DD3510DDF74EE563145217F1C7D1E762714EF3B2667A607349"
"sound-definitions","SFX_Sticks_Walk","SoundEvents/BlockSounds/Sticks/SFX_Sticks_Walk","Server/Audio/SoundEvents/BlockSounds/Sticks/SFX_Sticks_Walk.json","1163","E03FA9C66EC51CB61B31708FABBDEC1A6C805D9DD58B92E076E1A66C8FD560DB"
"sound-definitions","SFX_Stone_Break","SoundEvents/BlockSounds/Stone/SFX_Stone_Break","Server/Audio/SoundEvents/BlockSounds/Stone/SFX_Stone_Break.json","1502","6B357BA909E352CB3C8356BC8945AFA7917747AE07A91070785BD86C05952F91"
"sound-definitions","SFX_Stone_Build","SoundEvents/BlockSounds/Stone/SFX_Stone_Build","Server/Audio/SoundEvents/BlockSounds/Stone/SFX_Stone_Build.json","288","0671540AF0FB40E35D6A6348B935DCD16153BD0F6E02CFAF24B946F9F6415776"
"sound-definitions","SFX_Stone_Harvest","SoundEvents/BlockSounds/Stone/SFX_Stone_Harvest","Server/Audio/SoundEvents/BlockSounds/Stone/SFX_Stone_Harvest.json","1030","10A00560D139EF727CFE389AA5207CF4F1711ED768AF19BB68689F439FC1C653"
"sound-definitions","SFX_Stone_Hit","SoundEvents/BlockSounds/Stone/SFX_Stone_Hit","Server/Audio/SoundEvents/BlockSounds/Stone/SFX_Stone_Hit.json","1440","476E37A0CDC571077D86B78DA6E45FE8B7F9734CDA91F3F63E41E45D12423EFC"
"sound-definitions","SFX_Stone_Land","SoundEvents/BlockSounds/Stone/SFX_Stone_Land","Server/Audio/SoundEvents/BlockSounds/Stone/SFX_Stone_Land.json","1050","D43F2967BD4A28B3C00189E5CEC023978CC51EBECFF1620F7DFF945130CAAB46"
"sound-definitions","SFX_Stone_Walk","SoundEvents/BlockSounds/Stone/SFX_Stone_Walk","Server/Audio/SoundEvents/BlockSounds/Stone/SFX_Stone_Walk.json","1219","5276F1ED2626D5F5B14BF5D681F8B3BE1DE2DF25D0644B46EA1A804E491FC4DD"
"sound-definitions","SFX_Tall_Grass_MoveIn","SoundEvents/BlockSounds/Tall_Grass/SFX_Tall_Grass_MoveIn","Server/Audio/SoundEvents/BlockSounds/Tall_Grass/SFX_Tall_Grass_MoveIn.json","898","7EFCAB7B8B041C2FC72E0693D5BF57BBFD591C99BC820FC0CF386258173B0B27"
"sound-definitions","SFX_Tombstone_Break","SoundEvents/BlockSounds/Tombstone/SFX_Tombstone_Break","Server/Audio/SoundEvents/BlockSounds/Tombstone/SFX_Tombstone_Break.json","104","D0195A99261CD870D041C8B71FACFF3A65B500B469AD1B22502EDC7234BC7D06"
"sound-definitions","SFX_Torch_Stone_Break","SoundEvents/BlockSounds/Torch_Stone/SFX_Torch_Stone_Break","Server/Audio/SoundEvents/BlockSounds/Torch_Stone/SFX_Torch_Stone_Break.json","1807","FCE58897F399717B0BF76773D0965B397DB197A50D69DA74A21F01209B6CB600"
"sound-definitions","SFX_Torch_Stone_Build","SoundEvents/BlockSounds/Torch_Stone/SFX_Torch_Stone_Build","Server/Audio/SoundEvents/BlockSounds/Torch_Stone/SFX_Torch_Stone_Build.json","598","6C4006F19BE49EFB34605C5BB16A3B06D1E633D7E5B50D1C43C606DF0F228036"
"sound-definitions","SFX_Torch_Break","SoundEvents/BlockSounds/Torch/SFX_Torch_Break","Server/Audio/SoundEvents/BlockSounds/Torch/SFX_Torch_Break.json","751","DC76CA229C14FCCD91110C9225180C04294BBDA01A0CF6AE819A7E72E432F620"
"sound-definitions","SFX_Torch_Build","SoundEvents/BlockSounds/Torch/SFX_Torch_Build","Server/Audio/SoundEvents/BlockSounds/Torch/SFX_Torch_Build.json","598","6C4006F19BE49EFB34605C5BB16A3B06D1E633D7E5B50D1C43C606DF0F228036"
"sound-definitions","SFX_Torch_Default_Loop","SoundEvents/BlockSounds/Torch/SFX_Torch_Default_Loop","Server/Audio/SoundEvents/BlockSounds/Torch/SFX_Torch_Default_Loop.json","426","004535BE966A671AA0088205CAF40F07559AF1A4A44AC57A1A4CDD5E1ED0EEA3"
"sound-definitions","SFX_Torch_Ignite","SoundEvents/BlockSounds/Torch/SFX_Torch_Ignite","Server/Audio/SoundEvents/BlockSounds/Torch/SFX_Torch_Ignite.json","431","3A356187836619879BC61A9C8DEC4FFC7A032E2B0214833456CD3BE047055CE9"
"sound-definitions","SFX_Torch_Off","SoundEvents/BlockSounds/Torch/SFX_Torch_Off","Server/Audio/SoundEvents/BlockSounds/Torch/SFX_Torch_Off.json","340","FDCB05A3A2DB05352F23021B92B2684C930DF89EEAD5F0B1728C312F92848C15"
"sound-definitions","SFX_Torch_On_Loop","SoundEvents/BlockSounds/Torch/SFX_Torch_On_Loop","Server/Audio/SoundEvents/BlockSounds/Torch/SFX_Torch_On_Loop.json","111","0482A414567F99051B92B2F113C14CF5448E1EB25F4256C3BDBA1FC03E1B9E80"
"sound-definitions","SFX_Trashpile_Break","SoundEvents/BlockSounds/Trashpile/SFX_Trashpile_Break","Server/Audio/SoundEvents/BlockSounds/Trashpile/SFX_Trashpile_Break.json","890","9D3AF4BA239114D95FC6BE92E58A393D8816C718CDE2504693B9A327A6A83DFC"
"sound-definitions","SFX_Trashpile_Land","SoundEvents/BlockSounds/Trashpile/SFX_Trashpile_Land","Server/Audio/SoundEvents/BlockSounds/Trashpile/SFX_Trashpile_Land.json","1130","82AA57EAABCB5021E2195635B854B323B26B418CBE72526F8EF73A15CCD39A46"
"sound-definitions","SFX_Trashpile_Walk","SoundEvents/BlockSounds/Trashpile/SFX_Trashpile_Walk","Server/Audio/SoundEvents/BlockSounds/Trashpile/SFX_Trashpile_Walk.json","1313","FE949D6793C95F36F22B1CC67A79C61DF69AA75687E56EC85C29A7BE7E4B71AB"
"sound-definitions","SFX_Water_MoveIn","SoundEvents/BlockSounds/Water/SFX_Water_MoveIn","Server/Audio/SoundEvents/BlockSounds/Water/SFX_Water_MoveIn.json","875","62995447143B073ABB04B444E640B27254E78A008544F87C80A517F34949F53D"
"sound-definitions","SFX_Water_MoveOut","SoundEvents/BlockSounds/Water/SFX_Water_MoveOut","Server/Audio/SoundEvents/BlockSounds/Water/SFX_Water_MoveOut.json","790","0ABA7E7BF9E77BBD2FC7F06D55B08EBAABB62727AEE2C7445727B2901BEE2726"
"sound-definitions","SFX_Web_MoveIn","SoundEvents/BlockSounds/Web/SFX_Web_MoveIn","Server/Audio/SoundEvents/BlockSounds/Web/SFX_Web_MoveIn.json","759","EBC90451C1E8EE47758388039AE1D579AEC0F030356473337968EE9203ED8CE1"
"sound-definitions","SFX_Window_Break","SoundEvents/BlockSounds/Window/SFX_Window_Break","Server/Audio/SoundEvents/BlockSounds/Window/SFX_Window_Break.json","883","0C615C90E3A3318C383C0DBB161D9741BC715678F08EDE9A0F8BC1591B602FA1"
"sound-definitions","SFX_Window_Stone_Break","SoundEvents/BlockSounds/Window/SFX_Window_Stone_Break","Server/Audio/SoundEvents/BlockSounds/Window/SFX_Window_Stone_Break.json","1414","BFEE3EA36F8E49321EF53C3971C9B346A8801BD81173B8D6E55EE67D7FE5E5FA"
"sound-definitions","SFX_Wisp_Lamp_Loop","SoundEvents/BlockSounds/Wisp_Lamp/SFX_Wisp_Lamp_Loop","Server/Audio/SoundEvents/BlockSounds/Wisp_Lamp/SFX_Wisp_Lamp_Loop.json","359","1A0CDBCC7C70B81EE3012B415910F620D27FDD1979E4A779869FBD901A6949E3"
"sound-definitions","SFX_Wood_Break","SoundEvents/BlockSounds/Wood/SFX_Wood_Break","Server/Audio/SoundEvents/BlockSounds/Wood/SFX_Wood_Break.json","520","9FEA88AD24E15B54C550BE2DFD66CD345850A7A21B1E91A2120041F2EC82709C"
"sound-definitions","SFX_Wood_Build","SoundEvents/BlockSounds/Wood/SFX_Wood_Build","Server/Audio/SoundEvents/BlockSounds/Wood/SFX_Wood_Build.json","288","0671540AF0FB40E35D6A6348B935DCD16153BD0F6E02CFAF24B946F9F6415776"
"sound-definitions","SFX_Wood_Hit","SoundEvents/BlockSounds/Wood/SFX_Wood_Hit","Server/Audio/SoundEvents/BlockSounds/Wood/SFX_Wood_Hit.json","680","194744B9730894DB91FA56FADB751450D2279B768FE466CDAB938519FB9D1023"
"sound-definitions","SFX_Wood_Land","SoundEvents/BlockSounds/Wood/SFX_Wood_Land","Server/Audio/SoundEvents/BlockSounds/Wood/SFX_Wood_Land.json","1907","7DE77EDCFB1080DF011C9E33043C09280C6BE4E990EEEAEE340815EA94A9DD94"
"sound-definitions","SFX_Wood_Walk","SoundEvents/BlockSounds/Wood/SFX_Wood_Walk","Server/Audio/SoundEvents/BlockSounds/Wood/SFX_Wood_Walk.json","2104","6AE2F98972954FA581663F2CCB16BEC331BA1B5A9F0120701A612B3881B9C368"
"sound-definitions","SFX_Emit_Goblin_Arena_Mechanism","SoundEvents/Environments/Emitters/Goblin/SFX_Emit_Goblin_Arena_Mechanism","Server/Audio/SoundEvents/Environments/Emitters/Goblin/SFX_Emit_Goblin_Arena_Mechanism.json","810","FDCF28A233170ADBA550AC79894A49F9D4947FEC5EC138E7FC922A5AB943E4E5"
"sound-definitions","SFX_Emit_Goblin_Cauldron_Bubbling_Large","SoundEvents/Environments/Emitters/Goblin/SFX_Emit_Goblin_Cauldron_Bubbling_Large","Server/Audio/SoundEvents/Environments/Emitters/Goblin/SFX_Emit_Goblin_Cauldron_Bubbling_Large.json","442","D730A27F731F4A4002BBE6126C3BD968A374B507717784177C1E7F68A414276E"
"sound-definitions","SFX_Emit_Goblin_Electric_Sparks","SoundEvents/Environments/Emitters/Goblin/SFX_Emit_Goblin_Electric_Sparks","Server/Audio/SoundEvents/Environments/Emitters/Goblin/SFX_Emit_Goblin_Electric_Sparks.json","1266","E308E9B22C949B328A9084F6945B2D12F4E20C3ACF0D7EF36EB643CDAEDB23A2"
"sound-definitions","SFX_Emit_Goblin_Liquid_Bubbling","SoundEvents/Environments/Emitters/Goblin/SFX_Emit_Goblin_Liquid_Bubbling","Server/Audio/SoundEvents/Environments/Emitters/Goblin/SFX_Emit_Goblin_Liquid_Bubbling.json","470","E6621C31B144E62D6B92F4AB0A685B123C6E776D7A5A4E1F7A01927C2968786F"
"sound-definitions","SFX_Emit_Goblin_Liquid_Bubbling_Steam_Bursts","SoundEvents/Environments/Emitters/Goblin/SFX_Emit_Goblin_Liquid_Bubbling_Steam_Bursts","Server/Audio/SoundEvents/Environments/Emitters/Goblin/SFX_Emit_Goblin_Liquid_Bubbling_Steam_Bursts.json","1145","ECD50F8FBC517C25CBC9DAEF5313B3AD6DFDF6D80EAB28146206E414850EEB69"
"sound-definitions","SFX_Emit_Goblin_Liquid_Thick_Bubbling","SoundEvents/Environments/Emitters/Goblin/SFX_Emit_Goblin_Liquid_Thick_Bubbling","Server/Audio/SoundEvents/Environments/Emitters/Goblin/SFX_Emit_Goblin_Liquid_Thick_Bubbling.json","476","0256F60CD6B24B7733D551FC52DE82D68003B2F072D3E2111A12BEBB37FCF01D"
"sound-definitions","SFX_Emit_Goblin_Liquid_Thick_Bubbling_Steam_Bursts","SoundEvents/Environments/Emitters/Goblin/SFX_Emit_Goblin_Liquid_Thick_Bubbling_Steam_Bursts","Server/Audio/SoundEvents/Environments/Emitters/Goblin/SFX_Emit_Goblin_Liquid_Thick_Bubbling_Steam_Bursts.json","1151","083C0129797C6D55A87B17A85385AD96715CE75F1166B2AB9D16AE2D245AF3AE"
"sound-definitions","SFX_Emit_Goblin_Machine_A","SoundEvents/Environments/Emitters/Goblin/SFX_Emit_Goblin_Machine_A","Server/Audio/SoundEvents/Environments/Emitters/Goblin/SFX_Emit_Goblin_Machine_A.json","442","C567EFB1573F846A7301392445AF378535EFFDA2AEDB0CEF8A4E903CA11D2E6A"
"sound-definitions","SFX_Emit_Goblin_Machine_A_Electric_Sparks_Steam_Bursts_Winding","SoundEvents/Environments/Emitters/Goblin/SFX_Emit_Goblin_Machine_A_Electric_Sparks_Steam_Bursts_Winding","Server/Audio/SoundEvents/Environments/Emitters/Goblin/SFX_Emit_Goblin_Machine_A_Electric_Sparks_Steam_Bursts_Winding.json","3023","05A1B0BE5E309E318CDD422BD10923521A13B0E1DA149CF88709B8C48018E55B"
"sound-definitions","SFX_Emit_Goblin_Machine_A_Steam_Bursts_Winding","SoundEvents/Environments/Emitters/Goblin/SFX_Emit_Goblin_Machine_A_Steam_Bursts_Winding","Server/Audio/SoundEvents/Environments/Emitters/Goblin/SFX_Emit_Goblin_Machine_A_Steam_Bursts_Winding.json","1794","1521485092A70F6D0EC2F45150B6BBC059ED2C6C9AED78CFF1057080FF4824C4"
"sound-definitions","SFX_Emit_Goblin_Machine_B","SoundEvents/Environments/Emitters/Goblin/SFX_Emit_Goblin_Machine_B","Server/Audio/SoundEvents/Environments/Emitters/Goblin/SFX_Emit_Goblin_Machine_B.json","442","A22C6C877F3B1AC29FEE9752E444C91942BA79C5DAF0800FCEC10AE6D373B79F"
"sound-definitions","SFX_Emit_Goblin_Machine_B_Electric_Sparks_Steam_Bursts_Winding","SoundEvents/Environments/Emitters/Goblin/SFX_Emit_Goblin_Machine_B_Electric_Sparks_Steam_Bursts_Winding","Server/Audio/SoundEvents/Environments/Emitters/Goblin/SFX_Emit_Goblin_Machine_B_Electric_Sparks_Steam_Bursts_Winding.json","3023","C54B28A190BA8BBCF6CA9D027D6BC8F970B4DFF9074A6A62F3EFDA1F0F9D46A2"
"sound-definitions","SFX_Emit_Goblin_Machine_B_Steam_Bursts_Winding","SoundEvents/Environments/Emitters/Goblin/SFX_Emit_Goblin_Machine_B_Steam_Bursts_Winding","Server/Audio/SoundEvents/Environments/Emitters/Goblin/SFX_Emit_Goblin_Machine_B_Steam_Bursts_Winding.json","1794","E3B4D8308D431664F8DCABC4281A6C4443FABD02FC9EAF7D705B0F033A10E73C"
"sound-definitions","SFX_Emit_Goblin_Machine_Drone_A","SoundEvents/Environments/Emitters/Goblin/SFX_Emit_Goblin_Machine_Drone_A","Server/Audio/SoundEvents/Environments/Emitters/Goblin/SFX_Emit_Goblin_Machine_Drone_A.json","470","B3B1671D11BED68828C24086F0916F91D21A2572AB53B1BFAD2A3C2ABE805E7A"
"sound-definitions","SFX_Emit_Goblin_Machine_Drone_B","SoundEvents/Environments/Emitters/Goblin/SFX_Emit_Goblin_Machine_Drone_B","Server/Audio/SoundEvents/Environments/Emitters/Goblin/SFX_Emit_Goblin_Machine_Drone_B.json","450","DB05D092EA7B2E924464816967744474608615C1AD581F33B13345ED79CF696E"
"sound-definitions","SFX_Emit_Goblin_Steam_A","SoundEvents/Environments/Emitters/Goblin/SFX_Emit_Goblin_Steam_A","Server/Audio/SoundEvents/Environments/Emitters/Goblin/SFX_Emit_Goblin_Steam_A.json","692","CFC6B6A04F41CE964DCC6F34C5A8168234A9DA8F38E0ED9C762022C13956E3E4"
"sound-definitions","SFX_Emit_Goblin_Steam_B","SoundEvents/Environments/Emitters/Goblin/SFX_Emit_Goblin_Steam_B","Server/Audio/SoundEvents/Environments/Emitters/Goblin/SFX_Emit_Goblin_Steam_B.json","766","08A0DFF28912D24FEFF139D352A169D4C3F62B9E5DB233EDA17E0DDF3C8C1A4E"
"sound-definitions","SFX_Emit_Goblin_Winding","SoundEvents/Environments/Emitters/Goblin/SFX_Emit_Goblin_Winding","Server/Audio/SoundEvents/Environments/Emitters/Goblin/SFX_Emit_Goblin_Winding.json","638","98B62023591DB18C04BDE2495502941D1E96606957451D7F79C9183C6EA57089"
"sound-definitions","SFX_GoblinLab_Broken_Device","SoundEvents/Environments/Emitters/Goblin/SFX_GoblinLab_Broken_Device","Server/Audio/SoundEvents/Environments/Emitters/Goblin/SFX_GoblinLab_Broken_Device.json","1376","6883EFBE88270E5614AB2253A39311759D55D7182260924865DD00D11EBF4B97"
"sound-definitions","SFX_GoblinLab_Fence","SoundEvents/Environments/Emitters/Goblin/SFX_GoblinLab_Fence","Server/Audio/SoundEvents/Environments/Emitters/Goblin/SFX_GoblinLab_Fence.json","1289","73A3483E3BF3EC4FABD8CB34AFEE50BD309F7F7BB96EF720C8E8C4E063E16EA6"
"sound-definitions","SFX_Emit_Lake_Water","SoundEvents/Environments/Emitters/Lake/SFX_Emit_Lake_Water","Server/Audio/SoundEvents/Environments/Emitters/Lake/SFX_Emit_Lake_Water.json","451","904F7412D658D733362F55D76B1BCC5F2E95CA591C6EEB28ECA95B70B70A9CF3"
"sound-definitions","SFX_Emit_Toxic_Water","SoundEvents/Environments/Emitters/Poison_Water/SFX_Emit_Toxic_Water","Server/Audio/SoundEvents/Environments/Emitters/Poison_Water/SFX_Emit_Toxic_Water.json","852","D4AB94ADE81E7332DF308C699AA66B5978545C41E77CA96348A4CCF06D7EA2AC"
"sound-definitions","SFX_Emit_Raindrops_Glass","SoundEvents/Environments/Emitters/Rain/SFX_Emit_Raindrops_Glass","Server/Audio/SoundEvents/Environments/Emitters/Rain/SFX_Emit_Raindrops_Glass.json","881","3D6583F4620C3F28B8EA2AB4758E1071145B14DD5DAE0FE821B9569F2ABEB098"
"sound-definitions","SFX_Env_Emit_Raindrops_Water","SoundEvents/Environments/Emitters/Rain/SFX_Env_Emit_Raindrops_Water","Server/Audio/SoundEvents/Environments/Emitters/Rain/SFX_Env_Emit_Raindrops_Water.json","489","DB6B83B71E8523D2F97A5ACC27255575EA8E3FF61DD1161CA88C7118E231FDC9"
"sound-definitions","SFX_Emit_Forgotten_Whispers","SoundEvents/Environments/Emitters/Temple/SFX_Emit_Forgotten_Whispers","Server/Audio/SoundEvents/Environments/Emitters/Temple/SFX_Emit_Forgotten_Whispers.json","882","893E95864BEFC242420C84ECB4515560D79E895FFD2444ABECE9CD97A2B9CE16"
"sound-definitions","SFX_Emit_Temple_Wisps","SoundEvents/Environments/Emitters/Temple/SFX_Emit_Temple_Wisps","Server/Audio/SoundEvents/Environments/Emitters/Temple/SFX_Emit_Temple_Wisps.json","771","44F686C422D528405CB5577131B6628CF196E3FE6FF66381C034F40D21717928"
"sound-definitions","SFX_Emit_Tree_Creak","SoundEvents/Environments/Emitters/Tree/SFX_Emit_Tree_Creak","Server/Audio/SoundEvents/Environments/Emitters/Tree/SFX_Emit_Tree_Creak.json","586","18DF9335E933B14969C4FCA58180690431579025CA83243327CC563B0BDE060B"
"sound-definitions","SFX_Emit_Void_Static","SoundEvents/Environments/Emitters/Void/SFX_Emit_Void_Static","Server/Audio/SoundEvents/Environments/Emitters/Void/SFX_Emit_Void_Static.json","702","1693611AFB63694C477E69F3099FD2EE658F676EEC1C9316DB5A5DC38FF6DA53"
"sound-definitions","SFX_Emit_Void_Wisps","SoundEvents/Environments/Emitters/Void/SFX_Emit_Void_Wisps","Server/Audio/SoundEvents/Environments/Emitters/Void/SFX_Emit_Void_Wisps.json","772","8986AF62B1A0AEC02C7E160B78F7ED6642C6C3A3D70C5334FA8A1606C89D05FC"
"sound-definitions","SFX_Emit_Wind_Grass","SoundEvents/Environments/Env/SFX_Emit_Wind_Grass","Server/Audio/SoundEvents/Environments/Env/SFX_Emit_Wind_Grass.json","701","BA78C10125194D60F424871323E8C5C8322A13B548C0CDD46354ECE0A18EC465"
"sound-definitions","SFX_Emit_Wind_Gusts","SoundEvents/Environments/Env/SFX_Emit_Wind_Gusts","Server/Audio/SoundEvents/Environments/Env/SFX_Emit_Wind_Gusts.json","779","6FD6803AD7EFDBFF9EB9773F9A761179D00543B5AFB5432AA2482C0CB9C82180"
"sound-definitions","SFX_Env_Emit_Fluid_Lava","SoundEvents/Environments/Env/SFX_Env_Emit_Fluid_Lava","Server/Audio/SoundEvents/Environments/Env/SFX_Env_Emit_Fluid_Lava.json","464","AE74683E422EABEBECD1438C0C64FFE8A8E2CE5C750CAFB1C7F1A1A664590049"
"sound-definitions","SFX_Env_Emit_Fluid_Water","SoundEvents/Environments/Env/SFX_Env_Emit_Fluid_Water","Server/Audio/SoundEvents/Environments/Env/SFX_Env_Emit_Fluid_Water.json","614","D969E2B842E17FA0905E45D7CA973B0BB3EA6DB42F75BEBC48FE6E10A67E230C"
"sound-definitions","SFX_Env_Emit_Fluid_Water_Far","SoundEvents/Environments/Env/SFX_Env_Emit_Fluid_Water_Far","Server/Audio/SoundEvents/Environments/Env/SFX_Env_Emit_Fluid_Water_Far.json","623","E49484DDD36C98EBC6170C785ED87795BCE544B80D083C91AB7F380CE593D833"
"sound-definitions","SFX_Env_Emit_Geyzer","SoundEvents/Environments/Env/SFX_Env_Emit_Geyzer","Server/Audio/SoundEvents/Environments/Env/SFX_Env_Emit_Geyzer.json","1341","BD0191866037A5F72FC7394B7DBEB7353CA5D8D608D52C37DD3D7B626961735C"
"sound-definitions","SFX_Forgotten_Temple_Emit_Birds","SoundEvents/Environments/Unique/SFX_Forgotten_Temple_Emit_Birds","Server/Audio/SoundEvents/Environments/Unique/SFX_Forgotten_Temple_Emit_Birds.json","3071","95F04BDCD631552DCDAC69A82C43A5AC2EB20C09E4DF486FCBB33E835D48F29D"
"sound-definitions","SFX_Forgotten_Temple_Emit_Birds_Interior","SoundEvents/Environments/Unique/SFX_Forgotten_Temple_Emit_Birds_Interior","Server/Audio/SoundEvents/Environments/Unique/SFX_Forgotten_Temple_Emit_Birds_Interior.json","3071","95F04BDCD631552DCDAC69A82C43A5AC2EB20C09E4DF486FCBB33E835D48F29D"
"sound-definitions","SFX_Global_Weather_Thunder","SoundEvents/Environments/Weather/SFX_Global_Weather_Thunder","Server/Audio/SoundEvents/Environments/Weather/SFX_Global_Weather_Thunder.json","542","2EA1B3C3869D7B7F3D4A7304550B409E3D17713A15C24CFFBF8FFCEF4C9EC087"
"sound-definitions","SFX_Z1_Emit_Forest_Autumn_Day_Birds","SoundEvents/Environments/Z1/SFX_Z1_Emit_Forest_Autumn_Day_Birds","Server/Audio/SoundEvents/Environments/Z1/SFX_Z1_Emit_Forest_Autumn_Day_Birds.json","1893","4F5C642D125168485FEAE7F0CA85D0D22866626796C5B386DC3D292CC462BB05"
"sound-definitions","SFX_Z1_Emit_Forest_Autumn_Day_Insects","SoundEvents/Environments/Z1/SFX_Z1_Emit_Forest_Autumn_Day_Insects","Server/Audio/SoundEvents/Environments/Z1/SFX_Z1_Emit_Forest_Autumn_Day_Insects.json","528","50E9643E57C9B566DD2DD2529B950325AC7D1D8D0C25BCC60310F922885A4A75"
"sound-definitions","SFX_Z1_Emit_Forest_Autumn_Day_Wind","SoundEvents/Environments/Z1/SFX_Z1_Emit_Forest_Autumn_Day_Wind","Server/Audio/SoundEvents/Environments/Z1/SFX_Z1_Emit_Forest_Autumn_Day_Wind.json","3969","74256AEE3B6E03BAD1024B7118495930EB3D205B3B97586E0DC47288BDC568B5"
"sound-definitions","SFX_Z1_Emit_Forest_Azure_Day_Insects","SoundEvents/Environments/Z1/SFX_Z1_Emit_Forest_Azure_Day_Insects","Server/Audio/SoundEvents/Environments/Z1/SFX_Z1_Emit_Forest_Azure_Day_Insects.json","542","3866A39E3F37F9408F1FF0C590746500239C76F5E5F4B4CC631A17C8E2943201"
"sound-definitions","SFX_Z1_Emit_Forest_Azure_Day_Wind","SoundEvents/Environments/Z1/SFX_Z1_Emit_Forest_Azure_Day_Wind","Server/Audio/SoundEvents/Environments/Z1/SFX_Z1_Emit_Forest_Azure_Day_Wind.json","855","7A7218605B4E72AE423967F2C399D5F7A14602098FC7FE4F9F9B75C6AB099161"
"sound-definitions","SFX_Z1_Emit_Forest_Gen_Day_Birds","SoundEvents/Environments/Z1/SFX_Z1_Emit_Forest_Gen_Day_Birds","Server/Audio/SoundEvents/Environments/Z1/SFX_Z1_Emit_Forest_Gen_Day_Birds.json","5927","C830BFBAA0CF6DA66855E94425125CBCCBD59EA82C16D4C903720E26CF3135C8"
"sound-definitions","SFX_Z1_Emit_Forest_Gen_Day_Insects","SoundEvents/Environments/Z1/SFX_Z1_Emit_Forest_Gen_Day_Insects","Server/Audio/SoundEvents/Environments/Z1/SFX_Z1_Emit_Forest_Gen_Day_Insects.json","979","264C56B123D937960DD89D36C8AB1E731282371119E4B9E12979F844AD49101A"
"sound-definitions","SFX_Z1_Emit_Forest_Gen_Day_Winds","SoundEvents/Environments/Z1/SFX_Z1_Emit_Forest_Gen_Day_Winds","Server/Audio/SoundEvents/Environments/Z1/SFX_Z1_Emit_Forest_Gen_Day_Winds.json","2616","32D35A4A3EDBDFEFAD9ADCDF6F766F8168807558EE4B74F3AF1BD5A86FAE9658"
"sound-definitions","SFX_Z1_Emit_Forest_Moss_Day_Birds","SoundEvents/Environments/Z1/SFX_Z1_Emit_Forest_Moss_Day_Birds","Server/Audio/SoundEvents/Environments/Z1/SFX_Z1_Emit_Forest_Moss_Day_Birds.json","1459","F382317CF3688624FBEA1D207BCEB4DE10E0F23B26002F3DD4B0BA23EEF33DA0"
"sound-definitions","SFX_Z1_Emit_Forest_Moss_Day_Insects","SoundEvents/Environments/Z1/SFX_Z1_Emit_Forest_Moss_Day_Insects","Server/Audio/SoundEvents/Environments/Z1/SFX_Z1_Emit_Forest_Moss_Day_Insects.json","966","22B2148A5E2FFC4D3D1DAC064AC2CE6F2C486A226F1554A4A8E1A101E9D6A9F6"
"sound-definitions","SFX_Z1_Emit_Forest_Moss_Day_Wind","SoundEvents/Environments/Z1/SFX_Z1_Emit_Forest_Moss_Day_Wind","Server/Audio/SoundEvents/Environments/Z1/SFX_Z1_Emit_Forest_Moss_Day_Wind.json","3434","88A1E92765DFE0B2522278FD09D7BE99363360A7F38001E669CDD9A235FFBC17"
"sound-definitions","SFX_Z1_Emit_Forest_Night_Birds","SoundEvents/Environments/Z1/SFX_Z1_Emit_Forest_Night_Birds","Server/Audio/SoundEvents/Environments/Z1/SFX_Z1_Emit_Forest_Night_Birds.json","2332","A9C255ED3F1F70D7F121ED9C8C3ECFFA63515E36BAA2EC127F5C4561A0DCC829"
"sound-definitions","SFX_Z1_Emit_Forest_Night_Insects","SoundEvents/Environments/Z1/SFX_Z1_Emit_Forest_Night_Insects","Server/Audio/SoundEvents/Environments/Z1/SFX_Z1_Emit_Forest_Night_Insects.json","628","01F6EF15EEB5D78CDECABFBB3AC392CBDB70164F54269541AAEE16EB6FBD2E75"
"sound-definitions","SFX_Z1_Emit_Forest_Night_Wind","SoundEvents/Environments/Z1/SFX_Z1_Emit_Forest_Night_Wind","Server/Audio/SoundEvents/Environments/Z1/SFX_Z1_Emit_Forest_Night_Wind.json","2779","F8A84664CB21ACFD0800DE363403BA84DD4CE2C5B92346CEDC8EBF5E96E17AFC"
"sound-definitions","SFX_Z1_Emit_Kweebec_Village_Wind","SoundEvents/Environments/Z1/SFX_Z1_Emit_Kweebec_Village_Wind","Server/Audio/SoundEvents/Environments/Z1/SFX_Z1_Emit_Kweebec_Village_Wind.json","1728","AB6B0502B5D4FD825105EF100396197865874D4F25F8CAC568E672C10BC81E26"
"sound-definitions","SFX_Z1_Emit_Mountain_Day_Birds","SoundEvents/Environments/Z1/SFX_Z1_Emit_Mountain_Day_Birds","Server/Audio/SoundEvents/Environments/Z1/SFX_Z1_Emit_Mountain_Day_Birds.json","994","6F32A1B0CCE5E9B527C64313C99E0592C7E25CBCBF4E4358414AE38A5F1E6801"
"sound-definitions","SFX_Z1_Emit_Plains_Gen_Day_Birds","SoundEvents/Environments/Z1/SFX_Z1_Emit_Plains_Gen_Day_Birds","Server/Audio/SoundEvents/Environments/Z1/SFX_Z1_Emit_Plains_Gen_Day_Birds.json","3762","7EFD088450A1D4E0F4FD42A0F229BA6FBE584F9DBE725BC677396460D6EA6504"
"sound-definitions","SFX_Z1_Emit_Plains_Gen_Day_Insects","SoundEvents/Environments/Z1/SFX_Z1_Emit_Plains_Gen_Day_Insects","Server/Audio/SoundEvents/Environments/Z1/SFX_Z1_Emit_Plains_Gen_Day_Insects.json","920","DD8CEDB634A9A5BA4783DFC6BA4D8857877B8E03E5B27124FDFA517A0463CF6A"
"sound-definitions","SFX_Z1_Emit_Plains_Gen_Day_Wind","SoundEvents/Environments/Z1/SFX_Z1_Emit_Plains_Gen_Day_Wind","Server/Audio/SoundEvents/Environments/Z1/SFX_Z1_Emit_Plains_Gen_Day_Wind.json","2524","7F26008297041DFBB36D036A49FD996E1A610F1F3BF7BB7311723FA260138A72"
"sound-definitions","SFX_Z1_Emit_Plains_Gen_Night_Birds","SoundEvents/Environments/Z1/SFX_Z1_Emit_Plains_Gen_Night_Birds","Server/Audio/SoundEvents/Environments/Z1/SFX_Z1_Emit_Plains_Gen_Night_Birds.json","586","7C14A8C4BB092518778194ACBEF07C5120520F16012FBBCEA47965A43AFB75EC"
"sound-definitions","SFX_Z1_Emit_Plains_Gen_Night_Insects","SoundEvents/Environments/Z1/SFX_Z1_Emit_Plains_Gen_Night_Insects","Server/Audio/SoundEvents/Environments/Z1/SFX_Z1_Emit_Plains_Gen_Night_Insects.json","627","BF08668A5CFC5E4D87EA82A7750C0FA1EE27FD34F18F739904C6AB0B203271EF"
"sound-definitions","SFX_Z1_Emit_Plains_Gen_Night_Wind","SoundEvents/Environments/Z1/SFX_Z1_Emit_Plains_Gen_Night_Wind","Server/Audio/SoundEvents/Environments/Z1/SFX_Z1_Emit_Plains_Gen_Night_Wind.json","2566","5B4FA4D36ED561C553EA120972DC74D60B60AAE1530DB3F992EA56486CAC6BE9"
"sound-definitions","SFX_Z1_Emit_Shore_Day_Birds","SoundEvents/Environments/Z1/SFX_Z1_Emit_Shore_Day_Birds","Server/Audio/SoundEvents/Environments/Z1/SFX_Z1_Emit_Shore_Day_Birds.json","823","00C60F12D785AF4737D47ACFE58954307B9DE74CE844C27D0C7B91E7DC8AF6FF"
"sound-definitions","SFX_Z1_Emit_Shore_Waves","SoundEvents/Environments/Z1/SFX_Z1_Emit_Shore_Waves","Server/Audio/SoundEvents/Environments/Z1/SFX_Z1_Emit_Shore_Waves.json","813","E717C4A08F06D99B764DC81D57B478D038CBCAAD322A07CD405160C3D10B6535"
"sound-definitions","SFX_Z1_Emit_Shore_Wind","SoundEvents/Environments/Z1/SFX_Z1_Emit_Shore_Wind","Server/Audio/SoundEvents/Environments/Z1/SFX_Z1_Emit_Shore_Wind.json","604","FF23B4D8F7665C113EAA050DF668069274DBB2591B97BD9EEAB5E14201174596"
"sound-definitions","SFX_Z1_Emit_Swamp_Day_Birds","SoundEvents/Environments/Z1/SFX_Z1_Emit_Swamp_Day_Birds","Server/Audio/SoundEvents/Environments/Z1/SFX_Z1_Emit_Swamp_Day_Birds.json","1476","EFC4621A2EAB6D75A4ED8B4528162B67C4F58B2036205948055A213CABA0B201"
"sound-definitions","SFX_Z1_Emit_Swamp_Day_Frogs","SoundEvents/Environments/Z1/SFX_Z1_Emit_Swamp_Day_Frogs","Server/Audio/SoundEvents/Environments/Z1/SFX_Z1_Emit_Swamp_Day_Frogs.json","487","4868534876A44842E7759C39E596E66E2EBB154742015FC6C62CA9864093DEF6"
"sound-definitions","SFX_Z1_Emit_Swamp_Day_Insects","SoundEvents/Environments/Z1/SFX_Z1_Emit_Swamp_Day_Insects","Server/Audio/SoundEvents/Environments/Z1/SFX_Z1_Emit_Swamp_Day_Insects.json","512","85E43811907D586227A0E37D2FDFF48AD43D78CD11C792EB8611F8BFDA929D26"
"sound-definitions","SFX_Z1_Emit_Swamp_Day_Wind","SoundEvents/Environments/Z1/SFX_Z1_Emit_Swamp_Day_Wind","Server/Audio/SoundEvents/Environments/Z1/SFX_Z1_Emit_Swamp_Day_Wind.json","2620","E46160A67791D026344E650F8B403555667FB84F31553F6DC1A1810A8DA2E1EE"
"sound-definitions","SFX_Z1_Emit_Swamp_Night_Frogs","SoundEvents/Environments/Z1/SFX_Z1_Emit_Swamp_Night_Frogs","Server/Audio/SoundEvents/Environments/Z1/SFX_Z1_Emit_Swamp_Night_Frogs.json","827","328D76BA692938452C290E3068B927080E96AE7FCCAFB8D23E73EFFEE67E7A8E"
"sound-definitions","SFX_Z1_Emit_Trork_Camp","SoundEvents/Environments/Z1/SFX_Z1_Emit_Trork_Camp","Server/Audio/SoundEvents/Environments/Z1/SFX_Z1_Emit_Trork_Camp.json","1251","1D35F603E67B1A5B7050663C7D034DFF308CAC576FED58D9209EC4163FA76F8B"
"sound-definitions","SFX_Z1_Shore_Day_Birds","SoundEvents/Environments/Z1/SFX_Z1_Shore_Day_Birds","Server/Audio/SoundEvents/Environments/Z1/SFX_Z1_Shore_Day_Birds.json","874","343636060B82E88696FBEFC3C776A3C89C41C90ACD22680C67E9A990B538E373"
"sound-definitions","SFX_Z3_Emit_Cave_Ice_Crackle","SoundEvents/Environments/Z3/SFX_Z3_Emit_Cave_Ice_Crackle","Server/Audio/SoundEvents/Environments/Z3/SFX_Z3_Emit_Cave_Ice_Crackle.json","694","D36475274FE3C50E6B3FC4DE2BF4E09D6F6C35A65CECFD4736E582053CE39102"
"sound-definitions","SFX_Z3_Emit_Cave_Ice_Rumble","SoundEvents/Environments/Z3/SFX_Z3_Emit_Cave_Ice_Rumble","Server/Audio/SoundEvents/Environments/Z3/SFX_Z3_Emit_Cave_Ice_Rumble.json","606","F85506E7DA4247AA80F0295088A5E6D64A58343520735413035B3099E1C1341B"
"sound-definitions","SFX_Z3_Emit_Cave_Ice_Stress","SoundEvents/Environments/Z3/SFX_Z3_Emit_Cave_Ice_Stress","Server/Audio/SoundEvents/Environments/Z3/SFX_Z3_Emit_Cave_Ice_Stress.json","588","0E33527C0E9A9F09F3098C22A0CD995AF1D684D8EE125C16864A79787016F234"
"sound-definitions","SFX_Z3_Emit_Cave_Snow_Crackle","SoundEvents/Environments/Z3/SFX_Z3_Emit_Cave_Snow_Crackle","Server/Audio/SoundEvents/Environments/Z3/SFX_Z3_Emit_Cave_Snow_Crackle.json","612","0E6441EF7BFDE868C04A575E0E01DA4C00A9B857BC73667BB5A4B0787EB766B5"
"sound-definitions","SFX_Z3_Emit_Cave_Snow_Melt","SoundEvents/Environments/Z3/SFX_Z3_Emit_Cave_Snow_Melt","Server/Audio/SoundEvents/Environments/Z3/SFX_Z3_Emit_Cave_Snow_Melt.json","686","1FAF6731BAA361CFC08AA36B21131338DF091F592095FD0A3DA78C248243AE0A"
"sound-definitions","SFX_Z3_Emit_Hedera_FX","SoundEvents/Environments/Z3/SFX_Z3_Emit_Hedera_FX","Server/Audio/SoundEvents/Environments/Z3/SFX_Z3_Emit_Hedera_FX.json","1388","FC46E5FC1D47CB40C2D1FEF59CFBEF3C1C06F8E5FF2E5657888C51312D10CCFD"
"sound-definitions","SFX_Z3_Emit_Hedera_PlantRustle","SoundEvents/Environments/Z3/SFX_Z3_Emit_Hedera_PlantRustle","Server/Audio/SoundEvents/Environments/Z3/SFX_Z3_Emit_Hedera_PlantRustle.json","568","00773DBE90BA08B7AAFE6F0F66E4FDFC6C9960CAA9FD2E7274B604B2A5C018BB"
"sound-definitions","SFX_Z3_Emit_Tree_Creak","SoundEvents/Environments/Z3/SFX_Z3_Emit_Tree_Creak","Server/Audio/SoundEvents/Environments/Z3/SFX_Z3_Emit_Tree_Creak.json","867","49A7BAE18FD829C0069D02186CACDE3045E334F5382814845CDBE410187EB2A8"
"sound-definitions","SFX_Z3_Emit_Wind_Leaves","SoundEvents/Environments/Z3/SFX_Z3_Emit_Wind_Leaves","Server/Audio/SoundEvents/Environments/Z3/SFX_Z3_Emit_Wind_Leaves.json","560","0739F6F2DE1AEDE6BA9F74762878343185F05F304635F624F9288B09CB241E66"
"sound-definitions","SFX_Z3_Emit_Wind_Leaves_Stereo","SoundEvents/Environments/Z3/SFX_Z3_Emit_Wind_Leaves_Stereo","Server/Audio/SoundEvents/Environments/Z3/SFX_Z3_Emit_Wind_Leaves_Stereo.json","583","D5222B173C636C52EAE4A7AC674168AAC35206ED8CB908B60865B25E65E8F650"
"sound-definitions","SFX_Z3_Forest_Day_Birds","SoundEvents/Environments/Z3/SFX_Z3_Forest_Day_Birds","Server/Audio/SoundEvents/Environments/Z3/SFX_Z3_Forest_Day_Birds.json","990","4F83E3E6DF6CA889F32E8B7724FFDFD7105B5841A0A4158B074887E968437135"
"sound-definitions","SFX_Z3_Forest_Day_General","SoundEvents/Environments/Z3/SFX_Z3_Forest_Day_General","Server/Audio/SoundEvents/Environments/Z3/SFX_Z3_Forest_Day_General.json","1021","E744F8943BC981325539B0D7EDB60213B275E461CE1B01449ECE6D8F2E989B7F"
"sound-definitions","SFX_Z3_Forest_Night_Birds","SoundEvents/Environments/Z3/SFX_Z3_Forest_Night_Birds","Server/Audio/SoundEvents/Environments/Z3/SFX_Z3_Forest_Night_Birds.json","1449","A2CE5C44DD8869A1D6A782FFB79CD42218FC5506749D7778BF9EB42F79BCAFBA"
"sound-definitions","SFX_Attn_ExtremelyQuiet","SoundEvents/SFX_Attn_ExtremelyQuiet","Server/Audio/SoundEvents/SFX_Attn_ExtremelyQuiet.json","328","891BCF461AD262318DE13A3EFA6F6D12B2BC8867063188C09F2085F22ACAC021"
"sound-definitions","SFX_Attn_Loud","SoundEvents/SFX_Attn_Loud","Server/Audio/SoundEvents/SFX_Attn_Loud.json","331","3F36A0D99944ED51D0372E83E2944DDA838F71E1D33448B81B1274E5EBD8AA93"
"sound-definitions","SFX_Attn_Moderate","SoundEvents/SFX_Attn_Moderate","Server/Audio/SoundEvents/SFX_Attn_Moderate.json","330","328005FB243B86CA78DF9555083AF633E6CE7B077FDFB4C2AC10DBD04A59DAC5"
"sound-definitions","SFX_Attn_Quiet","SoundEvents/SFX_Attn_Quiet","Server/Audio/SoundEvents/SFX_Attn_Quiet.json","330","7559112B3F93EAE8F6F627813E779A3F7E9A8A1C252390A9E3216F34EB1CFC9A"
"sound-definitions","SFX_Attn_VeryLoud","SoundEvents/SFX_Attn_VeryLoud","Server/Audio/SoundEvents/SFX_Attn_VeryLoud.json","331","34C9026F46268FC6C8BBD02785052A90CB20402892FAF3D7BACDD90BE38445BD"
"sound-definitions","SFX_Attn_VeryQuiet","SoundEvents/SFX_Attn_VeryQuiet","Server/Audio/SoundEvents/SFX_Attn_VeryQuiet.json","330","39860922D777E98C7361782A9E11708F70A8BD37079F6ECE15854B65E0877FC6"
"sound-definitions","SFX_Ability_Enrage","SoundEvents/SFX/Abilities/Enrage/SFX_Ability_Enrage","Server/Audio/SoundEvents/SFX/Abilities/Enrage/SFX_Ability_Enrage.json","497","88D4F8ACAA9D04AEF82E218F9DA78D7FB15E35EDF809C0071988B7F48569BB5B"
"sound-definitions","SFX_Ability_Enrage_Local","SoundEvents/SFX/Abilities/Enrage/SFX_Ability_Enrage_Local","Server/Audio/SoundEvents/SFX/Abilities/Enrage/SFX_Ability_Enrage_Local.json","518","ADCA2C793BBB3008A60310E8F2BEC572DDE00FD0873510CD427342CA54A94365"
"sound-definitions","SFX_Ability_Ground_Slam_Impact","SoundEvents/SFX/Abilities/Ground_Slam/SFX_Ability_Ground_Slam_Impact","Server/Audio/SoundEvents/SFX/Abilities/Ground_Slam/SFX_Ability_Ground_Slam_Impact.json","520","E6E9537097FD7A5FBF43096503C931E65DB635BE278F1CEBCA8387A1B34F1ED6"
"sound-definitions","SFX_Ability_Ground_Slam_Spike_Erupt","SoundEvents/SFX/Abilities/Ground_Slam/SFX_Ability_Ground_Slam_Spike_Erupt","Server/Audio/SoundEvents/SFX/Abilities/Ground_Slam/SFX_Ability_Ground_Slam_Spike_Erupt.json","616","372D6308E7FF867590CC286AB7EF6D35B52ED5DE4B434747F49C893BA7CFF68E"
"sound-definitions","SFX_Ability_Ground_Slam_Wave","SoundEvents/SFX/Abilities/Ground_Slam/SFX_Ability_Ground_Slam_Wave","Server/Audio/SoundEvents/SFX/Abilities/Ground_Slam/SFX_Ability_Ground_Slam_Wave.json","539","135EC4D2D0337E46E4F2A37342BB06FF58BB6F448FBDF2EC88E53CFF2307DFCF"
"sound-definitions","SFX_Ability_Poison_Imbue","SoundEvents/SFX/Abilities/Poison/SFX_Ability_Poison_Imbue","Server/Audio/SoundEvents/SFX/Abilities/Poison/SFX_Ability_Poison_Imbue.json","578","F1EDB4C515CC392A395C722A790B52BAB1EE7A4758428FACE347BE2250B3B5AC"
"sound-definitions","SFX_Ability_Poison_Imbue_Local","SoundEvents/SFX/Abilities/Poison/SFX_Ability_Poison_Imbue_Local","Server/Audio/SoundEvents/SFX/Abilities/Poison/SFX_Ability_Poison_Imbue_Local.json","606","C960946E89A64CF54642CD754B0803F65588821FFE448E3D393A9D4550FA6CF3"
"sound-definitions","SFX_Ability_Wind_Strike_Imbue","SoundEvents/SFX/Abilities/Wind_Strike/SFX_Ability_Wind_Strike_Imbue","Server/Audio/SoundEvents/SFX/Abilities/Wind_Strike/SFX_Ability_Wind_Strike_Imbue.json","544","847E3BCEBE370A2990CF1AA39790C5043EB9ED706E1010E12AB8D859F47EE679"
"sound-definitions","SFX_Ability_Wind_Strike_Imbue_Local","SoundEvents/SFX/Abilities/Wind_Strike/SFX_Ability_Wind_Strike_Imbue_Local","Server/Audio/SoundEvents/SFX/Abilities/Wind_Strike/SFX_Ability_Wind_Strike_Imbue_Local.json","566","03C62236200E54C555BEA53927007713C21D1C05CCAC7E0EA03D9DA9EF88FD33"
"sound-definitions","SFX_Ability_Wind_Strike_Imbued_Loop","SoundEvents/SFX/Abilities/Wind_Strike/SFX_Ability_Wind_Strike_Imbued_Loop","Server/Audio/SoundEvents/SFX/Abilities/Wind_Strike/SFX_Ability_Wind_Strike_Imbued_Loop.json","394","12AC170CC1540D0F34475F6CA91F620E29DE763CD942D385A7399932E2D32966"
"sound-definitions","SFX_Ability_Wind_Strike_Slash","SoundEvents/SFX/Abilities/Wind_Strike/SFX_Ability_Wind_Strike_Slash","Server/Audio/SoundEvents/SFX/Abilities/Wind_Strike/SFX_Ability_Wind_Strike_Slash.json","770","43A4EAF4EFD34641CC812C35E77011007C6AC47A3F2013C3C3976B1F9D9ED38E"
"sound-definitions","SFX_Chest_Legendary_Close_Player","SoundEvents/SFX/Chests/SFX_Chest_Legendary_Close_Player","Server/Audio/SoundEvents/SFX/Chests/SFX_Chest_Legendary_Close_Player.json","214","F26A4608005DE9B0845EDED5D257395F96E6DCE947915780B4F5ABB35A7AA00C"
"sound-definitions","SFX_Chest_Legendary_FirstOpen_Player","SoundEvents/SFX/Chests/SFX_Chest_Legendary_FirstOpen_Player","Server/Audio/SoundEvents/SFX/Chests/SFX_Chest_Legendary_FirstOpen_Player.json","196","03E37B64BA44EC6ABECFC98CBDBED63761ECA56F81D27751D8E84EE4AD5DCD92"
"sound-definitions","SFX_Chest_Legendary_Loop","SoundEvents/SFX/Chests/SFX_Chest_Legendary_Loop","Server/Audio/SoundEvents/SFX/Chests/SFX_Chest_Legendary_Loop.json","237","37E7EB586CC43CC9477F54CF64C741F77C5ADDC675C384D5C6ED50A002C93F6C"
"sound-definitions","SFX_Chest_Wooden_Open_Player","SoundEvents/SFX/Chests/SFX_Chest_Wooden_Open_Player","Server/Audio/SoundEvents/SFX/Chests/SFX_Chest_Wooden_Open_Player.json","159","1C30D0274521965F9A2F19BF55CA1DE10990CAF062BECF329CEE42A684B7DA02"
"sound-definitions","SFX_Arcane_Workbench_Close_Local","SoundEvents/SFX/Crafting/SFX_Arcane_Workbench_Close_Local","Server/Audio/SoundEvents/SFX/Crafting/SFX_Arcane_Workbench_Close_Local.json","230","9BEA640E4CA70B852517ED4015C8F98E0A0BA7928F4342DA5D605DD8598F1341"
"sound-definitions","SFX_Arcane_Workbench_Craft","SoundEvents/SFX/Crafting/SFX_Arcane_Workbench_Craft","Server/Audio/SoundEvents/SFX/Crafting/SFX_Arcane_Workbench_Craft.json","183","9D69369898EEB4A60B25514954926913980525B0D2DCF6219B302FC323CA4D46"
"sound-definitions","SFX_Arcane_Workbench_Open_Local","SoundEvents/SFX/Crafting/SFX_Arcane_Workbench_Open_Local","Server/Audio/SoundEvents/SFX/Crafting/SFX_Arcane_Workbench_Open_Local.json","229","9F4BFE15567D24EC181BDEC702ECD70076BC15145D5DAC6FEE8070A07C71DFAE"
"sound-definitions","SFX_Campfire_Close_Local","SoundEvents/SFX/Crafting/SFX_Campfire_Close_Local","Server/Audio/SoundEvents/SFX/Crafting/SFX_Campfire_Close_Local.json","166","DF1B9CA7B4A54FEF67CB729C825CE88EFE4928EE5452DD7249B5C42E08D79778"
"sound-definitions","SFX_Campfire_Open_Local","SoundEvents/SFX/Crafting/SFX_Campfire_Open_Local","Server/Audio/SoundEvents/SFX/Crafting/SFX_Campfire_Open_Local.json","221","DADCAA6E158FC090E41C21EA754F8CF2BB3A7013CBC5E25B1A2FBA530C672708"
"sound-definitions","SFX_Generic_Crafting_Failed","SoundEvents/SFX/Crafting/SFX_Generic_Crafting_Failed","Server/Audio/SoundEvents/SFX/Crafting/SFX_Generic_Crafting_Failed.json","153","A928F577BB3E8DBFADACA22F64F53B03CA6E3FDE6883E04FB5716AF83DC8BBE5"
"sound-definitions","SFX_Memories_Unlock_Local","SoundEvents/SFX/Crafting/SFX_Memories_Unlock_Local","Server/Audio/SoundEvents/SFX/Crafting/SFX_Memories_Unlock_Local.json","444","06CA2426F6EBCF15B8C76267E056AF4427A5FA911B1D8D8B98A2AD49BAB250DB"
"sound-definitions","SFX_Workbench_Upgrade_Complete_Default","SoundEvents/SFX/Crafting/SFX_Workbench_Upgrade_Complete_Default","Server/Audio/SoundEvents/SFX/Crafting/SFX_Workbench_Upgrade_Complete_Default.json","187","B341E90FD72212761E77AA2818A249E53A4EFBF6FA4EA176AE844D7A6690182E"
"sound-definitions","SFX_Workbench_Upgrade_Start_Default","SoundEvents/SFX/Crafting/SFX_Workbench_Upgrade_Start_Default","Server/Audio/SoundEvents/SFX/Crafting/SFX_Workbench_Upgrade_Start_Default.json","184","CC4A424E3F62B105E9BAA0A6F8FD079AFE7E0328DD879A38D3D10B0A3434DD42"
"sound-definitions","SFX_Creative_Play_Add_Mask","SoundEvents/SFX/CreativePlay/Default/SFX_Creative_Play_Add_Mask","Server/Audio/SoundEvents/SFX/CreativePlay/Default/SFX_Creative_Play_Add_Mask.json","440","4ED71C96AC694865E3FC49ED0311F25DE0381DB488478F9087E3D613CFAE7031"
"sound-definitions","SFX_Creative_Play_Brush_Erase","SoundEvents/SFX/CreativePlay/Default/SFX_Creative_Play_Brush_Erase","Server/Audio/SoundEvents/SFX/CreativePlay/Default/SFX_Creative_Play_Brush_Erase.json","452","11947228BD3F808FCAA414FAB289AAA0BAEABAF00C91E47FE966CC61735FB460"
"sound-definitions","SFX_Creative_Play_Brush_Mode","SoundEvents/SFX/CreativePlay/Default/SFX_Creative_Play_Brush_Mode","Server/Audio/SoundEvents/SFX/CreativePlay/Default/SFX_Creative_Play_Brush_Mode.json","431","D5936C2892E1C60A5475722F24DC84632F02137F9D2EEF8194D79EAB0E2F7CC5"
"sound-definitions","SFX_Creative_Play_Brush_Paint_Base","SoundEvents/SFX/CreativePlay/Default/SFX_Creative_Play_Brush_Paint_Base","Server/Audio/SoundEvents/SFX/CreativePlay/Default/SFX_Creative_Play_Brush_Paint_Base.json","452","11947228BD3F808FCAA414FAB289AAA0BAEABAF00C91E47FE966CC61735FB460"
"sound-definitions","SFX_Creative_Play_Brush_Paint_Idle_Layer","SoundEvents/SFX/CreativePlay/Default/SFX_Creative_Play_Brush_Paint_Idle_Layer","Server/Audio/SoundEvents/SFX/CreativePlay/Default/SFX_Creative_Play_Brush_Paint_Idle_Layer.json","433","51E142F3E34873615E080CEDBF7855F06918CE892207FDD65B574F8106F64621"
"sound-definitions","SFX_Creative_Play_Brush_Paint_Move_Layer","SoundEvents/SFX/CreativePlay/Default/SFX_Creative_Play_Brush_Paint_Move_Layer","Server/Audio/SoundEvents/SFX/CreativePlay/Default/SFX_Creative_Play_Brush_Paint_Move_Layer.json","436","44322D23A641A3365EB2217B314E7AC732204EF873699A78C4601ACB4CFF6CC9"
"sound-definitions","SFX_Creative_Play_Brush_Shape","SoundEvents/SFX/CreativePlay/Default/SFX_Creative_Play_Brush_Shape","Server/Audio/SoundEvents/SFX/CreativePlay/Default/SFX_Creative_Play_Brush_Shape.json","431","D5936C2892E1C60A5475722F24DC84632F02137F9D2EEF8194D79EAB0E2F7CC5"
"sound-definitions","SFX_Creative_Play_Brush_Stamp","SoundEvents/SFX/CreativePlay/Default/SFX_Creative_Play_Brush_Stamp","Server/Audio/SoundEvents/SFX/CreativePlay/Default/SFX_Creative_Play_Brush_Stamp.json","440","4ED71C96AC694865E3FC49ED0311F25DE0381DB488478F9087E3D613CFAE7031"
"sound-definitions","SFX_Creative_Play_Error","SoundEvents/SFX/CreativePlay/Default/SFX_Creative_Play_Error","Server/Audio/SoundEvents/SFX/CreativePlay/Default/SFX_Creative_Play_Error.json","452","C93AA876AD161D8BC12CDC4077B0015A1DE1C83EE9C6E911B86635215714EF19"
"sound-definitions","SFX_Creative_Play_Eyedropper_Select","SoundEvents/SFX/CreativePlay/Default/SFX_Creative_Play_Eyedropper_Select","Server/Audio/SoundEvents/SFX/CreativePlay/Default/SFX_Creative_Play_Eyedropper_Select.json","442","F9307DB84046A59DAEE1DB03154C8D727AADB001CB221C3CEAEA6E8BBC89E34B"
"sound-definitions","SFX_Creative_Play_Paste","SoundEvents/SFX/CreativePlay/Default/SFX_Creative_Play_Paste","Server/Audio/SoundEvents/SFX/CreativePlay/Default/SFX_Creative_Play_Paste.json","431","5D489A31A1E40C44940301F3241D18FFD380952C7B74CACB25163866F954E689"
"sound-definitions","SFX_Creative_Play_Selection_Drag","SoundEvents/SFX/CreativePlay/Default/SFX_Creative_Play_Selection_Drag","Server/Audio/SoundEvents/SFX/CreativePlay/Default/SFX_Creative_Play_Selection_Drag.json","443","773FA53D5E1DC0E0E9EC7997C806A375C088CF5F1B62DE7B290219ACAAE60788"
"sound-definitions","SFX_Creative_Play_Selection_Place","SoundEvents/SFX/CreativePlay/Default/SFX_Creative_Play_Selection_Place","Server/Audio/SoundEvents/SFX/CreativePlay/Default/SFX_Creative_Play_Selection_Place.json","444","2773ED0488A12C7CA9B8ECFDD4294D15CEDAAD3394553B4B1CEFE6BC39036217"
"sound-definitions","SFX_Creative_Play_Selection_Scale","SoundEvents/SFX/CreativePlay/Default/SFX_Creative_Play_Selection_Scale","Server/Audio/SoundEvents/SFX/CreativePlay/Default/SFX_Creative_Play_Selection_Scale.json","444","F835BACFBE7F59E05FA84E8593CA8AF2E0CAD91CE88ACCC27D4B4E341CD90568"
"sound-definitions","SFX_Creative_Play_Selection_Widget","SoundEvents/SFX/CreativePlay/Default/SFX_Creative_Play_Selection_Widget","Server/Audio/SoundEvents/SFX/CreativePlay/Default/SFX_Creative_Play_Selection_Widget.json","444","2773ED0488A12C7CA9B8ECFDD4294D15CEDAAD3394553B4B1CEFE6BC39036217"
"sound-definitions","SFX_Creative_Play_Set_Mask","SoundEvents/SFX/CreativePlay/Default/SFX_Creative_Play_Set_Mask","Server/Audio/SoundEvents/SFX/CreativePlay/Default/SFX_Creative_Play_Set_Mask.json","438","4386EEDB6D4AAABB86D189A5272BD417BBC158B6605B87F397A11646C1206BB2"
"sound-definitions","SFX_Rotate_Pitch_Default","SoundEvents/SFX/CreativePlay/Default/SFX_Rotate_Pitch_Default","Server/Audio/SoundEvents/SFX/CreativePlay/Default/SFX_Rotate_Pitch_Default.json","454","55AE69F42D78C8B99080394170131B5647D71835B5322392AB5DFE65153EF274"
"sound-definitions","SFX_Rotate_Roll_Default","SoundEvents/SFX/CreativePlay/Default/SFX_Rotate_Roll_Default","Server/Audio/SoundEvents/SFX/CreativePlay/Default/SFX_Rotate_Roll_Default.json","453","832FF83F677BDDFB99500503BB5B16FAC633276646E585A1B62424E71BBFE5F5"
"sound-definitions","SFX_Rotate_Yaw_Default","SoundEvents/SFX/CreativePlay/Default/SFX_Rotate_Yaw_Default","Server/Audio/SoundEvents/SFX/CreativePlay/Default/SFX_Rotate_Yaw_Default.json","452","429426AF47747EC48EB1A475E263E8E973FE318D90EDC43CF84AE0931D32E8B6"
"sound-definitions","SFX_Deployable_Totem_Heal_Despawn","SoundEvents/SFX/Deployables/SFX_Deployable_Totem_Heal_Despawn","Server/Audio/SoundEvents/SFX/Deployables/SFX_Deployable_Totem_Heal_Despawn.json","603","C99139DFB1CF484DD657EC51520D0DAD503D10EF017059D1DC7C5294CE4BC92E"
"sound-definitions","SFX_Deployable_Totem_Heal_Effect_Local","SoundEvents/SFX/Deployables/SFX_Deployable_Totem_Heal_Effect_Local","Server/Audio/SoundEvents/SFX/Deployables/SFX_Deployable_Totem_Heal_Effect_Local.json","561","A1F9238FAB835C232924794AD05234E357E50008922A51DD3A20A0268BA1D10D"
"sound-definitions","SFX_Deployable_Totem_Heal_Spawn","SoundEvents/SFX/Deployables/SFX_Deployable_Totem_Heal_Spawn","Server/Audio/SoundEvents/SFX/Deployables/SFX_Deployable_Totem_Heal_Spawn.json","595","64CD483A31EE7F232FBE42AB503E304892B9716027396D7A407F96F820B8C521"
"sound-definitions","SFX_Deployable_Totem_Slowing_Despawn","SoundEvents/SFX/Deployables/SFX_Deployable_Totem_Slowing_Despawn","Server/Audio/SoundEvents/SFX/Deployables/SFX_Deployable_Totem_Slowing_Despawn.json","543","F09FE0ACAAA2361E8CFC78006FA40D0873B7CDD1F550C42740B07E2D81940B25"
"sound-definitions","SFX_Deployable_Totem_Slowing_Effect_Local","SoundEvents/SFX/Deployables/SFX_Deployable_Totem_Slowing_Effect_Local","Server/Audio/SoundEvents/SFX/Deployables/SFX_Deployable_Totem_Slowing_Effect_Local.json","667","080C3EBE75785670B12D71128DCDB06D09F99C7AF0EB7B0CC88FA234F3560EF4"
"sound-definitions","SFX_Deployable_Totem_Slowing_Spawn","SoundEvents/SFX/Deployables/SFX_Deployable_Totem_Slowing_Spawn","Server/Audio/SoundEvents/SFX/Deployables/SFX_Deployable_Totem_Slowing_Spawn.json","619","921307D5C93BC71F82A29CE660A9C43BE016031E15FFE46FF0123C76BE3F9E2F"
"sound-definitions","SFX_Effect_Burn_Local","SoundEvents/SFX/Effects/SFX_Effect_Burn_Local","Server/Audio/SoundEvents/SFX/Effects/SFX_Effect_Burn_Local.json","608","D3FD6E3EC13CBAC8286787E419E64D18A374E94A2F044CC9E9D006094C926072"
"sound-definitions","SFX_Effect_Burn_World","SoundEvents/SFX/Effects/SFX_Effect_Burn_World","Server/Audio/SoundEvents/SFX/Effects/SFX_Effect_Burn_World.json","571","76AEBC1DD65EE7C9076E46463FF57703FDF8FE6B7829143B165AA3008309FA82"
"sound-definitions","SFX_Effect_Poison_Local","SoundEvents/SFX/Effects/SFX_Effect_Poison_Local","Server/Audio/SoundEvents/SFX/Effects/SFX_Effect_Poison_Local.json","513","1F36150E60199C435CB80860D5B8191F62C38ED79D4F69A9A94D5ABD52CD528D"
"sound-definitions","SFX_Effect_Poison_World","SoundEvents/SFX/Effects/SFX_Effect_Poison_World","Server/Audio/SoundEvents/SFX/Effects/SFX_Effect_Poison_World.json","511","A4C407182960FCFFDD57091877C5CADCDF46E831F8C2A9317F0D94BEFF3DECFA"
"sound-definitions","SFX_MemoryMote","SoundEvents/SFX/Effects/SFX_MemoryMote","Server/Audio/SoundEvents/SFX/Effects/SFX_MemoryMote.json","671","2BC39FC109A5721023974BACE8DB649F0AA1D1A785B0D5D10D9D77C457FF8A94"
"sound-definitions","SFX_MemoryRestored","SoundEvents/SFX/Effects/SFX_MemoryRestored","Server/Audio/SoundEvents/SFX/Effects/SFX_MemoryRestored.json","1059","DE734459B2A20B968D453A01A0ECC55882B76A22AD902E8BF5BEB3868A068459"
"sound-definitions","SFX_Explosion_Boomshroom","SoundEvents/SFX/Explosives/SFX_Explosion_Boomshroom","Server/Audio/SoundEvents/SFX/Explosives/SFX_Explosion_Boomshroom.json","734","4A7A10BFF9D7106DCF804C64B1A9303791E00D0D5FB1541F68C2CE60B8FB6BF4"
"sound-definitions","SFX_Explosion_Boomshroom_Barrel","SoundEvents/SFX/Explosives/SFX_Explosion_Boomshroom_Barrel","Server/Audio/SoundEvents/SFX/Explosives/SFX_Explosion_Boomshroom_Barrel.json","5084","8878B7023DFCCF36C15641F6CE5961C2EA9DA4E66261676A1A6C4DBC8AF22559"
"sound-definitions","SFX_Stone_Coffin_Open_Close","SoundEvents/SFX/Items/Coffin/SFX_Stone_Coffin_Open_Close","Server/Audio/SoundEvents/SFX/Items/Coffin/SFX_Stone_Coffin_Open_Close.json","513","E959981C52F4FF83615E5F944E9E0F7E55DEDC3D22C6AF0F9E6200F55399CE1A"
"sound-definitions","SFX_Consume_Bread","SoundEvents/SFX/Items/Consumables/SFX_Consume_Bread","Server/Audio/SoundEvents/SFX/Items/Consumables/SFX_Consume_Bread.json","940","822E536368D60A667575A67CC1644AFAEA1A32B9F0FD3E55357DC5EE9ED718C0"
"sound-definitions","SFX_Consume_Bread_Local","SoundEvents/SFX/Items/Consumables/SFX_Consume_Bread_Local","Server/Audio/SoundEvents/SFX/Items/Consumables/SFX_Consume_Bread_Local.json","985","8509D137D0DF8B9DFC68DA946C038F63FF01C819E036B649E58A898C48EFEA10"
"sound-definitions","SFX_Health_Potion_High_Drink","SoundEvents/SFX/Items/Consumables/SFX_Health_Potion_High_Drink","Server/Audio/SoundEvents/SFX/Items/Consumables/SFX_Health_Potion_High_Drink.json","266","06C36C6C65970DA2E3CB92BC6C8B8A1025467E2350378C44F830605CA16B0285"
"sound-definitions","SFX_Health_Potion_High_Drink_Local","SoundEvents/SFX/Items/Consumables/SFX_Health_Potion_High_Drink_Local","Server/Audio/SoundEvents/SFX/Items/Consumables/SFX_Health_Potion_High_Drink_Local.json","266","53C984705D83A1D77AE421A3C0EEE250C2F4488DCC2CF33A8513E863E4AC82AA"
"sound-definitions","SFX_Health_Potion_Low_Drink","SoundEvents/SFX/Items/Consumables/SFX_Health_Potion_Low_Drink","Server/Audio/SoundEvents/SFX/Items/Consumables/SFX_Health_Potion_Low_Drink.json","266","B459F2826E431314DC1E6652B966DD54F36A6E08918D4ABF8F4A6FCD270E651F"
"sound-definitions","SFX_Health_Potion_Low_Drink_Local","SoundEvents/SFX/Items/Consumables/SFX_Health_Potion_Low_Drink_Local","Server/Audio/SoundEvents/SFX/Items/Consumables/SFX_Health_Potion_Low_Drink_Local.json","265","CEA87AD0ED4AB5AC9261DFE751501730A7B83B2DFF26E1D084768080F8E0103B"
"sound-definitions","SFX_Stamina_Potion_Success","SoundEvents/SFX/Items/Consumables/SFX_Stamina_Potion_Success","Server/Audio/SoundEvents/SFX/Items/Consumables/SFX_Stamina_Potion_Success.json","254","527D982DE660A90AE0E733787BE020C816A2E10F0D35A062B6098286F950EA6D"
"sound-definitions","SFX_Portal_Void","SoundEvents/SFX/Items/Portal/SFX_Portal_Void","Server/Audio/SoundEvents/SFX/Items/Portal/SFX_Portal_Void.json","1799","DE274276A5E42D5DE9DE7ED3667863E896EC34ECBD9079FF0548F4AECCE2ACFA"
"sound-definitions","SFX_Mug_Fill","SoundEvents/SFX/Items/SFX_Mug_Fill","Server/Audio/SoundEvents/SFX/Items/SFX_Mug_Fill.json","460","1A2EF62471639948952CDD579C4ADF87D3F500278EEF03FB56B4509ED4EDDF79"
"sound-definitions","SFX_Mug_Fill_Local","SoundEvents/SFX/Items/SFX_Mug_Fill_Local","Server/Audio/SoundEvents/SFX/Items/SFX_Mug_Fill_Local.json","977","9284EF9A86A820FCCC5AFAC429C747820E6D86720AF4C52446D4F7CBB8AD8423"
"sound-definitions","SFX_Avatar_Powers_Disable","SoundEvents/SFX/Magic/Avatar/SFX_Avatar_Powers_Disable","Server/Audio/SoundEvents/SFX/Magic/Avatar/SFX_Avatar_Powers_Disable.json","378","DD94D9EC3697CB714F68CDB0337EBAC1A3EDE2A784E48497E30F34ACEEEDCE7B"
"sound-definitions","SFX_Avatar_Powers_Disable_Local","SoundEvents/SFX/Magic/Avatar/SFX_Avatar_Powers_Disable_Local","Server/Audio/SoundEvents/SFX/Magic/Avatar/SFX_Avatar_Powers_Disable_Local.json","387","573A304B112CB7B1207A0FBE36B23F6A1AB01CDE4841AF2C2401A6D2479F2E7A"
"sound-definitions","SFX_Avatar_Powers_Enable","SoundEvents/SFX/Magic/Avatar/SFX_Avatar_Powers_Enable","Server/Audio/SoundEvents/SFX/Magic/Avatar/SFX_Avatar_Powers_Enable.json","392","987476BF7E8E3E245EBC9DF4C0AB667B9B503AAB88FDD9E05A230EC38D72C1D7"
"sound-definitions","SFX_Avatar_Powers_Enable_Local","SoundEvents/SFX/Magic/Avatar/SFX_Avatar_Powers_Enable_Local","Server/Audio/SoundEvents/SFX/Magic/Avatar/SFX_Avatar_Powers_Enable_Local.json","401","4C077B346F08BA347BAD48EA44A1690A9ED1B883660FA9FDEC942D31DFA503C4"
"sound-definitions","SFX_Portal_Neutral","SoundEvents/SFX/Magic/Portals/SFX_Portal_Neutral","Server/Audio/SoundEvents/SFX/Magic/Portals/SFX_Portal_Neutral.json","1438","D431FC38EF51AE747075891038CC81F30B0001DB5B34EAC5731E98FB3A01A6E3"
"sound-definitions","SFX_Portal_Neutral_Open","SoundEvents/SFX/Magic/Portals/SFX_Portal_Neutral_Open","Server/Audio/SoundEvents/SFX/Magic/Portals/SFX_Portal_Neutral_Open.json","386","6320611D21E02F5967FAC50AC14ADBEB8DB4F071F76FAFC51AEE66874EFF4F70"
"sound-definitions","SFX_Portal_Neutral_Teleport_Local","SoundEvents/SFX/Magic/Portals/SFX_Portal_Neutral_Teleport_Local","Server/Audio/SoundEvents/SFX/Magic/Portals/SFX_Portal_Neutral_Teleport_Local.json","376","3D70F358C5E3F04685DC6116D196B15B180E0F7B7A91D71C8CF3179F01C14CE1"
"sound-definitions","SFX_Divine_Respawn","SoundEvents/SFX/Magic/SFX_Divine_Respawn","Server/Audio/SoundEvents/SFX/Magic/SFX_Divine_Respawn.json","346","39E8DDA8B34FFD289CA2AA0DAF21EE39CA56D1E03ED0CD79496E9913945E7386"
"sound-definitions","SFX_Antelope_Alerted","SoundEvents/SFX/NPC/Beasts/Antelope/SFX_Antelope_Alerted","Server/Audio/SoundEvents/SFX/NPC/Beasts/Antelope/SFX_Antelope_Alerted.json","611","5E7D97544F4C8962C53B51973CABAF6C314611D592D6D0490AB8324CC4BB7F68"
"sound-definitions","SFX_Antelope_Death","SoundEvents/SFX/NPC/Beasts/Antelope/SFX_Antelope_Death","Server/Audio/SoundEvents/SFX/NPC/Beasts/Antelope/SFX_Antelope_Death.json","611","3A2293BD8EAFA94046134005E1983B340709425BCEDBEB1D6B732BE0FAE73806"
"sound-definitions","SFX_Antelope_Hurt","SoundEvents/SFX/NPC/Beasts/Antelope/SFX_Antelope_Hurt","Server/Audio/SoundEvents/SFX/NPC/Beasts/Antelope/SFX_Antelope_Hurt.json","728","491E690F54CC4BB10B7E47BE184C239EAA4979ECD73D3DE51860034B8AFC226E"
"sound-definitions","SFX_Antelope_Run","SoundEvents/SFX/NPC/Beasts/Antelope/SFX_Antelope_Run","Server/Audio/SoundEvents/SFX/NPC/Beasts/Antelope/SFX_Antelope_Run.json","1055","A551C232C92A61310A07C3AA2B9602A2522A489EC7D0DB57AC3218A4B606383C"
"sound-definitions","SFX_Antelope_Walk","SoundEvents/SFX/NPC/Beasts/Antelope/SFX_Antelope_Walk","Server/Audio/SoundEvents/SFX/NPC/Beasts/Antelope/SFX_Antelope_Walk.json","606","FF1CB62B8068AA9078EC9DE567784BBD87CE4377C9168ABCC0278268C719ACA1"
"sound-definitions","SFX_Bat_Alerted","SoundEvents/SFX/NPC/Beasts/Bat/SFX_Bat_Alerted","Server/Audio/SoundEvents/SFX/NPC/Beasts/Bat/SFX_Bat_Alerted.json","711","53B2B41B31B09305C017D3F771C1C77EB12A19A1D86E3D132CEEDAB7B89F32FB"
"sound-definitions","SFX_Bat_Death","SoundEvents/SFX/NPC/Beasts/Bat/SFX_Bat_Death","Server/Audio/SoundEvents/SFX/NPC/Beasts/Bat/SFX_Bat_Death.json","629","44634419BE2227012615CAFC8B52E4BE523EB89DE91853BBCE54CCB28B8D3F28"
"sound-definitions","SFX_Bat_Hurt","SoundEvents/SFX/NPC/Beasts/Bat/SFX_Bat_Hurt","Server/Audio/SoundEvents/SFX/NPC/Beasts/Bat/SFX_Bat_Hurt.json","618","C3761DAA239DEBD6A5E3DEB89DC453059A7993B40FE64B75D7245940FE020199"
"sound-definitions","SFX_Bear_Grizzly_Alerted","SoundEvents/SFX/NPC/Beasts/Bear_Grizzly/SFX_Bear_Grizzly_Alerted","Server/Audio/SoundEvents/SFX/NPC/Beasts/Bear_Grizzly/SFX_Bear_Grizzly_Alerted.json","531","A3B3A945C66CCE371A93514162B2A669D6CCA937EFD73A4F2ABA1248D6958A24"
"sound-definitions","SFX_Bear_Grizzly_Attack","SoundEvents/SFX/NPC/Beasts/Bear_Grizzly/SFX_Bear_Grizzly_Attack","Server/Audio/SoundEvents/SFX/NPC/Beasts/Bear_Grizzly/SFX_Bear_Grizzly_Attack.json","1363","1BBE241CF813C4CB34001C1A6A9259E5972CE9D662F75BBBB5F35E17A8B80D1B"
"sound-definitions","SFX_Bear_Grizzly_Death","SoundEvents/SFX/NPC/Beasts/Bear_Grizzly/SFX_Bear_Grizzly_Death","Server/Audio/SoundEvents/SFX/NPC/Beasts/Bear_Grizzly/SFX_Bear_Grizzly_Death.json","731","C507CE3DAF0B101FE285EEC8D1876EEA1ED9A8E95050ABFBDA2ED38520FFFD3D"
"sound-definitions","SFX_Bear_Grizzly_Hurt","SoundEvents/SFX/NPC/Beasts/Bear_Grizzly/SFX_Bear_Grizzly_Hurt","Server/Audio/SoundEvents/SFX/NPC/Beasts/Bear_Grizzly/SFX_Bear_Grizzly_Hurt.json","759","44183243C786B697ACDCA40BE3569037E432C3515EC0B5D5AA6CB584C3793F98"
"sound-definitions","SFX_Bear_Grizzly_Run","SoundEvents/SFX/NPC/Beasts/Bear_Grizzly/SFX_Bear_Grizzly_Run","Server/Audio/SoundEvents/SFX/NPC/Beasts/Bear_Grizzly/SFX_Bear_Grizzly_Run.json","1336","C7844B929E84EAC57F69BFEBADD3161ACDCE6BA0317B8890FE68DB7BB08AE279"
"sound-definitions","SFX_Bear_Grizzly_Sleep","SoundEvents/SFX/NPC/Beasts/Bear_Grizzly/SFX_Bear_Grizzly_Sleep","Server/Audio/SoundEvents/SFX/NPC/Beasts/Bear_Grizzly/SFX_Bear_Grizzly_Sleep.json","485","60C473C9CD9D86FD84E527BD7535BC9C6357348B4C7DC6766F9CBD375BC166A5"
"sound-definitions","SFX_Bear_Walk","SoundEvents/SFX/NPC/Beasts/Bear_Grizzly/SFX_Bear_Walk","Server/Audio/SoundEvents/SFX/NPC/Beasts/Bear_Grizzly/SFX_Bear_Walk.json","628","5F4684801C4C0F0BF0A671964E11645DB69E7DA4184A02463FD2F495BEB23BD6"
"sound-definitions","SFX_Bear_Voidtaken_Charge_Roar","SoundEvents/SFX/NPC/Beasts/Bear_Voidtaken/SFX_Bear_Voidtaken_Charge_Roar","Server/Audio/SoundEvents/SFX/NPC/Beasts/Bear_Voidtaken/SFX_Bear_Voidtaken_Charge_Roar.json","309","5FEFBCD70EDCA3629359E1A38CC9E6892CAA1F42A5B51DC905C5652B45A431B7"
"sound-definitions","SFX_Bear_Voidtaken_Cone_Slam_Windup","SoundEvents/SFX/NPC/Beasts/Bear_Voidtaken/SFX_Bear_Voidtaken_Cone_Slam_Windup","Server/Audio/SoundEvents/SFX/NPC/Beasts/Bear_Voidtaken/SFX_Bear_Voidtaken_Cone_Slam_Windup.json","315","DB496C11BC9872D73034A3CB20183AC28B1ECDD6176A9BFE3FC47FD62CCB34F2"
"sound-definitions","SFX_Bear_Voidtaken_Roar","SoundEvents/SFX/NPC/Beasts/Bear_Voidtaken/SFX_Bear_Voidtaken_Roar","Server/Audio/SoundEvents/SFX/NPC/Beasts/Bear_Voidtaken/SFX_Bear_Voidtaken_Roar.json","565","893A5735E4AD15B3275F0B9D63E0637DDF6CDDE1002A4099B191FCBE6DDBD45C"
"sound-definitions","SFX_Bear_Voidtaken_Stomp_Impact","SoundEvents/SFX/NPC/Beasts/Bear_Voidtaken/SFX_Bear_Voidtaken_Stomp_Impact","Server/Audio/SoundEvents/SFX/NPC/Beasts/Bear_Voidtaken/SFX_Bear_Voidtaken_Stomp_Impact.json","735","7BAFCB0A9208058A80F706538022B2BC4E2833A90370884E91E1909BEE2B9389"
"sound-definitions","SFX_Bison_Alerted","SoundEvents/SFX/NPC/Beasts/Bison/SFX_Bison_Alerted","Server/Audio/SoundEvents/SFX/NPC/Beasts/Bison/SFX_Bison_Alerted.json","527","37165795B0149633FD1D1EFBF0A7025CD3DA206E0946C36DD79E7723C0A3FD9C"
"sound-definitions","SFX_Bison_Death","SoundEvents/SFX/NPC/Beasts/Bison/SFX_Bison_Death","Server/Audio/SoundEvents/SFX/NPC/Beasts/Bison/SFX_Bison_Death.json","546","D77B2DBFB37FA09CB02B020F937B8AA55E25A343B489BFAE4ED293F4F6A4482E"
"sound-definitions","SFX_Bison_Hurt","SoundEvents/SFX/NPC/Beasts/Bison/SFX_Bison_Hurt","Server/Audio/SoundEvents/SFX/NPC/Beasts/Bison/SFX_Bison_Hurt.json","646","0714DEA59852AA9DE114996D9504E9AFD21A8C09075E97E2523E3BC9CD81960D"
"sound-definitions","SFX_Bison_Idle","SoundEvents/SFX/NPC/Beasts/Bison/SFX_Bison_Idle","Server/Audio/SoundEvents/SFX/NPC/Beasts/Bison/SFX_Bison_Idle.json","576","C37E4848E9E72BA2B25098A6EDC4AE4EAA531692213342A9F7CC8F7ABE95423E"
"sound-definitions","SFX_Bison_Run","SoundEvents/SFX/NPC/Beasts/Bison/SFX_Bison_Run","Server/Audio/SoundEvents/SFX/NPC/Beasts/Bison/SFX_Bison_Run.json","618","AF5B9800E7E77D76C06BA2C018A5C83BD6C1CA790B9DAF94C51E8599E5D24E88"
"sound-definitions","SFX_Bison_Walk","SoundEvents/SFX/NPC/Beasts/Bison/SFX_Bison_Walk","Server/Audio/SoundEvents/SFX/NPC/Beasts/Bison/SFX_Bison_Walk.json","621","8CF190C91F563A7C507116E47AF5A254BDDF63A0E9DC013D30F0C9FE084D9A1E"
"sound-definitions","SFX_Camel_Alerted","SoundEvents/SFX/NPC/Beasts/Camel/SFX_Camel_Alerted","Server/Audio/SoundEvents/SFX/NPC/Beasts/Camel/SFX_Camel_Alerted.json","684","833F1DB6A03F9E4E69E4846E353454764F5A27E7CA56A92CE97027B187BC19DF"
"sound-definitions","SFX_Camel_Death","SoundEvents/SFX/NPC/Beasts/Camel/SFX_Camel_Death","Server/Audio/SoundEvents/SFX/NPC/Beasts/Camel/SFX_Camel_Death.json","622","52B5FF545C836D3666898C06CF520235BA3788484A81A08AA80183E2BF346D64"
"sound-definitions","SFX_Camel_Hurt","SoundEvents/SFX/NPC/Beasts/Camel/SFX_Camel_Hurt","Server/Audio/SoundEvents/SFX/NPC/Beasts/Camel/SFX_Camel_Hurt.json","637","1CC1DB66629695CAE8A4E3AA491CE41D5467BA51E64145269E834106955F844B"
"sound-definitions","SFX_Camel_Laydown","SoundEvents/SFX/NPC/Beasts/Camel/SFX_Camel_Laydown","Server/Audio/SoundEvents/SFX/NPC/Beasts/Camel/SFX_Camel_Laydown.json","927","54683A88D3444BE03722BE02F81305514D7D7999C99C3E01CF78C6EE9658C994"
"sound-definitions","SFX_Camel_Run","SoundEvents/SFX/NPC/Beasts/Camel/SFX_Camel_Run","Server/Audio/SoundEvents/SFX/NPC/Beasts/Camel/SFX_Camel_Run.json","1114","4B98D65AE56C0E8AC5BC274CB463C1A921659B7FB3A66D6E93283CD3B0A4A0BB"
"sound-definitions","SFX_Camel_Sleep","SoundEvents/SFX/NPC/Beasts/Camel/SFX_Camel_Sleep","Server/Audio/SoundEvents/SFX/NPC/Beasts/Camel/SFX_Camel_Sleep.json","670","EB1471583A1F3A681FC08102264F5C335BF10E27526523979337ACB46516749A"
"sound-definitions","SFX_Camel_Wake","SoundEvents/SFX/NPC/Beasts/Camel/SFX_Camel_Wake","Server/Audio/SoundEvents/SFX/NPC/Beasts/Camel/SFX_Camel_Wake.json","900","4725B74B81FB7578144C592DA3553B03C5D12EDD51BE8D65FC6F9F10B520E7B1"
"sound-definitions","SFX_Camel_Walk","SoundEvents/SFX/NPC/Beasts/Camel/SFX_Camel_Walk","Server/Audio/SoundEvents/SFX/NPC/Beasts/Camel/SFX_Camel_Walk.json","622","CDA49A78055CA7677F3BD14FB120D9D71FD184CB1E95EFEFF5B1B0ADDBACE18C"
"sound-definitions","SFX_Crocodile_Alerted","SoundEvents/SFX/NPC/Beasts/Crocodile/SFX_Crocodile_Alerted","Server/Audio/SoundEvents/SFX/NPC/Beasts/Crocodile/SFX_Crocodile_Alerted.json","597","89D0A6DCEF361578D9B64AA3C65928C27E71F148B8E12A7C911E06CD9365941E"
"sound-definitions","SFX_Crocodile_Death","SoundEvents/SFX/NPC/Beasts/Crocodile/SFX_Crocodile_Death","Server/Audio/SoundEvents/SFX/NPC/Beasts/Crocodile/SFX_Crocodile_Death.json","531","2E909E14C631E0C264A900B75C48DFBB774C0B30DBDA4978EA7914F37C11CED3"
"sound-definitions","SFX_Crocodile_Hurt","SoundEvents/SFX/NPC/Beasts/Crocodile/SFX_Crocodile_Hurt","Server/Audio/SoundEvents/SFX/NPC/Beasts/Crocodile/SFX_Crocodile_Hurt.json","673","E9D2A6F1E7A2D6FDEFBF25DF54C6116F8C0DFF584C203FBB0022FE6CC0737DE3"
"sound-definitions","SFX_Deer_Doe_Alerted","SoundEvents/SFX/NPC/Beasts/Deer/SFX_Deer_Doe_Alerted","Server/Audio/SoundEvents/SFX/NPC/Beasts/Deer/SFX_Deer_Doe_Alerted.json","616","0C55873C941728ECA29236E9623F94DD13339CE5840B3831A87D93141E4CFABF"
"sound-definitions","SFX_Deer_Doe_Death","SoundEvents/SFX/NPC/Beasts/Deer/SFX_Deer_Doe_Death","Server/Audio/SoundEvents/SFX/NPC/Beasts/Deer/SFX_Deer_Doe_Death.json","603","07DB0AEA4B3D294F806A48D5BA3E1E29F1C61CE4EB2E16757528498A7C31DE4A"
"sound-definitions","SFX_Deer_Doe_Hurt","SoundEvents/SFX/NPC/Beasts/Deer/SFX_Deer_Doe_Hurt","Server/Audio/SoundEvents/SFX/NPC/Beasts/Deer/SFX_Deer_Doe_Hurt.json","742","B98C7DF07AD888B455FB38BA9B6D134905F4FD4DB34CA1ED017879FE97CF4371"
"sound-definitions","SFX_Deer_Doe_Run","SoundEvents/SFX/NPC/Beasts/Deer/SFX_Deer_Doe_Run","Server/Audio/SoundEvents/SFX/NPC/Beasts/Deer/SFX_Deer_Doe_Run.json","1010","AB2D61DE042CEECCC86F684A1112AB65F9B31A0C41036744D5B9ABDCCAF8B875"
"sound-definitions","SFX_Deer_Doe_Sleep","SoundEvents/SFX/NPC/Beasts/Deer/SFX_Deer_Doe_Sleep","Server/Audio/SoundEvents/SFX/NPC/Beasts/Deer/SFX_Deer_Doe_Sleep.json","372","098E6B0B71B76947EC3B6D475E20DD5941342D372FF872A2598BA84CE3D3BCD0"
"sound-definitions","SFX_Deer_Stag_Alerted","SoundEvents/SFX/NPC/Beasts/Deer/SFX_Deer_Stag_Alerted","Server/Audio/SoundEvents/SFX/NPC/Beasts/Deer/SFX_Deer_Stag_Alerted.json","604","4646BC781B84391E10CF8A83071C362922627AE71DAA3BC173A7892E98F99E7A"
"sound-definitions","SFX_Deer_Stag_Death","SoundEvents/SFX/NPC/Beasts/Deer/SFX_Deer_Stag_Death","Server/Audio/SoundEvents/SFX/NPC/Beasts/Deer/SFX_Deer_Stag_Death.json","591","8BE023C4504443CFF8C862307E00BAAA4E59530CA86DED9D5CFD42B488CB757F"
"sound-definitions","SFX_Deer_Stag_Hurt","SoundEvents/SFX/NPC/Beasts/Deer/SFX_Deer_Stag_Hurt","Server/Audio/SoundEvents/SFX/NPC/Beasts/Deer/SFX_Deer_Stag_Hurt.json","665","4689770AE686968D1B315D3B247B1797E774795D334FB53F5F59928C8239F266"
"sound-definitions","SFX_Deer_Stag_Roar","SoundEvents/SFX/NPC/Beasts/Deer/SFX_Deer_Stag_Roar","Server/Audio/SoundEvents/SFX/NPC/Beasts/Deer/SFX_Deer_Stag_Roar.json","523","A61AB400D3B2B8493A119D02F0A3A1E5437EDC3E595358ED33F7207D95E954F0"
"sound-definitions","SFX_Deer_Stag_Run","SoundEvents/SFX/NPC/Beasts/Deer/SFX_Deer_Stag_Run","Server/Audio/SoundEvents/SFX/NPC/Beasts/Deer/SFX_Deer_Stag_Run.json","1078","9B57A318519A999346B2C3AF3353B34D0ECA4E32E8D72473A9A9DBDB40CAB78A"
"sound-definitions","SFX_Deer_Stag_Sleep","SoundEvents/SFX/NPC/Beasts/Deer/SFX_Deer_Stag_Sleep","Server/Audio/SoundEvents/SFX/NPC/Beasts/Deer/SFX_Deer_Stag_Sleep.json","402","A6325B172DE94384663430D71FECA0C64DB5279176A218B43A99F565CF7CF0A6"
"sound-definitions","SFX_Deer_Walk","SoundEvents/SFX/NPC/Beasts/Deer/SFX_Deer_Walk","Server/Audio/SoundEvents/SFX/NPC/Beasts/Deer/SFX_Deer_Walk.json","602","2881EE0C18F415E75EF64474DFA0862F4EDC4272A6E5F707ECB2D8044B447381"
"sound-definitions","SFX_Emberwulf_Alerted","SoundEvents/SFX/NPC/Beasts/Emberwulf/SFX_Emberwulf_Alerted","Server/Audio/SoundEvents/SFX/NPC/Beasts/Emberwulf/SFX_Emberwulf_Alerted.json","600","DB242AF71DB8008A3430D8FE52AF222072FF04F6A4288E418A8FF7F7A0D20897"
"sound-definitions","SFX_Emberwulf_Attack_Bite","SoundEvents/SFX/NPC/Beasts/Emberwulf/SFX_Emberwulf_Attack_Bite","Server/Audio/SoundEvents/SFX/NPC/Beasts/Emberwulf/SFX_Emberwulf_Attack_Bite.json","659","CAF5D7BEA074F054D300E60E423CD3A66C36C272CB2C62B1F07F65FF00745DDF"
"sound-definitions","SFX_Emberwulf_Death","SoundEvents/SFX/NPC/Beasts/Emberwulf/SFX_Emberwulf_Death","Server/Audio/SoundEvents/SFX/NPC/Beasts/Emberwulf/SFX_Emberwulf_Death.json","606","9DED44B01B65A31B60773AC8D3DE3A05B49C433982AE74F9FBC7A9C62CF131F2"
"sound-definitions","SFX_Emberwulf_Hurt","SoundEvents/SFX/NPC/Beasts/Emberwulf/SFX_Emberwulf_Hurt","Server/Audio/SoundEvents/SFX/NPC/Beasts/Emberwulf/SFX_Emberwulf_Hurt.json","779","47E764267C1B2953EB134BF11C8FE76581B7D857023E46B6FBE0D285275237F7"
"sound-definitions","SFX_Emberwulf_Run","SoundEvents/SFX/NPC/Beasts/Emberwulf/SFX_Emberwulf_Run","Server/Audio/SoundEvents/SFX/NPC/Beasts/Emberwulf/SFX_Emberwulf_Run.json","808","DB5928A251506F9EEDDBA2D3933AAA060781C2052C7F4FBA28DCF77BFCC2CB2D"
"sound-definitions","SFX_Emberwulf_Sleep","SoundEvents/SFX/NPC/Beasts/Emberwulf/SFX_Emberwulf_Sleep","Server/Audio/SoundEvents/SFX/NPC/Beasts/Emberwulf/SFX_Emberwulf_Sleep.json","517","848FACB922AA0F451A7AC73354A44E48C1A417BEAF07283E6D91BE33D60BF6BF"
"sound-definitions","SFX_Emberwulf_Walk","SoundEvents/SFX/NPC/Beasts/Emberwulf/SFX_Emberwulf_Walk","Server/Audio/SoundEvents/SFX/NPC/Beasts/Emberwulf/SFX_Emberwulf_Walk.json","814","1B871B519BFF8000CFA92FE1204904AE2BCC851BFC56B2D9CDBF60A4DD341C53"
"sound-definitions","SFX_Fen_Stalker_Alerted","SoundEvents/SFX/NPC/Beasts/Fen_Stalker/SFX_Fen_Stalker_Alerted","Server/Audio/SoundEvents/SFX/NPC/Beasts/Fen_Stalker/SFX_Fen_Stalker_Alerted.json","714","9DF10178C7397912D7AF3DD53C3315C500B26DAA2C4FCD2EA83D4D025BCBF259"
"sound-definitions","SFX_Fen_Stalker_Attack_Swing","SoundEvents/SFX/NPC/Beasts/Fen_Stalker/SFX_Fen_Stalker_Attack_Swing","Server/Audio/SoundEvents/SFX/NPC/Beasts/Fen_Stalker/SFX_Fen_Stalker_Attack_Swing.json","1092","9A52F712ED8CCDBF276BC46FBF0935F19BB6057FBF37D8508E4D80BDF4027430"
"sound-definitions","SFX_Fen_Stalker_Attack_Swipe","SoundEvents/SFX/NPC/Beasts/Fen_Stalker/SFX_Fen_Stalker_Attack_Swipe","Server/Audio/SoundEvents/SFX/NPC/Beasts/Fen_Stalker/SFX_Fen_Stalker_Attack_Swipe.json","560","C847689B8DCE955BEC1107F8A0753FCE7323B137BA3497DCA5A2C16F71E95C3A"
"sound-definitions","SFX_Fen_Stalker_Death","SoundEvents/SFX/NPC/Beasts/Fen_Stalker/SFX_Fen_Stalker_Death","Server/Audio/SoundEvents/SFX/NPC/Beasts/Fen_Stalker/SFX_Fen_Stalker_Death.json","675","C840503F94B71197C5956FAC3F260F75CE1B28ABD4B660E6B4BD054A19EE8475"
"sound-definitions","SFX_Fen_Stalker_Eat","SoundEvents/SFX/NPC/Beasts/Fen_Stalker/SFX_Fen_Stalker_Eat","Server/Audio/SoundEvents/SFX/NPC/Beasts/Fen_Stalker/SFX_Fen_Stalker_Eat.json","655","04A2867342D5E63372A44E238DA023532305C00849CAE41D06B6FDF173DD4D92"
"sound-definitions","SFX_Fen_Stalker_Eat_Finish","SoundEvents/SFX/NPC/Beasts/Fen_Stalker/SFX_Fen_Stalker_Eat_Finish","Server/Audio/SoundEvents/SFX/NPC/Beasts/Fen_Stalker/SFX_Fen_Stalker_Eat_Finish.json","660","366558C911D3CA1041B84FC7AA2B441715B28CF66D85761F566D03AB913F44DA"
"sound-definitions","SFX_Fen_Stalker_Greet","SoundEvents/SFX/NPC/Beasts/Fen_Stalker/SFX_Fen_Stalker_Greet","Server/Audio/SoundEvents/SFX/NPC/Beasts/Fen_Stalker/SFX_Fen_Stalker_Greet.json","523","3F233539E54FAE102DCEE32DE5CCB918EE79D8D51C3DD21FFFCC50D37E6EB02E"
"sound-definitions","SFX_Fen_Stalker_Hurt","SoundEvents/SFX/NPC/Beasts/Fen_Stalker/SFX_Fen_Stalker_Hurt","Server/Audio/SoundEvents/SFX/NPC/Beasts/Fen_Stalker/SFX_Fen_Stalker_Hurt.json","693","29230833BD66E98E124D70B427AB899ED07A6E22EDE64932034D09E3BB837BAC"
"sound-definitions","SFX_Fen_Stalker_Run","SoundEvents/SFX/NPC/Beasts/Fen_Stalker/SFX_Fen_Stalker_Run","Server/Audio/SoundEvents/SFX/NPC/Beasts/Fen_Stalker/SFX_Fen_Stalker_Run.json","729","8A96537D5CB3DA9391DC0C7961ACCF6CD9FA92A26430AE35DFF2881CCADB0098"
"sound-definitions","SFX_Fen_Stalker_Scared","SoundEvents/SFX/NPC/Beasts/Fen_Stalker/SFX_Fen_Stalker_Scared","Server/Audio/SoundEvents/SFX/NPC/Beasts/Fen_Stalker/SFX_Fen_Stalker_Scared.json","560","29DD4FE41DEDA651487E2E986CBCFD23C73BA9E14E48780CA3BBA443548FA821"
"sound-definitions","SFX_Fen_Stalker_Seek","SoundEvents/SFX/NPC/Beasts/Fen_Stalker/SFX_Fen_Stalker_Seek","Server/Audio/SoundEvents/SFX/NPC/Beasts/Fen_Stalker/SFX_Fen_Stalker_Seek.json","1016","25BC80EB2488175EAE9E64514D5790A85844848D45F87A9134E6DA06554B77F9"
"sound-definitions","SFX_Fen_Stalker_Sniff","SoundEvents/SFX/NPC/Beasts/Fen_Stalker/SFX_Fen_Stalker_Sniff","Server/Audio/SoundEvents/SFX/NPC/Beasts/Fen_Stalker/SFX_Fen_Stalker_Sniff.json","563","5C789C99C24454908257A7C2A101502FCF0900C5B93E8A68692AEBF27058ACAC"
"sound-definitions","SFX_Fox_Alerted","SoundEvents/SFX/NPC/Beasts/Fox/SFX_Fox_Alerted","Server/Audio/SoundEvents/SFX/NPC/Beasts/Fox/SFX_Fox_Alerted.json","548","DD4FACDC5BE6E4CA6AFC75E8C671150681B8562EB6F29A51F96ED9DAAE744465"
"sound-definitions","SFX_Fox_Death","SoundEvents/SFX/NPC/Beasts/Fox/SFX_Fox_Death","Server/Audio/SoundEvents/SFX/NPC/Beasts/Fox/SFX_Fox_Death.json","553","96634350814D4ECBD1BB8E5C5A6FCADC7A357E50B26B4686F06AD848E4227BEF"
"sound-definitions","SFX_Fox_Hurt","SoundEvents/SFX/NPC/Beasts/Fox/SFX_Fox_Hurt","Server/Audio/SoundEvents/SFX/NPC/Beasts/Fox/SFX_Fox_Hurt.json","646","074A4F1B717106E331C83D6088CD54EDF636189461AA5DEF14DF3D1528B45D3C"
"sound-definitions","SFX_Fox_Run","SoundEvents/SFX/NPC/Beasts/Fox/SFX_Fox_Run","Server/Audio/SoundEvents/SFX/NPC/Beasts/Fox/SFX_Fox_Run.json","595","17965DF6E56FD3DB7017FE6412116494488ACA7D62F8B2B5D060FA52E596D954"
"sound-definitions","SFX_Fox_Sleep","SoundEvents/SFX/NPC/Beasts/Fox/SFX_Fox_Sleep","Server/Audio/SoundEvents/SFX/NPC/Beasts/Fox/SFX_Fox_Sleep.json","483","E2D0EAC5B1A52201D0E976CC5E7AC68491D4E234D133B4B4A42BCB3A643BE98D"
"sound-definitions","SFX_Frog_Alerted","SoundEvents/SFX/NPC/Beasts/Frog/SFX_Frog_Alerted","Server/Audio/SoundEvents/SFX/NPC/Beasts/Frog/SFX_Frog_Alerted.json","486","C4FA8F2B5304296D59571ECC47C9FBDFF7FED9718EB34A3012804B9C36595D4D"
"sound-definitions","SFX_Frog_Croak","SoundEvents/SFX/NPC/Beasts/Frog/SFX_Frog_Croak","Server/Audio/SoundEvents/SFX/NPC/Beasts/Frog/SFX_Frog_Croak.json","692","D5B8FCBD03D99FE409F64F3ADF3572F4474F1B3B26E4EE1A8E8EE54D063CE221"
"sound-definitions","SFX_Frog_Death","SoundEvents/SFX/NPC/Beasts/Frog/SFX_Frog_Death","Server/Audio/SoundEvents/SFX/NPC/Beasts/Frog/SFX_Frog_Death.json","503","FD8EF26555C1C860E047226C99143EB27FD1D610F546B1469ACA10A4F69FCEA0"
"sound-definitions","SFX_Frog_Hurt","SoundEvents/SFX/NPC/Beasts/Frog/SFX_Frog_Hurt","Server/Audio/SoundEvents/SFX/NPC/Beasts/Frog/SFX_Frog_Hurt.json","586","B1AD845B3FCB145618B6F10EA2898BCFE3FBE1FA1A9F37249BE48BD892D64B1C"
"sound-definitions","SFX_Frog_Idle","SoundEvents/SFX/NPC/Beasts/Frog/SFX_Frog_Idle","Server/Audio/SoundEvents/SFX/NPC/Beasts/Frog/SFX_Frog_Idle.json","717","E2F077326DFA9B37B0943757DE64BE7149BE01192B299DDE179101366F6AFCD9"
"sound-definitions","SFX_Frog_Run","SoundEvents/SFX/NPC/Beasts/Frog/SFX_Frog_Run","Server/Audio/SoundEvents/SFX/NPC/Beasts/Frog/SFX_Frog_Run.json","700","FE1D2D1FC72D07A6D5108C3967FBBEEA72A5ABC8635ED344EE0E0EC5E840C986"
"sound-definitions","SFX_Gecko_Alerted","SoundEvents/SFX/NPC/Beasts/Gecko/SFX_Gecko_Alerted","Server/Audio/SoundEvents/SFX/NPC/Beasts/Gecko/SFX_Gecko_Alerted.json","587","EEC1BA3F926DC6E6BBE7064C8A80589C04B1AD0FFCDE8BC4E8C036BAADA161C2"
"sound-definitions","SFX_Gecko_Death","SoundEvents/SFX/NPC/Beasts/Gecko/SFX_Gecko_Death","Server/Audio/SoundEvents/SFX/NPC/Beasts/Gecko/SFX_Gecko_Death.json","581","0220DA825624D259E1B8D34A6D164CE98709728F75E65FE488047B838A0C1FCA"
"sound-definitions","SFX_Gecko_Hurt","SoundEvents/SFX/NPC/Beasts/Gecko/SFX_Gecko_Hurt","Server/Audio/SoundEvents/SFX/NPC/Beasts/Gecko/SFX_Gecko_Hurt.json","655","AB6BD1AA4626DE9FB0086E4455110853D517B97D187F0C7B8F80B669B5B2F11C"
"sound-definitions","SFX_Golem_Earth_Alerted","SoundEvents/SFX/NPC/Beasts/Golem_Earth/SFX_Golem_Earth_Alerted","Server/Audio/SoundEvents/SFX/NPC/Beasts/Golem_Earth/SFX_Golem_Earth_Alerted.json","1223","EE33A104CB97EC2DA1B140E90C109F70DF9C0E317D3570A0FB437116278E4991"
"sound-definitions","SFX_Golem_Earth_Death","SoundEvents/SFX/NPC/Beasts/Golem_Earth/SFX_Golem_Earth_Death","Server/Audio/SoundEvents/SFX/NPC/Beasts/Golem_Earth/SFX_Golem_Earth_Death.json","1047","92D13B800542A62F660A17C63334945904E15EAAED8400C4B7B1F64FF6DB510B"
"sound-definitions","SFX_Golem_Earth_Hurt","SoundEvents/SFX/NPC/Beasts/Golem_Earth/SFX_Golem_Earth_Hurt","Server/Audio/SoundEvents/SFX/NPC/Beasts/Golem_Earth/SFX_Golem_Earth_Hurt.json","526","E277198AD78A80BA8637DA8D3EB164B7D7DEDFA74E240618269A20333C09D34C"
"sound-definitions","SFX_Golem_Earth_Laydown","SoundEvents/SFX/NPC/Beasts/Golem_Earth/SFX_Golem_Earth_Laydown","Server/Audio/SoundEvents/SFX/NPC/Beasts/Golem_Earth/SFX_Golem_Earth_Laydown.json","1195","BA642CAE9BAED319D7384F8D25C79E1A6881C2666378C745BB721D1002C79E7D"
"sound-definitions","SFX_Golem_Earth_Slam","SoundEvents/SFX/NPC/Beasts/Golem_Earth/SFX_Golem_Earth_Slam","Server/Audio/SoundEvents/SFX/NPC/Beasts/Golem_Earth/SFX_Golem_Earth_Slam.json","746","9A76E4C028B1D1681D0F7BFE5702C05219E914FC659917403E693E0E0F5A0517"
"sound-definitions","SFX_Golem_Earth_Slam_Impact","SoundEvents/SFX/NPC/Beasts/Golem_Earth/SFX_Golem_Earth_Slam_Impact","Server/Audio/SoundEvents/SFX/NPC/Beasts/Golem_Earth/SFX_Golem_Earth_Slam_Impact.json","754","B7B45257B182D2C61433787688DE6D480FAADE09F0B686CF33CB7C58ED0E9CAB"
"sound-definitions","SFX_Golem_Earth_Spin","SoundEvents/SFX/NPC/Beasts/Golem_Earth/SFX_Golem_Earth_Spin","Server/Audio/SoundEvents/SFX/NPC/Beasts/Golem_Earth/SFX_Golem_Earth_Spin.json","746","13965850FAE0CDF82A7AB6E155386ED91746F56D3D7B7F05B3F7015B6C59E78C"
"sound-definitions","SFX_Golem_Earth_Stomp","SoundEvents/SFX/NPC/Beasts/Golem_Earth/SFX_Golem_Earth_Stomp","Server/Audio/SoundEvents/SFX/NPC/Beasts/Golem_Earth/SFX_Golem_Earth_Stomp.json","822","F6B521AD2C5C5DC4079D145DBE7DA538B1012BF7D49A7C9CCF3C90C80160CAE5"
"sound-definitions","SFX_Golem_Earth_Stomp_Impact","SoundEvents/SFX/NPC/Beasts/Golem_Earth/SFX_Golem_Earth_Stomp_Impact","Server/Audio/SoundEvents/SFX/NPC/Beasts/Golem_Earth/SFX_Golem_Earth_Stomp_Impact.json","758","35F6FE871BBF0C1B20474CC19CBD683FA4EDFE22D97EBD0DCF85DDD0D94E12FA"
"sound-definitions","SFX_Golem_Earth_Swing","SoundEvents/SFX/NPC/Beasts/Golem_Earth/SFX_Golem_Earth_Swing","Server/Audio/SoundEvents/SFX/NPC/Beasts/Golem_Earth/SFX_Golem_Earth_Swing.json","750","FB9748D84944C11AA9E3CE5A50F971EDCCF72DDD58D9F43EA6AE091961EC37F6"
"sound-definitions","SFX_Golem_Earth_Swing_Impact","SoundEvents/SFX/NPC/Beasts/Golem_Earth/SFX_Golem_Earth_Swing_Impact","Server/Audio/SoundEvents/SFX/NPC/Beasts/Golem_Earth/SFX_Golem_Earth_Swing_Impact.json","758","8EAD4E6B6B270BC78F1419622A13F277D766784A1526BCF918729CA12BC58260"
"sound-definitions","SFX_Golem_Earth_Wake","SoundEvents/SFX/NPC/Beasts/Golem_Earth/SFX_Golem_Earth_Wake","Server/Audio/SoundEvents/SFX/NPC/Beasts/Golem_Earth/SFX_Golem_Earth_Wake.json","1176","3797CA19AFAEB217D6C83C748BD7101818CF138C5FCD9EEAC933FC7F041908D2"
"sound-definitions","SFX_Golem_Firesteel_Alerted_01","SoundEvents/SFX/NPC/Beasts/Golem_Firesteel/SFX_Golem_Firesteel_Alerted_01","Server/Audio/SoundEvents/SFX/NPC/Beasts/Golem_Firesteel/SFX_Golem_Firesteel_Alerted_01.json","992","30C703395DCC5BEF77DD4CED5CA911510BA99A3D43CF6DCB903EA8C89CB2C47C"
"sound-definitions","SFX_Golem_Firesteel_Alerted_02","SoundEvents/SFX/NPC/Beasts/Golem_Firesteel/SFX_Golem_Firesteel_Alerted_02","Server/Audio/SoundEvents/SFX/NPC/Beasts/Golem_Firesteel/SFX_Golem_Firesteel_Alerted_02.json","992","51A74F5A6F303C93EF8ED6768C6464AEB9E7024E0363D6226DACD463AB66E952"
"sound-definitions","SFX_Golem_Firesteel_Death","SoundEvents/SFX/NPC/Beasts/Golem_Firesteel/SFX_Golem_Firesteel_Death","Server/Audio/SoundEvents/SFX/NPC/Beasts/Golem_Firesteel/SFX_Golem_Firesteel_Death.json","1338","2EDBEA9749D44F9068B928A60A25051D020D2688BDBEE8F0A1F5184560F91670"
"sound-definitions","SFX_Golem_Firesteel_Laydown","SoundEvents/SFX/NPC/Beasts/Golem_Firesteel/SFX_Golem_Firesteel_Laydown","Server/Audio/SoundEvents/SFX/NPC/Beasts/Golem_Firesteel/SFX_Golem_Firesteel_Laydown.json","696","1DA7C7D47E5F5299CF570208490407E6274C5D640A60E3B898718C588CFD8574"
"sound-definitions","SFX_Golem_Firesteel_Wake","SoundEvents/SFX/NPC/Beasts/Golem_Firesteel/SFX_Golem_Firesteel_Wake","Server/Audio/SoundEvents/SFX/NPC/Beasts/Golem_Firesteel/SFX_Golem_Firesteel_Wake.json","662","69D30877DBBA6D98293FF25F94E8088DF49E6A3CEEF3D392F3F1C28C324DDF03"
"sound-definitions","SFX_Golem_Frost_Alerted","SoundEvents/SFX/NPC/Beasts/Golem_Frost/SFX_Golem_Frost_Alerted","Server/Audio/SoundEvents/SFX/NPC/Beasts/Golem_Frost/SFX_Golem_Frost_Alerted.json","1223","029FD109E046680F163D05DBED30B55BC39A189591CFA7B237BD1B133853A61A"
"sound-definitions","SFX_Golem_Frost_Death","SoundEvents/SFX/NPC/Beasts/Golem_Frost/SFX_Golem_Frost_Death","Server/Audio/SoundEvents/SFX/NPC/Beasts/Golem_Frost/SFX_Golem_Frost_Death.json","1046","E7351BD8E76709024F8B1B76E2A7E7D3CAD08509EBC0C55A8D6AC6275D156E6C"
"sound-definitions","SFX_Golem_Frost_Hurt","SoundEvents/SFX/NPC/Beasts/Golem_Frost/SFX_Golem_Frost_Hurt","Server/Audio/SoundEvents/SFX/NPC/Beasts/Golem_Frost/SFX_Golem_Frost_Hurt.json","572","9284CC024CFFA78EACC9A5F6D1253A6135DA5C81225E9E6522D120D064A69FD3"
"sound-definitions","SFX_Golem_Frost_Laydown","SoundEvents/SFX/NPC/Beasts/Golem_Frost/SFX_Golem_Frost_Laydown","Server/Audio/SoundEvents/SFX/NPC/Beasts/Golem_Frost/SFX_Golem_Frost_Laydown.json","1195","3C80E8AF8523496EC62BF2466A827B870BF9FB9DBD32FDBEF345EB31A6678497"
"sound-definitions","SFX_Golem_Frost_Slam","SoundEvents/SFX/NPC/Beasts/Golem_Frost/SFX_Golem_Frost_Slam","Server/Audio/SoundEvents/SFX/NPC/Beasts/Golem_Frost/SFX_Golem_Frost_Slam.json","745","F26F1D841F6F74B5CFD864E6D9394D5CC5022DCD01F37AE28C2F3FE6A0DA7CEB"
"sound-definitions","SFX_Golem_Frost_Slam_Impact","SoundEvents/SFX/NPC/Beasts/Golem_Frost/SFX_Golem_Frost_Slam_Impact","Server/Audio/SoundEvents/SFX/NPC/Beasts/Golem_Frost/SFX_Golem_Frost_Slam_Impact.json","753","1D7935CE00F47C697E93EB78CFDA3D202DCC56A1B265838048B335E761DCC028"
"sound-definitions","SFX_Golem_Frost_Spin","SoundEvents/SFX/NPC/Beasts/Golem_Frost/SFX_Golem_Frost_Spin","Server/Audio/SoundEvents/SFX/NPC/Beasts/Golem_Frost/SFX_Golem_Frost_Spin.json","745","73F87BD6E5DC6A569CC509460158B79B5731EAD269A35D912D3F50C59CBE7997"
"sound-definitions","SFX_Golem_Frost_Stomp","SoundEvents/SFX/NPC/Beasts/Golem_Frost/SFX_Golem_Frost_Stomp","Server/Audio/SoundEvents/SFX/NPC/Beasts/Golem_Frost/SFX_Golem_Frost_Stomp.json","821","26516728E6795C12382E27BCE913A69B809053156747EC41DEC9A527F3A2FD56"
"sound-definitions","SFX_Golem_Frost_Swing","SoundEvents/SFX/NPC/Beasts/Golem_Frost/SFX_Golem_Frost_Swing","Server/Audio/SoundEvents/SFX/NPC/Beasts/Golem_Frost/SFX_Golem_Frost_Swing.json","749","15002490B3717869F1E9915966A859DE99C16749E09A97D7651CA20C5EF26E08"
"sound-definitions","SFX_Golem_Frost_Swing_Impact","SoundEvents/SFX/NPC/Beasts/Golem_Frost/SFX_Golem_Frost_Swing_Impact","Server/Audio/SoundEvents/SFX/NPC/Beasts/Golem_Frost/SFX_Golem_Frost_Swing_Impact.json","757","50AEBAFB54A00DB2C0F1C9745F3EF1E91DA4646873C9134F5580B27671B810A1"
"sound-definitions","SFX_Golem_Frost_Wake","SoundEvents/SFX/NPC/Beasts/Golem_Frost/SFX_Golem_Frost_Wake","Server/Audio/SoundEvents/SFX/NPC/Beasts/Golem_Frost/SFX_Golem_Frost_Wake.json","1176","DB901C869807760779491BCCF93AD0FA656ECBE7CCA6D5E734986D9D85725868"
"sound-definitions","SFX_Golem_Sand_Alerted","SoundEvents/SFX/NPC/Beasts/Golem_Sand/SFX_Golem_Sand_Alerted","Server/Audio/SoundEvents/SFX/NPC/Beasts/Golem_Sand/SFX_Golem_Sand_Alerted.json","1360","052E66B8BE33DACCDF0445849925F1F95F7547FA384B2198AE912FD1A52738FF"
"sound-definitions","SFX_Golem_Sand_Death","SoundEvents/SFX/NPC/Beasts/Golem_Sand/SFX_Golem_Sand_Death","Server/Audio/SoundEvents/SFX/NPC/Beasts/Golem_Sand/SFX_Golem_Sand_Death.json","1104","70ADF82CCC2494A242A9288DD4F58D16E7033830CD9ABD587120993231BDC255"
"sound-definitions","SFX_Golem_Sand_Hurt","SoundEvents/SFX/NPC/Beasts/Golem_Sand/SFX_Golem_Sand_Hurt","Server/Audio/SoundEvents/SFX/NPC/Beasts/Golem_Sand/SFX_Golem_Sand_Hurt.json","525","CD9C0F8A8781C4F53E1AB7360E8CD19D4872D57D616DBE106C2A9C49B63E5328"
"sound-definitions","SFX_Golem_Sand_Laydown","SoundEvents/SFX/NPC/Beasts/Golem_Sand/SFX_Golem_Sand_Laydown","Server/Audio/SoundEvents/SFX/NPC/Beasts/Golem_Sand/SFX_Golem_Sand_Laydown.json","1324","7353E2831D6073972595C73B0EA6A0AAB36360007E36BB47BB4AE8A08656AFA4"
"sound-definitions","SFX_Golem_Sand_Slam","SoundEvents/SFX/NPC/Beasts/Golem_Sand/SFX_Golem_Sand_Slam","Server/Audio/SoundEvents/SFX/NPC/Beasts/Golem_Sand/SFX_Golem_Sand_Slam.json","745","BF7E56022DBF7D633356A478103742DA033881FC6526FC000D97401545FAB5C9"
"sound-definitions","SFX_Golem_Sand_Slam_Impact","SoundEvents/SFX/NPC/Beasts/Golem_Sand/SFX_Golem_Sand_Slam_Impact","Server/Audio/SoundEvents/SFX/NPC/Beasts/Golem_Sand/SFX_Golem_Sand_Slam_Impact.json","753","F9C10510D13D05CAC623C84392A37147DF135E287969030AD53CD85AEA67298B"
"sound-definitions","SFX_Golem_Sand_Spin","SoundEvents/SFX/NPC/Beasts/Golem_Sand/SFX_Golem_Sand_Spin","Server/Audio/SoundEvents/SFX/NPC/Beasts/Golem_Sand/SFX_Golem_Sand_Spin.json","745","DD08F4B0B5E2F138BC6D7AA093B96522532F77FA1EEAC9D734AFF3373D41A94E"
"sound-definitions","SFX_Golem_Sand_Stomp","SoundEvents/SFX/NPC/Beasts/Golem_Sand/SFX_Golem_Sand_Stomp","Server/Audio/SoundEvents/SFX/NPC/Beasts/Golem_Sand/SFX_Golem_Sand_Stomp.json","821","5698967CEC91FF66BE99DFCE0BAB2EE1331D76751643895ADF532AB81A3626FD"
"sound-definitions","SFX_Golem_Sand_Stomp_Impact","SoundEvents/SFX/NPC/Beasts/Golem_Sand/SFX_Golem_Sand_Stomp_Impact","Server/Audio/SoundEvents/SFX/NPC/Beasts/Golem_Sand/SFX_Golem_Sand_Stomp_Impact.json","757","281686A07BB2EE0D671F46018E3055476DBDCA63E70BEB5FE40CC9EECD395C67"
"sound-definitions","SFX_Golem_Sand_Swing","SoundEvents/SFX/NPC/Beasts/Golem_Sand/SFX_Golem_Sand_Swing","Server/Audio/SoundEvents/SFX/NPC/Beasts/Golem_Sand/SFX_Golem_Sand_Swing.json","749","4965F0483ABEEC7240F1FC5767CF15B4637EAC057FBE358B31055FBCD9D2EFC3"
"sound-definitions","SFX_Golem_Sand_Swing_Impact","SoundEvents/SFX/NPC/Beasts/Golem_Sand/SFX_Golem_Sand_Swing_Impact","Server/Audio/SoundEvents/SFX/NPC/Beasts/Golem_Sand/SFX_Golem_Sand_Swing_Impact.json","757","5FFEE830F47DEC36D72846478CBE88040D5D0D5A5D4369FE5A937949BB695756"
"sound-definitions","SFX_Golem_Sand_Wake","SoundEvents/SFX/NPC/Beasts/Golem_Sand/SFX_Golem_Sand_Wake","Server/Audio/SoundEvents/SFX/NPC/Beasts/Golem_Sand/SFX_Golem_Sand_Wake.json","1328","4A010B90456DBC99FA25D23EA793A2BC927CA999866894B15E18F0C10444F244"
"sound-definitions","SFX_Hyena_Alerted","SoundEvents/SFX/NPC/Beasts/Hyena/SFX_Hyena_Alerted","Server/Audio/SoundEvents/SFX/NPC/Beasts/Hyena/SFX_Hyena_Alerted.json","1128","2F1B52467378347412C1CC8DA3E296632B84932B16745AC8D3BA821A2EF2C207"
"sound-definitions","SFX_Hyena_Death","SoundEvents/SFX/NPC/Beasts/Hyena/SFX_Hyena_Death","Server/Audio/SoundEvents/SFX/NPC/Beasts/Hyena/SFX_Hyena_Death.json","613","209325650AF835D8A40888F951F3A884C15F07D94D17FA50F281E59D8DE974DE"
"sound-definitions","SFX_Hyena_Hurt","SoundEvents/SFX/NPC/Beasts/Hyena/SFX_Hyena_Hurt","Server/Audio/SoundEvents/SFX/NPC/Beasts/Hyena/SFX_Hyena_Hurt.json","666","5E0D88DF5028B1EA17EC9120F179299293A7CA63AFAF0C43E764B2CC224CEC19"
"sound-definitions","SFX_Hyena_Idle","SoundEvents/SFX/NPC/Beasts/Hyena/SFX_Hyena_Idle","Server/Audio/SoundEvents/SFX/NPC/Beasts/Hyena/SFX_Hyena_Idle.json","659","ABEE62D72248018979991FDADE8978D7EA1B648524F8B3967C13F01E8EB224AD"
"sound-definitions","SFX_Larva_Alerted","SoundEvents/SFX/NPC/Beasts/Larva/SFX_Larva_Alerted","Server/Audio/SoundEvents/SFX/NPC/Beasts/Larva/SFX_Larva_Alerted.json","561","BC8BC27F309DDC95C00A438705B1443A3350D40949D12CC842550F5FB2FAD4C6"
"sound-definitions","SFX_Larva_Death","SoundEvents/SFX/NPC/Beasts/Larva/SFX_Larva_Death","Server/Audio/SoundEvents/SFX/NPC/Beasts/Larva/SFX_Larva_Death.json","578","3BD6F7E89D37DC416DAB28E47B436BA9B6100475C2544DCBD3DA16371BD68F45"
"sound-definitions","SFX_Larva_Despawn","SoundEvents/SFX/NPC/Beasts/Larva/SFX_Larva_Despawn","Server/Audio/SoundEvents/SFX/NPC/Beasts/Larva/SFX_Larva_Despawn.json","562","77A6C11B5636512EFA3AB9A3521C1A9B46098FE919567611C5308A1CEACE8B78"
"sound-definitions","SFX_Larva_Hurt","SoundEvents/SFX/NPC/Beasts/Larva/SFX_Larva_Hurt","Server/Audio/SoundEvents/SFX/NPC/Beasts/Larva/SFX_Larva_Hurt.json","708","9A12B3ABD269BFAD2312CE40986A7EBC37E7216A7348464801EEED5B2B751F38"
"sound-definitions","SFX_Larva_Spawn","SoundEvents/SFX/NPC/Beasts/Larva/SFX_Larva_Spawn","Server/Audio/SoundEvents/SFX/NPC/Beasts/Larva/SFX_Larva_Spawn.json","556","3E15467B369FC2FF1A097D919972D8430947486656565AA747ADF77C250E8A7D"
"sound-definitions","SFX_Leopard_Snow_Alerted","SoundEvents/SFX/NPC/Beasts/Leopard_Snow/SFX_Leopard_Snow_Alerted","Server/Audio/SoundEvents/SFX/NPC/Beasts/Leopard_Snow/SFX_Leopard_Snow_Alerted.json","668","931657CD28180181F972E4322A1411BB84A8B5EFA12A66D87C846D15DB589EFF"
"sound-definitions","SFX_Leopard_Snow_Death","SoundEvents/SFX/NPC/Beasts/Leopard_Snow/SFX_Leopard_Snow_Death","Server/Audio/SoundEvents/SFX/NPC/Beasts/Leopard_Snow/SFX_Leopard_Snow_Death.json","662","571590A63BA77FA4F1FD7F8555C36BB51D0A537E02AEDC9455ED7E06D2238BA3"
"sound-definitions","SFX_Leopard_Snow_Hurt","SoundEvents/SFX/NPC/Beasts/Leopard_Snow/SFX_Leopard_Snow_Hurt","Server/Audio/SoundEvents/SFX/NPC/Beasts/Leopard_Snow/SFX_Leopard_Snow_Hurt.json","811","D420EBDAF60340A09049A5244CA2A4738106079DD58189CBC7A9CA16FFD33155"
"sound-definitions","SFX_Leopard_Snow_Run","SoundEvents/SFX/NPC/Beasts/Leopard_Snow/SFX_Leopard_Snow_Run","Server/Audio/SoundEvents/SFX/NPC/Beasts/Leopard_Snow/SFX_Leopard_Snow_Run.json","779","5F72B91FF3E98C146A0A910559653D7E6A4810B195FAE26FF843D67D9AD4D94E"
"sound-definitions","SFX_Meerkat_Alerted","SoundEvents/SFX/NPC/Beasts/Meerkat/SFX_Meerkat_Alerted","Server/Audio/SoundEvents/SFX/NPC/Beasts/Meerkat/SFX_Meerkat_Alerted.json","701","285573C0AF9B1D0E49E188E06CD9905E9D2971D48D5BBB2B6C5D7AA5765F5B38"
"sound-definitions","SFX_Meerkat_Death","SoundEvents/SFX/NPC/Beasts/Meerkat/SFX_Meerkat_Death","Server/Audio/SoundEvents/SFX/NPC/Beasts/Meerkat/SFX_Meerkat_Death.json","552","4CE54C3681B6DC422FB6BA8453BDA156D45DDF2FC572A3194D754F2C4F267696"
"sound-definitions","SFX_Meerkat_Hurt","SoundEvents/SFX/NPC/Beasts/Meerkat/SFX_Meerkat_Hurt","Server/Audio/SoundEvents/SFX/NPC/Beasts/Meerkat/SFX_Meerkat_Hurt.json","657","615BE346F3D0BCE5E4F49492BAAEB162B4485BA8C470A9BDD5FE124317487BB7"
"sound-definitions","SFX_Meerkat_Idle","SoundEvents/SFX/NPC/Beasts/Meerkat/SFX_Meerkat_Idle","Server/Audio/SoundEvents/SFX/NPC/Beasts/Meerkat/SFX_Meerkat_Idle.json","713","93D7A55D8A992D2FAD9BEF879374F5C1F917E4C549E09680B3FFFFA1AC078A79"
"sound-definitions","SFX_Moose_Bull_Alerted","SoundEvents/SFX/NPC/Beasts/Moose_Bull/SFX_Moose_Bull_Alerted","Server/Audio/SoundEvents/SFX/NPC/Beasts/Moose_Bull/SFX_Moose_Bull_Alerted.json","739","EACFB9858A63478D483136D66ECC0CF94FC10C95033F29049353DE2C35E1600C"
"sound-definitions","SFX_Mouse_Alerted","SoundEvents/SFX/NPC/Beasts/Mouse/SFX_Mouse_Alerted","Server/Audio/SoundEvents/SFX/NPC/Beasts/Mouse/SFX_Mouse_Alerted.json","587","FCDA9E7758353F7784F734F6CB02F1A80C5CE656A7291A9390AB9ADE26CCC035"
"sound-definitions","SFX_Mouse_Death","SoundEvents/SFX/NPC/Beasts/Mouse/SFX_Mouse_Death","Server/Audio/SoundEvents/SFX/NPC/Beasts/Mouse/SFX_Mouse_Death.json","580","80306D72D32782C125C7E1117946A884D06B0C01D6163AE541CD882062C7EF16"
"sound-definitions","SFX_Mouse_Flee","SoundEvents/SFX/NPC/Beasts/Mouse/SFX_Mouse_Flee","Server/Audio/SoundEvents/SFX/NPC/Beasts/Mouse/SFX_Mouse_Flee.json","680","1F229C0D1273F1092E9282DB041D6188D8431E621A4BACC6EAD1A385117A4CA1"
"sound-definitions","SFX_Mouse_Hurt","SoundEvents/SFX/NPC/Beasts/Mouse/SFX_Mouse_Hurt","Server/Audio/SoundEvents/SFX/NPC/Beasts/Mouse/SFX_Mouse_Hurt.json","709","E43A8F92B794AF2C9CC7E1B90B6FB3727E6490C84AC073BC6298E6A197B087D3"
"sound-definitions","SFX_Mouse_Run","SoundEvents/SFX/NPC/Beasts/Mouse/SFX_Mouse_Run","Server/Audio/SoundEvents/SFX/NPC/Beasts/Mouse/SFX_Mouse_Run.json","677","0CE097A7A1889D1A36FF386FF8A06B85F7CE730621E5CF4411CF0B7701EEF43F"
"sound-definitions","SFX_Mouse_Sleep","SoundEvents/SFX/NPC/Beasts/Mouse/SFX_Mouse_Sleep","Server/Audio/SoundEvents/SFX/NPC/Beasts/Mouse/SFX_Mouse_Sleep.json","299","A08BC0E282149E9C6B5D65ED58991AFBF5C575E5DCF2E33FD117D4AA869F37FA"
"sound-definitions","SFX_Raptor_Cave_Alerted","SoundEvents/SFX/NPC/Beasts/Raptor_Cave/SFX_Raptor_Cave_Alerted","Server/Audio/SoundEvents/SFX/NPC/Beasts/Raptor_Cave/SFX_Raptor_Cave_Alerted.json","595","6DEBB25E5420957B9E88A3B461F616397A4C6639351F56D680C3BA6B51631176"
"sound-definitions","SFX_Raptor_Cave_Idle","SoundEvents/SFX/NPC/Beasts/Raptor_Cave/SFX_Raptor_Cave_Idle","Server/Audio/SoundEvents/SFX/NPC/Beasts/Raptor_Cave/SFX_Raptor_Cave_Idle.json","642","EF7F946E2A75FB8C87C7D10128A2851B1D00F4001902E588FF65520B3DE15192"
"sound-definitions","SFX_Rat_Death","SoundEvents/SFX/NPC/Beasts/Rat/SFX_Rat_Death","Server/Audio/SoundEvents/SFX/NPC/Beasts/Rat/SFX_Rat_Death.json","634","BCFBF15561F47689F4A3A7784B5F580FC52731F8E04353500997142B8332F735"
"sound-definitions","SFX_Rat_Hurt","SoundEvents/SFX/NPC/Beasts/Rat/SFX_Rat_Hurt","Server/Audio/SoundEvents/SFX/NPC/Beasts/Rat/SFX_Rat_Hurt.json","610","2F425B81BD90D7DB5302B9A0434937205B415CB67BFA18B7C30C1C20FF25B6C8"
"sound-definitions","SFX_Scarak_Fighter_Alerted","SoundEvents/SFX/NPC/Beasts/Scarak/Fighter/SFX_Scarak_Fighter_Alerted","Server/Audio/SoundEvents/SFX/NPC/Beasts/Scarak/Fighter/SFX_Scarak_Fighter_Alerted.json","842","10E285911403756D794B8895FDF9EFB3792CDB826E95DAB695703F4FF80925F3"
"sound-definitions","SFX_Scarak_Fighter_Death","SoundEvents/SFX/NPC/Beasts/Scarak/Fighter/SFX_Scarak_Fighter_Death","Server/Audio/SoundEvents/SFX/NPC/Beasts/Scarak/Fighter/SFX_Scarak_Fighter_Death.json","717","78E1B0D64F518DB6D2A8AE33B0040F3D7D17A8CAB4A964AD3C9464037BA4E632"
"sound-definitions","SFX_Scarak_Fighter_Hurt","SoundEvents/SFX/NPC/Beasts/Scarak/Fighter/SFX_Scarak_Fighter_Hurt","Server/Audio/SoundEvents/SFX/NPC/Beasts/Scarak/Fighter/SFX_Scarak_Fighter_Hurt.json","924","2AF0C41EF95B2B8BF360F66504DFC6A5E83B6DEDA90D06657EC28295669F3264"
"sound-definitions","SFX_Scarak_Seeker_Alerted","SoundEvents/SFX/NPC/Beasts/Scarak/Seeker/SFX_Scarak_Seeker_Alerted","Server/Audio/SoundEvents/SFX/NPC/Beasts/Scarak/Seeker/SFX_Scarak_Seeker_Alerted.json","842","10E285911403756D794B8895FDF9EFB3792CDB826E95DAB695703F4FF80925F3"
"sound-definitions","SFX_Scarak_Seeker_Death","SoundEvents/SFX/NPC/Beasts/Scarak/Seeker/SFX_Scarak_Seeker_Death","Server/Audio/SoundEvents/SFX/NPC/Beasts/Scarak/Seeker/SFX_Scarak_Seeker_Death.json","735","437B46A975E05C06698B6FBFF37369D6443AC65FE523E2195E345217DC2DA3EC"
"sound-definitions","SFX_Scarak_Seeker_Hurt","SoundEvents/SFX/NPC/Beasts/Scarak/Seeker/SFX_Scarak_Seeker_Hurt","Server/Audio/SoundEvents/SFX/NPC/Beasts/Scarak/Seeker/SFX_Scarak_Seeker_Hurt.json","898","6B9246038CB45828879CF2FDF4A7B734C36856E9AA8B6812FF24A6F8177D55F6"
"sound-definitions","SFX_Scarak_Spitball_Fire","SoundEvents/SFX/NPC/Beasts/Scarak/SFX_Scarak_Spitball_Fire","Server/Audio/SoundEvents/SFX/NPC/Beasts/Scarak/SFX_Scarak_Spitball_Fire.json","580","A965AE4CAE88FF4A9E8EAF00B4D3B584177E8D672326D9834E35CF07A31238A5"
"sound-definitions","SFX_Scorpion_Alerted","SoundEvents/SFX/NPC/Beasts/Scorpion/SFX_Scorpion_Alerted","Server/Audio/SoundEvents/SFX/NPC/Beasts/Scorpion/SFX_Scorpion_Alerted.json","616","C09EFCC3EF2A661FE7E6C10E97A7A43FEA1A714BF71A9E8974932EE987F95A4F"
"sound-definitions","SFX_Scorpion_Death","SoundEvents/SFX/NPC/Beasts/Scorpion/SFX_Scorpion_Death","Server/Audio/SoundEvents/SFX/NPC/Beasts/Scorpion/SFX_Scorpion_Death.json","561","B7CF1BC39A19B9FAC08E42EC44CBE4CC6E39045E043A78C0E3B70D60DFBED43A"
"sound-definitions","SFX_Scorpion_Run","SoundEvents/SFX/NPC/Beasts/Scorpion/SFX_Scorpion_Run","Server/Audio/SoundEvents/SFX/NPC/Beasts/Scorpion/SFX_Scorpion_Run.json","622","77DF7F2E1DAEFE4319A0F2D37E3AF2947ECED42F1C1E9E5B9994DA3B5C6F9ABE"
"sound-definitions","SFX_Scorpion_Threaten","SoundEvents/SFX/NPC/Beasts/Scorpion/SFX_Scorpion_Threaten","Server/Audio/SoundEvents/SFX/NPC/Beasts/Scorpion/SFX_Scorpion_Threaten.json","618","81599924000BCE0B067150A9B1ED2F1CCF70C0F7B6081ADEF1023FA89CE95220"
"sound-definitions","SFX_Snake_Alerted","SoundEvents/SFX/NPC/Beasts/Snake/SFX_Snake_Alerted","Server/Audio/SoundEvents/SFX/NPC/Beasts/Snake/SFX_Snake_Alerted.json","580","FAF91A6237F64ECFC7A78056F94B3CF162F534BE7CE8FE11439946B44C751EFE"
"sound-definitions","SFX_Snake_Death","SoundEvents/SFX/NPC/Beasts/Snake/SFX_Snake_Death","Server/Audio/SoundEvents/SFX/NPC/Beasts/Snake/SFX_Snake_Death.json","636","52664DD224A702ABF9C0060EAB28F9FFB5EA4CB73594AE21CFF0DC93C76D7E91"
"sound-definitions","SFX_Snake_Hurt","SoundEvents/SFX/NPC/Beasts/Snake/SFX_Snake_Hurt","Server/Audio/SoundEvents/SFX/NPC/Beasts/Snake/SFX_Snake_Hurt.json","875","7FE2ACFBDBD05EC2B4423F0DD0E6331831B2EDB0345EBF4169256A79C9D2DAD2"
"sound-definitions","SFX_Snake_Idle","SoundEvents/SFX/NPC/Beasts/Snake/SFX_Snake_Idle","Server/Audio/SoundEvents/SFX/NPC/Beasts/Snake/SFX_Snake_Idle.json","667","5C5E1D8228D107F09BC48E5130141D63D5B0C4730D6F84F354A103128FB1459D"
"sound-definitions","SFX_Spark_Living_Alerted","SoundEvents/SFX/NPC/Beasts/Spark_Living/SFX_Spark_Living_Alerted","Server/Audio/SoundEvents/SFX/NPC/Beasts/Spark_Living/SFX_Spark_Living_Alerted.json","777","2DDB7CBF14246E515F5686BB8E6626FB69A5AE1A08CE3150DA6901F449213D87"
"sound-definitions","SFX_Spark_Living_Death","SoundEvents/SFX/NPC/Beasts/Spark_Living/SFX_Spark_Living_Death","Server/Audio/SoundEvents/SFX/NPC/Beasts/Spark_Living/SFX_Spark_Living_Death.json","765","D2FF6769F76D5597ABEE321F535C1B491207C4EC04E314E6B6D26D63EFA83CF5"
"sound-definitions","SFX_Spider_Alerted","SoundEvents/SFX/NPC/Beasts/Spider/SFX_Spider_Alerted","Server/Audio/SoundEvents/SFX/NPC/Beasts/Spider/SFX_Spider_Alerted.json","660","2DAAF0318C53CFC3A8F9D0E81EF4ADB368D20A517EE9B4D07EE57ADC98637CA4"
"sound-definitions","SFX_Spider_Alerted_Web","SoundEvents/SFX/NPC/Beasts/Spider/SFX_Spider_Alerted_Web","Server/Audio/SoundEvents/SFX/NPC/Beasts/Spider/SFX_Spider_Alerted_Web.json","684","6DE9B294129D9FD9DB6DFFF2856457B01834DBEAC6260778C4F5B1FF48EED071"
"sound-definitions","SFX_Spider_Death","SoundEvents/SFX/NPC/Beasts/Spider/SFX_Spider_Death","Server/Audio/SoundEvents/SFX/NPC/Beasts/Spider/SFX_Spider_Death.json","1311","86E7FB3EEFD0AFFCF67EE7BD6D3526CB551C325C0733D3BFFD065A120601537D"
"sound-definitions","SFX_Spider_Run","SoundEvents/SFX/NPC/Beasts/Spider/SFX_Spider_Run","Server/Audio/SoundEvents/SFX/NPC/Beasts/Spider/SFX_Spider_Run.json","851","9A124055BD0737640A764852B2957D557172DEBC6E5E28E15B4CB84B4CF8850D"
"sound-definitions","SFX_Spirit_Root_Alerted","SoundEvents/SFX/NPC/Beasts/Spirit_Root/SFX_Spirit_Root_Alerted","Server/Audio/SoundEvents/SFX/NPC/Beasts/Spirit_Root/SFX_Spirit_Root_Alerted.json","612","62CCB2A78011984681FD3856D4192F5D33BAF5035DA4E508202F1C819643292E"
"sound-definitions","SFX_Spirit_Root_Death_01","SoundEvents/SFX/NPC/Beasts/Spirit_Root/SFX_Spirit_Root_Death_01","Server/Audio/SoundEvents/SFX/NPC/Beasts/Spirit_Root/SFX_Spirit_Root_Death_01.json","608","99ECBC9CA0A694D8F9D5C1480CED17E1CB43E94FCD8255ECE94814E3A49A3E75"
"sound-definitions","SFX_Spirit_Root_Death_02","SoundEvents/SFX/NPC/Beasts/Spirit_Root/SFX_Spirit_Root_Death_02","Server/Audio/SoundEvents/SFX/NPC/Beasts/Spirit_Root/SFX_Spirit_Root_Death_02.json","614","3F0C7304E207A0CC9F109717EDEFC20F951FDE062B277FC12940D51AC1236BD1"
"sound-definitions","SFX_Spirit_Root_Hurt","SoundEvents/SFX/NPC/Beasts/Spirit_Root/SFX_Spirit_Root_Hurt","Server/Audio/SoundEvents/SFX/NPC/Beasts/Spirit_Root/SFX_Spirit_Root_Hurt.json","670","7CA9A9670AF0F39EAA4CE396E0CA4AB9B295089BD4194AD15B3D6F79FA3AABA1"
"sound-definitions","SFX_Spirit_Root_Spawn","SoundEvents/SFX/NPC/Beasts/Spirit_Root/SFX_Spirit_Root_Spawn","Server/Audio/SoundEvents/SFX/NPC/Beasts/Spirit_Root/SFX_Spirit_Root_Spawn.json","632","2C12617749EEF864921011780194B7825530A91B657C941EB505AD350523CFF7"
"sound-definitions","SFX_Squirrel_Alerted","SoundEvents/SFX/NPC/Beasts/Squirrel/SFX_Squirrel_Alerted","Server/Audio/SoundEvents/SFX/NPC/Beasts/Squirrel/SFX_Squirrel_Alerted.json","617","2085820EEAF69C428AF98861261E7CBB50851B3969285C5297BDC18FACADC429"
"sound-definitions","SFX_Squirrel_Death","SoundEvents/SFX/NPC/Beasts/Squirrel/SFX_Squirrel_Death","Server/Audio/SoundEvents/SFX/NPC/Beasts/Squirrel/SFX_Squirrel_Death.json","586","BCAC99A5DC8048B675AD42C520A05A95CA3D0A5619ED45FF45A5AC8177DEA5C7"
"sound-definitions","SFX_Squirrel_Hurt","SoundEvents/SFX/NPC/Beasts/Squirrel/SFX_Squirrel_Hurt","Server/Audio/SoundEvents/SFX/NPC/Beasts/Squirrel/SFX_Squirrel_Hurt.json","510","24E01D85247DAE23668F103645FFAB0CC1BF09A8E58CD6E54C63458B68F57773"
"sound-definitions","SFX_Squirrel_Run","SoundEvents/SFX/NPC/Beasts/Squirrel/SFX_Squirrel_Run","Server/Audio/SoundEvents/SFX/NPC/Beasts/Squirrel/SFX_Squirrel_Run.json","663","2591E6F3A8BB2731B8E7312E21554457A48DF9DCDCD0C241876434A17AA0BB1E"
"sound-definitions","SFX_Tiger_Sabertooth_Alerted","SoundEvents/SFX/NPC/Beasts/Tiger_Sabertooth/SFX_Tiger_Sabertooth_Alerted","Server/Audio/SoundEvents/SFX/NPC/Beasts/Tiger_Sabertooth/SFX_Tiger_Sabertooth_Alerted.json","876","208B1546E19D4F31E7AB1102C363C365F991F8927D4A1FC0FAB33D2F36449092"
"sound-definitions","SFX_Tiger_Sabertooth_Death","SoundEvents/SFX/NPC/Beasts/Tiger_Sabertooth/SFX_Tiger_Sabertooth_Death","Server/Audio/SoundEvents/SFX/NPC/Beasts/Tiger_Sabertooth/SFX_Tiger_Sabertooth_Death.json","790","9BF2C8D7EB650E5B4D8F8C254069263A8DA7A9812CA38B958B5256B8CDD9A72B"
"sound-definitions","SFX_Tiger_Sabertooth_Hurt","SoundEvents/SFX/NPC/Beasts/Tiger_Sabertooth/SFX_Tiger_Sabertooth_Hurt","Server/Audio/SoundEvents/SFX/NPC/Beasts/Tiger_Sabertooth/SFX_Tiger_Sabertooth_Hurt.json","879","9E474571B71A5137393D00814AA0C34884FB608773511A4B2A166FA1E6408662"
"sound-definitions","SFX_Tiger_Sabertooth_Run","SoundEvents/SFX/NPC/Beasts/Tiger_Sabertooth/SFX_Tiger_Sabertooth_Run","Server/Audio/SoundEvents/SFX/NPC/Beasts/Tiger_Sabertooth/SFX_Tiger_Sabertooth_Run.json","784","7A10C869B67D49B935817773B500CFCABBFDA50C73DF11FC1D72527D1B5D1611"
"sound-definitions","SFX_Toad_Rhino_Magma_Alerted","SoundEvents/SFX/NPC/Beasts/Toad_Rhino_Magma/SFX_Toad_Rhino_Magma_Alerted","Server/Audio/SoundEvents/SFX/NPC/Beasts/Toad_Rhino_Magma/SFX_Toad_Rhino_Magma_Alerted.json","674","48A641B73332A436B903F12B7C73610A3856B73B755A57ED68D0180E74892B07"
"sound-definitions","SFX_Toad_Rhino_Magma_Death","SoundEvents/SFX/NPC/Beasts/Toad_Rhino_Magma/SFX_Toad_Rhino_Magma_Death","Server/Audio/SoundEvents/SFX/NPC/Beasts/Toad_Rhino_Magma/SFX_Toad_Rhino_Magma_Death.json","608","3D1CA5BB4B62B99DABED8D199F098BB7C9A73097955B02F9635F36DD480B48D4"
"sound-definitions","SFX_Toad_Rhino_Magma_Hurt","SoundEvents/SFX/NPC/Beasts/Toad_Rhino_Magma/SFX_Toad_Rhino_Magma_Hurt","Server/Audio/SoundEvents/SFX/NPC/Beasts/Toad_Rhino_Magma/SFX_Toad_Rhino_Magma_Hurt.json","690","194B0B1E7A0BC9E39E2BE5E72B6608EB76AAA2192599A419BC117633AD477A77"
"sound-definitions","SFX_Toad_Rhino_Magma_Run","SoundEvents/SFX/NPC/Beasts/Toad_Rhino_Magma/SFX_Toad_Rhino_Magma_Run","Server/Audio/SoundEvents/SFX/NPC/Beasts/Toad_Rhino_Magma/SFX_Toad_Rhino_Magma_Run.json","680","10BB92A473E4E069C8615EA2360A227661229F95BCF4E5907566F63CD9FCCF7D"
"sound-definitions","SFX_Toad_Rhino_Magma_Tongue_Impact","SoundEvents/SFX/NPC/Beasts/Toad_Rhino_Magma/SFX_Toad_Rhino_Magma_Tongue_Impact","Server/Audio/SoundEvents/SFX/NPC/Beasts/Toad_Rhino_Magma/SFX_Toad_Rhino_Magma_Tongue_Impact.json","643","54DC630CBBB9043FEA62A9BDCEFD5DD7BF295B225FF4EF5575803743BE0EEE2F"
"sound-definitions","SFX_Toad_Rhino_Magma_Tongue_Whoosh","SoundEvents/SFX/NPC/Beasts/Toad_Rhino_Magma/SFX_Toad_Rhino_Magma_Tongue_Whoosh","Server/Audio/SoundEvents/SFX/NPC/Beasts/Toad_Rhino_Magma/SFX_Toad_Rhino_Magma_Tongue_Whoosh.json","1191","DDEDA0063B5E28EAB5EF2C039FB9FA18C0175AAD974E6A598B4FB2379242E9C9"
"sound-definitions","SFX_Toad_Rhino_Alerted","SoundEvents/SFX/NPC/Beasts/Toad_Rhino/SFX_Toad_Rhino_Alerted","Server/Audio/SoundEvents/SFX/NPC/Beasts/Toad_Rhino/SFX_Toad_Rhino_Alerted.json","632","8C6F021406A22B2FADF1C6AD8E910CA9B3B9EC0E7D13968733F43049713CD55A"
"sound-definitions","SFX_Toad_Rhino_Death","SoundEvents/SFX/NPC/Beasts/Toad_Rhino/SFX_Toad_Rhino_Death","Server/Audio/SoundEvents/SFX/NPC/Beasts/Toad_Rhino/SFX_Toad_Rhino_Death.json","566","DDA6987884B0D3CBAD530F71D2A5C60ECEF3200B6469B01C8D259ADDE79138FD"
"sound-definitions","SFX_Toad_Rhino_Hurt","SoundEvents/SFX/NPC/Beasts/Toad_Rhino/SFX_Toad_Rhino_Hurt","Server/Audio/SoundEvents/SFX/NPC/Beasts/Toad_Rhino/SFX_Toad_Rhino_Hurt.json","643","4B84A216DA1396E28B757F4995FFD32071EFE8B3C752D89ADD8AA167E76837F8"
"sound-definitions","SFX_Toad_Rhino_Run","SoundEvents/SFX/NPC/Beasts/Toad_Rhino/SFX_Toad_Rhino_Run","Server/Audio/SoundEvents/SFX/NPC/Beasts/Toad_Rhino/SFX_Toad_Rhino_Run.json","638","FCB96CD13FC6C2F6A9DDFA67A24C6DFC8B4B3B6383A2F4D60C276EE039590C1A"
"sound-definitions","SFX_Toad_Rhino_Tongue_Impact","SoundEvents/SFX/NPC/Beasts/Toad_Rhino/SFX_Toad_Rhino_Tongue_Impact","Server/Audio/SoundEvents/SFX/NPC/Beasts/Toad_Rhino/SFX_Toad_Rhino_Tongue_Impact.json","605","35EF72BD38BFC3AA1DF791B017B1F6C26B7DB25ACBEF1CAA83A3D1A08A32A0CE"
"sound-definitions","SFX_Toad_Rhino_Tongue_Whoosh","SoundEvents/SFX/NPC/Beasts/Toad_Rhino/SFX_Toad_Rhino_Tongue_Whoosh","Server/Audio/SoundEvents/SFX/NPC/Beasts/Toad_Rhino/SFX_Toad_Rhino_Tongue_Whoosh.json","1113","A9C4184CF21910CC128873253044C9ABBF8117B3F628D936E576ACCA15E02280"
"sound-definitions","SFX_Wolf_Alerted","SoundEvents/SFX/NPC/Beasts/Wolf/SFX_Wolf_Alerted","Server/Audio/SoundEvents/SFX/NPC/Beasts/Wolf/SFX_Wolf_Alerted.json","591","846688D95E2A3B08BBAA9A41FFA2CD34EFC52C44049C2D8FE9564E741CDEE14A"
"sound-definitions","SFX_Wolf_Death","SoundEvents/SFX/NPC/Beasts/Wolf/SFX_Wolf_Death","Server/Audio/SoundEvents/SFX/NPC/Beasts/Wolf/SFX_Wolf_Death.json","584","91AFF4C104B66316E7BD6FE9A10A329C2B6A4468884285700260FF7C2F8AFAE1"
"sound-definitions","SFX_Wolf_Hurt","SoundEvents/SFX/NPC/Beasts/Wolf/SFX_Wolf_Hurt","Server/Audio/SoundEvents/SFX/NPC/Beasts/Wolf/SFX_Wolf_Hurt.json","721","1276E9DAFD59F6E919030D8FC4AAA9398EF043C746145790A425E9149A779611"
"sound-definitions","SFX_Wolf_Run","SoundEvents/SFX/NPC/Beasts/Wolf/SFX_Wolf_Run","Server/Audio/SoundEvents/SFX/NPC/Beasts/Wolf/SFX_Wolf_Run.json","1158","3BDCC8CF2656DF4000BD94E642CA6A10849F7ECB89338FEE644EC96526E7A7BC"
"sound-definitions","SFX_Wolf_Sleep","SoundEvents/SFX/NPC/Beasts/Wolf/SFX_Wolf_Sleep","Server/Audio/SoundEvents/SFX/NPC/Beasts/Wolf/SFX_Wolf_Sleep.json","510","54C0961C2A0C4015C96DAE7D6506984D5C9DE3481C8A98BC7ACC15EE24C37BEC"
"sound-definitions","SFX_Yeti_Alerted","SoundEvents/SFX/NPC/Beasts/Yeti/SFX_Yeti_Alerted","Server/Audio/SoundEvents/SFX/NPC/Beasts/Yeti/SFX_Yeti_Alerted.json","1140","52C5AA5EF7D574AADB3EA194D57D6FD8DEAAC2F24AB9C8076D920C3977669DF7"
"sound-definitions","SFX_Crow_Death","SoundEvents/SFX/NPC/Birds/Crow/SFX_Crow_Death","Server/Audio/SoundEvents/SFX/NPC/Birds/Crow/SFX_Crow_Death.json","579","AE39C2FCFED17947CF82E40A5BEA339D371CE07B91E153F0AD2E6C32B949F795"
"sound-definitions","SFX_Crow_Hurt","SoundEvents/SFX/NPC/Birds/Crow/SFX_Crow_Hurt","Server/Audio/SoundEvents/SFX/NPC/Birds/Crow/SFX_Crow_Hurt.json","676","6CAE6322634225FE180AE13DDA09A33B17138A8D49D202556F62A6A2F61E95E5"
"sound-definitions","SFX_Duck_Alerted","SoundEvents/SFX/NPC/Birds/Duck/SFX_Duck_Alerted","Server/Audio/SoundEvents/SFX/NPC/Birds/Duck/SFX_Duck_Alerted.json","459","AFA5641106940EB07960B7A5A0D68100AB2C755F7648C6F63EFD7C9CCAB248B6"
"sound-definitions","SFX_Duck_Death","SoundEvents/SFX/NPC/Birds/Duck/SFX_Duck_Death","Server/Audio/SoundEvents/SFX/NPC/Birds/Duck/SFX_Duck_Death.json","429","8613084D25728B600130DFE9AF98E92F97EAC8BADE110701E8B57B2A089E39FC"
"sound-definitions","SFX_Duck_Hurt","SoundEvents/SFX/NPC/Birds/Duck/SFX_Duck_Hurt","Server/Audio/SoundEvents/SFX/NPC/Birds/Duck/SFX_Duck_Hurt.json","510","2D076BFCA5CD1F9ECD43B2996271611F3029D709765ECE93B08F7444BF20F91E"
"sound-definitions","SFX_Duck_Run","SoundEvents/SFX/NPC/Birds/Duck/SFX_Duck_Run","Server/Audio/SoundEvents/SFX/NPC/Birds/Duck/SFX_Duck_Run.json","519","A5F5CCB27B05A420CAAF5859980C1523782150960B0298CEF0BC49C89BD1506C"
"sound-definitions","SFX_Flamingo_Alerted","SoundEvents/SFX/NPC/Birds/Flamingo/SFX_Flamingo_Alerted","Server/Audio/SoundEvents/SFX/NPC/Birds/Flamingo/SFX_Flamingo_Alerted.json","620","5DD65D95BC4869A96F3B93437FB7E0D8A73596EFFFC789A64FA58EA8026A33F0"
"sound-definitions","SFX_Flamingo_Death","SoundEvents/SFX/NPC/Birds/Flamingo/SFX_Flamingo_Death","Server/Audio/SoundEvents/SFX/NPC/Birds/Flamingo/SFX_Flamingo_Death.json","553","4237B87238FD6FCC8E2520125510A0D5C6719BA2FB9B8C144E008CF4B13FA495"
"sound-definitions","SFX_Flamingo_Fly","SoundEvents/SFX/NPC/Birds/Flamingo/SFX_Flamingo_Fly","Server/Audio/SoundEvents/SFX/NPC/Birds/Flamingo/SFX_Flamingo_Fly.json","477","13B0C462A499E93FD22D22C9A2734AB2B92A309A78C97270441C271A10E1C948"
"sound-definitions","SFX_Flamingo_Hurt","SoundEvents/SFX/NPC/Birds/Flamingo/SFX_Flamingo_Hurt","Server/Audio/SoundEvents/SFX/NPC/Birds/Flamingo/SFX_Flamingo_Hurt.json","677","8324AB31FC899EF18701BBBD17620D5E35D600DFC79AA78FDDEEBC42DEEF95A1"
"sound-definitions","SFX_Owl_Alerted","SoundEvents/SFX/NPC/Birds/Owl/SFX_Owl_Alerted","Server/Audio/SoundEvents/SFX/NPC/Birds/Owl/SFX_Owl_Alerted.json","600","B344771E33D7D3D76F4B7B32689DE05A71FF1398FE76AC4AC8EDB0BD7304799F"
"sound-definitions","SFX_Owl_Death","SoundEvents/SFX/NPC/Birds/Owl/SFX_Owl_Death","Server/Audio/SoundEvents/SFX/NPC/Birds/Owl/SFX_Owl_Death.json","581","BE7D5D3BF55AFB686ECE7ED43A381E7A2F8C1671FF562C15E151E4B77C42E5F6"
"sound-definitions","SFX_Owl_Hurt","SoundEvents/SFX/NPC/Birds/Owl/SFX_Owl_Hurt","Server/Audio/SoundEvents/SFX/NPC/Birds/Owl/SFX_Owl_Hurt.json","662","798D397EB951EF9510C56EF884E144CD5D9DB6EC482F48B23E9D6FF16E81F81A"
"sound-definitions","SFX_Pigeon_Death","SoundEvents/SFX/NPC/Birds/Pigeon/SFX_Pigeon_Death","Server/Audio/SoundEvents/SFX/NPC/Birds/Pigeon/SFX_Pigeon_Death.json","450","DFA1484D804124F9E27744C3321EBAA52BE87A62A62BDEEB97910C76CECCE3EA"
"sound-definitions","SFX_Pigeon_Hurt","SoundEvents/SFX/NPC/Birds/Pigeon/SFX_Pigeon_Hurt","Server/Audio/SoundEvents/SFX/NPC/Birds/Pigeon/SFX_Pigeon_Hurt.json","550","35EE628F929B8615648A2459CBB648760BF1B50AB6FF666F4313D4218DE5CAC3"
"sound-definitions","SFX_Raven_Alerted","SoundEvents/SFX/NPC/Birds/Raven/SFX_Raven_Alerted","Server/Audio/SoundEvents/SFX/NPC/Birds/Raven/SFX_Raven_Alerted.json","697","EFE7462DCCF9273805ACA1B2E0B9EF6B2E4E504B66FCF0A77366B594E9C1FD99"
"sound-definitions","SFX_Raven_Death","SoundEvents/SFX/NPC/Birds/Raven/SFX_Raven_Death","Server/Audio/SoundEvents/SFX/NPC/Birds/Raven/SFX_Raven_Death.json","551","2B83A5E0AD4D0275938658E68C036A861ECE9B1A6AFDBEA432EEBBA5361997C3"
"sound-definitions","SFX_Raven_Flee","SoundEvents/SFX/NPC/Birds/Raven/SFX_Raven_Flee","Server/Audio/SoundEvents/SFX/NPC/Birds/Raven/SFX_Raven_Flee.json","947","9D113354FFCD8110CCA61A720C8F0A9D9D3C0CE66C7348296EC7ECB1A7C975E8"
"sound-definitions","SFX_Raven_Hurt","SoundEvents/SFX/NPC/Birds/Raven/SFX_Raven_Hurt","Server/Audio/SoundEvents/SFX/NPC/Birds/Raven/SFX_Raven_Hurt.json","932","63BE073BC6E799A68C90013E93E7E74349F2FC22E5FF3B22CCED0959AAF6B9A1"
"sound-definitions","SFX_Sparrow_Alerted","SoundEvents/SFX/NPC/Birds/Sparrow/SFX_Sparrow_Alerted","Server/Audio/SoundEvents/SFX/NPC/Birds/Sparrow/SFX_Sparrow_Alerted.json","589","AA6F9CE6B10101D727B57369070EBD58CC6EE675633CA91A333F55F7066089D3"
"sound-definitions","SFX_Sparrow_Death","SoundEvents/SFX/NPC/Birds/Sparrow/SFX_Sparrow_Death","Server/Audio/SoundEvents/SFX/NPC/Birds/Sparrow/SFX_Sparrow_Death.json","549","C196E4AAF01B9DD1511205FDA4BF0CE865C876209F2860C06F5E4613CF5BF0D3"
"sound-definitions","SFX_Sparrow_Hurt","SoundEvents/SFX/NPC/Birds/Sparrow/SFX_Sparrow_Hurt","Server/Audio/SoundEvents/SFX/NPC/Birds/Sparrow/SFX_Sparrow_Hurt.json","624","E026B34A4967DCA336B75C223D4AEF13057D36AB5442CFB8D5D281388B65B7FA"
"sound-definitions","SFX_Sparrow_Idle","SoundEvents/SFX/NPC/Birds/Sparrow/SFX_Sparrow_Idle","Server/Audio/SoundEvents/SFX/NPC/Birds/Sparrow/SFX_Sparrow_Idle.json","662","7AECD42BAD2CA8F31727D1C901BC068FDA01ABAA014DB509DCC788F49275E922"
"sound-definitions","SFX_Tetrabird_Alerted","SoundEvents/SFX/NPC/Birds/Tetrabird/SFX_Tetrabird_Alerted","Server/Audio/SoundEvents/SFX/NPC/Birds/Tetrabird/SFX_Tetrabird_Alerted.json","635","79944E90DA6389ABFACC07B21C3CFA9DCE41DF8944C198EADA9FC3F7CB6F6384"
"sound-definitions","SFX_Tetrabird_Death","SoundEvents/SFX/NPC/Birds/Tetrabird/SFX_Tetrabird_Death","Server/Audio/SoundEvents/SFX/NPC/Birds/Tetrabird/SFX_Tetrabird_Death.json","564","7B19EBEB069ECCC2F6992542EFDCD52370A8AB993490357EBA12A62072714189"
"sound-definitions","SFX_Tetrabird_Flee","SoundEvents/SFX/NPC/Birds/Tetrabird/SFX_Tetrabird_Flee","Server/Audio/SoundEvents/SFX/NPC/Birds/Tetrabird/SFX_Tetrabird_Flee.json","613","E334CC2467FB439E0470B0715E1CB1648A935F4B7A1C7B8AEEB9E704C1036345"
"sound-definitions","SFX_Tetrabird_Hurt","SoundEvents/SFX/NPC/Birds/Tetrabird/SFX_Tetrabird_Hurt","Server/Audio/SoundEvents/SFX/NPC/Birds/Tetrabird/SFX_Tetrabird_Hurt.json","673","8ECEEE73F6B0E69B3ECF864E94B64C282AA1F3A964882EFA0B9F7287394C17C0"
"sound-definitions","SFX_Tetrabird_Run","SoundEvents/SFX/NPC/Birds/Tetrabird/SFX_Tetrabird_Run","Server/Audio/SoundEvents/SFX/NPC/Birds/Tetrabird/SFX_Tetrabird_Run.json","641","15A9ED9548237A7E43439379DB2F34C879A97ED1595CB9F89FF9B65F1BD6708D"
"sound-definitions","SFX_Vulture_Alerted","SoundEvents/SFX/NPC/Birds/Vulture/SFX_Vulture_Alerted","Server/Audio/SoundEvents/SFX/NPC/Birds/Vulture/SFX_Vulture_Alerted.json","524","AC5698DB62BDD5736867C813B234AA48C66C8AD3FBFB7A261B0857AA1FDE002C"
"sound-definitions","SFX_Vulture_Death","SoundEvents/SFX/NPC/Birds/Vulture/SFX_Vulture_Death","Server/Audio/SoundEvents/SFX/NPC/Birds/Vulture/SFX_Vulture_Death.json","635","A9F4823314E12B3D72F094E683B9292CD509CC49D5B3786E02086DF465E8D377"
"sound-definitions","SFX_Vulture_Flee","SoundEvents/SFX/NPC/Birds/Vulture/SFX_Vulture_Flee","Server/Audio/SoundEvents/SFX/NPC/Birds/Vulture/SFX_Vulture_Flee.json","711","959409FE10B2441235D6B5F7CD4A9B873C7EAC648F0847D26A29E852B1C12424"
"sound-definitions","SFX_Vulture_Hurt","SoundEvents/SFX/NPC/Birds/Vulture/SFX_Vulture_Hurt","Server/Audio/SoundEvents/SFX/NPC/Birds/Vulture/SFX_Vulture_Hurt.json","630","973D954D355ED670EC9718C108E49FBA93F1176558ABCE3ED5D595DA62BF1492"
"sound-definitions","SFX_Woodpecker_Death","SoundEvents/SFX/NPC/Birds/Woodpecker/SFX_Woodpecker_Death","Server/Audio/SoundEvents/SFX/NPC/Birds/Woodpecker/SFX_Woodpecker_Death.json","533","983850C518E6E699DE2336B551D19086B6B72CF7A3A223F7304195467F8BD589"
"sound-definitions","SFX_Woodpecker_Hurt","SoundEvents/SFX/NPC/Birds/Woodpecker/SFX_Woodpecker_Hurt","Server/Audio/SoundEvents/SFX/NPC/Birds/Woodpecker/SFX_Woodpecker_Hurt.json","640","35D9D0C710F6E3C2561ED826234ECCAA5D00F1554E5F6B36F6832E940D096846"
"sound-definitions","SFX_Feran_Death","SoundEvents/SFX/NPC/Intelligent/Feran/SFX_Feran_Death","Server/Audio/SoundEvents/SFX/NPC/Intelligent/Feran/SFX_Feran_Death.json","520","213BAFF1A534B46E3C67F5A010EDB0FA571285A073995D6AC77F92821FCE8360"
"sound-definitions","SFX_Goblin_Burner_VO_Alerted","SoundEvents/SFX/NPC/Intelligent/Goblin/Goblin_Burner/SFX_Goblin_Burner_VO_Alerted","Server/Audio/SoundEvents/SFX/NPC/Intelligent/Goblin/Goblin_Burner/SFX_Goblin_Burner_VO_Alerted.json","2550","D1835BFBDF3EEC3E9241C47325768F3426D202F13FBAC6FBB225108FC0595FBA"
"sound-definitions","SFX_Goblin_Burner_VO_Attack","SoundEvents/SFX/NPC/Intelligent/Goblin/Goblin_Burner/SFX_Goblin_Burner_VO_Attack","Server/Audio/SoundEvents/SFX/NPC/Intelligent/Goblin/Goblin_Burner/SFX_Goblin_Burner_VO_Attack.json","929","6BC6AACB19DC1198353796352F2867AF1BDADCAEFEABF1C577B96CBDE76770B7"
"sound-definitions","SFX_Goblin_Burner_VO_Death","SoundEvents/SFX/NPC/Intelligent/Goblin/Goblin_Burner/SFX_Goblin_Burner_VO_Death","Server/Audio/SoundEvents/SFX/NPC/Intelligent/Goblin/Goblin_Burner/SFX_Goblin_Burner_VO_Death.json","1089","35C5C618329FF5F876DE5C9C955D046B3799171B38209715932FCBFD58310B9E"
"sound-definitions","SFX_Goblin_Burner_VO_Heavy_Breathing_Loop","SoundEvents/SFX/NPC/Intelligent/Goblin/Goblin_Burner/SFX_Goblin_Burner_VO_Heavy_Breathing_Loop","Server/Audio/SoundEvents/SFX/NPC/Intelligent/Goblin/Goblin_Burner/SFX_Goblin_Burner_VO_Heavy_Breathing_Loop.json","1032","0DD752F9C8C3B4F4BF39F50E3703FF34DAA61C011456B87B1719F6C0C88F1D1F"
"sound-definitions","SFX_Goblin_Burner_VO_Hurt","SoundEvents/SFX/NPC/Intelligent/Goblin/Goblin_Burner/SFX_Goblin_Burner_VO_Hurt","Server/Audio/SoundEvents/SFX/NPC/Intelligent/Goblin/Goblin_Burner/SFX_Goblin_Burner_VO_Hurt.json","1490","61CE5BCCE9687E379932684ED2FB10BF9FFE3999ECE87241F8764D08A137C343"
"sound-definitions","SFX_Goblin_Burner_VO_Idle_Burning_Love","SoundEvents/SFX/NPC/Intelligent/Goblin/Goblin_Burner/SFX_Goblin_Burner_VO_Idle_Burning_Love","Server/Audio/SoundEvents/SFX/NPC/Intelligent/Goblin/Goblin_Burner/SFX_Goblin_Burner_VO_Idle_Burning_Love.json","1182","5A3C077D5F70F2F78185C4404B6B7561490C83CEB15EA59C344BAEC1368A4C34"
"sound-definitions","SFX_Goblin_Burner_VO_Idle_Interact","SoundEvents/SFX/NPC/Intelligent/Goblin/Goblin_Burner/SFX_Goblin_Burner_VO_Idle_Interact","Server/Audio/SoundEvents/SFX/NPC/Intelligent/Goblin/Goblin_Burner/SFX_Goblin_Burner_VO_Idle_Interact.json","3880","E207DFC38D9D9782527673E0E9BD017F0A6B1D7F8F6AAF4307099942D7B106E7"
"sound-definitions","SFX_Goblin_Burner_VO_Idle_Kick_Ground","SoundEvents/SFX/NPC/Intelligent/Goblin/Goblin_Burner/SFX_Goblin_Burner_VO_Idle_Kick_Ground","Server/Audio/SoundEvents/SFX/NPC/Intelligent/Goblin/Goblin_Burner/SFX_Goblin_Burner_VO_Idle_Kick_Ground.json","2117","CE53038B535C4D19B7E20569CDB26E68A212CD7A876B4A46724217AA249B53E7"
"sound-definitions","SFX_Goblin_Burner_VO_Idle_Manic","SoundEvents/SFX/NPC/Intelligent/Goblin/Goblin_Burner/SFX_Goblin_Burner_VO_Idle_Manic","Server/Audio/SoundEvents/SFX/NPC/Intelligent/Goblin/Goblin_Burner/SFX_Goblin_Burner_VO_Idle_Manic.json","1654","09D93FC49A30FF9C044D8152DFA7322603515746E0565C7A628F103DC8ACB33E"
"sound-definitions","SFX_Goblin_Burner_VO_Idle_Singing","SoundEvents/SFX/NPC/Intelligent/Goblin/Goblin_Burner/SFX_Goblin_Burner_VO_Idle_Singing","Server/Audio/SoundEvents/SFX/NPC/Intelligent/Goblin/Goblin_Burner/SFX_Goblin_Burner_VO_Idle_Singing.json","1772","6E165EC8EB5098B3F4E386B1A470DB6D260381A9BABF29A5F17DC00449F2EE6C"
"sound-definitions","SFX_Goblin_Burner_VO_Idle_Yawn","SoundEvents/SFX/NPC/Intelligent/Goblin/Goblin_Burner/SFX_Goblin_Burner_VO_Idle_Yawn","Server/Audio/SoundEvents/SFX/NPC/Intelligent/Goblin/Goblin_Burner/SFX_Goblin_Burner_VO_Idle_Yawn.json","1814","D2C67589A3F229C38C983B2597799832066170861BDD1AC28ECB9730C1F44217"
"sound-definitions","SFX_Goblin_Burner_VO_Intrigued","SoundEvents/SFX/NPC/Intelligent/Goblin/Goblin_Burner/SFX_Goblin_Burner_VO_Intrigued","Server/Audio/SoundEvents/SFX/NPC/Intelligent/Goblin/Goblin_Burner/SFX_Goblin_Burner_VO_Intrigued.json","1208","58053A9854780464F5BA068A9DE7BE35A0949D05CD011F3291E340101120DF60"
"sound-definitions","SFX_Goblin_Burner_VO_Laugh_Cackle_Howl","SoundEvents/SFX/NPC/Intelligent/Goblin/Goblin_Burner/SFX_Goblin_Burner_VO_Laugh_Cackle_Howl","Server/Audio/SoundEvents/SFX/NPC/Intelligent/Goblin/Goblin_Burner/SFX_Goblin_Burner_VO_Laugh_Cackle_Howl.json","2785","A251D44E23B34FFD93706AA65578E529DD7BC98DAD64451524EE262B6FEC8145"
"sound-definitions","SFX_Goblin_Burner_VO_Rally","SoundEvents/SFX/NPC/Intelligent/Goblin/Goblin_Burner/SFX_Goblin_Burner_VO_Rally","Server/Audio/SoundEvents/SFX/NPC/Intelligent/Goblin/Goblin_Burner/SFX_Goblin_Burner_VO_Rally.json","1255","1F9AE18E9ECF0CAA4C7F4D627AB270E60BA1A8097AE60D29DE827B448CB142C4"
"sound-definitions","SFX_Goblin_Burner_VO_Scared","SoundEvents/SFX/NPC/Intelligent/Goblin/Goblin_Burner/SFX_Goblin_Burner_VO_Scared","Server/Audio/SoundEvents/SFX/NPC/Intelligent/Goblin/Goblin_Burner/SFX_Goblin_Burner_VO_Scared.json","1013","F4234D51CC5FD013F24779D15B0E147A60F7054F05150A273FD707B0EF2FB472"
"sound-definitions","SFX_Goblin_Burner_VO_Scold","SoundEvents/SFX/NPC/Intelligent/Goblin/Goblin_Burner/SFX_Goblin_Burner_VO_Scold","Server/Audio/SoundEvents/SFX/NPC/Intelligent/Goblin/Goblin_Burner/SFX_Goblin_Burner_VO_Scold.json","1006","2520505F8D29E3924C061842C8DA75B268146ED35D3811C3FD9A787DBADD2417"
"sound-definitions","SFX_Goblin_Burner_VO_Search_Confused","SoundEvents/SFX/NPC/Intelligent/Goblin/Goblin_Burner/SFX_Goblin_Burner_VO_Search_Confused","Server/Audio/SoundEvents/SFX/NPC/Intelligent/Goblin/Goblin_Burner/SFX_Goblin_Burner_VO_Search_Confused.json","1169","9728E036CCFE292586E19E194E9EF46184FCD6EA568B41A4AC0872EC5044FF2C"
"sound-definitions","SFX_Goblin_Burner_VO_Taunt","SoundEvents/SFX/NPC/Intelligent/Goblin/Goblin_Burner/SFX_Goblin_Burner_VO_Taunt","Server/Audio/SoundEvents/SFX/NPC/Intelligent/Goblin/Goblin_Burner/SFX_Goblin_Burner_VO_Taunt.json","1421","2D554B93C9EE3EC16C27B617C9E32897FA122AFCE0B77EDE7CD963373A9F1A3E"
"sound-definitions","SFX_Goblin_Feastmaster_Clap","SoundEvents/SFX/NPC/Intelligent/Goblin/Goblin_Feastmaster/SFX_Goblin_Feastmaster_Clap","Server/Audio/SoundEvents/SFX/NPC/Intelligent/Goblin/Goblin_Feastmaster/SFX_Goblin_Feastmaster_Clap.json","770","E36EEE395E6506E61640E65491AF8C91B62DBA8208D26998482E3E19CBE0D499"
"sound-definitions","SFX_Goblin_Feastmaster_Minion_PickUp","SoundEvents/SFX/NPC/Intelligent/Goblin/Goblin_Feastmaster/SFX_Goblin_Feastmaster_Minion_PickUp","Server/Audio/SoundEvents/SFX/NPC/Intelligent/Goblin/Goblin_Feastmaster/SFX_Goblin_Feastmaster_Minion_PickUp.json","784","1954432B476BD87AD196A085033641A52ACD7EB8B80510F49379D84DC7333943"
"sound-definitions","SFX_Goblin_Feastmaster_Run","SoundEvents/SFX/NPC/Intelligent/Goblin/Goblin_Feastmaster/SFX_Goblin_Feastmaster_Run","Server/Audio/SoundEvents/SFX/NPC/Intelligent/Goblin/Goblin_Feastmaster/SFX_Goblin_Feastmaster_Run.json","495","E7F2ACDA1C41F16A0A20E2CE1D7E254442A1ECE129B8DE566868D29BEE93D934"
"sound-definitions","SFX_Goblin_Feastmaster_Slam","SoundEvents/SFX/NPC/Intelligent/Goblin/Goblin_Feastmaster/SFX_Goblin_Feastmaster_Slam","Server/Audio/SoundEvents/SFX/NPC/Intelligent/Goblin/Goblin_Feastmaster/SFX_Goblin_Feastmaster_Slam.json","748","EC7D4F954D297A82230A658AAF047A4618D174EC325D6B53FE7B2E0B73BE3FAF"
"sound-definitions","SFX_Goblin_Feastmaster_Slam_Whoosh","SoundEvents/SFX/NPC/Intelligent/Goblin/Goblin_Feastmaster/SFX_Goblin_Feastmaster_Slam_Whoosh","Server/Audio/SoundEvents/SFX/NPC/Intelligent/Goblin/Goblin_Feastmaster/SFX_Goblin_Feastmaster_Slam_Whoosh.json","824","69B0226F2169E047602BFF495643F32F30A82D51AFBDF11D3EE3F8A18EC17946"
"sound-definitions","SFX_Goblin_Feastmaster_Stampede_Loop","SoundEvents/SFX/NPC/Intelligent/Goblin/Goblin_Feastmaster/SFX_Goblin_Feastmaster_Stampede_Loop","Server/Audio/SoundEvents/SFX/NPC/Intelligent/Goblin/Goblin_Feastmaster/SFX_Goblin_Feastmaster_Stampede_Loop.json","1869","82A1E992836AD7D69A3FF503859CFCEC0C8657D36978FE66E51E2593B8F5611C"
"sound-definitions","SFX_Goblin_Feastmaster_VO_Alerted","SoundEvents/SFX/NPC/Intelligent/Goblin/Goblin_Feastmaster/SFX_Goblin_Feastmaster_VO_Alerted","Server/Audio/SoundEvents/SFX/NPC/Intelligent/Goblin/Goblin_Feastmaster/SFX_Goblin_Feastmaster_VO_Alerted.json","1570","CA8A9E701EEDFFEC7F7960215417D416E1ED0820567565A4294F3E173D2D9770"
"sound-definitions","SFX_Goblin_Feastmaster_VO_Angry","SoundEvents/SFX/NPC/Intelligent/Goblin/Goblin_Feastmaster/SFX_Goblin_Feastmaster_VO_Angry","Server/Audio/SoundEvents/SFX/NPC/Intelligent/Goblin/Goblin_Feastmaster/SFX_Goblin_Feastmaster_VO_Angry.json","1360","6758DBBD9034B32B602FEBAD31B3818D0B4A5828D3DEC58BDBDC732FC9A92D60"
"sound-definitions","SFX_Goblin_Feastmaster_VO_Clap","SoundEvents/SFX/NPC/Intelligent/Goblin/Goblin_Feastmaster/SFX_Goblin_Feastmaster_VO_Clap","Server/Audio/SoundEvents/SFX/NPC/Intelligent/Goblin/Goblin_Feastmaster/SFX_Goblin_Feastmaster_VO_Clap.json","1152","3F429D2FD50B3E9EF4D0A961D775A536DF2EA5AE0DE89BE49DC7E0F4C059FA66"
"sound-definitions","SFX_Goblin_Feastmaster_VO_Dazed","SoundEvents/SFX/NPC/Intelligent/Goblin/Goblin_Feastmaster/SFX_Goblin_Feastmaster_VO_Dazed","Server/Audio/SoundEvents/SFX/NPC/Intelligent/Goblin/Goblin_Feastmaster/SFX_Goblin_Feastmaster_VO_Dazed.json","1081","9BA4E7B74F53997F8DAA538D97D8892B19EAF8449C5C3CE60A27F5B072666614"
"sound-definitions","SFX_Goblin_Feastmaster_VO_Death","SoundEvents/SFX/NPC/Intelligent/Goblin/Goblin_Feastmaster/SFX_Goblin_Feastmaster_VO_Death","Server/Audio/SoundEvents/SFX/NPC/Intelligent/Goblin/Goblin_Feastmaster/SFX_Goblin_Feastmaster_VO_Death.json","1546","8A1D0860A3FE065A3C529B0E914F25E29EF36DCF96FB322EEF38EA4AD58E0574"
"sound-definitions","SFX_Goblin_Feastmaster_VO_Hurt","SoundEvents/SFX/NPC/Intelligent/Goblin/Goblin_Feastmaster/SFX_Goblin_Feastmaster_VO_Hurt","Server/Audio/SoundEvents/SFX/NPC/Intelligent/Goblin/Goblin_Feastmaster/SFX_Goblin_Feastmaster_VO_Hurt.json","2361","08464515BE24E65D94820C0991BB48918F4A1F9FD234920B73E9188F00835454"
"sound-definitions","SFX_Goblin_Feastmaster_VO_Idle_Eat_Loop","SoundEvents/SFX/NPC/Intelligent/Goblin/Goblin_Feastmaster/SFX_Goblin_Feastmaster_VO_Idle_Eat_Loop","Server/Audio/SoundEvents/SFX/NPC/Intelligent/Goblin/Goblin_Feastmaster/SFX_Goblin_Feastmaster_VO_Idle_Eat_Loop.json","2090","38B704B6EF61DD031634E4AAC2EB295DA333E5CFD0CB2D0DC01C5A09F2B0D7C3"
"sound-definitions","SFX_Goblin_Feastmaster_VO_Idle_Phrases","SoundEvents/SFX/NPC/Intelligent/Goblin/Goblin_Feastmaster/SFX_Goblin_Feastmaster_VO_Idle_Phrases","Server/Audio/SoundEvents/SFX/NPC/Intelligent/Goblin/Goblin_Feastmaster/SFX_Goblin_Feastmaster_VO_Idle_Phrases.json","1827","1BB91426DCA8EFB2EAA970DFACC297A43528A8FD0C3C260A148F9D8885B8C7E7"
"sound-definitions","SFX_Goblin_Feastmaster_VO_Punch","SoundEvents/SFX/NPC/Intelligent/Goblin/Goblin_Feastmaster/SFX_Goblin_Feastmaster_VO_Punch","Server/Audio/SoundEvents/SFX/NPC/Intelligent/Goblin/Goblin_Feastmaster/SFX_Goblin_Feastmaster_VO_Punch.json","2104","ED6A3CA6027E5F7A5FAE3B8E3B1EE194F92EC41B2B2285ECC423827F34A6BCD6"
"sound-definitions","SFX_Goblin_Feastmaster_VO_Rally","SoundEvents/SFX/NPC/Intelligent/Goblin/Goblin_Feastmaster/SFX_Goblin_Feastmaster_VO_Rally","Server/Audio/SoundEvents/SFX/NPC/Intelligent/Goblin/Goblin_Feastmaster/SFX_Goblin_Feastmaster_VO_Rally.json","1174","2830CD802DF63AB1AA95EE673C3524845A704DD930AE02B32A3173299D7E2E0A"
"sound-definitions","SFX_Goblin_Feastmaster_VO_Scold","SoundEvents/SFX/NPC/Intelligent/Goblin/Goblin_Feastmaster/SFX_Goblin_Feastmaster_VO_Scold","Server/Audio/SoundEvents/SFX/NPC/Intelligent/Goblin/Goblin_Feastmaster/SFX_Goblin_Feastmaster_VO_Scold.json","988","BAFE0701A395B0C033F74B1E2816BA796C28BF8174260568D58400FC4B6E4FF4"
"sound-definitions","SFX_Goblin_Feastmaster_VO_Slam","SoundEvents/SFX/NPC/Intelligent/Goblin/Goblin_Feastmaster/SFX_Goblin_Feastmaster_VO_Slam","Server/Audio/SoundEvents/SFX/NPC/Intelligent/Goblin/Goblin_Feastmaster/SFX_Goblin_Feastmaster_VO_Slam.json","1152","DC10FA12D9B75282A4C1208A3CD9F1AB51CAA932121509AD0DAB825DEEB37EF0"
"sound-definitions","SFX_Goblin_Feastmaster_VO_Stampede_End_Crash","SoundEvents/SFX/NPC/Intelligent/Goblin/Goblin_Feastmaster/SFX_Goblin_Feastmaster_VO_Stampede_End_Crash","Server/Audio/SoundEvents/SFX/NPC/Intelligent/Goblin/Goblin_Feastmaster/SFX_Goblin_Feastmaster_VO_Stampede_End_Crash.json","2226","088DFA6AF02BA0205996595EDED5C1828423470353A52929BF4F19C2A9AC5B7D"
"sound-definitions","SFX_Goblin_Feastmaster_VO_Stampede_End_Impact","SoundEvents/SFX/NPC/Intelligent/Goblin/Goblin_Feastmaster/SFX_Goblin_Feastmaster_VO_Stampede_End_Impact","Server/Audio/SoundEvents/SFX/NPC/Intelligent/Goblin/Goblin_Feastmaster/SFX_Goblin_Feastmaster_VO_Stampede_End_Impact.json","1916","6FFADDFFA1F9B607E1A99C05A7A82B3643D02ECF9DA482E2361DF1960E9D3396"
"sound-definitions","SFX_Goblin_Feastmaster_VO_Stampede_End_Miss","SoundEvents/SFX/NPC/Intelligent/Goblin/Goblin_Feastmaster/SFX_Goblin_Feastmaster_VO_Stampede_End_Miss","Server/Audio/SoundEvents/SFX/NPC/Intelligent/Goblin/Goblin_Feastmaster/SFX_Goblin_Feastmaster_VO_Stampede_End_Miss.json","1371","5C231AD42BF51B4524305698A78F4345446C9D41BEAD808CA16F4D7588561719"
"sound-definitions","SFX_Goblin_Feastmaster_VO_Stampede_Prepare","SoundEvents/SFX/NPC/Intelligent/Goblin/Goblin_Feastmaster/SFX_Goblin_Feastmaster_VO_Stampede_Prepare","Server/Audio/SoundEvents/SFX/NPC/Intelligent/Goblin/Goblin_Feastmaster/SFX_Goblin_Feastmaster_VO_Stampede_Prepare.json","4098","951BC668A512147773BED78D6E233665225B9BD9E80CFC4B949EB1331544A942"
"sound-definitions","SFX_Goblin_Feastmaster_VO_Throw","SoundEvents/SFX/NPC/Intelligent/Goblin/Goblin_Feastmaster/SFX_Goblin_Feastmaster_VO_Throw","Server/Audio/SoundEvents/SFX/NPC/Intelligent/Goblin/Goblin_Feastmaster/SFX_Goblin_Feastmaster_VO_Throw.json","1267","484C2502E80031870DB9A38662349BB54EB6B31C37D159613D03061DF7E2DEAE"
"sound-definitions","SFX_Goblin_Feastmaster_VO_Walk_Loop","SoundEvents/SFX/NPC/Intelligent/Goblin/Goblin_Feastmaster/SFX_Goblin_Feastmaster_VO_Walk_Loop","Server/Audio/SoundEvents/SFX/NPC/Intelligent/Goblin/Goblin_Feastmaster/SFX_Goblin_Feastmaster_VO_Walk_Loop.json","1010","56726DF0A8EA9B704286A335F29E733DFABBA01F0E4BAAE9C8F1B90E8DC1CD7B"
"sound-definitions","SFX_Goblin_Feastmaster_Walk","SoundEvents/SFX/NPC/Intelligent/Goblin/Goblin_Feastmaster/SFX_Goblin_Feastmaster_Walk","Server/Audio/SoundEvents/SFX/NPC/Intelligent/Goblin/Goblin_Feastmaster/SFX_Goblin_Feastmaster_Walk.json","799","882B818E5254977EF21B0E1FBED21041980B0A6D39DC146AC7ACDC1462B982A0"
"sound-definitions","SFX_Goblin_Feastmaster_Whoosh_Long","SoundEvents/SFX/NPC/Intelligent/Goblin/Goblin_Feastmaster/SFX_Goblin_Feastmaster_Whoosh_Long","Server/Audio/SoundEvents/SFX/NPC/Intelligent/Goblin/Goblin_Feastmaster/SFX_Goblin_Feastmaster_Whoosh_Long.json","799","C32F05B9E8C57C110C1B699E66B24A166F76BA7162717B4A02E5BD11B4FFF7D4"
"sound-definitions","SFX_Goblin_Feastmaster_Whoosh_Quick","SoundEvents/SFX/NPC/Intelligent/Goblin/Goblin_Feastmaster/SFX_Goblin_Feastmaster_Whoosh_Quick","Server/Audio/SoundEvents/SFX/NPC/Intelligent/Goblin/Goblin_Feastmaster/SFX_Goblin_Feastmaster_Whoosh_Quick.json","803","C0B62349052DCD08E323E68AC2E52FF130A57CEC5EFE2F30B0B488ACD55DCDBD"
"sound-definitions","SFX_Goblin_Guardian_VO_Alerted","SoundEvents/SFX/NPC/Intelligent/Goblin/Goblin_Guardian/SFX_Goblin_Guardian_VO_Alerted","Server/Audio/SoundEvents/SFX/NPC/Intelligent/Goblin/Goblin_Guardian/SFX_Goblin_Guardian_VO_Alerted.json","1495","FF2492DD694BE3631D8B53558346018AF7D00F00317436202272558492766C81"
"sound-definitions","SFX_Goblin_Guardian_VO_Attack","SoundEvents/SFX/NPC/Intelligent/Goblin/Goblin_Guardian/SFX_Goblin_Guardian_VO_Attack","Server/Audio/SoundEvents/SFX/NPC/Intelligent/Goblin/Goblin_Guardian/SFX_Goblin_Guardian_VO_Attack.json","955","799EF3B58D689139EF7970A3177547266AE7BD90730F3D45B6604F0EA764594C"
"sound-definitions","SFX_Goblin_Guardian_VO_Cackle","SoundEvents/SFX/NPC/Intelligent/Goblin/Goblin_Guardian/SFX_Goblin_Guardian_VO_Cackle","Server/Audio/SoundEvents/SFX/NPC/Intelligent/Goblin/Goblin_Guardian/SFX_Goblin_Guardian_VO_Cackle.json","1043","42C69F55DB48CB1EBB4332354007FF827E7C435F44642D9E871E40743B39BA20"
"sound-definitions","SFX_Goblin_Guardian_VO_Death","SoundEvents/SFX/NPC/Intelligent/Goblin/Goblin_Guardian/SFX_Goblin_Guardian_VO_Death","Server/Audio/SoundEvents/SFX/NPC/Intelligent/Goblin/Goblin_Guardian/SFX_Goblin_Guardian_VO_Death.json","1297","F33EC77D872F6C0B740E784515ADD32034BA46DBCD5650260165949840E48FF4"
"sound-definitions","SFX_Goblin_Guardian_VO_Hurt","SoundEvents/SFX/NPC/Intelligent/Goblin/Goblin_Guardian/SFX_Goblin_Guardian_VO_Hurt","Server/Audio/SoundEvents/SFX/NPC/Intelligent/Goblin/Goblin_Guardian/SFX_Goblin_Guardian_VO_Hurt.json","1716","49E9FD4A5B8DA5F425ABCCA6977BAA2C37129D4C3759F4C7FF9F3717F5D8F929"
"sound-definitions","SFX_Goblin_Guardian_VO_Idle_Kick_Ground","SoundEvents/SFX/NPC/Intelligent/Goblin/Goblin_Guardian/SFX_Goblin_Guardian_VO_Idle_Kick_Ground","Server/Audio/SoundEvents/SFX/NPC/Intelligent/Goblin/Goblin_Guardian/SFX_Goblin_Guardian_VO_Idle_Kick_Ground.json","1015","1810EA321B46279E1E6C94F262382318D443E85DBB13394084E8F6FB34516FAA"
"sound-definitions","SFX_Goblin_Guardian_VO_Idle_Phrases","SoundEvents/SFX/NPC/Intelligent/Goblin/Goblin_Guardian/SFX_Goblin_Guardian_VO_Idle_Phrases","Server/Audio/SoundEvents/SFX/NPC/Intelligent/Goblin/Goblin_Guardian/SFX_Goblin_Guardian_VO_Idle_Phrases.json","2210","BAAC76A4CA0BADA29A5516AEF55A1F50BDEBBE0D8179117F19B1A42BA29F0C39"
"sound-definitions","SFX_Goblin_Guardian_VO_Idle_Scratch_Butt","SoundEvents/SFX/NPC/Intelligent/Goblin/Goblin_Guardian/SFX_Goblin_Guardian_VO_Idle_Scratch_Butt","Server/Audio/SoundEvents/SFX/NPC/Intelligent/Goblin/Goblin_Guardian/SFX_Goblin_Guardian_VO_Idle_Scratch_Butt.json","1117","70C0DE6DE9A61769B22A820E571A00DC274189FD699D3FD38EBDA9467141AB07"
"sound-definitions","SFX_Goblin_Guardian_VO_Idle_Singing","SoundEvents/SFX/NPC/Intelligent/Goblin/Goblin_Guardian/SFX_Goblin_Guardian_VO_Idle_Singing","Server/Audio/SoundEvents/SFX/NPC/Intelligent/Goblin/Goblin_Guardian/SFX_Goblin_Guardian_VO_Idle_Singing.json","1364","F156ABCBFE63811BD7D9C4C553F42FA0D87665843B72EBE3083CADA28A6CB5EB"
"sound-definitions","SFX_Goblin_Guardian_VO_Idle_Yawn","SoundEvents/SFX/NPC/Intelligent/Goblin/Goblin_Guardian/SFX_Goblin_Guardian_VO_Idle_Yawn","Server/Audio/SoundEvents/SFX/NPC/Intelligent/Goblin/Goblin_Guardian/SFX_Goblin_Guardian_VO_Idle_Yawn.json","1061","64843455C3F2A68256B92E9C87D974FAA931E00F2D7608A1C2E8E44CC6812079"
"sound-definitions","SFX_Goblin_Guardian_VO_Intrigued","SoundEvents/SFX/NPC/Intelligent/Goblin/Goblin_Guardian/SFX_Goblin_Guardian_VO_Intrigued","Server/Audio/SoundEvents/SFX/NPC/Intelligent/Goblin/Goblin_Guardian/SFX_Goblin_Guardian_VO_Intrigued.json","1610","CAB7B0A79D74316912D0523831E11264A8669AEE61D5CBCDF5E3F9B034E028FA"
"sound-definitions","SFX_Goblin_Guardian_VO_Rally","SoundEvents/SFX/NPC/Intelligent/Goblin/Goblin_Guardian/SFX_Goblin_Guardian_VO_Rally","Server/Audio/SoundEvents/SFX/NPC/Intelligent/Goblin/Goblin_Guardian/SFX_Goblin_Guardian_VO_Rally.json","1297","78B3281A9B91FF9FE0C6BFC7CA48518333DE59B75A5E043D46AD889B8F24A73B"
"sound-definitions","SFX_Goblin_Guardian_VO_Search_Confused","SoundEvents/SFX/NPC/Intelligent/Goblin/Goblin_Guardian/SFX_Goblin_Guardian_VO_Search_Confused","Server/Audio/SoundEvents/SFX/NPC/Intelligent/Goblin/Goblin_Guardian/SFX_Goblin_Guardian_VO_Search_Confused.json","1397","FB2B45FE5B33B768C81C66A8639247D0B0EFE0709669018C8DB1A03363879A06"
"sound-definitions","SFX_Goblin_Guardian_VO_Shield_Bash","SoundEvents/SFX/NPC/Intelligent/Goblin/Goblin_Guardian/SFX_Goblin_Guardian_VO_Shield_Bash","Server/Audio/SoundEvents/SFX/NPC/Intelligent/Goblin/Goblin_Guardian/SFX_Goblin_Guardian_VO_Shield_Bash.json","1264","B48F1934BAAD58ED04637CE4916BF7B63B8E14A3A351F1791EFCC5E8BDC49648"
"sound-definitions","SFX_Goblin_Guardian_VO_Shield_Break","SoundEvents/SFX/NPC/Intelligent/Goblin/Goblin_Guardian/SFX_Goblin_Guardian_VO_Shield_Break","Server/Audio/SoundEvents/SFX/NPC/Intelligent/Goblin/Goblin_Guardian/SFX_Goblin_Guardian_VO_Shield_Break.json","1338","7D8A7B697D62ACFD1ABD8E2829973A119CAF90974C2BB4D599AE553EB133CDF4"
"sound-definitions","SFX_Goblin_Lobber_Bomb_Fuse_Loop","SoundEvents/SFX/NPC/Intelligent/Goblin/Goblin_Lobber/SFX_Goblin_Lobber_Bomb_Fuse_Loop","Server/Audio/SoundEvents/SFX/NPC/Intelligent/Goblin/Goblin_Lobber/SFX_Goblin_Lobber_Bomb_Fuse_Loop.json","903","D61A1C8629C2AF9954DE6CD066680A44F45178107CA93929788A06DA6F42F24D"
"sound-definitions","SFX_Goblin_Lobber_VO_Alerted","SoundEvents/SFX/NPC/Intelligent/Goblin/Goblin_Lobber/SFX_Goblin_Lobber_VO_Alerted","Server/Audio/SoundEvents/SFX/NPC/Intelligent/Goblin/Goblin_Lobber/SFX_Goblin_Lobber_VO_Alerted.json","1275","DA96CA26B7C06297B5A957B708A5F107639A723EE3755A53C5C872C70319A9D9"
"sound-definitions","SFX_Goblin_Lobber_VO_Angry","SoundEvents/SFX/NPC/Intelligent/Goblin/Goblin_Lobber/SFX_Goblin_Lobber_VO_Angry","Server/Audio/SoundEvents/SFX/NPC/Intelligent/Goblin/Goblin_Lobber/SFX_Goblin_Lobber_VO_Angry.json","1172","4556C9A2C7B9619051E6CD7220DCE9D05FB758B9529647FA3473FFFD2242373D"
"sound-definitions","SFX_Goblin_Lobber_VO_Attack","SoundEvents/SFX/NPC/Intelligent/Goblin/Goblin_Lobber/SFX_Goblin_Lobber_VO_Attack","Server/Audio/SoundEvents/SFX/NPC/Intelligent/Goblin/Goblin_Lobber/SFX_Goblin_Lobber_VO_Attack.json","2021","D886D8B003FA18B4CBE3DC3CDFEE47420825ED3E2765EDA155BC0F181B201716"
"sound-definitions","SFX_Goblin_Lobber_VO_Cackle","SoundEvents/SFX/NPC/Intelligent/Goblin/Goblin_Lobber/SFX_Goblin_Lobber_VO_Cackle","Server/Audio/SoundEvents/SFX/NPC/Intelligent/Goblin/Goblin_Lobber/SFX_Goblin_Lobber_VO_Cackle.json","1349","0F90B7F029884895792BB854BD4673B164A4D32E2D2DA3239C573A565A18D171"
"sound-definitions","SFX_Goblin_Lobber_VO_Death","SoundEvents/SFX/NPC/Intelligent/Goblin/Goblin_Lobber/SFX_Goblin_Lobber_VO_Death","Server/Audio/SoundEvents/SFX/NPC/Intelligent/Goblin/Goblin_Lobber/SFX_Goblin_Lobber_VO_Death.json","1504","CEDC831F88F05CF92BD1C4DB0BD02917A1922B643766CEC922DEB658A3DF554A"
"sound-definitions","SFX_Goblin_Lobber_VO_Eat","SoundEvents/SFX/NPC/Intelligent/Goblin/Goblin_Lobber/SFX_Goblin_Lobber_VO_Eat","Server/Audio/SoundEvents/SFX/NPC/Intelligent/Goblin/Goblin_Lobber/SFX_Goblin_Lobber_VO_Eat.json","846","124FC779BBD00594672B2FE6C7F089BF6CDC708BF9577E372C0AB7C6B7B66042"
"sound-definitions","SFX_Goblin_Lobber_VO_Hurt","SoundEvents/SFX/NPC/Intelligent/Goblin/Goblin_Lobber/SFX_Goblin_Lobber_VO_Hurt","Server/Audio/SoundEvents/SFX/NPC/Intelligent/Goblin/Goblin_Lobber/SFX_Goblin_Lobber_VO_Hurt.json","2064","B6AE5318B12F25FF44F8903AA13FA8B411FB4807CC2B412417D4394CE872EDED"
"sound-definitions","SFX_Goblin_Lobber_VO_Idle_Bombshell_Love","SoundEvents/SFX/NPC/Intelligent/Goblin/Goblin_Lobber/SFX_Goblin_Lobber_VO_Idle_Bombshell_Love","Server/Audio/SoundEvents/SFX/NPC/Intelligent/Goblin/Goblin_Lobber/SFX_Goblin_Lobber_VO_Idle_Bombshell_Love.json","713","7E942B5828642958CAD90BC20EFB0623797685733A95ADB5362AAC354FDFC935"
"sound-definitions","SFX_Goblin_Lobber_VO_Idle_Bravado","SoundEvents/SFX/NPC/Intelligent/Goblin/Goblin_Lobber/SFX_Goblin_Lobber_VO_Idle_Bravado","Server/Audio/SoundEvents/SFX/NPC/Intelligent/Goblin/Goblin_Lobber/SFX_Goblin_Lobber_VO_Idle_Bravado.json","1682","92D416A0E5CA4A29FA702A88BE2E23F793B48D9A0B91FC04D126D9703292302B"
"sound-definitions","SFX_Goblin_Lobber_VO_Idle_Interact","SoundEvents/SFX/NPC/Intelligent/Goblin/Goblin_Lobber/SFX_Goblin_Lobber_VO_Idle_Interact","Server/Audio/SoundEvents/SFX/NPC/Intelligent/Goblin/Goblin_Lobber/SFX_Goblin_Lobber_VO_Idle_Interact.json","1787","BD03DD4BD3590F08B367543CE9ED9086775CEB5F03C3568F80209F8A9769BBF2"
"sound-definitions","SFX_Goblin_Lobber_VO_Idle_Juggle_Fail","SoundEvents/SFX/NPC/Intelligent/Goblin/Goblin_Lobber/SFX_Goblin_Lobber_VO_Idle_Juggle_Fail","Server/Audio/SoundEvents/SFX/NPC/Intelligent/Goblin/Goblin_Lobber/SFX_Goblin_Lobber_VO_Idle_Juggle_Fail.json","709","B76C610E5EFD958B51EF6582D913A63FAE06D3AB63C41B29EDC3BE7290335DBE"
"sound-definitions","SFX_Goblin_Lobber_VO_Idle_Juggle_Success","SoundEvents/SFX/NPC/Intelligent/Goblin/Goblin_Lobber/SFX_Goblin_Lobber_VO_Idle_Juggle_Success","Server/Audio/SoundEvents/SFX/NPC/Intelligent/Goblin/Goblin_Lobber/SFX_Goblin_Lobber_VO_Idle_Juggle_Success.json","718","9A8DEA0B07C7945CC00D6F60155139CB3C5CF61214FEE173EE3D8B0AC35E3055"
"sound-definitions","SFX_Goblin_Lobber_VO_Idle_Kick_Ground","SoundEvents/SFX/NPC/Intelligent/Goblin/Goblin_Lobber/SFX_Goblin_Lobber_VO_Idle_Kick_Ground","Server/Audio/SoundEvents/SFX/NPC/Intelligent/Goblin/Goblin_Lobber/SFX_Goblin_Lobber_VO_Idle_Kick_Ground.json","1271","D32569DA4AE11B0873F2925D37FE949B40CBB9A794702942E690C369F8017AAA"
"sound-definitions","SFX_Goblin_Lobber_VO_Idle_Phrases_A","SoundEvents/SFX/NPC/Intelligent/Goblin/Goblin_Lobber/SFX_Goblin_Lobber_VO_Idle_Phrases_A","Server/Audio/SoundEvents/SFX/NPC/Intelligent/Goblin/Goblin_Lobber/SFX_Goblin_Lobber_VO_Idle_Phrases_A.json","1158","59AE23A37CA29675386B7ADEB02ACF9C1805AC2C06ACFC7C9F25E82646B45220"
"sound-definitions","SFX_Goblin_Lobber_VO_Idle_Phrases_B","SoundEvents/SFX/NPC/Intelligent/Goblin/Goblin_Lobber/SFX_Goblin_Lobber_VO_Idle_Phrases_B","Server/Audio/SoundEvents/SFX/NPC/Intelligent/Goblin/Goblin_Lobber/SFX_Goblin_Lobber_VO_Idle_Phrases_B.json","1986","23005241329C308B034332C7B9D9DAD53471DDF3883A349B748955737F80CB76"
"sound-definitions","SFX_Goblin_Lobber_VO_Idle_Singing","SoundEvents/SFX/NPC/Intelligent/Goblin/Goblin_Lobber/SFX_Goblin_Lobber_VO_Idle_Singing","Server/Audio/SoundEvents/SFX/NPC/Intelligent/Goblin/Goblin_Lobber/SFX_Goblin_Lobber_VO_Idle_Singing.json","1502","E7DCBC015AD32911FD6171BC54A44DC60C5083FADC8C7A6D5B28AA4D07876365"
"sound-definitions","SFX_Goblin_Lobber_VO_Idle_Tired_Yawn","SoundEvents/SFX/NPC/Intelligent/Goblin/Goblin_Lobber/SFX_Goblin_Lobber_VO_Idle_Tired_Yawn","Server/Audio/SoundEvents/SFX/NPC/Intelligent/Goblin/Goblin_Lobber/SFX_Goblin_Lobber_VO_Idle_Tired_Yawn.json","1538","51F39C92C150E59FCB75DBA8B17843622E0D772DAC34883FE619541D13EFC456"
"sound-definitions","SFX_Goblin_Lobber_VO_Intrigued","SoundEvents/SFX/NPC/Intelligent/Goblin/Goblin_Lobber/SFX_Goblin_Lobber_VO_Intrigued","Server/Audio/SoundEvents/SFX/NPC/Intelligent/Goblin/Goblin_Lobber/SFX_Goblin_Lobber_VO_Intrigued.json","1382","3FC3B507FD145BCD2F35237BC1E5BB89681711221E9A52C41CD6E6CC2A415CDB"
"sound-definitions","SFX_Goblin_Lobber_VO_Laugh","SoundEvents/SFX/NPC/Intelligent/Goblin/Goblin_Lobber/SFX_Goblin_Lobber_VO_Laugh","Server/Audio/SoundEvents/SFX/NPC/Intelligent/Goblin/Goblin_Lobber/SFX_Goblin_Lobber_VO_Laugh.json","1504","9F63795C92872358ED2B1E536841F26EE8AC5263BF64B633EFEADED7F5025E86"
"sound-definitions","SFX_Goblin_Lobber_VO_Rally","SoundEvents/SFX/NPC/Intelligent/Goblin/Goblin_Lobber/SFX_Goblin_Lobber_VO_Rally","Server/Audio/SoundEvents/SFX/NPC/Intelligent/Goblin/Goblin_Lobber/SFX_Goblin_Lobber_VO_Rally.json","1089","5FCFBA3F1B091A535340646B4F6207D7DE5762B614BEA23D5F62DD60A691831C"
"sound-definitions","SFX_Goblin_Lobber_VO_Scared","SoundEvents/SFX/NPC/Intelligent/Goblin/Goblin_Lobber/SFX_Goblin_Lobber_VO_Scared","Server/Audio/SoundEvents/SFX/NPC/Intelligent/Goblin/Goblin_Lobber/SFX_Goblin_Lobber_VO_Scared.json","1097","5CE2B048C2DF1E6C48ABB3003D913E48064B7B8771E495E8106E3E30F94C75E4"
"sound-definitions","SFX_Goblin_Lobber_VO_Scold","SoundEvents/SFX/NPC/Intelligent/Goblin/Goblin_Lobber/SFX_Goblin_Lobber_VO_Scold","Server/Audio/SoundEvents/SFX/NPC/Intelligent/Goblin/Goblin_Lobber/SFX_Goblin_Lobber_VO_Scold.json","1006","D674E753F593E5068453F7133C312797DDA0AA375DB0DBC32FB8F62ACFFA6DA0"
"sound-definitions","SFX_Goblin_Lobber_VO_Search_Confused","SoundEvents/SFX/NPC/Intelligent/Goblin/Goblin_Lobber/SFX_Goblin_Lobber_VO_Search_Confused","Server/Audio/SoundEvents/SFX/NPC/Intelligent/Goblin/Goblin_Lobber/SFX_Goblin_Lobber_VO_Search_Confused.json","1355","F4EC9368B0C9E6DBC7181A19676759606E7E7D656F4F7B979B6BA37467174C75"
"sound-definitions","SFX_Goblin_Lobber_VO_Taunt","SoundEvents/SFX/NPC/Intelligent/Goblin/Goblin_Lobber/SFX_Goblin_Lobber_VO_Taunt","Server/Audio/SoundEvents/SFX/NPC/Intelligent/Goblin/Goblin_Lobber/SFX_Goblin_Lobber_VO_Taunt.json","1421","3163CDD23B61D0E0AAD3695E0B2033301F5D7670CF0625B8AD2D534F5BAFDE42"
"sound-definitions","SFX_Goblin_Makinomagistra_VO_Blocked","SoundEvents/SFX/NPC/Intelligent/Goblin/Goblin_Makinomagistra/SFX_Goblin_Makinomagistra_VO_Blocked","Server/Audio/SoundEvents/SFX/NPC/Intelligent/Goblin/Goblin_Makinomagistra/SFX_Goblin_Makinomagistra_VO_Blocked.json","635","D99E0C6B364D3B1509177A4C70699943D23C8BBE3F7308618D85299565F14A44"
"sound-definitions","SFX_Goblin_Makinomagistra_VO_Kick_Ground","SoundEvents/SFX/NPC/Intelligent/Goblin/Goblin_Makinomagistra/SFX_Goblin_Makinomagistra_VO_Kick_Ground","Server/Audio/SoundEvents/SFX/NPC/Intelligent/Goblin/Goblin_Makinomagistra/SFX_Goblin_Makinomagistra_VO_Kick_Ground.json","748","1FD3C59D38521299F00169B4884C20EAA439B403AEFB1B66A9A3822B7B054810"
"sound-definitions","SFX_Goblin_Makinomagistra_VO_Repairing","SoundEvents/SFX/NPC/Intelligent/Goblin/Goblin_Makinomagistra/SFX_Goblin_Makinomagistra_VO_Repairing","Server/Audio/SoundEvents/SFX/NPC/Intelligent/Goblin/Goblin_Makinomagistra/SFX_Goblin_Makinomagistra_VO_Repairing.json","1048","F9BD52065197C5466987CD82662DF9F7C29D367CA1A92E03060A4EB1F4218B93"
"sound-definitions","SFX_Goblin_Makinomagistra_VO_Scold","SoundEvents/SFX/NPC/Intelligent/Goblin/Goblin_Makinomagistra/SFX_Goblin_Makinomagistra_VO_Scold","Server/Audio/SoundEvents/SFX/NPC/Intelligent/Goblin/Goblin_Makinomagistra/SFX_Goblin_Makinomagistra_VO_Scold.json","829","60CE4532C96191F7D96D548F06FBDBA4E0D4E9473E18CF494B577376BB746F00"
"sound-definitions","SFX_Goblin_Makinomagistra_VO_Success","SoundEvents/SFX/NPC/Intelligent/Goblin/Goblin_Makinomagistra/SFX_Goblin_Makinomagistra_VO_Success","Server/Audio/SoundEvents/SFX/NPC/Intelligent/Goblin/Goblin_Makinomagistra/SFX_Goblin_Makinomagistra_VO_Success.json","837","21ECF6E521692EEE19395E2936E6170F05A7DC2FF2A9B1807C6292EDBEB3170D"
"sound-definitions","SFX_Goblin_Makinomagistra_VO_Unhappy_Mutter","SoundEvents/SFX/NPC/Intelligent/Goblin/Goblin_Makinomagistra/SFX_Goblin_Makinomagistra_VO_Unhappy_Mutter","Server/Audio/SoundEvents/SFX/NPC/Intelligent/Goblin/Goblin_Makinomagistra/SFX_Goblin_Makinomagistra_VO_Unhappy_Mutter.json","754","C59C738E273FA4A289609EB082344C47E649CB0E7A10433F938F09E04D1DC17B"
"sound-definitions","SFX_Goblin_Miner_Candle_Loop","SoundEvents/SFX/NPC/Intelligent/Goblin/Goblin_Miner/SFX_Goblin_Miner_Candle_Loop","Server/Audio/SoundEvents/SFX/NPC/Intelligent/Goblin/Goblin_Miner/SFX_Goblin_Miner_Candle_Loop.json","389","7ED730CBF2EA6CCE0E81F71FF23D29029DCFEE58ED48B6B03FB4F621446523C6"
"sound-definitions","SFX_Goblin_Miner_Mine_Loop","SoundEvents/SFX/NPC/Intelligent/Goblin/Goblin_Miner/SFX_Goblin_Miner_Mine_Loop","Server/Audio/SoundEvents/SFX/NPC/Intelligent/Goblin/Goblin_Miner/SFX_Goblin_Miner_Mine_Loop.json","2065","9FFE01085061A10B4876A4F7EB63026F1105F061CC30274011A96E5262E21BD1"
"sound-definitions","SFX_Goblin_Miner_VO_Alerted","SoundEvents/SFX/NPC/Intelligent/Goblin/Goblin_Miner/SFX_Goblin_Miner_VO_Alerted","Server/Audio/SoundEvents/SFX/NPC/Intelligent/Goblin/Goblin_Miner/SFX_Goblin_Miner_VO_Alerted.json","1420","8823F72A7DB5302FE9F3A7EEFA6C485489C79B9501F63750FA7BB353EF8DAA4D"
"sound-definitions","SFX_Goblin_Miner_VO_Angry","SoundEvents/SFX/NPC/Intelligent/Goblin/Goblin_Miner/SFX_Goblin_Miner_VO_Angry","Server/Audio/SoundEvents/SFX/NPC/Intelligent/Goblin/Goblin_Miner/SFX_Goblin_Miner_VO_Angry.json","1073","3976BF6B3E9BF7BDD1D84B94157DCA84C3891EB78C911F2041D84FF7986BA03C"
"sound-definitions","SFX_Goblin_Miner_VO_Attack","SoundEvents/SFX/NPC/Intelligent/Goblin/Goblin_Miner/SFX_Goblin_Miner_VO_Attack","Server/Audio/SoundEvents/SFX/NPC/Intelligent/Goblin/Goblin_Miner/SFX_Goblin_Miner_VO_Attack.json","1499","BA6A967872F5BCB098ADD1D150A7264C2876B2714BE72BFD5B1A67ABA07F4A10"
"sound-definitions","SFX_Goblin_Miner_VO_Cackle","SoundEvents/SFX/NPC/Intelligent/Goblin/Goblin_Miner/SFX_Goblin_Miner_VO_Cackle","Server/Audio/SoundEvents/SFX/NPC/Intelligent/Goblin/Goblin_Miner/SFX_Goblin_Miner_VO_Cackle.json","1080","6294F846AEC3B368B5B66C18E676DED5B53924AC1D2522E654EB0ACFBEB7DD40"
"sound-definitions","SFX_Goblin_Miner_VO_Death","SoundEvents/SFX/NPC/Intelligent/Goblin/Goblin_Miner/SFX_Goblin_Miner_VO_Death","Server/Audio/SoundEvents/SFX/NPC/Intelligent/Goblin/Goblin_Miner/SFX_Goblin_Miner_VO_Death.json","1316","ECDD26554A65DD41F8E34D7760CC3C4BDA34465D88C5B0A6CC0AFC17478DD016"
"sound-definitions","SFX_Goblin_Miner_VO_Downstrike_Charge","SoundEvents/SFX/NPC/Intelligent/Goblin/Goblin_Miner/SFX_Goblin_Miner_VO_Downstrike_Charge","Server/Audio/SoundEvents/SFX/NPC/Intelligent/Goblin/Goblin_Miner/SFX_Goblin_Miner_VO_Downstrike_Charge.json","889","C8ADEB932F9EE766DDA59611B9884944A2CD0EB06FD103C38B320552299683FF"
"sound-definitions","SFX_Goblin_Miner_VO_Downstrike_Free","SoundEvents/SFX/NPC/Intelligent/Goblin/Goblin_Miner/SFX_Goblin_Miner_VO_Downstrike_Free","Server/Audio/SoundEvents/SFX/NPC/Intelligent/Goblin/Goblin_Miner/SFX_Goblin_Miner_VO_Downstrike_Free.json","1062","BA710B1A241F93D85840D292E38A66E63CA9BF2D92F5D8296BC2C9233268E41F"
"sound-definitions","SFX_Goblin_Miner_VO_Downstrike_Land","SoundEvents/SFX/NPC/Intelligent/Goblin/Goblin_Miner/SFX_Goblin_Miner_VO_Downstrike_Land","Server/Audio/SoundEvents/SFX/NPC/Intelligent/Goblin/Goblin_Miner/SFX_Goblin_Miner_VO_Downstrike_Land.json","2617","89A2FBEE5E4CB85CD5707FD5D712A64F7EA16FA834A0D8C9C0C3230CCB3586DC"
"sound-definitions","SFX_Goblin_Miner_VO_Downstrike_Leap","SoundEvents/SFX/NPC/Intelligent/Goblin/Goblin_Miner/SFX_Goblin_Miner_VO_Downstrike_Leap","Server/Audio/SoundEvents/SFX/NPC/Intelligent/Goblin/Goblin_Miner/SFX_Goblin_Miner_VO_Downstrike_Leap.json","1311","83997B9176CEA69C3D54359CAC3D35EC0E07E1E08A69836A5D377B9C9941C74B"
"sound-definitions","SFX_Goblin_Miner_VO_Downstrike_Pull","SoundEvents/SFX/NPC/Intelligent/Goblin/Goblin_Miner/SFX_Goblin_Miner_VO_Downstrike_Pull","Server/Audio/SoundEvents/SFX/NPC/Intelligent/Goblin/Goblin_Miner/SFX_Goblin_Miner_VO_Downstrike_Pull.json","1085","D7A240D075CA512F0B97C4DD0FA733A51D47C6C25076E31BE39390948F80E570"
"sound-definitions","SFX_Goblin_Miner_VO_Hurt","SoundEvents/SFX/NPC/Intelligent/Goblin/Goblin_Miner/SFX_Goblin_Miner_VO_Hurt","Server/Audio/SoundEvents/SFX/NPC/Intelligent/Goblin/Goblin_Miner/SFX_Goblin_Miner_VO_Hurt.json","1865","BE745ACAFFE3FBF6D17E894C20D0F541B61CFDD0D3FA32EB50974956EAC347D8"
"sound-definitions","SFX_Goblin_Miner_VO_Idle_Bored","SoundEvents/SFX/NPC/Intelligent/Goblin/Goblin_Miner/SFX_Goblin_Miner_VO_Idle_Bored","Server/Audio/SoundEvents/SFX/NPC/Intelligent/Goblin/Goblin_Miner/SFX_Goblin_Miner_VO_Idle_Bored.json","2571","D93B169F3EAF787BCF45FFE4E6AA5E26932F71047E1A11734876BE4B8A1E1FC5"
"sound-definitions","SFX_Goblin_Miner_VO_Idle_Eat","SoundEvents/SFX/NPC/Intelligent/Goblin/Goblin_Miner/SFX_Goblin_Miner_VO_Idle_Eat","Server/Audio/SoundEvents/SFX/NPC/Intelligent/Goblin/Goblin_Miner/SFX_Goblin_Miner_VO_Idle_Eat.json","1033","01AE3E7D8EACFBE8F438D47F21CAA43BE9DE7CECEC52EF884C6349F6F5EDE699"
"sound-definitions","SFX_Goblin_Miner_VO_Idle_Phrases","SoundEvents/SFX/NPC/Intelligent/Goblin/Goblin_Miner/SFX_Goblin_Miner_VO_Idle_Phrases","Server/Audio/SoundEvents/SFX/NPC/Intelligent/Goblin/Goblin_Miner/SFX_Goblin_Miner_VO_Idle_Phrases.json","2093","77C7FB7C8CB6E766B1E817F5321404B7DEADBB18F6476FC7340356E313C07959"
"sound-definitions","SFX_Goblin_Miner_VO_Idle_Wipe_Sweat","SoundEvents/SFX/NPC/Intelligent/Goblin/Goblin_Miner/SFX_Goblin_Miner_VO_Idle_Wipe_Sweat","Server/Audio/SoundEvents/SFX/NPC/Intelligent/Goblin/Goblin_Miner/SFX_Goblin_Miner_VO_Idle_Wipe_Sweat.json","1331","38CC281C574C1442B3BFD1BE64D41373F7023CBDBA07743FA7A6C0A4DA5BE42A"
"sound-definitions","SFX_Goblin_Miner_VO_Idle_Yawn","SoundEvents/SFX/NPC/Intelligent/Goblin/Goblin_Miner/SFX_Goblin_Miner_VO_Idle_Yawn","Server/Audio/SoundEvents/SFX/NPC/Intelligent/Goblin/Goblin_Miner/SFX_Goblin_Miner_VO_Idle_Yawn.json","1526","7A2C4759D797D26844B23656E56E89702BAF2F9CA8C1A9FF95C58EF97297D3AF"
"sound-definitions","SFX_Goblin_Miner_VO_Intrigued","SoundEvents/SFX/NPC/Intelligent/Goblin/Goblin_Miner/SFX_Goblin_Miner_VO_Intrigued","Server/Audio/SoundEvents/SFX/NPC/Intelligent/Goblin/Goblin_Miner/SFX_Goblin_Miner_VO_Intrigued.json","1699","2504657B67AF93D9E4F5A4182CBE78CF5AF885A62084AA9F079F1E759A1A7192"
"sound-definitions","SFX_Goblin_Miner_VO_Kick_Ground","SoundEvents/SFX/NPC/Intelligent/Goblin/Goblin_Miner/SFX_Goblin_Miner_VO_Kick_Ground","Server/Audio/SoundEvents/SFX/NPC/Intelligent/Goblin/Goblin_Miner/SFX_Goblin_Miner_VO_Kick_Ground.json","1208","A861D192EEDA535FC41AE486963E0E6CAA05C8BEEF8A34A5B755AC713701A7E2"
"sound-definitions","SFX_Goblin_Miner_VO_Laugh","SoundEvents/SFX/NPC/Intelligent/Goblin/Goblin_Miner/SFX_Goblin_Miner_VO_Laugh","Server/Audio/SoundEvents/SFX/NPC/Intelligent/Goblin/Goblin_Miner/SFX_Goblin_Miner_VO_Laugh.json","992","E7781F142E468486E81CD5F96FE53209144F5FBD660F882656770296A3B85A01"
"sound-definitions","SFX_Goblin_Miner_VO_Rally","SoundEvents/SFX/NPC/Intelligent/Goblin/Goblin_Miner/SFX_Goblin_Miner_VO_Rally","Server/Audio/SoundEvents/SFX/NPC/Intelligent/Goblin/Goblin_Miner/SFX_Goblin_Miner_VO_Rally.json","1154","78C158263BD483F437E74DDBD9DB4E700895E928CF457C4FC1A39B647CD8DBD4"
"sound-definitions","SFX_Goblin_Miner_VO_Scared","SoundEvents/SFX/NPC/Intelligent/Goblin/Goblin_Miner/SFX_Goblin_Miner_VO_Scared","Server/Audio/SoundEvents/SFX/NPC/Intelligent/Goblin/Goblin_Miner/SFX_Goblin_Miner_VO_Scared.json","753","EE71788B6DB48A1BDEA4D1CE19D194884DCE3CC767B40ECFC36FFE72A64B7B81"
"sound-definitions","SFX_Goblin_Miner_VO_Scold","SoundEvents/SFX/NPC/Intelligent/Goblin/Goblin_Miner/SFX_Goblin_Miner_VO_Scold","Server/Audio/SoundEvents/SFX/NPC/Intelligent/Goblin/Goblin_Miner/SFX_Goblin_Miner_VO_Scold.json","1154","D4653FABB352C69175EC7D5922016B8E2DFC30E11AF0C35C52B7724A348419D5"
"sound-definitions","SFX_Goblin_Miner_VO_Search_Confused","SoundEvents/SFX/NPC/Intelligent/Goblin/Goblin_Miner/SFX_Goblin_Miner_VO_Search_Confused","Server/Audio/SoundEvents/SFX/NPC/Intelligent/Goblin/Goblin_Miner/SFX_Goblin_Miner_VO_Search_Confused.json","1334","817E63512AB12BE18DE82741479CE707CB8DAC2203AD3D37BBC9525541955207"
"sound-definitions","SFX_Goblin_Miner_VO_Sleep","SoundEvents/SFX/NPC/Intelligent/Goblin/Goblin_Miner/SFX_Goblin_Miner_VO_Sleep","Server/Audio/SoundEvents/SFX/NPC/Intelligent/Goblin/Goblin_Miner/SFX_Goblin_Miner_VO_Sleep.json","1049","063A8F9CC50D3F93A537290AB39A8706C302E7A6B22F10576D8064A4F73A7A4E"
"sound-definitions","SFX_Goblin_Miner_VO_Taunt","SoundEvents/SFX/NPC/Intelligent/Goblin/Goblin_Miner/SFX_Goblin_Miner_VO_Taunt","Server/Audio/SoundEvents/SFX/NPC/Intelligent/Goblin/Goblin_Miner/SFX_Goblin_Miner_VO_Taunt.json","911","1FDC204150F8394FC4623EE961CE030F3AD6AC5BC8573D185AFD580C4ADE6FA2"
"sound-definitions","SFX_Goblin_Scrapper_VO_Angry","SoundEvents/SFX/NPC/Intelligent/Goblin/Goblin_Scrapper/SFX_Goblin_Scrapper_VO_Angry","Server/Audio/SoundEvents/SFX/NPC/Intelligent/Goblin/Goblin_Scrapper/SFX_Goblin_Scrapper_VO_Angry.json","690","44E125FD03F7EE91EE8C1B1DFAD954BB504889F97AAD968CC29067860521DF37"
"sound-definitions","SFX_Goblin_Scrapper_VO_Attack_Charged","SoundEvents/SFX/NPC/Intelligent/Goblin/Goblin_Scrapper/SFX_Goblin_Scrapper_VO_Attack_Charged","Server/Audio/SoundEvents/SFX/NPC/Intelligent/Goblin/Goblin_Scrapper/SFX_Goblin_Scrapper_VO_Attack_Charged.json","1771","9EB6CEA0D5587AB7063E97BAB69323EE6C90ACDD932A9EDDAD34A77E5A045498"
"sound-definitions","SFX_Goblin_Scrapper_VO_Attack_Quick","SoundEvents/SFX/NPC/Intelligent/Goblin/Goblin_Scrapper/SFX_Goblin_Scrapper_VO_Attack_Quick","Server/Audio/SoundEvents/SFX/NPC/Intelligent/Goblin/Goblin_Scrapper/SFX_Goblin_Scrapper_VO_Attack_Quick.json","1930","AE2AB7782DF2ACEE0452B4A437B161BDF13A6B9A3C62691C73E7AA5423AE3CE1"
"sound-definitions","SFX_Goblin_Scrapper_VO_Cackle","SoundEvents/SFX/NPC/Intelligent/Goblin/Goblin_Scrapper/SFX_Goblin_Scrapper_VO_Cackle","Server/Audio/SoundEvents/SFX/NPC/Intelligent/Goblin/Goblin_Scrapper/SFX_Goblin_Scrapper_VO_Cackle.json","781","CF1D86A95F19F1E695828CB986D3712AF2B88CAE47D84E6699EE5410FEF9A9E1"
"sound-definitions","SFX_Goblin_Scrapper_VO_Death","SoundEvents/SFX/NPC/Intelligent/Goblin/Goblin_Scrapper/SFX_Goblin_Scrapper_VO_Death","Server/Audio/SoundEvents/SFX/NPC/Intelligent/Goblin/Goblin_Scrapper/SFX_Goblin_Scrapper_VO_Death.json","1815","D69F9A20C28A08952BE0898C7C2050B0216196AE2EB7D9B9DBB24F6C335815F9"
"sound-definitions","SFX_Goblin_Scrapper_VO_Dig","SoundEvents/SFX/NPC/Intelligent/Goblin/Goblin_Scrapper/SFX_Goblin_Scrapper_VO_Dig","Server/Audio/SoundEvents/SFX/NPC/Intelligent/Goblin/Goblin_Scrapper/SFX_Goblin_Scrapper_VO_Dig.json","699","4B6EC10C0F62ED108CE3C6E8F5D1BE55321BD7DC1C8DDF51FB5654DB1D24DEF1"
"sound-definitions","SFX_Goblin_Scrapper_VO_Dig_Find","SoundEvents/SFX/NPC/Intelligent/Goblin/Goblin_Scrapper/SFX_Goblin_Scrapper_VO_Dig_Find","Server/Audio/SoundEvents/SFX/NPC/Intelligent/Goblin/Goblin_Scrapper/SFX_Goblin_Scrapper_VO_Dig_Find.json","697","FC08765E1DCE22E558A81FD0E9F9A50931BB2C13BCB89BBAA18867A11672454C"
"sound-definitions","SFX_Goblin_Scrapper_VO_Flee","SoundEvents/SFX/NPC/Intelligent/Goblin/Goblin_Scrapper/SFX_Goblin_Scrapper_VO_Flee","Server/Audio/SoundEvents/SFX/NPC/Intelligent/Goblin/Goblin_Scrapper/SFX_Goblin_Scrapper_VO_Flee.json","687","3B613DCB3BB1971249471BB12AA7C5F7DB3E4A5B87264CEF51535917046F8E79"
"sound-definitions","SFX_Goblin_Scrapper_VO_Flee_Panic","SoundEvents/SFX/NPC/Intelligent/Goblin/Goblin_Scrapper/SFX_Goblin_Scrapper_VO_Flee_Panic","Server/Audio/SoundEvents/SFX/NPC/Intelligent/Goblin/Goblin_Scrapper/SFX_Goblin_Scrapper_VO_Flee_Panic.json","699","EC692ECBCC21C6D1DBEC9266947C316CA2D6D80E64A3EC7A51449474D926F57F"
"sound-definitions","SFX_Goblin_Scrapper_VO_Grabbed","SoundEvents/SFX/NPC/Intelligent/Goblin/Goblin_Scrapper/SFX_Goblin_Scrapper_VO_Grabbed","Server/Audio/SoundEvents/SFX/NPC/Intelligent/Goblin/Goblin_Scrapper/SFX_Goblin_Scrapper_VO_Grabbed.json","692","2D991DBA00F60D3008220F3AA1E7B42CCC430D9B72BF55A0428C7C1745B673AF"
"sound-definitions","SFX_Goblin_Scrapper_VO_Hit_Face","SoundEvents/SFX/NPC/Intelligent/Goblin/Goblin_Scrapper/SFX_Goblin_Scrapper_VO_Hit_Face","Server/Audio/SoundEvents/SFX/NPC/Intelligent/Goblin/Goblin_Scrapper/SFX_Goblin_Scrapper_VO_Hit_Face.json","609","62F0CB99B43BC1DC8065285D1C7D8B1F5C9F6A5B03C98E2C855A0C3B8E003E24"
"sound-definitions","SFX_Goblin_Scrapper_VO_Hurt","SoundEvents/SFX/NPC/Intelligent/Goblin/Goblin_Scrapper/SFX_Goblin_Scrapper_VO_Hurt","Server/Audio/SoundEvents/SFX/NPC/Intelligent/Goblin/Goblin_Scrapper/SFX_Goblin_Scrapper_VO_Hurt.json","2146","8B5EEB295AB6427C76E9FAC275FBED890FDB4E345FFDC9C91E0474DF5B11CC68"
"sound-definitions","SFX_Goblin_Scrapper_VO_Idle_Gas","SoundEvents/SFX/NPC/Intelligent/Goblin/Goblin_Scrapper/SFX_Goblin_Scrapper_VO_Idle_Gas","Server/Audio/SoundEvents/SFX/NPC/Intelligent/Goblin/Goblin_Scrapper/SFX_Goblin_Scrapper_VO_Idle_Gas.json","1321","EF85E11305D6D9F791965858A3BE4270C76864A1422B9C414FFF3BB21274CA3C"
"sound-definitions","SFX_Goblin_Scrapper_VO_Idle_Gnaw","SoundEvents/SFX/NPC/Intelligent/Goblin/Goblin_Scrapper/SFX_Goblin_Scrapper_VO_Idle_Gnaw","Server/Audio/SoundEvents/SFX/NPC/Intelligent/Goblin/Goblin_Scrapper/SFX_Goblin_Scrapper_VO_Idle_Gnaw.json","1083","DCA2E82AAC1A8DE77DB5E2B3568ECF8F96F90BC450536E4C3A383912EDFEECF0"
"sound-definitions","SFX_Goblin_Scrapper_VO_Idle_Phrase_A","SoundEvents/SFX/NPC/Intelligent/Goblin/Goblin_Scrapper/SFX_Goblin_Scrapper_VO_Idle_Phrase_A","Server/Audio/SoundEvents/SFX/NPC/Intelligent/Goblin/Goblin_Scrapper/SFX_Goblin_Scrapper_VO_Idle_Phrase_A.json","1470","D9004E6FE5966A776722C1E82F939C03A1B58D4DD01F513FC7C7B86EFD532929"
"sound-definitions","SFX_Goblin_Scrapper_VO_Idle_Phrase_B","SoundEvents/SFX/NPC/Intelligent/Goblin/Goblin_Scrapper/SFX_Goblin_Scrapper_VO_Idle_Phrase_B","Server/Audio/SoundEvents/SFX/NPC/Intelligent/Goblin/Goblin_Scrapper/SFX_Goblin_Scrapper_VO_Idle_Phrase_B.json","1565","031F0984DAE06FC4EF87D55E56B651F262157EE5E60A90AEC0D67936B5735534"
"sound-definitions","SFX_Goblin_Scrapper_VO_Idle_Phrase_C","SoundEvents/SFX/NPC/Intelligent/Goblin/Goblin_Scrapper/SFX_Goblin_Scrapper_VO_Idle_Phrase_C","Server/Audio/SoundEvents/SFX/NPC/Intelligent/Goblin/Goblin_Scrapper/SFX_Goblin_Scrapper_VO_Idle_Phrase_C.json","1280","C2D9C0E1CD1465D9C50BE33E615516F465CE3BC9D8A8544FEBB66C96BDFCD73F"
"sound-definitions","SFX_Goblin_Scrapper_VO_Idle_Phrase_D","SoundEvents/SFX/NPC/Intelligent/Goblin/Goblin_Scrapper/SFX_Goblin_Scrapper_VO_Idle_Phrase_D","Server/Audio/SoundEvents/SFX/NPC/Intelligent/Goblin/Goblin_Scrapper/SFX_Goblin_Scrapper_VO_Idle_Phrase_D.json","1470","6C62CF18CE7195172B2B8674D99B18D04B4BD4EC90E1FA4751C3586ED828FAE2"
"sound-definitions","SFX_Goblin_Scrapper_VO_Idle_Singing_A","SoundEvents/SFX/NPC/Intelligent/Goblin/Goblin_Scrapper/SFX_Goblin_Scrapper_VO_Idle_Singing_A","Server/Audio/SoundEvents/SFX/NPC/Intelligent/Goblin/Goblin_Scrapper/SFX_Goblin_Scrapper_VO_Idle_Singing_A.json","1093","8B5F95B89113D571015321DD49297E908C3C33DEB9B9D4E586CCF073F8DC6EFC"
"sound-definitions","SFX_Goblin_Scrapper_VO_Idle_Singing_B","SoundEvents/SFX/NPC/Intelligent/Goblin/Goblin_Scrapper/SFX_Goblin_Scrapper_VO_Idle_Singing_B","Server/Audio/SoundEvents/SFX/NPC/Intelligent/Goblin/Goblin_Scrapper/SFX_Goblin_Scrapper_VO_Idle_Singing_B.json","1093","DC254B7594D14D42A4323001840DE21F8E1666811ACE31254C86EAC9BE18CF09"
"sound-definitions","SFX_Goblin_Scrapper_VO_Idle_Singing_C","SoundEvents/SFX/NPC/Intelligent/Goblin/Goblin_Scrapper/SFX_Goblin_Scrapper_VO_Idle_Singing_C","Server/Audio/SoundEvents/SFX/NPC/Intelligent/Goblin/Goblin_Scrapper/SFX_Goblin_Scrapper_VO_Idle_Singing_C.json","1093","723A45DFB8468D74D52CB0B79FF0A84C1B7D9393DC4CFBDA13B13151128D164D"
"sound-definitions","SFX_Goblin_Scrapper_VO_Idle_Sneeze","SoundEvents/SFX/NPC/Intelligent/Goblin/Goblin_Scrapper/SFX_Goblin_Scrapper_VO_Idle_Sneeze","Server/Audio/SoundEvents/SFX/NPC/Intelligent/Goblin/Goblin_Scrapper/SFX_Goblin_Scrapper_VO_Idle_Sneeze.json","1070","205D5E35202D0E4DDAF9A9B97685B30297B5ABC4EDB3CDD36803DAFFFC943498"
"sound-definitions","SFX_Goblin_Scrapper_VO_Idle_Yawn","SoundEvents/SFX/NPC/Intelligent/Goblin/Goblin_Scrapper/SFX_Goblin_Scrapper_VO_Idle_Yawn","Server/Audio/SoundEvents/SFX/NPC/Intelligent/Goblin/Goblin_Scrapper/SFX_Goblin_Scrapper_VO_Idle_Yawn.json","789","96A34B3E10B2A1958BF30E822B5A6CE6EBA0DF9DBDBF8CA6175A556E67D45661"
"sound-definitions","SFX_Goblin_Scrapper_VO_Intrigued","SoundEvents/SFX/NPC/Intelligent/Goblin/Goblin_Scrapper/SFX_Goblin_Scrapper_VO_Intrigued","Server/Audio/SoundEvents/SFX/NPC/Intelligent/Goblin/Goblin_Scrapper/SFX_Goblin_Scrapper_VO_Intrigued.json","696","34B06BBD8C2A0EB61E8F57CA1F0C3596E18E94DAB4D030B3DE2698A66570105C"
"sound-definitions","SFX_Goblin_Scrapper_VO_Kick_Ground","SoundEvents/SFX/NPC/Intelligent/Goblin/Goblin_Scrapper/SFX_Goblin_Scrapper_VO_Kick_Ground","Server/Audio/SoundEvents/SFX/NPC/Intelligent/Goblin/Goblin_Scrapper/SFX_Goblin_Scrapper_VO_Kick_Ground.json","708","26114D29E6A5D1E5D51470C286AF929FFF55099A91D1FF4FEA7689E84B58A2D0"
"sound-definitions","SFX_Goblin_Scrapper_VO_Laugh","SoundEvents/SFX/NPC/Intelligent/Goblin/Goblin_Scrapper/SFX_Goblin_Scrapper_VO_Laugh","Server/Audio/SoundEvents/SFX/NPC/Intelligent/Goblin/Goblin_Scrapper/SFX_Goblin_Scrapper_VO_Laugh.json","778","7E0272856EEE2149B3CB8BD02722672B6EED33AA019C7DD441E2252AA29CE50B"
"sound-definitions","SFX_Goblin_Scrapper_VO_Rally","SoundEvents/SFX/NPC/Intelligent/Goblin/Goblin_Scrapper/SFX_Goblin_Scrapper_VO_Rally","Server/Audio/SoundEvents/SFX/NPC/Intelligent/Goblin/Goblin_Scrapper/SFX_Goblin_Scrapper_VO_Rally.json","943","BEA627303B68F4D4362C6D5B54D01A57016BA645A09F426A704C8D9599D97EE2"
"sound-definitions","SFX_Goblin_Scrapper_VO_Scared","SoundEvents/SFX/NPC/Intelligent/Goblin/Goblin_Scrapper/SFX_Goblin_Scrapper_VO_Scared","Server/Audio/SoundEvents/SFX/NPC/Intelligent/Goblin/Goblin_Scrapper/SFX_Goblin_Scrapper_VO_Scared.json","951","08A3A14E0B18189875338771079151F99A8C2F600916E1A109A420B5633CAB28"
"sound-definitions","SFX_Goblin_Scrapper_VO_Scold","SoundEvents/SFX/NPC/Intelligent/Goblin/Goblin_Scrapper/SFX_Goblin_Scrapper_VO_Scold","Server/Audio/SoundEvents/SFX/NPC/Intelligent/Goblin/Goblin_Scrapper/SFX_Goblin_Scrapper_VO_Scold.json","690","CDC2443CE1AF64C93E8E6A10DFDDDA23515E1BBFB58A7C0932E84B831DBC2166"
"sound-definitions","SFX_Goblin_Scrapper_VO_Search","SoundEvents/SFX/NPC/Intelligent/Goblin/Goblin_Scrapper/SFX_Goblin_Scrapper_VO_Search","Server/Audio/SoundEvents/SFX/NPC/Intelligent/Goblin/Goblin_Scrapper/SFX_Goblin_Scrapper_VO_Search.json","690","D3178BE87333E329E9703B139F98502CEAB7D69E550571FF3684E0E93D155235"
"sound-definitions","SFX_Goblin_Scrapper_VO_Sleep_Loop","SoundEvents/SFX/NPC/Intelligent/Goblin/Goblin_Scrapper/SFX_Goblin_Scrapper_VO_Sleep_Loop","Server/Audio/SoundEvents/SFX/NPC/Intelligent/Goblin/Goblin_Scrapper/SFX_Goblin_Scrapper_VO_Sleep_Loop.json","723","F323AF777017F8C25C2C3D9B3E45F4F024E290D23D06C670D0E551039396CEBC"
"sound-definitions","SFX_Goblin_Scrapper_VO_Startled","SoundEvents/SFX/NPC/Intelligent/Goblin/Goblin_Scrapper/SFX_Goblin_Scrapper_VO_Startled","Server/Audio/SoundEvents/SFX/NPC/Intelligent/Goblin/Goblin_Scrapper/SFX_Goblin_Scrapper_VO_Startled.json","1865","9C9A85991415EE1C506C59FC6E90DB6E9D90DC58D9CC4C423C01985E41AE401A"
"sound-definitions","SFX_Goblin_Scrapper_VO_Taunt","SoundEvents/SFX/NPC/Intelligent/Goblin/Goblin_Scrapper/SFX_Goblin_Scrapper_VO_Taunt","Server/Audio/SoundEvents/SFX/NPC/Intelligent/Goblin/Goblin_Scrapper/SFX_Goblin_Scrapper_VO_Taunt.json","691","0C3F8A99B7BEA134E011756B313C45B050368F0FEDA3DB35E917C291ABE1797B"
"sound-definitions","SFX_Goblin_Scrapper_VO_Thrown_Scream","SoundEvents/SFX/NPC/Intelligent/Goblin/Goblin_Scrapper/SFX_Goblin_Scrapper_VO_Thrown_Scream","Server/Audio/SoundEvents/SFX/NPC/Intelligent/Goblin/Goblin_Scrapper/SFX_Goblin_Scrapper_VO_Thrown_Scream.json","708","177F8A78989DCC0E4F2D0202AF703A2B0E9C9090322B7C7D1063EF19B7E41E67"
"sound-definitions","SFX_Goblin_Scrapper_VO_Tired_Sweat","SoundEvents/SFX/NPC/Intelligent/Goblin/Goblin_Scrapper/SFX_Goblin_Scrapper_VO_Tired_Sweat","Server/Audio/SoundEvents/SFX/NPC/Intelligent/Goblin/Goblin_Scrapper/SFX_Goblin_Scrapper_VO_Tired_Sweat.json","615","870088C727042C07081A37CE5DBC585B571CF509668FB03AECB20813F3F588CA"
"sound-definitions","SFX_Klops_Alerted","SoundEvents/SFX/NPC/Intelligent/Klops/SFX_Klops_Alerted","Server/Audio/SoundEvents/SFX/NPC/Intelligent/Klops/SFX_Klops_Alerted.json","904","4FD4CEA5EBADB35B6A22C402E8398A20440A7B4BA60080C31CB1DEF5AE4AFD7B"
"sound-definitions","SFX_Klops_Death","SoundEvents/SFX/NPC/Intelligent/Klops/SFX_Klops_Death","Server/Audio/SoundEvents/SFX/NPC/Intelligent/Klops/SFX_Klops_Death.json","841","732C48EEC80E1FFBBA431A3FF55FB93C0188DB1AE1A82A111A0B6D466E7C98FA"
"sound-definitions","SFX_Klops_Hurt","SoundEvents/SFX/NPC/Intelligent/Klops/SFX_Klops_Hurt","Server/Audio/SoundEvents/SFX/NPC/Intelligent/Klops/SFX_Klops_Hurt.json","814","1DF2EA2A6BB13B7B2CB07943746E4689F81D8F01C24AC2CF70E511FCDD030EC5"
"sound-definitions","SFX_Klops_Idle","SoundEvents/SFX/NPC/Intelligent/Klops/SFX_Klops_Idle","Server/Audio/SoundEvents/SFX/NPC/Intelligent/Klops/SFX_Klops_Idle.json","573","A6EC083A3D6629AE8CC233C9C14F1CC9FCAEB0D95EC70CB5010EDD50F0E95BE6"
"sound-definitions","SFX_Klops_Run","SoundEvents/SFX/NPC/Intelligent/Klops/SFX_Klops_Run","Server/Audio/SoundEvents/SFX/NPC/Intelligent/Klops/SFX_Klops_Run.json","710","048917917AC2E6565996BDD44E71D77C0265B296ADD05AFC9B71E0B2DD939F53"
"sound-definitions","SFX_Outlander_Hurt","SoundEvents/SFX/NPC/Intelligent/Outlander/SFX_Outlander_Hurt","Server/Audio/SoundEvents/SFX/NPC/Intelligent/Outlander/SFX_Outlander_Hurt.json","622","4A9D0BAF924DD35460C03C041AA723E275F48112AED7B4010279F629A30738F5"
"sound-definitions","SFX_Trork_Chieftain_Alerted","SoundEvents/SFX/NPC/Intelligent/Trork_Chieftain/SFX_Trork_Chieftain_Alerted","Server/Audio/SoundEvents/SFX/NPC/Intelligent/Trork_Chieftain/SFX_Trork_Chieftain_Alerted.json","748","6E801733C2C95954058B29E0D51A05CCBEA86E374FAF2EAF547C5EDB0783C6D3"
"sound-definitions","SFX_Trork_Chieftain_Death","SoundEvents/SFX/NPC/Intelligent/Trork_Chieftain/SFX_Trork_Chieftain_Death","Server/Audio/SoundEvents/SFX/NPC/Intelligent/Trork_Chieftain/SFX_Trork_Chieftain_Death.json","648","9EC588660349F2BC601D6B58BABD4D030563B3068DFC8A3D9050580EBECF8E73"
"sound-definitions","SFX_Trork_Chieftain_Hurt","SoundEvents/SFX/NPC/Intelligent/Trork_Chieftain/SFX_Trork_Chieftain_Hurt","Server/Audio/SoundEvents/SFX/NPC/Intelligent/Trork_Chieftain/SFX_Trork_Chieftain_Hurt.json","685","405D7EEFDA8017BBC9CA714D69A093DA8620035652131E7753813DAB69D36745"
"sound-definitions","SFX_Trork_Chieftain_Run","SoundEvents/SFX/NPC/Intelligent/Trork_Chieftain/SFX_Trork_Chieftain_Run","Server/Audio/SoundEvents/SFX/NPC/Intelligent/Trork_Chieftain/SFX_Trork_Chieftain_Run.json","767","C8B3BDDD81BD201EF37CFD3732B1E431B99BE33E4E357B9759E5372F68BDE7B0"
"sound-definitions","SFX_Trork_Chieftain_Search","SoundEvents/SFX/NPC/Intelligent/Trork_Chieftain/SFX_Trork_Chieftain_Search","Server/Audio/SoundEvents/SFX/NPC/Intelligent/Trork_Chieftain/SFX_Trork_Chieftain_Search.json","678","7C816C20B077E45E90A71907622C561BE1009266F06A289064F8728A144591E6"
"sound-definitions","SFX_Trork_Alerted","SoundEvents/SFX/NPC/Intelligent/Trork/SFX_Trork_Alerted","Server/Audio/SoundEvents/SFX/NPC/Intelligent/Trork/SFX_Trork_Alerted.json","910","8B14374DB9F0E33F0D97AD23A95F2BC9E06ED5015AA85FFD75CA5E88BE337E66"
"sound-definitions","SFX_Trork_Death","SoundEvents/SFX/NPC/Intelligent/Trork/SFX_Trork_Death","Server/Audio/SoundEvents/SFX/NPC/Intelligent/Trork/SFX_Trork_Death.json","663","8CC19F62438C1F464B1966C46ACF83954BD328062FF71006C8FD1CD7F657592D"
"sound-definitions","SFX_Trork_Exertion","SoundEvents/SFX/NPC/Intelligent/Trork/SFX_Trork_Exertion","Server/Audio/SoundEvents/SFX/NPC/Intelligent/Trork/SFX_Trork_Exertion.json","584","1C553C8F46DF338AD8F91D027BF16D8D69534FD2709F78ACACA748D43509CD29"
"sound-definitions","SFX_Trork_Hurt_01","SoundEvents/SFX/NPC/Intelligent/Trork/SFX_Trork_Hurt_01","Server/Audio/SoundEvents/SFX/NPC/Intelligent/Trork/SFX_Trork_Hurt_01.json","583","AAEFFCA94F23968E443CB80A8A794D32BC8AC3B8D88310634FA26696F50F86EA"
"sound-definitions","SFX_Trork_Hurt_02","SoundEvents/SFX/NPC/Intelligent/Trork/SFX_Trork_Hurt_02","Server/Audio/SoundEvents/SFX/NPC/Intelligent/Trork/SFX_Trork_Hurt_02.json","525","D4C865398B1F5102D1DC0E57DDD1CCC51394D61F67E40A31A2B3EEBD2A6D143D"
"sound-definitions","SFX_Trork_Run","SoundEvents/SFX/NPC/Intelligent/Trork/SFX_Trork_Run","Server/Audio/SoundEvents/SFX/NPC/Intelligent/Trork/SFX_Trork_Run.json","869","1D9E9BC71570B14DC35BADBAE6837DD90A62DDD43DE57A8B01BA33285CCCA920"
"sound-definitions","SFX_Trork_Search","SoundEvents/SFX/NPC/Intelligent/Trork/SFX_Trork_Search","Server/Audio/SoundEvents/SFX/NPC/Intelligent/Trork/SFX_Trork_Search.json","455","5F4D0A45D3C250665BE97EF2C82FDE92B01457D2C15102DADFF6C4DF0B52112F"
"sound-definitions","SFX_Trork_Sleep","SoundEvents/SFX/NPC/Intelligent/Trork/SFX_Trork_Sleep","Server/Audio/SoundEvents/SFX/NPC/Intelligent/Trork/SFX_Trork_Sleep.json","411","6CAFC91C0F88EDE48FF1680913C3F8CF8553ABB17900EEABEE5E826D58540EBF"
"sound-definitions","SFX_Boar_Alerted","SoundEvents/SFX/NPC/Livestock/Boar/SFX_Boar_Alerted","Server/Audio/SoundEvents/SFX/NPC/Livestock/Boar/SFX_Boar_Alerted.json","546","304F62CFE0077E74F3B159EA02F01F6556CB626662BC1D3CC377E5FB1BAB6F5C"
"sound-definitions","SFX_Boar_Death","SoundEvents/SFX/NPC/Livestock/Boar/SFX_Boar_Death","Server/Audio/SoundEvents/SFX/NPC/Livestock/Boar/SFX_Boar_Death.json","540","55F8F055EF9639E437A593A28198DFA34E84C11C97C424C65C3E58B9988F5CCE"
"sound-definitions","SFX_Boar_Hurt","SoundEvents/SFX/NPC/Livestock/Boar/SFX_Boar_Hurt","Server/Audio/SoundEvents/SFX/NPC/Livestock/Boar/SFX_Boar_Hurt.json","715","2E9608E893DD1983C56DF6E108FD5AB65985C4ABF2862E1D00DC18C7AB87A0F8"
"sound-definitions","SFX_Boar_Run","SoundEvents/SFX/NPC/Livestock/Boar/SFX_Boar_Run","Server/Audio/SoundEvents/SFX/NPC/Livestock/Boar/SFX_Boar_Run.json","1196","E4567727B9C74FC40E8E7FBA66FADD6676F17730654DD71EA20CE0EC385D160F"
"sound-definitions","SFX_Boar_Sleep","SoundEvents/SFX/NPC/Livestock/Boar/SFX_Boar_Sleep","Server/Audio/SoundEvents/SFX/NPC/Livestock/Boar/SFX_Boar_Sleep.json","470","C56F4B00485F423FCA83E9C9958392153B8927C6772DD5B13C1AD7474A5BDD9F"
"sound-definitions","SFX_Boar_Walk","SoundEvents/SFX/NPC/Livestock/Boar/SFX_Boar_Walk","Server/Audio/SoundEvents/SFX/NPC/Livestock/Boar/SFX_Boar_Walk.json","598","819DD5AE98D0100D58730718DF7FA8C0CF5F0727C1823B0F01662DE5EE43574B"
"sound-definitions","SFX_Bunny_Alerted","SoundEvents/SFX/NPC/Livestock/Bunny/SFX_Bunny_Alerted","Server/Audio/SoundEvents/SFX/NPC/Livestock/Bunny/SFX_Bunny_Alerted.json","653","F3C18695A2D4B56B19CF1C5AA72F2A1A466298D90E4F97F9631F059B705101BC"
"sound-definitions","SFX_Bunny_Death","SoundEvents/SFX/NPC/Livestock/Bunny/SFX_Bunny_Death","Server/Audio/SoundEvents/SFX/NPC/Livestock/Bunny/SFX_Bunny_Death.json","717","683AC294C428A65659DCA50D2BB3CDF784AF20C4B924C8941BA3C13668E59BFB"
"sound-definitions","SFX_Bunny_Hurt","SoundEvents/SFX/NPC/Livestock/Bunny/SFX_Bunny_Hurt","Server/Audio/SoundEvents/SFX/NPC/Livestock/Bunny/SFX_Bunny_Hurt.json","630","6F98D5B68DA157947D7AC0BCBFE3AB8F39D59C1ED44BC9DB6ACEAB52AAC14D39"
"sound-definitions","SFX_Calf_Hurt","SoundEvents/SFX/NPC/Livestock/Calf/SFX_Calf_Hurt","Server/Audio/SoundEvents/SFX/NPC/Livestock/Calf/SFX_Calf_Hurt.json","747","7B86B400FD725A5EC9138657E500802B77ECC2B521C1196BF520A6FAF2AA866C"
"sound-definitions","SFX_Calf_Run","SoundEvents/SFX/NPC/Livestock/Calf/SFX_Calf_Run","Server/Audio/SoundEvents/SFX/NPC/Livestock/Calf/SFX_Calf_Run.json","593","63A12D325A9879635D21F0BBC4A064B7DC6891187D131D990410F16669692BB9"
"sound-definitions","SFX_Calf_Walk","SoundEvents/SFX/NPC/Livestock/Calf/SFX_Calf_Walk","Server/Audio/SoundEvents/SFX/NPC/Livestock/Calf/SFX_Calf_Walk.json","598","503CCD70AA5C7286EBD938DA35FFB42598FF8467BC79035AAA66180B8DA0E951"
"sound-definitions","SFX_Chick_Alerted","SoundEvents/SFX/NPC/Livestock/Chick/SFX_Chick_Alerted","Server/Audio/SoundEvents/SFX/NPC/Livestock/Chick/SFX_Chick_Alerted.json","651","2BD79FD9C5B41856B71E3B7FF7E3488593F8077DC1B663A35AE7060922F97F19"
"sound-definitions","SFX_Chick_Death","SoundEvents/SFX/NPC/Livestock/Chick/SFX_Chick_Death","Server/Audio/SoundEvents/SFX/NPC/Livestock/Chick/SFX_Chick_Death.json","437","659409F0FB7C153464BDAC2A3DDDC0851BED91BFCAF79F939A9D76EE1B6FAE07"
"sound-definitions","SFX_Chick_Hurt","SoundEvents/SFX/NPC/Livestock/Chick/SFX_Chick_Hurt","Server/Audio/SoundEvents/SFX/NPC/Livestock/Chick/SFX_Chick_Hurt.json","518","AAD7E245FFB8442C8DEF413B7F0F337A659B7201D3253DACD8EB333C747D1735"
"sound-definitions","SFX_Chicken_Alerted","SoundEvents/SFX/NPC/Livestock/Chicken/SFX_Chicken_Alerted","Server/Audio/SoundEvents/SFX/NPC/Livestock/Chicken/SFX_Chicken_Alerted.json","627","56E6B44688495637502E62B334AB4D040D4A9F3670AA7081AE847E82C1152EAA"
"sound-definitions","SFX_Chicken_Death","SoundEvents/SFX/NPC/Livestock/Chicken/SFX_Chicken_Death","Server/Audio/SoundEvents/SFX/NPC/Livestock/Chicken/SFX_Chicken_Death.json","591","A662EC2D78500E134721D4461C3A8CCE18195DA2C00FA7BAFBFBA9F393E4922B"
"sound-definitions","SFX_Chicken_Flee","SoundEvents/SFX/NPC/Livestock/Chicken/SFX_Chicken_Flee","Server/Audio/SoundEvents/SFX/NPC/Livestock/Chicken/SFX_Chicken_Flee.json","629","2CA8EAC9C43D783B832D542177588C71B0FC263E3BA343399850E20A32D63D83"
"sound-definitions","SFX_Chicken_Hurt","SoundEvents/SFX/NPC/Livestock/Chicken/SFX_Chicken_Hurt","Server/Audio/SoundEvents/SFX/NPC/Livestock/Chicken/SFX_Chicken_Hurt.json","597","A0BD97F40BB0D5E2162E0F99217FA53F52A1CD0EBD3AF9F24E1C05A96754A7A0"
"sound-definitions","SFX_Chicken_Run","SoundEvents/SFX/NPC/Livestock/Chicken/SFX_Chicken_Run","Server/Audio/SoundEvents/SFX/NPC/Livestock/Chicken/SFX_Chicken_Run.json","1043","C34EE28C91B1129ACA107E552D5C3AC5BFCED9750255B8CC6E2CAD31D6C31255"
"sound-definitions","SFX_Chicken_Walk","SoundEvents/SFX/NPC/Livestock/Chicken/SFX_Chicken_Walk","Server/Audio/SoundEvents/SFX/NPC/Livestock/Chicken/SFX_Chicken_Walk.json","601","741CA67185D6D0ED9237DE25AAF3F6E4CC360A9F91DCC5C26322AD42E472E339"
"sound-definitions","SFX_Cow_Alerted","SoundEvents/SFX/NPC/Livestock/Cow/SFX_Cow_Alerted","Server/Audio/SoundEvents/SFX/NPC/Livestock/Cow/SFX_Cow_Alerted.json","493","A08346B41696F7780E1A15DC03AC1BC9E5FB16C0233411695BAA2A7B7A925ACE"
"sound-definitions","SFX_Cow_Death","SoundEvents/SFX/NPC/Livestock/Cow/SFX_Cow_Death","Server/Audio/SoundEvents/SFX/NPC/Livestock/Cow/SFX_Cow_Death.json","487","4315157CE62AAC28BC0ACBE3DCE481A7905FB74BF00489CB0086EBEB1A5E4484"
"sound-definitions","SFX_Cow_Hurt","SoundEvents/SFX/NPC/Livestock/Cow/SFX_Cow_Hurt","Server/Audio/SoundEvents/SFX/NPC/Livestock/Cow/SFX_Cow_Hurt.json","586","D4F44856B160A8A8A072A9939365D59E971CDF45524808247239C46B41C987E7"
"sound-definitions","SFX_Cow_Idle","SoundEvents/SFX/NPC/Livestock/Cow/SFX_Cow_Idle","Server/Audio/SoundEvents/SFX/NPC/Livestock/Cow/SFX_Cow_Idle.json","516","97D0FCE95625357C5DD3DEEC4846B0BB3D5AB5F2FEEB29F0AEDC36D79B1BA23D"
"sound-definitions","SFX_Cow_Run","SoundEvents/SFX/NPC/Livestock/Cow/SFX_Cow_Run","Server/Audio/SoundEvents/SFX/NPC/Livestock/Cow/SFX_Cow_Run.json","593","DA5B2604156C24D791E10256E456F7239A31BA973AFDE419928A3687B4FDD418"
"sound-definitions","SFX_Cow_Sleep","SoundEvents/SFX/NPC/Livestock/Cow/SFX_Cow_Sleep","Server/Audio/SoundEvents/SFX/NPC/Livestock/Cow/SFX_Cow_Sleep.json","378","F018C41982E669615037C94F8151A183983A96282D635C2825F82DFEBC69B4B7"
"sound-definitions","SFX_Cow_Walk","SoundEvents/SFX/NPC/Livestock/Cow/SFX_Cow_Walk","Server/Audio/SoundEvents/SFX/NPC/Livestock/Cow/SFX_Cow_Walk.json","596","0E3DC8E2914533EEB01335FE7735D6F66B4A8BB653F8FE202A5C26060B6769A9"
"sound-definitions","SFX_Goat_Alerted","SoundEvents/SFX/NPC/Livestock/Goat/SFX_Goat_Alerted","Server/Audio/SoundEvents/SFX/NPC/Livestock/Goat/SFX_Goat_Alerted.json","728","C5822C9897EDB7056B11B3956AF0477EBE9F907E69248A6131FFA2C71F0C7BE2"
"sound-definitions","SFX_Goat_Death","SoundEvents/SFX/NPC/Livestock/Goat/SFX_Goat_Death","Server/Audio/SoundEvents/SFX/NPC/Livestock/Goat/SFX_Goat_Death.json","651","26494B0543BADFEA331F687F0B2A4091A332038010010C13E4C163674BA4B30E"
"sound-definitions","SFX_Goat_Hurt","SoundEvents/SFX/NPC/Livestock/Goat/SFX_Goat_Hurt","Server/Audio/SoundEvents/SFX/NPC/Livestock/Goat/SFX_Goat_Hurt.json","671","2046218F6746B7249BDDB9661CDDC46789BA5960F9F3B5946A2FDEA151471346"
"sound-definitions","SFX_Goat_Idle","SoundEvents/SFX/NPC/Livestock/Goat/SFX_Goat_Idle","Server/Audio/SoundEvents/SFX/NPC/Livestock/Goat/SFX_Goat_Idle.json","1376","86FC368CE7D5AD48FBD40A427366F5C31297CFBF1A67A8872B6A8C92279B59AC"
"sound-definitions","SFX_Goat_Run","SoundEvents/SFX/NPC/Livestock/Goat/SFX_Goat_Run","Server/Audio/SoundEvents/SFX/NPC/Livestock/Goat/SFX_Goat_Run.json","646","BF8E78D278A38F54C81C7C7F18CE2B9F4422E518C8C9F0B7D5C11143CB918FB5"
"sound-definitions","SFX_Goat_Sleep","SoundEvents/SFX/NPC/Livestock/Goat/SFX_Goat_Sleep","Server/Audio/SoundEvents/SFX/NPC/Livestock/Goat/SFX_Goat_Sleep.json","357","E66ABDCB2551B85A0741BDA7CF37C8B0CF4EA97F6901662D2E3A80E00FFA63F6"
"sound-definitions","SFX_Goat_Stomp","SoundEvents/SFX/NPC/Livestock/Goat/SFX_Goat_Stomp","Server/Audio/SoundEvents/SFX/NPC/Livestock/Goat/SFX_Goat_Stomp.json","471","9448904509DD6DA38C154E7342E291B9F1DB6C3D5A6C41A9E8B3A9F57EDDD723"
"sound-definitions","SFX_Goat_Walk","SoundEvents/SFX/NPC/Livestock/Goat/SFX_Goat_Walk","Server/Audio/SoundEvents/SFX/NPC/Livestock/Goat/SFX_Goat_Walk.json","644","6C3B4B1E26C3185CB5DFE2B7FED46B9FB11DDAD7978AFE31A1092CA7667EC2F0"
"sound-definitions","SFX_Horse_Alerted","SoundEvents/SFX/NPC/Livestock/Horse/SFX_Horse_Alerted","Server/Audio/SoundEvents/SFX/NPC/Livestock/Horse/SFX_Horse_Alerted.json","618","D412811E87343D5EF54E1B0F7797DB34C4CE2D5124A988DEDC4A2351354A01B8"
"sound-definitions","SFX_Horse_Death","SoundEvents/SFX/NPC/Livestock/Horse/SFX_Horse_Death","Server/Audio/SoundEvents/SFX/NPC/Livestock/Horse/SFX_Horse_Death.json","574","F47CE0EF379907462EB429E0D470EFFAD8938916B053DDA6D7D51F1A5DABB79C"
"sound-definitions","SFX_Horse_Hurt","SoundEvents/SFX/NPC/Livestock/Horse/SFX_Horse_Hurt","Server/Audio/SoundEvents/SFX/NPC/Livestock/Horse/SFX_Horse_Hurt.json","745","16C441E1DA2232725C0A404173617F1B930F2C97DB84D453CB5E8ED3A08C8CC8"
"sound-definitions","SFX_Horse_Idle","SoundEvents/SFX/NPC/Livestock/Horse/SFX_Horse_Idle","Server/Audio/SoundEvents/SFX/NPC/Livestock/Horse/SFX_Horse_Idle.json","699","AC7D577496D963A2D63C7833B011C505B01D9006088C7530674BA1763F796E47"
"sound-definitions","SFX_Horse_Run","SoundEvents/SFX/NPC/Livestock/Horse/SFX_Horse_Run","Server/Audio/SoundEvents/SFX/NPC/Livestock/Horse/SFX_Horse_Run.json","592","3AAEDD49800B64FC749E7400BA519719806CA66051F346D41FB32EB0E05A6613"
"sound-definitions","SFX_Horse_Sleep","SoundEvents/SFX/NPC/Livestock/Horse/SFX_Horse_Sleep","Server/Audio/SoundEvents/SFX/NPC/Livestock/Horse/SFX_Horse_Sleep.json","503","39A6A6DE8ABB0947A1C524307832C86763A0660D04267EA0369B29874DC0DE5D"
"sound-definitions","SFX_Horse_Wake","SoundEvents/SFX/NPC/Livestock/Horse/SFX_Horse_Wake","Server/Audio/SoundEvents/SFX/NPC/Livestock/Horse/SFX_Horse_Wake.json","550","B653D92DB9C2142D7D49F8C5A896BEB340D08B878910D68AD2E61F449A9E3FCF"
"sound-definitions","SFX_Lamb_Alerted","SoundEvents/SFX/NPC/Livestock/Lamb/SFX_Lamb_Alerted","Server/Audio/SoundEvents/SFX/NPC/Livestock/Lamb/SFX_Lamb_Alerted.json","528","1AE64DF2E84B53707B43023811B72ECE50A33AC1BDC9939CAEA0CBB88D6B2B48"
"sound-definitions","SFX_Lamb_Death","SoundEvents/SFX/NPC/Livestock/Lamb/SFX_Lamb_Death","Server/Audio/SoundEvents/SFX/NPC/Livestock/Lamb/SFX_Lamb_Death.json","543","E372406B4C3E477AF7041C487FCFBF459C9912E2BABCEFCA57A02D97D841FFE1"
"sound-definitions","SFX_Lamb_Hurt","SoundEvents/SFX/NPC/Livestock/Lamb/SFX_Lamb_Hurt","Server/Audio/SoundEvents/SFX/NPC/Livestock/Lamb/SFX_Lamb_Hurt.json","680","CAA845E6BAF265E80002B1093F28C3DE91F45D62180C411F772F34637C2BBF7C"
"sound-definitions","SFX_Mouflon_Alerted","SoundEvents/SFX/NPC/Livestock/Mouflon/SFX_Mouflon_Alerted","Server/Audio/SoundEvents/SFX/NPC/Livestock/Mouflon/SFX_Mouflon_Alerted.json","761","42E9ADE0F681CF2C361356382F7554DF0B68C86A4D7F689BA6829F3B8BEB88EB"
"sound-definitions","SFX_Mouflon_Death","SoundEvents/SFX/NPC/Livestock/Mouflon/SFX_Mouflon_Death","Server/Audio/SoundEvents/SFX/NPC/Livestock/Mouflon/SFX_Mouflon_Death.json","684","DEB15B4D693F3FF0845F15B63AA1B0CD3E50D4A9FE81063AC3BAE4D0B062DA21"
"sound-definitions","SFX_Mouflon_Eat","SoundEvents/SFX/NPC/Livestock/Mouflon/SFX_Mouflon_Eat","Server/Audio/SoundEvents/SFX/NPC/Livestock/Mouflon/SFX_Mouflon_Eat.json","450","A0788E179627A5A2A5F7E6A591BBDC6D39E587D56A3B7385C1CD5A235A553B8F"
"sound-definitions","SFX_Mouflon_Hurt","SoundEvents/SFX/NPC/Livestock/Mouflon/SFX_Mouflon_Hurt","Server/Audio/SoundEvents/SFX/NPC/Livestock/Mouflon/SFX_Mouflon_Hurt.json","704","58EBB8EDF2FB3A30A8D4DD66F36CA09DCFE35CF6325F8EEA42289F409C1EFC16"
"sound-definitions","SFX_Mouflon_Idle","SoundEvents/SFX/NPC/Livestock/Mouflon/SFX_Mouflon_Idle","Server/Audio/SoundEvents/SFX/NPC/Livestock/Mouflon/SFX_Mouflon_Idle.json","1327","3BBD29F212ED6B6E92DA101716D4CD12DAE8FDE3D6F26FC90E3B99FA1BEBF699"
"sound-definitions","SFX_Mouflon_Laydown","SoundEvents/SFX/NPC/Livestock/Mouflon/SFX_Mouflon_Laydown","Server/Audio/SoundEvents/SFX/NPC/Livestock/Mouflon/SFX_Mouflon_Laydown.json","490","BEBCD021F9C0048DD382AA7A36DBA745859EC428AE966F91CB73A8221C9AC6F3"
"sound-definitions","SFX_Mouflon_Run","SoundEvents/SFX/NPC/Livestock/Mouflon/SFX_Mouflon_Run","Server/Audio/SoundEvents/SFX/NPC/Livestock/Mouflon/SFX_Mouflon_Run.json","646","BF41027D3B7440416AE4CED5E523D6371AEB81D01A7CEFD1D86545819AD89186"
"sound-definitions","SFX_Mouflon_Sleep","SoundEvents/SFX/NPC/Livestock/Mouflon/SFX_Mouflon_Sleep","Server/Audio/SoundEvents/SFX/NPC/Livestock/Mouflon/SFX_Mouflon_Sleep.json","366","724229F8FF22E1A0953F0C6586A891FB98431E9B63675BBEBDCB56B60F958BED"
"sound-definitions","SFX_Mouflon_Walk","SoundEvents/SFX/NPC/Livestock/Mouflon/SFX_Mouflon_Walk","Server/Audio/SoundEvents/SFX/NPC/Livestock/Mouflon/SFX_Mouflon_Walk.json","648","C507AB30BCA33EE8BEFF6E445BDA643F412910A919B0EDDDE0656BB916428E5A"
"sound-definitions","SFX_Pig_Alerted","SoundEvents/SFX/NPC/Livestock/Pig/SFX_Pig_Alerted","Server/Audio/SoundEvents/SFX/NPC/Livestock/Pig/SFX_Pig_Alerted.json","608","ABFDDBF6B42FF594EB9DA5FF6E38031094109DDC32112433186051FF213105B2"
"sound-definitions","SFX_Pig_Death","SoundEvents/SFX/NPC/Livestock/Pig/SFX_Pig_Death","Server/Audio/SoundEvents/SFX/NPC/Livestock/Pig/SFX_Pig_Death.json","679","760857F89E395B676A07C301F95FE5D11BD5E00FC388859B48A78725DB6EF9FC"
"sound-definitions","SFX_Pig_Hurt","SoundEvents/SFX/NPC/Livestock/Pig/SFX_Pig_Hurt","Server/Audio/SoundEvents/SFX/NPC/Livestock/Pig/SFX_Pig_Hurt.json","611","0EDEEDDF2CD224158C64EB4486D9524BEBC1379BA8019FA0C5CCD9F1C4E7E528"
"sound-definitions","SFX_Pig_Run","SoundEvents/SFX/NPC/Livestock/Pig/SFX_Pig_Run","Server/Audio/SoundEvents/SFX/NPC/Livestock/Pig/SFX_Pig_Run.json","1085","3E8BE24643FB9C2F1AAF17FFE81A4975171A5184580A222515047C5926C02A56"
"sound-definitions","SFX_Pig_Walk","SoundEvents/SFX/NPC/Livestock/Pig/SFX_Pig_Walk","Server/Audio/SoundEvents/SFX/NPC/Livestock/Pig/SFX_Pig_Walk.json","597","6139B1BB5C3C84489214D3F7ED16015A047EF9853AC4B0C42EB29E866F6BAEB9"
"sound-definitions","SFX_Piglet_Alerted","SoundEvents/SFX/NPC/Livestock/Piglet/SFX_Piglet_Alerted","Server/Audio/SoundEvents/SFX/NPC/Livestock/Piglet/SFX_Piglet_Alerted.json","523","70808C017115106353B3242C7F2580CE46E9B47C3CA32841FEC38F6429B82B69"
"sound-definitions","SFX_Piglet_Death","SoundEvents/SFX/NPC/Livestock/Piglet/SFX_Piglet_Death","Server/Audio/SoundEvents/SFX/NPC/Livestock/Piglet/SFX_Piglet_Death.json","654","B55EE7CD3BA1D5D02BDBD3A3DDCD74D5DB76136A2CA846C9C31145A0D4244FB7"
"sound-definitions","SFX_Piglet_Hurt","SoundEvents/SFX/NPC/Livestock/Piglet/SFX_Piglet_Hurt","Server/Audio/SoundEvents/SFX/NPC/Livestock/Piglet/SFX_Piglet_Hurt.json","598","7DD44FEF15696964D7587E5A678E53BE182ED50EA5F640FB3C567C6BCA569636"
"sound-definitions","SFX_Piglet_Run","SoundEvents/SFX/NPC/Livestock/Piglet/SFX_Piglet_Run","Server/Audio/SoundEvents/SFX/NPC/Livestock/Piglet/SFX_Piglet_Run.json","560","09D16715135A4FCD8CCFE60D8F22072A51F19E1BFBA04DC9B6F99799271DABA5"
"sound-definitions","SFX_Rabbit_Alerted","SoundEvents/SFX/NPC/Livestock/Rabbit/SFX_Rabbit_Alerted","Server/Audio/SoundEvents/SFX/NPC/Livestock/Rabbit/SFX_Rabbit_Alerted.json","703","FE9C29EAFB865E1EFC81C6D6494E8039FB8236D4A33916AA579F9D8D8039F812"
"sound-definitions","SFX_Rabbit_Death","SoundEvents/SFX/NPC/Livestock/Rabbit/SFX_Rabbit_Death","Server/Audio/SoundEvents/SFX/NPC/Livestock/Rabbit/SFX_Rabbit_Death.json","729","BCD925B872BB5AD6E8827AA4D3BB5FC57EF23CFB1F829064FE46E268540EF653"
"sound-definitions","SFX_Rabbit_Hurt","SoundEvents/SFX/NPC/Livestock/Rabbit/SFX_Rabbit_Hurt","Server/Audio/SoundEvents/SFX/NPC/Livestock/Rabbit/SFX_Rabbit_Hurt.json","716","ECEA3D6C9914B599AC10365941F5BFBB5AB856BEC4E817BBBE786E8B6A9A5D72"
"sound-definitions","SFX_Rabbit_Run","SoundEvents/SFX/NPC/Livestock/Rabbit/SFX_Rabbit_Run","Server/Audio/SoundEvents/SFX/NPC/Livestock/Rabbit/SFX_Rabbit_Run.json","653","A4990638420F1F03B7934FFA00D50A7E7FFEC383BEEF3A443CFDA5A7BE4961E7"
"sound-definitions","SFX_Rabbit_Sleep","SoundEvents/SFX/NPC/Livestock/Rabbit/SFX_Rabbit_Sleep","Server/Audio/SoundEvents/SFX/NPC/Livestock/Rabbit/SFX_Rabbit_Sleep.json","516","575FB797D1217BE21A9C5B653E2E4C2A16A865C4B409B2499F99FFF8872CAE94"
"sound-definitions","SFX_Ram_Alerted","SoundEvents/SFX/NPC/Livestock/Ram/SFX_Ram_Alerted","Server/Audio/SoundEvents/SFX/NPC/Livestock/Ram/SFX_Ram_Alerted.json","638","34D77A4BF68B14E93A94CDB8B050BD70A3BDDD94D1291B7B8CA75261CD399C0C"
"sound-definitions","SFX_Ram_Death","SoundEvents/SFX/NPC/Livestock/Ram/SFX_Ram_Death","Server/Audio/SoundEvents/SFX/NPC/Livestock/Ram/SFX_Ram_Death.json","526","DC4DFDCA14942F74B6C11E322A43A8CA68662D8B54278A2E3EE7FC4824165BD7"
"sound-definitions","SFX_Ram_Hurt","SoundEvents/SFX/NPC/Livestock/Ram/SFX_Ram_Hurt","Server/Audio/SoundEvents/SFX/NPC/Livestock/Ram/SFX_Ram_Hurt.json","780","04A3918BE58C0DF6B28B299C7DBB8446D2A5E80410F8AF06205C60F413F8D930"
"sound-definitions","SFX_Ram_Run","SoundEvents/SFX/NPC/Livestock/Ram/SFX_Ram_Run","Server/Audio/SoundEvents/SFX/NPC/Livestock/Ram/SFX_Ram_Run.json","669","A743A54333C8489BF6B00D515DC6498BD063BBEE836F2D43389F085B2181B5EE"
"sound-definitions","SFX_Ram_Sleep","SoundEvents/SFX/NPC/Livestock/Ram/SFX_Ram_Sleep","Server/Audio/SoundEvents/SFX/NPC/Livestock/Ram/SFX_Ram_Sleep.json","489","7E284E319F332BF89ABE06F57982F9F1852D41723B96FCF708919E1C8B95A332"
"sound-definitions","SFX_Sheep_Alerted","SoundEvents/SFX/NPC/Livestock/Sheep/SFX_Sheep_Alerted","Server/Audio/SoundEvents/SFX/NPC/Livestock/Sheep/SFX_Sheep_Alerted.json","523","A3EF18C63D45DEDC02C6879B32911F05DFD39E4AD669791673ECFD1FA4F335F6"
"sound-definitions","SFX_Sheep_Death","SoundEvents/SFX/NPC/Livestock/Sheep/SFX_Sheep_Death","Server/Audio/SoundEvents/SFX/NPC/Livestock/Sheep/SFX_Sheep_Death.json","526","60A64CBD3F152414186F14DE8321D1D7C2F7BF671AC74AA097EEC74771A15064"
"sound-definitions","SFX_Sheep_Hurt","SoundEvents/SFX/NPC/Livestock/Sheep/SFX_Sheep_Hurt","Server/Audio/SoundEvents/SFX/NPC/Livestock/Sheep/SFX_Sheep_Hurt.json","534","7227ED2B64B2F7458EC2A7CBC4DFB7912C72B82D21BE4AB537DFED79C7019F90"
"sound-definitions","SFX_Sheep_Run","SoundEvents/SFX/NPC/Livestock/Sheep/SFX_Sheep_Run","Server/Audio/SoundEvents/SFX/NPC/Livestock/Sheep/SFX_Sheep_Run.json","974","59EE165248A2498E78FB4F58872BB427D0E9700C0DCEDA0EF3E7DD9395190817"
"sound-definitions","SFX_Sheep_Sheared","SoundEvents/SFX/NPC/Livestock/Sheep/SFX_Sheep_Sheared","Server/Audio/SoundEvents/SFX/NPC/Livestock/Sheep/SFX_Sheep_Sheared.json","1029","8B11E4190607D0948C24B462B590FFF96438FCB92AE62ABF7C68BAF8E7F28957"
"sound-definitions","SFX_Sheep_Walk","SoundEvents/SFX/NPC/Livestock/Sheep/SFX_Sheep_Walk","Server/Audio/SoundEvents/SFX/NPC/Livestock/Sheep/SFX_Sheep_Walk.json","599","E4D37B0A577A95FF7F6759BB602151377B162832E1ED31979913B24E66884A29"
"sound-definitions","SFX_Turkey_Alerted","SoundEvents/SFX/NPC/Livestock/Turkey/SFX_Turkey_Alerted","Server/Audio/SoundEvents/SFX/NPC/Livestock/Turkey/SFX_Turkey_Alerted.json","745","86503FBF1B0535EFBAA0A8C8F752328BCD4D95157CF2FA690F1CA0BBD1D23CB8"
"sound-definitions","SFX_Turkey_Death","SoundEvents/SFX/NPC/Livestock/Turkey/SFX_Turkey_Death","Server/Audio/SoundEvents/SFX/NPC/Livestock/Turkey/SFX_Turkey_Death.json","688","2DA7D0F972901C4F440B2462131ADB5F033255FC33B9F2AA83C84BF06652C30E"
"sound-definitions","SFX_Turkey_Hurt","SoundEvents/SFX/NPC/Livestock/Turkey/SFX_Turkey_Hurt","Server/Audio/SoundEvents/SFX/NPC/Livestock/Turkey/SFX_Turkey_Hurt.json","693","D0EC89E32C3F8606B76937C08C4785BE4E0562EE537B19283C053718B55CD3D3"
"sound-definitions","SFX_Turkey_Idle","SoundEvents/SFX/NPC/Livestock/Turkey/SFX_Turkey_Idle","Server/Audio/SoundEvents/SFX/NPC/Livestock/Turkey/SFX_Turkey_Idle.json","1078","EEA13871A2F6F4EFA29BDBCADF7401AD2505A626973AC293BC50D4AB43E8A9D4"
"sound-definitions","SFX_Turkey_Idle_Feathers","SoundEvents/SFX/NPC/Livestock/Turkey/SFX_Turkey_Idle_Feathers","Server/Audio/SoundEvents/SFX/NPC/Livestock/Turkey/SFX_Turkey_Idle_Feathers.json","672","8D1DD3B2101A5DC3A4912904136E42BA6721CBB5BC30B5D17AA6C64846CA7C01"
"sound-definitions","SFX_Turkey_Run","SoundEvents/SFX/NPC/Livestock/Turkey/SFX_Turkey_Run","Server/Audio/SoundEvents/SFX/NPC/Livestock/Turkey/SFX_Turkey_Run.json","680","49F04ECB2CFB631CDC642AD6BF352DB18F89BAB3E89B4D27954B11938C2A6F83"
"sound-definitions","SFX_Turkey_Sleep","SoundEvents/SFX/NPC/Livestock/Turkey/SFX_Turkey_Sleep","Server/Audio/SoundEvents/SFX/NPC/Livestock/Turkey/SFX_Turkey_Sleep.json","363","3FB8E278A574671E4AAFA158DF1561B7F406203F265289362AC12A872F4961B1"
"sound-definitions","SFX_Turkey_Walk","SoundEvents/SFX/NPC/Livestock/Turkey/SFX_Turkey_Walk","Server/Audio/SoundEvents/SFX/NPC/Livestock/Turkey/SFX_Turkey_Walk.json","682","750812BB997BE472023CA8C4D4DAD0BEC1EB5AF9A7061A6A2346E97C60594562"
"sound-definitions","SFX_Warthog_Alerted","SoundEvents/SFX/NPC/Livestock/Warthog/SFX_Warthog_Alerted","Server/Audio/SoundEvents/SFX/NPC/Livestock/Warthog/SFX_Warthog_Alerted.json","736","9DEDF5BEEB4E5F4F16BCD269727D818EABCEE7DC16BB86FEAFDF59AB74AEBC89"
"sound-definitions","SFX_Warthog_Death","SoundEvents/SFX/NPC/Livestock/Warthog/SFX_Warthog_Death","Server/Audio/SoundEvents/SFX/NPC/Livestock/Warthog/SFX_Warthog_Death.json","618","EE46EDA9C092734D2CDD273999B1199C4A40968B04DAAF25171E0C65C8F027C5"
"sound-definitions","SFX_Warthog_Hurt","SoundEvents/SFX/NPC/Livestock/Warthog/SFX_Warthog_Hurt","Server/Audio/SoundEvents/SFX/NPC/Livestock/Warthog/SFX_Warthog_Hurt.json","766","BB79370D571513D66FAD8D2B876A5C4BB0908D533D5F9D9E05DCBE06AC14EC6B"
"sound-definitions","SFX_Warthog_Piglet_Alerted","SoundEvents/SFX/NPC/Livestock/Warthog/SFX_Warthog_Piglet_Alerted","Server/Audio/SoundEvents/SFX/NPC/Livestock/Warthog/SFX_Warthog_Piglet_Alerted.json","594","EF729A0D905D84CFC1B9D4A3DB80383D2288401A8FCFA5B191D5C0FEAA65654F"
"sound-definitions","SFX_Warthog_Piglet_Death","SoundEvents/SFX/NPC/Livestock/Warthog/SFX_Warthog_Piglet_Death","Server/Audio/SoundEvents/SFX/NPC/Livestock/Warthog/SFX_Warthog_Piglet_Death.json","734","F8E7E36ADFE380972052B7528475DAB7FDE64463187BA9F75C649A16C7DEF30B"
"sound-definitions","SFX_Warthog_Piglet_Hurt","SoundEvents/SFX/NPC/Livestock/Warthog/SFX_Warthog_Piglet_Hurt","Server/Audio/SoundEvents/SFX/NPC/Livestock/Warthog/SFX_Warthog_Piglet_Hurt.json","662","C207C542A4AAEF7CC37C64F4144BA1E639A82375EB3B9495C50059E6FD44E263"
"sound-definitions","SFX_Warthog_Piglet_Run","SoundEvents/SFX/NPC/Livestock/Warthog/SFX_Warthog_Piglet_Run","Server/Audio/SoundEvents/SFX/NPC/Livestock/Warthog/SFX_Warthog_Piglet_Run.json","634","B3178815A3E2E563062318A0B961874E2590B7676847F90DDA1414B392615C71"
"sound-definitions","SFX_Warthog_Run","SoundEvents/SFX/NPC/Livestock/Warthog/SFX_Warthog_Run","Server/Audio/SoundEvents/SFX/NPC/Livestock/Warthog/SFX_Warthog_Run.json","1153","E6F5EE50A3844F662A156D9A0A63946407230A49ECBC7CF784EE743EDDED0D9D"
"sound-definitions","SFX_Warthog_Sleep","SoundEvents/SFX/NPC/Livestock/Warthog/SFX_Warthog_Sleep","Server/Audio/SoundEvents/SFX/NPC/Livestock/Warthog/SFX_Warthog_Sleep.json","531","B920308DBB36B80E1D87B85F72C4B9C0D5D0629FA504E3705F357F16D533E9F5"
"sound-definitions","SFX_Warthog_Walk","SoundEvents/SFX/NPC/Livestock/Warthog/SFX_Warthog_Walk","Server/Audio/SoundEvents/SFX/NPC/Livestock/Warthog/SFX_Warthog_Walk.json","1224","58CB4DBE1FB3EA118CD0BAD72D3F4E4A15EFB12EF9463B68288547846B770660"
"sound-definitions","SFX_Dragon_Sleep","SoundEvents/SFX/NPC/Mythic/Dragon/SFX_Dragon_Sleep","Server/Audio/SoundEvents/SFX/NPC/Mythic/Dragon/SFX_Dragon_Sleep.json","379","9858A2AA88ED8EC70F2441F03699CD903920630F7BD4CFCE9DD0BFD38B4E87E7"
"sound-definitions","SFX_Rex_Alerted","SoundEvents/SFX/NPC/Mythic/Rex/SFX_Rex_Alerted","Server/Audio/SoundEvents/SFX/NPC/Mythic/Rex/SFX_Rex_Alerted.json","549","1822C8D462EE9CFEBD5FC949683B577C49A0048E116AD79F5758F89C13306466"
"sound-definitions","SFX_Rex_Bite","SoundEvents/SFX/NPC/Mythic/Rex/SFX_Rex_Bite","Server/Audio/SoundEvents/SFX/NPC/Mythic/Rex/SFX_Rex_Bite.json","442","DF1ECB6F9680EBC48BBE39E7AAA654C6C1B95C5C45EB26074867332A754B53A5"
"sound-definitions","SFX_Rex_Death","SoundEvents/SFX/NPC/Mythic/Rex/SFX_Rex_Death","Server/Audio/SoundEvents/SFX/NPC/Mythic/Rex/SFX_Rex_Death.json","896","F2BF74F2EBFAB7D541967793DF66616895D0B77C1F0248C71AE7AC6074BF9F44"
"sound-definitions","SFX_Rex_Hurt","SoundEvents/SFX/NPC/Mythic/Rex/SFX_Rex_Hurt","Server/Audio/SoundEvents/SFX/NPC/Mythic/Rex/SFX_Rex_Hurt.json","561","D95BF49D1BD1DCEB7437FCA97B1F762FACA6B80ACA571B264D5E263FD3DB6351"
"sound-definitions","SFX_Rex_Walk","SoundEvents/SFX/NPC/Mythic/Rex/SFX_Rex_Walk","Server/Audio/SoundEvents/SFX/NPC/Mythic/Rex/SFX_Rex_Walk.json","482","7BD90155011C624353A13934AD7F108E651BEC05CFC1257641FB2CFA86F1555F"
"sound-definitions","SFX_Fish_Death","SoundEvents/SFX/NPC/Ocean/Fish/SFX_Fish_Death","Server/Audio/SoundEvents/SFX/NPC/Ocean/Fish/SFX_Fish_Death.json","587","B43D31C74680E38EBC3D569B3FD5CB860556C241BF3CD278407D55A298C461CE"
"sound-definitions","SFX_Fish_Flee","SoundEvents/SFX/NPC/Ocean/Fish/SFX_Fish_Flee","Server/Audio/SoundEvents/SFX/NPC/Ocean/Fish/SFX_Fish_Flee.json","598","F60885D9108CB64F442D7CD3B1C5E083D3994807ECC438C57E8AE73FAAE84941"
"sound-definitions","SFX_Fish_Hurt","SoundEvents/SFX/NPC/Ocean/Fish/SFX_Fish_Hurt","Server/Audio/SoundEvents/SFX/NPC/Ocean/Fish/SFX_Fish_Hurt.json","585","981EA3C2E8C1F490F2A54489D07A3F9FC8D33940B752982F08970D44A668C87E"
"sound-definitions","SFX_Shark_Death","SoundEvents/SFX/NPC/Ocean/Shark/SFX_Shark_Death","Server/Audio/SoundEvents/SFX/NPC/Ocean/Shark/SFX_Shark_Death.json","531","CD9CABEA9909C01FC77DB59EB081A9CA49ACAF6339EFD20EBB7BCCFC4A0DA69C"
"sound-definitions","SFX_Shark_Dive","SoundEvents/SFX/NPC/Ocean/Shark/SFX_Shark_Dive","Server/Audio/SoundEvents/SFX/NPC/Ocean/Shark/SFX_Shark_Dive.json","591","58BAF2D084A05AB1813D505D595AA227F8F470688778710B5AD75E3B57F904FA"
"sound-definitions","SFX_Shark_Hurt","SoundEvents/SFX/NPC/Ocean/Shark/SFX_Shark_Hurt","Server/Audio/SoundEvents/SFX/NPC/Ocean/Shark/SFX_Shark_Hurt.json","780","A97FB03D6B71865DFE8F3DF84029A583181E0FBE3731061D97676AE7CE400F93"
"sound-definitions","SFX_Shark_Swim","SoundEvents/SFX/NPC/Ocean/Shark/SFX_Shark_Swim","Server/Audio/SoundEvents/SFX/NPC/Ocean/Shark/SFX_Shark_Swim.json","717","820A46BE7C844266A8BF889F2B68EFFB507168E196C626530F59B99C805C99D6"
"sound-definitions","SFX_Skeleton_Praetorian_Alerted","SoundEvents/SFX/NPC/Undead/Praetorian/SFX_Skeleton_Praetorian_Alerted","Server/Audio/SoundEvents/SFX/NPC/Undead/Praetorian/SFX_Skeleton_Praetorian_Alerted.json","687","BD1B3EAEA181D6B3F3B43AAF9ADED33DFC0684C02385D4A521B26861DD011638"
"sound-definitions","SFX_Skeleton_Praetorian_Death_1","SoundEvents/SFX/NPC/Undead/Praetorian/SFX_Skeleton_Praetorian_Death_1","Server/Audio/SoundEvents/SFX/NPC/Undead/Praetorian/SFX_Skeleton_Praetorian_Death_1.json","1095","23D3CC5F8E6961F8F11795FBCB878C1B66A045FACE8E841AA705AFF124ECAADB"
"sound-definitions","SFX_Skeleton_Praetorian_Death_2","SoundEvents/SFX/NPC/Undead/Praetorian/SFX_Skeleton_Praetorian_Death_2","Server/Audio/SoundEvents/SFX/NPC/Undead/Praetorian/SFX_Skeleton_Praetorian_Death_2.json","938","D8C80907DFB9251780DF456DFAA3B848713980CFE828B46616BAF294C0350673"
"sound-definitions","SFX_Skeleton_Praetorian_Death_3","SoundEvents/SFX/NPC/Undead/Praetorian/SFX_Skeleton_Praetorian_Death_3","Server/Audio/SoundEvents/SFX/NPC/Undead/Praetorian/SFX_Skeleton_Praetorian_Death_3.json","938","5E9E840D96519A322FFD06A91BF1B7B684167316EF219523B8C7744383935D16"
"sound-definitions","SFX_Skeleton_Praetorian_Death_4","SoundEvents/SFX/NPC/Undead/Praetorian/SFX_Skeleton_Praetorian_Death_4","Server/Audio/SoundEvents/SFX/NPC/Undead/Praetorian/SFX_Skeleton_Praetorian_Death_4.json","938","DA11059D784213FFCF401683EEBCF488849F2883ACE27E33A711837AFFE1709D"
"sound-definitions","SFX_Skeleton_Praetorian_Despawn_1","SoundEvents/SFX/NPC/Undead/Praetorian/SFX_Skeleton_Praetorian_Despawn_1","Server/Audio/SoundEvents/SFX/NPC/Undead/Praetorian/SFX_Skeleton_Praetorian_Despawn_1.json","640","156DAF6AD46BAA8EC78FD74CF0D34A1F70214DB6F4304FF0307077C1EB73D845"
"sound-definitions","SFX_Skeleton_Praetorian_Despawn_2","SoundEvents/SFX/NPC/Undead/Praetorian/SFX_Skeleton_Praetorian_Despawn_2","Server/Audio/SoundEvents/SFX/NPC/Undead/Praetorian/SFX_Skeleton_Praetorian_Despawn_2.json","640","6D8B914E69552E6AF817C8DA1F5927A0EDF87CA9DE934DF7EEBC1F050050CFD6"
"sound-definitions","SFX_Skeleton_Praetorian_Hurt","SoundEvents/SFX/NPC/Undead/Praetorian/SFX_Skeleton_Praetorian_Hurt","Server/Audio/SoundEvents/SFX/NPC/Undead/Praetorian/SFX_Skeleton_Praetorian_Hurt.json","1580","6E18496C9A92099C4861077A8157CA3D74977F9F2638B330A7A04C3647A1949D"
"sound-definitions","SFX_Skeleton_Praetorian_Run","SoundEvents/SFX/NPC/Undead/Praetorian/SFX_Skeleton_Praetorian_Run","Server/Audio/SoundEvents/SFX/NPC/Undead/Praetorian/SFX_Skeleton_Praetorian_Run.json","1134","F4E9E6028CC1FD17F1FD54155B5640F2782843E6B320360AC2D7C4863C63E0AB"
"sound-definitions","SFX_Skeleton_Praetorian_Search_2","SoundEvents/SFX/NPC/Undead/Praetorian/SFX_Skeleton_Praetorian_Search_2","Server/Audio/SoundEvents/SFX/NPC/Undead/Praetorian/SFX_Skeleton_Praetorian_Search_2.json","569","002365CAD7E1DF56A18A32989BDAE793B694333A1A1DCE2B03767D659F7CE4C1"
"sound-definitions","SFX_Skeleton_Praetorian_Spawn_1","SoundEvents/SFX/NPC/Undead/Praetorian/SFX_Skeleton_Praetorian_Spawn_1","Server/Audio/SoundEvents/SFX/NPC/Undead/Praetorian/SFX_Skeleton_Praetorian_Spawn_1.json","835","C3BECFABF305C6AAF2145F68EF51A0DB1C9FC504085321B9B3475CCAC2978A24"
"sound-definitions","SFX_Skeleton_Praetorian_Walk","SoundEvents/SFX/NPC/Undead/Praetorian/SFX_Skeleton_Praetorian_Walk","Server/Audio/SoundEvents/SFX/NPC/Undead/Praetorian/SFX_Skeleton_Praetorian_Walk.json","1116","6B8DCF47E9521B0678B43A6D8A3D92708106E95C4828FF22B1375D052AA07CEF"
"sound-definitions","SFX_Skeleton_Alerted","SoundEvents/SFX/NPC/Undead/Skeleton/SFX_Skeleton_Alerted","Server/Audio/SoundEvents/SFX/NPC/Undead/Skeleton/SFX_Skeleton_Alerted.json","670","BEEF021BBF84D16534D39AAB71FBB6172E4F9319948D78BFA7C04D765B0CDCD0"
"sound-definitions","SFX_Skeleton_Death_1","SoundEvents/SFX/NPC/Undead/Skeleton/SFX_Skeleton_Death_1","Server/Audio/SoundEvents/SFX/NPC/Undead/Skeleton/SFX_Skeleton_Death_1.json","1058","88186778BB92B8AEE3F523DE05CB02F3CB3D8F1B667768472954C6104B34282E"
"sound-definitions","SFX_Skeleton_Death_2","SoundEvents/SFX/NPC/Undead/Skeleton/SFX_Skeleton_Death_2","Server/Audio/SoundEvents/SFX/NPC/Undead/Skeleton/SFX_Skeleton_Death_2.json","901","359227265486CF0F70B5AE32D61BE8C67375A5BADC128B7DF748E340C93D76CA"
"sound-definitions","SFX_Skeleton_Death_3","SoundEvents/SFX/NPC/Undead/Skeleton/SFX_Skeleton_Death_3","Server/Audio/SoundEvents/SFX/NPC/Undead/Skeleton/SFX_Skeleton_Death_3.json","901","94CA5450CD2CC543DA153C2C9D06418F026AC8B78B24F5F08734C9281CDB2B6E"
"sound-definitions","SFX_Skeleton_Death_4","SoundEvents/SFX/NPC/Undead/Skeleton/SFX_Skeleton_Death_4","Server/Audio/SoundEvents/SFX/NPC/Undead/Skeleton/SFX_Skeleton_Death_4.json","901","74B4823B306825144E5B42981757472D6883990B5C46DB77F117489D29262D4E"
"sound-definitions","SFX_Skeleton_Despawn_1","SoundEvents/SFX/NPC/Undead/Skeleton/SFX_Skeleton_Despawn_1","Server/Audio/SoundEvents/SFX/NPC/Undead/Skeleton/SFX_Skeleton_Despawn_1.json","615","E6D6F771BC8DCC432009935D2E01564A412BE04BD906C5EC6A1AF899CF29A788"
"sound-definitions","SFX_Skeleton_Despawn_2","SoundEvents/SFX/NPC/Undead/Skeleton/SFX_Skeleton_Despawn_2","Server/Audio/SoundEvents/SFX/NPC/Undead/Skeleton/SFX_Skeleton_Despawn_2.json","615","CE130BAD7BDE80E38C970372F2393EE9C1A50A8E1B9A1A29783EF6524AFC8F0F"
"sound-definitions","SFX_Skeleton_Hurt","SoundEvents/SFX/NPC/Undead/Skeleton/SFX_Skeleton_Hurt","Server/Audio/SoundEvents/SFX/NPC/Undead/Skeleton/SFX_Skeleton_Hurt.json","751","90B53B710156800E299918FCDE962030EB0ABF0DFB1EA070CC80417BA14E9CE5"
"sound-definitions","SFX_Skeleton_Run","SoundEvents/SFX/NPC/Undead/Skeleton/SFX_Skeleton_Run","Server/Audio/SoundEvents/SFX/NPC/Undead/Skeleton/SFX_Skeleton_Run.json","1085","7D68965B57B600E9DBFB10D413E0FB542E1D0517AB3EE51D71A024E6D501BE0A"
"sound-definitions","SFX_Skeleton_Search_2","SoundEvents/SFX/NPC/Undead/Skeleton/SFX_Skeleton_Search_2","Server/Audio/SoundEvents/SFX/NPC/Undead/Skeleton/SFX_Skeleton_Search_2.json","548","9754801D4068A9A6083F42985AB344E31271F0BFFEAB77822A5D5941329E4087"
"sound-definitions","SFX_Skeleton_Spawn_1","SoundEvents/SFX/NPC/Undead/Skeleton/SFX_Skeleton_Spawn_1","Server/Audio/SoundEvents/SFX/NPC/Undead/Skeleton/SFX_Skeleton_Spawn_1.json","609","3410122AAA323EF5102A3A26B8BCA9BA4C0B613B981FE1F3D042E60CDF53BCAD"
"sound-definitions","SFX_Skeleton_Spawn_2","SoundEvents/SFX/NPC/Undead/Skeleton/SFX_Skeleton_Spawn_2","Server/Audio/SoundEvents/SFX/NPC/Undead/Skeleton/SFX_Skeleton_Spawn_2.json","609","9E2428227492D553AB8699E5E98AD49354DC812A0A102B4B07243C8486B147FB"
"sound-definitions","SFX_Skeleton_Walk","SoundEvents/SFX/NPC/Undead/Skeleton/SFX_Skeleton_Walk","Server/Audio/SoundEvents/SFX/NPC/Undead/Skeleton/SFX_Skeleton_Walk.json","1083","9BDD6E7DD82EE4D939ACB3F6A5D4A50D155F6DE913827390D46D1F51DF12C8DF"
"sound-definitions","SFX_Zombie_Alerted","SoundEvents/SFX/NPC/Undead/Zombie/SFX_Zombie_Alerted","Server/Audio/SoundEvents/SFX/NPC/Undead/Zombie/SFX_Zombie_Alerted.json","779","F1BE07E0BB2000D97F1F1CFCF5A23C062CD17D81596F269D09936BE09D451E03"
"sound-definitions","SFX_Zombie_Attack_Bite","SoundEvents/SFX/NPC/Undead/Zombie/SFX_Zombie_Attack_Bite","Server/Audio/SoundEvents/SFX/NPC/Undead/Zombie/SFX_Zombie_Attack_Bite.json","746","2586515C7AC9B8962482AB98FADB92D367D6D8D144B4574058BE482BF34DDEA0"
"sound-definitions","SFX_Zombie_Attack_Swing","SoundEvents/SFX/NPC/Undead/Zombie/SFX_Zombie_Attack_Swing","Server/Audio/SoundEvents/SFX/NPC/Undead/Zombie/SFX_Zombie_Attack_Swing.json","1332","2286AA9A10FB73D38457968BDA7D25032CCECF00F637F02DBB39F7DCCEBD1D10"
"sound-definitions","SFX_Zombie_Death","SoundEvents/SFX/NPC/Undead/Zombie/SFX_Zombie_Death","Server/Audio/SoundEvents/SFX/NPC/Undead/Zombie/SFX_Zombie_Death.json","807","8B1897ADE2BF20F011633201660E259AD5F795A045A5D54CC08BD4F3C5C193AE"
"sound-definitions","SFX_Zombie_Despawn","SoundEvents/SFX/NPC/Undead/Zombie/SFX_Zombie_Despawn","Server/Audio/SoundEvents/SFX/NPC/Undead/Zombie/SFX_Zombie_Despawn.json","749","2855286E0C20C97AEB4AEC6BE3DBD20873EBD0388264F17380AD5CB1FD914548"
"sound-definitions","SFX_Zombie_Hurt","SoundEvents/SFX/NPC/Undead/Zombie/SFX_Zombie_Hurt","Server/Audio/SoundEvents/SFX/NPC/Undead/Zombie/SFX_Zombie_Hurt.json","679","4E05238197E67733BC789F6991A0A2DC3FE5EBB5B185D89050B6A0C74ADD74BD"
"sound-definitions","SFX_Zombie_Pursuit","SoundEvents/SFX/NPC/Undead/Zombie/SFX_Zombie_Pursuit","Server/Audio/SoundEvents/SFX/NPC/Undead/Zombie/SFX_Zombie_Pursuit.json","985","A7C07CE284A549E5737EF9F82ED675D91759E30067CA0B9085E8A68979915C1B"
"sound-definitions","SFX_Zombie_ScratchBack","SoundEvents/SFX/NPC/Undead/Zombie/SFX_Zombie_ScratchBack","Server/Audio/SoundEvents/SFX/NPC/Undead/Zombie/SFX_Zombie_ScratchBack.json","532","D1990D0B2E8421AD2680A54F738247CF25EC0C605B27F7D3F7BA3D920CFFD3BE"
"sound-definitions","SFX_Zombie_Spawn","SoundEvents/SFX/NPC/Undead/Zombie/SFX_Zombie_Spawn","Server/Audio/SoundEvents/SFX/NPC/Undead/Zombie/SFX_Zombie_Spawn.json","753","050E4E728DC2D3F70873FDE159F879BC7D7E9795CCD601A81B73083D73B4FCF4"
"sound-definitions","SFX_Crawler_Void_Alerted","SoundEvents/SFX/NPC/Void/Crawler_Void/SFX_Crawler_Void_Alerted","Server/Audio/SoundEvents/SFX/NPC/Void/Crawler_Void/SFX_Crawler_Void_Alerted.json","622","D581E5DD14A9B3E6C44B7E56BEA82AEBF655108B4C3A87AC365F189B97968417"
"sound-definitions","SFX_Crawler_Void_Alerted_02","SoundEvents/SFX/NPC/Void/Crawler_Void/SFX_Crawler_Void_Alerted_02","Server/Audio/SoundEvents/SFX/NPC/Void/Crawler_Void/SFX_Crawler_Void_Alerted_02.json","623","B74336242E1D0096DE06427DB98F008B3CF2671B61A6D6DD89B222ECEC557C4D"
"sound-definitions","SFX_Crawler_Void_Death","SoundEvents/SFX/NPC/Void/Crawler_Void/SFX_Crawler_Void_Death","Server/Audio/SoundEvents/SFX/NPC/Void/Crawler_Void/SFX_Crawler_Void_Death.json","583","7B807DF0DE31DE768C515929A89730963655D422F775E13CB1DC464B10936820"
"sound-definitions","SFX_Crawler_Void_Despawn","SoundEvents/SFX/NPC/Void/Crawler_Void/SFX_Crawler_Void_Despawn","Server/Audio/SoundEvents/SFX/NPC/Void/Crawler_Void/SFX_Crawler_Void_Despawn.json","633","1AB85B2C7E752CD5FC471BECFFAB62FC045F8D8C769090C30BFAC35E94A5B0C7"
"sound-definitions","SFX_Crawler_Void_Hurt","SoundEvents/SFX/NPC/Void/Crawler_Void/SFX_Crawler_Void_Hurt","Server/Audio/SoundEvents/SFX/NPC/Void/Crawler_Void/SFX_Crawler_Void_Hurt.json","848","06204CC984ED9FFCA74B49A5FE3179F1F491F3D3304466897CFB0CF36E333DEC"
"sound-definitions","SFX_Crawler_Void_Run","SoundEvents/SFX/NPC/Void/Crawler_Void/SFX_Crawler_Void_Run","Server/Audio/SoundEvents/SFX/NPC/Void/Crawler_Void/SFX_Crawler_Void_Run.json","689","36AFA8C190F28D085D3DF149AD90EBCDE513DC1D60D42AC33654922F5FEA2235"
"sound-definitions","SFX_Crawler_Void_Sleep","SoundEvents/SFX/NPC/Void/Crawler_Void/SFX_Crawler_Void_Sleep","Server/Audio/SoundEvents/SFX/NPC/Void/Crawler_Void/SFX_Crawler_Void_Sleep.json","517","CF5B61A7246562A47EE28BF5595B97137A254BE55281BED5F94420CA943D18E9"
"sound-definitions","SFX_Crawler_Void_Spawn","SoundEvents/SFX/NPC/Void/Crawler_Void/SFX_Crawler_Void_Spawn","Server/Audio/SoundEvents/SFX/NPC/Void/Crawler_Void/SFX_Crawler_Void_Spawn.json","624","00EEF5CA4B9C3BE7008AEE54879057CFE579E8CF02AA2CAD0FC1ED86A6503705"
"sound-definitions","SFX_Crawler_Void_Spawn_02","SoundEvents/SFX/NPC/Void/Crawler_Void/SFX_Crawler_Void_Spawn_02","Server/Audio/SoundEvents/SFX/NPC/Void/Crawler_Void/SFX_Crawler_Void_Spawn_02.json","627","488FE26098DDE8509DFE40AB13CF607CE4B60CF20307C05D4A1A8979BC3D9AEC"
"sound-definitions","SFX_Crawler_Void_Walk","SoundEvents/SFX/NPC/Void/Crawler_Void/SFX_Crawler_Void_Walk","Server/Audio/SoundEvents/SFX/NPC/Void/Crawler_Void/SFX_Crawler_Void_Walk.json","604","52D8D5B2338F174EFAA21A0E9E735A68F229FD3EC3C24C593AF61C3B28061074"
"sound-definitions","SFX_Eye_Void_Alerted","SoundEvents/SFX/NPC/Void/Eye_Void/SFX_Eye_Void_Alerted","Server/Audio/SoundEvents/SFX/NPC/Void/Eye_Void/SFX_Eye_Void_Alerted.json","523","B5B157178F069FF37FE343F1FB028AAF31CF61408BA8AB7D4C2E9669328A4A80"
"sound-definitions","SFX_Eye_Void_Attack_Blast","SoundEvents/SFX/NPC/Void/Eye_Void/SFX_Eye_Void_Attack_Blast","Server/Audio/SoundEvents/SFX/NPC/Void/Eye_Void/SFX_Eye_Void_Attack_Blast.json","460","82F23C13A8F287A9EE95DAF5023788679112CB984BE4FFBD85E63A6AC565E588"
"sound-definitions","SFX_Eye_Void_Attack_Summon","SoundEvents/SFX/NPC/Void/Eye_Void/SFX_Eye_Void_Attack_Summon","Server/Audio/SoundEvents/SFX/NPC/Void/Eye_Void/SFX_Eye_Void_Attack_Summon.json","385","B02D28380DF99FF0E8D354AB896E6015CF1232DABACC0D0A0B584CB5933698B6"
"sound-definitions","SFX_Eye_Void_Death","SoundEvents/SFX/NPC/Void/Eye_Void/SFX_Eye_Void_Death","Server/Audio/SoundEvents/SFX/NPC/Void/Eye_Void/SFX_Eye_Void_Death.json","596","DD50A7B7553A841390BB285F86192CF384EDF47763F6CF74D69C112B26606F86"
"sound-definitions","SFX_Eye_Void_Fly_Movement","SoundEvents/SFX/NPC/Void/Eye_Void/SFX_Eye_Void_Fly_Movement","Server/Audio/SoundEvents/SFX/NPC/Void/Eye_Void/SFX_Eye_Void_Fly_Movement.json","576","644C2262941E424A902D0C9739227152247B3B9EB03D900667B1C3B530993E6D"
"sound-definitions","SFX_Eye_Void_Hurt","SoundEvents/SFX/NPC/Void/Eye_Void/SFX_Eye_Void_Hurt","Server/Audio/SoundEvents/SFX/NPC/Void/Eye_Void/SFX_Eye_Void_Hurt.json","695","47939304FA68C51E5C32FFBCD1BF405E66956F4E3BD266C77A1095270566F7FC"
"sound-definitions","SFX_Eye_Void_Idle","SoundEvents/SFX/NPC/Void/Eye_Void/SFX_Eye_Void_Idle","Server/Audio/SoundEvents/SFX/NPC/Void/Eye_Void/SFX_Eye_Void_Idle.json","529","F3F0A865E5BC37A623FF79E77FEC9646AF883E87625D07C6D8070B4DA8C66051"
"sound-definitions","SFX_Hedera_Scream","SoundEvents/SFX/NPC/Void/Hedera/SFX_Hedera_Scream","Server/Audio/SoundEvents/SFX/NPC/Void/Hedera/SFX_Hedera_Scream.json","407","236AAF375C978597159F2F15CE993A8E561A0BB144E5B7622198CA4021A79D4B"
"sound-definitions","SFX_Spawn_Void_Alerted","SoundEvents/SFX/NPC/Void/Spawn_Void/SFX_Spawn_Void_Alerted","Server/Audio/SoundEvents/SFX/NPC/Void/Spawn_Void/SFX_Spawn_Void_Alerted.json","582","AAC568DDCBB948E418771A395611A1BDC9849657C20F4F41AC0914852A404029"
"sound-definitions","SFX_Spawn_Void_Attack","SoundEvents/SFX/NPC/Void/Spawn_Void/SFX_Spawn_Void_Attack","Server/Audio/SoundEvents/SFX/NPC/Void/Spawn_Void/SFX_Spawn_Void_Attack.json","690","4DA98A624C22B2DD6FBE0069DE5D445160E9C62FF4462C5320136DEB6CC5F313"
"sound-definitions","SFX_Spawn_Void_Death","SoundEvents/SFX/NPC/Void/Spawn_Void/SFX_Spawn_Void_Death","Server/Audio/SoundEvents/SFX/NPC/Void/Spawn_Void/SFX_Spawn_Void_Death.json","638","90B2C8732EA5791D480AC80F7BF3545DFE2757A0F95DBEDAEC802AFB1653179F"
"sound-definitions","SFX_Spawn_Void_Hurt","SoundEvents/SFX/NPC/Void/Spawn_Void/SFX_Spawn_Void_Hurt","Server/Audio/SoundEvents/SFX/NPC/Void/Spawn_Void/SFX_Spawn_Void_Hurt.json","679","C1D032804C07758BDC7705F280D5A8984AFE56AE2C3A3F874DD9DB82DDDAB793"
"sound-definitions","SFX_Spawn_Void_Run","SoundEvents/SFX/NPC/Void/Spawn_Void/SFX_Spawn_Void_Run","Server/Audio/SoundEvents/SFX/NPC/Void/Spawn_Void/SFX_Spawn_Void_Run.json","927","CF047E96DF2EB58F91C0092569056947E817A6481347E3CEDBA308568F2CC51D"
"sound-definitions","SFX_Player_Drop_Item","SoundEvents/SFX/Player/Action/SFX_Player_Drop_Item","Server/Audio/SoundEvents/SFX/Player/Action/SFX_Player_Drop_Item.json","387","33FCEFE628FC4E0A63A5E51AE13842841D32A9C1BCFA19CCC4567650EAD2CBD8"
"sound-definitions","SFX_Player_Grab_Item","SoundEvents/SFX/Player/Action/SFX_Player_Grab_Item","Server/Audio/SoundEvents/SFX/Player/Action/SFX_Player_Grab_Item.json","387","C8F6EC0646A559E88461B146EC0C1796B73491B2B5F8FD5509726762BF402FF6"
"sound-definitions","SFX_Player_Pickup_Item","SoundEvents/SFX/Player/Action/SFX_Player_Pickup_Item","Server/Audio/SoundEvents/SFX/Player/Action/SFX_Player_Pickup_Item.json","311","21458F7C08F282487B447B3C6FCF3C7EFBB91B000423BDC602A8920AD1F79D5B"
"sound-definitions","SFX_Player_Death","SoundEvents/SFX/Player/Health/SFX_Player_Death","Server/Audio/SoundEvents/SFX/Player/Health/SFX_Player_Death.json","219","643E20FC14D6990F2DB2647AF2859708BBE14B4E618B61E06E7894C9A69804B2"
"sound-definitions","SFX_Player_Death_Drown","SoundEvents/SFX/Player/Health/SFX_Player_Death_Drown","Server/Audio/SoundEvents/SFX/Player/Health/SFX_Player_Death_Drown.json","222","91753A1C42D8E398D2C10A9C6E50D0B0E70266454FBAE92497176FF87E803D8D"
"sound-definitions","SFX_Player_Death_Fall","SoundEvents/SFX/Player/Health/SFX_Player_Death_Fall","Server/Audio/SoundEvents/SFX/Player/Health/SFX_Player_Death_Fall.json","223","50AA5BDE6C67F3B0CDBBA16D71DEC858FA9CD1955C49D54735EE1C182F2875DC"
"sound-definitions","SFX_Player_Fall","SoundEvents/SFX/Player/Health/SFX_Player_Fall","Server/Audio/SoundEvents/SFX/Player/Health/SFX_Player_Fall.json","245","C0445C405D7DDFB33E4CEA2077F56FCA53B055AE97D120DF876DA0F010FE15F3"
"sound-definitions","SFX_Player_Hurt","SoundEvents/SFX/Player/Health/SFX_Player_Hurt","Server/Audio/SoundEvents/SFX/Player/Health/SFX_Player_Hurt.json","343","00D70A9E279A120049D57A6DEFC4155C532BC718076F524E573519F740C7C200"
"sound-definitions","SFX_Player_Hurt_Burn","SoundEvents/SFX/Player/Health/SFX_Player_Hurt_Burn","Server/Audio/SoundEvents/SFX/Player/Health/SFX_Player_Hurt_Burn.json","346","6AC4606CE296B18B99838C538C75D52B18B805B6E25ED25D81697B5C57FC314B"
"sound-definitions","SFX_Player_Hurt_Drowning","SoundEvents/SFX/Player/Health/SFX_Player_Hurt_Drowning","Server/Audio/SoundEvents/SFX/Player/Health/SFX_Player_Hurt_Drowning.json","898","660F3B412E1A5AE1847A3AE623BE7D51AD0CCE5FDB5D17C1A35A526185F27BB6"
"sound-definitions","SFX_Player_Hurt_Fall","SoundEvents/SFX/Player/Health/SFX_Player_Hurt_Fall","Server/Audio/SoundEvents/SFX/Player/Health/SFX_Player_Hurt_Fall.json","382","98E5C0F7DA22E6B707351800C8BDBB168A49571221E64267A249D9C7738B5469"
"sound-definitions","SFX_Potion_Drink_Success","SoundEvents/SFX/Player/Health/SFX_Potion_Drink_Success","Server/Audio/SoundEvents/SFX/Player/Health/SFX_Potion_Drink_Success.json","219","444F72C6F22232B4F9717C49E5740FEE08E6A5209E4B6BFC3D20EB3FD0BD56A2"
"sound-definitions","SFX_Player_Climb_Down","SoundEvents/SFX/Player/Movement/SFX_Player_Climb_Down","Server/Audio/SoundEvents/SFX/Player/Movement/SFX_Player_Climb_Down.json","608","64CC486161977D4C7851DD077C72E9902E6CC07A682E22B9BD4606B2136502F8"
"sound-definitions","SFX_Player_Climb_Side","SoundEvents/SFX/Player/Movement/SFX_Player_Climb_Side","Server/Audio/SoundEvents/SFX/Player/Movement/SFX_Player_Climb_Side.json","607","C3308110B10924C9063CCA7B3B7C1411BBDC92E1E67B08C43CDFC2D5A2155A03"
"sound-definitions","SFX_Player_Climb_Up","SoundEvents/SFX/Player/Movement/SFX_Player_Climb_Up","Server/Audio/SoundEvents/SFX/Player/Movement/SFX_Player_Climb_Up.json","623","762FD9EFC6A938D3F0D96D806A773775099BB55E9663D3D149F1815C5806DF63"
"sound-definitions","SFX_Player_Glide_Motion","SoundEvents/SFX/Player/Movement/SFX_Player_Glide_Motion","Server/Audio/SoundEvents/SFX/Player/Movement/SFX_Player_Glide_Motion.json","207","8203A73C5A00862A33E55E1A0E5BAEB7CEAF492A013257B712DDBB2478C3A1E4"
"sound-definitions","SFX_Player_Glide_Stationary","SoundEvents/SFX/Player/Movement/SFX_Player_Glide_Stationary","Server/Audio/SoundEvents/SFX/Player/Movement/SFX_Player_Glide_Stationary.json","211","867B2B4DD2F00AB8C5654CC3C74C0AB7BF868E9858F75002E3F7B5CD7A02E532"
"sound-definitions","SFX_Player_Jump","SoundEvents/SFX/Player/Movement/SFX_Player_Jump","Server/Audio/SoundEvents/SFX/Player/Movement/SFX_Player_Jump.json","1175","A6F556EFFC6E6E952AC135DD784310632D41C533FB2DE545CBE6BEBECB033E42"
"sound-definitions","SFX_Player_Mantle","SoundEvents/SFX/Player/Movement/SFX_Player_Mantle","Server/Audio/SoundEvents/SFX/Player/Movement/SFX_Player_Mantle.json","549","19D6A84D6D71ACA45CCE7C9ADB0B4C6A2AC661E49FB1B06A0592683426099489"
"sound-definitions","SFX_Player_Roll","SoundEvents/SFX/Player/Movement/SFX_Player_Roll","Server/Audio/SoundEvents/SFX/Player/Movement/SFX_Player_Roll.json","494","E39B784AA57F2B35F6AC314A1696F3A679DA5F58CC7187E710BBF9E2260BA76F"
"sound-definitions","SFX_Player_Slide","SoundEvents/SFX/Player/Movement/SFX_Player_Slide","Server/Audio/SoundEvents/SFX/Player/Movement/SFX_Player_Slide.json","522","D4830C7AACBE1E0CA60B3944C293A1E77A7FB2A41F5062156F4C60E9B5CD3467"
"sound-definitions","SFX_Player_Swim","SoundEvents/SFX/Player/Movement/SFX_Player_Swim","Server/Audio/SoundEvents/SFX/Player/Movement/SFX_Player_Swim.json","744","B2FC29830CE3AB2A7D1F9E3860FFA27337FF49AFE9E6313722A505E27E959BE1"
"sound-definitions","SFX_Player_Swim_Fast","SoundEvents/SFX/Player/Movement/SFX_Player_Swim_Fast","Server/Audio/SoundEvents/SFX/Player/Movement/SFX_Player_Swim_Fast.json","767","F0D9D439EFC6C46FC436A9496798AF926E9FB9E2897BD971C65438D487E69CD3"
"sound-definitions","SFX_Player_Swim_Jump","SoundEvents/SFX/Player/Movement/SFX_Player_Swim_Jump","Server/Audio/SoundEvents/SFX/Player/Movement/SFX_Player_Swim_Jump.json","453","D518F58704C9A48642F2DA2E9F71FF54DACE4576C889FF05D30D90AFB7115309"
"sound-definitions","SFX_Sleep_Fail","SoundEvents/SFX/Player/Sleep/SFX_Sleep_Fail","Server/Audio/SoundEvents/SFX/Player/Sleep/SFX_Sleep_Fail.json","255","4EE1F158788BAC4DE923D572732EC3520BADD04FEDA9AF34D2702417222CA5FD"
"sound-definitions","SFX_Sleep_Notification","SoundEvents/SFX/Player/Sleep/SFX_Sleep_Notification","Server/Audio/SoundEvents/SFX/Player/Sleep/SFX_Sleep_Notification.json","263","56A2EC846614029A4734FE61DC07EF10D9D4B523C2D1C9B56D6C66FE77B95DCF"
"sound-definitions","SFX_Sleep_Notification_Loop","SoundEvents/SFX/Player/Sleep/SFX_Sleep_Notification_Loop","Server/Audio/SoundEvents/SFX/Player/Sleep/SFX_Sleep_Notification_Loop.json","265","64A52BA436459ACD963C760EEE96857DB0659173F4D1C9B04449A725EB0CD1B4"
"sound-definitions","SFX_Sleep_Success","SoundEvents/SFX/Player/Sleep/SFX_Sleep_Success","Server/Audio/SoundEvents/SFX/Player/Sleep/SFX_Sleep_Success.json","476","A493DF2DE70C1D838C1236B8E462F58515CFFC3547680F0124E9BE189FB92898"
"sound-definitions","SFX_Arrow_FullCharge_Hit","SoundEvents/SFX/Projectiles/Arrow/Arrow_FullCharge/SFX_Arrow_FullCharge_Hit","Server/Audio/SoundEvents/SFX/Projectiles/Arrow/Arrow_FullCharge/SFX_Arrow_FullCharge_Hit.json","366","6019E381877B10F3ECB2D12231A182E1206A55E5891FF9490B77D0679800597A"
"sound-definitions","SFX_Arrow_FullCharge_Miss","SoundEvents/SFX/Projectiles/Arrow/Arrow_FullCharge/SFX_Arrow_FullCharge_Miss","Server/Audio/SoundEvents/SFX/Projectiles/Arrow/Arrow_FullCharge/SFX_Arrow_FullCharge_Miss.json","420","2FBA33D553C41836707A15A250E8313A39020CF60E16ACC2946B142C96D7947E"
"sound-definitions","SFX_Arrow_HalfCharge_Hit","SoundEvents/SFX/Projectiles/Arrow/Arrow_HalfCharge/SFX_Arrow_HalfCharge_Hit","Server/Audio/SoundEvents/SFX/Projectiles/Arrow/Arrow_HalfCharge/SFX_Arrow_HalfCharge_Hit.json","443","E8B1524D75599EA6FC2D2D7F1AF9817B84959F5676D9D653CC80AD8D654A426A"
"sound-definitions","SFX_Arrow_HalfCharge_Miss","SoundEvents/SFX/Projectiles/Arrow/Arrow_HalfCharge/SFX_Arrow_HalfCharge_Miss","Server/Audio/SoundEvents/SFX/Projectiles/Arrow/Arrow_HalfCharge/SFX_Arrow_HalfCharge_Miss.json","398","F10656A4899053648E2669CA922E27E598599560BBE8EE8C713C545CBAA954E0"
"sound-definitions","SFX_Arrow_NoCharge_Hit","SoundEvents/SFX/Projectiles/Arrow/Arrow_NoCharge/SFX_Arrow_NoCharge_Hit","Server/Audio/SoundEvents/SFX/Projectiles/Arrow/Arrow_NoCharge/SFX_Arrow_NoCharge_Hit.json","443","271B3183FA8012CDB624380B850A761927E9D5A28B2486FCF1A3A3B80E71FF8D"
"sound-definitions","SFX_Arrow_NoCharge_Miss","SoundEvents/SFX/Projectiles/Arrow/Arrow_NoCharge/SFX_Arrow_NoCharge_Miss","Server/Audio/SoundEvents/SFX/Projectiles/Arrow/Arrow_NoCharge/SFX_Arrow_NoCharge_Miss.json","395","5DAD9384E2486B4FF9E314F34835CAA47C46F64692CE1E565C59C30A0F3FD7C5"
"sound-definitions","SFX_Arrow_Whistle","SoundEvents/SFX/Projectiles/Arrow/SFX_Arrow_Whistle","Server/Audio/SoundEvents/SFX/Projectiles/Arrow/SFX_Arrow_Whistle.json","539","B2C1AC2CBEA6C639896A411691F479F56E0528ADD6A759D354FF98DFE786447E"
"sound-definitions","SFX_Blunderbuss_Bullet_WhizBy","SoundEvents/SFX/Projectiles/Blunderbuss_Bullet/SFX_Blunderbuss_Bullet_WhizBy","Server/Audio/SoundEvents/SFX/Projectiles/Blunderbuss_Bullet/SFX_Blunderbuss_Bullet_WhizBy.json","578","AA9B70CCC90E98B8BA78CBC2D09ED0893D85104FA2CB76FD021391FE4742CCE8"
"sound-definitions","SFX_Blunderbuss_Hit","SoundEvents/SFX/Projectiles/Blunderbuss_Bullet/SFX_Blunderbuss_Hit","Server/Audio/SoundEvents/SFX/Projectiles/Blunderbuss_Bullet/SFX_Blunderbuss_Hit.json","605","44F5852C2528D19207B9D7343DCBE72C13C92A1D70A5CC9395B0BB492EE63D0D"
"sound-definitions","SFX_Blunderbuss_Miss","SoundEvents/SFX/Projectiles/Blunderbuss_Bullet/SFX_Blunderbuss_Miss","Server/Audio/SoundEvents/SFX/Projectiles/Blunderbuss_Bullet/SFX_Blunderbuss_Miss.json","609","0F19F85AF4ADB3943766F290850E3577F836C84D1A7924D300ABA1B16E496271"
"sound-definitions","SFX_Egg_Hit","SoundEvents/SFX/Projectiles/Egg/SFX_Egg_Hit","Server/Audio/SoundEvents/SFX/Projectiles/Egg/SFX_Egg_Hit.json","460","9C6FBA9BD3F80BDF6B6E6FE8EFB47AE58EB1CD72371B9FCA887BF904B915146C"
"sound-definitions","SFX_Egg_Miss","SoundEvents/SFX/Projectiles/Egg/SFX_Egg_Miss","Server/Audio/SoundEvents/SFX/Projectiles/Egg/SFX_Egg_Miss.json","464","98A614B647ADBEE78BAFB802DF2A027EFB058EEC2AB5363DAEA56EDCD04A3CAE"
"sound-definitions","SFX_GunPvP_Assault_Rifle_Bullet_Death","SoundEvents/SFX/Projectiles/Hypixel/Minigames/GunPvP/GunPvP_Assault_Rifle_Bullet/SFX_GunPvP_Assault_Rifle_Bullet_Death","Server/Audio/SoundEvents/SFX/Projectiles/Hypixel/Minigames/GunPvP/GunPvP_Assault_Rifle_Bullet/SFX_GunPvP_Assault_Rifle_Bullet_Death.json","294","B7D53BA8A750525EF5E77F42FB63DC260FFAC5BF0AC3F679E06D8C30C82B19A6"
"sound-definitions","SFX_GunPvP_Grenade_Frag_Bounce","SoundEvents/SFX/Projectiles/Hypixel/Minigames/GunPvP/GunPvP_Grenade_Frag/SFX_GunPvP_Grenade_Frag_Bounce","Server/Audio/SoundEvents/SFX/Projectiles/Hypixel/Minigames/GunPvP/GunPvP_Grenade_Frag/SFX_GunPvP_Grenade_Frag_Bounce.json","259","62DFB3BCB6988B54DB226ABBB1E004DD21F07C3245294F1A0560B0F23BA53EF8"
"sound-definitions","SFX_GunPvP_Grenade_Frag_Death","SoundEvents/SFX/Projectiles/Hypixel/Minigames/GunPvP/GunPvP_Grenade_Frag/SFX_GunPvP_Grenade_Frag_Death","Server/Audio/SoundEvents/SFX/Projectiles/Hypixel/Minigames/GunPvP/GunPvP_Grenade_Frag/SFX_GunPvP_Grenade_Frag_Death.json","441","ED4BF4ADC5CDCC12DA8B7D11A5C273FE4BDF189ACB7994908F062717334E3B1A"
"sound-definitions","SFX_GunPvP_Grenade_Frag_Hit","SoundEvents/SFX/Projectiles/Hypixel/Minigames/GunPvP/GunPvP_Grenade_Frag/SFX_GunPvP_Grenade_Frag_Hit","Server/Audio/SoundEvents/SFX/Projectiles/Hypixel/Minigames/GunPvP/GunPvP_Grenade_Frag/SFX_GunPvP_Grenade_Frag_Hit.json","247","2168323DEA10B45C1EEB283570BA0F8A01C119A17F1E1E968B582ADFFE5AC716"
"sound-definitions","SFX_GunPvP_Grenade_Frag_Miss","SoundEvents/SFX/Projectiles/Hypixel/Minigames/GunPvP/GunPvP_Grenade_Frag/SFX_GunPvP_Grenade_Frag_Miss","Server/Audio/SoundEvents/SFX/Projectiles/Hypixel/Minigames/GunPvP/GunPvP_Grenade_Frag/SFX_GunPvP_Grenade_Frag_Miss.json","247","2168323DEA10B45C1EEB283570BA0F8A01C119A17F1E1E968B582ADFFE5AC716"
"sound-definitions","SFX_GunPvP_Handgun_Bullet_Death","SoundEvents/SFX/Projectiles/Hypixel/Minigames/GunPvP/GunPvP_Handgun_Bullet/SFX_GunPvP_Handgun_Bullet_Death","Server/Audio/SoundEvents/SFX/Projectiles/Hypixel/Minigames/GunPvP/GunPvP_Handgun_Bullet/SFX_GunPvP_Handgun_Bullet_Death.json","235","443C454733D82077CE6241E3A01F9C41DDDB0C0113ED3BC49DC3BF8F2E93E0D5"
"sound-definitions","SFX_Ice_Ball_Death","SoundEvents/SFX/Projectiles/Ice_Ball/SFX_Ice_Ball_Death","Server/Audio/SoundEvents/SFX/Projectiles/Ice_Ball/SFX_Ice_Ball_Death.json","488","E0993BDA18A2FBE03C823BDF71654E5459170FDA5EC7B796635A6F455A0C9100"
"sound-definitions","SFX_Ice_Bolt_Death","SoundEvents/SFX/Projectiles/Ice_Bolt/SFX_Ice_Bolt_Death","Server/Audio/SoundEvents/SFX/Projectiles/Ice_Bolt/SFX_Ice_Bolt_Death.json","488","E0993BDA18A2FBE03C823BDF71654E5459170FDA5EC7B796635A6F455A0C9100"
"sound-definitions","SFX_Goblin_Lobber_Bomb_Bounce","SoundEvents/SFX/Projectiles/NPC/Goblin_Lobber_Bomb/SFX_Goblin_Lobber_Bomb_Bounce","Server/Audio/SoundEvents/SFX/Projectiles/NPC/Goblin_Lobber_Bomb/SFX_Goblin_Lobber_Bomb_Bounce.json","262","95D2EF1AA4BE5F08FD024091FAF723663C0C56AF4874DEC0B700181B78986C1A"
"sound-definitions","SFX_Goblin_Lobber_Bomb_Death","SoundEvents/SFX/Projectiles/NPC/Goblin_Lobber_Bomb/SFX_Goblin_Lobber_Bomb_Death","Server/Audio/SoundEvents/SFX/Projectiles/NPC/Goblin_Lobber_Bomb/SFX_Goblin_Lobber_Bomb_Death.json","442","99E7DA203F2D6288CBB31FBC8DFDF90BC93707EE1D92E5AEBCB5B59C022A0BA3"
"sound-definitions","SFX_Goblin_Lobber_Bomb_Hit","SoundEvents/SFX/Projectiles/NPC/Goblin_Lobber_Bomb/SFX_Goblin_Lobber_Bomb_Hit","Server/Audio/SoundEvents/SFX/Projectiles/NPC/Goblin_Lobber_Bomb/SFX_Goblin_Lobber_Bomb_Hit.json","258","4126B22B300A9E1AE2622B1816842B35C5D3429E6543F04E7B3ADA551CAC4615"
"sound-definitions","SFX_Goblin_Lobber_Bomb_Miss","SoundEvents/SFX/Projectiles/NPC/Goblin_Lobber_Bomb/SFX_Goblin_Lobber_Bomb_Miss","Server/Audio/SoundEvents/SFX/Projectiles/NPC/Goblin_Lobber_Bomb/SFX_Goblin_Lobber_Bomb_Miss.json","258","4126B22B300A9E1AE2622B1816842B35C5D3429E6543F04E7B3ADA551CAC4615"
"sound-definitions","SFX_Outlander_Hunter_Arrow_Hit","SoundEvents/SFX/Projectiles/NPC/Outlander_Hunter_Arrow/SFX_Outlander_Hunter_Arrow_Hit","Server/Audio/SoundEvents/SFX/Projectiles/NPC/Outlander_Hunter_Arrow/SFX_Outlander_Hunter_Arrow_Hit.json","411","6BBE9197A0F675128C6D1169551BC200045975186BE2CAADF69FA75DA23D033A"
"sound-definitions","SFX_Outlander_Hunter_Arrow_Miss","SoundEvents/SFX/Projectiles/NPC/Outlander_Hunter_Arrow/SFX_Outlander_Hunter_Arrow_Miss","Server/Audio/SoundEvents/SFX/Projectiles/NPC/Outlander_Hunter_Arrow/SFX_Outlander_Hunter_Arrow_Miss.json","349","A7E61E7C136B24D6C1B3FECA7B8DBC464391E5C186BB8B24B4FC977EE8798503"
"sound-definitions","SFX_Scarak_Seeker_Spitball_Death","SoundEvents/SFX/Projectiles/NPC/Scarak_Spitball/SFX_Scarak_Seeker_Spitball_Death","Server/Audio/SoundEvents/SFX/Projectiles/NPC/Scarak_Spitball/SFX_Scarak_Seeker_Spitball_Death.json","620","A77CCABE98AC5F40C29385CE5F44D99172D4DE4953D4D753A4E629D166899486"
"sound-definitions","SFX_Axe_Stone_Trork_Hit","SoundEvents/SFX/Projectiles/Player/Axe/Axe_Stone_Trork/SFX_Axe_Stone_Trork_Hit","Server/Audio/SoundEvents/SFX/Projectiles/Player/Axe/Axe_Stone_Trork/SFX_Axe_Stone_Trork_Hit.json","642","9D32899D79F5F24EC690734ECA961E518C4E1F39534C1372913BE902415D5C54"
"sound-definitions","SFX_Axe_Stone_Trork_Miss","SoundEvents/SFX/Projectiles/Player/Axe/Axe_Stone_Trork/SFX_Axe_Stone_Trork_Miss","Server/Audio/SoundEvents/SFX/Projectiles/Player/Axe/Axe_Stone_Trork/SFX_Axe_Stone_Trork_Miss.json","630","0329E6E347BF875F7F113A009F5B9CB18A2879EBCE4182686139DACFE69FFD74"
"sound-definitions","SFX_Bomb_Fire_Goblin_Bounce","SoundEvents/SFX/Projectiles/Player/Bomb/Bomb_Fire_Goblin/SFX_Bomb_Fire_Goblin_Bounce","Server/Audio/SoundEvents/SFX/Projectiles/Player/Bomb/Bomb_Fire_Goblin/SFX_Bomb_Fire_Goblin_Bounce.json","259","6FF2BF80A83E470DB78D4A677930DE5400A0CFEC3EA76FCBEBC288CDBD0B15A9"
"sound-definitions","SFX_Bomb_Fire_Goblin_Death","SoundEvents/SFX/Projectiles/Player/Bomb/Bomb_Fire_Goblin/SFX_Bomb_Fire_Goblin_Death","Server/Audio/SoundEvents/SFX/Projectiles/Player/Bomb/Bomb_Fire_Goblin/SFX_Bomb_Fire_Goblin_Death.json","439","3939DECC23531EFDFA3AA6FA28B27217763DD42630BBF977FC4603D8891FBA5D"
"sound-definitions","SFX_Bomb_Fire_Goblin_Hit","SoundEvents/SFX/Projectiles/Player/Bomb/Bomb_Fire_Goblin/SFX_Bomb_Fire_Goblin_Hit","Server/Audio/SoundEvents/SFX/Projectiles/Player/Bomb/Bomb_Fire_Goblin/SFX_Bomb_Fire_Goblin_Hit.json","259","6FF2BF80A83E470DB78D4A677930DE5400A0CFEC3EA76FCBEBC288CDBD0B15A9"
"sound-definitions","SFX_Bomb_Fire_Goblin_Miss","SoundEvents/SFX/Projectiles/Player/Bomb/Bomb_Fire_Goblin/SFX_Bomb_Fire_Goblin_Miss","Server/Audio/SoundEvents/SFX/Projectiles/Player/Bomb/Bomb_Fire_Goblin/SFX_Bomb_Fire_Goblin_Miss.json","259","6FF2BF80A83E470DB78D4A677930DE5400A0CFEC3EA76FCBEBC288CDBD0B15A9"
"sound-definitions","SFX_Poop_Bounce","SoundEvents/SFX/Projectiles/Poop/SFX_Poop_Bounce","Server/Audio/SoundEvents/SFX/Projectiles/Poop/SFX_Poop_Bounce.json","398","BE5C2A67405C8477F14F6488A961AE0E751EF380DEB4EBB09D368149A250E3E6"
"sound-definitions","SFX_Projectile_Poop_Hit","SoundEvents/SFX/Projectiles/Poop/SFX_Projectile_Poop_Hit","Server/Audio/SoundEvents/SFX/Projectiles/Poop/SFX_Projectile_Poop_Hit.json","418","AFEFA448DC2053B2D23AF37DFAEFD0906FEE81425819A4EBAB7CD059644CBC1D"
"sound-definitions","SFX_Rubble_Bounce","SoundEvents/SFX/Projectiles/Rubble/SFX_Rubble_Bounce","Server/Audio/SoundEvents/SFX/Projectiles/Rubble/SFX_Rubble_Bounce.json","498","5FEE18C004B2348B69C8A944FFBE515592A1D20C6B074206D9B0F6EFC30B0C14"
"sound-definitions","SFX_Rubble_Hit","SoundEvents/SFX/Projectiles/Rubble/SFX_Rubble_Hit","Server/Audio/SoundEvents/SFX/Projectiles/Rubble/SFX_Rubble_Hit.json","374","F754B6EABC4D84F59FB955B6EC429D8F2C55F6C589EBA3B2CA7D67FB8B8E3AE4"
"sound-definitions","SFX_Fireball_Bounce","SoundEvents/SFX/Projectiles/Spells/Fireball/SFX_Fireball_Bounce","Server/Audio/SoundEvents/SFX/Projectiles/Spells/Fireball/SFX_Fireball_Bounce.json","293","69F2DCB9C05D331AE0C466E61DF92588039B2E9F8AA9657684A0BFC6DA929BA4"
"sound-definitions","SFX_Fireball_Death","SoundEvents/SFX/Projectiles/Spells/Fireball/SFX_Fireball_Death","Server/Audio/SoundEvents/SFX/Projectiles/Spells/Fireball/SFX_Fireball_Death.json","453","EE8FBB6FDD6BAA849FDDFA53C6716125A2DAEF58A46058A679A7FA794910CC7B"
"sound-definitions","SFX_Fireball_Miss","SoundEvents/SFX/Projectiles/Spells/Fireball/SFX_Fireball_Miss","Server/Audio/SoundEvents/SFX/Projectiles/Spells/Fireball/SFX_Fireball_Miss.json","294","E64E3BA84FED69E6617DEF77499EB9E20C2938EA7173891328357ED0EF3D66C8"
"sound-definitions","SFX_Stalactite_Falling_Whistle","SoundEvents/SFX/Projectiles/Stalactite/SFX_Stalactite_Falling_Whistle","Server/Audio/SoundEvents/SFX/Projectiles/Stalactite/SFX_Stalactite_Falling_Whistle.json","493","083B1E13B22655A508C1C24CBF3A2A7863E0502C3C1ED1CAA12275BC4B58A65F"
"sound-definitions","SFX_Stalactite_Impact","SoundEvents/SFX/Projectiles/Stalactite/SFX_Stalactite_Impact","Server/Audio/SoundEvents/SFX/Projectiles/Stalactite/SFX_Stalactite_Impact.json","757","7FC376A6B7185B5564B0D45347A70591AFDF829E27E100A280E5AA4A8D83D9C6"
"sound-definitions","SFX_Arrow_Fire_Hit","SoundEvents/SFX/Projectiles/Test/Arrow_Fire/SFX_Arrow_Fire_Hit","Server/Audio/SoundEvents/SFX/Projectiles/Test/Arrow_Fire/SFX_Arrow_Fire_Hit.json","466","2488520A4DC8186DF6FA2F9F064C7EB51A9EE7C689B347111FCFE901B92F6812"
"sound-definitions","SFX_Arrow_Fire_Miss","SoundEvents/SFX/Projectiles/Test/Arrow_Fire/SFX_Arrow_Fire_Miss","Server/Audio/SoundEvents/SFX/Projectiles/Test/Arrow_Fire/SFX_Arrow_Fire_Miss.json","399","294F5C5AE0AADF4881F502CE459DB5E4C5C50E757E267C5E958A1605FB46CCE3"
"sound-definitions","SFX_Arrow_Frost_Hit","SoundEvents/SFX/Projectiles/Test/Arrow_Frost/SFX_Arrow_Frost_Hit","Server/Audio/SoundEvents/SFX/Projectiles/Test/Arrow_Frost/SFX_Arrow_Frost_Hit.json","462","39FAE7ABA5D918E854918560DEC61A2C82B38C49A60DB39C1895C3EA5F21D0C9"
"sound-definitions","SFX_Arrow_Frost_Miss","SoundEvents/SFX/Projectiles/Test/Arrow_Frost/SFX_Arrow_Frost_Miss","Server/Audio/SoundEvents/SFX/Projectiles/Test/Arrow_Frost/SFX_Arrow_Frost_Miss.json","396","0CDE6A3D91E43C77D6EC2F460746951E567A22915643CF768D74316FCC8FFC3D"
"sound-definitions","SFX_Memories_Bench_Ducker","SoundEvents/SFX/SFX_Memories_Bench_Ducker","Server/Audio/SoundEvents/SFX/SFX_Memories_Bench_Ducker.json","840","28B23626EE18EE6489D4E640651E6C19DDACA9C095CEC12B1C72352A0C7F1015"
"sound-definitions","SFX_Test_Blip_A","SoundEvents/SFX/Test/SFX_Test_Blip_A","Server/Audio/SoundEvents/SFX/Test/SFX_Test_Blip_A.json","310","7415B694772246246BD32663248E78A266908AB7BEF754A387C7D84525DDBCFC"
"sound-definitions","SFX_Test_Blip_B","SoundEvents/SFX/Test/SFX_Test_Blip_B","Server/Audio/SoundEvents/SFX/Test/SFX_Test_Blip_B.json","330","8297D0556B3CFAA100702AEC81B4BECCF3083F0148FA4636EACC172EB425BC3E"
"sound-definitions","SFX_Test_Blip_C","SoundEvents/SFX/Test/SFX_Test_Blip_C","Server/Audio/SoundEvents/SFX/Test/SFX_Test_Blip_C.json","330","FD4461A072BD59C09CBE13B6207D5AE2B54CEA9C02A937B4C98C92ACBBC3ADC3"
"sound-definitions","SFX_Capture_Crate_Capture_Fail_Local","SoundEvents/SFX/Tools/Capture_Crate/SFX_Capture_Crate_Capture_Fail_Local","Server/Audio/SoundEvents/SFX/Tools/Capture_Crate/SFX_Capture_Crate_Capture_Fail_Local.json","481","10223BE6D0E1805327CE509E1DD8795C710473399E0CFC43AFDF728AAC7B8529"
"sound-definitions","SFX_Capture_Crate_Capture_Succeed","SoundEvents/SFX/Tools/Capture_Crate/SFX_Capture_Crate_Capture_Succeed","Server/Audio/SoundEvents/SFX/Tools/Capture_Crate/SFX_Capture_Crate_Capture_Succeed.json","763","7AD7A10EBBA06CE652AC5F5E281F9B730C832AB2F2F505B429000E5DCAFC0C17"
"sound-definitions","SFX_Capture_Crate_Capture_Succeed_Local","SoundEvents/SFX/Tools/Capture_Crate/SFX_Capture_Crate_Capture_Succeed_Local","Server/Audio/SoundEvents/SFX/Tools/Capture_Crate/SFX_Capture_Crate_Capture_Succeed_Local.json","784","6B11CDCA966F7E70D8CD89455BE8869C99B75F2ED1EBFEE6AB4FC086223F9181"
"sound-definitions","SFX_Capture_Crate_Spawn_Fail_Local","SoundEvents/SFX/Tools/Capture_Crate/SFX_Capture_Crate_Spawn_Fail_Local","Server/Audio/SoundEvents/SFX/Tools/Capture_Crate/SFX_Capture_Crate_Spawn_Fail_Local.json","481","10223BE6D0E1805327CE509E1DD8795C710473399E0CFC43AFDF728AAC7B8529"
"sound-definitions","SFX_Capture_Crate_Spawn_Succeed","SoundEvents/SFX/Tools/Capture_Crate/SFX_Capture_Crate_Spawn_Succeed","Server/Audio/SoundEvents/SFX/Tools/Capture_Crate/SFX_Capture_Crate_Spawn_Succeed.json","386","6320611D21E02F5967FAC50AC14ADBEB8DB4F071F76FAFC51AEE66874EFF4F70"
"sound-definitions","SFX_Drill_Break","SoundEvents/SFX/Tools/Drill/SFX_Drill_Break","Server/Audio/SoundEvents/SFX/Tools/Drill/SFX_Drill_Break.json","602","2B96513CDCC37CB09FE6DB0799D9E26B8940A5C7CB5D3726581ED9217CE4CE33"
"sound-definitions","SFX_Drill_Break_End","SoundEvents/SFX/Tools/Drill/SFX_Drill_Break_End","Server/Audio/SoundEvents/SFX/Tools/Drill/SFX_Drill_Break_End.json","785","03C16D77D25D0338E64D9AF32E7265CB9362441B033986B49764A82D016D9EE9"
"sound-definitions","SFX_Drill_Idle","SoundEvents/SFX/Tools/Drill/SFX_Drill_Idle","Server/Audio/SoundEvents/SFX/Tools/Drill/SFX_Drill_Idle.json","371","3DDFF129F6E902C8E4A6DFD704E57277C67A8CEE861938CB81B32A425B8D6C9C"
"sound-definitions","SFX_Drill_Spin","SoundEvents/SFX/Tools/Drill/SFX_Drill_Spin","Server/Audio/SoundEvents/SFX/Tools/Drill/SFX_Drill_Spin.json","570","BBE849A5F9D8DB1A5E326BBDF5175257C546BE14E3A85D68375349A0262CBC6D"
"sound-definitions","SFX_Drill_Spin_End","SoundEvents/SFX/Tools/Drill/SFX_Drill_Spin_End","Server/Audio/SoundEvents/SFX/Tools/Drill/SFX_Drill_Spin_End.json","1068","D7E336D1473703F1DF79DB38CE17647C51287F484758A5F8C78238B84AE32381"
"sound-definitions","SFX_Hatchet_T1_Swing_RL_Local","SoundEvents/SFX/Tools/Hatchet/SFX_Hatchet_T1_Swing_RL_Local","Server/Audio/SoundEvents/SFX/Tools/Hatchet/SFX_Hatchet_T1_Swing_RL_Local.json","1020","794806EB8A5E2C3645377CCC6E15D983FF8E79D5CBA3C3BB32E6770625BD5A2C"
"sound-definitions","SFX_Hatchet_T2_Impact_Nice","SoundEvents/SFX/Tools/Hatchet/SFX_Hatchet_T2_Impact_Nice","Server/Audio/SoundEvents/SFX/Tools/Hatchet/SFX_Hatchet_T2_Impact_Nice.json","633","53B8B29685F675AE80F62AAE85047623FB4733D8E143F2051D08B2FC7ACD56BD"
"sound-definitions","SFX_Hoe_T1_Swing_Down_Local","SoundEvents/SFX/Tools/Hoe/SFX_Hoe_T1_Swing_Down_Local","Server/Audio/SoundEvents/SFX/Tools/Hoe/SFX_Hoe_T1_Swing_Down_Local.json","996","1F8DEACAE7BC1A8BEA3234C6D9145D4D8618B68ECAF9D5617F67BDB3CE322DF6"
"sound-definitions","SFX_Hoe_T1_Till","SoundEvents/SFX/Tools/Hoe/SFX_Hoe_T1_Till","Server/Audio/SoundEvents/SFX/Tools/Hoe/SFX_Hoe_T1_Till.json","787","8F87D9D46D6C2894D65CB3C9C9F11A56AC26F7BC7A69996C49800A46C8A9D56E"
"sound-definitions","SFX_Pickaxe_T1_Swing_Down_Local","SoundEvents/SFX/Tools/Pickaxe/SFX_Pickaxe_T1_Swing_Down_Local","Server/Audio/SoundEvents/SFX/Tools/Pickaxe/SFX_Pickaxe_T1_Swing_Down_Local.json","1028","38ACF42125E49EC6338A419F1B56022E64CBA243FD1879D46C35F1496B74EE2D"
"sound-definitions","SFX_Pickaxe_T2_Impact_Nice","SoundEvents/SFX/Tools/Pickaxe/SFX_Pickaxe_T2_Impact_Nice","Server/Audio/SoundEvents/SFX/Tools/Pickaxe/SFX_Pickaxe_T2_Impact_Nice.json","464","89142A0C86BC7D52EFB91CEE2BEE36DE8008999CCE9FECA80C88423CB0E272E5"
"sound-definitions","SFX_Shears_Activate","SoundEvents/SFX/Tools/SFX_Shears_Activate","Server/Audio/SoundEvents/SFX/Tools/SFX_Shears_Activate.json","1506","841B44114CF6AEE1AD3861B6BC224AB869F29DB8DC28832BE7008509BB092AC2"
"sound-definitions","SFX_Tool_Watering_Can_Water","SoundEvents/SFX/Tools/SFX_Tool_Watering_Can_Water","Server/Audio/SoundEvents/SFX/Tools/SFX_Tool_Watering_Can_Water.json","680","808A28A6FD4619B984F80427775DE7EDD1DEC519857F60F5ED204BE2B2FE74E2"
"sound-definitions","SFX_Tool_T1_Swing","SoundEvents/SFX/Tools/Shared/SFX_Tool_T1_Swing","Server/Audio/SoundEvents/SFX/Tools/Shared/SFX_Tool_T1_Swing.json","1013","8160BA44A726572DD9866EEF138823CD4CB3FE604DF293C4BB1D15532C380632"
"sound-definitions","SFX_Shovel_T1_Swing_RL_Local","SoundEvents/SFX/Tools/Shovel/SFX_Shovel_T1_Swing_RL_Local","Server/Audio/SoundEvents/SFX/Tools/Shovel/SFX_Shovel_T1_Swing_RL_Local.json","1012","507E37399F18FF8410B4B164F47A0393F506E5A5A26227EBFE4BF572A42C41D9"
"sound-definitions","SFX_Shovel_T2_Impact_Nice","SoundEvents/SFX/Tools/Shovel/SFX_Shovel_T2_Impact_Nice","Server/Audio/SoundEvents/SFX/Tools/Shovel/SFX_Shovel_T2_Impact_Nice.json","517","EB7BF7FD61F8013926A82768E8F58D6605FBB6D882DACD48AE48946968D9FD1C"
"sound-definitions","SFX_Discovery_Z1_Medium","SoundEvents/SFX/UI/Discovery/SFX_Discovery_Z1_Medium","Server/Audio/SoundEvents/SFX/UI/Discovery/SFX_Discovery_Z1_Medium.json","446","83F8D43B0EB09A5C736A4A90E464F2D50DB60305877B9DBB726753B1E0CB6148"
"sound-definitions","SFX_Discovery_Z1_Short","SoundEvents/SFX/UI/Discovery/SFX_Discovery_Z1_Short","Server/Audio/SoundEvents/SFX/UI/Discovery/SFX_Discovery_Z1_Short.json","445","8B287FDCF7C49EAF311B8B56A1D3B0D125C58D04F86F7A1044EC399BD8122368"
"sound-definitions","SFX_Discovery_Z2_Medium","SoundEvents/SFX/UI/Discovery/SFX_Discovery_Z2_Medium","Server/Audio/SoundEvents/SFX/UI/Discovery/SFX_Discovery_Z2_Medium.json","446","5F576ADB1FBFA7CABB88808A4DF2E335A6B946A166F1599A93347EB974E97F63"
"sound-definitions","SFX_Discovery_Z2_Short","SoundEvents/SFX/UI/Discovery/SFX_Discovery_Z2_Short","Server/Audio/SoundEvents/SFX/UI/Discovery/SFX_Discovery_Z2_Short.json","445","48430A98E2F15DA0E2FDD2847372FA1FCDAE9441A776B2BCA5842F58F1A6E32B"
"sound-definitions","SFX_Discovery_Z3_Medium","SoundEvents/SFX/UI/Discovery/SFX_Discovery_Z3_Medium","Server/Audio/SoundEvents/SFX/UI/Discovery/SFX_Discovery_Z3_Medium.json","446","2AA4914B494CB465420525B1EFA5EA2DE6F1BDD6190E452B0F49B02D2578D775"
"sound-definitions","SFX_Discovery_Z3_Short","SoundEvents/SFX/UI/Discovery/SFX_Discovery_Z3_Short","Server/Audio/SoundEvents/SFX/UI/Discovery/SFX_Discovery_Z3_Short.json","445","6A197AFDBC33E65A49ACCD838906BAF6F478758D92B96D54A328D5DA9F389FDC"
"sound-definitions","SFX_Discovery_Z4_Medium","SoundEvents/SFX/UI/Discovery/SFX_Discovery_Z4_Medium","Server/Audio/SoundEvents/SFX/UI/Discovery/SFX_Discovery_Z4_Medium.json","446","2F070B6906C002785E717FB97826ADD936E70135CED8D431A9151278D4382C51"
"sound-definitions","SFX_Discovery_Z4_Short","SoundEvents/SFX/UI/Discovery/SFX_Discovery_Z4_Short","Server/Audio/SoundEvents/SFX/UI/Discovery/SFX_Discovery_Z4_Short.json","445","5457DF52628B2BB78241908713E308952E0D0761C63F0EC43675A32D625B3342"
"sound-definitions","SFX_Alchemy_Bench_Close","SoundEvents/SFX/UI/Interactions/Benches/SFX_Alchemy_Bench_Close","Server/Audio/SoundEvents/SFX/UI/Interactions/Benches/SFX_Alchemy_Bench_Close.json","226","59135F9AAC9E60E2384A424A07DE089A0DEF07F5EEDDA43962CA137840CB65D6"
"sound-definitions","SFX_Alchemy_Bench_Craft","SoundEvents/SFX/UI/Interactions/Benches/SFX_Alchemy_Bench_Craft","Server/Audio/SoundEvents/SFX/UI/Interactions/Benches/SFX_Alchemy_Bench_Craft.json","226","D945F4598DC8E97C5ABC11FEE8334A8317BAC8B12A1562FDBC0509534C4E6601"
"sound-definitions","SFX_Alchemy_Bench_Open","SoundEvents/SFX/UI/Interactions/Benches/SFX_Alchemy_Bench_Open","Server/Audio/SoundEvents/SFX/UI/Interactions/Benches/SFX_Alchemy_Bench_Open.json","225","2C95D179227FBEF4432CF04587274905C8DA44B859136E873106585441B241EC"
"sound-definitions","SFX_Armour_Bench_Close","SoundEvents/SFX/UI/Interactions/Benches/SFX_Armour_Bench_Close","Server/Audio/SoundEvents/SFX/UI/Interactions/Benches/SFX_Armour_Bench_Close.json","224","F297726585C9541CB1538E73A37A6E11D323372ED2DE171C624CEF847A8A6ED1"
"sound-definitions","SFX_Armour_Bench_Craft","SoundEvents/SFX/UI/Interactions/Benches/SFX_Armour_Bench_Craft","Server/Audio/SoundEvents/SFX/UI/Interactions/Benches/SFX_Armour_Bench_Craft.json","224","443A18A7B491826188245534E9333495E18649C44B661DDA0AE942F00A18F68C"
"sound-definitions","SFX_Armour_Bench_Open","SoundEvents/SFX/UI/Interactions/Benches/SFX_Armour_Bench_Open","Server/Audio/SoundEvents/SFX/UI/Interactions/Benches/SFX_Armour_Bench_Open.json","223","080309725DE2434C193FA28342564AE907BDFAF63A8388A2D167EAC1F50CD603"
"sound-definitions","SFX_Bench_Placeholder","SoundEvents/SFX/UI/Interactions/Benches/SFX_Bench_Placeholder","Server/Audio/SoundEvents/SFX/UI/Interactions/Benches/SFX_Bench_Placeholder.json","201","D222F6298D6C7DC29E713747BC1B0D6AECA6DF61733456F7D3724A0024D116B1"
"sound-definitions","SFX_Campfire_Processing","SoundEvents/SFX/UI/Interactions/Benches/SFX_Campfire_Processing","Server/Audio/SoundEvents/SFX/UI/Interactions/Benches/SFX_Campfire_Processing.json","386","89CCE6090FB5A691310FCE910F80D946AFE4C42B9D4F6BC5BAEDF2D37DEB87BB"
"sound-definitions","SFX_Campfire_Processing_End","SoundEvents/SFX/UI/Interactions/Benches/SFX_Campfire_Processing_End","Server/Audio/SoundEvents/SFX/UI/Interactions/Benches/SFX_Campfire_Processing_End.json","251","587F2F11EF865A5BAFE9DCAE614A8895143560A85925EA8FCB0A824460B4F16E"
"sound-definitions","SFX_Campfire_Processing_Failed","SoundEvents/SFX/UI/Interactions/Benches/SFX_Campfire_Processing_Failed","Server/Audio/SoundEvents/SFX/UI/Interactions/Benches/SFX_Campfire_Processing_Failed.json","254","0DE252BF57035AB7815C6E5D8435DFB126E5465120A2BFD66451D12500301C2E"
"sound-definitions","SFX_Furnace_Bench_Close","SoundEvents/SFX/UI/Interactions/Benches/SFX_Furnace_Bench_Close","Server/Audio/SoundEvents/SFX/UI/Interactions/Benches/SFX_Furnace_Bench_Close.json","226","FBB4D41E3215AB59084B42DCBECCD5F3F172196A30074BC6F6252CFB37ACCD02"
"sound-definitions","SFX_Furnace_Bench_Open","SoundEvents/SFX/UI/Interactions/Benches/SFX_Furnace_Bench_Open","Server/Audio/SoundEvents/SFX/UI/Interactions/Benches/SFX_Furnace_Bench_Open.json","281","FC63FCAB078ED74E89823D28D47E6DAFCD618D09C220836DCBCB346066670813"
"sound-definitions","SFX_Furnace_Bench_Processing","SoundEvents/SFX/UI/Interactions/Benches/SFX_Furnace_Bench_Processing","Server/Audio/SoundEvents/SFX/UI/Interactions/Benches/SFX_Furnace_Bench_Processing.json","427","322C69CCD0EF532FEAF698A7DC77B9643DA081E170D140A91D056B4423A92FE6"
"sound-definitions","SFX_Furnace_Bench_Processing_Complete","SoundEvents/SFX/UI/Interactions/Benches/SFX_Furnace_Bench_Processing_Complete","Server/Audio/SoundEvents/SFX/UI/Interactions/Benches/SFX_Furnace_Bench_Processing_Complete.json","250","9E64FC51C347482470A70D93160E28121A9AA641562397C92B6CA6AD67DBA6D8"
"sound-definitions","SFX_Furnace_Bench_Processing_End","SoundEvents/SFX/UI/Interactions/Benches/SFX_Furnace_Bench_Processing_End","Server/Audio/SoundEvents/SFX/UI/Interactions/Benches/SFX_Furnace_Bench_Processing_End.json","260","8EB2EE291675D731D2FD72178FC17BEB779A0BC341A6387C68A8F39993A0B947"
"sound-definitions","SFX_Furnace_Bench_Processing_Failed","SoundEvents/SFX/UI/Interactions/Benches/SFX_Furnace_Bench_Processing_Failed","Server/Audio/SoundEvents/SFX/UI/Interactions/Benches/SFX_Furnace_Bench_Processing_Failed.json","263","672B882512327B129DBBAD7ABA17FEBE3A33DFF90AC2AB2AAF3C9D29852C98FF"
"sound-definitions","SFX_Lumbermill_Bench_Close","SoundEvents/SFX/UI/Interactions/Benches/SFX_Lumbermill_Bench_Close","Server/Audio/SoundEvents/SFX/UI/Interactions/Benches/SFX_Lumbermill_Bench_Close.json","231","1DC130DA89106D8A01EC3DBF868B58B94A92FA8C53E49C101D78C09A8B11F477"
"sound-definitions","SFX_Lumbermill_Bench_Open","SoundEvents/SFX/UI/Interactions/Benches/SFX_Lumbermill_Bench_Open","Server/Audio/SoundEvents/SFX/UI/Interactions/Benches/SFX_Lumbermill_Bench_Open.json","233","499461F6915897235429ADCC31D4B24915BCCA00B7CF7E9D24545F14B81767BE"
"sound-definitions","SFX_Lumbermill_Bench_Processing","SoundEvents/SFX/UI/Interactions/Benches/SFX_Lumbermill_Bench_Processing","Server/Audio/SoundEvents/SFX/UI/Interactions/Benches/SFX_Lumbermill_Bench_Processing.json","858","0AD774E557C7FBECC1ED61D59F932F4E57060BBB13C9F5D5D8B021397F184FB8"
"sound-definitions","SFX_Processing_Placeholder","SoundEvents/SFX/UI/Interactions/Benches/SFX_Processing_Placeholder","Server/Audio/SoundEvents/SFX/UI/Interactions/Benches/SFX_Processing_Placeholder.json","249","C0C665716C93DEC582FB71CB000FC9669470BE082AE48EDF928301651E1D29E1"
"sound-definitions","SFX_Weapon_Bench_Close","SoundEvents/SFX/UI/Interactions/Benches/SFX_Weapon_Bench_Close","Server/Audio/SoundEvents/SFX/UI/Interactions/Benches/SFX_Weapon_Bench_Close.json","226","FF4F112399B554FD66BCC4A7ABA19B81E892070B114B4C6D93B3403D6DE8928F"
"sound-definitions","SFX_Weapon_Bench_Craft","SoundEvents/SFX/UI/Interactions/Benches/SFX_Weapon_Bench_Craft","Server/Audio/SoundEvents/SFX/UI/Interactions/Benches/SFX_Weapon_Bench_Craft.json","226","0A85AE289D12ABAEB09484E26B11032E37C127BE00444CA58F3A55AAC561F967"
"sound-definitions","SFX_Weapon_Bench_Open","SoundEvents/SFX/UI/Interactions/Benches/SFX_Weapon_Bench_Open","Server/Audio/SoundEvents/SFX/UI/Interactions/Benches/SFX_Weapon_Bench_Open.json","225","21283D427B14D3FD0EF16540F235E3BB61D4ADC7D00C7D627F6E554AC0ACFC3F"
"sound-definitions","SFX_Workbench_Close","SoundEvents/SFX/UI/Interactions/Benches/SFX_Workbench_Close","Server/Audio/SoundEvents/SFX/UI/Interactions/Benches/SFX_Workbench_Close.json","217","B12EC0CE391D3A8CFB85C8E78774C960259BA783E31081215E69674B99D90EC7"
"sound-definitions","SFX_Workbench_Craft","SoundEvents/SFX/UI/Interactions/Benches/SFX_Workbench_Craft","Server/Audio/SoundEvents/SFX/UI/Interactions/Benches/SFX_Workbench_Craft.json","217","3870ED1A278448F062070EFC52D76479FD4483A15383DEFEA13F74F7422C117B"
"sound-definitions","SFX_Workbench_Open","SoundEvents/SFX/UI/Interactions/Benches/SFX_Workbench_Open","Server/Audio/SoundEvents/SFX/UI/Interactions/Benches/SFX_Workbench_Open.json","202","016C33D4D5E9B37009C2C36507A20616988ED0443D26643B5D3915769CD47213"
"sound-definitions","SFX_Chest_Goblin_Close","SoundEvents/SFX/UI/Interactions/Chests/SFX_Chest_Goblin_Close","Server/Audio/SoundEvents/SFX/UI/Interactions/Chests/SFX_Chest_Goblin_Close.json","191","0BAF9C16C79F0E09998E09AFDE912A0D82E85B9C857DE33C9BEC4B5EEAF37D08"
"sound-definitions","SFX_Chest_Goblin_Open","SoundEvents/SFX/UI/Interactions/Chests/SFX_Chest_Goblin_Open","Server/Audio/SoundEvents/SFX/UI/Interactions/Chests/SFX_Chest_Goblin_Open.json","190","764E88D918E405EC6F6FD843AB7B0B027457C2B606D3DF6113126B70D4A823CB"
"sound-definitions","SFX_Chest_Legendary_Open","SoundEvents/SFX/UI/Interactions/Chests/SFX_Chest_Legendary_Open","Server/Audio/SoundEvents/SFX/UI/Interactions/Chests/SFX_Chest_Legendary_Open.json","225","1CDB71F46756ABFDC3857DA55C52DD93CAA0D89EC11B3939E9058424E1495826"
"sound-definitions","SFX_Chest_Wooden_Close","SoundEvents/SFX/UI/Interactions/Chests/SFX_Chest_Wooden_Close","Server/Audio/SoundEvents/SFX/UI/Interactions/Chests/SFX_Chest_Wooden_Close.json","233","4C4FC90E4196959255DA45296A9C85D9A7D50795479789671609662493C361FB"
"sound-definitions","SFX_Chest_Wooden_Open","SoundEvents/SFX/UI/Interactions/Chests/SFX_Chest_Wooden_Open","Server/Audio/SoundEvents/SFX/UI/Interactions/Chests/SFX_Chest_Wooden_Open.json","195","A6CB20F73B8B5FEBA1E21B7A5C781B517C6BA1813341E995D38E721DE1530950"
"sound-definitions","SFX_Door_Ancient_Close","SoundEvents/SFX/UI/Interactions/Doors/SFX_Door_Ancient_Close","Server/Audio/SoundEvents/SFX/UI/Interactions/Doors/SFX_Door_Ancient_Close.json","498","BE9BC8CE089B6AD724197A0E00BA70956F05E449439216CB2A2FA8AD2CE63D88"
"sound-definitions","SFX_Door_Ancient_Open","SoundEvents/SFX/UI/Interactions/Doors/SFX_Door_Ancient_Open","Server/Audio/SoundEvents/SFX/UI/Interactions/Doors/SFX_Door_Ancient_Open.json","557","B1BE74F6ABFB1070C4989EA347706B4B910A50DE7A58DFC8F09AE875DC399159"
"sound-definitions","SFX_Door_Crude_Close","SoundEvents/SFX/UI/Interactions/Doors/SFX_Door_Crude_Close","Server/Audio/SoundEvents/SFX/UI/Interactions/Doors/SFX_Door_Crude_Close.json","576","6FB130C3FA28FC3AD144034815593809E89C044E554110C51915E2955E18B41B"
"sound-definitions","SFX_Door_Crude_Open","SoundEvents/SFX/UI/Interactions/Doors/SFX_Door_Crude_Open","Server/Audio/SoundEvents/SFX/UI/Interactions/Doors/SFX_Door_Crude_Open.json","512","A1483E553252CE4360B004B9C45085C185A6B0BDF4E036E20F38481F3B2A7AD5"
"sound-definitions","SFX_Door_Desert_Close","SoundEvents/SFX/UI/Interactions/Doors/SFX_Door_Desert_Close","Server/Audio/SoundEvents/SFX/UI/Interactions/Doors/SFX_Door_Desert_Close.json","548","0250CB38AF7257CB8D693A0C8F2ABA0AF7A63B380A273E0120E57C1C631A8FCF"
"sound-definitions","SFX_Door_Desert_Open","SoundEvents/SFX/UI/Interactions/Doors/SFX_Door_Desert_Open","Server/Audio/SoundEvents/SFX/UI/Interactions/Doors/SFX_Door_Desert_Open.json","548","0250CB38AF7257CB8D693A0C8F2ABA0AF7A63B380A273E0120E57C1C631A8FCF"
"sound-definitions","SFX_Door_Goblin_Close","SoundEvents/SFX/UI/Interactions/Doors/SFX_Door_Goblin_Close","Server/Audio/SoundEvents/SFX/UI/Interactions/Doors/SFX_Door_Goblin_Close.json","253","CF7E65EF335F9D2B6B60C1164D4B15E4F1C7398137EC68D3EA17882A2AF34C78"
"sound-definitions","SFX_Door_Goblin_Medium_Close","SoundEvents/SFX/UI/Interactions/Doors/SFX_Door_Goblin_Medium_Close","Server/Audio/SoundEvents/SFX/UI/Interactions/Doors/SFX_Door_Goblin_Medium_Close.json","260","8C53CD1C953A518B6443163B2AA0383FBE4AB6858C977DF5D4729A353016113C"
"sound-definitions","SFX_Door_Goblin_Medium_Open","SoundEvents/SFX/UI/Interactions/Doors/SFX_Door_Goblin_Medium_Open","Server/Audio/SoundEvents/SFX/UI/Interactions/Doors/SFX_Door_Goblin_Medium_Open.json","259","D35E9A95E92498CE518672F9744345006C3924F8D3C5FA584E3967ABC2F7D851"
"sound-definitions","SFX_Door_Goblin_Open","SoundEvents/SFX/UI/Interactions/Doors/SFX_Door_Goblin_Open","Server/Audio/SoundEvents/SFX/UI/Interactions/Doors/SFX_Door_Goblin_Open.json","252","9B522671AA305A013A6529ECCE988E2E57737AD623A4FE894180B7F76A8001AC"
"sound-definitions","SFX_Door_Jungle_Close","SoundEvents/SFX/UI/Interactions/Doors/SFX_Door_Jungle_Close","Server/Audio/SoundEvents/SFX/UI/Interactions/Doors/SFX_Door_Jungle_Close.json","551","131FDA9C54B531E291C3998413E315C4A2D4E3ED17C0699D2E52D4CBECAAB572"
"sound-definitions","SFX_Door_Jungle_Open","SoundEvents/SFX/UI/Interactions/Doors/SFX_Door_Jungle_Open","Server/Audio/SoundEvents/SFX/UI/Interactions/Doors/SFX_Door_Jungle_Open.json","548","3BF53A8B728F16F149954EF6C4B067F5B284D4439D19ADE55414948AC4FA9398"
"sound-definitions","SFX_Door_Lumberjack_Close","SoundEvents/SFX/UI/Interactions/Doors/SFX_Door_Lumberjack_Close","Server/Audio/SoundEvents/SFX/UI/Interactions/Doors/SFX_Door_Lumberjack_Close.json","575","47AD9F2D89EA5DC4F8AA314634C5B71FA9100ABA4AE7CCD88EDF9E44BBD9F5A3"
"sound-definitions","SFX_Door_Lumberjack_Open","SoundEvents/SFX/UI/Interactions/Doors/SFX_Door_Lumberjack_Open","Server/Audio/SoundEvents/SFX/UI/Interactions/Doors/SFX_Door_Lumberjack_Open.json","572","F5296433A0A6DABDA5C0F7E491A9487749D0857EF7CE9F5EE89DA8A50F1E33F7"
"sound-definitions","SFX_Door_Temple_Dark_Close","SoundEvents/SFX/UI/Interactions/Doors/SFX_Door_Temple_Dark_Close","Server/Audio/SoundEvents/SFX/UI/Interactions/Doors/SFX_Door_Temple_Dark_Close.json","581","519D6462C1160BFECFAE7C85BEF2EC28958E9AEDA247008CD2498F4A80A195C1"
"sound-definitions","SFX_Door_Temple_Dark_Open","SoundEvents/SFX/UI/Interactions/Doors/SFX_Door_Temple_Dark_Open","Server/Audio/SoundEvents/SFX/UI/Interactions/Doors/SFX_Door_Temple_Dark_Open.json","578","1CA0D596D7C31BA20FC67EF5B472AAB2E97992768338A1D87B8EB66E38585481"
"sound-definitions","SFX_Door_Temple_Light_Close","SoundEvents/SFX/UI/Interactions/Doors/SFX_Door_Temple_Light_Close","Server/Audio/SoundEvents/SFX/UI/Interactions/Doors/SFX_Door_Temple_Light_Close.json","587","A4CF2F9E85EE8A653AA14DDB14F0E66A3282554DCC6774645983D5060F9A9CEB"
"sound-definitions","SFX_Door_Temple_Light_Open","SoundEvents/SFX/UI/Interactions/Doors/SFX_Door_Temple_Light_Open","Server/Audio/SoundEvents/SFX/UI/Interactions/Doors/SFX_Door_Temple_Light_Open.json","584","2129A9C079A2BDE531C673ED302D534434388CA522EB5E1F4064630594DE178C"
"sound-definitions","SFX_Door_Wooden_Close","SoundEvents/SFX/UI/Interactions/Doors/SFX_Door_Wooden_Close","Server/Audio/SoundEvents/SFX/UI/Interactions/Doors/SFX_Door_Wooden_Close.json","512","E4B7111D5A9972A042ED5A7D98CA95BD2135C19B98249E8D7901C94F9AEA8732"
"sound-definitions","SFX_Door_Wooden_Open","SoundEvents/SFX/UI/Interactions/Doors/SFX_Door_Wooden_Open","Server/Audio/SoundEvents/SFX/UI/Interactions/Doors/SFX_Door_Wooden_Open.json","581","6B5CC2619FC34141FA84260CF5ECF53509E5BE1CEEC7A01568F11E896FFCA3B3"
"sound-definitions","SFX_Player_Craft_Item_Inventory","SoundEvents/SFX/UI/Interactions/Inventory/SFX_Player_Craft_Item_Inventory","Server/Audio/SoundEvents/SFX/UI/Interactions/Inventory/SFX_Player_Craft_Item_Inventory.json","210","3C9D361A739B00802E6C90B289D73EA6856D521499636104D94BBBC36F41556C"
"sound-definitions","SFX_Drag_Armor_Cloth","SoundEvents/SFX/UI/Inventory/SFX_Drag_Armor_Cloth","Server/Audio/SoundEvents/SFX/UI/Inventory/SFX_Drag_Armor_Cloth.json","337","61236FA2B4419154285CF46511894B5D2C014D97A4BB8847E6CBD740CC03749F"
"sound-definitions","SFX_Drag_Armor_Heavy","SoundEvents/SFX/UI/Inventory/SFX_Drag_Armor_Heavy","Server/Audio/SoundEvents/SFX/UI/Inventory/SFX_Drag_Armor_Heavy.json","337","3AB0A5923478D643FE7957A0E2C5AD45C1343BB7231863F1A0518D14C0BCF88E"
"sound-definitions","SFX_Drag_Armor_Leather","SoundEvents/SFX/UI/Inventory/SFX_Drag_Armor_Leather","Server/Audio/SoundEvents/SFX/UI/Inventory/SFX_Drag_Armor_Leather.json","339","E6C37D680202F488964AF2FF8C6EC3FC90D1A993B0D907665DF2630B683DD19A"
"sound-definitions","SFX_Drag_Blocks_Gravel","SoundEvents/SFX/UI/Inventory/SFX_Drag_Blocks_Gravel","Server/Audio/SoundEvents/SFX/UI/Inventory/SFX_Drag_Blocks_Gravel.json","339","00E1CFECCA697FC64735D6A83317687CED268D182B37643B1B6CEDC30CEE3843"
"sound-definitions","SFX_Drag_Blocks_Soft","SoundEvents/SFX/UI/Inventory/SFX_Drag_Blocks_Soft","Server/Audio/SoundEvents/SFX/UI/Inventory/SFX_Drag_Blocks_Soft.json","337","0C5009C5FBFD9FED5ED9109D4A9E4C4265CEE9D5F93689BB5EA8B38142D2A4A5"
"sound-definitions","SFX_Drag_Blocks_Splatty","SoundEvents/SFX/UI/Inventory/SFX_Drag_Blocks_Splatty","Server/Audio/SoundEvents/SFX/UI/Inventory/SFX_Drag_Blocks_Splatty.json","340","928A20080076F195D020E8A811669C5B601E3EBA29F8C9B640D81E154C4B53E0"
"sound-definitions","SFX_Drag_Blocks_Stone","SoundEvents/SFX/UI/Inventory/SFX_Drag_Blocks_Stone","Server/Audio/SoundEvents/SFX/UI/Inventory/SFX_Drag_Blocks_Stone.json","338","2467CFB28ECFAFEEEC7C6FBAB24E01A0AFC43780079C7B69CBFE5A2D0A1BBCA6"
"sound-definitions","SFX_Drag_Blocks_Wood","SoundEvents/SFX/UI/Inventory/SFX_Drag_Blocks_Wood","Server/Audio/SoundEvents/SFX/UI/Inventory/SFX_Drag_Blocks_Wood.json","337","0974E5F12D4DE29DEA79F81B983EE5D30D6C5908CFB9B62E8E286D714712FB76"
"sound-definitions","SFX_Drag_Item_Default","SoundEvents/SFX/UI/Inventory/SFX_Drag_Item_Default","Server/Audio/SoundEvents/SFX/UI/Inventory/SFX_Drag_Item_Default.json","325","C1A715CFD2337811E263ED987737FB7CFAA73A3D3CE1C957D2F94F6C657A9528"
"sound-definitions","SFX_Drag_Items_Bones","SoundEvents/SFX/UI/Inventory/SFX_Drag_Items_Bones","Server/Audio/SoundEvents/SFX/UI/Inventory/SFX_Drag_Items_Bones.json","337","4D5F986701D5B03E8988B87FC6E96B62857A39FA26E8F74B6C69DD523C5C7C7F"
"sound-definitions","SFX_Drag_Items_Chest","SoundEvents/SFX/UI/Inventory/SFX_Drag_Items_Chest","Server/Audio/SoundEvents/SFX/UI/Inventory/SFX_Drag_Items_Chest.json","337","23B02BEDBBD05DCBC72DA6CBC856CECA35977606024CCD5859CE56C8AFB586EF"
"sound-definitions","SFX_Drag_Items_Clay","SoundEvents/SFX/UI/Inventory/SFX_Drag_Items_Clay","Server/Audio/SoundEvents/SFX/UI/Inventory/SFX_Drag_Items_Clay.json","336","DA1016E8C475C5B23C547FC9E3001B075E8D4254973F734EF26DC3AAD162F089"
"sound-definitions","SFX_Drag_Items_Cloth","SoundEvents/SFX/UI/Inventory/SFX_Drag_Items_Cloth","Server/Audio/SoundEvents/SFX/UI/Inventory/SFX_Drag_Items_Cloth.json","337","9C01CA5DB2E10EA616D23ADE892439AFDCFDCC68D95710F0EE708D849D1E26D1"
"sound-definitions","SFX_Drag_Items_Foliage","SoundEvents/SFX/UI/Inventory/SFX_Drag_Items_Foliage","Server/Audio/SoundEvents/SFX/UI/Inventory/SFX_Drag_Items_Foliage.json","339","F8A8BD3FBFA323296AB0911F23A7DA45DCDDCBDD6AF54D8BC10759CD20976381"
"sound-definitions","SFX_Drag_Items_Gadget","SoundEvents/SFX/UI/Inventory/SFX_Drag_Items_Gadget","Server/Audio/SoundEvents/SFX/UI/Inventory/SFX_Drag_Items_Gadget.json","338","FE213B4304D4FE9542E7EC985E87FC43FB38210782F67B044DB5667CF5E7A831"
"sound-definitions","SFX_Drag_Items_Gems","SoundEvents/SFX/UI/Inventory/SFX_Drag_Items_Gems","Server/Audio/SoundEvents/SFX/UI/Inventory/SFX_Drag_Items_Gems.json","336","66A97B5DE8A341B9A5DFF2E26F3C6C9B30FB96CD43B616F6BE74711CD8DE1520"
"sound-definitions","SFX_Drag_Items_Ingots","SoundEvents/SFX/UI/Inventory/SFX_Drag_Items_Ingots","Server/Audio/SoundEvents/SFX/UI/Inventory/SFX_Drag_Items_Ingots.json","338","723E347B0D933973E00EA23523B7843C2AA4BF716CB9C90ADB21FFA7602EA181"
"sound-definitions","SFX_Drag_Items_Leather","SoundEvents/SFX/UI/Inventory/SFX_Drag_Items_Leather","Server/Audio/SoundEvents/SFX/UI/Inventory/SFX_Drag_Items_Leather.json","339","DF5257B92F7503DEDEADB30631D9B00CAD553AF37E2F419129B5B46F0D2FFD05"
"sound-definitions","SFX_Drag_Items_Metal","SoundEvents/SFX/UI/Inventory/SFX_Drag_Items_Metal","Server/Audio/SoundEvents/SFX/UI/Inventory/SFX_Drag_Items_Metal.json","337","BEE05C7A37A15E14B50BB0E03AD1566184D8E535661712824219DD98D743FE24"
"sound-definitions","SFX_Drag_Items_Paper","SoundEvents/SFX/UI/Inventory/SFX_Drag_Items_Paper","Server/Audio/SoundEvents/SFX/UI/Inventory/SFX_Drag_Items_Paper.json","337","DDA90532FDC61E6B7B74D93732979875C0FCBD1EE6CA9E27FA292CC473E04327"
"sound-definitions","SFX_Drag_Items_Potion","SoundEvents/SFX/UI/Inventory/SFX_Drag_Items_Potion","Server/Audio/SoundEvents/SFX/UI/Inventory/SFX_Drag_Items_Potion.json","338","469ED26280472FBB74E5747C6128CD7B8049817370C581AD4B9C8C0759FB2395"
"sound-definitions","SFX_Drag_Items_Seeds","SoundEvents/SFX/UI/Inventory/SFX_Drag_Items_Seeds","Server/Audio/SoundEvents/SFX/UI/Inventory/SFX_Drag_Items_Seeds.json","337","620674DC81FB16072C6C5D92E7A211DAB4288194C8039B6431AE0A4E9DDE76C0"
"sound-definitions","SFX_Drag_Items_Shells","SoundEvents/SFX/UI/Inventory/SFX_Drag_Items_Shells","Server/Audio/SoundEvents/SFX/UI/Inventory/SFX_Drag_Items_Shells.json","338","0FC91C25039998CE77B53978F34377B1D1451869C11CD2FAAC5DAC9F03C4C0E9"
"sound-definitions","SFX_Drag_Items_Splatty","SoundEvents/SFX/UI/Inventory/SFX_Drag_Items_Splatty","Server/Audio/SoundEvents/SFX/UI/Inventory/SFX_Drag_Items_Splatty.json","339","ED55480855EC52467DE56BD215A653729121808AB8D9D043E83AE82C0AAFB3C7"
"sound-definitions","SFX_Drag_Weapon_Blade_Small","SoundEvents/SFX/UI/Inventory/SFX_Drag_Weapon_Blade_Small","Server/Audio/SoundEvents/SFX/UI/Inventory/SFX_Drag_Weapon_Blade_Small.json","344","88CCBC84F43033F456AC7F9E16283507E9C6E186EE55E28704384DFB36E11454"
"sound-definitions","SFX_Drag_Weapon_Blunt_Large","SoundEvents/SFX/UI/Inventory/SFX_Drag_Weapon_Blunt_Large","Server/Audio/SoundEvents/SFX/UI/Inventory/SFX_Drag_Weapon_Blunt_Large.json","344","6D4425DBADB7EC2235BA242EA3A17D620AF11C8191F1015071E50183580EC012"
"sound-definitions","SFX_Drag_Weapons_Arrows","SoundEvents/SFX/UI/Inventory/SFX_Drag_Weapons_Arrows","Server/Audio/SoundEvents/SFX/UI/Inventory/SFX_Drag_Weapons_Arrows.json","340","CD29561A860B377228A8152F6713477121B73F7AB2904E0BE6C6649AD0EAC062"
"sound-definitions","SFX_Drag_Weapons_Blade_Large","SoundEvents/SFX/UI/Inventory/SFX_Drag_Weapons_Blade_Large","Server/Audio/SoundEvents/SFX/UI/Inventory/SFX_Drag_Weapons_Blade_Large.json","345","F52B834CCF11DE1C0B82685082A3C90838FFA034CD482EF5556ED578116BE733"
"sound-definitions","SFX_Drag_Weapons_Blunt_Small","SoundEvents/SFX/UI/Inventory/SFX_Drag_Weapons_Blunt_Small","Server/Audio/SoundEvents/SFX/UI/Inventory/SFX_Drag_Weapons_Blunt_Small.json","345","5ADFE0E5EE7B3CD0FE368151DD74203BC96FB04E7F08003613B22B923343956E"
"sound-definitions","SFX_Drag_Weapons_Books","SoundEvents/SFX/UI/Inventory/SFX_Drag_Weapons_Books","Server/Audio/SoundEvents/SFX/UI/Inventory/SFX_Drag_Weapons_Books.json","339","245C8384809F60DA24C30994DEC0067E0BC88D8F2E0988196240E463EF79EDDF"
"sound-definitions","SFX_Drag_Weapons_Shield_Metal","SoundEvents/SFX/UI/Inventory/SFX_Drag_Weapons_Shield_Metal","Server/Audio/SoundEvents/SFX/UI/Inventory/SFX_Drag_Weapons_Shield_Metal.json","346","18B62D48EFB182EA919B0E589B6B00C7B407D0BCBB4833FAD69021AA2C6BE296"
"sound-definitions","SFX_Drag_Weapons_Shield_Wood","SoundEvents/SFX/UI/Inventory/SFX_Drag_Weapons_Shield_Wood","Server/Audio/SoundEvents/SFX/UI/Inventory/SFX_Drag_Weapons_Shield_Wood.json","345","68EC1BD7CDE19FA2772AEE03A5FD5BE6E06FB187BB35586EE9DFC00E74407DD3"
"sound-definitions","SFX_Drag_Weapons_Stone_Large","SoundEvents/SFX/UI/Inventory/SFX_Drag_Weapons_Stone_Large","Server/Audio/SoundEvents/SFX/UI/Inventory/SFX_Drag_Weapons_Stone_Large.json","345","5A4DF125EE723D867EDB3B1E05D6EE5A7601EA9B0DDEC633A675CFC13079D784"
"sound-definitions","SFX_Drag_Weapons_Stone_Small","SoundEvents/SFX/UI/Inventory/SFX_Drag_Weapons_Stone_Small","Server/Audio/SoundEvents/SFX/UI/Inventory/SFX_Drag_Weapons_Stone_Small.json","345","6F3E54DBE8CD3CD3CC3FEB3BDDE0AFF567AB09864A59C12B2C59090CC8EE1F65"
"sound-definitions","SFX_Drag_Weapons_Wand","SoundEvents/SFX/UI/Inventory/SFX_Drag_Weapons_Wand","Server/Audio/SoundEvents/SFX/UI/Inventory/SFX_Drag_Weapons_Wand.json","338","1C130FAA7614C7D4F8E6B0AAED874D8EC89524004046B451D183A8DBC0D917B6"
"sound-definitions","SFX_Drag_Weapons_Wood","SoundEvents/SFX/UI/Inventory/SFX_Drag_Weapons_Wood","Server/Audio/SoundEvents/SFX/UI/Inventory/SFX_Drag_Weapons_Wood.json","338","D19E1F77420856F44DCE184FC40A72C5BB2CD76E1F6FD114C4762B8C5A0BEB50"
"sound-definitions","SFX_Drop_Armor_Cloth","SoundEvents/SFX/UI/Inventory/SFX_Drop_Armor_Cloth","Server/Audio/SoundEvents/SFX/UI/Inventory/SFX_Drop_Armor_Cloth.json","337","028C3DD203F97F02058C89B7B44B1E69964FECC18863FCAED12F5248963DF695"
"sound-definitions","SFX_Drop_Armor_Heavy","SoundEvents/SFX/UI/Inventory/SFX_Drop_Armor_Heavy","Server/Audio/SoundEvents/SFX/UI/Inventory/SFX_Drop_Armor_Heavy.json","337","AB62849B6A81890546BC8F72432CDCFDD36DAB08D0C1AD3EB95E9CB9E2B8710C"
"sound-definitions","SFX_Drop_Armor_Leather","SoundEvents/SFX/UI/Inventory/SFX_Drop_Armor_Leather","Server/Audio/SoundEvents/SFX/UI/Inventory/SFX_Drop_Armor_Leather.json","339","3353042D7619A0D91071A3E719BB7714A55DDADF1FD532CF8213B92A1B24B6BE"
"sound-definitions","SFX_Drop_Blocks_Gravel","SoundEvents/SFX/UI/Inventory/SFX_Drop_Blocks_Gravel","Server/Audio/SoundEvents/SFX/UI/Inventory/SFX_Drop_Blocks_Gravel.json","339","22407F818E89D9CF38720FB2A70F39614E3CC5C35F01E4E28E04BF4C99203B45"
"sound-definitions","SFX_Drop_Blocks_Soft","SoundEvents/SFX/UI/Inventory/SFX_Drop_Blocks_Soft","Server/Audio/SoundEvents/SFX/UI/Inventory/SFX_Drop_Blocks_Soft.json","337","949922D2D9A459891FD1B888081B987BC83142D9D728393316D85B205EDC9B67"
"sound-definitions","SFX_Drop_Blocks_Splatty","SoundEvents/SFX/UI/Inventory/SFX_Drop_Blocks_Splatty","Server/Audio/SoundEvents/SFX/UI/Inventory/SFX_Drop_Blocks_Splatty.json","340","9409CED0C25B8A0E2CF8AEAD7B43AEB81B0FEB319E0810638D86F696EB0D23BD"
"sound-definitions","SFX_Drop_Blocks_Stone","SoundEvents/SFX/UI/Inventory/SFX_Drop_Blocks_Stone","Server/Audio/SoundEvents/SFX/UI/Inventory/SFX_Drop_Blocks_Stone.json","338","063D9F50C2368057CA1A2DF52E3743DEC7CD6DA8EA77CC9C59EAC205779FC173"
"sound-definitions","SFX_Drop_Blocks_Wood","SoundEvents/SFX/UI/Inventory/SFX_Drop_Blocks_Wood","Server/Audio/SoundEvents/SFX/UI/Inventory/SFX_Drop_Blocks_Wood.json","337","128D096B0599982D3194592E9A12919D8EAA2532E5DC81DC71C7D2FF2B6BD787"
"sound-definitions","SFX_Drop_Item_Default","SoundEvents/SFX/UI/Inventory/SFX_Drop_Item_Default","Server/Audio/SoundEvents/SFX/UI/Inventory/SFX_Drop_Item_Default.json","324","0D022B06A2795647444A3667927B8C1CBAB8CC78254922E8B283938FA00541C2"
"sound-definitions","SFX_Drop_Items_Bones","SoundEvents/SFX/UI/Inventory/SFX_Drop_Items_Bones","Server/Audio/SoundEvents/SFX/UI/Inventory/SFX_Drop_Items_Bones.json","337","97C8EFC6F18C78A15F64688A3E24F031673E0FAC620BD949CD74D69B4710A8A3"
"sound-definitions","SFX_Drop_Items_Chest","SoundEvents/SFX/UI/Inventory/SFX_Drop_Items_Chest","Server/Audio/SoundEvents/SFX/UI/Inventory/SFX_Drop_Items_Chest.json","337","AD134A8634D3A9B7CF973F1790F3AFB1DEF51CC3742DDA67BE912958802A044F"
"sound-definitions","SFX_Drop_Items_Clay","SoundEvents/SFX/UI/Inventory/SFX_Drop_Items_Clay","Server/Audio/SoundEvents/SFX/UI/Inventory/SFX_Drop_Items_Clay.json","336","27DEF298CBDEA5466238879723AF95C5BCC70765E3AB0877476E66B14A86A2AD"
"sound-definitions","SFX_Drop_Items_Cloth","SoundEvents/SFX/UI/Inventory/SFX_Drop_Items_Cloth","Server/Audio/SoundEvents/SFX/UI/Inventory/SFX_Drop_Items_Cloth.json","337","CDC04910A61204E10A10DDC85DBF9F89ACA16A0B504860F0FD3B8A759A5E2F20"
"sound-definitions","SFX_Drop_Items_Foliage","SoundEvents/SFX/UI/Inventory/SFX_Drop_Items_Foliage","Server/Audio/SoundEvents/SFX/UI/Inventory/SFX_Drop_Items_Foliage.json","339","70DE494E7C9EAC1E60ACE715F8C7109D0648996819E3AF1568CE3653836CE40C"
"sound-definitions","SFX_Drop_Items_Gadget","SoundEvents/SFX/UI/Inventory/SFX_Drop_Items_Gadget","Server/Audio/SoundEvents/SFX/UI/Inventory/SFX_Drop_Items_Gadget.json","338","4FA00D6341452CEE06D7887209787D8A1DA896F446CC90BF5C6938101C032482"
"sound-definitions","SFX_Drop_Items_Gems","SoundEvents/SFX/UI/Inventory/SFX_Drop_Items_Gems","Server/Audio/SoundEvents/SFX/UI/Inventory/SFX_Drop_Items_Gems.json","336","0D6C4667DC471B6BAB7E289692A772ADEF672635C10A5B4DE593E40EF23126D8"
"sound-definitions","SFX_Drop_Items_Ingots","SoundEvents/SFX/UI/Inventory/SFX_Drop_Items_Ingots","Server/Audio/SoundEvents/SFX/UI/Inventory/SFX_Drop_Items_Ingots.json","338","E470E589825CE0300EC5131E59B6C96AD9DAE7409089BFA31A26A1EEA013F803"
"sound-definitions","SFX_Drop_Items_Leather","SoundEvents/SFX/UI/Inventory/SFX_Drop_Items_Leather","Server/Audio/SoundEvents/SFX/UI/Inventory/SFX_Drop_Items_Leather.json","339","B0DD89A7256336E7AA0A82BBA7E2073BACDF031CA788748D25A6F04A347DC826"
"sound-definitions","SFX_Drop_Items_Metal","SoundEvents/SFX/UI/Inventory/SFX_Drop_Items_Metal","Server/Audio/SoundEvents/SFX/UI/Inventory/SFX_Drop_Items_Metal.json","337","9596F4F2A2A94E0F8D1D175362E2731D56E60A0D44F632E2D7AE9796D90FBA9E"
"sound-definitions","SFX_Drop_Items_Paper","SoundEvents/SFX/UI/Inventory/SFX_Drop_Items_Paper","Server/Audio/SoundEvents/SFX/UI/Inventory/SFX_Drop_Items_Paper.json","337","834497B2FD560E867EFBA2F87D3F2133BD595A090F4B7B8B9487C94F96F4F936"
"sound-definitions","SFX_Drop_Items_Potion","SoundEvents/SFX/UI/Inventory/SFX_Drop_Items_Potion","Server/Audio/SoundEvents/SFX/UI/Inventory/SFX_Drop_Items_Potion.json","338","8FE2650D6EFDF30DCAE58AE89D88DFDE6559C6D4D0748C3E200D7A2915282298"
"sound-definitions","SFX_Drop_Items_Seeds","SoundEvents/SFX/UI/Inventory/SFX_Drop_Items_Seeds","Server/Audio/SoundEvents/SFX/UI/Inventory/SFX_Drop_Items_Seeds.json","337","269F5425D4310CD661C1AA3AEA41889EFBF82E2653D4131D67A930D5DA33A256"
"sound-definitions","SFX_Drop_Items_Shells","SoundEvents/SFX/UI/Inventory/SFX_Drop_Items_Shells","Server/Audio/SoundEvents/SFX/UI/Inventory/SFX_Drop_Items_Shells.json","338","0F1DB18A06B0C08E977F47F41CE2108519380E5B45BBB73595F7910B004CA41C"
"sound-definitions","SFX_Drop_Items_Splatty","SoundEvents/SFX/UI/Inventory/SFX_Drop_Items_Splatty","Server/Audio/SoundEvents/SFX/UI/Inventory/SFX_Drop_Items_Splatty.json","339","E82F3BF7196B5B87161C25FF779435DB5C64CDB62DFEFDCB171A14A27374D6E2"
"sound-definitions","SFX_Drop_Weapon_Blade_Small","SoundEvents/SFX/UI/Inventory/SFX_Drop_Weapon_Blade_Small","Server/Audio/SoundEvents/SFX/UI/Inventory/SFX_Drop_Weapon_Blade_Small.json","344","7A1C8C5C68F894D73DD33A1689C7D34DE836E76CB5ADDEDEE1EFB2B2CF980389"
"sound-definitions","SFX_Drop_Weapon_Blunt_Large","SoundEvents/SFX/UI/Inventory/SFX_Drop_Weapon_Blunt_Large","Server/Audio/SoundEvents/SFX/UI/Inventory/SFX_Drop_Weapon_Blunt_Large.json","344","23B59DCC638A8A1B1D3CD5CB473B10E40C92A3BBBEC8690F1CCD19CBE5DE7B3A"
"sound-definitions","SFX_Drop_Weapons_Arrows","SoundEvents/SFX/UI/Inventory/SFX_Drop_Weapons_Arrows","Server/Audio/SoundEvents/SFX/UI/Inventory/SFX_Drop_Weapons_Arrows.json","340","34A250AF4848A89C05E1B46DF839FA33D1400EA2B11123BBFC8FA1817C323C86"
"sound-definitions","SFX_Drop_Weapons_Blade_Large","SoundEvents/SFX/UI/Inventory/SFX_Drop_Weapons_Blade_Large","Server/Audio/SoundEvents/SFX/UI/Inventory/SFX_Drop_Weapons_Blade_Large.json","345","48C1F1FA694C5194F9DA0ABBC3D032BCBD06FFC554DD25C4F999692B28AEC9B0"
"sound-definitions","SFX_Drop_Weapons_Blunt_Small","SoundEvents/SFX/UI/Inventory/SFX_Drop_Weapons_Blunt_Small","Server/Audio/SoundEvents/SFX/UI/Inventory/SFX_Drop_Weapons_Blunt_Small.json","345","2D31220B3BF70D340CEB2780ED91A41D206A2C91CABADAD9AD22BB3295ED76BB"
"sound-definitions","SFX_Drop_Weapons_Books","SoundEvents/SFX/UI/Inventory/SFX_Drop_Weapons_Books","Server/Audio/SoundEvents/SFX/UI/Inventory/SFX_Drop_Weapons_Books.json","339","AD5C1FC28D4783B3328540A66F9BF74D76E50EFC0F7F995EAF70CB034A5CDC4B"
"sound-definitions","SFX_Drop_Weapons_Shield_Metal","SoundEvents/SFX/UI/Inventory/SFX_Drop_Weapons_Shield_Metal","Server/Audio/SoundEvents/SFX/UI/Inventory/SFX_Drop_Weapons_Shield_Metal.json","346","EFBEF295C1D14DF22412361741BDD60C4F726D6DF70A8ED710780942441099AC"
"sound-definitions","SFX_Drop_Weapons_Shield_Wood","SoundEvents/SFX/UI/Inventory/SFX_Drop_Weapons_Shield_Wood","Server/Audio/SoundEvents/SFX/UI/Inventory/SFX_Drop_Weapons_Shield_Wood.json","345","20DEB3AB5D1C35C52BDC59ADC4F7FEBDCBFA24562C31DD38D8F25F42724800F2"
"sound-definitions","SFX_Drop_Weapons_Stone_Large","SoundEvents/SFX/UI/Inventory/SFX_Drop_Weapons_Stone_Large","Server/Audio/SoundEvents/SFX/UI/Inventory/SFX_Drop_Weapons_Stone_Large.json","345","7275B9FA3046468A4441D4170DB607374F6615C3B6052A8E9D9CC10E9D0FC1BF"
"sound-definitions","SFX_Drop_Weapons_Stone_Small","SoundEvents/SFX/UI/Inventory/SFX_Drop_Weapons_Stone_Small","Server/Audio/SoundEvents/SFX/UI/Inventory/SFX_Drop_Weapons_Stone_Small.json","345","E854F6FD9F155A2B608B92D3D9AC679D3B1F5FBC25F51975DF546C51C07D26FA"
"sound-definitions","SFX_Drop_Weapons_Wand","SoundEvents/SFX/UI/Inventory/SFX_Drop_Weapons_Wand","Server/Audio/SoundEvents/SFX/UI/Inventory/SFX_Drop_Weapons_Wand.json","338","42A4234F55F27D334DDB5BE32072599306753CADEDDCC8F69C132EA4FA228190"
"sound-definitions","SFX_Drop_Weapons_Wood","SoundEvents/SFX/UI/Inventory/SFX_Drop_Weapons_Wood","Server/Audio/SoundEvents/SFX/UI/Inventory/SFX_Drop_Weapons_Wood.json","338","A5ED4732B90030502B575FBB8C0561263493913383530C5D8191D8589D8DA346"
"sound-definitions","SFX_Incorrect_Tool","SoundEvents/SFX/UI/SFX_Incorrect_Tool","Server/Audio/SoundEvents/SFX/UI/SFX_Incorrect_Tool.json","238","3068A5579CA46B67AD014D5F4207E0E794868CEEB50C5463E2B5D312A07B4D98"
"sound-definitions","SFX_Item_Break","SoundEvents/SFX/UI/SFX_Item_Break","Server/Audio/SoundEvents/SFX/UI/SFX_Item_Break.json","279","FA750AB5B47B45C8BFEFC0A7C10E9DC5C272FCBB2005ACA7A46D532C90EB970C"
"sound-definitions","SFX_Item_Repair","SoundEvents/SFX/UI/SFX_Item_Repair","Server/Audio/SoundEvents/SFX/UI/SFX_Item_Repair.json","359","04EA5EC46E558DB721DD6F0A879E29AC5EA3F223491C9297A7E53B5BA4EAA708"
"sound-definitions","SFX_Torch_Swing_Left_Local","SoundEvents/SFX/Utility/SFX_Torch_Swing_Left_Local","Server/Audio/SoundEvents/SFX/Utility/SFX_Torch_Swing_Left_Local.json","1052","BD449C02C3C061D3954490E6B7DB3EFF2D165B15B157E3FBD4D040E53D67E532"
"sound-definitions","SFX_Torch_Swing_Right_Local","SoundEvents/SFX/Utility/SFX_Torch_Swing_Right_Local","Server/Audio/SoundEvents/SFX/Utility/SFX_Torch_Swing_Right_Local.json","1033","B9E20A81D232003AE1F531EC8970942197971ABEFB533D395A3EA40B46909E40"
"sound-definitions","SFX_Axe_Crude_Impact","SoundEvents/SFX/Weapons/Axe/Crude/SFX_Axe_Crude_Impact","Server/Audio/SoundEvents/SFX/Weapons/Axe/Crude/SFX_Axe_Crude_Impact.json","467","0AD485F58E78A5ED0C78FA388FCA66EE1558D942B7CF9E313A0A10D95A3034FC"
"sound-definitions","SFX_Axe_Crude_Swing","SoundEvents/SFX/Weapons/Axe/Crude/SFX_Axe_Crude_Swing","Server/Audio/SoundEvents/SFX/Weapons/Axe/Crude/SFX_Axe_Crude_Swing.json","1034","7FD9A0026492674FD9FFFB99F728DC5B0F2090FA83C0484413B2ECAC1080022D"
"sound-definitions","SFX_Axe_Iron_Impact","SoundEvents/SFX/Weapons/Axe/Iron/SFX_Axe_Iron_Impact","Server/Audio/SoundEvents/SFX/Weapons/Axe/Iron/SFX_Axe_Iron_Impact.json","509","D7F0A80F520A411477C5EAB8A0CCA8D618489135E53FB78D5144EE86083D590D"
"sound-definitions","SFX_Axe_Iron_Swing","SoundEvents/SFX/Weapons/Axe/Iron/SFX_Axe_Iron_Swing","Server/Audio/SoundEvents/SFX/Weapons/Axe/Iron/SFX_Axe_Iron_Swing.json","1021","0941A792C90DA02480EBA029AD2D857CA3DC3CE1402B94E7737E8E94F93701F9"
"sound-definitions","SFX_Axe_Special_Impact","SoundEvents/SFX/Weapons/Axe/Special/SFX_Axe_Special_Impact","Server/Audio/SoundEvents/SFX/Weapons/Axe/Special/SFX_Axe_Special_Impact.json","488","077F37499325C75E1995E1EC3593B60623E47E80ADE34C666FC0A826BDDEDF1F"
"sound-definitions","SFX_Axe_Special_Swing","SoundEvents/SFX/Weapons/Axe/Special/SFX_Axe_Special_Swing","Server/Audio/SoundEvents/SFX/Weapons/Axe/Special/SFX_Axe_Special_Swing.json","1037","803EADF72EBCAC168A6669CCD57270B61C28FCDFA3F790C88FB9ADDA9DAFECC5"
"sound-definitions","SFX_Battleaxe_T1_Launch","SoundEvents/SFX/Weapons/Battleaxe/Charged/SFX_Battleaxe_T1_Launch","Server/Audio/SoundEvents/SFX/Weapons/Battleaxe/Charged/SFX_Battleaxe_T1_Launch.json","474","68ABB9839E2C94E30EAAB86725EF2F8DCFC25E6DC0D8276A0C42F51236DB395C"
"sound-definitions","SFX_Battleaxe_T1_Launch_Local","SoundEvents/SFX/Weapons/Battleaxe/Charged/SFX_Battleaxe_T1_Launch_Local","Server/Audio/SoundEvents/SFX/Weapons/Battleaxe/Charged/SFX_Battleaxe_T1_Launch_Local.json","455","00858399CA448CE34BEC8EE396F70F0F3318AD912CDDD4EB6BBAB9AC97CBA5C7"
"sound-definitions","SFX_Battleaxe_T1_Swing_Charged","SoundEvents/SFX/Weapons/Battleaxe/Charged/SFX_Battleaxe_T1_Swing_Charged","Server/Audio/SoundEvents/SFX/Weapons/Battleaxe/Charged/SFX_Battleaxe_T1_Swing_Charged.json","1199","AC606D8BF6D426D03513FE1C5571E124A70D9593470E8F93D4A4981A12381A7D"
"sound-definitions","SFX_Battleaxe_T1_Swing_Charged_Local","SoundEvents/SFX/Weapons/Battleaxe/Charged/SFX_Battleaxe_T1_Swing_Charged_Local","Server/Audio/SoundEvents/SFX/Weapons/Battleaxe/Charged/SFX_Battleaxe_T1_Swing_Charged_Local.json","1201","4DF14F790C9435983A73867F345DE52DF6E17E455D42855773DBD6A266C61538"
"sound-definitions","SFX_Battleaxe_T2_Swing_Charged","SoundEvents/SFX/Weapons/Battleaxe/Charged/SFX_Battleaxe_T2_Swing_Charged","Server/Audio/SoundEvents/SFX/Weapons/Battleaxe/Charged/SFX_Battleaxe_T2_Swing_Charged.json","1806","03E711FFC0B21A9ECC4872E71E634B4E69EC28E55311AE8993FF0CEB237BE834"
"sound-definitions","SFX_Battleaxe_T2_Swing_Charged_Local","SoundEvents/SFX/Weapons/Battleaxe/Charged/SFX_Battleaxe_T2_Swing_Charged_Local","Server/Audio/SoundEvents/SFX/Weapons/Battleaxe/Charged/SFX_Battleaxe_T2_Swing_Charged_Local.json","1845","7CA284810B4839F50F6D2A2163C8EE4319256FC3B82198936AD59BEBE7A43932"
"sound-definitions","SFX_Battleaxe_T1_Block_Impact","SoundEvents/SFX/Weapons/Battleaxe/Impacts/SFX_Battleaxe_T1_Block_Impact","Server/Audio/SoundEvents/SFX/Weapons/Battleaxe/Impacts/SFX_Battleaxe_T1_Block_Impact.json","509","936EA3D264E786D04E3AFAC7733134680241DAAACF52B5B0614AABFFD05AD330"
"sound-definitions","SFX_Battleaxe_T1_Impact","SoundEvents/SFX/Weapons/Battleaxe/Impacts/SFX_Battleaxe_T1_Impact","Server/Audio/SoundEvents/SFX/Weapons/Battleaxe/Impacts/SFX_Battleaxe_T1_Impact.json","692","99B9BBB240A5EC8E673964CD6610B0DA90CAFA44D3D1ED754C582B501DDA8E71"
"sound-definitions","SFX_Battleaxe_T2_Impact","SoundEvents/SFX/Weapons/Battleaxe/Impacts/SFX_Battleaxe_T2_Impact","Server/Audio/SoundEvents/SFX/Weapons/Battleaxe/Impacts/SFX_Battleaxe_T2_Impact.json","546","8AB420A3133ACBAC642BACE6374AE9DB27CA411727C83A0D7CF9631EE1B6BEE5"
"sound-definitions","SFX_Battleaxe_T1_Raise","SoundEvents/SFX/Weapons/Battleaxe/SFX_Battleaxe_T1_Raise","Server/Audio/SoundEvents/SFX/Weapons/Battleaxe/SFX_Battleaxe_T1_Raise.json","965","5D61A4C658824FE0332A8AAE56689D22F4EF86C586F3D8C795D69E2A1FB9D901"
"sound-definitions","SFX_Battleaxe_T1_Raise_Local","SoundEvents/SFX/Weapons/Battleaxe/SFX_Battleaxe_T1_Raise_Local","Server/Audio/SoundEvents/SFX/Weapons/Battleaxe/SFX_Battleaxe_T1_Raise_Local.json","953","48464F19C3482C7B7BFACF979488D044BAC1ABEC3B5489DD6180F000A1FD9BB4"
"sound-definitions","SFX_Battleaxe_T1_Shove","SoundEvents/SFX/Weapons/Battleaxe/SFX_Battleaxe_T1_Shove","Server/Audio/SoundEvents/SFX/Weapons/Battleaxe/SFX_Battleaxe_T1_Shove.json","965","323AA720672872D04EC8B19418103A96E49E3EE3CAE6172D011CBFBDED99ECFF"
"sound-definitions","SFX_Battleaxe_T1_Shove_Local","SoundEvents/SFX/Weapons/Battleaxe/SFX_Battleaxe_T1_Shove_Local","Server/Audio/SoundEvents/SFX/Weapons/Battleaxe/SFX_Battleaxe_T1_Shove_Local.json","953","6E8BEE8900C471439418E2255DD2F33417A7541E1CE65C7699E89A6CB85726DF"
"sound-definitions","SFX_Battleaxe_T1_Swing","SoundEvents/SFX/Weapons/Battleaxe/SFX_Battleaxe_T1_Swing","Server/Audio/SoundEvents/SFX/Weapons/Battleaxe/SFX_Battleaxe_T1_Swing.json","1119","DD2B098F1D2C069EEA96DA80A94BBC5748724979D3DB179AD9DFFDC48A243390"
"sound-definitions","SFX_Battleaxe_T1_Swing_Down_Local","SoundEvents/SFX/Weapons/Battleaxe/SFX_Battleaxe_T1_Swing_Down_Local","Server/Audio/SoundEvents/SFX/Weapons/Battleaxe/SFX_Battleaxe_T1_Swing_Down_Local.json","1146","15001CDE2A9849CD615242D5F1090EFFDAC5975E9C8220375726FE87AD45D937"
"sound-definitions","SFX_Battleaxe_T1_Swing_LR_Local","SoundEvents/SFX/Weapons/Battleaxe/SFX_Battleaxe_T1_Swing_LR_Local","Server/Audio/SoundEvents/SFX/Weapons/Battleaxe/SFX_Battleaxe_T1_Swing_LR_Local.json","1136","6EA6E3C9B9D3712F13A6882196488047DC3A52622170C5C90DD3B0BBB9FBC180"
"sound-definitions","SFX_Battleaxe_T1_Swing_RL_Local","SoundEvents/SFX/Weapons/Battleaxe/SFX_Battleaxe_T1_Swing_RL_Local","Server/Audio/SoundEvents/SFX/Weapons/Battleaxe/SFX_Battleaxe_T1_Swing_RL_Local.json","1136","613906BA56706DDF9239D5EEB97FFA6974412113C0E5109276A488C7000FA556"
"sound-definitions","SFX_Battleaxe_T2_Raise","SoundEvents/SFX/Weapons/Battleaxe/SFX_Battleaxe_T2_Raise","Server/Audio/SoundEvents/SFX/Weapons/Battleaxe/SFX_Battleaxe_T2_Raise.json","1326","420886924206A30495A3D1D8049D9BC12BB18387065535C16E344FA5004C67DB"
"sound-definitions","SFX_Battleaxe_T2_Raise_Local","SoundEvents/SFX/Weapons/Battleaxe/SFX_Battleaxe_T2_Raise_Local","Server/Audio/SoundEvents/SFX/Weapons/Battleaxe/SFX_Battleaxe_T2_Raise_Local.json","1335","E3A9D5AE481A1A574A367D1905491DB8982DE029CD61B08719BA8285AE789098"
"sound-definitions","SFX_Battleaxe_T2_Swing","SoundEvents/SFX/Weapons/Battleaxe/SFX_Battleaxe_T2_Swing","Server/Audio/SoundEvents/SFX/Weapons/Battleaxe/SFX_Battleaxe_T2_Swing.json","1647","026A63D6F35C5D9348D7A60A760F5A961F1FAF8CD0C31D9457811033C881652C"
"sound-definitions","SFX_Battleaxe_T2_Swing_Down_Local","SoundEvents/SFX/Weapons/Battleaxe/SFX_Battleaxe_T2_Swing_Down_Local","Server/Audio/SoundEvents/SFX/Weapons/Battleaxe/SFX_Battleaxe_T2_Swing_Down_Local.json","1734","3E653496FF90101ED9BC39585CE2EC770F6F139EC15E32837242D5445C9EFE03"
"sound-definitions","SFX_Battleaxe_T2_Swing_LR_Local","SoundEvents/SFX/Weapons/Battleaxe/SFX_Battleaxe_T2_Swing_LR_Local","Server/Audio/SoundEvents/SFX/Weapons/Battleaxe/SFX_Battleaxe_T2_Swing_LR_Local.json","1714","D076BD2A4783E103F8E70FE621A793B01A99652F7CCB5E3DE69D503025236D9D"
"sound-definitions","SFX_Battleaxe_T2_Swing_RL_Local","SoundEvents/SFX/Weapons/Battleaxe/SFX_Battleaxe_T2_Swing_RL_Local","Server/Audio/SoundEvents/SFX/Weapons/Battleaxe/SFX_Battleaxe_T2_Swing_RL_Local.json","1714","66DAFD09ACD43748CC896EA1307934A4732591B838069F6D93907F43B1BABB9B"
"sound-definitions","SFX_Battleaxe_T2_Signature_End","SoundEvents/SFX/Weapons/Battleaxe/Signature/SFX_Battleaxe_T2_Signature_End","Server/Audio/SoundEvents/SFX/Weapons/Battleaxe/Signature/SFX_Battleaxe_T2_Signature_End.json","1689","0B74CD10B0543287D3C82B4EDF0A52E1FC94519C2855BA355D836F428CAA170C"
"sound-definitions","SFX_Battleaxe_T2_Signature_End_Local","SoundEvents/SFX/Weapons/Battleaxe/Signature/SFX_Battleaxe_T2_Signature_End_Local","Server/Audio/SoundEvents/SFX/Weapons/Battleaxe/Signature/SFX_Battleaxe_T2_Signature_End_Local.json","1741","C5F26A739386F24D23977511F741976A5C5A58527E34738092005131720DF5A2"
"sound-definitions","SFX_Battleaxe_T2_Signature_Swing","SoundEvents/SFX/Weapons/Battleaxe/Signature/SFX_Battleaxe_T2_Signature_Swing","Server/Audio/SoundEvents/SFX/Weapons/Battleaxe/Signature/SFX_Battleaxe_T2_Signature_Swing.json","1982","37C75FDA3A9445A604D9B0BE6DE0AC1BDA1388A200507F7DE34B50821534AF36"
"sound-definitions","SFX_Battleaxe_T2_Signature_Swing_Local","SoundEvents/SFX/Weapons/Battleaxe/Signature/SFX_Battleaxe_T2_Signature_Swing_Local","Server/Audio/SoundEvents/SFX/Weapons/Battleaxe/Signature/SFX_Battleaxe_T2_Signature_Swing_Local.json","2055","F3C7818DA07FA06C167A17343E504605524AACD64B4B79647CC69FCEC1663663"
"sound-definitions","SFX_Bomb_Fuse","SoundEvents/SFX/Weapons/Bomb/SFX_Bomb_Fuse","Server/Audio/SoundEvents/SFX/Weapons/Bomb/SFX_Bomb_Fuse.json","339","275ED595CE62292966A02E3926DFEAE58B4B7D21CAACA074618CBBC248593D6A"
"sound-definitions","SFX_Bow_No_Ammo","SoundEvents/SFX/Weapons/Bow/SFX_Bow_No_Ammo","Server/Audio/SoundEvents/SFX/Weapons/Bow/SFX_Bow_No_Ammo.json","418","4CC38ECBEF6A72063ED68A75A6721A43AD405ECD233091CF4981E4254ED169DC"
"sound-definitions","SFX_Bow_T1_Block_Impact","SoundEvents/SFX/Weapons/Bow/SFX_Bow_T1_Block_Impact","Server/Audio/SoundEvents/SFX/Weapons/Bow/SFX_Bow_T1_Block_Impact.json","481","F704BBA52AFC6ACCD0E339DE263BF0E60C820C3C5911659B5D71D930C9F9D7C8"
"sound-definitions","SFX_Bow_T1_Draw","SoundEvents/SFX/Weapons/Bow/SFX_Bow_T1_Draw","Server/Audio/SoundEvents/SFX/Weapons/Bow/SFX_Bow_T1_Draw.json","511","724D4100767CDBE405824ECE1F5F0563BAA917D6C0278F050AF6E56AE169B46B"
"sound-definitions","SFX_Bow_T1_Draw_Local","SoundEvents/SFX/Weapons/Bow/SFX_Bow_T1_Draw_Local","Server/Audio/SoundEvents/SFX/Weapons/Bow/SFX_Bow_T1_Draw_Local.json","499","3653B51E8D66E12D73A7DE7A242226F0F90116CCB2F24A2F7F126C600D7942E6"
"sound-definitions","SFX_Bow_T1_Raise","SoundEvents/SFX/Weapons/Bow/SFX_Bow_T1_Raise","Server/Audio/SoundEvents/SFX/Weapons/Bow/SFX_Bow_T1_Raise.json","958","3152D3FE5C7AA0023B35C346CA23D6318F1D4615A2A9105BA43669FC80F0183B"
"sound-definitions","SFX_Bow_T1_Raise_Local","SoundEvents/SFX/Weapons/Bow/SFX_Bow_T1_Raise_Local","Server/Audio/SoundEvents/SFX/Weapons/Bow/SFX_Bow_T1_Raise_Local.json","946","BA262D2FF6E889876889C55907A62F4BC7EBDAE0F48161183EFC0FF406FB303C"
"sound-definitions","SFX_Bow_T1_Shoot","SoundEvents/SFX/Weapons/Bow/SFX_Bow_T1_Shoot","Server/Audio/SoundEvents/SFX/Weapons/Bow/SFX_Bow_T1_Shoot.json","512","6C4BF2C2A410B358E0C951BD135D3FDB9D2377553B130D91A33D38F2FFEEF4E6"
"sound-definitions","SFX_Bow_T1_Shoot_Local","SoundEvents/SFX/Weapons/Bow/SFX_Bow_T1_Shoot_Local","Server/Audio/SoundEvents/SFX/Weapons/Bow/SFX_Bow_T1_Shoot_Local.json","504","7ECB47CDA1C6E15A4A26FECCBE8405F0F617DF41B16089216BB10401FA71085C"
"sound-definitions","SFX_Bow_T1_Swing","SoundEvents/SFX/Weapons/Bow/SFX_Bow_T1_Swing","Server/Audio/SoundEvents/SFX/Weapons/Bow/SFX_Bow_T1_Swing.json","958","E12223AD0B75165CD3811F5F7464603FF24BC0D42A9F532CBFAA9E803200A69E"
"sound-definitions","SFX_Bow_T1_Swing_Local","SoundEvents/SFX/Weapons/Bow/SFX_Bow_T1_Swing_Local","Server/Audio/SoundEvents/SFX/Weapons/Bow/SFX_Bow_T1_Swing_Local.json","946","99F2B002CC431160AF986CC68924365E72A4ED1415883677706795B0D8F451B5"
"sound-definitions","SFX_Bow_T2_Draw","SoundEvents/SFX/Weapons/Bow/SFX_Bow_T2_Draw","Server/Audio/SoundEvents/SFX/Weapons/Bow/SFX_Bow_T2_Draw.json","511","4F4DFF70DB2E1892DAF4C38FAA8E93AC5BAA20136CD342D10580CCD4352B5E4B"
"sound-definitions","SFX_Bow_T2_Draw_Local","SoundEvents/SFX/Weapons/Bow/SFX_Bow_T2_Draw_Local","Server/Audio/SoundEvents/SFX/Weapons/Bow/SFX_Bow_T2_Draw_Local.json","499","B089D4047417D7916E6927A40B90961DBE87D8B221B0B5458FA55439841C2BBA"
"sound-definitions","SFX_Bow_T2_Shoot","SoundEvents/SFX/Weapons/Bow/SFX_Bow_T2_Shoot","Server/Audio/SoundEvents/SFX/Weapons/Bow/SFX_Bow_T2_Shoot.json","512","3720D348EDA1076D4965FFC533C8F73E1C84CD0755DFCD0848EF12A4C6CEAFC7"
"sound-definitions","SFX_Bow_T2_Shoot_Local","SoundEvents/SFX/Weapons/Bow/SFX_Bow_T2_Shoot_Local","Server/Audio/SoundEvents/SFX/Weapons/Bow/SFX_Bow_T2_Shoot_Local.json","504","8A83DA02E30F216BE9CDF8AA0222430C868275B9921F0D1F25D33C892B681028"
"sound-definitions","SFX_Bow_T2_Signature_Loop","SoundEvents/SFX/Weapons/Bow/Signature/SFX_Bow_T2_Signature_Loop","Server/Audio/SoundEvents/SFX/Weapons/Bow/Signature/SFX_Bow_T2_Signature_Loop.json","706","96958488F7A796CA65921A4E8502E606971FFF990D6C1B87F675C60ACAC63869"
"sound-definitions","SFX_Bow_T2_Signature_Loop_Local","SoundEvents/SFX/Weapons/Bow/Signature/SFX_Bow_T2_Signature_Loop_Local","Server/Audio/SoundEvents/SFX/Weapons/Bow/Signature/SFX_Bow_T2_Signature_Loop_Local.json","689","82511A32A7A4D358D93B935432F86F6BC2E83D025E78CD6C02A02384EEE31B9E"
"sound-definitions","SFX_Bow_T2_Signature_Nock","SoundEvents/SFX/Weapons/Bow/Signature/SFX_Bow_T2_Signature_Nock","Server/Audio/SoundEvents/SFX/Weapons/Bow/Signature/SFX_Bow_T2_Signature_Nock.json","537","A0B3D4684703F7A03F0A3EF380AD5901B46C6550AD0BBE042CE610A7C3B020E5"
"sound-definitions","SFX_Bow_T2_Signature_Nock_Local","SoundEvents/SFX/Weapons/Bow/Signature/SFX_Bow_T2_Signature_Nock_Local","Server/Audio/SoundEvents/SFX/Weapons/Bow/Signature/SFX_Bow_T2_Signature_Nock_Local.json","525","E9A5A46D92097218F3EF73C2DF721450CB3E409A9B7BD5CD9F2788C054BF0A0A"
"sound-definitions","SFX_Bow_T2_Signature_Shoot","SoundEvents/SFX/Weapons/Bow/Signature/SFX_Bow_T2_Signature_Shoot","Server/Audio/SoundEvents/SFX/Weapons/Bow/Signature/SFX_Bow_T2_Signature_Shoot.json","537","0BAA6EC0977942DEE54F71BF5E78F3966585EBC87E7FE5D0E3D23586A1852311"
"sound-definitions","SFX_Bow_T2_Signature_Shoot_Local","SoundEvents/SFX/Weapons/Bow/Signature/SFX_Bow_T2_Signature_Shoot_Local","Server/Audio/SoundEvents/SFX/Weapons/Bow/Signature/SFX_Bow_T2_Signature_Shoot_Local.json","529","9B127333864B301012E60DDF68CFF0083F9E0A9A38036DEE9D16D192340F4D48"
"sound-definitions","SFX_Weapon_Charge_Swing","SoundEvents/SFX/Weapons/Charge/SFX_Weapon_Charge_Swing","Server/Audio/SoundEvents/SFX/Weapons/Charge/SFX_Weapon_Charge_Swing.json","376","FC5F17403818C94E391CAFB35F8E43107CD9E17E30A1E2193CDB2CFF2CE88AD6"
"sound-definitions","SFX_Club_Special_Impact","SoundEvents/SFX/Weapons/Club/Special/SFX_Club_Special_Impact","Server/Audio/SoundEvents/SFX/Weapons/Club/Special/SFX_Club_Special_Impact.json","860","11EEDCD4BA48593E1EE286D7697776D5AA51FE16E5F4402F55976101375C75E6"
"sound-definitions","SFX_Club_Special_Swing","SoundEvents/SFX/Weapons/Club/Special/SFX_Club_Special_Swing","Server/Audio/SoundEvents/SFX/Weapons/Club/Special/SFX_Club_Special_Swing.json","624","C915B2D4513FC883EEBDF6966452D40DEA066F9FFCA4EB00402B08681D6DD09C"
"sound-definitions","SFX_Club_Steel_Impact","SoundEvents/SFX/Weapons/Club/Steel/SFX_Club_Steel_Impact","Server/Audio/SoundEvents/SFX/Weapons/Club/Steel/SFX_Club_Steel_Impact.json","852","B942D70364276F22F5344D8500FF9DE64CA79788F755CB8F3EE5DB8C6D169EC1"
"sound-definitions","SFX_Club_Steel_Swing","SoundEvents/SFX/Weapons/Club/Steel/SFX_Club_Steel_Swing","Server/Audio/SoundEvents/SFX/Weapons/Club/Steel/SFX_Club_Steel_Swing.json","1032","A7381F059B1ABC9DE4911CA4BAB1B9DC5D8272BCEAF1FA9771EAE07D6E3AF194"
"sound-definitions","SFX_Club_Wood_Impact","SoundEvents/SFX/Weapons/Club/Wood/SFX_Club_Wood_Impact","Server/Audio/SoundEvents/SFX/Weapons/Club/Wood/SFX_Club_Wood_Impact.json","462","E4D8A37E91B594ADAB466F8F41E5A3CD729540A0F97EFC2F4603791966A99A1A"
"sound-definitions","SFX_Club_Wood_Swing","SoundEvents/SFX/Weapons/Club/Wood/SFX_Club_Wood_Swing","Server/Audio/SoundEvents/SFX/Weapons/Club/Wood/SFX_Club_Wood_Swing.json","1022","E63E53B88A8A06BA3A6A1E69644FCD0F377576C1C20F72CD7EFABF3E1F6434BF"
"sound-definitions","SFX_Daggers_T1_Slash_Impact","SoundEvents/SFX/Weapons/Daggers/Impacts/SFX_Daggers_T1_Slash_Impact","Server/Audio/SoundEvents/SFX/Weapons/Daggers/Impacts/SFX_Daggers_T1_Slash_Impact.json","690","22AF62712E6C8E0A41B87E446E2F1EDB0612C71A5AD8674109785EE2DE2F155D"
"sound-definitions","SFX_Daggers_T1_Stab_Double_Impact","SoundEvents/SFX/Weapons/Daggers/Impacts/SFX_Daggers_T1_Stab_Double_Impact","Server/Audio/SoundEvents/SFX/Weapons/Daggers/Impacts/SFX_Daggers_T1_Stab_Double_Impact.json","1096","5B821E6FE9E584F30E4D2628764045EC1AA3041FC79BA5124B7CC617AB82A468"
"sound-definitions","SFX_Daggers_T1_Stab_Impact","SoundEvents/SFX/Weapons/Daggers/Impacts/SFX_Daggers_T1_Stab_Impact","Server/Audio/SoundEvents/SFX/Weapons/Daggers/Impacts/SFX_Daggers_T1_Stab_Impact.json","1097","B31F4888AE6FB12EEC1D9B91B35A0C4E033E08B9E785330F6EBFE629FB881BAF"
"sound-definitions","SFX_Daggers_T2_Slash_Impact","SoundEvents/SFX/Weapons/Daggers/Impacts/SFX_Daggers_T2_Slash_Impact","Server/Audio/SoundEvents/SFX/Weapons/Daggers/Impacts/SFX_Daggers_T2_Slash_Impact.json","1487","F52493E0E055BE017873B1A5B82633B2621F1060272F77D891B3CABC94F13191"
"sound-definitions","SFX_Daggers_T2_Stab_Double_Impact","SoundEvents/SFX/Weapons/Daggers/Impacts/SFX_Daggers_T2_Stab_Double_Impact","Server/Audio/SoundEvents/SFX/Weapons/Daggers/Impacts/SFX_Daggers_T2_Stab_Double_Impact.json","1888","67D878DD4DFEE5878069BA4A9E3A978FB7829EA06718E9A5B6575B59CED73BFA"
"sound-definitions","SFX_Daggers_T2_Stab_Impact","SoundEvents/SFX/Weapons/Daggers/Impacts/SFX_Daggers_T2_Stab_Impact","Server/Audio/SoundEvents/SFX/Weapons/Daggers/Impacts/SFX_Daggers_T2_Stab_Impact.json","1890","98081860B6CE05F0D6D5D0C485EB20288129A09B5AB747656BCFF42EAC557474"
"sound-definitions","SFX_Daggers_T1_Guard","SoundEvents/SFX/Weapons/Daggers/SFX_Daggers_T1_Guard","Server/Audio/SoundEvents/SFX/Weapons/Daggers/SFX_Daggers_T1_Guard.json","999","ACB863D4FB6FEA23D4B928FDA1DC08C9C2672F7CA2F4921777784C475720A85A"
"sound-definitions","SFX_Daggers_T1_Guard_Local","SoundEvents/SFX/Weapons/Daggers/SFX_Daggers_T1_Guard_Local","Server/Audio/SoundEvents/SFX/Weapons/Daggers/SFX_Daggers_T1_Guard_Local.json","970","3B054284237C248922C5591992F8346DBCFEFEA2A903654ED6DAA2338A6DF711"
"sound-definitions","SFX_Daggers_T1_Pounce","SoundEvents/SFX/Weapons/Daggers/SFX_Daggers_T1_Pounce","Server/Audio/SoundEvents/SFX/Weapons/Daggers/SFX_Daggers_T1_Pounce.json","1052","FD68CE8F78342CF3E19F3C21BEC82FCC79AE1DE2E7BFAEEB3174602160B65734"
"sound-definitions","SFX_Daggers_T1_Pounce_Local","SoundEvents/SFX/Weapons/Daggers/SFX_Daggers_T1_Pounce_Local","Server/Audio/SoundEvents/SFX/Weapons/Daggers/SFX_Daggers_T1_Pounce_Local.json","1047","BAD70D6F960A11616F2F1671176CED3B7962BE0A92EB89B6AD612CB1B3DB659E"
"sound-definitions","SFX_Daggers_T1_Stab_Left_Local","SoundEvents/SFX/Weapons/Daggers/SFX_Daggers_T1_Stab_Left_Local","Server/Audio/SoundEvents/SFX/Weapons/Daggers/SFX_Daggers_T1_Stab_Left_Local.json","1213","9BDDCCABD3AF30B6701C82C61C98D24039A33A36CBFD8CD33C85C9E778DBC63D"
"sound-definitions","SFX_Daggers_T1_Stab_Retreat","SoundEvents/SFX/Weapons/Daggers/SFX_Daggers_T1_Stab_Retreat","Server/Audio/SoundEvents/SFX/Weapons/Daggers/SFX_Daggers_T1_Stab_Retreat.json","1546","628BA71DF651AE49B2D05202D853BDDB24FE9E1D04B3C35C46BD7C4DB177BC71"
"sound-definitions","SFX_Daggers_T1_Stab_Retreat_Local","SoundEvents/SFX/Weapons/Daggers/SFX_Daggers_T1_Stab_Retreat_Local","Server/Audio/SoundEvents/SFX/Weapons/Daggers/SFX_Daggers_T1_Stab_Retreat_Local.json","1467","783F5A0AB69F9A2C0C7251DEB84C1E4BDF717C1017F8BF1E823E6F456B7EDB97"
"sound-definitions","SFX_Daggers_T1_Stab_Right_Local","SoundEvents/SFX/Weapons/Daggers/SFX_Daggers_T1_Stab_Right_Local","Server/Audio/SoundEvents/SFX/Weapons/Daggers/SFX_Daggers_T1_Stab_Right_Local.json","1213","7A8FF45222C16D11B4CBCC8B69DA3D612E4D52308EC53E3693BF2B0A0E8D2465"
"sound-definitions","SFX_Daggers_T1_Swing","SoundEvents/SFX/Weapons/Daggers/SFX_Daggers_T1_Swing","Server/Audio/SoundEvents/SFX/Weapons/Daggers/SFX_Daggers_T1_Swing.json","1168","38BEAB5573FEAC946D8F8023A5686534EF41843AB8A2A0F357F08B5C2A250D7F"
"sound-definitions","SFX_Daggers_T1_Swing_Double","SoundEvents/SFX/Weapons/Daggers/SFX_Daggers_T1_Swing_Double","Server/Audio/SoundEvents/SFX/Weapons/Daggers/SFX_Daggers_T1_Swing_Double.json","1209","F354860C47FF19383B6E46C8C6DCB085C44531F5C707BC1E3A447A72435092BC"
"sound-definitions","SFX_Daggers_T1_Swing_Double_Local","SoundEvents/SFX/Weapons/Daggers/SFX_Daggers_T1_Swing_Double_Local","Server/Audio/SoundEvents/SFX/Weapons/Daggers/SFX_Daggers_T1_Swing_Double_Local.json","996","F6221C5DD3C4B3486E219A0CFAFADB97189863395E88EB29494B17D8447FAFFA"
"sound-definitions","SFX_Daggers_T1_Swing_LR_Local","SoundEvents/SFX/Weapons/Daggers/SFX_Daggers_T1_Swing_LR_Local","Server/Audio/SoundEvents/SFX/Weapons/Daggers/SFX_Daggers_T1_Swing_LR_Local.json","1195","8A1AFED65E470C90D1A2F7ABC11A3669DD19D5BB06A6B08A13B3F2B89D33970F"
"sound-definitions","SFX_Daggers_T1_Swing_RL_Local","SoundEvents/SFX/Weapons/Daggers/SFX_Daggers_T1_Swing_RL_Local","Server/Audio/SoundEvents/SFX/Weapons/Daggers/SFX_Daggers_T1_Swing_RL_Local.json","1195","ECE381BE15E9BCD7754D74330648B8F65DF1DDDF250A0088FB0529E3DBCF2D87"
"sound-definitions","SFX_Daggers_T2_Guard","SoundEvents/SFX/Weapons/Daggers/SFX_Daggers_T2_Guard","Server/Audio/SoundEvents/SFX/Weapons/Daggers/SFX_Daggers_T2_Guard.json","1068","37EF3A345D15F5006917ED1A89728D53F65D392436E56A9BE323E1EDEA58B5A6"
"sound-definitions","SFX_Daggers_T2_Guard_Local","SoundEvents/SFX/Weapons/Daggers/SFX_Daggers_T2_Guard_Local","Server/Audio/SoundEvents/SFX/Weapons/Daggers/SFX_Daggers_T2_Guard_Local.json","970","E238FC0ED41C22680C446CB4124DCB17FD60459B704D7B4E8A54D5F2092D2D89"
"sound-definitions","SFX_Daggers_T2_Signature_P1","SoundEvents/SFX/Weapons/Daggers/SFX_Daggers_T2_Signature_P1","Server/Audio/SoundEvents/SFX/Weapons/Daggers/SFX_Daggers_T2_Signature_P1.json","1672","388C0E85420BE4572686E842EC5BAD8A6A0D52F55204EB86C79F91903FC768BC"
"sound-definitions","SFX_Daggers_T2_Signature_P1_Local","SoundEvents/SFX/Weapons/Daggers/SFX_Daggers_T2_Signature_P1_Local","Server/Audio/SoundEvents/SFX/Weapons/Daggers/SFX_Daggers_T2_Signature_P1_Local.json","1690","DA561A75C09D96A4D11A76F12E74A1892C767F7CA45C6FEFFB4569CA1B2BB18C"
"sound-definitions","SFX_Daggers_T2_Signature_P2","SoundEvents/SFX/Weapons/Daggers/SFX_Daggers_T2_Signature_P2","Server/Audio/SoundEvents/SFX/Weapons/Daggers/SFX_Daggers_T2_Signature_P2.json","1427","B842EC6620A4B5473FCCF1CAF2A9FC2A6B8BC47E03D05A879C16AB6C16E8BC64"
"sound-definitions","SFX_Daggers_T2_Signature_P2_Local","SoundEvents/SFX/Weapons/Daggers/SFX_Daggers_T2_Signature_P2_Local","Server/Audio/SoundEvents/SFX/Weapons/Daggers/SFX_Daggers_T2_Signature_P2_Local.json","1438","BDF1A94D337B0D2596D67238BE3C97C12933DAD4D3606BAEC25AF5933EAC5C10"
"sound-definitions","SFX_Daggers_T2_Signature_P3","SoundEvents/SFX/Weapons/Daggers/SFX_Daggers_T2_Signature_P3","Server/Audio/SoundEvents/SFX/Weapons/Daggers/SFX_Daggers_T2_Signature_P3.json","1420","490BCEDE70FBF36244B7FDEBD388740182313C5ADE1CF35CAD6EEE058E0100DE"
"sound-definitions","SFX_Daggers_T2_Signature_P3_Local","SoundEvents/SFX/Weapons/Daggers/SFX_Daggers_T2_Signature_P3_Local","Server/Audio/SoundEvents/SFX/Weapons/Daggers/SFX_Daggers_T2_Signature_P3_Local.json","1430","9DA07096D393BE393E00BB03166DC19E80512DF6F0151BDDCEEDAB91939773C3"
"sound-definitions","SFX_Daggers_T2_Stab_Left_Local","SoundEvents/SFX/Weapons/Daggers/SFX_Daggers_T2_Stab_Left_Local","Server/Audio/SoundEvents/SFX/Weapons/Daggers/SFX_Daggers_T2_Stab_Left_Local.json","1686","748C28157B97DEB7E7C596FC8FA4BE23BB57066F92245627FF743BC7B7A4E9A1"
"sound-definitions","SFX_Daggers_T2_Stab_Retreat","SoundEvents/SFX/Weapons/Daggers/SFX_Daggers_T2_Stab_Retreat","Server/Audio/SoundEvents/SFX/Weapons/Daggers/SFX_Daggers_T2_Stab_Retreat.json","1990","F5B9492B36CE782AB889E5560685CF32F84F1A3B4C9403AF57D5F61D979EDC7F"
"sound-definitions","SFX_Daggers_T2_Stab_Retreat_Local","SoundEvents/SFX/Weapons/Daggers/SFX_Daggers_T2_Stab_Retreat_Local","Server/Audio/SoundEvents/SFX/Weapons/Daggers/SFX_Daggers_T2_Stab_Retreat_Local.json","1939","B66AE72A6E4D6EC22580FEE63F33F8703FDA8B96DA22E1DD6E03AAD2008BB746"
"sound-definitions","SFX_Daggers_T2_Stab_Right_Local","SoundEvents/SFX/Weapons/Daggers/SFX_Daggers_T2_Stab_Right_Local","Server/Audio/SoundEvents/SFX/Weapons/Daggers/SFX_Daggers_T2_Stab_Right_Local.json","1686","C53B8ED77CC10B6DE9828485CECD24FD66D3ED131EC57F7276C6D45477EAEC44"
"sound-definitions","SFX_Daggers_T2_Swing","SoundEvents/SFX/Weapons/Daggers/SFX_Daggers_T2_Swing","Server/Audio/SoundEvents/SFX/Weapons/Daggers/SFX_Daggers_T2_Swing.json","1613","6E5B3AE27867CD5F07C746D5BA3D990E8AAFF4B5D572288095EC4D66B9D53EFF"
"sound-definitions","SFX_Daggers_T2_Swing_Double","SoundEvents/SFX/Weapons/Daggers/SFX_Daggers_T2_Swing_Double","Server/Audio/SoundEvents/SFX/Weapons/Daggers/SFX_Daggers_T2_Swing_Double.json","1656","C7DD3F4684DB4089D2E2EA550B0FB009EDF8E9410BDBF0918CA2798D56B42CA1"
"sound-definitions","SFX_Daggers_T2_Swing_Double_Local","SoundEvents/SFX/Weapons/Daggers/SFX_Daggers_T2_Swing_Double_Local","Server/Audio/SoundEvents/SFX/Weapons/Daggers/SFX_Daggers_T2_Swing_Double_Local.json","1400","AC8E935F9A07AE0C2EEA7E1F211E96162B4F0825F2A743B547702829C61DCA85"
"sound-definitions","SFX_Daggers_T2_Swing_LR_Local","SoundEvents/SFX/Weapons/Daggers/SFX_Daggers_T2_Swing_LR_Local","Server/Audio/SoundEvents/SFX/Weapons/Daggers/SFX_Daggers_T2_Swing_LR_Local.json","1656","EB586170C686C6A129848E69B72B7E1E091FBE2FF3FD1B9509E6F22DADCBABF6"
"sound-definitions","SFX_Daggers_T2_Swing_RL_Local","SoundEvents/SFX/Weapons/Daggers/SFX_Daggers_T2_Swing_RL_Local","Server/Audio/SoundEvents/SFX/Weapons/Daggers/SFX_Daggers_T2_Swing_RL_Local.json","1656","4F4D25478EB3411903D4EF74AD8B111DF26E032C7E69FF602E96FBB2B20AEFFB"
"sound-definitions","SFX_Flail_Charge","SoundEvents/SFX/Weapons/Flail/SFX_Flail_Charge","Server/Audio/SoundEvents/SFX/Weapons/Flail/SFX_Flail_Charge.json","564","36C90756963837E449B1D525CB7959B9C0B56270E06639EA628B476FEAE540D5"
"sound-definitions","SFX_Flail_Charge_Local","SoundEvents/SFX/Weapons/Flail/SFX_Flail_Charge_Local","Server/Audio/SoundEvents/SFX/Weapons/Flail/SFX_Flail_Charge_Local.json","604","A3E6E1B25FFB33794019DADF20735E0DEC32A068FCD8E1B1E8C88B2460E55B78"
"sound-definitions","SFX_Flail_Swing","SoundEvents/SFX/Weapons/Flail/SFX_Flail_Swing","Server/Audio/SoundEvents/SFX/Weapons/Flail/SFX_Flail_Swing.json","594","9D20C6641E49BD135E1C7960C2109C5E68BF9116FFC24968EFAE94E358D6F947"
"sound-definitions","SFX_Flail_Swing_Left_Local","SoundEvents/SFX/Weapons/Flail/SFX_Flail_Swing_Left_Local","Server/Audio/SoundEvents/SFX/Weapons/Flail/SFX_Flail_Swing_Left_Local.json","1108","D6B875B11DBC4FF176168E616CAF7A3911C34134D03ADC4FD66C0494C96D4FB6"
"sound-definitions","SFX_Flail_Swing_Right_Local","SoundEvents/SFX/Weapons/Flail/SFX_Flail_Swing_Right_Local","Server/Audio/SoundEvents/SFX/Weapons/Flail/SFX_Flail_Swing_Right_Local.json","1112","72B30538F989194B1B9702FD60105E3D153D1C6A5CC76D074AEAB59BC3CF32C8"
"sound-definitions","SFX_Goblin_Flamethrower_Burn","SoundEvents/SFX/Weapons/Goblin/Flamethrower/SFX_Goblin_Flamethrower_Burn","Server/Audio/SoundEvents/SFX/Weapons/Goblin/Flamethrower/SFX_Goblin_Flamethrower_Burn.json","1060","E3D2576626931246FBA66E39ECFED55798222B041F36853AC9BA21E35728365C"
"sound-definitions","SFX_Goblin_Flamethrower_Burn_Local","SoundEvents/SFX/Weapons/Goblin/Flamethrower/SFX_Goblin_Flamethrower_Burn_Local","Server/Audio/SoundEvents/SFX/Weapons/Goblin/Flamethrower/SFX_Goblin_Flamethrower_Burn_Local.json","1102","1D39568C32CB59E4C70578FF6E8CC24321C6F8AC3AB3E478D5A4A206D3CE4FFD"
"sound-definitions","SFX_Goblin_Flamethrower_Candle","SoundEvents/SFX/Weapons/Goblin/Flamethrower/SFX_Goblin_Flamethrower_Candle","Server/Audio/SoundEvents/SFX/Weapons/Goblin/Flamethrower/SFX_Goblin_Flamethrower_Candle.json","567","3069334DF98F1A9A21B4F6D8D4BD40F481BCC1C98BD40223C618717FAFCD31C9"
"sound-definitions","SFX_Goblin_Flamethrower_Extinguish","SoundEvents/SFX/Weapons/Goblin/Flamethrower/SFX_Goblin_Flamethrower_Extinguish","Server/Audio/SoundEvents/SFX/Weapons/Goblin/Flamethrower/SFX_Goblin_Flamethrower_Extinguish.json","768","3185954F7F10BD3CC855369C2FA1EC1C81D9C854ACD4FB7AB65A0BE134CD8A41"
"sound-definitions","SFX_Goblin_Flamethrower_Extinguish_Local","SoundEvents/SFX/Weapons/Goblin/Flamethrower/SFX_Goblin_Flamethrower_Extinguish_Local","Server/Audio/SoundEvents/SFX/Weapons/Goblin/Flamethrower/SFX_Goblin_Flamethrower_Extinguish_Local.json","803","88A3FD0CFA5D946DCD92AA8DB2476D31656D17397089F2DEB2C6C7DFE295A95C"
"sound-definitions","SFX_Blunderbuss_Fire","SoundEvents/SFX/Weapons/Guns/Blunderbuss/SFX_Blunderbuss_Fire","Server/Audio/SoundEvents/SFX/Weapons/Guns/Blunderbuss/SFX_Blunderbuss_Fire.json","591","E27C86DE59A8BBE72A74E6AD35E7052D26EBF48C941FC62DA707B77CD6F5494B"
"sound-definitions","SFX_Blunderbuss_Fire_Local","SoundEvents/SFX/Weapons/Guns/Blunderbuss/SFX_Blunderbuss_Fire_Local","Server/Audio/SoundEvents/SFX/Weapons/Guns/Blunderbuss/SFX_Blunderbuss_Fire_Local.json","631","99AA934F52455A594F54AE094A6CA451C4AE4C53E198E1F8CB231B1CD86DCCF9"
"sound-definitions","SFX_Blunderbuss_Load","SoundEvents/SFX/Weapons/Guns/Blunderbuss/SFX_Blunderbuss_Load","Server/Audio/SoundEvents/SFX/Weapons/Guns/Blunderbuss/SFX_Blunderbuss_Load.json","559","F5AFE5808C129918EF26B9939DA951EB1E5847E296C3E1F5ED097C316A93F646"
"sound-definitions","SFX_Blunderbuss_Load_Local","SoundEvents/SFX/Weapons/Guns/Blunderbuss/SFX_Blunderbuss_Load_Local","Server/Audio/SoundEvents/SFX/Weapons/Guns/Blunderbuss/SFX_Blunderbuss_Load_Local.json","605","CB9C54F45105AEBCB466E9650B32D53D70D6D9687BC3FDF70CDAB2BDBC2D3912"
"sound-definitions","SFX_Blunderbuss_No_Ammo","SoundEvents/SFX/Weapons/Guns/Blunderbuss/SFX_Blunderbuss_No_Ammo","Server/Audio/SoundEvents/SFX/Weapons/Guns/Blunderbuss/SFX_Blunderbuss_No_Ammo.json","618","CA86CEEDBC2F764FC2BB5A14A557108C24513C9744016F76D093D3C423FBD1A5"
"sound-definitions","SFX_Gun_Fire","SoundEvents/SFX/Weapons/Guns/SFX_Gun_Fire","Server/Audio/SoundEvents/SFX/Weapons/Guns/SFX_Gun_Fire.json","403","466927F4E19655E58FC0404A1E15030F570D2185A78A6A367D4C0DEB8B70BF8A"
"sound-definitions","SFX_Handgun_Fire","SoundEvents/SFX/Weapons/Guns/SFX_Handgun_Fire","Server/Audio/SoundEvents/SFX/Weapons/Guns/SFX_Handgun_Fire.json","1727","DCB81819C26DCB6F65421CDD77A12E57B50326EFE461B63C62E28C94AC52A6FE"
"sound-definitions","SFX_Handgun_Fire_Local","SoundEvents/SFX/Weapons/Guns/SFX_Handgun_Fire_Local","Server/Audio/SoundEvents/SFX/Weapons/Guns/SFX_Handgun_Fire_Local.json","1790","D7E1CC86CD59BA4BB85860D97CB1E43644E93EB0632AAB66D3794387CA2EAF3B"
"sound-definitions","SFX_Pistol_Fire","SoundEvents/SFX/Weapons/Guns/SFX_Pistol_Fire","Server/Audio/SoundEvents/SFX/Weapons/Guns/SFX_Pistol_Fire.json","462","6A25DBECE45724D6E986FCA48CC1230F2CC61E8421F2F6003838819DBA9725E8"
"sound-definitions","SFX_Rifle_Fire","SoundEvents/SFX/Weapons/Guns/SFX_Rifle_Fire","Server/Audio/SoundEvents/SFX/Weapons/Guns/SFX_Rifle_Fire.json","1655","CC25F4DB833D28CA7D95E3D38D219685F76F930B019287BA6E84832600038E3D"
"sound-definitions","SFX_Rifle_Fire_Local","SoundEvents/SFX/Weapons/Guns/SFX_Rifle_Fire_Local","Server/Audio/SoundEvents/SFX/Weapons/Guns/SFX_Rifle_Fire_Local.json","1718","5863936558F20367DD16FB5C66262C0B4AEBB4A9DFA7F4E4AC569D908918391D"
"sound-definitions","SFX_Hand_Crossbow_T1_Block_Impact","SoundEvents/SFX/Weapons/Hand_Crossbow/Impacts/SFX_Hand_Crossbow_T1_Block_Impact","Server/Audio/SoundEvents/SFX/Weapons/Hand_Crossbow/Impacts/SFX_Hand_Crossbow_T1_Block_Impact.json","513","57C2BCF6D8362C32A05F5AA4905D9845D387B02DFE15981AE40B86FFED36CD68"
"sound-definitions","SFX_Hand_Crossbow_T1_Raise","SoundEvents/SFX/Weapons/Hand_Crossbow/SFX_Hand_Crossbow_T1_Raise","Server/Audio/SoundEvents/SFX/Weapons/Hand_Crossbow/SFX_Hand_Crossbow_T1_Raise.json","969","4F75D2E6E4D957F3DCDB3E3C7803A60685575B6BC157BBCF2AC1293BDF0A67BF"
"sound-definitions","SFX_Hand_Crossbow_T1_Raise_Local","SoundEvents/SFX/Weapons/Hand_Crossbow/SFX_Hand_Crossbow_T1_Raise_Local","Server/Audio/SoundEvents/SFX/Weapons/Hand_Crossbow/SFX_Hand_Crossbow_T1_Raise_Local.json","957","6D326A80440FE6E316D20333E2A6A05D4BBE8D79F1364CAB548F83044A05AE2A"
"sound-definitions","SFX_Hand_Crossbow_T1_Shove","SoundEvents/SFX/Weapons/Hand_Crossbow/SFX_Hand_Crossbow_T1_Shove","Server/Audio/SoundEvents/SFX/Weapons/Hand_Crossbow/SFX_Hand_Crossbow_T1_Shove.json","969","8F7C34B891B56D96FB24E141FE1712EE6F0474C3882E410D5B296B7423CEB2A2"
"sound-definitions","SFX_Hand_Crossbow_T1_Shove_Local","SoundEvents/SFX/Weapons/Hand_Crossbow/SFX_Hand_Crossbow_T1_Shove_Local","Server/Audio/SoundEvents/SFX/Weapons/Hand_Crossbow/SFX_Hand_Crossbow_T1_Shove_Local.json","957","503D180499A3E4527B414102140D14A98F2293D18F23760AF0A19C528233370D"
"sound-definitions","SFX_Hand_Crossbow_T2_Load","SoundEvents/SFX/Weapons/Hand_Crossbow/SFX_Hand_Crossbow_T2_Load","Server/Audio/SoundEvents/SFX/Weapons/Hand_Crossbow/SFX_Hand_Crossbow_T2_Load.json","605","F4420D7FD1A84016AFA1BBEE7757EA70761C6EA23B78B037F25E8E50720C18D5"
"sound-definitions","SFX_Hand_Crossbow_T2_Load_Local","SoundEvents/SFX/Weapons/Hand_Crossbow/SFX_Hand_Crossbow_T2_Load_Local","Server/Audio/SoundEvents/SFX/Weapons/Hand_Crossbow/SFX_Hand_Crossbow_T2_Load_Local.json","600","0449E441C4ABD1E4CCE30358588737728338C21C2806873E595ECF30745A1DFE"
"sound-definitions","SFX_Hand_Crossbow_T2_Reload_Start","SoundEvents/SFX/Weapons/Hand_Crossbow/SFX_Hand_Crossbow_T2_Reload_Start","Server/Audio/SoundEvents/SFX/Weapons/Hand_Crossbow/SFX_Hand_Crossbow_T2_Reload_Start.json","554","4FE99A5E53197677C22E861FFEA9A30C8FA45BEE902E7187FF6601622C74F545"
"sound-definitions","SFX_Hand_Crossbow_T2_Reload_Start_Local","SoundEvents/SFX/Weapons/Hand_Crossbow/SFX_Hand_Crossbow_T2_Reload_Start_Local","Server/Audio/SoundEvents/SFX/Weapons/Hand_Crossbow/SFX_Hand_Crossbow_T2_Reload_Start_Local.json","542","4076C5096F67C0502EC8188C9CA583CA0F31A114ECB4B9C479B1E47711A5EAAF"
"sound-definitions","SFX_Ice_Item_Impact","SoundEvents/SFX/Weapons/Item/Ice/SFX_Ice_Item_Impact","Server/Audio/SoundEvents/SFX/Weapons/Item/Ice/SFX_Ice_Item_Impact.json","466","B1BE029AD710741DCF1AE6D032C91D59C9E4B53547802AC1C10987A83F607ED6"
"sound-definitions","SFX_Ice_Item_Swing","SoundEvents/SFX/Weapons/Item/Ice/SFX_Ice_Item_Swing","Server/Audio/SoundEvents/SFX/Weapons/Item/Ice/SFX_Ice_Item_Swing.json","590","ECAB54C87C0FCD00D2F63F6460BB1BD2DF6D3E4E83A5D314C66E1C1FA70896EB"
"sound-definitions","SFX_Kweebec_Plushie_Impact","SoundEvents/SFX/Weapons/Item/Kweebec_Plushie/SFX_Kweebec_Plushie_Impact","Server/Audio/SoundEvents/SFX/Weapons/Item/Kweebec_Plushie/SFX_Kweebec_Plushie_Impact.json","616","76A73754A0879B6B754E1F9C37387D36707251463B0AEC45E5926BC09CD878A5"
"sound-definitions","SFX_Club_Meat_Impact","SoundEvents/SFX/Weapons/Item/Meat/SFX_Club_Meat_Impact","Server/Audio/SoundEvents/SFX/Weapons/Item/Meat/SFX_Club_Meat_Impact.json","921","EDEB3ABE076275F9C40492A27A58ED261B10F5C938A1F6526CB4095CF0D4A11B"
"sound-definitions","SFX_Club_Meat_Swing","SoundEvents/SFX/Weapons/Item/SFX_Club_Meat_Swing","Server/Audio/SoundEvents/SFX/Weapons/Item/SFX_Club_Meat_Swing.json","1134","4ADC7D642F50FD049F6B7CA476982A1F1010943A089D28FBC7D271F15D30379A"
"sound-definitions","SFX_Longsword_Special_Impact","SoundEvents/SFX/Weapons/Longsword/Special/SFX_Longsword_Special_Impact","Server/Audio/SoundEvents/SFX/Weapons/Longsword/Special/SFX_Longsword_Special_Impact.json","467","B032492E753F6F5A45B3061E6E8C0E5AC9DCE9CB679853BB0ACB302E47B71D0C"
"sound-definitions","SFX_Longsword_Special_Swing","SoundEvents/SFX/Weapons/Longsword/Special/SFX_Longsword_Special_Swing","Server/Audio/SoundEvents/SFX/Weapons/Longsword/Special/SFX_Longsword_Special_Swing.json","1097","91C6CD4DD89376ABE2542F7E86B8EBC6961EEAB633D4454616588CCD39B48904"
"sound-definitions","SFX_Longsword_Steel_Charged_Swing","SoundEvents/SFX/Weapons/Longsword/Steel/SFX_Longsword_Steel_Charged_Swing","Server/Audio/SoundEvents/SFX/Weapons/Longsword/Steel/SFX_Longsword_Steel_Charged_Swing.json","288","847DD9EDA77B3E33C4A7F5405C68C0DEEBD0B7A5DE2566BEA1117F3F23B3086A"
"sound-definitions","SFX_Longsword_Steel_Impact","SoundEvents/SFX/Weapons/Longsword/Steel/SFX_Longsword_Steel_Impact","Server/Audio/SoundEvents/SFX/Weapons/Longsword/Steel/SFX_Longsword_Steel_Impact.json","467","04B706BF8F27534F7FA7D0B69B2BFAE2BD6B6C1BD35B7FE1FD59010620DB66BF"
"sound-definitions","SFX_Longsword_Steel_Swing","SoundEvents/SFX/Weapons/Longsword/Steel/SFX_Longsword_Steel_Swing","Server/Audio/SoundEvents/SFX/Weapons/Longsword/Steel/SFX_Longsword_Steel_Swing.json","1090","8F7F2F34A1E1E23B0BCB7F8CFEE105FC81A93C290F8C8E07A2ECC3501783E1A4"
"sound-definitions","SFX_Mace_T1_Block_Impact","SoundEvents/SFX/Weapons/Mace/Impacts/SFX_Mace_T1_Block_Impact","Server/Audio/SoundEvents/SFX/Weapons/Mace/Impacts/SFX_Mace_T1_Block_Impact.json","504","A87A1CB0397D2218D6525EBD93FF3DC63038A07754B31E32E1B65A3894FAFA04"
"sound-definitions","SFX_Mace_T1_Impact","SoundEvents/SFX/Weapons/Mace/Impacts/SFX_Mace_T1_Impact","Server/Audio/SoundEvents/SFX/Weapons/Mace/Impacts/SFX_Mace_T1_Impact.json","632","EEB66C649BE3DA8BD8805BC011E6F53814C7915B404027BC594D1F9E73FBCEFC"
"sound-definitions","SFX_Mace_T2_Impact","SoundEvents/SFX/Weapons/Mace/Impacts/SFX_Mace_T2_Impact","Server/Audio/SoundEvents/SFX/Weapons/Mace/Impacts/SFX_Mace_T2_Impact.json","1701","933D88B5F6D935A06F2DD0EC729E9F68BB6934523C25515D43B2327800467826"
"sound-definitions","SFX_Mace_T1_Raise","SoundEvents/SFX/Weapons/Mace/SFX_Mace_T1_Raise","Server/Audio/SoundEvents/SFX/Weapons/Mace/SFX_Mace_T1_Raise.json","960","AE80819AAFB0D3C7E29F3BB9CEC6DAC49CC9BE2C5AD24E0729B85C62B7E200A6"
"sound-definitions","SFX_Mace_T1_Raise_Local","SoundEvents/SFX/Weapons/Mace/SFX_Mace_T1_Raise_Local","Server/Audio/SoundEvents/SFX/Weapons/Mace/SFX_Mace_T1_Raise_Local.json","948","76EF8B4FBD8C9C90F6F48E45AD81126EDEEE13556CA278C3C5C919EB72B7FEEB"
"sound-definitions","SFX_Mace_T1_Shove","SoundEvents/SFX/Weapons/Mace/SFX_Mace_T1_Shove","Server/Audio/SoundEvents/SFX/Weapons/Mace/SFX_Mace_T1_Shove.json","960","DC03DA62BAE0A4D6C4DFAC903670F1995382566240FC4CADEA94B8A0AC4641FA"
"sound-definitions","SFX_Mace_T1_Shove_Local","SoundEvents/SFX/Weapons/Mace/SFX_Mace_T1_Shove_Local","Server/Audio/SoundEvents/SFX/Weapons/Mace/SFX_Mace_T1_Shove_Local.json","948","BB3398FF0D37E1A227A9F4782C304B0EB55A40DF8D32FF029F0A8161673918ED"
"sound-definitions","SFX_Mace_T1_Swing","SoundEvents/SFX/Weapons/Mace/SFX_Mace_T1_Swing","Server/Audio/SoundEvents/SFX/Weapons/Mace/SFX_Mace_T1_Swing.json","1070","D6820C1D7DFE6D77083818754CAF6840A0B717E6BB5BF139B0C7822FE3F8AB6E"
"sound-definitions","SFX_Mace_T1_Swing_Charged","SoundEvents/SFX/Weapons/Mace/SFX_Mace_T1_Swing_Charged","Server/Audio/SoundEvents/SFX/Weapons/Mace/SFX_Mace_T1_Swing_Charged.json","1044","AA9E67BBCD9B003C63C73261B2E94DD4E4D783037326C9C0B5309650A2EE07D1"
"sound-definitions","SFX_Mace_T1_Swing_Charged_LR_Local","SoundEvents/SFX/Weapons/Mace/SFX_Mace_T1_Swing_Charged_LR_Local","Server/Audio/SoundEvents/SFX/Weapons/Mace/SFX_Mace_T1_Swing_Charged_LR_Local.json","1051","FF0BEC38359BC5FE44D4E4D5901816BD6D1139CC7B32FD0454EAA7417487DD14"
"sound-definitions","SFX_Mace_T1_Swing_Charged_RL_Local","SoundEvents/SFX/Weapons/Mace/SFX_Mace_T1_Swing_Charged_RL_Local","Server/Audio/SoundEvents/SFX/Weapons/Mace/SFX_Mace_T1_Swing_Charged_RL_Local.json","1051","5CA8E562CF9E33B2B7539882B45558B7E8FF7E6E756C3EC55DDF7C02A8F8A901"
"sound-definitions","SFX_Mace_T1_Swing_Charged_Up_Local","SoundEvents/SFX/Weapons/Mace/SFX_Mace_T1_Swing_Charged_Up_Local","Server/Audio/SoundEvents/SFX/Weapons/Mace/SFX_Mace_T1_Swing_Charged_Up_Local.json","1051","A11A27B15ECC6AFDF8ABF244048A334C16590E50F3EEE28297833872A7BB4923"
"sound-definitions","SFX_Mace_T1_Swing_LR_Local","SoundEvents/SFX/Weapons/Mace/SFX_Mace_T1_Swing_LR_Local","Server/Audio/SoundEvents/SFX/Weapons/Mace/SFX_Mace_T1_Swing_LR_Local.json","1086","01577B493906DDE32EBAEFE6249502DAABCA018E8E6E2EED9BE737B11DFBA337"
"sound-definitions","SFX_Mace_T1_Swing_RL_Local","SoundEvents/SFX/Weapons/Mace/SFX_Mace_T1_Swing_RL_Local","Server/Audio/SoundEvents/SFX/Weapons/Mace/SFX_Mace_T1_Swing_RL_Local.json","1086","1B7A7C24A1E23E36BB7FA33F5D77722F6C922768E08493E06CB79185829E9AA3"
"sound-definitions","SFX_Mace_T1_Swing_Up_Local","SoundEvents/SFX/Weapons/Mace/SFX_Mace_T1_Swing_Up_Local","Server/Audio/SoundEvents/SFX/Weapons/Mace/SFX_Mace_T1_Swing_Up_Local.json","1086","1E5244733C3E78F8F263B09610C470E0AC14EEBA6206E50DC7B3073C917F5C2F"
"sound-definitions","SFX_Mace_T2_Raise","SoundEvents/SFX/Weapons/Mace/SFX_Mace_T2_Raise","Server/Audio/SoundEvents/SFX/Weapons/Mace/SFX_Mace_T2_Raise.json","1321","CF5CBF90DAA369BDFD7683BFABF8F001D9CDCB6165F5DEFC42BC36DFEE14B1F0"
"sound-definitions","SFX_Mace_T2_Raise_Local","SoundEvents/SFX/Weapons/Mace/SFX_Mace_T2_Raise_Local","Server/Audio/SoundEvents/SFX/Weapons/Mace/SFX_Mace_T2_Raise_Local.json","1330","D80D3B0D7E4423C45E57B226E505B8E9C1DE797C82F7ADF9A401322F8FFFDAB3"
"sound-definitions","SFX_Mace_T2_Swing","SoundEvents/SFX/Weapons/Mace/SFX_Mace_T2_Swing","Server/Audio/SoundEvents/SFX/Weapons/Mace/SFX_Mace_T2_Swing.json","1550","2552CDACEB49CE69502903B6FBE3323F3D27D0F69538FCE41D05AED25051CF3B"
"sound-definitions","SFX_Mace_T2_Swing_Charged","SoundEvents/SFX/Weapons/Mace/SFX_Mace_T2_Swing_Charged","Server/Audio/SoundEvents/SFX/Weapons/Mace/SFX_Mace_T2_Swing_Charged.json","1561","89E36873749A8BAE7BD3681B606D02636DC1B04C895CDD4A0DF8DEDAA33A34D0"
"sound-definitions","SFX_Mace_T2_Swing_Charged_LR_Local","SoundEvents/SFX/Weapons/Mace/SFX_Mace_T2_Swing_Charged_LR_Local","Server/Audio/SoundEvents/SFX/Weapons/Mace/SFX_Mace_T2_Swing_Charged_LR_Local.json","1618","7DF2D30E53BD212CF91C4799F92DBCFD58D8EFED75528F02E85236F639F5C2D3"
"sound-definitions","SFX_Mace_T2_Swing_Charged_RL_Local","SoundEvents/SFX/Weapons/Mace/SFX_Mace_T2_Swing_Charged_RL_Local","Server/Audio/SoundEvents/SFX/Weapons/Mace/SFX_Mace_T2_Swing_Charged_RL_Local.json","1618","9B719D9C99A682032298BA4A0CED1AB703C83BC7B724885B168C68A8A131BB5F"
"sound-definitions","SFX_Mace_T2_Swing_Charged_Up_Local","SoundEvents/SFX/Weapons/Mace/SFX_Mace_T2_Swing_Charged_Up_Local","Server/Audio/SoundEvents/SFX/Weapons/Mace/SFX_Mace_T2_Swing_Charged_Up_Local.json","1618","A059480B0F2F4EDB1E835E26B7A2396900E19E95B622FB46D7C038FEF1BBCE8B"
"sound-definitions","SFX_Mace_T2_Swing_LR_Local","SoundEvents/SFX/Weapons/Mace/SFX_Mace_T2_Swing_LR_Local","Server/Audio/SoundEvents/SFX/Weapons/Mace/SFX_Mace_T2_Swing_LR_Local.json","1616","CD12AD664C1330EBEF7626C0DFCDBC36EC607C5C392AADBD590830A6CD30296C"
"sound-definitions","SFX_Mace_T2_Swing_RL_Local","SoundEvents/SFX/Weapons/Mace/SFX_Mace_T2_Swing_RL_Local","Server/Audio/SoundEvents/SFX/Weapons/Mace/SFX_Mace_T2_Swing_RL_Local.json","1616","F3566234D3E5D411E6805FFF3AB6B583EC501A49E41F03C8A455048D44160D9D"
"sound-definitions","SFX_Mace_T2_Swing_Up_Local","SoundEvents/SFX/Weapons/Mace/SFX_Mace_T2_Swing_Up_Local","Server/Audio/SoundEvents/SFX/Weapons/Mace/SFX_Mace_T2_Swing_Up_Local.json","1616","4FD28CC0778B1B5A79ADCC44A79ECF722B4A6F977DD9DAF7C01DA1B392070F2A"
"sound-definitions","SFX_Mace_T2_Signature_Impact","SoundEvents/SFX/Weapons/Mace/Signature/SFX_Mace_T2_Signature_Impact","Server/Audio/SoundEvents/SFX/Weapons/Mace/Signature/SFX_Mace_T2_Signature_Impact.json","1369","A0F307644038D91F1F6A30B045B456F24D708F0F0B7A7E8F492C333B9ACE1FD9"
"sound-definitions","SFX_Mace_T2_Signature_Impact_Local","SoundEvents/SFX/Weapons/Mace/Signature/SFX_Mace_T2_Signature_Impact_Local","Server/Audio/SoundEvents/SFX/Weapons/Mace/Signature/SFX_Mace_T2_Signature_Impact_Local.json","1378","49864BDAD0F749EC0D22B803088898469BC3F03B5A28E06EFED2888ED50A9E76"
"sound-definitions","SFX_Mace_T2_Signature_Launch","SoundEvents/SFX/Weapons/Mace/Signature/SFX_Mace_T2_Signature_Launch","Server/Audio/SoundEvents/SFX/Weapons/Mace/Signature/SFX_Mace_T2_Signature_Launch.json","993","00B80800818D03DC4ADA5467983BFCB1E052B39F11DC2F4429F8FF6C4D526057"
"sound-definitions","SFX_Mace_T2_Signature_Launch_Local","SoundEvents/SFX/Weapons/Mace/Signature/SFX_Mace_T2_Signature_Launch_Local","Server/Audio/SoundEvents/SFX/Weapons/Mace/Signature/SFX_Mace_T2_Signature_Launch_Local.json","981","8CF471EB76626E03D0186072D1582FD7A6F530FA38D3A49BFB71283B76DCA423"
"sound-definitions","SFX_Light_Melee_T1_Guard_Hit","SoundEvents/SFX/Weapons/Shared/Impacts/SFX_Light_Melee_T1_Guard_Hit","Server/Audio/SoundEvents/SFX/Weapons/Shared/Impacts/SFX_Light_Melee_T1_Guard_Hit.json","620","1E5B32DDA15F2C15AACAA3F69B93ADC0972E53436008E6CA4758C2BA9FB68387"
"sound-definitions","SFX_Light_Melee_T1_Impact","SoundEvents/SFX/Weapons/Shared/Impacts/SFX_Light_Melee_T1_Impact","Server/Audio/SoundEvents/SFX/Weapons/Shared/Impacts/SFX_Light_Melee_T1_Impact.json","688","B79E333B734E89BC346D3DA528D66D053E70B09B2B433A2061D91AFBC3CF1B9E"
"sound-definitions","SFX_Light_Melee_T2_Guard_Hit","SoundEvents/SFX/Weapons/Shared/Impacts/SFX_Light_Melee_T2_Guard_Hit","Server/Audio/SoundEvents/SFX/Weapons/Shared/Impacts/SFX_Light_Melee_T2_Guard_Hit.json","1027","395098123591B17F041D0836121FCEACB6985ACBCBF461ADAD5AA40BDD8145EC"
"sound-definitions","SFX_T1_Impact_Blunt","SoundEvents/SFX/Weapons/Shared/Impacts/SFX_T1_Impact_Blunt","Server/Audio/SoundEvents/SFX/Weapons/Shared/Impacts/SFX_T1_Impact_Blunt.json","694","EA6BD4C14F3645DA97B66701C303432C670762EC5BC6CF519AA3299466E099CC"
"sound-definitions","SFX_Light_Melee_T1_Block","SoundEvents/SFX/Weapons/Shared/SFX_Light_Melee_T1_Block","Server/Audio/SoundEvents/SFX/Weapons/Shared/SFX_Light_Melee_T1_Block.json","997","1E40421F5896EAEFE583C7165484A9A62AAFC45F9C97D79FD2055BDE5367A783"
"sound-definitions","SFX_Light_Melee_T1_Lunge","SoundEvents/SFX/Weapons/Shared/SFX_Light_Melee_T1_Lunge","Server/Audio/SoundEvents/SFX/Weapons/Shared/SFX_Light_Melee_T1_Lunge.json","994","FF1BBAEBE50013DD975DED89A10E5EE24E752E7411211ACEFA07C413B6F55584"
"sound-definitions","SFX_Light_Melee_T1_Lunge_Charge","SoundEvents/SFX/Weapons/Shared/SFX_Light_Melee_T1_Lunge_Charge","Server/Audio/SoundEvents/SFX/Weapons/Shared/SFX_Light_Melee_T1_Lunge_Charge.json","1016","E13B148937CE13973D0DEB90C73E271CB5A0E12D2F32FA7E68F2A2934DC5C3FB"
"sound-definitions","SFX_Light_Melee_T1_Shove","SoundEvents/SFX/Weapons/Shared/SFX_Light_Melee_T1_Shove","Server/Audio/SoundEvents/SFX/Weapons/Shared/SFX_Light_Melee_T1_Shove.json","961","A1C07799AD8B9E60BBFF045CDDC9E48DB4EA63FF752E3C6238AF5A9B6A98B387"
"sound-definitions","SFX_Light_Melee_T1_Swing","SoundEvents/SFX/Weapons/Shared/SFX_Light_Melee_T1_Swing","Server/Audio/SoundEvents/SFX/Weapons/Shared/SFX_Light_Melee_T1_Swing.json","1116","CC7AE6A3A203EE15A91DBF261ED1CF86973F83FEBB37F1D6CF94ABB2912EB958"
"sound-definitions","SFX_Light_Melee_T2_Block","SoundEvents/SFX/Weapons/Shared/SFX_Light_Melee_T2_Block","Server/Audio/SoundEvents/SFX/Weapons/Shared/SFX_Light_Melee_T2_Block.json","1065","D64002314D27B2100A03DE4BD770B4902A1404EFB54E953C16D5E367935DDD38"
"sound-definitions","SFX_Light_Melee_T2_Guard_Break","SoundEvents/SFX/Weapons/Shared/SFX_Light_Melee_T2_Guard_Break","Server/Audio/SoundEvents/SFX/Weapons/Shared/SFX_Light_Melee_T2_Guard_Break.json","1236","4E4997BB057BD01D82BFC654B272ECFBFB01CB9E903BD8BD5CA6375542D4B7BE"
"sound-definitions","SFX_Light_Melee_T2_Lunge","SoundEvents/SFX/Weapons/Shared/SFX_Light_Melee_T2_Lunge","Server/Audio/SoundEvents/SFX/Weapons/Shared/SFX_Light_Melee_T2_Lunge.json","1969","C0FEA59F8231D9ADDEC1F7C72285F346B55341841CDB498F0047F32D0740B95F"
"sound-definitions","SFX_Light_Melee_T2_Lunge_Charge","SoundEvents/SFX/Weapons/Shared/SFX_Light_Melee_T2_Lunge_Charge","Server/Audio/SoundEvents/SFX/Weapons/Shared/SFX_Light_Melee_T2_Lunge_Charge.json","1440","ED41325DAA4E34D43A0EA2DC6355FF9906BC0ADF632BBFC1BA4795C074AE4304"
"sound-definitions","SFX_Light_Melee_T2_Swing","SoundEvents/SFX/Weapons/Shared/SFX_Light_Melee_T2_Swing","Server/Audio/SoundEvents/SFX/Weapons/Shared/SFX_Light_Melee_T2_Swing.json","1534","E24E8A7D115B652B9B660A5A2092EAB0A2D5F055C0CC383481ADD9418C1BDAAE"
"sound-definitions","SFX_Shield_T1_Break","SoundEvents/SFX/Weapons/Shield/SFX_Shield_T1_Break","Server/Audio/SoundEvents/SFX/Weapons/Shield/SFX_Shield_T1_Break.json","488","D627E814D4D4F701B81D3FF0757C9C30981F90147363E920B75E1D6E79A2C685"
"sound-definitions","SFX_Shield_T1_Impact","SoundEvents/SFX/Weapons/Shield/SFX_Shield_T1_Impact","Server/Audio/SoundEvents/SFX/Weapons/Shield/SFX_Shield_T1_Impact.json","500","C0B09139492DA5C34F8B965922EE9D88A5E3375DF1806225739E2803FAA540B5"
"sound-definitions","SFX_Shield_T1_Raise","SoundEvents/SFX/Weapons/Shield/SFX_Shield_T1_Raise","Server/Audio/SoundEvents/SFX/Weapons/Shield/SFX_Shield_T1_Raise.json","975","59C5844F41DB08624C46087C7F23D3017A59A1BE3FCC4ED3415A653F85866AA2"
"sound-definitions","SFX_Shield_T1_Raise_Local","SoundEvents/SFX/Weapons/Shield/SFX_Shield_T1_Raise_Local","Server/Audio/SoundEvents/SFX/Weapons/Shield/SFX_Shield_T1_Raise_Local.json","964","A5F5FB576E2B7A3C73F93EF6C84DD4A4A032B553EA5394C1A8A6A261F5B4A6AC"
"sound-definitions","SFX_Shield_T1_Swing","SoundEvents/SFX/Weapons/Shield/SFX_Shield_T1_Swing","Server/Audio/SoundEvents/SFX/Weapons/Shield/SFX_Shield_T1_Swing.json","1030","AE91CF8866A5CCFD8057FA1402F4E1155AF8D96703313256D9B33A330367F74F"
"sound-definitions","SFX_Shield_T1_Swing_Local","SoundEvents/SFX/Weapons/Shield/SFX_Shield_T1_Swing_Local","Server/Audio/SoundEvents/SFX/Weapons/Shield/SFX_Shield_T1_Swing_Local.json","1025","1857F8D58CFF38E0DBA1E17404F0D942B25F8D03D22646217C6B750039513E2B"
"sound-definitions","SFX_Shield_T2_Impact","SoundEvents/SFX/Weapons/Shield/SFX_Shield_T2_Impact","Server/Audio/SoundEvents/SFX/Weapons/Shield/SFX_Shield_T2_Impact.json","438","DF209991EFA9353129B7CBDC20717CC5863C56121B3FFF86491AA5D35CF58E29"
"sound-definitions","SFX_Shield_T2_Raise","SoundEvents/SFX/Weapons/Shield/SFX_Shield_T2_Raise","Server/Audio/SoundEvents/SFX/Weapons/Shield/SFX_Shield_T2_Raise.json","1350","AC2057405B6AE805BD8D60AE9CE37318F31C3E96E56E04860C44D3B37AF244ED"
"sound-definitions","SFX_Shield_T2_Raise_Local","SoundEvents/SFX/Weapons/Shield/SFX_Shield_T2_Raise_Local","Server/Audio/SoundEvents/SFX/Weapons/Shield/SFX_Shield_T2_Raise_Local.json","1360","1ACC90589F099B8810A5FB64B60FDFD4F0EB218BA407B9ECF8667AE6FF82BCA8"
"sound-definitions","SFX_Shield_T2_Swing","SoundEvents/SFX/Weapons/Shield/SFX_Shield_T2_Swing","Server/Audio/SoundEvents/SFX/Weapons/Shield/SFX_Shield_T2_Swing.json","1405","0C66BB985F05B0A61CDD8AFD9337D0B16AC6626644BD8116873EB3160335F63F"
"sound-definitions","SFX_Shield_T2_Swing_Local","SoundEvents/SFX/Weapons/Shield/SFX_Shield_T2_Swing_Local","Server/Audio/SoundEvents/SFX/Weapons/Shield/SFX_Shield_T2_Swing_Local.json","1421","BE0838111BD17702F5AA034CBFDB53D31FF946F6A03FE8B25414955C10DA43E6"
"sound-definitions","SFX_Spear_Impact","SoundEvents/SFX/Weapons/Spear/SFX_Spear_Impact","Server/Audio/SoundEvents/SFX/Weapons/Spear/SFX_Spear_Impact.json","480","5D7CBDEC90E3E27E8249AB8C7AA14EAE40975C3BAAC64DE6E18A9F25429E0972"
"sound-definitions","SFX_Spear_Lunge","SoundEvents/SFX/Weapons/Spear/SFX_Spear_Lunge","Server/Audio/SoundEvents/SFX/Weapons/Spear/SFX_Spear_Lunge.json","499","642C728A25DB24327BF95AF37D11688411ED18BDE3023793DDAA3BD3715D9329"
"sound-definitions","SFX_Spear_Lunge_Local","SoundEvents/SFX/Weapons/Spear/SFX_Spear_Lunge_Local","Server/Audio/SoundEvents/SFX/Weapons/Spear/SFX_Spear_Lunge_Local.json","1008","DEDB7295A65D4EE282C058E8897B845244B29838EFC6FCAAF5116AD66B7CCF99"
"sound-definitions","SFX_Spear_Miss","SoundEvents/SFX/Weapons/Spear/SFX_Spear_Miss","Server/Audio/SoundEvents/SFX/Weapons/Spear/SFX_Spear_Miss.json","631","9FAF1285DD1A8F257FCFC7B3C59D46391A323F4C5E92F0E88424D0DCDAF142F8"
"sound-definitions","SFX_Spear_Projectile_Impact","SoundEvents/SFX/Weapons/Spear/SFX_Spear_Projectile_Impact","Server/Audio/SoundEvents/SFX/Weapons/Spear/SFX_Spear_Projectile_Impact.json","476","BC6A48ABF8A16B7E5363C883220F0B0B28CFC9F7DEBF4F0372E5E53B14286441"
"sound-definitions","SFX_Spear_Throw","SoundEvents/SFX/Weapons/Spear/SFX_Spear_Throw","Server/Audio/SoundEvents/SFX/Weapons/Spear/SFX_Spear_Throw.json","550","013C7D60FC89DB326D4696FD67FA88A102853C37CF03F5298FF8BF359E2D5905"
"sound-definitions","SFX_Spear_Throw_Charge","SoundEvents/SFX/Weapons/Spear/SFX_Spear_Throw_Charge","Server/Audio/SoundEvents/SFX/Weapons/Spear/SFX_Spear_Throw_Charge.json","917","FDC73CE7B64D8E96F2864479B0ED7A98914A98D584BD7936DD31CD8693ED957A"
"sound-definitions","SFX_Spear_Throw_Charge_Local","SoundEvents/SFX/Weapons/Spear/SFX_Spear_Throw_Charge_Local","Server/Audio/SoundEvents/SFX/Weapons/Spear/SFX_Spear_Throw_Charge_Local.json","987","2EC06FC2705FC8D1E01ECA2D993FC52891FB90FFF9C4C8B63C78F2F1D5037CCD"
"sound-definitions","SFX_Spear_Throw_Local","SoundEvents/SFX/Weapons/Spear/SFX_Spear_Throw_Local","Server/Audio/SoundEvents/SFX/Weapons/Spear/SFX_Spear_Throw_Local.json","591","6FB7285B23D65B206D8D0C66CB9704CE86A628D1657A98A2E7B70C2E54099F40"
"sound-definitions","SFX_Skeleton_Mage_Spellbook_Charge","SoundEvents/SFX/Weapons/Spellbook/SFX_Skeleton_Mage_Spellbook_Charge","Server/Audio/SoundEvents/SFX/Weapons/Spellbook/SFX_Skeleton_Mage_Spellbook_Charge.json","1486","06D088EE666E6A3A70543B59E03F7CABDFE39FB72C78D38A4CD05E4C94E2681F"
"sound-definitions","SFX_Skeleton_Mage_Spellbook_Impact","SoundEvents/SFX/Weapons/Spellbook/SFX_Skeleton_Mage_Spellbook_Impact","Server/Audio/SoundEvents/SFX/Weapons/Spellbook/SFX_Skeleton_Mage_Spellbook_Impact.json","487","D1C9BF4D91AEA529A46471331A53116F3FFCCA71D780F6B6EFB18824FDDDE4DE"
"sound-definitions","SFX_Staff_Flame_Consume_Charge_1","SoundEvents/SFX/Weapons/Staff/Flame/SFX_Staff_Flame_Consume_Charge_1","Server/Audio/SoundEvents/SFX/Weapons/Staff/Flame/SFX_Staff_Flame_Consume_Charge_1.json","620","08D8177E8E85DFFFC16527D0B5BDF36CA671D8BC83A211A8CB7E598D06053AB5"
"sound-definitions","SFX_Staff_Flame_Consume_Charge_1_Local","SoundEvents/SFX/Weapons/Staff/Flame/SFX_Staff_Flame_Consume_Charge_1_Local","Server/Audio/SoundEvents/SFX/Weapons/Staff/Flame/SFX_Staff_Flame_Consume_Charge_1_Local.json","618","B351A00E6CA09C6C9A868CC5063DA73DCCF46AE545C23F83683928019639F8A6"
"sound-definitions","SFX_Staff_Flame_Consume_Charge_2","SoundEvents/SFX/Weapons/Staff/Flame/SFX_Staff_Flame_Consume_Charge_2","Server/Audio/SoundEvents/SFX/Weapons/Staff/Flame/SFX_Staff_Flame_Consume_Charge_2.json","1097","B280D199EAC49A181A2C40BF2F63F5647CC91D8ACCE8704C347B44550BA860E8"
"sound-definitions","SFX_Staff_Flame_Consume_Charge_2_Local","SoundEvents/SFX/Weapons/Staff/Flame/SFX_Staff_Flame_Consume_Charge_2_Local","Server/Audio/SoundEvents/SFX/Weapons/Staff/Flame/SFX_Staff_Flame_Consume_Charge_2_Local.json","1123","29ED2F0E5CBCE98054E1A9C90D93890497C7B32BBC524C5C609D485252D485FD"
"sound-definitions","SFX_Staff_Flame_Consume_Charge_3","SoundEvents/SFX/Weapons/Staff/Flame/SFX_Staff_Flame_Consume_Charge_3","Server/Audio/SoundEvents/SFX/Weapons/Staff/Flame/SFX_Staff_Flame_Consume_Charge_3.json","1572","3B7200C8DB0C06B4F92167E57EF667F5CB5C671307B080D948EA0E48796FBB3E"
"sound-definitions","SFX_Staff_Flame_Consume_Charge_3_Local","SoundEvents/SFX/Weapons/Staff/Flame/SFX_Staff_Flame_Consume_Charge_3_Local","Server/Audio/SoundEvents/SFX/Weapons/Staff/Flame/SFX_Staff_Flame_Consume_Charge_3_Local.json","1626","A227783F658715880290CB4BBB152DA74C552AD205BABEEFA2D47C3FE786DA74"
"sound-definitions","SFX_Staff_Flame_Consume_Charge_4","SoundEvents/SFX/Weapons/Staff/Flame/SFX_Staff_Flame_Consume_Charge_4","Server/Audio/SoundEvents/SFX/Weapons/Staff/Flame/SFX_Staff_Flame_Consume_Charge_4.json","2048","C761739A6CF9032DEED8F3AAD90CB335BB06934B11F4A436B209E7B4482C2F2F"
"sound-definitions","SFX_Staff_Flame_Consume_Charge_4_Local","SoundEvents/SFX/Weapons/Staff/Flame/SFX_Staff_Flame_Consume_Charge_4_Local","Server/Audio/SoundEvents/SFX/Weapons/Staff/Flame/SFX_Staff_Flame_Consume_Charge_4_Local.json","2130","C77B132CA5CABD60BDB18D6FB3968BF20CBF6C47EA2C4F8F263D221276957E37"
"sound-definitions","SFX_Staff_Flame_Fireball_Impact","SoundEvents/SFX/Weapons/Staff/Flame/SFX_Staff_Flame_Fireball_Impact","Server/Audio/SoundEvents/SFX/Weapons/Staff/Flame/SFX_Staff_Flame_Fireball_Impact.json","699","BCE8C9C5571CA797FA04DFBFEE955ABCE2809DF6B45B9D0684CCB1379F260B21"
"sound-definitions","SFX_Staff_Flame_Fireball_Launch","SoundEvents/SFX/Weapons/Staff/Flame/SFX_Staff_Flame_Fireball_Launch","Server/Audio/SoundEvents/SFX/Weapons/Staff/Flame/SFX_Staff_Flame_Fireball_Launch.json","626","6A3287476BF49F8B3A6B9C9924738A2322A8A97333191BA47519ABD182C83D24"
"sound-definitions","SFX_Staff_Flame_Fireball_Launch_Local","SoundEvents/SFX/Weapons/Staff/Flame/SFX_Staff_Flame_Fireball_Launch_Local","Server/Audio/SoundEvents/SFX/Weapons/Staff/Flame/SFX_Staff_Flame_Fireball_Launch_Local.json","622","50D6D6EC9CA630FE4FEAF928F467AEFC5854069225D2E0FF3060041BD6B267D7"
"sound-definitions","SFX_Staff_Flame_Flamethrower","SoundEvents/SFX/Weapons/Staff/Flame/SFX_Staff_Flame_Flamethrower","Server/Audio/SoundEvents/SFX/Weapons/Staff/Flame/SFX_Staff_Flame_Flamethrower.json","930","F2D90548B4282B5D123B513C222068D22A1EE4AE75C5A6483E1DE11845BB3399"
"sound-definitions","SFX_Staff_Flame_Flamethrower_End","SoundEvents/SFX/Weapons/Staff/Flame/SFX_Staff_Flame_Flamethrower_End","Server/Audio/SoundEvents/SFX/Weapons/Staff/Flame/SFX_Staff_Flame_Flamethrower_End.json","659","7AE744C885A7ADF8F3B59E7CE5A2392ED3266B74255E1296036BA03823BC541D"
"sound-definitions","SFX_Staff_Flame_Flamethrower_End_Local","SoundEvents/SFX/Weapons/Staff/Flame/SFX_Staff_Flame_Flamethrower_End_Local","Server/Audio/SoundEvents/SFX/Weapons/Staff/Flame/SFX_Staff_Flame_Flamethrower_End_Local.json","687","95CDE6DB7CF9A893AE20341529B0B87E9ED2D1EF366D2AFFB7B46C98505B8838"
"sound-definitions","SFX_Staff_Flame_Flamethrower_Impact","SoundEvents/SFX/Weapons/Staff/Flame/SFX_Staff_Flame_Flamethrower_Impact","Server/Audio/SoundEvents/SFX/Weapons/Staff/Flame/SFX_Staff_Flame_Flamethrower_Impact.json","701","FB57531C3BDE39D369A9DEB5D58131C20825BA20E6264274F412306B05A48536"
"sound-definitions","SFX_Staff_Flame_Flamethrower_Local","SoundEvents/SFX/Weapons/Staff/Flame/SFX_Staff_Flame_Flamethrower_Local","Server/Audio/SoundEvents/SFX/Weapons/Staff/Flame/SFX_Staff_Flame_Flamethrower_Local.json","966","96327FC3DB1586C064970A168AAE269F9BA96063D0FC3AC3C66896ECF28ED79E"
"sound-definitions","SFX_Staff_Flame_Trap_Deploy","SoundEvents/SFX/Weapons/Staff/Flame/SFX_Staff_Flame_Trap_Deploy","Server/Audio/SoundEvents/SFX/Weapons/Staff/Flame/SFX_Staff_Flame_Trap_Deploy.json","611","5631A9D59AD45072CEE4AFFD0E208B2279EF1B14BC0769576C58161EB3B3BDB7"
"sound-definitions","SFX_Staff_Flame_Trap_Despawn","SoundEvents/SFX/Weapons/Staff/Flame/SFX_Staff_Flame_Trap_Despawn","Server/Audio/SoundEvents/SFX/Weapons/Staff/Flame/SFX_Staff_Flame_Trap_Despawn.json","615","E8C89D8929B5F3FFED5E0E223100DFCA1909B43334B9E6B9C2940B710F99D13F"
"sound-definitions","SFX_Staff_Flame_Trap_Loop","SoundEvents/SFX/Weapons/Staff/Flame/SFX_Staff_Flame_Trap_Loop","Server/Audio/SoundEvents/SFX/Weapons/Staff/Flame/SFX_Staff_Flame_Trap_Loop.json","426","BD073F25016350353C4990908FF409E4EBEF6AC0306F56302EFE8C9F300815B3"
"sound-definitions","SFX_Staff_Charged_Loop","SoundEvents/SFX/Weapons/Staff/SFX_Staff_Charged_Loop","Server/Audio/SoundEvents/SFX/Weapons/Staff/SFX_Staff_Charged_Loop.json","554","0ADFE91494754DC0D4CD790466B7FB039FE4AC7041AF5B8F8382A703ACC9E1B3"
"sound-definitions","SFX_Staff_Fire_Shoot","SoundEvents/SFX/Weapons/Staff/SFX_Staff_Fire_Shoot","Server/Audio/SoundEvents/SFX/Weapons/Staff/SFX_Staff_Fire_Shoot.json","615","A4A6BA9E155E2A01C9F2E4A73BADFED90EFAF92628772EDDB01D83B9F474CBDF"
"sound-definitions","SFX_Staff_Ice_Shoot","SoundEvents/SFX/Weapons/Staff/SFX_Staff_Ice_Shoot","Server/Audio/SoundEvents/SFX/Weapons/Staff/SFX_Staff_Ice_Shoot.json","438","ECB47429BF945EBE36B93ABFDFC12A276498F53C0E0491DF9EB9F1A80D0DF863"
"sound-definitions","SFX_Tornado","SoundEvents/SFX/Weapons/Staff/SFX_Tornado","Server/Audio/SoundEvents/SFX/Weapons/Staff/SFX_Tornado.json","361","3E99A05F6753D58F193C54BF2FFCE314493144E3F02BC45688A4B0B41B6284BF"
"sound-definitions","SFX_Sword_T2_Impact","SoundEvents/SFX/Weapons/Sword/Impacts/SFX_Sword_T2_Impact","Server/Audio/SoundEvents/SFX/Weapons/Sword/Impacts/SFX_Sword_T2_Impact.json","892","CA56E371FF83069892B10CB7CC9DA6AFF9413364DDB505EA4F8579FF14501BCD"
"sound-definitions","SFX_Sword_T1_Block_Local","SoundEvents/SFX/Weapons/Sword/SFX_Sword_T1_Block_Local","Server/Audio/SoundEvents/SFX/Weapons/Sword/SFX_Sword_T1_Block_Local.json","973","81AF6DBCD7BAB320BB1906ABE51D88FDDD34E9866A3AD5A5C6A5ACB7DB702BD3"
"sound-definitions","SFX_Sword_T1_Lunge_Charge_Local","SoundEvents/SFX/Weapons/Sword/SFX_Sword_T1_Lunge_Charge_Local","Server/Audio/SoundEvents/SFX/Weapons/Sword/SFX_Sword_T1_Lunge_Charge_Local.json","994","92A076BF803EA53CFB085C23DC3782487085419062EB238EB62B75F531FB875B"
"sound-definitions","SFX_Sword_T1_Lunge_Local","SoundEvents/SFX/Weapons/Sword/SFX_Sword_T1_Lunge_Local","Server/Audio/SoundEvents/SFX/Weapons/Sword/SFX_Sword_T1_Lunge_Local.json","996","A1D375FB8E2A4E8981A2E55893E806F3C5FCCB3DF4F5F1E470854563BA7B4298"
"sound-definitions","SFX_Sword_T1_Shove_Local","SoundEvents/SFX/Weapons/Sword/SFX_Sword_T1_Shove_Local","Server/Audio/SoundEvents/SFX/Weapons/Sword/SFX_Sword_T1_Shove_Local.json","951","1EFCACAF70819A06B6016ADCD1E44D8A15430460DB1E7DBE365D751F32661391"
"sound-definitions","SFX_Sword_T1_Swing","SoundEvents/SFX/Weapons/Sword/SFX_Sword_T1_Swing","Server/Audio/SoundEvents/SFX/Weapons/Sword/SFX_Sword_T1_Swing.json","967","E1B1BF6A05A06111B72ABDB2FD82E5575739E69A895300F6A9D224F98DF5D48B"
"sound-definitions","SFX_Sword_T1_Swing_Down","SoundEvents/SFX/Weapons/Sword/SFX_Sword_T1_Swing_Down","Server/Audio/SoundEvents/SFX/Weapons/Sword/SFX_Sword_T1_Swing_Down.json","928","ADB2D8EBCC731BBD30072C64ED1ED4CC0B542F26A86F76373330B2BA62F66EBB"
"sound-definitions","SFX_Sword_T1_Swing_Down_Local","SoundEvents/SFX/Weapons/Sword/SFX_Sword_T1_Swing_Down_Local","Server/Audio/SoundEvents/SFX/Weapons/Sword/SFX_Sword_T1_Swing_Down_Local.json","942","DC7E0A64C7A34CCC9B46DC7226A52AD0E40406AE8215530566685DC1BB75FB56"
"sound-definitions","SFX_Sword_T1_Swing_LR_Local","SoundEvents/SFX/Weapons/Sword/SFX_Sword_T1_Swing_LR_Local","Server/Audio/SoundEvents/SFX/Weapons/Sword/SFX_Sword_T1_Swing_LR_Local.json","997","2FAB1794A07E81C2F77036DB3CFCF6C71B18D7F58E92361D55B1C0A98F12F4B6"
"sound-definitions","SFX_Sword_T1_Swing_RL_Local","SoundEvents/SFX/Weapons/Sword/SFX_Sword_T1_Swing_RL_Local","Server/Audio/SoundEvents/SFX/Weapons/Sword/SFX_Sword_T1_Swing_RL_Local.json","997","FF64668E35D827C7DBDD280E50669619493859927C487FE6C1CFCE1B1130AC2C"
"sound-definitions","SFX_Sword_T2_Block_Local","SoundEvents/SFX/Weapons/Sword/SFX_Sword_T2_Block_Local","Server/Audio/SoundEvents/SFX/Weapons/Sword/SFX_Sword_T2_Block_Local.json","1044","2FB46FE64E4EF9A024A91B2DEC560C2F99B8092B40DE0A4B8D8FF60A0F3F3CB4"
"sound-definitions","SFX_Sword_T2_Lunge_Charge_Local","SoundEvents/SFX/Weapons/Sword/SFX_Sword_T2_Lunge_Charge_Local","Server/Audio/SoundEvents/SFX/Weapons/Sword/SFX_Sword_T2_Lunge_Charge_Local.json","1427","0661DE1FB7B5AAC641720E8A01A70E218D2448832631B26CEA0B983CF0D95E79"
"sound-definitions","SFX_Sword_T2_Lunge_Local","SoundEvents/SFX/Weapons/Sword/SFX_Sword_T2_Lunge_Local","Server/Audio/SoundEvents/SFX/Weapons/Sword/SFX_Sword_T2_Lunge_Local.json","1869","5F64E6217B252B7C8163DA8BCF742D5A79333BC52451A45AC428EBBCF96B5EE5"
"sound-definitions","SFX_Sword_T2_Signature_Part_1","SoundEvents/SFX/Weapons/Sword/SFX_Sword_T2_Signature_Part_1","Server/Audio/SoundEvents/SFX/Weapons/Sword/SFX_Sword_T2_Signature_Part_1.json","1798","5E883F9493191934F8A4A2D31CABF372A245F333818E04C4641873E9708BA183"
"sound-definitions","SFX_Sword_T2_Signature_Part_1_Local","SoundEvents/SFX/Weapons/Sword/SFX_Sword_T2_Signature_Part_1_Local","Server/Audio/SoundEvents/SFX/Weapons/Sword/SFX_Sword_T2_Signature_Part_1_Local.json","1853","8120C96AE7E16A595BCC3455C0D9C8D26009BC2430701BA70396BF15793EA397"
"sound-definitions","SFX_Sword_T2_Signature_Part_2","SoundEvents/SFX/Weapons/Sword/SFX_Sword_T2_Signature_Part_2","Server/Audio/SoundEvents/SFX/Weapons/Sword/SFX_Sword_T2_Signature_Part_2.json","1765","5DF559801F272D227329BA4743D71A51CBCB4060833827764D0BA2DB3062F49E"
"sound-definitions","SFX_Sword_T2_Signature_Part_2_Local","SoundEvents/SFX/Weapons/Sword/SFX_Sword_T2_Signature_Part_2_Local","Server/Audio/SoundEvents/SFX/Weapons/Sword/SFX_Sword_T2_Signature_Part_2_Local.json","1788","77FF042313F63631F8CE3A923B2F8AC68E8EB5C6D982603AA13B7C71864606AE"
"sound-definitions","SFX_Sword_T2_Swing","SoundEvents/SFX/Weapons/Sword/SFX_Sword_T2_Swing","Server/Audio/SoundEvents/SFX/Weapons/Sword/SFX_Sword_T2_Swing.json","1366","790948F32286591C7B7CC3615B36164CA3072F7C3314BD47A6E4C6ACCC6DD73B"
"sound-definitions","SFX_Sword_T2_Swing_Down","SoundEvents/SFX/Weapons/Sword/SFX_Sword_T2_Swing_Down","Server/Audio/SoundEvents/SFX/Weapons/Sword/SFX_Sword_T2_Swing_Down.json","1287","028DA38133C98275CC87B4D42E3B95C947C03107121E16BC9051709EFBF47F9B"
"sound-definitions","SFX_Sword_T2_Swing_Down_Local","SoundEvents/SFX/Weapons/Sword/SFX_Sword_T2_Swing_Down_Local","Server/Audio/SoundEvents/SFX/Weapons/Sword/SFX_Sword_T2_Swing_Down_Local.json","1315","A1CCAFBA647AFFABB10A12DAD14CD5659223AC44CF73F54F9B4D87CE39D7F905"
"sound-definitions","SFX_Sword_T2_Swing_LR_Local","SoundEvents/SFX/Weapons/Sword/SFX_Sword_T2_Swing_LR_Local","Server/Audio/SoundEvents/SFX/Weapons/Sword/SFX_Sword_T2_Swing_LR_Local.json","1426","C512F526DD38B33A1183DEEDD718501C24A45DB2CB072A67A6A3C962A6E2B155"
"sound-definitions","SFX_Sword_T2_Swing_RL_Local","SoundEvents/SFX/Weapons/Sword/SFX_Sword_T2_Swing_RL_Local","Server/Audio/SoundEvents/SFX/Weapons/Sword/SFX_Sword_T2_Swing_RL_Local.json","1426","EB151E1B071C4FFFC0640A685F76CDBE7B1D30306B62A9057009EE43BA1515AA"
"sound-definitions","SFX_Trork_Throwing_Axe","SoundEvents/SFX/Weapons/Throwing_Axe/NPC/SFX_Trork_Throwing_Axe","Server/Audio/SoundEvents/SFX/Weapons/Throwing_Axe/NPC/SFX_Trork_Throwing_Axe.json","588","362F858D34299E16098CBBB76C2F9677B81918C679E95CFAE2FF619C798E9C78"
"sound-definitions","SFX_Torch_Impact","SoundEvents/SFX/Weapons/Torch/SFX_Torch_Impact","Server/Audio/SoundEvents/SFX/Weapons/Torch/SFX_Torch_Impact.json","960","347DF40B132B34C01DE745675F49D9D9947760BA8BC0D4C6E585DDE21A79A2BA"
"sound-definitions","SFX_Torch_Swing","SoundEvents/SFX/Weapons/Torch/SFX_Torch_Swing","Server/Audio/SoundEvents/SFX/Weapons/Torch/SFX_Torch_Swing.json","561","9326C593789DAAB499085999A3056191527A54E49030C439A29A0A4B5989C9E8"
"sound-definitions","SFX_NPC_Unarmed_Impact","SoundEvents/SFX/Weapons/Unarmed/SFX_NPC_Unarmed_Impact","Server/Audio/SoundEvents/SFX/Weapons/Unarmed/SFX_NPC_Unarmed_Impact.json","709","0D46D7F30E455E725741E143DD706B0C78DC819E35F5D9F8D2E03378DF77026B"
"sound-definitions","SFX_NPC_Unarmed_Swing","SoundEvents/SFX/Weapons/Unarmed/SFX_NPC_Unarmed_Swing","Server/Audio/SoundEvents/SFX/Weapons/Unarmed/SFX_NPC_Unarmed_Swing.json","855","68FF7B201A16911171726ED2B4B89514A159220D8248FC08E94F761492C77CD4"
"sound-definitions","SFX_Player_Unarmed_Swing_Left","SoundEvents/SFX/Weapons/Unarmed/SFX_Player_Unarmed_Swing_Left","Server/Audio/SoundEvents/SFX/Weapons/Unarmed/SFX_Player_Unarmed_Swing_Left.json","1171","EF5B814E1732262D5A86C7E8AD341A4EB2E5F9D783E6B3FD94CF98A155008717"
"sound-definitions","SFX_Player_Unarmed_Swing_Right","SoundEvents/SFX/Weapons/Unarmed/SFX_Player_Unarmed_Swing_Right","Server/Audio/SoundEvents/SFX/Weapons/Unarmed/SFX_Player_Unarmed_Swing_Right.json","1171","3030EF1928575B1645866DFD66E254C493641CF4DB48094093AF60C12C872ED4"
"sound-definitions","SFX_Unarmed_Impact","SoundEvents/SFX/Weapons/Unarmed/SFX_Unarmed_Impact","Server/Audio/SoundEvents/SFX/Weapons/Unarmed/SFX_Unarmed_Impact.json","517","8612ED012A687A1B8BBAEE3E67300CD40BE5A12E758E2ACCF806A1AEED37D905"
"sound-definitions","SFX_Unarmed_Swing","SoundEvents/SFX/Weapons/Unarmed/SFX_Unarmed_Swing","Server/Audio/SoundEvents/SFX/Weapons/Unarmed/SFX_Unarmed_Swing.json","1088","193484C2C5163588035FBA93F479C75D3914EBC9065C81EFDC668E9A0451F2F6"
"sound-definitions","SFX_Wand_Fire_Shoot","SoundEvents/SFX/Weapons/Wand/SFX_Wand_Fire_Shoot","Server/Audio/SoundEvents/SFX/Weapons/Wand/SFX_Wand_Fire_Shoot.json","652","0A1E74CB908DBFD417D4ECFE244438A1DA87EA745397CBBB60DD99732BF52676"
"sound-definitions","SFX_Wand_Ice_Shoot","SoundEvents/SFX/Weapons/Wand/SFX_Wand_Ice_Shoot","Server/Audio/SoundEvents/SFX/Weapons/Wand/SFX_Wand_Ice_Shoot.json","417","C3D621C4DF0FEF991A6FC880BC24CCF53C35284F13B9436AB8805B32A49A0512"
"sound-definitions","SFX_Goblin_World_Breach_Open","SoundEvents/SFX/WorldEvents/Goblin/SFX_Goblin_World_Breach_Open","Server/Audio/SoundEvents/SFX/WorldEvents/Goblin/SFX_Goblin_World_Breach_Open.json","598","BC0202CF3CE997EFD82FAB9B53A00F04A563B1D6A21EA5A8F64A0D57C128C787"
"sound-definitions","SFX_Goblin_World_Breach_Passive","SoundEvents/SFX/WorldEvents/Goblin/SFX_Goblin_World_Breach_Passive","Server/Audio/SoundEvents/SFX/WorldEvents/Goblin/SFX_Goblin_World_Breach_Passive.json","2355","60703B177C81FC4E4F41AFBBFCFD7E85EFB9E55188AA6219F969078352D64945"
"sound-definitions","SFX_Goblin_World_Breach_Portal","SoundEvents/SFX/WorldEvents/Goblin/SFX_Goblin_World_Breach_Portal","Server/Audio/SoundEvents/SFX/WorldEvents/Goblin/SFX_Goblin_World_Breach_Portal.json","3857","BE0FD568E731F49AF15D96694283B2ED1F98F554B81752779C8541F850F9F399"
"sound-definitions","CreativePlayDefaults","SoundSets/CreativePlayDefaults","Server/Audio/SoundSets/CreativePlayDefaults.json","1071","C3317AF59AB014C66E970870C21073AF8D9976860BABBF6E5752AF690716510E"
