affixId,name,prefixOrSuffix,operator,eligibleFamilies,intendedEffect,armorExtension,legalCarrier,legalCarrierTest,legalCarrierObservedTest,seedCarrierCandidates,simulatorFixture,controlFixture,combinedFixtures,candidateTests,candidateConsumers,qualificationHoles,realRuntimeConsumer,positiveTest,controlTest,negativeTest,additionalOwnerTests,qualificationResolution,equippedAuthority,equippedAuthorityTest,advancedStatsField,advancedStatsRequired,advancedStatsTest,sentinelPolicy,sentinelAdapterRegistered,sentinelBehavior,sentinelTest,productionEnabled,result,proofHoles
WA-001,Honed,PREFIX,LOCAL_PHYS_FLAT,"M, R, B",Adds V to both the minimum and maximum Physical damage of this item before local Enhanced Damage. This raises the whole weapon range; it is not a second final-damage hit. Require: BASE-CORE. Armor: none.,none.,gm.battleaxe_adamantite.h,com.inigmasgames.hytalerpg.gear.MasterAffixEquipmentSimulatorTest#authoredCarrierIsProductionEligible,"com.inigmasgames.hytalerpg.gear.MasterAffixEquipmentSimulatorTest#authoredCarrierIsProductionEligible(WA-001, ab-wa-001-affixed, gm.battleaxe_adamantite.h)","[""gm.sword_copper.n""]",ab-wa-001-affixed,ab-wa-001-control,"[""sword-rare""]","[""com.inigmasgames.hytalerpg.gear.GearAffixRuntimeTest#localPowerAddsThenNormalizesThenMultipliesExactlyOnce"", ""com.inigmasgames.hytalerpg.gear.GearCatalogLegalityTest#armorExtensionsUseTheirOwnSlotAndAttributeRules"", ""com.inigmasgames.hytalerpg.gear.GearCombatProductionTest#nativeMeleeAndProjectilePowerUsesTheGoldenRangeAndPreservesTheCoefficient"", ""com.inigmasgames.hytalerpg.gear.GearTooltipV12Test#formatterSubstitutesPersistedPrecisionAndCanonicalSkillName"", ""com.inigmasgames.hytalerpg.gear.GearTransactionsTest#changedDefinitionsCannotRegenerateAPreparedOutcome"", ""com.inigmasgames.hytalerpg.gear.ManagedCarrierProductionTest#bombUsesFrozenPhysicalRollAndRejectsInvalidSource"", ""com.inigmasgames.hytalerpg.gear.MasterAffixCombatCompletionTest#localPhysicalGlobalPhysicalAndElementalIncreasesKeepSourceAndChannelBoundaries"", ""com.inigmasgames.hytalerpg.gear.MasterAffixEquipmentSimulatorTest#authoredAffixReachesFrozenEquipmentSnapshotAndLeavesOnEveryInvalidation""]","[""src/main/java/com/inigmasgames/hytalerpg/execution/summon/IronSentinelAffixes.java"", ""src/main/java/com/inigmasgames/hytalerpg/gear/GearCombatEffects.java"", ""src/main/java/com/inigmasgames/hytalerpg/gear/GearQaFixtures.java"", ""src/main/java/com/inigmasgames/hytalerpg/gear/ManagedGearDamageInteraction.java""]",[],src/main/java/com/inigmasgames/hytalerpg/gear/GearCombatEffects.java,com.inigmasgames.hytalerpg.gear.MasterAffixCombatCompletionTest#localPhysicalGlobalPhysicalAndElementalIncreasesKeepSourceAndChannelBoundaries,com.inigmasgames.hytalerpg.gear.MasterAffixCombatCompletionTest#localPhysicalGlobalPhysicalAndElementalIncreasesKeepSourceAndChannelBoundaries,com.inigmasgames.hytalerpg.gear.MasterAffixCombatCompletionTest#localPhysicalGlobalPhysicalAndElementalIncreasesKeepSourceAndChannelBoundaries,[],,PROVEN,com.inigmasgames.hytalerpg.gear.MasterAffixEquipmentSimulatorTest#authoredAffixReachesFrozenEquipmentSnapshotAndLeavesOnEveryInvalidation,,False,,SELF_STAT,True,INHERITED,com.inigmasgames.hytalerpg.execution.summon.MasterAffixSentinelInheritedTest#boundLocalPhysicalChangesSentinelProjectionAndAttack,True,FUNCTIONAL,[]
WA-002,Brutal,PREFIX,LOCAL_PHYS_INC,"M, R, B",V% Enhanced Damage to this item’s local Physical weapon range. Multiplies both resolved endpoints once after local flat/min/max additions; never also enters the global Increased bucket. Require: BASE-CORE. Armor: none.,none.,gm.battleaxe_adamantite.h,com.inigmasgames.hytalerpg.gear.MasterAffixEquipmentSimulatorTest#authoredCarrierIsProductionEligible,"com.inigmasgames.hytalerpg.gear.MasterAffixEquipmentSimulatorTest#authoredCarrierIsProductionEligible(WA-002, ab-wa-002-affixed, gm.battleaxe_adamantite.h)","[""gm.shortbow_copper.n""]",ab-wa-002-affixed,ab-wa-002-control,"[""shortbow-rare""]","[""com.inigmasgames.hytalerpg.execution.summon.IronSentinelAffixInheritanceTest#increasedAttackAndPhysicalDamageUseOneBucketAndCritHasSharedCap"", ""com.inigmasgames.hytalerpg.gear.GearAffixRuntimeTest#localPowerAddsThenNormalizesThenMultipliesExactlyOnce"", ""com.inigmasgames.hytalerpg.gear.GearCombatProductionTest#nativeMeleeAndProjectilePowerUsesTheGoldenRangeAndPreservesTheCoefficient"", ""com.inigmasgames.hytalerpg.gear.MasterAffixCombatCompletionTest#localPhysicalGlobalPhysicalAndElementalIncreasesKeepSourceAndChannelBoundaries"", ""com.inigmasgames.hytalerpg.gear.MasterAffixEquipmentSimulatorTest#authoredAffixReachesFrozenEquipmentSnapshotAndLeavesOnEveryInvalidation""]","[""src/main/java/com/inigmasgames/hytalerpg/execution/summon/IronSentinelAffixes.java"", ""src/main/java/com/inigmasgames/hytalerpg/gear/GearCombatEffects.java"", ""src/main/java/com/inigmasgames/hytalerpg/gear/GearQaFixtures.java"", ""src/main/java/com/inigmasgames/hytalerpg/gear/ManagedGearDamageInteraction.java""]",[],src/main/java/com/inigmasgames/hytalerpg/gear/GearCombatEffects.java,com.inigmasgames.hytalerpg.gear.MasterAffixCombatCompletionTest#localPhysicalGlobalPhysicalAndElementalIncreasesKeepSourceAndChannelBoundaries,com.inigmasgames.hytalerpg.gear.MasterAffixCombatCompletionTest#localPhysicalGlobalPhysicalAndElementalIncreasesKeepSourceAndChannelBoundaries,com.inigmasgames.hytalerpg.gear.MasterAffixCombatCompletionTest#localPhysicalGlobalPhysicalAndElementalIncreasesKeepSourceAndChannelBoundaries,[],,PROVEN,com.inigmasgames.hytalerpg.gear.MasterAffixEquipmentSimulatorTest#authoredAffixReachesFrozenEquipmentSnapshotAndLeavesOnEveryInvalidation,,False,,SELF_STAT,True,INHERITED,com.inigmasgames.hytalerpg.execution.summon.MasterAffixSentinelInheritedTest#boundLocalPhysicalChangesSentinelProjectionAndAttack,True,FUNCTIONAL,[]
WA-003,Attuned,PREFIX,LOCAL_MAGIC_FLAT,C,Adds V to this item’s authored Magic Power. Only skills explicitly reading item Magic Power benefit. Require: INT-CORE. Armor: none.,none.,gm.book_apprentice.h,com.inigmasgames.hytalerpg.gear.MasterAffixEquipmentSimulatorTest#authoredCarrierIsProductionEligible,"com.inigmasgames.hytalerpg.gear.MasterAffixEquipmentSimulatorTest#authoredCarrierIsProductionEligible(WA-003, ab-wa-003-affixed, gm.book_apprentice.h)",[],ab-wa-003-affixed,ab-wa-003-control,[],"[""com.inigmasgames.hytalerpg.execution.summon.IronSentinelStatProjectionTest#twentyPercentAttackRateDividesIntervalByOnePointTwo"", ""com.inigmasgames.hytalerpg.gear.ManagedCarrierProductionTest#focusMagicPowerAndElementalFlatReachRealContactResolver"", ""com.inigmasgames.hytalerpg.gear.MasterAffixCombatCompletionTest#wa003MappedLegalFocusChangesAcceptedNativeMagicContactOnly"", ""com.inigmasgames.hytalerpg.gear.MasterAffixEquipmentSimulatorTest#authoredAffixReachesFrozenEquipmentSnapshotAndLeavesOnEveryInvalidation""]",[],[],src/main/java/com/inigmasgames/hytalerpg/gear/ManagedCarrierDamageInteraction.java,com.inigmasgames.hytalerpg.gear.MasterAffixCombatCompletionTest#wa003MappedLegalFocusChangesAcceptedNativeMagicContactOnly,com.inigmasgames.hytalerpg.gear.MasterAffixCombatCompletionTest#wa003MappedLegalFocusChangesAcceptedNativeMagicContactOnly,com.inigmasgames.hytalerpg.gear.MasterAffixCombatCompletionTest#wa003MappedLegalFocusChangesAcceptedNativeMagicContactOnly,[],,PROVEN,com.inigmasgames.hytalerpg.gear.MasterAffixEquipmentSimulatorTest#authoredAffixReachesFrozenEquipmentSnapshotAndLeavesOnEveryInvalidation,,False,,OWNER_ONLY,True,OWNER_ONLY,com.inigmasgames.hytalerpg.execution.summon.MasterAffixSentinelOwnerOnlyTest#ownerOnlyBoundSourceDoesNotChangeSentinelRuntime,True,FUNCTIONAL,[]
WA-004,Sorcerous,PREFIX,SPELL_DAMAGE,C,"V% increased damage of the wielder’s explicitly tagged spells. No bonus to untagged attacks or summons. Require: INT-CORE. Armor: Head, Chest; INT armor; 0.5 × V.","Head, Chest; INT armor; 0.5 × V.",gm.book_apprentice.h,com.inigmasgames.hytalerpg.gear.MasterAffixEquipmentSimulatorTest#authoredCarrierIsProductionEligible,"com.inigmasgames.hytalerpg.gear.MasterAffixEquipmentSimulatorTest#authoredCarrierIsProductionEligible(WA-004, ab-wa-004-affixed, gm.book_apprentice.h)",[],ab-wa-004-affixed,ab-wa-004-control,[],"[""com.inigmasgames.hytalerpg.gear.GearCatalogLegalityTest#armorExtensionsUseTheirOwnSlotAndAttributeRules"", ""com.inigmasgames.hytalerpg.gear.GearCombatProductionTest#attackSpellPhysicalAndElementBucketsRespectSourceAndActionTags"", ""com.inigmasgames.hytalerpg.gear.GearCombatProductionTest#directSkillProductionCompositionKeepsNativeScalingAndOneCriticalRoll"", ""com.inigmasgames.hytalerpg.gear.GearFoundationTest#affixRequirementsUseAuthoredPoliciesAndQGates"", ""com.inigmasgames.hytalerpg.gear.MasterAffixEquipmentSimulatorTest#authoredAffixReachesFrozenEquipmentSnapshotAndLeavesOnEveryInvalidation"", ""com.inigmasgames.hytalerpg.ui.inventory.AdvancedStatsAffixProjectionTest#everyGlobalGearRowUsesFrozenOperatorValueAndVanishesOnUnequip""]",[],[],src/main/java/com/inigmasgames/hytalerpg/gear/GearCombatEffects.java,com.inigmasgames.hytalerpg.gear.GearCombatProductionTest#attackSpellPhysicalAndElementBucketsRespectSourceAndActionTags,com.inigmasgames.hytalerpg.gear.GearCombatProductionTest#attackSpellPhysicalAndElementBucketsRespectSourceAndActionTags,com.inigmasgames.hytalerpg.gear.GearCombatProductionTest#attackSpellPhysicalAndElementBucketsRespectSourceAndActionTags,[],,PROVEN,com.inigmasgames.hytalerpg.gear.MasterAffixEquipmentSimulatorTest#authoredAffixReachesFrozenEquipmentSnapshotAndLeavesOnEveryInvalidation,spellDamage,True,com.inigmasgames.hytalerpg.ui.inventory.AdvancedStatsAffixProjectionTest#everyGlobalGearRowUsesFrozenOperatorValueAndVanishesOnUnequip,OWNER_ONLY,True,OWNER_ONLY,com.inigmasgames.hytalerpg.execution.summon.MasterAffixSentinelOwnerOnlyTest#ownerOnlyBoundSourceDoesNotChangeSentinelRuntime,True,FUNCTIONAL,[]
WA-005,Soldier’s,PREFIX,ATTACK_DAMAGE,"M, R, B","V% increased attack damage with this item. Scoped to contributing weapon, not an offhand stat stick. Require: BASE-CORE. Armor: none.",none.,gm.battleaxe_adamantite.h,com.inigmasgames.hytalerpg.gear.MasterAffixEquipmentSimulatorTest#authoredCarrierIsProductionEligible,"com.inigmasgames.hytalerpg.gear.MasterAffixEquipmentSimulatorTest#authoredCarrierIsProductionEligible(WA-005, ab-wa-005-affixed, gm.battleaxe_adamantite.h)",[],ab-wa-005-affixed,ab-wa-005-control,[],"[""com.inigmasgames.hytalerpg.execution.summon.IronSentinelAffixInheritanceTest#aSupportedWeaponPropertyOnArmorStillRejectsBeforeCustody"", ""com.inigmasgames.hytalerpg.execution.summon.IronSentinelAffixInheritanceTest#increasedAttackAndPhysicalDamageUseOneBucketAndCritHasSharedCap"", ""com.inigmasgames.hytalerpg.gear.GearCombatProductionTest#attackSpellPhysicalAndElementBucketsRespectSourceAndActionTags"", ""com.inigmasgames.hytalerpg.gear.GearCombatProductionTest#nativeMeleeAndProjectilePowerUsesTheGoldenRangeAndPreservesTheCoefficient"", ""com.inigmasgames.hytalerpg.gear.MasterAffixEquipmentSimulatorTest#authoredAffixReachesFrozenEquipmentSnapshotAndLeavesOnEveryInvalidation""]","[""src/main/java/com/inigmasgames/hytalerpg/execution/summon/IronSentinelAffixes.java"", ""src/main/java/com/inigmasgames/hytalerpg/gear/GearCombatEffects.java"", ""src/main/java/com/inigmasgames/hytalerpg/gear/HytaleGearLoot.java""]",[],src/main/java/com/inigmasgames/hytalerpg/gear/GearCombatEffects.java,com.inigmasgames.hytalerpg.gear.GearCombatProductionTest#attackSpellPhysicalAndElementBucketsRespectSourceAndActionTags,com.inigmasgames.hytalerpg.gear.GearCombatProductionTest#attackSpellPhysicalAndElementBucketsRespectSourceAndActionTags,com.inigmasgames.hytalerpg.gear.GearCombatProductionTest#attackSpellPhysicalAndElementBucketsRespectSourceAndActionTags,[],,PROVEN,com.inigmasgames.hytalerpg.gear.MasterAffixEquipmentSimulatorTest#authoredAffixReachesFrozenEquipmentSnapshotAndLeavesOnEveryInvalidation,,False,,SELF_STAT,True,INHERITED,com.inigmasgames.hytalerpg.execution.summon.MasterAffixSentinelInheritedTest#boundGlobalAttackModifierChangesActualHit,True,FUNCTIONAL,[]
WA-006,Relentless,PREFIX,PHYSICAL_DAMAGE_GLOBAL,"M, R, B, H",V% increased direct Physical damage. Does not increase Bleed; use its dedicated modifier. Require: BASE-CORE. Armor: Hands; 0.5 × V.,Hands; 0.5 × V.,gm.battleaxe_adamantite.h,com.inigmasgames.hytalerpg.gear.MasterAffixEquipmentSimulatorTest#authoredCarrierIsProductionEligible,"com.inigmasgames.hytalerpg.gear.MasterAffixEquipmentSimulatorTest#authoredCarrierIsProductionEligible(WA-006, ab-wa-006-affixed, gm.battleaxe_adamantite.h)",[],ab-wa-006-affixed,ab-wa-006-control,[],"[""com.inigmasgames.hytalerpg.execution.summon.IronSentinelAffixInheritanceTest#increasedAttackAndPhysicalDamageUseOneBucketAndCritHasSharedCap"", ""com.inigmasgames.hytalerpg.gear.GearCombatProductionTest#attackSpellPhysicalAndElementBucketsRespectSourceAndActionTags"", ""com.inigmasgames.hytalerpg.gear.MasterAffixCombatCompletionTest#localPhysicalGlobalPhysicalAndElementalIncreasesKeepSourceAndChannelBoundaries"", ""com.inigmasgames.hytalerpg.gear.MasterAffixEquipmentSimulatorTest#authoredAffixReachesFrozenEquipmentSnapshotAndLeavesOnEveryInvalidation"", ""com.inigmasgames.hytalerpg.ui.inventory.AdvancedStatsAffixProjectionTest#everyGlobalGearRowUsesFrozenOperatorValueAndVanishesOnUnequip""]","[""src/main/java/com/inigmasgames/hytalerpg/execution/summon/IronSentinelAffixes.java""]",[],src/main/java/com/inigmasgames/hytalerpg/gear/GearCombatEffects.java,com.inigmasgames.hytalerpg.gear.MasterAffixCombatCompletionTest#localPhysicalGlobalPhysicalAndElementalIncreasesKeepSourceAndChannelBoundaries,com.inigmasgames.hytalerpg.gear.MasterAffixCombatCompletionTest#localPhysicalGlobalPhysicalAndElementalIncreasesKeepSourceAndChannelBoundaries,com.inigmasgames.hytalerpg.gear.MasterAffixCombatCompletionTest#localPhysicalGlobalPhysicalAndElementalIncreasesKeepSourceAndChannelBoundaries,[],,PROVEN,com.inigmasgames.hytalerpg.gear.MasterAffixEquipmentSimulatorTest#authoredAffixReachesFrozenEquipmentSnapshotAndLeavesOnEveryInvalidation,physicalDamage,True,com.inigmasgames.hytalerpg.ui.inventory.AdvancedStatsAffixProjectionTest#everyGlobalGearRowUsesFrozenOperatorValueAndVanishesOnUnequip,SELF_STAT,True,INHERITED,com.inigmasgames.hytalerpg.execution.summon.MasterAffixSentinelInheritedTest#boundGlobalAttackModifierChangesActualHit,True,FUNCTIONAL,[]
WA-007,Prismatic,PREFIX,ELEMENTAL_DAMAGE,"C, M, R",V% increased direct damage across the six elemental channels. One bonus per channel; Physical excluded. Require: INT-CORE. Armor: Hands; 0.5 × V.,Hands; 0.5 × V.,gm.battleaxe_adamantite.h,com.inigmasgames.hytalerpg.gear.MasterAffixEquipmentSimulatorTest#authoredCarrierIsProductionEligible,"com.inigmasgames.hytalerpg.gear.MasterAffixEquipmentSimulatorTest#authoredCarrierIsProductionEligible(WA-007, ab-wa-007-affixed, gm.battleaxe_adamantite.h)",[],ab-wa-007-affixed,ab-wa-007-control,[],"[""com.inigmasgames.hytalerpg.execution.summon.IronSentinelAffixInheritanceTest#everyAuthoredFamilyHasAnExplicitDispositionAndUnsupportedOnesFailBeforeForge"", ""com.inigmasgames.hytalerpg.execution.summon.MasterAffixSentinelInheritedTest#boundGlobalAttackModifierChangesActualHit"", ""com.inigmasgames.hytalerpg.gear.GearCombatProductionTest#attackSpellPhysicalAndElementBucketsRespectSourceAndActionTags"", ""com.inigmasgames.hytalerpg.gear.MasterAffixCombatCompletionTest#localPhysicalGlobalPhysicalAndElementalIncreasesKeepSourceAndChannelBoundaries"", ""com.inigmasgames.hytalerpg.gear.MasterAffixEquipmentSimulatorTest#authoredAffixReachesFrozenEquipmentSnapshotAndLeavesOnEveryInvalidation"", ""com.inigmasgames.hytalerpg.ui.inventory.AdvancedStatsAffixProjectionTest#elementalRowsMatchCommittedHitBucketsAndRestoreForAllSixChannels""]","[""src/main/java/com/inigmasgames/hytalerpg/execution/summon/IronSentinelAffixes.java""]",[],src/main/java/com/inigmasgames/hytalerpg/gear/GearCombatEffects.java,com.inigmasgames.hytalerpg.gear.MasterAffixCombatCompletionTest#localPhysicalGlobalPhysicalAndElementalIncreasesKeepSourceAndChannelBoundaries,com.inigmasgames.hytalerpg.gear.MasterAffixCombatCompletionTest#localPhysicalGlobalPhysicalAndElementalIncreasesKeepSourceAndChannelBoundaries,com.inigmasgames.hytalerpg.gear.MasterAffixCombatCompletionTest#localPhysicalGlobalPhysicalAndElementalIncreasesKeepSourceAndChannelBoundaries,[],,PROVEN,com.inigmasgames.hytalerpg.gear.MasterAffixEquipmentSimulatorTest#authoredAffixReachesFrozenEquipmentSnapshotAndLeavesOnEveryInvalidation,damage by channel,True,com.inigmasgames.hytalerpg.ui.inventory.AdvancedStatsAffixProjectionTest#elementalRowsMatchCommittedHitBucketsAndRestoreForAllSixChannels,SELF_STAT,True,INHERITED,com.inigmasgames.hytalerpg.execution.summon.MasterAffixSentinelInheritedTest#boundGlobalAttackModifierChangesActualHit,True,FUNCTIONAL,[]
WA-008,of Alacrity,SUFFIX,LOCAL_ATTACK_SPEED,"M, R, B, C*",V% increased attack rate of this item’s native attacks. C* only when a native weapon-attack profile exists; not the Alacrity buff. Require: DEX-CORE. Armor: none.,none.,gm.battleaxe_adamantite.h,com.inigmasgames.hytalerpg.gear.MasterAffixEquipmentSimulatorTest#authoredCarrierIsProductionEligible,"com.inigmasgames.hytalerpg.gear.MasterAffixEquipmentSimulatorTest#authoredCarrierIsProductionEligible(WA-008, ab-wa-008-affixed, gm.battleaxe_adamantite.h)",[],ab-wa-008-affixed,ab-wa-008-control,[],"[""com.inigmasgames.hytalerpg.execution.summon.IronSentinelStatProjectionTest#twentyPercentAttackRateDividesIntervalByOnePointTwo"", ""com.inigmasgames.hytalerpg.execution.summon.MasterAffixSentinelInheritedTest#boundChassisCapacityOrCadenceChangesOnlyIntendedStat"", ""com.inigmasgames.hytalerpg.gear.GearCarrierIdentityTest#actionVariantsRetainExactFrozenWeaponSourceAndRejectForeignProfiles"", ""com.inigmasgames.hytalerpg.gear.GearFoundationTest#affixRequirementsUseAuthoredPoliciesAndQGates"", ""com.inigmasgames.hytalerpg.gear.ManagedCarrierProductionTest#focusStarUsesNativeContactAndTimingProfiles"", ""com.inigmasgames.hytalerpg.gear.MasterAffixEquipmentSimulatorTest#authoredAffixReachesFrozenEquipmentSnapshotAndLeavesOnEveryInvalidation"", ""com.inigmasgames.hytalerpg.gear.MasterAffixFinalControlsTest#wa008NativeGearActionProfilesPrimaryChangesRenderedAnimationFromAcceptedUnrolled"", ""com.inigmasgames.hytalerpg.gear.NativeAffixActionAssetQualificationTest#nativeStoresDecodePublishedPrimaryGraphAndPersistedStack"", ""com.inigmasgames.hytalerpg.gear.NativeAffixActionAssetQualificationTest#swordVariantAlsoDecodesThroughNativeStores"", ""com.inigmasgames.hytalerpg.gear.NativeGearActionProfilesTest#acceptedLocalSwordSelectsAnImmutableNativeRootWithoutIdleItemLeak"", ""com.inigmasgames.hytalerpg.gear.NativeGearActionProfilesTest#exactFrozenRateAndReachRenderNativeTimelinesWithoutBins"", ""com.inigmasgames.hytalerpg.gear.NativeGearActionProfilesTest#lowTierFrozenRollsRetainExactNativeVariantIdentity"", ""com.inigmasgames.hytalerpg.gear.NativeGearActionProfilesTest#nonSwordAcceptedPrimaryUsesItsOwnAuthoredGraphAndLocalRoll"", ""com.inigmasgames.hytalerpg.ui.hud.SentinelAffixPresentationTest#verticalLinesShowOnlyInheritedRolls""]","[""src/main/java/com/inigmasgames/hytalerpg/execution/summon/IronSentinelAffixes.java"", ""src/main/java/com/inigmasgames/hytalerpg/execution/summon/IronSentinelStatProjection.java"", ""src/main/java/com/inigmasgames/hytalerpg/execution/summon/NativeSentinelActionAssets.java"", ""src/main/java/com/inigmasgames/hytalerpg/gear/GearDropGenerator.java"", ""src/main/java/com/inigmasgames/hytalerpg/gear/GearNativeItems.java"", ""src/main/java/com/inigmasgames/hytalerpg/gear/HytaleGearEquipment.java"", ""src/main/java/com/inigmasgames/hytalerpg/gear/HytaleGearLoot.java"", ""src/main/java/com/inigmasgames/hytalerpg/gear/NativeGearActionProfiles.java""]",[],src/main/java/com/inigmasgames/hytalerpg/gear/NativePrimaryActionAssets.java,com.inigmasgames.hytalerpg.gear.MasterAffixFinalControlsTest#wa008NativeGearActionProfilesPrimaryChangesRenderedAnimationFromAcceptedUnrolled,com.inigmasgames.hytalerpg.gear.MasterAffixFinalControlsTest#wa008NativeGearActionProfilesPrimaryChangesRenderedAnimationFromAcceptedUnrolled,com.inigmasgames.hytalerpg.gear.MasterAffixFinalControlsTest#wa008NativeGearActionProfilesPrimaryChangesRenderedAnimationFromAcceptedUnrolled,[],,PROVEN,com.inigmasgames.hytalerpg.gear.MasterAffixEquipmentSimulatorTest#authoredAffixReachesFrozenEquipmentSnapshotAndLeavesOnEveryInvalidation,,False,,SELF_STAT,True,INHERITED,com.inigmasgames.hytalerpg.execution.summon.MasterAffixSentinelInheritedTest#boundChassisCapacityOrCadenceChangesOnlyIntendedStat,True,FUNCTIONAL,[]
WA-009,of Invocation,SUFFIX,CAST_SPEED,C,"V% increased casting rate for nonzero wind-ups. Does not change channel ticks, cooldowns or warning times. Require: WIS-CORE. Armor: Head, Hands; INT/WIS armor; 0.5 × V.","Head, Hands; INT/WIS armor; 0.5 × V.",gm.book_apprentice.h,com.inigmasgames.hytalerpg.gear.MasterAffixEquipmentSimulatorTest#authoredCarrierIsProductionEligible,"com.inigmasgames.hytalerpg.gear.MasterAffixEquipmentSimulatorTest#authoredCarrierIsProductionEligible(WA-009, ab-wa-009-affixed, gm.book_apprentice.h)","[""gm.cloth_linen.head.n""]",ab-wa-009-affixed,ab-wa-009-control,"[""head-magic""]","[""com.inigmasgames.hytalerpg.MasterAffixResourceCompletionTest#wa009ChangesActualHeavySwingReleaseTimeAndRemovalRestoresIt"", ""com.inigmasgames.hytalerpg.gear.GearAffixRuntimeTest#poolsAreCapacityAndCooldownUsesExistingCapAndWindupOnly"", ""com.inigmasgames.hytalerpg.gear.GearCatalogLegalityTest#armorExtensionsUseTheirOwnSlotAndAttributeRules"", ""com.inigmasgames.hytalerpg.gear.MasterAffixEquipmentSimulatorTest#authoredAffixReachesFrozenEquipmentSnapshotAndLeavesOnEveryInvalidation"", ""com.inigmasgames.hytalerpg.ui.inventory.AdvancedStatsAffixProjectionTest#singleAcceptedAffixDisplaysItsAuthoritativeValueAndRestores""]",[],[],src/main/java/com/inigmasgames/hytalerpg/execution/SkillExecutionService.java,com.inigmasgames.hytalerpg.MasterAffixResourceCompletionTest#wa009ChangesActualHeavySwingReleaseTimeAndRemovalRestoresIt,com.inigmasgames.hytalerpg.MasterAffixResourceCompletionTest#wa009ChangesActualHeavySwingReleaseTimeAndRemovalRestoresIt,com.inigmasgames.hytalerpg.MasterAffixResourceCompletionTest#wa009ChangesActualHeavySwingReleaseTimeAndRemovalRestoresIt,[],,PROVEN,com.inigmasgames.hytalerpg.gear.MasterAffixEquipmentSimulatorTest#authoredAffixReachesFrozenEquipmentSnapshotAndLeavesOnEveryInvalidation,cast,True,com.inigmasgames.hytalerpg.ui.inventory.AdvancedStatsAffixProjectionTest#singleAcceptedAffixDisplaysItsAuthoritativeValueAndRestores,OWNER_ONLY,True,OWNER_ONLY,com.inigmasgames.hytalerpg.execution.summon.MasterAffixSentinelOwnerOnlyTest#ownerOnlyBoundSourceDoesNotChangeSentinelRuntime,True,FUNCTIONAL,[]
WA-010,of Precision,SUFFIX,CRIT_CHANCE,ALL,Adds V percentage points of critical chance to eligible wielder hits. Existing total 75% critical-chance cap remains. Require: DEX-CORE. Armor: none.,none.,gm.battleaxe_adamantite.h,com.inigmasgames.hytalerpg.gear.MasterAffixEquipmentSimulatorTest#authoredCarrierIsProductionEligible,"com.inigmasgames.hytalerpg.gear.MasterAffixEquipmentSimulatorTest#authoredCarrierIsProductionEligible(WA-010, ab-wa-010-affixed, gm.battleaxe_adamantite.h)",[],ab-wa-010-affixed,ab-wa-010-control,[],"[""com.inigmasgames.hytalerpg.execution.summon.IronSentinelAffixInheritanceTest#increasedAttackAndPhysicalDamageUseOneBucketAndCritHasSharedCap"", ""com.inigmasgames.hytalerpg.execution.summon.MasterAffixSentinelInheritedTest#boundCriticalChangesExistingRollOrMultiplier"", ""com.inigmasgames.hytalerpg.gear.GearCombatProductionTest#criticalSourcesUseOneRootOutcomeAndOnlyIncreaseCriticalMultiplier"", ""com.inigmasgames.hytalerpg.gear.MasterAffixCombatCompletionTest#criticalDotDurationAllResistanceAndDisplacementHaveUnrolledAndInvalidConditions"", ""com.inigmasgames.hytalerpg.gear.MasterAffixEquipmentSimulatorTest#authoredAffixReachesFrozenEquipmentSnapshotAndLeavesOnEveryInvalidation"", ""com.inigmasgames.hytalerpg.ui.inventory.AdvancedStatsAffixProjectionTest#derivedCriticalCooldownAttributesAndNativeCapacitiesMatchOwnerAndRestore"", ""com.inigmasgames.hytalerpg.ui.inventory.AdvancedStatsAffixProjectionTest#singleAcceptedAffixDisplaysItsAuthoritativeValueAndRestores""]","[""src/main/java/com/inigmasgames/hytalerpg/execution/summon/IronSentinelAffixes.java"", ""src/main/java/com/inigmasgames/hytalerpg/gear/HytaleGearLoot.java""]",[],src/main/java/com/inigmasgames/hytalerpg/gear/GearCombatEffects.java,com.inigmasgames.hytalerpg.gear.MasterAffixCombatCompletionTest#criticalDotDurationAllResistanceAndDisplacementHaveUnrolledAndInvalidConditions,com.inigmasgames.hytalerpg.gear.MasterAffixCombatCompletionTest#criticalDotDurationAllResistanceAndDisplacementHaveUnrolledAndInvalidConditions,com.inigmasgames.hytalerpg.gear.MasterAffixCombatCompletionTest#criticalDotDurationAllResistanceAndDisplacementHaveUnrolledAndInvalidConditions,[],,PROVEN,com.inigmasgames.hytalerpg.gear.MasterAffixEquipmentSimulatorTest#authoredAffixReachesFrozenEquipmentSnapshotAndLeavesOnEveryInvalidation,critical,True,com.inigmasgames.hytalerpg.ui.inventory.AdvancedStatsAffixProjectionTest#singleAcceptedAffixDisplaysItsAuthoritativeValueAndRestores,SELF_STAT,True,INHERITED,com.inigmasgames.hytalerpg.execution.summon.MasterAffixSentinelInheritedTest#boundCriticalChangesExistingRollOrMultiplier,True,FUNCTIONAL,[]
WA-011,of Lethality,SUFFIX,CRIT_MULTIPLIER,"M, R, C","Adds V percentage points to critical damage multiplier. 1.50 + 0.20 = 1.70, not 1.50 × 1.20. Require: DEX-CORE. Armor: none.",none.,gm.battleaxe_adamantite.h,com.inigmasgames.hytalerpg.gear.MasterAffixEquipmentSimulatorTest#authoredCarrierIsProductionEligible,"com.inigmasgames.hytalerpg.gear.MasterAffixEquipmentSimulatorTest#authoredCarrierIsProductionEligible(WA-011, ab-wa-011-affixed, gm.battleaxe_adamantite.h)",[],ab-wa-011-affixed,ab-wa-011-control,[],"[""com.inigmasgames.hytalerpg.execution.summon.IronSentinelAffixInheritanceTest#increasedAttackAndPhysicalDamageUseOneBucketAndCritHasSharedCap"", ""com.inigmasgames.hytalerpg.gear.GearCombatProductionTest#criticalSourcesUseOneRootOutcomeAndOnlyIncreaseCriticalMultiplier"", ""com.inigmasgames.hytalerpg.gear.MasterAffixEquipmentSimulatorTest#authoredAffixReachesFrozenEquipmentSnapshotAndLeavesOnEveryInvalidation"", ""com.inigmasgames.hytalerpg.ui.inventory.AdvancedStatsAffixProjectionTest#derivedCriticalCooldownAttributesAndNativeCapacitiesMatchOwnerAndRestore"", ""com.inigmasgames.hytalerpg.ui.inventory.AdvancedStatsAffixProjectionTest#singleAcceptedAffixDisplaysItsAuthoritativeValueAndRestores""]","[""src/main/java/com/inigmasgames/hytalerpg/execution/summon/IronSentinelAffixes.java""]",[],src/main/java/com/inigmasgames/hytalerpg/gear/GearCombatEffects.java,com.inigmasgames.hytalerpg.gear.GearCombatProductionTest#criticalSourcesUseOneRootOutcomeAndOnlyIncreaseCriticalMultiplier,com.inigmasgames.hytalerpg.gear.GearCombatProductionTest#criticalSourcesUseOneRootOutcomeAndOnlyIncreaseCriticalMultiplier,com.inigmasgames.hytalerpg.gear.GearCombatProductionTest#criticalSourcesUseOneRootOutcomeAndOnlyIncreaseCriticalMultiplier,[],,PROVEN,com.inigmasgames.hytalerpg.gear.MasterAffixEquipmentSimulatorTest#authoredAffixReachesFrozenEquipmentSnapshotAndLeavesOnEveryInvalidation,criticalDamage,True,com.inigmasgames.hytalerpg.ui.inventory.AdvancedStatsAffixProjectionTest#singleAcceptedAffixDisplaysItsAuthoritativeValueAndRestores,SELF_STAT,True,INHERITED,com.inigmasgames.hytalerpg.execution.summon.MasterAffixSentinelInheritedTest#boundCriticalChangesExistingRollOrMultiplier,True,FUNCTIONAL,[]
WA-012,of Readiness,SUFFIX,COOLDOWN_RECOVERY,ALL,"V% increased skill cooldown recovery rate. Adds to the existing recovery-rate bucket and 75% cap. Require: WIS-CORE. Armor: Head, Chest; 0.5 × V.","Head, Chest; 0.5 × V.",gm.battleaxe_adamantite.h,com.inigmasgames.hytalerpg.gear.MasterAffixEquipmentSimulatorTest#authoredCarrierIsProductionEligible,"com.inigmasgames.hytalerpg.gear.MasterAffixEquipmentSimulatorTest#authoredCarrierIsProductionEligible(WA-012, ab-wa-012-affixed, gm.battleaxe_adamantite.h)","[""gm.cloth_linen.chest.n""]",ab-wa-012-affixed,ab-wa-012-control,"[""chest-magic""]","[""com.inigmasgames.hytalerpg.MasterAffixResourceCompletionTest#wa012SeparatelyChangesActualCooldownAndRemovalRestoresIt"", ""com.inigmasgames.hytalerpg.gear.GearAffixRuntimeTest#poolsAreCapacityAndCooldownUsesExistingCapAndWindupOnly"", ""com.inigmasgames.hytalerpg.gear.GearCatalogLegalityTest#armorExtensionsUseTheirOwnSlotAndAttributeRules"", ""com.inigmasgames.hytalerpg.gear.MasterAffixEquipmentSimulatorTest#authoredAffixReachesFrozenEquipmentSnapshotAndLeavesOnEveryInvalidation"", ""com.inigmasgames.hytalerpg.ui.inventory.AdvancedStatsAffixProjectionTest#acceptedEffectsCollectionProjectsCurrentCooldownAttributeAndCapacity"", ""com.inigmasgames.hytalerpg.ui.inventory.AdvancedStatsAffixProjectionTest#derivedCriticalCooldownAttributesAndNativeCapacitiesMatchOwnerAndRestore"", ""com.inigmasgames.hytalerpg.ui.inventory.AdvancedStatsAffixProjectionTest#singleAcceptedAffixDisplaysItsAuthoritativeValueAndRestores""]",[],[],src/main/java/com/inigmasgames/hytalerpg/execution/SkillExecutionService.java,com.inigmasgames.hytalerpg.MasterAffixResourceCompletionTest#wa012SeparatelyChangesActualCooldownAndRemovalRestoresIt,com.inigmasgames.hytalerpg.MasterAffixResourceCompletionTest#wa012SeparatelyChangesActualCooldownAndRemovalRestoresIt,com.inigmasgames.hytalerpg.MasterAffixResourceCompletionTest#wa012SeparatelyChangesActualCooldownAndRemovalRestoresIt,[],,PROVEN,com.inigmasgames.hytalerpg.gear.MasterAffixEquipmentSimulatorTest#authoredAffixReachesFrozenEquipmentSnapshotAndLeavesOnEveryInvalidation,cooldown,True,com.inigmasgames.hytalerpg.ui.inventory.AdvancedStatsAffixProjectionTest#singleAcceptedAffixDisplaysItsAuthoritativeValueAndRestores,OWNER_ONLY,True,OWNER_ONLY,com.inigmasgames.hytalerpg.execution.summon.MasterAffixSentinelOwnerOnlyTest#ownerOnlyBoundSourceDoesNotChangeSentinelRuntime,True,FUNCTIONAL,[]
WA-013,Malignant,PREFIX,DOT_DAMAGE,"M, R, C",V% increased damage from the wielder’s damaging statuses. Only sourced Burn/Poison/Bleed; not extra hits. Require: INT-CORE. Armor: Hands; 0.5 × V.,Hands; 0.5 × V.,gm.battleaxe_adamantite.h,com.inigmasgames.hytalerpg.gear.MasterAffixEquipmentSimulatorTest#authoredCarrierIsProductionEligible,"com.inigmasgames.hytalerpg.gear.MasterAffixEquipmentSimulatorTest#authoredCarrierIsProductionEligible(WA-013, ab-wa-013-affixed, gm.battleaxe_adamantite.h)",[],ab-wa-013-affixed,ab-wa-013-control,[],"[""com.inigmasgames.hytalerpg.combat.status.GearStatusRuntimeTest#periodicOwnerReceivesFrozenAdditiveDpsAndExtendedDuration"", ""com.inigmasgames.hytalerpg.combat.status.GearStatusRuntimeTest#wa013IncreasesAllPeriodicTicksWithoutChangingDirectHitOrSourceCaps"", ""com.inigmasgames.hytalerpg.gear.MasterAffixCombatCompletionTest#criticalDotDurationAllResistanceAndDisplacementHaveUnrolledAndInvalidConditions"", ""com.inigmasgames.hytalerpg.gear.MasterAffixEquipmentSimulatorTest#authoredAffixReachesFrozenEquipmentSnapshotAndLeavesOnEveryInvalidation"", ""com.inigmasgames.hytalerpg.ui.inventory.AdvancedStatsAffixProjectionTest#everyGlobalGearRowUsesFrozenOperatorValueAndVanishesOnUnequip""]","[""src/main/java/com/inigmasgames/hytalerpg/combat/status/GearStatusRuntime.java"", ""src/main/java/com/inigmasgames/hytalerpg/execution/summon/IronSentinelAffixes.java""]",[],src/main/java/com/inigmasgames/hytalerpg/combat/status/GearStatusRuntime.java,com.inigmasgames.hytalerpg.gear.MasterAffixCombatCompletionTest#criticalDotDurationAllResistanceAndDisplacementHaveUnrolledAndInvalidConditions,com.inigmasgames.hytalerpg.gear.MasterAffixCombatCompletionTest#criticalDotDurationAllResistanceAndDisplacementHaveUnrolledAndInvalidConditions,com.inigmasgames.hytalerpg.gear.MasterAffixCombatCompletionTest#criticalDotDurationAllResistanceAndDisplacementHaveUnrolledAndInvalidConditions,"[""com.inigmasgames.hytalerpg.combat.status.GearStatusRuntimeTest#wa013IncreasesAllPeriodicTicksWithoutChangingDirectHitOrSourceCaps""]","All periodic kinds measure changed recipient ticks, unchanged expiry/direct hit and wrong-source exclusion.",PROVEN,com.inigmasgames.hytalerpg.gear.MasterAffixEquipmentSimulatorTest#authoredAffixReachesFrozenEquipmentSnapshotAndLeavesOnEveryInvalidation,dotDamage,True,com.inigmasgames.hytalerpg.ui.inventory.AdvancedStatsAffixProjectionTest#everyGlobalGearRowUsesFrozenOperatorValueAndVanishesOnUnequip,ATTACK_PROC,True,INHERITED,com.inigmasgames.hytalerpg.execution.summon.MasterAffixSentinelStatusTest#boundStatusQualityChangesExistingPeriodicOwner,True,FUNCTIONAL,[]
WA-014,of Extension,SUFFIX,MELEE_REACH,M,Adds V metres to this item’s eligible direct melee reach. Requires audited hit geometry and animation parity. Require: DEX-CORE. Armor: none.,none.,gm.battleaxe_adamantite.h,com.inigmasgames.hytalerpg.gear.MasterAffixEquipmentSimulatorTest#authoredCarrierIsProductionEligible,"com.inigmasgames.hytalerpg.gear.MasterAffixEquipmentSimulatorTest#authoredCarrierIsProductionEligible(WA-014, ab-wa-014-affixed, gm.battleaxe_adamantite.h)",[],ab-wa-014-affixed,ab-wa-014-control,[],"[""com.inigmasgames.hytalerpg.execution.hytale.SentinelSourceConsumerTest#sentinelReachChangesActualMeleeClaimDistanceAndNoOtherSourceDoes"", ""com.inigmasgames.hytalerpg.gear.GearTooltipV12Test#formatterSubstitutesPersistedPrecisionAndCanonicalSkillName"", ""com.inigmasgames.hytalerpg.gear.MasterAffixEquipmentSimulatorTest#authoredAffixReachesFrozenEquipmentSnapshotAndLeavesOnEveryInvalidation"", ""com.inigmasgames.hytalerpg.gear.MasterAffixFinalControlsTest#wa014NativeGearActionProfilesPrimaryChangesRenderedReachFromAcceptedUnrolled"", ""com.inigmasgames.hytalerpg.gear.NativeAffixActionAssetQualificationTest#nativeStoresDecodePublishedPrimaryGraphAndPersistedStack"", ""com.inigmasgames.hytalerpg.gear.NativeAffixActionAssetQualificationTest#swordVariantAlsoDecodesThroughNativeStores"", ""com.inigmasgames.hytalerpg.gear.NativeGearActionProfilesTest#acceptedLocalSwordSelectsAnImmutableNativeRootWithoutIdleItemLeak"", ""com.inigmasgames.hytalerpg.gear.NativeGearActionProfilesTest#exactFrozenRateAndReachRenderNativeTimelinesWithoutBins"", ""com.inigmasgames.hytalerpg.gear.NativeGearActionProfilesTest#lowTierFrozenRollsRetainExactNativeVariantIdentity"", ""com.inigmasgames.hytalerpg.gear.NativeGearActionProfilesTest#nonSwordAcceptedPrimaryUsesItsOwnAuthoredGraphAndLocalRoll""]","[""src/main/java/com/inigmasgames/hytalerpg/execution/hytale/HytaleSummonSystem.java"", ""src/main/java/com/inigmasgames/hytalerpg/execution/summon/IronSentinelAffixes.java"", ""src/main/java/com/inigmasgames/hytalerpg/gear/GearNativeItems.java"", ""src/main/java/com/inigmasgames/hytalerpg/gear/HytaleGearEquipment.java"", ""src/main/java/com/inigmasgames/hytalerpg/gear/NativeGearActionProfiles.java""]",[],src/main/java/com/inigmasgames/hytalerpg/gear/NativePrimaryActionAssets.java,com.inigmasgames.hytalerpg.gear.MasterAffixFinalControlsTest#wa014NativeGearActionProfilesPrimaryChangesRenderedReachFromAcceptedUnrolled,com.inigmasgames.hytalerpg.gear.MasterAffixFinalControlsTest#wa014NativeGearActionProfilesPrimaryChangesRenderedReachFromAcceptedUnrolled,com.inigmasgames.hytalerpg.gear.MasterAffixFinalControlsTest#wa014NativeGearActionProfilesPrimaryChangesRenderedReachFromAcceptedUnrolled,[],,PROVEN,com.inigmasgames.hytalerpg.gear.MasterAffixEquipmentSimulatorTest#authoredAffixReachesFrozenEquipmentSnapshotAndLeavesOnEveryInvalidation,,False,,SELF_STAT,True,INHERITED,com.inigmasgames.hytalerpg.execution.hytale.SentinelSourceConsumerTest#sentinelReachChangesActualMeleeClaimDistanceAndNoOtherSourceDoes,True,FUNCTIONAL,[]
WA-015,of Flight,SUFFIX,PROJECTILE_SPEED,"R, C",V% increased projectile speed for eligible item attacks/spells. Range unchanged; recompute lifetime; no effect on instant Lines. Require: DEX-CORE. Armor: none.,none.,gm.book_apprentice.h,com.inigmasgames.hytalerpg.gear.MasterAffixEquipmentSimulatorTest#authoredCarrierIsProductionEligible,"com.inigmasgames.hytalerpg.gear.MasterAffixEquipmentSimulatorTest#authoredCarrierIsProductionEligible(WA-015, ab-wa-015-affixed, gm.book_apprentice.h)",[],ab-wa-015-affixed,ab-wa-015-control,[],"[""com.inigmasgames.hytalerpg.execution.hytale.SentinelSourceConsumerTest#boundItemProjectileChildrenUseExactSourceTravelAndRejectInstantLines"", ""com.inigmasgames.hytalerpg.gear.MasterAffixEquipmentSimulatorTest#authoredAffixReachesFrozenEquipmentSnapshotAndLeavesOnEveryInvalidation"", ""com.inigmasgames.hytalerpg.gear.NativeAffixSpatialAdaptersTest#finalNativeSegmentClipsVisibleEndpointAndReturnStartsFreshBudget"", ""com.inigmasgames.hytalerpg.gear.NativeAffixSpatialAdaptersTest#flightAndHorizonChangeNativeSpawnQuoteAndPathLedger"", ""com.inigmasgames.hytalerpg.gear.NativeAffixSpatialAdaptersTest#launchEventChangesTheInstalledStandardPhysicsVelocityOnce"", ""com.inigmasgames.hytalerpg.gear.NativeAffixSpatialAdaptersTest#projectileControlsAndNegativeSourcesStayNative""]","[""src/main/java/com/inigmasgames/hytalerpg/execution/hytale/HytaleSkillExecutionSystem.java"", ""src/main/java/com/inigmasgames/hytalerpg/execution/summon/IronSentinelAffixes.java"", ""src/main/java/com/inigmasgames/hytalerpg/gear/ManagedGearProjectile.java"", ""src/main/java/com/inigmasgames/hytalerpg/gear/NativeAffixProjectileTravel.java""]",[],src/main/java/com/inigmasgames/hytalerpg/gear/NativeAffixProjectileTravel.java,com.inigmasgames.hytalerpg.gear.NativeAffixSpatialAdaptersTest#flightAndHorizonChangeNativeSpawnQuoteAndPathLedger,com.inigmasgames.hytalerpg.gear.NativeAffixSpatialAdaptersTest#projectileControlsAndNegativeSourcesStayNative,com.inigmasgames.hytalerpg.gear.NativeAffixSpatialAdaptersTest#flightAndHorizonChangeNativeSpawnQuoteAndPathLedger,[],,PROVEN,com.inigmasgames.hytalerpg.gear.MasterAffixEquipmentSimulatorTest#authoredAffixReachesFrozenEquipmentSnapshotAndLeavesOnEveryInvalidation,,False,,SELF_STAT,True,INHERITED,com.inigmasgames.hytalerpg.execution.hytale.SentinelSourceConsumerTest#boundItemProjectileChildrenUseExactSourceTravelAndRejectInstantLines,True,FUNCTIONAL,[]
WA-016,of the Horizon,SUFFIX,PROJECTILE_RANGE,"R, C","V% increased maximum projectile travel distance. No automatic targeting, area or tether-range increase. Require: DEX-CORE. Armor: none.",none.,gm.book_apprentice.h,com.inigmasgames.hytalerpg.gear.MasterAffixEquipmentSimulatorTest#authoredCarrierIsProductionEligible,"com.inigmasgames.hytalerpg.gear.MasterAffixEquipmentSimulatorTest#authoredCarrierIsProductionEligible(WA-016, ab-wa-016-affixed, gm.book_apprentice.h)",[],ab-wa-016-affixed,ab-wa-016-control,[],"[""com.inigmasgames.hytalerpg.execution.hytale.SentinelSourceConsumerTest#boundItemProjectileChildrenUseExactSourceTravelAndRejectInstantLines"", ""com.inigmasgames.hytalerpg.gear.MasterAffixEquipmentSimulatorTest#authoredAffixReachesFrozenEquipmentSnapshotAndLeavesOnEveryInvalidation"", ""com.inigmasgames.hytalerpg.gear.MasterAffixFinalControlsTest#wa016NativeAffixProjectileTravelLaunchExtendsSamePathOnlyForAcceptedRoll"", ""com.inigmasgames.hytalerpg.gear.NativeAffixSpatialAdaptersTest#flightAndHorizonChangeNativeSpawnQuoteAndPathLedger""]","[""src/main/java/com/inigmasgames/hytalerpg/execution/summon/IronSentinelAffixes.java""]",[],src/main/java/com/inigmasgames/hytalerpg/gear/NativeAffixProjectileTravel.java,com.inigmasgames.hytalerpg.gear.MasterAffixFinalControlsTest#wa016NativeAffixProjectileTravelLaunchExtendsSamePathOnlyForAcceptedRoll,com.inigmasgames.hytalerpg.gear.MasterAffixFinalControlsTest#wa016NativeAffixProjectileTravelLaunchExtendsSamePathOnlyForAcceptedRoll,com.inigmasgames.hytalerpg.gear.MasterAffixFinalControlsTest#wa016NativeAffixProjectileTravelLaunchExtendsSamePathOnlyForAcceptedRoll,[],,PROVEN,com.inigmasgames.hytalerpg.gear.MasterAffixEquipmentSimulatorTest#authoredAffixReachesFrozenEquipmentSnapshotAndLeavesOnEveryInvalidation,,False,,SELF_STAT,True,INHERITED,com.inigmasgames.hytalerpg.execution.hytale.SentinelSourceConsumerTest#boundItemProjectileChildrenUseExactSourceTravelAndRejectInstantLines,True,FUNCTIONAL,[]
WA-157,of Measure,SUFFIX,LOCAL_PHYS_MIN,"M, R, B","Adds V to this item’s minimum Physical damage only. Raises the floor before local Enhanced Damage; if the floor exceeds the ceiling, the ceiling normalizes up to the floor. Require: BASE-CORE. Armor: none.",none.,gm.battleaxe_adamantite.h,com.inigmasgames.hytalerpg.gear.MasterAffixEquipmentSimulatorTest#authoredCarrierIsProductionEligible,"com.inigmasgames.hytalerpg.gear.MasterAffixEquipmentSimulatorTest#authoredCarrierIsProductionEligible(WA-157, ab-wa-157-affixed, gm.battleaxe_adamantite.h)","[""gm.sword_copper.n""]",ab-wa-157-affixed,ab-wa-157-control,"[""sword-rare""]","[""com.inigmasgames.hytalerpg.gear.GearAffixRuntimeTest#localPowerAddsThenNormalizesThenMultipliesExactlyOnce"", ""com.inigmasgames.hytalerpg.gear.MasterAffixCombatCompletionTest#wa157And158IndependentlyMoveNativePhysicalEndpoints"", ""com.inigmasgames.hytalerpg.gear.MasterAffixEquipmentSimulatorTest#authoredAffixReachesFrozenEquipmentSnapshotAndLeavesOnEveryInvalidation""]","[""src/main/java/com/inigmasgames/hytalerpg/execution/summon/IronSentinelAffixes.java"", ""src/main/java/com/inigmasgames/hytalerpg/gear/GearCombatEffects.java"", ""src/main/java/com/inigmasgames/hytalerpg/gear/ManagedGearDamageInteraction.java""]",[],src/main/java/com/inigmasgames/hytalerpg/gear/ManagedGearDamageInteraction.java,com.inigmasgames.hytalerpg.gear.MasterAffixCombatCompletionTest#wa157And158IndependentlyMoveNativePhysicalEndpoints,com.inigmasgames.hytalerpg.gear.MasterAffixCombatCompletionTest#wa157And158IndependentlyMoveNativePhysicalEndpoints,com.inigmasgames.hytalerpg.gear.MasterAffixCombatCompletionTest#wa157And158IndependentlyMoveNativePhysicalEndpoints,[],,PROVEN,com.inigmasgames.hytalerpg.gear.MasterAffixEquipmentSimulatorTest#authoredAffixReachesFrozenEquipmentSnapshotAndLeavesOnEveryInvalidation,,False,,SELF_STAT,True,INHERITED,com.inigmasgames.hytalerpg.execution.summon.MasterAffixSentinelInheritedTest#boundLocalPhysicalChangesSentinelProjectionAndAttack,True,FUNCTIONAL,[]
WA-158,of Slaughter,SUFFIX,LOCAL_PHYS_MAX,"M, R, B",Adds V to this item’s maximum Physical damage only. Raises the ceiling before local Enhanced Damage; does not alter the minimum. Require: BASE-CORE. Armor: none.,none.,gm.battleaxe_adamantite.h,com.inigmasgames.hytalerpg.gear.MasterAffixEquipmentSimulatorTest#authoredCarrierIsProductionEligible,"com.inigmasgames.hytalerpg.gear.MasterAffixEquipmentSimulatorTest#authoredCarrierIsProductionEligible(WA-158, ab-wa-158-affixed, gm.battleaxe_adamantite.h)","[""gm.shortbow_copper.n""]",ab-wa-158-affixed,ab-wa-158-control,"[""shortbow-rare""]","[""com.inigmasgames.hytalerpg.execution.summon.MasterAffixSentinelInheritedTest#boundLocalPhysicalChangesSentinelProjectionAndAttack"", ""com.inigmasgames.hytalerpg.gear.MasterAffixCombatCompletionTest#wa157And158IndependentlyMoveNativePhysicalEndpoints"", ""com.inigmasgames.hytalerpg.gear.MasterAffixEquipmentSimulatorTest#authoredAffixReachesFrozenEquipmentSnapshotAndLeavesOnEveryInvalidation""]","[""src/main/java/com/inigmasgames/hytalerpg/execution/summon/IronSentinelAffixes.java"", ""src/main/java/com/inigmasgames/hytalerpg/gear/GearCombatEffects.java"", ""src/main/java/com/inigmasgames/hytalerpg/gear/ManagedGearDamageInteraction.java""]",[],src/main/java/com/inigmasgames/hytalerpg/gear/ManagedGearDamageInteraction.java,com.inigmasgames.hytalerpg.gear.MasterAffixCombatCompletionTest#wa157And158IndependentlyMoveNativePhysicalEndpoints,com.inigmasgames.hytalerpg.gear.MasterAffixCombatCompletionTest#wa157And158IndependentlyMoveNativePhysicalEndpoints,com.inigmasgames.hytalerpg.gear.MasterAffixCombatCompletionTest#wa157And158IndependentlyMoveNativePhysicalEndpoints,[],,PROVEN,com.inigmasgames.hytalerpg.gear.MasterAffixEquipmentSimulatorTest#authoredAffixReachesFrozenEquipmentSnapshotAndLeavesOnEveryInvalidation,,False,,SELF_STAT,True,INHERITED,com.inigmasgames.hytalerpg.execution.summon.MasterAffixSentinelInheritedTest#boundLocalPhysicalChangesSentinelProjectionAndAttack,True,FUNCTIONAL,[]
WA-017,Zephyr-Edged,PREFIX,LOCAL_ELEMENT_FLAT,"M, R, B, C*",Adds V Wind power to this item’s attack composition. At most one flat elemental affix per item; does not automatically apply a status. Require: BASE-CORE. Armor: none.,none.,gm.battleaxe_adamantite.h,com.inigmasgames.hytalerpg.gear.MasterAffixEquipmentSimulatorTest#authoredCarrierIsProductionEligible,"com.inigmasgames.hytalerpg.gear.MasterAffixEquipmentSimulatorTest#authoredCarrierIsProductionEligible(WA-017, ab-wa-017-affixed, gm.battleaxe_adamantite.h)",[],ab-wa-017-affixed,ab-wa-017-control,[],"[""com.inigmasgames.hytalerpg.execution.summon.IronSentinelRestoredLeaseTest#boundElementalSourceBuildsOneAuthenticatedNativeChannel"", ""com.inigmasgames.hytalerpg.gear.MasterAffixEquipmentSimulatorTest#authoredAffixReachesFrozenEquipmentSnapshotAndLeavesOnEveryInvalidation""]","[""src/main/java/com/inigmasgames/hytalerpg/gear/GearCombatEffects.java"", ""src/main/java/com/inigmasgames/hytalerpg/gear/GearDropGenerator.java""]",[],src/main/java/com/inigmasgames/hytalerpg/gear/GearCombatEffects.java,com.inigmasgames.hytalerpg.gear.MasterAffixCombatCompletionTest#localElementalFlatsAndPenetrationUseTheirOwnNativeChannel,com.inigmasgames.hytalerpg.gear.MasterAffixCombatCompletionTest#localElementalFlatsAndPenetrationUseTheirOwnNativeChannel,com.inigmasgames.hytalerpg.gear.MasterAffixCombatCompletionTest#localElementalFlatsAndPenetrationUseTheirOwnNativeChannel,"[""com.inigmasgames.hytalerpg.gear.NativeAffixFinalChannelTest#wa017Through022WrongActiveSourceAndUnsupportedCarrierSubmitNoElementalChannel""]",Accepted native attack rejects wrong active item and unsupported native cause; matching contact claims once.,PROVEN,com.inigmasgames.hytalerpg.gear.MasterAffixEquipmentSimulatorTest#authoredAffixReachesFrozenEquipmentSnapshotAndLeavesOnEveryInvalidation,,False,,SELF_STAT,True,INHERITED,com.inigmasgames.hytalerpg.execution.summon.MasterAffixSentinelInheritedTest#boundElementalAffixChangesActualAttackChannel,True,FUNCTIONAL,[]
WA-018,Glacial-Edged,PREFIX,LOCAL_ELEMENT_FLAT,"M, R, B, C*",Adds V Water power to this item’s attack composition. At most one flat elemental affix per item; does not automatically apply a status. Require: BASE-CORE. Armor: none.,none.,gm.battleaxe_adamantite.h,com.inigmasgames.hytalerpg.gear.MasterAffixEquipmentSimulatorTest#authoredCarrierIsProductionEligible,"com.inigmasgames.hytalerpg.gear.MasterAffixEquipmentSimulatorTest#authoredCarrierIsProductionEligible(WA-018, ab-wa-018-affixed, gm.battleaxe_adamantite.h)",[],ab-wa-018-affixed,ab-wa-018-control,[],"[""com.inigmasgames.hytalerpg.execution.hytale.SentinelSourceConsumerTest#eachBoundStatusChanceRequiresAnAcceptedMatchingNativeChannel"", ""com.inigmasgames.hytalerpg.gear.MasterAffixEquipmentSimulatorTest#authoredAffixReachesFrozenEquipmentSnapshotAndLeavesOnEveryInvalidation""]","[""src/main/java/com/inigmasgames/hytalerpg/gear/GearCombatEffects.java"", ""src/main/java/com/inigmasgames/hytalerpg/gear/GearDropGenerator.java""]",[],src/main/java/com/inigmasgames/hytalerpg/gear/GearCombatEffects.java,com.inigmasgames.hytalerpg.gear.MasterAffixCombatCompletionTest#localElementalFlatsAndPenetrationUseTheirOwnNativeChannel,com.inigmasgames.hytalerpg.gear.MasterAffixCombatCompletionTest#localElementalFlatsAndPenetrationUseTheirOwnNativeChannel,com.inigmasgames.hytalerpg.gear.MasterAffixCombatCompletionTest#localElementalFlatsAndPenetrationUseTheirOwnNativeChannel,"[""com.inigmasgames.hytalerpg.gear.NativeAffixFinalChannelTest#wa017Through022WrongActiveSourceAndUnsupportedCarrierSubmitNoElementalChannel""]",Accepted native attack rejects wrong active item and unsupported native cause; matching contact claims once.,PROVEN,com.inigmasgames.hytalerpg.gear.MasterAffixEquipmentSimulatorTest#authoredAffixReachesFrozenEquipmentSnapshotAndLeavesOnEveryInvalidation,,False,,SELF_STAT,True,INHERITED,com.inigmasgames.hytalerpg.execution.summon.MasterAffixSentinelInheritedTest#boundElementalAffixChangesActualAttackChannel,True,FUNCTIONAL,[]
WA-019,Ember-Edged,PREFIX,LOCAL_ELEMENT_FLAT,"M, R, B, C*",Adds V Fire power to this item’s attack composition. At most one flat elemental affix per item; does not automatically apply a status. Require: BASE-CORE. Armor: none.,none.,gm.battleaxe_adamantite.h,com.inigmasgames.hytalerpg.gear.MasterAffixEquipmentSimulatorTest#authoredCarrierIsProductionEligible,"com.inigmasgames.hytalerpg.gear.MasterAffixEquipmentSimulatorTest#authoredCarrierIsProductionEligible(WA-019, ab-wa-019-affixed, gm.battleaxe_adamantite.h)",[],ab-wa-019-affixed,ab-wa-019-control,[],"[""com.inigmasgames.hytalerpg.execution.hytale.SentinelSourceConsumerTest#eachBoundStatusChanceRequiresAnAcceptedMatchingNativeChannel"", ""com.inigmasgames.hytalerpg.gear.GearCombatProductionTest#attackSpellPhysicalAndElementBucketsRespectSourceAndActionTags"", ""com.inigmasgames.hytalerpg.gear.GearCombatProductionTest#directSkillProductionCompositionKeepsNativeScalingAndOneCriticalRoll"", ""com.inigmasgames.hytalerpg.gear.GearCombatProductionTest#nativeManagedDamageSequenceClaimsEachChannelOnceWithOneFrozenContact"", ""com.inigmasgames.hytalerpg.gear.GearCombatProductionTest#nativeMeleeAndProjectilePowerUsesTheGoldenRangeAndPreservesTheCoefficient"", ""com.inigmasgames.hytalerpg.gear.GearCombatProductionTest#quickSlashMixedWeaponComponentsReachNativeGearChannelsOnceWithSourceFireWitness"", ""com.inigmasgames.hytalerpg.gear.ManagedCarrierProductionTest#focusMagicPowerAndElementalFlatReachRealContactResolver"", ""com.inigmasgames.hytalerpg.gear.MasterAffixCombatCompletionTest#localPhysicalGlobalPhysicalAndElementalIncreasesKeepSourceAndChannelBoundaries"", ""com.inigmasgames.hytalerpg.gear.MasterAffixEquipmentSimulatorTest#authoredAffixReachesFrozenEquipmentSnapshotAndLeavesOnEveryInvalidation""]","[""src/main/java/com/inigmasgames/hytalerpg/gear/GearCombatEffects.java"", ""src/main/java/com/inigmasgames/hytalerpg/gear/GearDropGenerator.java""]",[],src/main/java/com/inigmasgames/hytalerpg/gear/GearCombatEffects.java,com.inigmasgames.hytalerpg.gear.MasterAffixCombatCompletionTest#localElementalFlatsAndPenetrationUseTheirOwnNativeChannel,com.inigmasgames.hytalerpg.gear.MasterAffixCombatCompletionTest#localElementalFlatsAndPenetrationUseTheirOwnNativeChannel,com.inigmasgames.hytalerpg.gear.MasterAffixCombatCompletionTest#localElementalFlatsAndPenetrationUseTheirOwnNativeChannel,"[""com.inigmasgames.hytalerpg.gear.NativeAffixFinalChannelTest#wa017Through022WrongActiveSourceAndUnsupportedCarrierSubmitNoElementalChannel""]",Accepted native attack rejects wrong active item and unsupported native cause; matching contact claims once.,PROVEN,com.inigmasgames.hytalerpg.gear.MasterAffixEquipmentSimulatorTest#authoredAffixReachesFrozenEquipmentSnapshotAndLeavesOnEveryInvalidation,,False,,SELF_STAT,True,INHERITED,com.inigmasgames.hytalerpg.execution.summon.MasterAffixSentinelInheritedTest#boundElementalAffixChangesActualAttackChannel,True,FUNCTIONAL,[]
WA-020,Earthen-Edged,PREFIX,LOCAL_ELEMENT_FLAT,"M, R, B, C*",Adds V Earth power to this item’s attack composition. At most one flat elemental affix per item; does not automatically apply a status. Require: BASE-CORE. Armor: none.,none.,gm.battleaxe_adamantite.h,com.inigmasgames.hytalerpg.gear.MasterAffixEquipmentSimulatorTest#authoredCarrierIsProductionEligible,"com.inigmasgames.hytalerpg.gear.MasterAffixEquipmentSimulatorTest#authoredCarrierIsProductionEligible(WA-020, ab-wa-020-affixed, gm.battleaxe_adamantite.h)",[],ab-wa-020-affixed,ab-wa-020-control,[],"[""com.inigmasgames.hytalerpg.gear.MasterAffixEquipmentSimulatorTest#authoredAffixReachesFrozenEquipmentSnapshotAndLeavesOnEveryInvalidation""]","[""src/main/java/com/inigmasgames/hytalerpg/gear/GearCombatEffects.java"", ""src/main/java/com/inigmasgames/hytalerpg/gear/GearDropGenerator.java""]",[],src/main/java/com/inigmasgames/hytalerpg/gear/GearCombatEffects.java,com.inigmasgames.hytalerpg.gear.MasterAffixCombatCompletionTest#localElementalFlatsAndPenetrationUseTheirOwnNativeChannel,com.inigmasgames.hytalerpg.gear.MasterAffixCombatCompletionTest#localElementalFlatsAndPenetrationUseTheirOwnNativeChannel,com.inigmasgames.hytalerpg.gear.MasterAffixCombatCompletionTest#localElementalFlatsAndPenetrationUseTheirOwnNativeChannel,"[""com.inigmasgames.hytalerpg.gear.NativeAffixFinalChannelTest#wa017Through022WrongActiveSourceAndUnsupportedCarrierSubmitNoElementalChannel""]",Accepted native attack rejects wrong active item and unsupported native cause; matching contact claims once.,PROVEN,com.inigmasgames.hytalerpg.gear.MasterAffixEquipmentSimulatorTest#authoredAffixReachesFrozenEquipmentSnapshotAndLeavesOnEveryInvalidation,,False,,SELF_STAT,True,INHERITED,com.inigmasgames.hytalerpg.execution.summon.MasterAffixSentinelInheritedTest#boundElementalAffixChangesActualAttackChannel,True,FUNCTIONAL,[]
WA-021,Voltaic-Edged,PREFIX,LOCAL_ELEMENT_FLAT,"M, R, B, C*",Adds V Lightning power to this item’s attack composition. At most one flat elemental affix per item; does not automatically apply a status. Require: BASE-CORE. Armor: none.,none.,gm.battleaxe_adamantite.h,com.inigmasgames.hytalerpg.gear.MasterAffixEquipmentSimulatorTest#authoredCarrierIsProductionEligible,"com.inigmasgames.hytalerpg.gear.MasterAffixEquipmentSimulatorTest#authoredCarrierIsProductionEligible(WA-021, ab-wa-021-affixed, gm.battleaxe_adamantite.h)",[],ab-wa-021-affixed,ab-wa-021-control,[],"[""com.inigmasgames.hytalerpg.execution.hytale.SentinelSourceConsumerTest#eachBoundStatusChanceRequiresAnAcceptedMatchingNativeChannel"", ""com.inigmasgames.hytalerpg.gear.MasterAffixEquipmentSimulatorTest#authoredAffixReachesFrozenEquipmentSnapshotAndLeavesOnEveryInvalidation""]","[""src/main/java/com/inigmasgames/hytalerpg/gear/GearCombatEffects.java"", ""src/main/java/com/inigmasgames/hytalerpg/gear/GearDropGenerator.java""]",[],src/main/java/com/inigmasgames/hytalerpg/gear/GearCombatEffects.java,com.inigmasgames.hytalerpg.gear.MasterAffixCombatCompletionTest#localElementalFlatsAndPenetrationUseTheirOwnNativeChannel,com.inigmasgames.hytalerpg.gear.MasterAffixCombatCompletionTest#localElementalFlatsAndPenetrationUseTheirOwnNativeChannel,com.inigmasgames.hytalerpg.gear.MasterAffixCombatCompletionTest#localElementalFlatsAndPenetrationUseTheirOwnNativeChannel,"[""com.inigmasgames.hytalerpg.gear.NativeAffixFinalChannelTest#wa017Through022WrongActiveSourceAndUnsupportedCarrierSubmitNoElementalChannel""]",Accepted native attack rejects wrong active item and unsupported native cause; matching contact claims once.,PROVEN,com.inigmasgames.hytalerpg.gear.MasterAffixEquipmentSimulatorTest#authoredAffixReachesFrozenEquipmentSnapshotAndLeavesOnEveryInvalidation,,False,,SELF_STAT,True,INHERITED,com.inigmasgames.hytalerpg.execution.summon.MasterAffixSentinelInheritedTest#boundElementalAffixChangesActualAttackChannel,True,FUNCTIONAL,[]
WA-022,Umbral-Edged,PREFIX,LOCAL_ELEMENT_FLAT,"M, R, B, C*",Adds V Void power to this item’s attack composition. At most one flat elemental affix per item; does not automatically apply a status. Require: BASE-CORE. Armor: none.,none.,gm.battleaxe_adamantite.h,com.inigmasgames.hytalerpg.gear.MasterAffixEquipmentSimulatorTest#authoredCarrierIsProductionEligible,"com.inigmasgames.hytalerpg.gear.MasterAffixEquipmentSimulatorTest#authoredCarrierIsProductionEligible(WA-022, ab-wa-022-affixed, gm.battleaxe_adamantite.h)",[],ab-wa-022-affixed,ab-wa-022-control,[],"[""com.inigmasgames.hytalerpg.gear.MasterAffixEquipmentSimulatorTest#authoredAffixReachesFrozenEquipmentSnapshotAndLeavesOnEveryInvalidation""]","[""src/main/java/com/inigmasgames/hytalerpg/gear/GearCombatEffects.java"", ""src/main/java/com/inigmasgames/hytalerpg/gear/GearDropGenerator.java""]",[],src/main/java/com/inigmasgames/hytalerpg/gear/GearCombatEffects.java,com.inigmasgames.hytalerpg.gear.MasterAffixCombatCompletionTest#localElementalFlatsAndPenetrationUseTheirOwnNativeChannel,com.inigmasgames.hytalerpg.gear.MasterAffixCombatCompletionTest#localElementalFlatsAndPenetrationUseTheirOwnNativeChannel,com.inigmasgames.hytalerpg.gear.MasterAffixCombatCompletionTest#localElementalFlatsAndPenetrationUseTheirOwnNativeChannel,"[""com.inigmasgames.hytalerpg.gear.NativeAffixFinalChannelTest#wa017Through022WrongActiveSourceAndUnsupportedCarrierSubmitNoElementalChannel""]",Accepted native attack rejects wrong active item and unsupported native cause; matching contact claims once.,PROVEN,com.inigmasgames.hytalerpg.gear.MasterAffixEquipmentSimulatorTest#authoredAffixReachesFrozenEquipmentSnapshotAndLeavesOnEveryInvalidation,,False,,SELF_STAT,True,INHERITED,com.inigmasgames.hytalerpg.execution.summon.MasterAffixSentinelInheritedTest#boundElementalAffixChangesActualAttackChannel,True,FUNCTIONAL,[]
WA-023,Zephyr,PREFIX,ELEMENT_DAMAGE,ALL,V% increased direct Wind damage from the wielder. Choose one element within this family; no extra hit or status. Require: INT-CORE. Armor: Hands; 0.5 × V.,Hands; 0.5 × V.,gm.battleaxe_adamantite.h,com.inigmasgames.hytalerpg.gear.MasterAffixEquipmentSimulatorTest#authoredCarrierIsProductionEligible,"com.inigmasgames.hytalerpg.gear.MasterAffixEquipmentSimulatorTest#authoredCarrierIsProductionEligible(WA-023, ab-wa-023-affixed, gm.battleaxe_adamantite.h)",[],ab-wa-023-affixed,ab-wa-023-control,[],"[""com.inigmasgames.hytalerpg.gear.MasterAffixEquipmentSimulatorTest#authoredAffixReachesFrozenEquipmentSnapshotAndLeavesOnEveryInvalidation""]","[""src/main/java/com/inigmasgames/hytalerpg/gear/GearCombatEffects.java""]",[],src/main/java/com/inigmasgames/hytalerpg/gear/GearCombatEffects.java,com.inigmasgames.hytalerpg.gear.GearCombatProductionTest#sixFlatIncreasedConversionAndPenetrationFamiliesUseTheActualChannelConsumer,com.inigmasgames.hytalerpg.gear.GearCombatProductionTest#sixFlatIncreasedConversionAndPenetrationFamiliesUseTheActualChannelConsumer,com.inigmasgames.hytalerpg.gear.GearCombatProductionTest#sixFlatIncreasedConversionAndPenetrationFamiliesUseTheActualChannelConsumer,[],,PROVEN,com.inigmasgames.hytalerpg.gear.MasterAffixEquipmentSimulatorTest#authoredAffixReachesFrozenEquipmentSnapshotAndLeavesOnEveryInvalidation,damageChannel,True,com.inigmasgames.hytalerpg.ui.inventory.AdvancedStatsAffixProjectionTest#elementalRowsMatchCommittedHitBucketsAndRestoreForAllSixChannels,SELF_STAT,True,INHERITED,com.inigmasgames.hytalerpg.execution.summon.MasterAffixSentinelInheritedTest#boundElementalAffixChangesActualAttackChannel,True,FUNCTIONAL,[]
WA-024,Glacial,PREFIX,ELEMENT_DAMAGE,ALL,V% increased direct Water damage from the wielder. Choose one element within this family; no extra hit or status. Require: INT-CORE. Armor: Hands; 0.5 × V.,Hands; 0.5 × V.,gm.battleaxe_adamantite.h,com.inigmasgames.hytalerpg.gear.MasterAffixEquipmentSimulatorTest#authoredCarrierIsProductionEligible,"com.inigmasgames.hytalerpg.gear.MasterAffixEquipmentSimulatorTest#authoredCarrierIsProductionEligible(WA-024, ab-wa-024-affixed, gm.battleaxe_adamantite.h)",[],ab-wa-024-affixed,ab-wa-024-control,[],"[""com.inigmasgames.hytalerpg.gear.MasterAffixEquipmentSimulatorTest#authoredAffixReachesFrozenEquipmentSnapshotAndLeavesOnEveryInvalidation""]","[""src/main/java/com/inigmasgames/hytalerpg/gear/GearCombatEffects.java""]",[],src/main/java/com/inigmasgames/hytalerpg/gear/GearCombatEffects.java,com.inigmasgames.hytalerpg.gear.GearCombatProductionTest#sixFlatIncreasedConversionAndPenetrationFamiliesUseTheActualChannelConsumer,com.inigmasgames.hytalerpg.gear.GearCombatProductionTest#sixFlatIncreasedConversionAndPenetrationFamiliesUseTheActualChannelConsumer,com.inigmasgames.hytalerpg.gear.GearCombatProductionTest#sixFlatIncreasedConversionAndPenetrationFamiliesUseTheActualChannelConsumer,[],,PROVEN,com.inigmasgames.hytalerpg.gear.MasterAffixEquipmentSimulatorTest#authoredAffixReachesFrozenEquipmentSnapshotAndLeavesOnEveryInvalidation,damageChannel,True,com.inigmasgames.hytalerpg.ui.inventory.AdvancedStatsAffixProjectionTest#elementalRowsMatchCommittedHitBucketsAndRestoreForAllSixChannels,SELF_STAT,True,INHERITED,com.inigmasgames.hytalerpg.execution.summon.MasterAffixSentinelInheritedTest#boundElementalAffixChangesActualAttackChannel,True,FUNCTIONAL,[]
WA-025,Ember,PREFIX,ELEMENT_DAMAGE,ALL,V% increased direct Fire damage from the wielder. Choose one element within this family; no extra hit or status. Require: INT-CORE. Armor: Hands; 0.5 × V.,Hands; 0.5 × V.,gm.battleaxe_adamantite.h,com.inigmasgames.hytalerpg.gear.MasterAffixEquipmentSimulatorTest#authoredCarrierIsProductionEligible,"com.inigmasgames.hytalerpg.gear.MasterAffixEquipmentSimulatorTest#authoredCarrierIsProductionEligible(WA-025, ab-wa-025-affixed, gm.battleaxe_adamantite.h)",[],ab-wa-025-affixed,ab-wa-025-control,[],"[""com.inigmasgames.hytalerpg.gear.MasterAffixEquipmentSimulatorTest#authoredAffixReachesFrozenEquipmentSnapshotAndLeavesOnEveryInvalidation""]","[""src/main/java/com/inigmasgames/hytalerpg/gear/GearCombatEffects.java""]",[],src/main/java/com/inigmasgames/hytalerpg/gear/GearCombatEffects.java,com.inigmasgames.hytalerpg.gear.GearCombatProductionTest#sixFlatIncreasedConversionAndPenetrationFamiliesUseTheActualChannelConsumer,com.inigmasgames.hytalerpg.gear.GearCombatProductionTest#sixFlatIncreasedConversionAndPenetrationFamiliesUseTheActualChannelConsumer,com.inigmasgames.hytalerpg.gear.GearCombatProductionTest#sixFlatIncreasedConversionAndPenetrationFamiliesUseTheActualChannelConsumer,[],,PROVEN,com.inigmasgames.hytalerpg.gear.MasterAffixEquipmentSimulatorTest#authoredAffixReachesFrozenEquipmentSnapshotAndLeavesOnEveryInvalidation,damageChannel,True,com.inigmasgames.hytalerpg.ui.inventory.AdvancedStatsAffixProjectionTest#elementalRowsMatchCommittedHitBucketsAndRestoreForAllSixChannels,SELF_STAT,True,INHERITED,com.inigmasgames.hytalerpg.execution.summon.MasterAffixSentinelInheritedTest#boundElementalAffixChangesActualAttackChannel,True,FUNCTIONAL,[]
WA-026,Earthen,PREFIX,ELEMENT_DAMAGE,ALL,V% increased direct Earth damage from the wielder. Choose one element within this family; no extra hit or status. Require: INT-CORE. Armor: Hands; 0.5 × V.,Hands; 0.5 × V.,gm.battleaxe_adamantite.h,com.inigmasgames.hytalerpg.gear.MasterAffixEquipmentSimulatorTest#authoredCarrierIsProductionEligible,"com.inigmasgames.hytalerpg.gear.MasterAffixEquipmentSimulatorTest#authoredCarrierIsProductionEligible(WA-026, ab-wa-026-affixed, gm.battleaxe_adamantite.h)",[],ab-wa-026-affixed,ab-wa-026-control,[],"[""com.inigmasgames.hytalerpg.gear.MasterAffixEquipmentSimulatorTest#authoredAffixReachesFrozenEquipmentSnapshotAndLeavesOnEveryInvalidation""]","[""src/main/java/com/inigmasgames/hytalerpg/gear/GearCombatEffects.java""]",[],src/main/java/com/inigmasgames/hytalerpg/gear/GearCombatEffects.java,com.inigmasgames.hytalerpg.gear.GearCombatProductionTest#sixFlatIncreasedConversionAndPenetrationFamiliesUseTheActualChannelConsumer,com.inigmasgames.hytalerpg.gear.GearCombatProductionTest#sixFlatIncreasedConversionAndPenetrationFamiliesUseTheActualChannelConsumer,com.inigmasgames.hytalerpg.gear.GearCombatProductionTest#sixFlatIncreasedConversionAndPenetrationFamiliesUseTheActualChannelConsumer,[],,PROVEN,com.inigmasgames.hytalerpg.gear.MasterAffixEquipmentSimulatorTest#authoredAffixReachesFrozenEquipmentSnapshotAndLeavesOnEveryInvalidation,damageChannel,True,com.inigmasgames.hytalerpg.ui.inventory.AdvancedStatsAffixProjectionTest#elementalRowsMatchCommittedHitBucketsAndRestoreForAllSixChannels,SELF_STAT,True,INHERITED,com.inigmasgames.hytalerpg.execution.summon.MasterAffixSentinelInheritedTest#boundElementalAffixChangesActualAttackChannel,True,FUNCTIONAL,[]
WA-027,Voltaic,PREFIX,ELEMENT_DAMAGE,ALL,V% increased direct Lightning damage from the wielder. Choose one element within this family; no extra hit or status. Require: INT-CORE. Armor: Hands; 0.5 × V.,Hands; 0.5 × V.,gm.battleaxe_adamantite.h,com.inigmasgames.hytalerpg.gear.MasterAffixEquipmentSimulatorTest#authoredCarrierIsProductionEligible,"com.inigmasgames.hytalerpg.gear.MasterAffixEquipmentSimulatorTest#authoredCarrierIsProductionEligible(WA-027, ab-wa-027-affixed, gm.battleaxe_adamantite.h)",[],ab-wa-027-affixed,ab-wa-027-control,[],"[""com.inigmasgames.hytalerpg.gear.MasterAffixEquipmentSimulatorTest#authoredAffixReachesFrozenEquipmentSnapshotAndLeavesOnEveryInvalidation""]","[""src/main/java/com/inigmasgames/hytalerpg/gear/GearCombatEffects.java""]",[],src/main/java/com/inigmasgames/hytalerpg/gear/GearCombatEffects.java,com.inigmasgames.hytalerpg.gear.GearCombatProductionTest#sixFlatIncreasedConversionAndPenetrationFamiliesUseTheActualChannelConsumer,com.inigmasgames.hytalerpg.gear.GearCombatProductionTest#sixFlatIncreasedConversionAndPenetrationFamiliesUseTheActualChannelConsumer,com.inigmasgames.hytalerpg.gear.GearCombatProductionTest#sixFlatIncreasedConversionAndPenetrationFamiliesUseTheActualChannelConsumer,[],,PROVEN,com.inigmasgames.hytalerpg.gear.MasterAffixEquipmentSimulatorTest#authoredAffixReachesFrozenEquipmentSnapshotAndLeavesOnEveryInvalidation,damageChannel,True,com.inigmasgames.hytalerpg.ui.inventory.AdvancedStatsAffixProjectionTest#elementalRowsMatchCommittedHitBucketsAndRestoreForAllSixChannels,SELF_STAT,True,INHERITED,com.inigmasgames.hytalerpg.execution.summon.MasterAffixSentinelInheritedTest#boundElementalAffixChangesActualAttackChannel,True,FUNCTIONAL,[]
WA-028,Umbral,PREFIX,ELEMENT_DAMAGE,ALL,V% increased direct Void damage from the wielder. Choose one element within this family; no extra hit or status. Require: INT-CORE. Armor: Hands; 0.5 × V.,Hands; 0.5 × V.,gm.battleaxe_adamantite.h,com.inigmasgames.hytalerpg.gear.MasterAffixEquipmentSimulatorTest#authoredCarrierIsProductionEligible,"com.inigmasgames.hytalerpg.gear.MasterAffixEquipmentSimulatorTest#authoredCarrierIsProductionEligible(WA-028, ab-wa-028-affixed, gm.battleaxe_adamantite.h)",[],ab-wa-028-affixed,ab-wa-028-control,[],"[""com.inigmasgames.hytalerpg.gear.MasterAffixEquipmentSimulatorTest#authoredAffixReachesFrozenEquipmentSnapshotAndLeavesOnEveryInvalidation""]","[""src/main/java/com/inigmasgames/hytalerpg/gear/GearCombatEffects.java""]",[],src/main/java/com/inigmasgames/hytalerpg/gear/GearCombatEffects.java,com.inigmasgames.hytalerpg.gear.GearCombatProductionTest#sixFlatIncreasedConversionAndPenetrationFamiliesUseTheActualChannelConsumer,com.inigmasgames.hytalerpg.gear.GearCombatProductionTest#sixFlatIncreasedConversionAndPenetrationFamiliesUseTheActualChannelConsumer,com.inigmasgames.hytalerpg.gear.GearCombatProductionTest#sixFlatIncreasedConversionAndPenetrationFamiliesUseTheActualChannelConsumer,[],,PROVEN,com.inigmasgames.hytalerpg.gear.MasterAffixEquipmentSimulatorTest#authoredAffixReachesFrozenEquipmentSnapshotAndLeavesOnEveryInvalidation,damageChannel,True,com.inigmasgames.hytalerpg.ui.inventory.AdvancedStatsAffixProjectionTest#elementalRowsMatchCommittedHitBucketsAndRestoreForAllSixChannels,SELF_STAT,True,INHERITED,com.inigmasgames.hytalerpg.execution.summon.MasterAffixSentinelInheritedTest#boundElementalAffixChangesActualAttackChannel,True,FUNCTIONAL,[]
WA-029,of Piercing Gales,SUFFIX,ELEMENT_PENETRATION,"M, R, C",Eligible hits treat effective Wind resistance as V percentage points lower. Hit-only; floor at 0%; new mitigation adapter required. Require: BASE-CORE. Armor: none.,none.,gm.battleaxe_adamantite.h,com.inigmasgames.hytalerpg.gear.MasterAffixEquipmentSimulatorTest#authoredCarrierIsProductionEligible,"com.inigmasgames.hytalerpg.gear.MasterAffixEquipmentSimulatorTest#authoredCarrierIsProductionEligible(WA-029, ab-wa-029-affixed, gm.battleaxe_adamantite.h)",[],ab-wa-029-affixed,ab-wa-029-control,[],"[""com.inigmasgames.hytalerpg.gear.MasterAffixEquipmentSimulatorTest#authoredAffixReachesFrozenEquipmentSnapshotAndLeavesOnEveryInvalidation""]","[""src/main/java/com/inigmasgames/hytalerpg/gear/GearCombatEffects.java""]",[],src/main/java/com/inigmasgames/hytalerpg/gear/GearCombatEffects.java,com.inigmasgames.hytalerpg.gear.MasterAffixCombatCompletionTest#localElementalFlatsAndPenetrationUseTheirOwnNativeChannel,com.inigmasgames.hytalerpg.gear.MasterAffixCombatCompletionTest#localElementalFlatsAndPenetrationUseTheirOwnNativeChannel,com.inigmasgames.hytalerpg.gear.MasterAffixCombatCompletionTest#localElementalFlatsAndPenetrationUseTheirOwnNativeChannel,"[""com.inigmasgames.hytalerpg.gear.NativeAffixFinalChannelTest#wa029Through034NativeDamagePenetratesOnlyMatchingDirectCauseWithoutChangingTarget""]","Six native causes measure penetration amount, wrong cause, periodic/environmental and immunity controls without changing target resistance.",PROVEN,com.inigmasgames.hytalerpg.gear.MasterAffixEquipmentSimulatorTest#authoredAffixReachesFrozenEquipmentSnapshotAndLeavesOnEveryInvalidation,penetrationChannel,True,com.inigmasgames.hytalerpg.ui.inventory.AdvancedStatsAffixProjectionTest#elementalRowsMatchCommittedHitBucketsAndRestoreForAllSixChannels,SELF_STAT,True,INHERITED,com.inigmasgames.hytalerpg.execution.summon.MasterAffixSentinelInheritedTest#boundElementalAffixChangesActualAttackChannel,True,FUNCTIONAL,[]
WA-030,of Piercing Tides,SUFFIX,ELEMENT_PENETRATION,"M, R, C",Eligible hits treat effective Water resistance as V percentage points lower. Hit-only; floor at 0%; new mitigation adapter required. Require: BASE-CORE. Armor: none.,none.,gm.battleaxe_adamantite.h,com.inigmasgames.hytalerpg.gear.MasterAffixEquipmentSimulatorTest#authoredCarrierIsProductionEligible,"com.inigmasgames.hytalerpg.gear.MasterAffixEquipmentSimulatorTest#authoredCarrierIsProductionEligible(WA-030, ab-wa-030-affixed, gm.battleaxe_adamantite.h)",[],ab-wa-030-affixed,ab-wa-030-control,[],"[""com.inigmasgames.hytalerpg.gear.MasterAffixEquipmentSimulatorTest#authoredAffixReachesFrozenEquipmentSnapshotAndLeavesOnEveryInvalidation""]","[""src/main/java/com/inigmasgames/hytalerpg/gear/GearCombatEffects.java""]",[],src/main/java/com/inigmasgames/hytalerpg/gear/GearCombatEffects.java,com.inigmasgames.hytalerpg.gear.MasterAffixCombatCompletionTest#localElementalFlatsAndPenetrationUseTheirOwnNativeChannel,com.inigmasgames.hytalerpg.gear.MasterAffixCombatCompletionTest#localElementalFlatsAndPenetrationUseTheirOwnNativeChannel,com.inigmasgames.hytalerpg.gear.MasterAffixCombatCompletionTest#localElementalFlatsAndPenetrationUseTheirOwnNativeChannel,"[""com.inigmasgames.hytalerpg.gear.NativeAffixFinalChannelTest#wa029Through034NativeDamagePenetratesOnlyMatchingDirectCauseWithoutChangingTarget""]","Six native causes measure penetration amount, wrong cause, periodic/environmental and immunity controls without changing target resistance.",PROVEN,com.inigmasgames.hytalerpg.gear.MasterAffixEquipmentSimulatorTest#authoredAffixReachesFrozenEquipmentSnapshotAndLeavesOnEveryInvalidation,penetrationChannel,True,com.inigmasgames.hytalerpg.ui.inventory.AdvancedStatsAffixProjectionTest#elementalRowsMatchCommittedHitBucketsAndRestoreForAllSixChannels,SELF_STAT,True,INHERITED,com.inigmasgames.hytalerpg.execution.summon.MasterAffixSentinelInheritedTest#boundElementalAffixChangesActualAttackChannel,True,FUNCTIONAL,[]
WA-031,of Piercing Embers,SUFFIX,ELEMENT_PENETRATION,"M, R, C",Eligible hits treat effective Fire resistance as V percentage points lower. Hit-only; floor at 0%; new mitigation adapter required. Require: BASE-CORE. Armor: none.,none.,gm.battleaxe_adamantite.h,com.inigmasgames.hytalerpg.gear.MasterAffixEquipmentSimulatorTest#authoredCarrierIsProductionEligible,"com.inigmasgames.hytalerpg.gear.MasterAffixEquipmentSimulatorTest#authoredCarrierIsProductionEligible(WA-031, ab-wa-031-affixed, gm.battleaxe_adamantite.h)",[],ab-wa-031-affixed,ab-wa-031-control,[],"[""com.inigmasgames.hytalerpg.gear.GearCombatProductionTest#nativeNpcResistanceReadsOnlyMatchingDirectGearPenetrationOnce"", ""com.inigmasgames.hytalerpg.gear.MasterAffixEquipmentSimulatorTest#authoredAffixReachesFrozenEquipmentSnapshotAndLeavesOnEveryInvalidation""]","[""src/main/java/com/inigmasgames/hytalerpg/gear/GearCombatEffects.java""]",[],src/main/java/com/inigmasgames/hytalerpg/gear/GearCombatEffects.java,com.inigmasgames.hytalerpg.gear.MasterAffixCombatCompletionTest#localElementalFlatsAndPenetrationUseTheirOwnNativeChannel,com.inigmasgames.hytalerpg.gear.MasterAffixCombatCompletionTest#localElementalFlatsAndPenetrationUseTheirOwnNativeChannel,com.inigmasgames.hytalerpg.gear.MasterAffixCombatCompletionTest#localElementalFlatsAndPenetrationUseTheirOwnNativeChannel,"[""com.inigmasgames.hytalerpg.gear.NativeAffixFinalChannelTest#wa029Through034NativeDamagePenetratesOnlyMatchingDirectCauseWithoutChangingTarget""]","Six native causes measure penetration amount, wrong cause, periodic/environmental and immunity controls without changing target resistance.",PROVEN,com.inigmasgames.hytalerpg.gear.MasterAffixEquipmentSimulatorTest#authoredAffixReachesFrozenEquipmentSnapshotAndLeavesOnEveryInvalidation,penetrationChannel,True,com.inigmasgames.hytalerpg.ui.inventory.AdvancedStatsAffixProjectionTest#elementalRowsMatchCommittedHitBucketsAndRestoreForAllSixChannels,SELF_STAT,True,INHERITED,com.inigmasgames.hytalerpg.execution.summon.MasterAffixSentinelInheritedTest#boundElementalAffixChangesActualAttackChannel,True,FUNCTIONAL,[]
WA-032,of Piercing Stone,SUFFIX,ELEMENT_PENETRATION,"M, R, C",Eligible hits treat effective Earth resistance as V percentage points lower. Hit-only; floor at 0%; new mitigation adapter required. Require: BASE-CORE. Armor: none.,none.,gm.battleaxe_adamantite.h,com.inigmasgames.hytalerpg.gear.MasterAffixEquipmentSimulatorTest#authoredCarrierIsProductionEligible,"com.inigmasgames.hytalerpg.gear.MasterAffixEquipmentSimulatorTest#authoredCarrierIsProductionEligible(WA-032, ab-wa-032-affixed, gm.battleaxe_adamantite.h)",[],ab-wa-032-affixed,ab-wa-032-control,[],"[""com.inigmasgames.hytalerpg.gear.MasterAffixEquipmentSimulatorTest#authoredAffixReachesFrozenEquipmentSnapshotAndLeavesOnEveryInvalidation""]","[""src/main/java/com/inigmasgames/hytalerpg/gear/GearCombatEffects.java""]",[],src/main/java/com/inigmasgames/hytalerpg/gear/GearCombatEffects.java,com.inigmasgames.hytalerpg.gear.MasterAffixCombatCompletionTest#localElementalFlatsAndPenetrationUseTheirOwnNativeChannel,com.inigmasgames.hytalerpg.gear.MasterAffixCombatCompletionTest#localElementalFlatsAndPenetrationUseTheirOwnNativeChannel,com.inigmasgames.hytalerpg.gear.MasterAffixCombatCompletionTest#localElementalFlatsAndPenetrationUseTheirOwnNativeChannel,"[""com.inigmasgames.hytalerpg.gear.NativeAffixFinalChannelTest#wa029Through034NativeDamagePenetratesOnlyMatchingDirectCauseWithoutChangingTarget""]","Six native causes measure penetration amount, wrong cause, periodic/environmental and immunity controls without changing target resistance.",PROVEN,com.inigmasgames.hytalerpg.gear.MasterAffixEquipmentSimulatorTest#authoredAffixReachesFrozenEquipmentSnapshotAndLeavesOnEveryInvalidation,penetrationChannel,True,com.inigmasgames.hytalerpg.ui.inventory.AdvancedStatsAffixProjectionTest#elementalRowsMatchCommittedHitBucketsAndRestoreForAllSixChannels,SELF_STAT,True,INHERITED,com.inigmasgames.hytalerpg.execution.summon.MasterAffixSentinelInheritedTest#boundElementalAffixChangesActualAttackChannel,True,FUNCTIONAL,[]
WA-033,of Piercing Storms,SUFFIX,ELEMENT_PENETRATION,"M, R, C",Eligible hits treat effective Lightning resistance as V percentage points lower. Hit-only; floor at 0%; new mitigation adapter required. Require: BASE-CORE. Armor: none.,none.,gm.battleaxe_adamantite.h,com.inigmasgames.hytalerpg.gear.MasterAffixEquipmentSimulatorTest#authoredCarrierIsProductionEligible,"com.inigmasgames.hytalerpg.gear.MasterAffixEquipmentSimulatorTest#authoredCarrierIsProductionEligible(WA-033, ab-wa-033-affixed, gm.battleaxe_adamantite.h)",[],ab-wa-033-affixed,ab-wa-033-control,[],"[""com.inigmasgames.hytalerpg.gear.MasterAffixEquipmentSimulatorTest#authoredAffixReachesFrozenEquipmentSnapshotAndLeavesOnEveryInvalidation""]","[""src/main/java/com/inigmasgames/hytalerpg/gear/GearCombatEffects.java""]",[],src/main/java/com/inigmasgames/hytalerpg/gear/GearCombatEffects.java,com.inigmasgames.hytalerpg.gear.MasterAffixCombatCompletionTest#localElementalFlatsAndPenetrationUseTheirOwnNativeChannel,com.inigmasgames.hytalerpg.gear.MasterAffixCombatCompletionTest#localElementalFlatsAndPenetrationUseTheirOwnNativeChannel,com.inigmasgames.hytalerpg.gear.MasterAffixCombatCompletionTest#localElementalFlatsAndPenetrationUseTheirOwnNativeChannel,"[""com.inigmasgames.hytalerpg.gear.NativeAffixFinalChannelTest#wa029Through034NativeDamagePenetratesOnlyMatchingDirectCauseWithoutChangingTarget""]","Six native causes measure penetration amount, wrong cause, periodic/environmental and immunity controls without changing target resistance.",PROVEN,com.inigmasgames.hytalerpg.gear.MasterAffixEquipmentSimulatorTest#authoredAffixReachesFrozenEquipmentSnapshotAndLeavesOnEveryInvalidation,penetrationChannel,True,com.inigmasgames.hytalerpg.ui.inventory.AdvancedStatsAffixProjectionTest#elementalRowsMatchCommittedHitBucketsAndRestoreForAllSixChannels,SELF_STAT,True,INHERITED,com.inigmasgames.hytalerpg.execution.summon.MasterAffixSentinelInheritedTest#boundElementalAffixChangesActualAttackChannel,True,FUNCTIONAL,[]
WA-034,of Piercing the Void,SUFFIX,ELEMENT_PENETRATION,"M, R, C",Eligible hits treat effective Void resistance as V percentage points lower. Hit-only; floor at 0%; new mitigation adapter required. Require: BASE-CORE. Armor: none.,none.,gm.battleaxe_adamantite.h,com.inigmasgames.hytalerpg.gear.MasterAffixEquipmentSimulatorTest#authoredCarrierIsProductionEligible,"com.inigmasgames.hytalerpg.gear.MasterAffixEquipmentSimulatorTest#authoredCarrierIsProductionEligible(WA-034, ab-wa-034-affixed, gm.battleaxe_adamantite.h)",[],ab-wa-034-affixed,ab-wa-034-control,[],"[""com.inigmasgames.hytalerpg.gear.MasterAffixEquipmentSimulatorTest#authoredAffixReachesFrozenEquipmentSnapshotAndLeavesOnEveryInvalidation""]","[""src/main/java/com/inigmasgames/hytalerpg/gear/GearCombatEffects.java""]",[],src/main/java/com/inigmasgames/hytalerpg/gear/GearCombatEffects.java,com.inigmasgames.hytalerpg.gear.MasterAffixCombatCompletionTest#localElementalFlatsAndPenetrationUseTheirOwnNativeChannel,com.inigmasgames.hytalerpg.gear.MasterAffixCombatCompletionTest#localElementalFlatsAndPenetrationUseTheirOwnNativeChannel,com.inigmasgames.hytalerpg.gear.MasterAffixCombatCompletionTest#localElementalFlatsAndPenetrationUseTheirOwnNativeChannel,"[""com.inigmasgames.hytalerpg.gear.NativeAffixFinalChannelTest#wa029Through034NativeDamagePenetratesOnlyMatchingDirectCauseWithoutChangingTarget""]","Six native causes measure penetration amount, wrong cause, periodic/environmental and immunity controls without changing target resistance.",PROVEN,com.inigmasgames.hytalerpg.gear.MasterAffixEquipmentSimulatorTest#authoredAffixReachesFrozenEquipmentSnapshotAndLeavesOnEveryInvalidation,penetrationChannel,True,com.inigmasgames.hytalerpg.ui.inventory.AdvancedStatsAffixProjectionTest#elementalRowsMatchCommittedHitBucketsAndRestoreForAllSixChannels,SELF_STAT,True,INHERITED,com.inigmasgames.hytalerpg.execution.summon.MasterAffixSentinelInheritedTest#boundElementalAffixChangesActualAttackChannel,True,FUNCTIONAL,[]
WA-035,Zephyr-Forged,PREFIX,CONVERSION,"M, R, B","Convert V% of this item’s original Physical attack power to Wind. Replacement, not extra damage; one conversion; see resolution order. Require: BASE-CORE. Armor: none.",none.,gm.battleaxe_adamantite.h,com.inigmasgames.hytalerpg.gear.MasterAffixEquipmentSimulatorTest#authoredCarrierIsProductionEligible,"com.inigmasgames.hytalerpg.gear.MasterAffixEquipmentSimulatorTest#authoredCarrierIsProductionEligible(WA-035, ab-wa-035-affixed, gm.battleaxe_adamantite.h)",[],ab-wa-035-affixed,ab-wa-035-control,[],"[""com.inigmasgames.hytalerpg.gear.MasterAffixEquipmentSimulatorTest#authoredAffixReachesFrozenEquipmentSnapshotAndLeavesOnEveryInvalidation""]","[""src/main/java/com/inigmasgames/hytalerpg/gear/GearCombatEffects.java""]",[],src/main/java/com/inigmasgames/hytalerpg/gear/GearCombatEffects.java,com.inigmasgames.hytalerpg.gear.GearCombatProductionTest#sixFlatIncreasedConversionAndPenetrationFamiliesUseTheActualChannelConsumer,com.inigmasgames.hytalerpg.gear.GearCombatProductionTest#sixFlatIncreasedConversionAndPenetrationFamiliesUseTheActualChannelConsumer,com.inigmasgames.hytalerpg.gear.GearCombatProductionTest#sixFlatIncreasedConversionAndPenetrationFamiliesUseTheActualChannelConsumer,[],,PROVEN,com.inigmasgames.hytalerpg.gear.MasterAffixEquipmentSimulatorTest#authoredAffixReachesFrozenEquipmentSnapshotAndLeavesOnEveryInvalidation,,False,,SELF_STAT,True,INHERITED,com.inigmasgames.hytalerpg.execution.summon.MasterAffixSentinelInheritedTest#boundElementalAffixChangesActualAttackChannel,True,FUNCTIONAL,[]
WA-036,Glacial-Forged,PREFIX,CONVERSION,"M, R, B","Convert V% of this item’s original Physical attack power to Water. Replacement, not extra damage; one conversion; see resolution order. Require: BASE-CORE. Armor: none.",none.,gm.battleaxe_adamantite.h,com.inigmasgames.hytalerpg.gear.MasterAffixEquipmentSimulatorTest#authoredCarrierIsProductionEligible,"com.inigmasgames.hytalerpg.gear.MasterAffixEquipmentSimulatorTest#authoredCarrierIsProductionEligible(WA-036, ab-wa-036-affixed, gm.battleaxe_adamantite.h)",[],ab-wa-036-affixed,ab-wa-036-control,[],"[""com.inigmasgames.hytalerpg.gear.MasterAffixEquipmentSimulatorTest#authoredAffixReachesFrozenEquipmentSnapshotAndLeavesOnEveryInvalidation""]","[""src/main/java/com/inigmasgames/hytalerpg/gear/GearCombatEffects.java""]",[],src/main/java/com/inigmasgames/hytalerpg/gear/GearCombatEffects.java,com.inigmasgames.hytalerpg.gear.GearCombatProductionTest#sixFlatIncreasedConversionAndPenetrationFamiliesUseTheActualChannelConsumer,com.inigmasgames.hytalerpg.gear.GearCombatProductionTest#sixFlatIncreasedConversionAndPenetrationFamiliesUseTheActualChannelConsumer,com.inigmasgames.hytalerpg.gear.GearCombatProductionTest#sixFlatIncreasedConversionAndPenetrationFamiliesUseTheActualChannelConsumer,[],,PROVEN,com.inigmasgames.hytalerpg.gear.MasterAffixEquipmentSimulatorTest#authoredAffixReachesFrozenEquipmentSnapshotAndLeavesOnEveryInvalidation,,False,,SELF_STAT,True,INHERITED,com.inigmasgames.hytalerpg.execution.summon.MasterAffixSentinelInheritedTest#boundElementalAffixChangesActualAttackChannel,True,FUNCTIONAL,[]
WA-037,Ember-Forged,PREFIX,CONVERSION,"M, R, B","Convert V% of this item’s original Physical attack power to Fire. Replacement, not extra damage; one conversion; see resolution order. Require: BASE-CORE. Armor: none.",none.,gm.battleaxe_adamantite.h,com.inigmasgames.hytalerpg.gear.MasterAffixEquipmentSimulatorTest#authoredCarrierIsProductionEligible,"com.inigmasgames.hytalerpg.gear.MasterAffixEquipmentSimulatorTest#authoredCarrierIsProductionEligible(WA-037, ab-wa-037-affixed, gm.battleaxe_adamantite.h)",[],ab-wa-037-affixed,ab-wa-037-control,[],"[""com.inigmasgames.hytalerpg.gear.MasterAffixEquipmentSimulatorTest#authoredAffixReachesFrozenEquipmentSnapshotAndLeavesOnEveryInvalidation""]","[""src/main/java/com/inigmasgames/hytalerpg/gear/GearCombatEffects.java""]",[],src/main/java/com/inigmasgames/hytalerpg/gear/GearCombatEffects.java,com.inigmasgames.hytalerpg.gear.GearCombatProductionTest#sixFlatIncreasedConversionAndPenetrationFamiliesUseTheActualChannelConsumer,com.inigmasgames.hytalerpg.gear.GearCombatProductionTest#sixFlatIncreasedConversionAndPenetrationFamiliesUseTheActualChannelConsumer,com.inigmasgames.hytalerpg.gear.GearCombatProductionTest#sixFlatIncreasedConversionAndPenetrationFamiliesUseTheActualChannelConsumer,[],,PROVEN,com.inigmasgames.hytalerpg.gear.MasterAffixEquipmentSimulatorTest#authoredAffixReachesFrozenEquipmentSnapshotAndLeavesOnEveryInvalidation,,False,,SELF_STAT,True,INHERITED,com.inigmasgames.hytalerpg.execution.summon.MasterAffixSentinelInheritedTest#boundElementalAffixChangesActualAttackChannel,True,FUNCTIONAL,[]
WA-038,Earthen-Forged,PREFIX,CONVERSION,"M, R, B","Convert V% of this item’s original Physical attack power to Earth. Replacement, not extra damage; one conversion; see resolution order. Require: BASE-CORE. Armor: none.",none.,gm.battleaxe_adamantite.h,com.inigmasgames.hytalerpg.gear.MasterAffixEquipmentSimulatorTest#authoredCarrierIsProductionEligible,"com.inigmasgames.hytalerpg.gear.MasterAffixEquipmentSimulatorTest#authoredCarrierIsProductionEligible(WA-038, ab-wa-038-affixed, gm.battleaxe_adamantite.h)",[],ab-wa-038-affixed,ab-wa-038-control,[],"[""com.inigmasgames.hytalerpg.gear.MasterAffixEquipmentSimulatorTest#authoredAffixReachesFrozenEquipmentSnapshotAndLeavesOnEveryInvalidation""]","[""src/main/java/com/inigmasgames/hytalerpg/gear/GearCombatEffects.java""]",[],src/main/java/com/inigmasgames/hytalerpg/gear/GearCombatEffects.java,com.inigmasgames.hytalerpg.gear.GearCombatProductionTest#sixFlatIncreasedConversionAndPenetrationFamiliesUseTheActualChannelConsumer,com.inigmasgames.hytalerpg.gear.GearCombatProductionTest#sixFlatIncreasedConversionAndPenetrationFamiliesUseTheActualChannelConsumer,com.inigmasgames.hytalerpg.gear.GearCombatProductionTest#sixFlatIncreasedConversionAndPenetrationFamiliesUseTheActualChannelConsumer,[],,PROVEN,com.inigmasgames.hytalerpg.gear.MasterAffixEquipmentSimulatorTest#authoredAffixReachesFrozenEquipmentSnapshotAndLeavesOnEveryInvalidation,,False,,SELF_STAT,True,INHERITED,com.inigmasgames.hytalerpg.execution.summon.MasterAffixSentinelInheritedTest#boundElementalAffixChangesActualAttackChannel,True,FUNCTIONAL,[]
WA-039,Voltaic-Forged,PREFIX,CONVERSION,"M, R, B","Convert V% of this item’s original Physical attack power to Lightning. Replacement, not extra damage; one conversion; see resolution order. Require: BASE-CORE. Armor: none.",none.,gm.battleaxe_adamantite.h,com.inigmasgames.hytalerpg.gear.MasterAffixEquipmentSimulatorTest#authoredCarrierIsProductionEligible,"com.inigmasgames.hytalerpg.gear.MasterAffixEquipmentSimulatorTest#authoredCarrierIsProductionEligible(WA-039, ab-wa-039-affixed, gm.battleaxe_adamantite.h)",[],ab-wa-039-affixed,ab-wa-039-control,[],"[""com.inigmasgames.hytalerpg.gear.MasterAffixEquipmentSimulatorTest#authoredAffixReachesFrozenEquipmentSnapshotAndLeavesOnEveryInvalidation""]","[""src/main/java/com/inigmasgames/hytalerpg/gear/GearCombatEffects.java""]",[],src/main/java/com/inigmasgames/hytalerpg/gear/GearCombatEffects.java,com.inigmasgames.hytalerpg.gear.GearCombatProductionTest#sixFlatIncreasedConversionAndPenetrationFamiliesUseTheActualChannelConsumer,com.inigmasgames.hytalerpg.gear.GearCombatProductionTest#sixFlatIncreasedConversionAndPenetrationFamiliesUseTheActualChannelConsumer,com.inigmasgames.hytalerpg.gear.GearCombatProductionTest#sixFlatIncreasedConversionAndPenetrationFamiliesUseTheActualChannelConsumer,[],,PROVEN,com.inigmasgames.hytalerpg.gear.MasterAffixEquipmentSimulatorTest#authoredAffixReachesFrozenEquipmentSnapshotAndLeavesOnEveryInvalidation,,False,,SELF_STAT,True,INHERITED,com.inigmasgames.hytalerpg.execution.summon.MasterAffixSentinelInheritedTest#boundElementalAffixChangesActualAttackChannel,True,FUNCTIONAL,[]
WA-040,Umbral-Forged,PREFIX,CONVERSION,"M, R, B","Convert V% of this item’s original Physical attack power to Void. Replacement, not extra damage; one conversion; see resolution order. Require: BASE-CORE. Armor: none.",none.,gm.battleaxe_adamantite.h,com.inigmasgames.hytalerpg.gear.MasterAffixEquipmentSimulatorTest#authoredCarrierIsProductionEligible,"com.inigmasgames.hytalerpg.gear.MasterAffixEquipmentSimulatorTest#authoredCarrierIsProductionEligible(WA-040, ab-wa-040-affixed, gm.battleaxe_adamantite.h)",[],ab-wa-040-affixed,ab-wa-040-control,[],"[""com.inigmasgames.hytalerpg.gear.MasterAffixEquipmentSimulatorTest#authoredAffixReachesFrozenEquipmentSnapshotAndLeavesOnEveryInvalidation""]","[""src/main/java/com/inigmasgames/hytalerpg/gear/GearCombatEffects.java""]",[],src/main/java/com/inigmasgames/hytalerpg/gear/GearCombatEffects.java,com.inigmasgames.hytalerpg.gear.GearCombatProductionTest#sixFlatIncreasedConversionAndPenetrationFamiliesUseTheActualChannelConsumer,com.inigmasgames.hytalerpg.gear.GearCombatProductionTest#sixFlatIncreasedConversionAndPenetrationFamiliesUseTheActualChannelConsumer,com.inigmasgames.hytalerpg.gear.GearCombatProductionTest#sixFlatIncreasedConversionAndPenetrationFamiliesUseTheActualChannelConsumer,[],,PROVEN,com.inigmasgames.hytalerpg.gear.MasterAffixEquipmentSimulatorTest#authoredAffixReachesFrozenEquipmentSnapshotAndLeavesOnEveryInvalidation,,False,,SELF_STAT,True,INHERITED,com.inigmasgames.hytalerpg.execution.summon.MasterAffixSentinelInheritedTest#boundElementalAffixChangesActualAttackChannel,True,FUNCTIONAL,[]
WA-041,Brawling,PREFIX,CONDITIONAL_DAMAGE,"M, R, B",V% increased direct damage when target is within 4 m of the attack origin. At most one conditional-damage affix per item; check condition at impact. Require: BASE-CORE. Armor: none.,none.,gm.battleaxe_adamantite.h,com.inigmasgames.hytalerpg.gear.MasterAffixEquipmentSimulatorTest#authoredCarrierIsProductionEligible,"com.inigmasgames.hytalerpg.gear.MasterAffixEquipmentSimulatorTest#authoredCarrierIsProductionEligible(WA-041, ab-wa-041-affixed, gm.battleaxe_adamantite.h)",[],ab-wa-041-affixed,ab-wa-041-control,[],"[""com.inigmasgames.hytalerpg.gear.GearCombatProductionTest#skillConditionalGatherAddsToExistingSkillAndGearIncreasedBucket"", ""com.inigmasgames.hytalerpg.gear.MasterAffixEquipmentSimulatorTest#authoredAffixReachesFrozenEquipmentSnapshotAndLeavesOnEveryInvalidation""]","[""src/main/java/com/inigmasgames/hytalerpg/gear/GearHitConditions.java""]",[],src/main/java/com/inigmasgames/hytalerpg/combat/hytale/HytaleConditionalDamage.java,com.inigmasgames.hytalerpg.gear.GearCombatProductionTest#conditionalRulesMutateTheProductionNativeGatherAmountAndRespectTheirBoundaries,com.inigmasgames.hytalerpg.gear.GearCombatProductionTest#conditionalRulesMutateTheProductionNativeGatherAmountAndRespectTheirBoundaries,com.inigmasgames.hytalerpg.gear.GearCombatProductionTest#conditionalRulesMutateTheProductionNativeGatherAmountAndRespectTheirBoundaries,[],,PROVEN,com.inigmasgames.hytalerpg.gear.MasterAffixEquipmentSimulatorTest#authoredAffixReachesFrozenEquipmentSnapshotAndLeavesOnEveryInvalidation,,False,,SELF_STAT,True,INHERITED,com.inigmasgames.hytalerpg.execution.hytale.SentinelSourceConsumerTest#eachSentinelConditionalUsesFrozenOriginAndLiveVictimFacts,True,FUNCTIONAL,[]
WA-042,Farseeing,PREFIX,CONDITIONAL_DAMAGE,"R, C",V% increased direct damage when target is at least 12 m from the attack/cast origin. At most one conditional-damage affix per item; check condition at impact. Require: BASE-CORE. Armor: none.,none.,gm.book_apprentice.h,com.inigmasgames.hytalerpg.gear.MasterAffixEquipmentSimulatorTest#authoredCarrierIsProductionEligible,"com.inigmasgames.hytalerpg.gear.MasterAffixEquipmentSimulatorTest#authoredCarrierIsProductionEligible(WA-042, ab-wa-042-affixed, gm.book_apprentice.h)",[],ab-wa-042-affixed,ab-wa-042-control,[],"[""com.inigmasgames.hytalerpg.gear.MasterAffixEquipmentSimulatorTest#authoredAffixReachesFrozenEquipmentSnapshotAndLeavesOnEveryInvalidation""]","[""src/main/java/com/inigmasgames/hytalerpg/gear/GearHitConditions.java""]",[],src/main/java/com/inigmasgames/hytalerpg/combat/hytale/HytaleConditionalDamage.java,com.inigmasgames.hytalerpg.gear.GearCombatProductionTest#conditionalRulesMutateTheProductionNativeGatherAmountAndRespectTheirBoundaries,com.inigmasgames.hytalerpg.gear.GearCombatProductionTest#conditionalRulesMutateTheProductionNativeGatherAmountAndRespectTheirBoundaries,com.inigmasgames.hytalerpg.gear.GearCombatProductionTest#conditionalRulesMutateTheProductionNativeGatherAmountAndRespectTheirBoundaries,[],,PROVEN,com.inigmasgames.hytalerpg.gear.MasterAffixEquipmentSimulatorTest#authoredAffixReachesFrozenEquipmentSnapshotAndLeavesOnEveryInvalidation,,False,,SELF_STAT,True,INHERITED,com.inigmasgames.hytalerpg.execution.hytale.SentinelSourceConsumerTest#eachSentinelConditionalUsesFrozenOriginAndLiveVictimFacts,True,FUNCTIONAL,[]
WA-043,Ambushing,PREFIX,CONDITIONAL_DAMAGE,"M, R",V% increased direct damage when source is in the target’s rear 120-degree arc. At most one conditional-damage affix per item; check condition at impact. Require: BASE-CORE. Armor: none.,none.,gm.battleaxe_adamantite.h,com.inigmasgames.hytalerpg.gear.MasterAffixEquipmentSimulatorTest#authoredCarrierIsProductionEligible,"com.inigmasgames.hytalerpg.gear.MasterAffixEquipmentSimulatorTest#authoredCarrierIsProductionEligible(WA-043, ab-wa-043-affixed, gm.battleaxe_adamantite.h)",[],ab-wa-043-affixed,ab-wa-043-control,[],"[""com.inigmasgames.hytalerpg.gear.MasterAffixEquipmentSimulatorTest#authoredAffixReachesFrozenEquipmentSnapshotAndLeavesOnEveryInvalidation""]","[""src/main/java/com/inigmasgames/hytalerpg/gear/GearHitConditions.java""]",[],src/main/java/com/inigmasgames/hytalerpg/combat/hytale/HytaleConditionalDamage.java,com.inigmasgames.hytalerpg.gear.GearCombatProductionTest#conditionalRulesMutateTheProductionNativeGatherAmountAndRespectTheirBoundaries,com.inigmasgames.hytalerpg.gear.GearCombatProductionTest#conditionalRulesMutateTheProductionNativeGatherAmountAndRespectTheirBoundaries,com.inigmasgames.hytalerpg.gear.GearCombatProductionTest#conditionalRulesMutateTheProductionNativeGatherAmountAndRespectTheirBoundaries,[],,PROVEN,com.inigmasgames.hytalerpg.gear.MasterAffixEquipmentSimulatorTest#authoredAffixReachesFrozenEquipmentSnapshotAndLeavesOnEveryInvalidation,,False,,SELF_STAT,True,INHERITED,com.inigmasgames.hytalerpg.execution.hytale.SentinelSourceConsumerTest#eachSentinelConditionalUsesFrozenOriginAndLiveVictimFacts,True,FUNCTIONAL,[]
WA-044,Finishing,PREFIX,CONDITIONAL_DAMAGE,"M, R, B, C",V% increased direct damage when target is below 30% normal maximum Health. At most one conditional-damage affix per item; check condition at impact. Require: BASE-CORE. Armor: none.,none.,gm.battleaxe_adamantite.h,com.inigmasgames.hytalerpg.gear.MasterAffixEquipmentSimulatorTest#authoredCarrierIsProductionEligible,"com.inigmasgames.hytalerpg.gear.MasterAffixEquipmentSimulatorTest#authoredCarrierIsProductionEligible(WA-044, ab-wa-044-affixed, gm.battleaxe_adamantite.h)",[],ab-wa-044-affixed,ab-wa-044-control,[],"[""com.inigmasgames.hytalerpg.gear.GearCombatProductionTest#gearConditionAddsToExistingPassiveGatherInsteadOfMultiplyingIt"", ""com.inigmasgames.hytalerpg.gear.MasterAffixEquipmentSimulatorTest#authoredAffixReachesFrozenEquipmentSnapshotAndLeavesOnEveryInvalidation""]","[""src/main/java/com/inigmasgames/hytalerpg/gear/GearHitConditions.java""]",[],src/main/java/com/inigmasgames/hytalerpg/combat/hytale/HytaleConditionalDamage.java,com.inigmasgames.hytalerpg.gear.GearCombatProductionTest#conditionalRulesMutateTheProductionNativeGatherAmountAndRespectTheirBoundaries,com.inigmasgames.hytalerpg.gear.GearCombatProductionTest#conditionalRulesMutateTheProductionNativeGatherAmountAndRespectTheirBoundaries,com.inigmasgames.hytalerpg.gear.GearCombatProductionTest#conditionalRulesMutateTheProductionNativeGatherAmountAndRespectTheirBoundaries,[],,PROVEN,com.inigmasgames.hytalerpg.gear.MasterAffixEquipmentSimulatorTest#authoredAffixReachesFrozenEquipmentSnapshotAndLeavesOnEveryInvalidation,,False,,SELF_STAT,True,INHERITED,com.inigmasgames.hytalerpg.execution.hytale.SentinelSourceConsumerTest#eachSentinelConditionalUsesFrozenOriginAndLiveVictimFacts,True,FUNCTIONAL,[]
WA-045,Opening,PREFIX,CONDITIONAL_DAMAGE,"M, R, B, C",V% increased direct damage when target is at least 80% normal maximum Health. At most one conditional-damage affix per item; check condition at impact. Require: BASE-CORE. Armor: none.,none.,gm.battleaxe_adamantite.h,com.inigmasgames.hytalerpg.gear.MasterAffixEquipmentSimulatorTest#authoredCarrierIsProductionEligible,"com.inigmasgames.hytalerpg.gear.MasterAffixEquipmentSimulatorTest#authoredCarrierIsProductionEligible(WA-045, ab-wa-045-affixed, gm.battleaxe_adamantite.h)",[],ab-wa-045-affixed,ab-wa-045-control,[],"[""com.inigmasgames.hytalerpg.gear.MasterAffixEquipmentSimulatorTest#authoredAffixReachesFrozenEquipmentSnapshotAndLeavesOnEveryInvalidation""]","[""src/main/java/com/inigmasgames/hytalerpg/gear/GearHitConditions.java""]",[],src/main/java/com/inigmasgames/hytalerpg/combat/hytale/HytaleConditionalDamage.java,com.inigmasgames.hytalerpg.gear.GearCombatProductionTest#conditionalRulesMutateTheProductionNativeGatherAmountAndRespectTheirBoundaries,com.inigmasgames.hytalerpg.gear.GearCombatProductionTest#conditionalRulesMutateTheProductionNativeGatherAmountAndRespectTheirBoundaries,com.inigmasgames.hytalerpg.gear.GearCombatProductionTest#conditionalRulesMutateTheProductionNativeGatherAmountAndRespectTheirBoundaries,[],,PROVEN,com.inigmasgames.hytalerpg.gear.MasterAffixEquipmentSimulatorTest#authoredAffixReachesFrozenEquipmentSnapshotAndLeavesOnEveryInvalidation,,False,,SELF_STAT,True,INHERITED,com.inigmasgames.hytalerpg.execution.hytale.SentinelSourceConsumerTest#eachSentinelConditionalUsesFrozenOriginAndLiveVictimFacts,True,FUNCTIONAL,[]
WA-046,Opportunistic,PREFIX,CONDITIONAL_DAMAGE,ALL,"V% increased direct damage when target is actually Stunned, Frozen, Rooted or Feared. At most one conditional-damage affix per item; check condition at impact. Require: BASE-CORE. Armor: none.",none.,gm.battleaxe_adamantite.h,com.inigmasgames.hytalerpg.gear.MasterAffixEquipmentSimulatorTest#authoredCarrierIsProductionEligible,"com.inigmasgames.hytalerpg.gear.MasterAffixEquipmentSimulatorTest#authoredCarrierIsProductionEligible(WA-046, ab-wa-046-affixed, gm.battleaxe_adamantite.h)",[],ab-wa-046-affixed,ab-wa-046-control,[],"[""com.inigmasgames.hytalerpg.gear.MasterAffixEquipmentSimulatorTest#authoredAffixReachesFrozenEquipmentSnapshotAndLeavesOnEveryInvalidation""]","[""src/main/java/com/inigmasgames/hytalerpg/gear/GearHitConditions.java""]",[],src/main/java/com/inigmasgames/hytalerpg/combat/hytale/HytaleConditionalDamage.java,com.inigmasgames.hytalerpg.gear.GearCombatProductionTest#conditionalRulesMutateTheProductionNativeGatherAmountAndRespectTheirBoundaries,com.inigmasgames.hytalerpg.gear.GearCombatProductionTest#conditionalRulesMutateTheProductionNativeGatherAmountAndRespectTheirBoundaries,com.inigmasgames.hytalerpg.gear.GearCombatProductionTest#conditionalRulesMutateTheProductionNativeGatherAmountAndRespectTheirBoundaries,[],,PROVEN,com.inigmasgames.hytalerpg.gear.MasterAffixEquipmentSimulatorTest#authoredAffixReachesFrozenEquipmentSnapshotAndLeavesOnEveryInvalidation,,False,,SELF_STAT,True,INHERITED,com.inigmasgames.hytalerpg.execution.hytale.SentinelSourceConsumerTest#eachSentinelConditionalUsesFrozenOriginAndLiveVictimFacts,True,FUNCTIONAL,[]
WA-047,Scorch-Seeking,PREFIX,CONDITIONAL_DAMAGE,ALL,V% increased direct damage when target has an active Burn. At most one conditional-damage affix per item; check condition at impact. Require: BASE-CORE. Armor: none.,none.,gm.battleaxe_adamantite.h,com.inigmasgames.hytalerpg.gear.MasterAffixEquipmentSimulatorTest#authoredCarrierIsProductionEligible,"com.inigmasgames.hytalerpg.gear.MasterAffixEquipmentSimulatorTest#authoredCarrierIsProductionEligible(WA-047, ab-wa-047-affixed, gm.battleaxe_adamantite.h)",[],ab-wa-047-affixed,ab-wa-047-control,[],"[""com.inigmasgames.hytalerpg.gear.MasterAffixEquipmentSimulatorTest#authoredAffixReachesFrozenEquipmentSnapshotAndLeavesOnEveryInvalidation""]","[""src/main/java/com/inigmasgames/hytalerpg/gear/GearHitConditions.java""]",[],src/main/java/com/inigmasgames/hytalerpg/combat/hytale/HytaleConditionalDamage.java,com.inigmasgames.hytalerpg.gear.GearCombatProductionTest#conditionalRulesMutateTheProductionNativeGatherAmountAndRespectTheirBoundaries,com.inigmasgames.hytalerpg.gear.GearCombatProductionTest#conditionalRulesMutateTheProductionNativeGatherAmountAndRespectTheirBoundaries,com.inigmasgames.hytalerpg.gear.GearCombatProductionTest#conditionalRulesMutateTheProductionNativeGatherAmountAndRespectTheirBoundaries,[],,PROVEN,com.inigmasgames.hytalerpg.gear.MasterAffixEquipmentSimulatorTest#authoredAffixReachesFrozenEquipmentSnapshotAndLeavesOnEveryInvalidation,,False,,SELF_STAT,True,INHERITED,com.inigmasgames.hytalerpg.execution.hytale.SentinelSourceConsumerTest#eachSentinelConditionalUsesFrozenOriginAndLiveVictimFacts,True,FUNCTIONAL,[]
WA-048,Frost-Seeking,PREFIX,CONDITIONAL_DAMAGE,ALL,V% increased direct damage when target has an active Chill stack. At most one conditional-damage affix per item; check condition at impact. Require: BASE-CORE. Armor: none.,none.,gm.battleaxe_adamantite.h,com.inigmasgames.hytalerpg.gear.MasterAffixEquipmentSimulatorTest#authoredCarrierIsProductionEligible,"com.inigmasgames.hytalerpg.gear.MasterAffixEquipmentSimulatorTest#authoredCarrierIsProductionEligible(WA-048, ab-wa-048-affixed, gm.battleaxe_adamantite.h)",[],ab-wa-048-affixed,ab-wa-048-control,[],"[""com.inigmasgames.hytalerpg.gear.MasterAffixEquipmentSimulatorTest#authoredAffixReachesFrozenEquipmentSnapshotAndLeavesOnEveryInvalidation""]","[""src/main/java/com/inigmasgames/hytalerpg/gear/GearHitConditions.java""]",[],src/main/java/com/inigmasgames/hytalerpg/combat/hytale/HytaleConditionalDamage.java,com.inigmasgames.hytalerpg.gear.GearCombatProductionTest#conditionalRulesMutateTheProductionNativeGatherAmountAndRespectTheirBoundaries,com.inigmasgames.hytalerpg.gear.GearCombatProductionTest#conditionalRulesMutateTheProductionNativeGatherAmountAndRespectTheirBoundaries,com.inigmasgames.hytalerpg.gear.GearCombatProductionTest#conditionalRulesMutateTheProductionNativeGatherAmountAndRespectTheirBoundaries,[],,PROVEN,com.inigmasgames.hytalerpg.gear.MasterAffixEquipmentSimulatorTest#authoredAffixReachesFrozenEquipmentSnapshotAndLeavesOnEveryInvalidation,,False,,SELF_STAT,True,INHERITED,com.inigmasgames.hytalerpg.execution.hytale.SentinelSourceConsumerTest#eachSentinelConditionalUsesFrozenOriginAndLiveVictimFacts,True,FUNCTIONAL,[]
WA-049,Storm-Seeking,PREFIX,CONDITIONAL_DAMAGE,ALL,V% increased direct damage when target has at least one Electrified stack. At most one conditional-damage affix per item; check condition at impact. Require: BASE-CORE. Armor: none.,none.,gm.battleaxe_adamantite.h,com.inigmasgames.hytalerpg.gear.MasterAffixEquipmentSimulatorTest#authoredCarrierIsProductionEligible,"com.inigmasgames.hytalerpg.gear.MasterAffixEquipmentSimulatorTest#authoredCarrierIsProductionEligible(WA-049, ab-wa-049-affixed, gm.battleaxe_adamantite.h)",[],ab-wa-049-affixed,ab-wa-049-control,[],"[""com.inigmasgames.hytalerpg.gear.MasterAffixEquipmentSimulatorTest#authoredAffixReachesFrozenEquipmentSnapshotAndLeavesOnEveryInvalidation""]","[""src/main/java/com/inigmasgames/hytalerpg/gear/GearHitConditions.java""]",[],src/main/java/com/inigmasgames/hytalerpg/combat/hytale/HytaleConditionalDamage.java,com.inigmasgames.hytalerpg.gear.GearCombatProductionTest#conditionalRulesMutateTheProductionNativeGatherAmountAndRespectTheirBoundaries,com.inigmasgames.hytalerpg.gear.GearCombatProductionTest#conditionalRulesMutateTheProductionNativeGatherAmountAndRespectTheirBoundaries,com.inigmasgames.hytalerpg.gear.GearCombatProductionTest#conditionalRulesMutateTheProductionNativeGatherAmountAndRespectTheirBoundaries,[],,PROVEN,com.inigmasgames.hytalerpg.gear.MasterAffixEquipmentSimulatorTest#authoredAffixReachesFrozenEquipmentSnapshotAndLeavesOnEveryInvalidation,,False,,SELF_STAT,True,INHERITED,com.inigmasgames.hytalerpg.execution.hytale.SentinelSourceConsumerTest#eachSentinelConditionalUsesFrozenOriginAndLiveVictimFacts,True,FUNCTIONAL,[]
WA-050,Venom-Seeking,PREFIX,CONDITIONAL_DAMAGE,ALL,V% increased direct damage when target has active Poison. At most one conditional-damage affix per item; check condition at impact. Require: BASE-CORE. Armor: none.,none.,gm.battleaxe_adamantite.h,com.inigmasgames.hytalerpg.gear.MasterAffixEquipmentSimulatorTest#authoredCarrierIsProductionEligible,"com.inigmasgames.hytalerpg.gear.MasterAffixEquipmentSimulatorTest#authoredCarrierIsProductionEligible(WA-050, ab-wa-050-affixed, gm.battleaxe_adamantite.h)",[],ab-wa-050-affixed,ab-wa-050-control,[],"[""com.inigmasgames.hytalerpg.gear.MasterAffixEquipmentSimulatorTest#authoredAffixReachesFrozenEquipmentSnapshotAndLeavesOnEveryInvalidation""]","[""src/main/java/com/inigmasgames/hytalerpg/gear/GearHitConditions.java""]",[],src/main/java/com/inigmasgames/hytalerpg/combat/hytale/HytaleConditionalDamage.java,com.inigmasgames.hytalerpg.gear.GearCombatProductionTest#conditionalRulesMutateTheProductionNativeGatherAmountAndRespectTheirBoundaries,com.inigmasgames.hytalerpg.gear.GearCombatProductionTest#conditionalRulesMutateTheProductionNativeGatherAmountAndRespectTheirBoundaries,com.inigmasgames.hytalerpg.gear.GearCombatProductionTest#conditionalRulesMutateTheProductionNativeGatherAmountAndRespectTheirBoundaries,[],,PROVEN,com.inigmasgames.hytalerpg.gear.MasterAffixEquipmentSimulatorTest#authoredAffixReachesFrozenEquipmentSnapshotAndLeavesOnEveryInvalidation,,False,,SELF_STAT,True,INHERITED,com.inigmasgames.hytalerpg.execution.hytale.SentinelSourceConsumerTest#eachSentinelConditionalUsesFrozenOriginAndLiveVictimFacts,True,FUNCTIONAL,[]
WA-051,Blood-Seeking,PREFIX,CONDITIONAL_DAMAGE,"M, R, B",V% increased direct damage when target has active Bleed. At most one conditional-damage affix per item; check condition at impact. Require: BASE-CORE. Armor: none.,none.,gm.battleaxe_adamantite.h,com.inigmasgames.hytalerpg.gear.MasterAffixEquipmentSimulatorTest#authoredCarrierIsProductionEligible,"com.inigmasgames.hytalerpg.gear.MasterAffixEquipmentSimulatorTest#authoredCarrierIsProductionEligible(WA-051, ab-wa-051-affixed, gm.battleaxe_adamantite.h)",[],ab-wa-051-affixed,ab-wa-051-control,[],"[""com.inigmasgames.hytalerpg.gear.MasterAffixEquipmentSimulatorTest#authoredAffixReachesFrozenEquipmentSnapshotAndLeavesOnEveryInvalidation""]","[""src/main/java/com/inigmasgames/hytalerpg/gear/GearHitConditions.java""]",[],src/main/java/com/inigmasgames/hytalerpg/combat/hytale/HytaleConditionalDamage.java,com.inigmasgames.hytalerpg.gear.GearCombatProductionTest#conditionalRulesMutateTheProductionNativeGatherAmountAndRespectTheirBoundaries,com.inigmasgames.hytalerpg.gear.GearCombatProductionTest#conditionalRulesMutateTheProductionNativeGatherAmountAndRespectTheirBoundaries,com.inigmasgames.hytalerpg.gear.GearCombatProductionTest#conditionalRulesMutateTheProductionNativeGatherAmountAndRespectTheirBoundaries,[],,PROVEN,com.inigmasgames.hytalerpg.gear.MasterAffixEquipmentSimulatorTest#authoredAffixReachesFrozenEquipmentSnapshotAndLeavesOnEveryInvalidation,,False,,SELF_STAT,True,INHERITED,com.inigmasgames.hytalerpg.execution.hytale.SentinelSourceConsumerTest#eachSentinelConditionalUsesFrozenOriginAndLiveVictimFacts,True,FUNCTIONAL,[]
WA-052,Giant-Hunting,PREFIX,CONDITIONAL_DAMAGE,"M, R, B, C","V% increased direct damage when target’s authored encounter rank is Elite, Miniboss or Boss. At most one conditional-damage affix per item; check condition at impact. Require: BASE-CORE. Armor: none.",none.,gm.battleaxe_adamantite.h,com.inigmasgames.hytalerpg.gear.MasterAffixEquipmentSimulatorTest#authoredCarrierIsProductionEligible,"com.inigmasgames.hytalerpg.gear.MasterAffixEquipmentSimulatorTest#authoredCarrierIsProductionEligible(WA-052, ab-wa-052-affixed, gm.battleaxe_adamantite.h)",[],ab-wa-052-affixed,ab-wa-052-control,[],"[""com.inigmasgames.hytalerpg.gear.MasterAffixEquipmentSimulatorTest#authoredAffixReachesFrozenEquipmentSnapshotAndLeavesOnEveryInvalidation""]","[""src/main/java/com/inigmasgames/hytalerpg/gear/GearHitConditions.java""]",[],src/main/java/com/inigmasgames/hytalerpg/combat/hytale/HytaleConditionalDamage.java,com.inigmasgames.hytalerpg.gear.GearCombatProductionTest#conditionalRulesMutateTheProductionNativeGatherAmountAndRespectTheirBoundaries,com.inigmasgames.hytalerpg.gear.GearCombatProductionTest#conditionalRulesMutateTheProductionNativeGatherAmountAndRespectTheirBoundaries,com.inigmasgames.hytalerpg.gear.GearCombatProductionTest#conditionalRulesMutateTheProductionNativeGatherAmountAndRespectTheirBoundaries,[],,PROVEN,com.inigmasgames.hytalerpg.gear.MasterAffixEquipmentSimulatorTest#authoredAffixReachesFrozenEquipmentSnapshotAndLeavesOnEveryInvalidation,,False,,SELF_STAT,True,INHERITED,com.inigmasgames.hytalerpg.execution.hytale.SentinelSourceConsumerTest#eachSentinelConditionalUsesFrozenOriginAndLiveVictimFacts,True,FUNCTIONAL,[]
WA-053,of Serration,SUFFIX,STATUS_PAYLOAD,"M, R, B",V% chance on an eligible direct hit to apply Bleed. requires positive Physical hit; DPS follows shared Bleed profile; see proc rules. Require: BASE-CORE. Armor: none.,none.,gm.battleaxe_adamantite.h,com.inigmasgames.hytalerpg.gear.MasterAffixEquipmentSimulatorTest#authoredCarrierIsProductionEligible,"com.inigmasgames.hytalerpg.gear.MasterAffixEquipmentSimulatorTest#authoredCarrierIsProductionEligible(WA-053, ab-wa-053-affixed, gm.battleaxe_adamantite.h)",[],ab-wa-053-affixed,ab-wa-053-control,[],"[""com.inigmasgames.hytalerpg.combat.status.GearStatusAdmissionTest#idleItemDoesNotProcButGlobalStatusPenetrationStillContributes"", ""com.inigmasgames.hytalerpg.combat.status.GearStatusAdmissionTest#serrationIgnitionAndVenomEnterTheExistingPeriodicOwnerOnce"", ""com.inigmasgames.hytalerpg.execution.hytale.GearSignatureIntegrationTest#zeroAuthoredChannelDoesNotDelayCompletionAndAbsorptionIsAccepted"", ""com.inigmasgames.hytalerpg.execution.hytale.GearStatusBindingsTest#acceptedNativeSourceClassifiesOnlyChannelsWithPositivePower"", ""com.inigmasgames.hytalerpg.execution.summon.IronSentinelAffixInheritanceTest#everyAuthoredFamilyHasAnExplicitDispositionAndUnsupportedOnesFailBeforeForge"", ""com.inigmasgames.hytalerpg.gear.MasterAffixEquipmentSimulatorTest#authoredAffixReachesFrozenEquipmentSnapshotAndLeavesOnEveryInvalidation""]","[""src/main/java/com/inigmasgames/hytalerpg/combat/status/GearStatusRuntime.java"", ""src/main/java/com/inigmasgames/hytalerpg/execution/hytale/GearStatusBindings.java"", ""src/main/java/com/inigmasgames/hytalerpg/execution/hytale/NativeGearStatusObserver.java""]",[],src/main/java/com/inigmasgames/hytalerpg/combat/status/GearStatusRuntime.java,com.inigmasgames.hytalerpg.gear.MasterAffixFinalControlsTest#gearStatusRuntimeAdmitSameHitUnrolledAndProtectedOrChanceMiss,com.inigmasgames.hytalerpg.gear.MasterAffixFinalControlsTest#gearStatusRuntimeAdmitSameHitUnrolledAndProtectedOrChanceMiss,com.inigmasgames.hytalerpg.gear.MasterAffixFinalControlsTest#gearStatusRuntimeAdmitSameHitUnrolledAndProtectedOrChanceMiss,[],,PROVEN,com.inigmasgames.hytalerpg.gear.MasterAffixEquipmentSimulatorTest#authoredAffixReachesFrozenEquipmentSnapshotAndLeavesOnEveryInvalidation,,False,,ATTACK_PROC,True,INHERITED,com.inigmasgames.hytalerpg.execution.hytale.SentinelSourceConsumerTest#eachBoundStatusChanceRequiresAnAcceptedMatchingNativeChannel,True,FUNCTIONAL,[]
WA-054,of Ignition,SUFFIX,STATUS_PAYLOAD,"M, R, B, C",V% chance on an eligible direct hit to apply Burn. requires positive Fire hit; no second Burn system; see proc rules. Require: BASE-CORE. Armor: none.,none.,gm.battleaxe_adamantite.h,com.inigmasgames.hytalerpg.gear.MasterAffixEquipmentSimulatorTest#authoredCarrierIsProductionEligible,"com.inigmasgames.hytalerpg.gear.MasterAffixEquipmentSimulatorTest#authoredCarrierIsProductionEligible(WA-054, ab-wa-054-affixed, gm.battleaxe_adamantite.h)",[],ab-wa-054-affixed,ab-wa-054-control,[],"[""com.inigmasgames.hytalerpg.combat.status.GearStatusAdmissionTest#serrationIgnitionAndVenomEnterTheExistingPeriodicOwnerOnce"", ""com.inigmasgames.hytalerpg.gear.GearTooltipV12Test#formatterSubstitutesPersistedPrecisionAndCanonicalSkillName"", ""com.inigmasgames.hytalerpg.gear.MasterAffixEquipmentSimulatorTest#authoredAffixReachesFrozenEquipmentSnapshotAndLeavesOnEveryInvalidation""]","[""src/main/java/com/inigmasgames/hytalerpg/combat/status/GearStatusRuntime.java"", ""src/main/java/com/inigmasgames/hytalerpg/execution/hytale/GearStatusBindings.java"", ""src/main/java/com/inigmasgames/hytalerpg/execution/hytale/NativeGearStatusObserver.java""]",[],src/main/java/com/inigmasgames/hytalerpg/combat/status/GearStatusRuntime.java,com.inigmasgames.hytalerpg.gear.MasterAffixFinalControlsTest#gearStatusRuntimeAdmitSameHitUnrolledAndProtectedOrChanceMiss,com.inigmasgames.hytalerpg.gear.MasterAffixFinalControlsTest#gearStatusRuntimeAdmitSameHitUnrolledAndProtectedOrChanceMiss,com.inigmasgames.hytalerpg.gear.MasterAffixFinalControlsTest#gearStatusRuntimeAdmitSameHitUnrolledAndProtectedOrChanceMiss,[],,PROVEN,com.inigmasgames.hytalerpg.gear.MasterAffixEquipmentSimulatorTest#authoredAffixReachesFrozenEquipmentSnapshotAndLeavesOnEveryInvalidation,,False,,ATTACK_PROC,True,INHERITED,com.inigmasgames.hytalerpg.execution.hytale.SentinelSourceConsumerTest#eachBoundStatusChanceRequiresAnAcceptedMatchingNativeChannel,True,FUNCTIONAL,[]
WA-055,of Venom,SUFFIX,STATUS_PAYLOAD,"M, R, B, C",V% chance on an eligible direct hit to apply Poison. requires positive Physical or Earth hit; profile defines stack cap; see proc rules. Require: BASE-CORE. Armor: none.,none.,gm.battleaxe_adamantite.h,com.inigmasgames.hytalerpg.gear.MasterAffixEquipmentSimulatorTest#authoredCarrierIsProductionEligible,"com.inigmasgames.hytalerpg.gear.MasterAffixEquipmentSimulatorTest#authoredCarrierIsProductionEligible(WA-055, ab-wa-055-affixed, gm.battleaxe_adamantite.h)",[],ab-wa-055-affixed,ab-wa-055-control,[],"[""com.inigmasgames.hytalerpg.combat.status.GearStatusAdmissionTest#serrationIgnitionAndVenomEnterTheExistingPeriodicOwnerOnce"", ""com.inigmasgames.hytalerpg.gear.MasterAffixEquipmentSimulatorTest#authoredAffixReachesFrozenEquipmentSnapshotAndLeavesOnEveryInvalidation""]","[""src/main/java/com/inigmasgames/hytalerpg/combat/status/GearStatusRuntime.java"", ""src/main/java/com/inigmasgames/hytalerpg/execution/hytale/GearStatusBindings.java"", ""src/main/java/com/inigmasgames/hytalerpg/execution/hytale/NativeGearStatusObserver.java""]",[],src/main/java/com/inigmasgames/hytalerpg/combat/status/GearStatusRuntime.java,com.inigmasgames.hytalerpg.gear.MasterAffixFinalControlsTest#gearStatusRuntimeAdmitSameHitUnrolledAndProtectedOrChanceMiss,com.inigmasgames.hytalerpg.gear.MasterAffixFinalControlsTest#gearStatusRuntimeAdmitSameHitUnrolledAndProtectedOrChanceMiss,com.inigmasgames.hytalerpg.gear.MasterAffixFinalControlsTest#gearStatusRuntimeAdmitSameHitUnrolledAndProtectedOrChanceMiss,[],,PROVEN,com.inigmasgames.hytalerpg.gear.MasterAffixEquipmentSimulatorTest#authoredAffixReachesFrozenEquipmentSnapshotAndLeavesOnEveryInvalidation,,False,,ATTACK_PROC,True,INHERITED,com.inigmasgames.hytalerpg.execution.hytale.SentinelSourceConsumerTest#eachBoundStatusChanceRequiresAnAcceptedMatchingNativeChannel,True,FUNCTIONAL,[]
WA-056,of Rime,SUFFIX,STATUS_PAYLOAD,"M, R, B, C",V% chance on an eligible direct hit to apply one Chill stack. requires positive Water hit; threshold policy remains authoritative; see proc rules. Require: BASE-CORE. Armor: none.,none.,gm.battleaxe_adamantite.h,com.inigmasgames.hytalerpg.gear.MasterAffixEquipmentSimulatorTest#authoredCarrierIsProductionEligible,"com.inigmasgames.hytalerpg.gear.MasterAffixEquipmentSimulatorTest#authoredCarrierIsProductionEligible(WA-056, ab-wa-056-affixed, gm.battleaxe_adamantite.h)",[],ab-wa-056-affixed,ab-wa-056-control,[],"[""com.inigmasgames.hytalerpg.combat.status.GearStatusRuntimeTest#eligibleChillUsesCanonicalThresholdOwnerAndOneContact"", ""com.inigmasgames.hytalerpg.execution.hytale.GearStatusBindingsTest#rootGetsOneSharedSkillAndItemOpportunityEvenWithMultipleContacts"", ""com.inigmasgames.hytalerpg.gear.MasterAffixEquipmentSimulatorTest#authoredAffixReachesFrozenEquipmentSnapshotAndLeavesOnEveryInvalidation""]","[""src/main/java/com/inigmasgames/hytalerpg/combat/status/GearStatusRuntime.java"", ""src/main/java/com/inigmasgames/hytalerpg/execution/hytale/GearStatusBindings.java"", ""src/main/java/com/inigmasgames/hytalerpg/execution/hytale/NativeGearStatusObserver.java""]",[],src/main/java/com/inigmasgames/hytalerpg/combat/status/GearStatusRuntime.java,com.inigmasgames.hytalerpg.combat.status.GearStatusRuntimeTest#eligibleChillUsesCanonicalThresholdOwnerAndOneContact,com.inigmasgames.hytalerpg.combat.status.GearStatusRuntimeTest#eligibleChillUsesCanonicalThresholdOwnerAndOneContact,com.inigmasgames.hytalerpg.combat.status.GearStatusRuntimeTest#eligibleChillUsesCanonicalThresholdOwnerAndOneContact,[],,PROVEN,com.inigmasgames.hytalerpg.gear.MasterAffixEquipmentSimulatorTest#authoredAffixReachesFrozenEquipmentSnapshotAndLeavesOnEveryInvalidation,,False,,ATTACK_PROC,True,INHERITED,com.inigmasgames.hytalerpg.execution.hytale.SentinelSourceConsumerTest#eachBoundStatusChanceRequiresAnAcceptedMatchingNativeChannel,True,FUNCTIONAL,[]
WA-057,of Static,SUFFIX,STATUS_PAYLOAD,"M, R, B, C",V% chance on an eligible direct hit to apply one Electrified stack. requires positive Lightning hit; use canonical accuracy debuff; see proc rules. Require: BASE-CORE. Armor: none.,none.,gm.battleaxe_adamantite.h,com.inigmasgames.hytalerpg.gear.MasterAffixEquipmentSimulatorTest#authoredCarrierIsProductionEligible,"com.inigmasgames.hytalerpg.gear.MasterAffixEquipmentSimulatorTest#authoredCarrierIsProductionEligible(WA-057, ab-wa-057-affixed, gm.battleaxe_adamantite.h)",[],ab-wa-057-affixed,ab-wa-057-control,[],"[""com.inigmasgames.hytalerpg.combat.status.GearStatusAdmissionTest#staticStunSilenceAndRootUseCanonicalStatusAdmission"", ""com.inigmasgames.hytalerpg.gear.MasterAffixEquipmentSimulatorTest#authoredAffixReachesFrozenEquipmentSnapshotAndLeavesOnEveryInvalidation""]","[""src/main/java/com/inigmasgames/hytalerpg/combat/status/GearStatusRuntime.java"", ""src/main/java/com/inigmasgames/hytalerpg/execution/hytale/GearStatusBindings.java"", ""src/main/java/com/inigmasgames/hytalerpg/execution/hytale/NativeGearStatusObserver.java""]",[],src/main/java/com/inigmasgames/hytalerpg/combat/status/GearStatusRuntime.java,com.inigmasgames.hytalerpg.gear.MasterAffixFinalControlsTest#gearStatusRuntimeAdmitSameHitUnrolledAndProtectedOrChanceMiss,com.inigmasgames.hytalerpg.gear.MasterAffixFinalControlsTest#gearStatusRuntimeAdmitSameHitUnrolledAndProtectedOrChanceMiss,com.inigmasgames.hytalerpg.gear.MasterAffixFinalControlsTest#gearStatusRuntimeAdmitSameHitUnrolledAndProtectedOrChanceMiss,[],,PROVEN,com.inigmasgames.hytalerpg.gear.MasterAffixEquipmentSimulatorTest#authoredAffixReachesFrozenEquipmentSnapshotAndLeavesOnEveryInvalidation,,False,,ATTACK_PROC,True,INHERITED,com.inigmasgames.hytalerpg.execution.hytale.SentinelSourceConsumerTest#eachBoundStatusChanceRequiresAnAcceptedMatchingNativeChannel,True,FUNCTIONAL,[]
WA-058,of Hobbling,SUFFIX,STATUS_PAYLOAD,"M, R, B, C",V% chance on an eligible direct hit to apply one Slow stack. requires a valid direct hit; uses the 10% / five-stack / five-second Slow rules; see proc rules. Require: BASE-CORE. Armor: none.,none.,gm.battleaxe_adamantite.h,com.inigmasgames.hytalerpg.gear.MasterAffixEquipmentSimulatorTest#authoredCarrierIsProductionEligible,"com.inigmasgames.hytalerpg.gear.MasterAffixEquipmentSimulatorTest#authoredCarrierIsProductionEligible(WA-058, ab-wa-058-affixed, gm.battleaxe_adamantite.h)",[],ab-wa-058-affixed,ab-wa-058-control,[],"[""com.inigmasgames.hytalerpg.combat.status.GearStatusAdmissionTest#controllerAdmissionsKeepImmunityAndFiveStackSlow"", ""com.inigmasgames.hytalerpg.gear.MasterAffixEquipmentSimulatorTest#authoredAffixReachesFrozenEquipmentSnapshotAndLeavesOnEveryInvalidation""]","[""src/main/java/com/inigmasgames/hytalerpg/combat/status/GearStatusRuntime.java"", ""src/main/java/com/inigmasgames/hytalerpg/execution/hytale/GearStatusBindings.java"", ""src/main/java/com/inigmasgames/hytalerpg/execution/hytale/NativeGearStatusObserver.java""]",[],src/main/java/com/inigmasgames/hytalerpg/combat/status/GearStatusRuntime.java,com.inigmasgames.hytalerpg.gear.MasterAffixFinalControlsTest#gearStatusRuntimeAdmitSameHitUnrolledAndProtectedOrChanceMiss,com.inigmasgames.hytalerpg.gear.MasterAffixFinalControlsTest#gearStatusRuntimeAdmitSameHitUnrolledAndProtectedOrChanceMiss,com.inigmasgames.hytalerpg.gear.MasterAffixFinalControlsTest#gearStatusRuntimeAdmitSameHitUnrolledAndProtectedOrChanceMiss,[],,PROVEN,com.inigmasgames.hytalerpg.gear.MasterAffixEquipmentSimulatorTest#authoredAffixReachesFrozenEquipmentSnapshotAndLeavesOnEveryInvalidation,,False,,ATTACK_PROC,True,INHERITED,com.inigmasgames.hytalerpg.execution.hytale.SentinelSourceConsumerTest#eachBoundStatusChanceRequiresAnAcceptedMatchingNativeChannel,True,FUNCTIONAL,[]
WA-059,of Concussion,SUFFIX,STATUS_PAYLOAD,"M, R, H",V% chance on an eligible direct hit to apply Stun for 0.6 s. requires a positive Physical hit; all control immunities apply; see proc rules. Require: BASE-CORE. Armor: none.,none.,gm.battleaxe_adamantite.h,com.inigmasgames.hytalerpg.gear.MasterAffixEquipmentSimulatorTest#authoredCarrierIsProductionEligible,"com.inigmasgames.hytalerpg.gear.MasterAffixEquipmentSimulatorTest#authoredCarrierIsProductionEligible(WA-059, ab-wa-059-affixed, gm.battleaxe_adamantite.h)",[],ab-wa-059-affixed,ab-wa-059-control,[],"[""com.inigmasgames.hytalerpg.combat.status.GearStatusAdmissionTest#controllerAdmissionsKeepImmunityAndFiveStackSlow"", ""com.inigmasgames.hytalerpg.combat.status.GearStatusAdmissionTest#staticStunSilenceAndRootUseCanonicalStatusAdmission"", ""com.inigmasgames.hytalerpg.gear.MasterAffixEquipmentSimulatorTest#authoredAffixReachesFrozenEquipmentSnapshotAndLeavesOnEveryInvalidation""]","[""src/main/java/com/inigmasgames/hytalerpg/combat/status/GearStatusRuntime.java"", ""src/main/java/com/inigmasgames/hytalerpg/execution/hytale/GearStatusBindings.java"", ""src/main/java/com/inigmasgames/hytalerpg/execution/hytale/NativeGearStatusObserver.java""]",[],src/main/java/com/inigmasgames/hytalerpg/combat/status/GearStatusRuntime.java,com.inigmasgames.hytalerpg.gear.MasterAffixFinalControlsTest#gearStatusRuntimeAdmitSameHitUnrolledAndProtectedOrChanceMiss,com.inigmasgames.hytalerpg.gear.MasterAffixFinalControlsTest#gearStatusRuntimeAdmitSameHitUnrolledAndProtectedOrChanceMiss,com.inigmasgames.hytalerpg.gear.MasterAffixFinalControlsTest#gearStatusRuntimeAdmitSameHitUnrolledAndProtectedOrChanceMiss,[],,PROVEN,com.inigmasgames.hytalerpg.gear.MasterAffixEquipmentSimulatorTest#authoredAffixReachesFrozenEquipmentSnapshotAndLeavesOnEveryInvalidation,,False,,ATTACK_PROC,True,INHERITED,com.inigmasgames.hytalerpg.execution.hytale.SentinelSourceConsumerTest#eachBoundStatusChanceRequiresAnAcceptedMatchingNativeChannel,True,FUNCTIONAL,[]
WA-060,of Hushing,SUFFIX,STATUS_PAYLOAD,"M, R, C",V% chance on an eligible direct hit to apply Silence for 1.5 s. requires a valid hit; basic attacks remain available; see proc rules. Require: BASE-CORE. Armor: none.,none.,gm.battleaxe_adamantite.h,com.inigmasgames.hytalerpg.gear.MasterAffixEquipmentSimulatorTest#authoredCarrierIsProductionEligible,"com.inigmasgames.hytalerpg.gear.MasterAffixEquipmentSimulatorTest#authoredCarrierIsProductionEligible(WA-060, ab-wa-060-affixed, gm.battleaxe_adamantite.h)",[],ab-wa-060-affixed,ab-wa-060-control,[],"[""com.inigmasgames.hytalerpg.combat.status.GearStatusAdmissionTest#staticStunSilenceAndRootUseCanonicalStatusAdmission"", ""com.inigmasgames.hytalerpg.gear.MasterAffixEquipmentSimulatorTest#authoredAffixReachesFrozenEquipmentSnapshotAndLeavesOnEveryInvalidation""]","[""src/main/java/com/inigmasgames/hytalerpg/combat/status/GearStatusRuntime.java"", ""src/main/java/com/inigmasgames/hytalerpg/execution/hytale/GearStatusBindings.java"", ""src/main/java/com/inigmasgames/hytalerpg/execution/hytale/NativeGearStatusObserver.java""]",[],src/main/java/com/inigmasgames/hytalerpg/combat/status/GearStatusRuntime.java,com.inigmasgames.hytalerpg.gear.MasterAffixFinalControlsTest#gearStatusRuntimeAdmitSameHitUnrolledAndProtectedOrChanceMiss,com.inigmasgames.hytalerpg.gear.MasterAffixFinalControlsTest#gearStatusRuntimeAdmitSameHitUnrolledAndProtectedOrChanceMiss,com.inigmasgames.hytalerpg.gear.MasterAffixFinalControlsTest#gearStatusRuntimeAdmitSameHitUnrolledAndProtectedOrChanceMiss,[],,PROVEN,com.inigmasgames.hytalerpg.gear.MasterAffixEquipmentSimulatorTest#authoredAffixReachesFrozenEquipmentSnapshotAndLeavesOnEveryInvalidation,,False,,ATTACK_PROC,True,INHERITED,com.inigmasgames.hytalerpg.execution.hytale.SentinelSourceConsumerTest#eachBoundStatusChanceRequiresAnAcceptedMatchingNativeChannel,True,FUNCTIONAL,[]
WA-061,of Dimming,SUFFIX,STATUS_PAYLOAD,"M, R, C",V% chance on an eligible direct hit to apply Blind for 2 s. 50% Physical miss rule; player vignette only; see proc rules. Require: BASE-CORE. Armor: none.,none.,gm.battleaxe_adamantite.h,com.inigmasgames.hytalerpg.gear.MasterAffixEquipmentSimulatorTest#authoredCarrierIsProductionEligible,"com.inigmasgames.hytalerpg.gear.MasterAffixEquipmentSimulatorTest#authoredCarrierIsProductionEligible(WA-061, ab-wa-061-affixed, gm.battleaxe_adamantite.h)",[],ab-wa-061-affixed,ab-wa-061-control,[],"[""com.inigmasgames.hytalerpg.combat.status.GearStatusAdmissionTest#controllerAdmissionsKeepImmunityAndFiveStackSlow"", ""com.inigmasgames.hytalerpg.gear.MasterAffixEquipmentSimulatorTest#authoredAffixReachesFrozenEquipmentSnapshotAndLeavesOnEveryInvalidation""]","[""src/main/java/com/inigmasgames/hytalerpg/combat/status/GearStatusRuntime.java"", ""src/main/java/com/inigmasgames/hytalerpg/execution/hytale/GearStatusBindings.java"", ""src/main/java/com/inigmasgames/hytalerpg/execution/hytale/NativeGearStatusObserver.java""]",[],src/main/java/com/inigmasgames/hytalerpg/combat/status/GearStatusRuntime.java,com.inigmasgames.hytalerpg.gear.MasterAffixFinalControlsTest#gearStatusRuntimeAdmitSameHitUnrolledAndProtectedOrChanceMiss,com.inigmasgames.hytalerpg.gear.MasterAffixFinalControlsTest#gearStatusRuntimeAdmitSameHitUnrolledAndProtectedOrChanceMiss,com.inigmasgames.hytalerpg.gear.MasterAffixFinalControlsTest#gearStatusRuntimeAdmitSameHitUnrolledAndProtectedOrChanceMiss,[],,PROVEN,com.inigmasgames.hytalerpg.gear.MasterAffixEquipmentSimulatorTest#authoredAffixReachesFrozenEquipmentSnapshotAndLeavesOnEveryInvalidation,,False,,ATTACK_PROC,True,INHERITED,com.inigmasgames.hytalerpg.execution.hytale.SentinelSourceConsumerTest#eachBoundStatusChanceRequiresAnAcceptedMatchingNativeChannel,True,FUNCTIONAL,[]
WA-062,of Dread,SUFFIX,STATUS_PAYLOAD,"M, R, C",V% chance on an eligible direct hit to apply Fear for 1.5 s. retains target eligibility and damage-break rules; see proc rules. Require: BASE-CORE. Armor: none.,none.,gm.battleaxe_adamantite.h,com.inigmasgames.hytalerpg.gear.MasterAffixEquipmentSimulatorTest#authoredCarrierIsProductionEligible,"com.inigmasgames.hytalerpg.gear.MasterAffixEquipmentSimulatorTest#authoredCarrierIsProductionEligible(WA-062, ab-wa-062-affixed, gm.battleaxe_adamantite.h)",[],ab-wa-062-affixed,ab-wa-062-control,[],"[""com.inigmasgames.hytalerpg.combat.status.GearStatusAdmissionTest#fearRemainsForTriggeringRootThenBreaksOnLaterDirectRoot"", ""com.inigmasgames.hytalerpg.gear.MasterAffixEquipmentSimulatorTest#authoredAffixReachesFrozenEquipmentSnapshotAndLeavesOnEveryInvalidation""]","[""src/main/java/com/inigmasgames/hytalerpg/combat/status/GearStatusRuntime.java"", ""src/main/java/com/inigmasgames/hytalerpg/execution/hytale/GearStatusBindings.java"", ""src/main/java/com/inigmasgames/hytalerpg/execution/hytale/NativeGearStatusObserver.java""]",[],src/main/java/com/inigmasgames/hytalerpg/combat/status/GearStatusRuntime.java,com.inigmasgames.hytalerpg.gear.MasterAffixFinalControlsTest#gearStatusRuntimeAdmitSameHitUnrolledAndProtectedOrChanceMiss,com.inigmasgames.hytalerpg.gear.MasterAffixFinalControlsTest#gearStatusRuntimeAdmitSameHitUnrolledAndProtectedOrChanceMiss,com.inigmasgames.hytalerpg.gear.MasterAffixFinalControlsTest#gearStatusRuntimeAdmitSameHitUnrolledAndProtectedOrChanceMiss,[],,PROVEN,com.inigmasgames.hytalerpg.gear.MasterAffixEquipmentSimulatorTest#authoredAffixReachesFrozenEquipmentSnapshotAndLeavesOnEveryInvalidation,,False,,ATTACK_PROC,True,INHERITED,com.inigmasgames.hytalerpg.execution.hytale.SentinelSourceConsumerTest#eachBoundStatusChanceRequiresAnAcceptedMatchingNativeChannel,True,FUNCTIONAL,[]
WA-063,of Binding,SUFFIX,STATUS_PAYLOAD,"M, R, C",V% chance on an eligible direct hit to apply Root for 1 s. does not disable attacks or ignore boss protection; see proc rules. Require: BASE-CORE. Armor: none.,none.,gm.battleaxe_adamantite.h,com.inigmasgames.hytalerpg.gear.MasterAffixEquipmentSimulatorTest#authoredCarrierIsProductionEligible,"com.inigmasgames.hytalerpg.gear.MasterAffixEquipmentSimulatorTest#authoredCarrierIsProductionEligible(WA-063, ab-wa-063-affixed, gm.battleaxe_adamantite.h)",[],ab-wa-063-affixed,ab-wa-063-control,[],"[""com.inigmasgames.hytalerpg.combat.status.GearStatusAdmissionTest#staticStunSilenceAndRootUseCanonicalStatusAdmission"", ""com.inigmasgames.hytalerpg.gear.MasterAffixEquipmentSimulatorTest#authoredAffixReachesFrozenEquipmentSnapshotAndLeavesOnEveryInvalidation""]","[""src/main/java/com/inigmasgames/hytalerpg/combat/status/GearStatusRuntime.java"", ""src/main/java/com/inigmasgames/hytalerpg/execution/hytale/GearStatusBindings.java"", ""src/main/java/com/inigmasgames/hytalerpg/execution/hytale/NativeGearStatusObserver.java""]",[],src/main/java/com/inigmasgames/hytalerpg/combat/status/GearStatusRuntime.java,com.inigmasgames.hytalerpg.gear.MasterAffixFinalControlsTest#gearStatusRuntimeAdmitSameHitUnrolledAndProtectedOrChanceMiss,com.inigmasgames.hytalerpg.gear.MasterAffixFinalControlsTest#gearStatusRuntimeAdmitSameHitUnrolledAndProtectedOrChanceMiss,com.inigmasgames.hytalerpg.gear.MasterAffixFinalControlsTest#gearStatusRuntimeAdmitSameHitUnrolledAndProtectedOrChanceMiss,[],,PROVEN,com.inigmasgames.hytalerpg.gear.MasterAffixEquipmentSimulatorTest#authoredAffixReachesFrozenEquipmentSnapshotAndLeavesOnEveryInvalidation,,False,,ATTACK_PROC,True,INHERITED,com.inigmasgames.hytalerpg.execution.hytale.SentinelSourceConsumerTest#eachBoundStatusChanceRequiresAnAcceptedMatchingNativeChannel,True,FUNCTIONAL,[]
WA-064,of Intrusion,SUFFIX,STATUS_PENETRATION,ALL,Adds V percentage points of Status Penetration. Counters Status Resistance only; never raises chance above base. Require: BASE-CORE. Armor: none.,none.,gm.battleaxe_adamantite.h,com.inigmasgames.hytalerpg.gear.MasterAffixEquipmentSimulatorTest#authoredCarrierIsProductionEligible,"com.inigmasgames.hytalerpg.gear.MasterAffixEquipmentSimulatorTest#authoredCarrierIsProductionEligible(WA-064, ab-wa-064-affixed, gm.battleaxe_adamantite.h)",[],ab-wa-064-affixed,ab-wa-064-control,[],"[""com.inigmasgames.hytalerpg.combat.status.GearStatusAdmissionTest#idleItemDoesNotProcButGlobalStatusPenetrationStillContributes"", ""com.inigmasgames.hytalerpg.combat.status.GearStatusRuntimeTest#d04MergeKeepsSkillChanceAndGearSourceFlags"", ""com.inigmasgames.hytalerpg.execution.summon.MasterAffixSentinelStatusTest#boundStatusPenetrationChangesActualAdmission_WA064"", ""com.inigmasgames.hytalerpg.gear.MasterAffixEquipmentSimulatorTest#authoredAffixReachesFrozenEquipmentSnapshotAndLeavesOnEveryInvalidation"", ""com.inigmasgames.hytalerpg.ui.inventory.AdvancedStatsAffixProjectionTest#everyGlobalGearRowUsesFrozenOperatorValueAndVanishesOnUnequip"", ""com.inigmasgames.hytalerpg.ui.inventory.AdvancedStatsAffixProjectionTest#statusSupportAndPickupRowsAgreeWithAdmissionAndReachOwners""]","[""src/main/java/com/inigmasgames/hytalerpg/combat/status/GearStatusRuntime.java""]",[],src/main/java/com/inigmasgames/hytalerpg/combat/status/GearStatusRuntime.java,com.inigmasgames.hytalerpg.combat.status.GearStatusRuntimeTest#d04MergeKeepsSkillChanceAndGearSourceFlags,com.inigmasgames.hytalerpg.combat.status.GearStatusRuntimeTest#d04MergeKeepsSkillChanceAndGearSourceFlags,com.inigmasgames.hytalerpg.combat.status.GearStatusRuntimeTest#d04MergeKeepsSkillChanceAndGearSourceFlags,[],,PROVEN,com.inigmasgames.hytalerpg.gear.MasterAffixEquipmentSimulatorTest#authoredAffixReachesFrozenEquipmentSnapshotAndLeavesOnEveryInvalidation,statusPenetration,True,com.inigmasgames.hytalerpg.ui.inventory.AdvancedStatsAffixProjectionTest#everyGlobalGearRowUsesFrozenOperatorValueAndVanishesOnUnequip,SELF_STAT,True,INHERITED,com.inigmasgames.hytalerpg.execution.summon.MasterAffixSentinelStatusTest#boundStatusPenetrationChangesActualAdmission_WA064,True,FUNCTIONAL,[]
WA-065,Searing,PREFIX,STATUS_POTENCY,"M, R, B, C","V% increased DPS of Burn sourced from eligible wielder actions. No duration, stack-count, refresh or proc-chance bonus. Require: INT-CORE. Armor: none.",none.,gm.battleaxe_adamantite.h,com.inigmasgames.hytalerpg.gear.MasterAffixEquipmentSimulatorTest#authoredCarrierIsProductionEligible,"com.inigmasgames.hytalerpg.gear.MasterAffixEquipmentSimulatorTest#authoredCarrierIsProductionEligible(WA-065, ab-wa-065-affixed, gm.battleaxe_adamantite.h)",[],ab-wa-065-affixed,ab-wa-065-control,[],"[""com.inigmasgames.hytalerpg.combat.status.GearStatusRuntimeTest#periodicOwnerReceivesFrozenAdditiveDpsAndExtendedDuration"", ""com.inigmasgames.hytalerpg.combat.status.GearStatusRuntimeTest#wa065BurnOnlyReplacesWeakerSourceWithoutRaisingCapOrOtherStatus"", ""com.inigmasgames.hytalerpg.execution.summon.MasterAffixSentinelStatusTest#boundStatusQualityChangesExistingPeriodicOwner"", ""com.inigmasgames.hytalerpg.gear.MasterAffixCombatCompletionTest#criticalDotDurationAllResistanceAndDisplacementHaveUnrolledAndInvalidConditions"", ""com.inigmasgames.hytalerpg.gear.MasterAffixEquipmentSimulatorTest#authoredAffixReachesFrozenEquipmentSnapshotAndLeavesOnEveryInvalidation""]","[""src/main/java/com/inigmasgames/hytalerpg/combat/status/GearStatusRuntime.java""]",[],src/main/java/com/inigmasgames/hytalerpg/combat/status/GearStatusRuntime.java,com.inigmasgames.hytalerpg.gear.MasterAffixCombatCompletionTest#criticalDotDurationAllResistanceAndDisplacementHaveUnrolledAndInvalidConditions,com.inigmasgames.hytalerpg.gear.MasterAffixCombatCompletionTest#criticalDotDurationAllResistanceAndDisplacementHaveUnrolledAndInvalidConditions,com.inigmasgames.hytalerpg.gear.MasterAffixCombatCompletionTest#criticalDotDurationAllResistanceAndDisplacementHaveUnrolledAndInvalidConditions,"[""com.inigmasgames.hytalerpg.combat.status.GearStatusRuntimeTest#wa065BurnOnlyReplacesWeakerSourceWithoutRaisingCapOrOtherStatus""]","Burn refresh uses production periodic owner; stronger source retained, other source/status unchanged.",PROVEN,com.inigmasgames.hytalerpg.gear.MasterAffixEquipmentSimulatorTest#authoredAffixReachesFrozenEquipmentSnapshotAndLeavesOnEveryInvalidation,,False,,ATTACK_PROC,True,INHERITED,com.inigmasgames.hytalerpg.execution.summon.MasterAffixSentinelStatusTest#boundStatusQualityChangesExistingPeriodicOwner,True,FUNCTIONAL,[]
WA-066,Toxic,PREFIX,STATUS_POTENCY,"M, R, B, C","V% increased DPS of Poison sourced from eligible wielder actions. No duration, stack-count, refresh or proc-chance bonus. Require: INT-CORE. Armor: none.",none.,gm.battleaxe_adamantite.h,com.inigmasgames.hytalerpg.gear.MasterAffixEquipmentSimulatorTest#authoredCarrierIsProductionEligible,"com.inigmasgames.hytalerpg.gear.MasterAffixEquipmentSimulatorTest#authoredCarrierIsProductionEligible(WA-066, ab-wa-066-affixed, gm.battleaxe_adamantite.h)",[],ab-wa-066-affixed,ab-wa-066-control,[],"[""com.inigmasgames.hytalerpg.execution.summon.MasterAffixSentinelStatusTest#boundStatusQualityChangesExistingPeriodicOwner"", ""com.inigmasgames.hytalerpg.gear.MasterAffixCombatCompletionTest#wa066And067SeparatelyIncreaseOnlyTheirPeriodicTicks"", ""com.inigmasgames.hytalerpg.gear.MasterAffixEquipmentSimulatorTest#authoredAffixReachesFrozenEquipmentSnapshotAndLeavesOnEveryInvalidation""]","[""src/main/java/com/inigmasgames/hytalerpg/combat/status/GearStatusRuntime.java""]",[],src/main/java/com/inigmasgames/hytalerpg/combat/status/GearStatusRuntime.java,com.inigmasgames.hytalerpg.gear.MasterAffixCombatCompletionTest#wa066And067SeparatelyIncreaseOnlyTheirPeriodicTicks,com.inigmasgames.hytalerpg.gear.MasterAffixCombatCompletionTest#wa066And067SeparatelyIncreaseOnlyTheirPeriodicTicks,com.inigmasgames.hytalerpg.gear.MasterAffixCombatCompletionTest#wa066And067SeparatelyIncreaseOnlyTheirPeriodicTicks,[],,PROVEN,com.inigmasgames.hytalerpg.gear.MasterAffixEquipmentSimulatorTest#authoredAffixReachesFrozenEquipmentSnapshotAndLeavesOnEveryInvalidation,,False,,ATTACK_PROC,True,INHERITED,com.inigmasgames.hytalerpg.execution.summon.MasterAffixSentinelStatusTest#boundStatusQualityChangesExistingPeriodicOwner,True,FUNCTIONAL,[]
WA-067,Lacerating,PREFIX,STATUS_POTENCY,"M, R, B, C","V% increased DPS of Bleed sourced from eligible wielder actions. No duration, stack-count, refresh or proc-chance bonus. Require: INT-CORE. Armor: none.",none.,gm.battleaxe_adamantite.h,com.inigmasgames.hytalerpg.gear.MasterAffixEquipmentSimulatorTest#authoredCarrierIsProductionEligible,"com.inigmasgames.hytalerpg.gear.MasterAffixEquipmentSimulatorTest#authoredCarrierIsProductionEligible(WA-067, ab-wa-067-affixed, gm.battleaxe_adamantite.h)",[],ab-wa-067-affixed,ab-wa-067-control,[],"[""com.inigmasgames.hytalerpg.execution.summon.MasterAffixSentinelStatusTest#boundStatusQualityChangesExistingPeriodicOwner"", ""com.inigmasgames.hytalerpg.gear.MasterAffixCombatCompletionTest#wa066And067SeparatelyIncreaseOnlyTheirPeriodicTicks"", ""com.inigmasgames.hytalerpg.gear.MasterAffixEquipmentSimulatorTest#authoredAffixReachesFrozenEquipmentSnapshotAndLeavesOnEveryInvalidation""]","[""src/main/java/com/inigmasgames/hytalerpg/combat/status/GearStatusRuntime.java""]",[],src/main/java/com/inigmasgames/hytalerpg/combat/status/GearStatusRuntime.java,com.inigmasgames.hytalerpg.gear.MasterAffixCombatCompletionTest#wa066And067SeparatelyIncreaseOnlyTheirPeriodicTicks,com.inigmasgames.hytalerpg.gear.MasterAffixCombatCompletionTest#wa066And067SeparatelyIncreaseOnlyTheirPeriodicTicks,com.inigmasgames.hytalerpg.gear.MasterAffixCombatCompletionTest#wa066And067SeparatelyIncreaseOnlyTheirPeriodicTicks,[],,PROVEN,com.inigmasgames.hytalerpg.gear.MasterAffixEquipmentSimulatorTest#authoredAffixReachesFrozenEquipmentSnapshotAndLeavesOnEveryInvalidation,,False,,ATTACK_PROC,True,INHERITED,com.inigmasgames.hytalerpg.execution.summon.MasterAffixSentinelStatusTest#boundStatusQualityChangesExistingPeriodicOwner,True,FUNCTIONAL,[]
WA-068,of Persistence,SUFFIX,DAMAGING_STATUS_DURATION,"M, R, B, C","V% increased duration of sourced Burn, Poison and Bleed. Explicit duration modifier only; never extends Stun, Silence, Slow or immunity. Require: INT-CORE. Armor: none.",none.,gm.battleaxe_adamantite.h,com.inigmasgames.hytalerpg.gear.MasterAffixEquipmentSimulatorTest#authoredCarrierIsProductionEligible,"com.inigmasgames.hytalerpg.gear.MasterAffixEquipmentSimulatorTest#authoredCarrierIsProductionEligible(WA-068, ab-wa-068-affixed, gm.battleaxe_adamantite.h)",[],ab-wa-068-affixed,ab-wa-068-control,[],"[""com.inigmasgames.hytalerpg.combat.status.GearStatusRuntimeTest#periodicOwnerReceivesFrozenAdditiveDpsAndExtendedDuration"", ""com.inigmasgames.hytalerpg.combat.status.GearStatusRuntimeTest#wa068PoisonAndBleedRefreshExpiryAndTickMagnitudeKeepSourceCaps"", ""com.inigmasgames.hytalerpg.execution.summon.MasterAffixSentinelStatusTest#boundStatusQualityChangesExistingPeriodicOwner"", ""com.inigmasgames.hytalerpg.gear.MasterAffixCombatCompletionTest#criticalDotDurationAllResistanceAndDisplacementHaveUnrolledAndInvalidConditions"", ""com.inigmasgames.hytalerpg.gear.MasterAffixEquipmentSimulatorTest#authoredAffixReachesFrozenEquipmentSnapshotAndLeavesOnEveryInvalidation"", ""com.inigmasgames.hytalerpg.ui.inventory.AdvancedStatsAffixProjectionTest#everyGlobalGearRowUsesFrozenOperatorValueAndVanishesOnUnequip""]","[""src/main/java/com/inigmasgames/hytalerpg/combat/status/GearStatusRuntime.java"", ""src/main/java/com/inigmasgames/hytalerpg/execution/hytale/HytaleSkillExecutionSystem.java""]",[],src/main/java/com/inigmasgames/hytalerpg/combat/status/GearStatusRuntime.java,com.inigmasgames.hytalerpg.gear.MasterAffixCombatCompletionTest#criticalDotDurationAllResistanceAndDisplacementHaveUnrolledAndInvalidConditions,com.inigmasgames.hytalerpg.gear.MasterAffixCombatCompletionTest#criticalDotDurationAllResistanceAndDisplacementHaveUnrolledAndInvalidConditions,com.inigmasgames.hytalerpg.gear.MasterAffixCombatCompletionTest#criticalDotDurationAllResistanceAndDisplacementHaveUnrolledAndInvalidConditions,"[""com.inigmasgames.hytalerpg.combat.status.GearStatusRuntimeTest#wa068PoisonAndBleedRefreshExpiryAndTickMagnitudeKeepSourceCaps""]",Poison/Bleed extended expiry yields the exact additional tick without changing cap or base tick magnitude.,PROVEN,com.inigmasgames.hytalerpg.gear.MasterAffixEquipmentSimulatorTest#authoredAffixReachesFrozenEquipmentSnapshotAndLeavesOnEveryInvalidation,statusDuration,True,com.inigmasgames.hytalerpg.ui.inventory.AdvancedStatsAffixProjectionTest#everyGlobalGearRowUsesFrozenOperatorValueAndVanishesOnUnequip,ATTACK_PROC,True,INHERITED,com.inigmasgames.hytalerpg.execution.summon.MasterAffixSentinelStatusTest#boundStatusQualityChangesExistingPeriodicOwner,True,FUNCTIONAL,[]
WA-069,Plated,PREFIX,SHIELD_DEFENSE_FLAT,H,Adds V local Defense to this shield. Requires the audited Defense scalar; not an invented armor formula. Require: STR-CORE. Armor: none.,none.,gm.shield_adamantite.h,com.inigmasgames.hytalerpg.gear.MasterAffixEquipmentSimulatorTest#authoredCarrierIsProductionEligible,"com.inigmasgames.hytalerpg.gear.MasterAffixEquipmentSimulatorTest#authoredCarrierIsProductionEligible(WA-069, ab-wa-069-affixed, gm.shield_adamantite.h)",[],ab-wa-069-affixed,ab-wa-069-control,[],"[""com.inigmasgames.hytalerpg.execution.hytale.SentinelDefenseInheritanceTest#shieldLocalAndGlobalDefenseReachNativeFilterViewOnce"", ""com.inigmasgames.hytalerpg.gear.GearCombatProductionTest#defenseRatingRoundTripsAndLocalShieldPrecedesGlobal"", ""com.inigmasgames.hytalerpg.gear.ManagedCarrierProductionTest#shieldAffixChangesDefenseWithoutRedefiningSkillBasePower"", ""com.inigmasgames.hytalerpg.gear.MasterAffixCombatCompletionTest#shieldAffixesIndependentlyChangeDefenseOwnerProjectionAndWrongSlotCannotApply"", ""com.inigmasgames.hytalerpg.gear.MasterAffixEquipmentSimulatorTest#authoredAffixReachesFrozenEquipmentSnapshotAndLeavesOnEveryInvalidation"", ""com.inigmasgames.hytalerpg.gear.NativeAffixDefenseContactTest#wa069NativeFilterInput""]","[""src/main/java/com/inigmasgames/hytalerpg/execution/summon/IronSentinelAffixes.java"", ""src/main/java/com/inigmasgames/hytalerpg/gear/GearDefenseEffects.java""]",[],src/main/java/com/inigmasgames/hytalerpg/gear/HytaleGearEquipment.java,com.inigmasgames.hytalerpg.gear.NativeAffixDefenseContactTest#wa069NativeFilterInput,com.inigmasgames.hytalerpg.gear.NativeAffixDefenseContactTest#wa069NativeFilterInput,com.inigmasgames.hytalerpg.gear.NativeAffixDefenseContactTest#wa069NativeFilterInput,[],,PROVEN,com.inigmasgames.hytalerpg.gear.MasterAffixEquipmentSimulatorTest#authoredAffixReachesFrozenEquipmentSnapshotAndLeavesOnEveryInvalidation,,False,,SELF_STAT,True,INHERITED,com.inigmasgames.hytalerpg.execution.summon.MasterAffixSentinelInheritedTest#boundDefenseChangesNativeSentinelProtection,True,FUNCTIONAL,[]
WA-070,Reinforced,PREFIX,SHIELD_DEFENSE_INC,H,"V% increased local shield Defense. Smite reads final Total Defense once, not this bonus twice. Require: STR-CORE. Armor: none.",none.,gm.shield_adamantite.h,com.inigmasgames.hytalerpg.gear.MasterAffixEquipmentSimulatorTest#authoredCarrierIsProductionEligible,"com.inigmasgames.hytalerpg.gear.MasterAffixEquipmentSimulatorTest#authoredCarrierIsProductionEligible(WA-070, ab-wa-070-affixed, gm.shield_adamantite.h)",[],ab-wa-070-affixed,ab-wa-070-control,[],"[""com.inigmasgames.hytalerpg.execution.hytale.SentinelDefenseInheritanceTest#shieldLocalAndGlobalDefenseReachNativeFilterViewOnce"", ""com.inigmasgames.hytalerpg.gear.GearCombatProductionTest#defenseRatingRoundTripsAndLocalShieldPrecedesGlobal"", ""com.inigmasgames.hytalerpg.gear.MasterAffixCombatCompletionTest#shieldAffixesIndependentlyChangeDefenseOwnerProjectionAndWrongSlotCannotApply"", ""com.inigmasgames.hytalerpg.gear.MasterAffixEquipmentSimulatorTest#authoredAffixReachesFrozenEquipmentSnapshotAndLeavesOnEveryInvalidation"", ""com.inigmasgames.hytalerpg.gear.NativeAffixDefenseContactTest#wa070NativeFilterInput""]","[""src/main/java/com/inigmasgames/hytalerpg/execution/summon/IronSentinelAffixes.java"", ""src/main/java/com/inigmasgames/hytalerpg/gear/GearDefenseEffects.java""]",[],src/main/java/com/inigmasgames/hytalerpg/gear/HytaleGearEquipment.java,com.inigmasgames.hytalerpg.gear.NativeAffixDefenseContactTest#wa070NativeFilterInput,com.inigmasgames.hytalerpg.gear.NativeAffixDefenseContactTest#wa070NativeFilterInput,com.inigmasgames.hytalerpg.gear.NativeAffixDefenseContactTest#wa070NativeFilterInput,[],,PROVEN,com.inigmasgames.hytalerpg.gear.MasterAffixEquipmentSimulatorTest#authoredAffixReachesFrozenEquipmentSnapshotAndLeavesOnEveryInvalidation,,False,,SELF_STAT,True,INHERITED,com.inigmasgames.hytalerpg.execution.summon.MasterAffixSentinelInheritedTest#boundDefenseChangesNativeSentinelProtection,True,FUNCTIONAL,[]
WA-071,of Guarding,SUFFIX,GLOBAL_DEFENSE,"M, H",V% increased total authoritative Defense. Native/RPG mitigation ownership must be audited first. Require: STR-CORE. Armor: none.,none.,gm.battleaxe_adamantite.h,com.inigmasgames.hytalerpg.gear.MasterAffixEquipmentSimulatorTest#authoredCarrierIsProductionEligible,"com.inigmasgames.hytalerpg.gear.MasterAffixEquipmentSimulatorTest#authoredCarrierIsProductionEligible(WA-071, ab-wa-071-affixed, gm.battleaxe_adamantite.h)",[],ab-wa-071-affixed,ab-wa-071-control,[],"[""com.inigmasgames.hytalerpg.execution.hytale.SentinelDefenseInheritanceTest#shieldLocalAndGlobalDefenseReachNativeFilterViewOnce"", ""com.inigmasgames.hytalerpg.gear.GearCombatProductionTest#defenseRatingRoundTripsAndLocalShieldPrecedesGlobal"", ""com.inigmasgames.hytalerpg.gear.MasterAffixCombatCompletionTest#shieldAffixesIndependentlyChangeDefenseOwnerProjectionAndWrongSlotCannotApply"", ""com.inigmasgames.hytalerpg.gear.MasterAffixEquipmentSimulatorTest#authoredAffixReachesFrozenEquipmentSnapshotAndLeavesOnEveryInvalidation"", ""com.inigmasgames.hytalerpg.gear.NativeAffixDefenseContactTest#wa071NativeFilterInput""]","[""src/main/java/com/inigmasgames/hytalerpg/execution/summon/IronSentinelAffixes.java"", ""src/main/java/com/inigmasgames/hytalerpg/gear/GearDefenseEffects.java""]",[],src/main/java/com/inigmasgames/hytalerpg/gear/HytaleGearEquipment.java,com.inigmasgames.hytalerpg.gear.NativeAffixDefenseContactTest#wa071NativeFilterInput,com.inigmasgames.hytalerpg.gear.NativeAffixDefenseContactTest#wa071NativeFilterInput,com.inigmasgames.hytalerpg.gear.NativeAffixDefenseContactTest#wa071NativeFilterInput,[],,PROVEN,com.inigmasgames.hytalerpg.gear.MasterAffixEquipmentSimulatorTest#authoredAffixReachesFrozenEquipmentSnapshotAndLeavesOnEveryInvalidation,,False,,SELF_STAT,True,INHERITED,com.inigmasgames.hytalerpg.execution.summon.MasterAffixSentinelInheritedTest#boundDefenseChangesNativeSentinelProtection,True,FUNCTIONAL,[]
WA-072,of Gales Warding,SUFFIX,RESIST_WIND,ALL,Adds V percentage points of Wind resistance. Shared effective 75% cap; no new damage channel. Require: BASE-SOFT. Armor: All armor; 1 × V.,All armor; 1 × V.,gm.battleaxe_adamantite.h,com.inigmasgames.hytalerpg.gear.MasterAffixEquipmentSimulatorTest#authoredCarrierIsProductionEligible,"com.inigmasgames.hytalerpg.gear.MasterAffixEquipmentSimulatorTest#authoredCarrierIsProductionEligible(WA-072, ab-wa-072-affixed, gm.battleaxe_adamantite.h)",[],ab-wa-072-affixed,ab-wa-072-control,[],"[""com.inigmasgames.hytalerpg.gear.GearAffixRuntimeTest#allSkillRanksModifyEffectiveOnlyAndUncalibratedLightFailsClosed"", ""com.inigmasgames.hytalerpg.gear.GearFoundationTest#qaRarityFixturesFreezeRequirementsAndBlueAffixLines"", ""com.inigmasgames.hytalerpg.gear.MasterAffixEquipmentSimulatorTest#authoredAffixReachesFrozenEquipmentSnapshotAndLeavesOnEveryInvalidation""]","[""src/main/java/com/inigmasgames/hytalerpg/combat/hytale/HytaleDamageAdapter.java"", ""src/main/java/com/inigmasgames/hytalerpg/execution/summon/IronSentinelAffixes.java"", ""src/main/java/com/inigmasgames/hytalerpg/gear/GearCombatEffects.java""]",[],src/main/java/com/inigmasgames/hytalerpg/gear/GearCombatEffects.java,com.inigmasgames.hytalerpg.gear.GearCombatProductionTest#resistanceIsLiveCappedAndNeverAppliesToHazardsOrOtherChannels,com.inigmasgames.hytalerpg.gear.GearCombatProductionTest#resistanceIsLiveCappedAndNeverAppliesToHazardsOrOtherChannels,com.inigmasgames.hytalerpg.gear.GearCombatProductionTest#resistanceIsLiveCappedAndNeverAppliesToHazardsOrOtherChannels,[],,PROVEN,com.inigmasgames.hytalerpg.gear.MasterAffixEquipmentSimulatorTest#authoredAffixReachesFrozenEquipmentSnapshotAndLeavesOnEveryInvalidation,resist by channel,True,com.inigmasgames.hytalerpg.ui.inventory.AdvancedStatsAffixProjectionTest#equipmentResistanceUsesCombatResolverAndReturnsToNativeBaseline,SELF_STAT,True,INHERITED,com.inigmasgames.hytalerpg.execution.summon.MasterAffixSentinelInheritedTest#boundResistanceChangesNativeSentinelIncomingDamage,True,FUNCTIONAL,[]
WA-073,of Tides Warding,SUFFIX,RESIST_WATER,ALL,Adds V percentage points of Water resistance. Shared effective 75% cap; no new damage channel. Require: BASE-SOFT. Armor: All armor; 1 × V.,All armor; 1 × V.,gm.battleaxe_adamantite.h,com.inigmasgames.hytalerpg.gear.MasterAffixEquipmentSimulatorTest#authoredCarrierIsProductionEligible,"com.inigmasgames.hytalerpg.gear.MasterAffixEquipmentSimulatorTest#authoredCarrierIsProductionEligible(WA-073, ab-wa-073-affixed, gm.battleaxe_adamantite.h)",[],ab-wa-073-affixed,ab-wa-073-control,[],"[""com.inigmasgames.hytalerpg.execution.summon.IronSentinelAffixInheritanceTest#increasedAttackAndPhysicalDamageUseOneBucketAndCritHasSharedCap"", ""com.inigmasgames.hytalerpg.gear.MasterAffixEquipmentSimulatorTest#authoredAffixReachesFrozenEquipmentSnapshotAndLeavesOnEveryInvalidation""]","[""src/main/java/com/inigmasgames/hytalerpg/combat/hytale/HytaleDamageAdapter.java"", ""src/main/java/com/inigmasgames/hytalerpg/execution/summon/IronSentinelAffixes.java"", ""src/main/java/com/inigmasgames/hytalerpg/gear/GearCombatEffects.java""]",[],src/main/java/com/inigmasgames/hytalerpg/gear/GearCombatEffects.java,com.inigmasgames.hytalerpg.gear.GearCombatProductionTest#resistanceIsLiveCappedAndNeverAppliesToHazardsOrOtherChannels,com.inigmasgames.hytalerpg.gear.GearCombatProductionTest#resistanceIsLiveCappedAndNeverAppliesToHazardsOrOtherChannels,com.inigmasgames.hytalerpg.gear.GearCombatProductionTest#resistanceIsLiveCappedAndNeverAppliesToHazardsOrOtherChannels,[],,PROVEN,com.inigmasgames.hytalerpg.gear.MasterAffixEquipmentSimulatorTest#authoredAffixReachesFrozenEquipmentSnapshotAndLeavesOnEveryInvalidation,resist by channel,True,com.inigmasgames.hytalerpg.ui.inventory.AdvancedStatsAffixProjectionTest#equipmentResistanceUsesCombatResolverAndReturnsToNativeBaseline,SELF_STAT,True,INHERITED,com.inigmasgames.hytalerpg.execution.summon.MasterAffixSentinelInheritedTest#boundResistanceChangesNativeSentinelIncomingDamage,True,FUNCTIONAL,[]
WA-074,of Embers Warding,SUFFIX,RESIST_FIRE,ALL,Adds V percentage points of Fire resistance. Shared effective 75% cap; no new damage channel. Require: BASE-SOFT. Armor: All armor; 1 × V.,All armor; 1 × V.,gm.battleaxe_adamantite.h,com.inigmasgames.hytalerpg.gear.MasterAffixEquipmentSimulatorTest#authoredCarrierIsProductionEligible,"com.inigmasgames.hytalerpg.gear.MasterAffixEquipmentSimulatorTest#authoredCarrierIsProductionEligible(WA-074, ab-wa-074-affixed, gm.battleaxe_adamantite.h)",[],ab-wa-074-affixed,ab-wa-074-control,[],"[""com.inigmasgames.hytalerpg.execution.summon.IronSentinelAffixInheritanceTest#increasedAttackAndPhysicalDamageUseOneBucketAndCritHasSharedCap"", ""com.inigmasgames.hytalerpg.gear.GearCombatProductionTest#resistanceIsLiveCappedAndNeverAppliesToHazardsOrOtherChannels"", ""com.inigmasgames.hytalerpg.gear.GearTooltipV12Test#formatterSubstitutesPersistedPrecisionAndCanonicalSkillName"", ""com.inigmasgames.hytalerpg.gear.MasterAffixEquipmentSimulatorTest#authoredAffixReachesFrozenEquipmentSnapshotAndLeavesOnEveryInvalidation""]","[""src/main/java/com/inigmasgames/hytalerpg/combat/hytale/HytaleDamageAdapter.java"", ""src/main/java/com/inigmasgames/hytalerpg/execution/summon/IronSentinelAffixes.java"", ""src/main/java/com/inigmasgames/hytalerpg/gear/GearCombatEffects.java"", ""src/main/java/com/inigmasgames/hytalerpg/gear/HytaleGearLoot.java""]",[],src/main/java/com/inigmasgames/hytalerpg/gear/GearCombatEffects.java,com.inigmasgames.hytalerpg.gear.GearCombatProductionTest#resistanceIsLiveCappedAndNeverAppliesToHazardsOrOtherChannels,com.inigmasgames.hytalerpg.gear.GearCombatProductionTest#resistanceIsLiveCappedAndNeverAppliesToHazardsOrOtherChannels,com.inigmasgames.hytalerpg.gear.GearCombatProductionTest#resistanceIsLiveCappedAndNeverAppliesToHazardsOrOtherChannels,[],,PROVEN,com.inigmasgames.hytalerpg.gear.MasterAffixEquipmentSimulatorTest#authoredAffixReachesFrozenEquipmentSnapshotAndLeavesOnEveryInvalidation,resist by channel,True,com.inigmasgames.hytalerpg.ui.inventory.AdvancedStatsAffixProjectionTest#equipmentResistanceUsesCombatResolverAndReturnsToNativeBaseline,SELF_STAT,True,INHERITED,com.inigmasgames.hytalerpg.execution.summon.MasterAffixSentinelInheritedTest#boundResistanceChangesNativeSentinelIncomingDamage,True,FUNCTIONAL,[]
WA-075,of Stone Warding,SUFFIX,RESIST_EARTH,ALL,Adds V percentage points of Earth resistance. Shared effective 75% cap; no new damage channel. Require: BASE-SOFT. Armor: All armor; 1 × V.,All armor; 1 × V.,gm.battleaxe_adamantite.h,com.inigmasgames.hytalerpg.gear.MasterAffixEquipmentSimulatorTest#authoredCarrierIsProductionEligible,"com.inigmasgames.hytalerpg.gear.MasterAffixEquipmentSimulatorTest#authoredCarrierIsProductionEligible(WA-075, ab-wa-075-affixed, gm.battleaxe_adamantite.h)",[],ab-wa-075-affixed,ab-wa-075-control,[],"[""com.inigmasgames.hytalerpg.execution.summon.IronSentinelAffixInheritanceTest#increasedAttackAndPhysicalDamageUseOneBucketAndCritHasSharedCap"", ""com.inigmasgames.hytalerpg.gear.MasterAffixEquipmentSimulatorTest#authoredAffixReachesFrozenEquipmentSnapshotAndLeavesOnEveryInvalidation""]","[""src/main/java/com/inigmasgames/hytalerpg/combat/hytale/HytaleDamageAdapter.java"", ""src/main/java/com/inigmasgames/hytalerpg/execution/summon/IronSentinelAffixes.java"", ""src/main/java/com/inigmasgames/hytalerpg/gear/GearCombatEffects.java""]",[],src/main/java/com/inigmasgames/hytalerpg/gear/GearCombatEffects.java,com.inigmasgames.hytalerpg.gear.GearCombatProductionTest#resistanceIsLiveCappedAndNeverAppliesToHazardsOrOtherChannels,com.inigmasgames.hytalerpg.gear.GearCombatProductionTest#resistanceIsLiveCappedAndNeverAppliesToHazardsOrOtherChannels,com.inigmasgames.hytalerpg.gear.GearCombatProductionTest#resistanceIsLiveCappedAndNeverAppliesToHazardsOrOtherChannels,[],,PROVEN,com.inigmasgames.hytalerpg.gear.MasterAffixEquipmentSimulatorTest#authoredAffixReachesFrozenEquipmentSnapshotAndLeavesOnEveryInvalidation,resist by channel,True,com.inigmasgames.hytalerpg.ui.inventory.AdvancedStatsAffixProjectionTest#equipmentResistanceUsesCombatResolverAndReturnsToNativeBaseline,SELF_STAT,True,INHERITED,com.inigmasgames.hytalerpg.execution.summon.MasterAffixSentinelInheritedTest#boundResistanceChangesNativeSentinelIncomingDamage,True,FUNCTIONAL,[]
WA-076,of Storms Warding,SUFFIX,RESIST_LIGHTNING,ALL,Adds V percentage points of Lightning resistance. Shared effective 75% cap; no new damage channel. Require: BASE-SOFT. Armor: All armor; 1 × V.,All armor; 1 × V.,gm.battleaxe_adamantite.h,com.inigmasgames.hytalerpg.gear.MasterAffixEquipmentSimulatorTest#authoredCarrierIsProductionEligible,"com.inigmasgames.hytalerpg.gear.MasterAffixEquipmentSimulatorTest#authoredCarrierIsProductionEligible(WA-076, ab-wa-076-affixed, gm.battleaxe_adamantite.h)",[],ab-wa-076-affixed,ab-wa-076-control,[],"[""com.inigmasgames.hytalerpg.gear.MasterAffixEquipmentSimulatorTest#authoredAffixReachesFrozenEquipmentSnapshotAndLeavesOnEveryInvalidation""]","[""src/main/java/com/inigmasgames/hytalerpg/combat/hytale/HytaleDamageAdapter.java"", ""src/main/java/com/inigmasgames/hytalerpg/execution/summon/IronSentinelAffixes.java"", ""src/main/java/com/inigmasgames/hytalerpg/gear/GearCombatEffects.java""]",[],src/main/java/com/inigmasgames/hytalerpg/gear/GearCombatEffects.java,com.inigmasgames.hytalerpg.gear.GearCombatProductionTest#resistanceIsLiveCappedAndNeverAppliesToHazardsOrOtherChannels,com.inigmasgames.hytalerpg.gear.GearCombatProductionTest#resistanceIsLiveCappedAndNeverAppliesToHazardsOrOtherChannels,com.inigmasgames.hytalerpg.gear.GearCombatProductionTest#resistanceIsLiveCappedAndNeverAppliesToHazardsOrOtherChannels,[],,PROVEN,com.inigmasgames.hytalerpg.gear.MasterAffixEquipmentSimulatorTest#authoredAffixReachesFrozenEquipmentSnapshotAndLeavesOnEveryInvalidation,resist by channel,True,com.inigmasgames.hytalerpg.ui.inventory.AdvancedStatsAffixProjectionTest#equipmentResistanceUsesCombatResolverAndReturnsToNativeBaseline,SELF_STAT,True,INHERITED,com.inigmasgames.hytalerpg.execution.summon.MasterAffixSentinelInheritedTest#boundResistanceChangesNativeSentinelIncomingDamage,True,FUNCTIONAL,[]
WA-077,of the Void Warding,SUFFIX,RESIST_VOID,ALL,Adds V percentage points of Void resistance. Shared effective 75% cap; no new damage channel. Require: BASE-SOFT. Armor: All armor; 1 × V.,All armor; 1 × V.,gm.battleaxe_adamantite.h,com.inigmasgames.hytalerpg.gear.MasterAffixEquipmentSimulatorTest#authoredCarrierIsProductionEligible,"com.inigmasgames.hytalerpg.gear.MasterAffixEquipmentSimulatorTest#authoredCarrierIsProductionEligible(WA-077, ab-wa-077-affixed, gm.battleaxe_adamantite.h)",[],ab-wa-077-affixed,ab-wa-077-control,[],"[""com.inigmasgames.hytalerpg.gear.MasterAffixEquipmentSimulatorTest#authoredAffixReachesFrozenEquipmentSnapshotAndLeavesOnEveryInvalidation""]","[""src/main/java/com/inigmasgames/hytalerpg/combat/hytale/HytaleDamageAdapter.java"", ""src/main/java/com/inigmasgames/hytalerpg/execution/summon/IronSentinelAffixes.java"", ""src/main/java/com/inigmasgames/hytalerpg/gear/GearCombatEffects.java""]",[],src/main/java/com/inigmasgames/hytalerpg/gear/GearCombatEffects.java,com.inigmasgames.hytalerpg.gear.GearCombatProductionTest#resistanceIsLiveCappedAndNeverAppliesToHazardsOrOtherChannels,com.inigmasgames.hytalerpg.gear.GearCombatProductionTest#resistanceIsLiveCappedAndNeverAppliesToHazardsOrOtherChannels,com.inigmasgames.hytalerpg.gear.GearCombatProductionTest#resistanceIsLiveCappedAndNeverAppliesToHazardsOrOtherChannels,[],,PROVEN,com.inigmasgames.hytalerpg.gear.MasterAffixEquipmentSimulatorTest#authoredAffixReachesFrozenEquipmentSnapshotAndLeavesOnEveryInvalidation,resist by channel,True,com.inigmasgames.hytalerpg.ui.inventory.AdvancedStatsAffixProjectionTest#equipmentResistanceUsesCombatResolverAndReturnsToNativeBaseline,SELF_STAT,True,INHERITED,com.inigmasgames.hytalerpg.execution.summon.MasterAffixSentinelInheritedTest#boundResistanceChangesNativeSentinelIncomingDamage,True,FUNCTIONAL,[]
WA-078,of Prismatic Warding,SUFFIX,ALL_RESISTANCE,"C, H","Adds V percentage points to each of the six elemental resistances. Does not include Physical or Status Resistance. Require: BASE-SOFT. Armor: Head, Chest; 0.6 × V.","Head, Chest; 0.6 × V.",gm.book_apprentice.h,com.inigmasgames.hytalerpg.gear.MasterAffixEquipmentSimulatorTest#authoredCarrierIsProductionEligible,"com.inigmasgames.hytalerpg.gear.MasterAffixEquipmentSimulatorTest#authoredCarrierIsProductionEligible(WA-078, ab-wa-078-affixed, gm.book_apprentice.h)",[],ab-wa-078-affixed,ab-wa-078-control,[],"[""com.inigmasgames.hytalerpg.execution.summon.IronSentinelAffixInheritanceTest#increasedAttackAndPhysicalDamageUseOneBucketAndCritHasSharedCap"", ""com.inigmasgames.hytalerpg.gear.GearCatalogLegalityTest#armorExtensionsUseTheirOwnSlotAndAttributeRules"", ""com.inigmasgames.hytalerpg.gear.GearCombatProductionTest#defenseRatingRoundTripsAndLocalShieldPrecedesGlobal"", ""com.inigmasgames.hytalerpg.gear.MasterAffixCombatCompletionTest#criticalDotDurationAllResistanceAndDisplacementHaveUnrolledAndInvalidConditions"", ""com.inigmasgames.hytalerpg.gear.MasterAffixEquipmentSimulatorTest#authoredAffixReachesFrozenEquipmentSnapshotAndLeavesOnEveryInvalidation"", ""com.inigmasgames.hytalerpg.gear.NativeAffixRecipientFilterTest#wa078NativeFilterWritesEachElementOnceAndLeavesHazardsImmunityAndOtherOwnersAlone"", ""com.inigmasgames.hytalerpg.ui.inventory.AdvancedStatsAffixProjectionTest#equipmentResistanceUsesCombatResolverAndReturnsToNativeBaseline""]","[""src/main/java/com/inigmasgames/hytalerpg/combat/hytale/HytaleDamageAdapter.java"", ""src/main/java/com/inigmasgames/hytalerpg/execution/summon/IronSentinelAffixes.java"", ""src/main/java/com/inigmasgames/hytalerpg/gear/GearCombatEffects.java"", ""src/main/java/com/inigmasgames/hytalerpg/ui/inventory/AdvancedStatsViewModel.java""]",[],src/main/java/com/inigmasgames/hytalerpg/gear/GearCombatEffects.java,com.inigmasgames.hytalerpg.gear.MasterAffixCombatCompletionTest#criticalDotDurationAllResistanceAndDisplacementHaveUnrolledAndInvalidConditions,com.inigmasgames.hytalerpg.gear.MasterAffixCombatCompletionTest#criticalDotDurationAllResistanceAndDisplacementHaveUnrolledAndInvalidConditions,com.inigmasgames.hytalerpg.gear.MasterAffixCombatCompletionTest#criticalDotDurationAllResistanceAndDisplacementHaveUnrolledAndInvalidConditions,"[""com.inigmasgames.hytalerpg.gear.NativeAffixRecipientFilterTest#wa078NativeFilterWritesEachElementOnceAndLeavesHazardsImmunityAndOtherOwnersAlone""]","Actual native FilterDamage writes each matching elemental amount once with direct-origin, immunity, NPC and Physical controls.",PROVEN,com.inigmasgames.hytalerpg.gear.MasterAffixEquipmentSimulatorTest#authoredAffixReachesFrozenEquipmentSnapshotAndLeavesOnEveryInvalidation,resist by channel,True,com.inigmasgames.hytalerpg.ui.inventory.AdvancedStatsAffixProjectionTest#equipmentResistanceUsesCombatResolverAndReturnsToNativeBaseline,SELF_STAT,True,INHERITED,com.inigmasgames.hytalerpg.execution.summon.MasterAffixSentinelInheritedTest#boundResistanceChangesNativeSentinelIncomingDamage,True,FUNCTIONAL,[]
WA-079,of Resolve,SUFFIX,STATUS_RESISTANCE,ALL,"Adds V percentage points of Status Resistance. Avoidance, not shorter duration or blanket immunity. Require: WIS-CORE. Armor: All armor; 0.5 × V.",All armor; 0.5 × V.,gm.battleaxe_adamantite.h,com.inigmasgames.hytalerpg.gear.MasterAffixEquipmentSimulatorTest#authoredCarrierIsProductionEligible,"com.inigmasgames.hytalerpg.gear.MasterAffixEquipmentSimulatorTest#authoredCarrierIsProductionEligible(WA-079, ab-wa-079-affixed, gm.battleaxe_adamantite.h)",[],ab-wa-079-affixed,ab-wa-079-control,[],"[""com.inigmasgames.hytalerpg.combat.status.GearStatusRuntimeTest#d04MergeKeepsSkillChanceAndGearSourceFlags"", ""com.inigmasgames.hytalerpg.execution.hytale.SentinelSourceConsumerTest#boundRecipientUsesCanonicalStatusAndDisplacementOwners"", ""com.inigmasgames.hytalerpg.execution.summon.IronSentinelAffixInheritanceTest#sixNativeRecipientFamiliesAndExplicitChassisConditions"", ""com.inigmasgames.hytalerpg.gear.MasterAffixEquipmentSimulatorTest#authoredAffixReachesFrozenEquipmentSnapshotAndLeavesOnEveryInvalidation"", ""com.inigmasgames.hytalerpg.ui.inventory.AdvancedStatsAffixProjectionTest#everyGlobalGearRowUsesFrozenOperatorValueAndVanishesOnUnequip"", ""com.inigmasgames.hytalerpg.ui.inventory.AdvancedStatsAffixProjectionTest#statusSupportAndPickupRowsAgreeWithAdmissionAndReachOwners""]","[""src/main/java/com/inigmasgames/hytalerpg/combat/status/GearStatusRuntime.java"", ""src/main/java/com/inigmasgames/hytalerpg/execution/hytale/GearStatusBindings.java"", ""src/main/java/com/inigmasgames/hytalerpg/execution/summon/IronSentinelAffixes.java""]",[],src/main/java/com/inigmasgames/hytalerpg/combat/status/GearStatusRuntime.java,com.inigmasgames.hytalerpg.combat.status.GearStatusRuntimeTest#d04MergeKeepsSkillChanceAndGearSourceFlags,com.inigmasgames.hytalerpg.combat.status.GearStatusRuntimeTest#d04MergeKeepsSkillChanceAndGearSourceFlags,com.inigmasgames.hytalerpg.combat.status.GearStatusRuntimeTest#d04MergeKeepsSkillChanceAndGearSourceFlags,[],,PROVEN,com.inigmasgames.hytalerpg.gear.MasterAffixEquipmentSimulatorTest#authoredAffixReachesFrozenEquipmentSnapshotAndLeavesOnEveryInvalidation,statusResistance,True,com.inigmasgames.hytalerpg.ui.inventory.AdvancedStatsAffixProjectionTest#everyGlobalGearRowUsesFrozenOperatorValueAndVanishesOnUnequip,SELF_STAT,True,INHERITED,com.inigmasgames.hytalerpg.execution.hytale.SentinelSourceConsumerTest#boundRecipientUsesCanonicalStatusAndDisplacementOwners,True,FUNCTIONAL,[]
WA-080,of Recovery,SUFFIX,CONTROL_DURATION_TAKEN,ALL,V% reduced duration of successfully applied Hard Control on wielder. Uses Control Resistance adapter; immunity windows are not shortened. Require: WIS-CORE. Armor: All armor; 0.5 × V.,All armor; 0.5 × V.,gm.battleaxe_adamantite.h,com.inigmasgames.hytalerpg.gear.MasterAffixEquipmentSimulatorTest#authoredCarrierIsProductionEligible,"com.inigmasgames.hytalerpg.gear.MasterAffixEquipmentSimulatorTest#authoredCarrierIsProductionEligible(WA-080, ab-wa-080-affixed, gm.battleaxe_adamantite.h)",[],ab-wa-080-affixed,ab-wa-080-control,[],"[""com.inigmasgames.hytalerpg.combat.status.GearStatusRuntimeTest#admittedControlDurationAndStrongestSlowUseTargetGear"", ""com.inigmasgames.hytalerpg.execution.hytale.SentinelSourceConsumerTest#boundRecipientUsesCanonicalStatusAndDisplacementOwners"", ""com.inigmasgames.hytalerpg.execution.summon.IronSentinelAffixInheritanceTest#sixNativeRecipientFamiliesAndExplicitChassisConditions"", ""com.inigmasgames.hytalerpg.gear.MasterAffixEquipmentSimulatorTest#authoredAffixReachesFrozenEquipmentSnapshotAndLeavesOnEveryInvalidation""]","[""src/main/java/com/inigmasgames/hytalerpg/combat/status/StatusService.java"", ""src/main/java/com/inigmasgames/hytalerpg/execution/summon/IronSentinelAffixes.java""]",[],src/main/java/com/inigmasgames/hytalerpg/combat/status/StatusService.java,com.inigmasgames.hytalerpg.combat.status.GearStatusRuntimeTest#admittedControlDurationAndStrongestSlowUseTargetGear,com.inigmasgames.hytalerpg.combat.status.GearStatusRuntimeTest#admittedControlDurationAndStrongestSlowUseTargetGear,com.inigmasgames.hytalerpg.combat.status.GearStatusRuntimeTest#admittedControlDurationAndStrongestSlowUseTargetGear,[],,PROVEN,com.inigmasgames.hytalerpg.gear.MasterAffixEquipmentSimulatorTest#authoredAffixReachesFrozenEquipmentSnapshotAndLeavesOnEveryInvalidation,,False,,SELF_STAT,True,INHERITED,com.inigmasgames.hytalerpg.execution.hytale.SentinelSourceConsumerTest#boundRecipientUsesCanonicalStatusAndDisplacementOwners,True,FUNCTIONAL,[]
WA-081,of Surefooting,SUFFIX,SLOW_EFFECT_TAKEN,ALL,"V% reduced magnitude of movement slows on wielder. Acts after strongest-slow selection; not stun/freeze immunity. Require: BASE-CORE. Armor: Hands, Legs; 0.5 × V.","Hands, Legs; 0.5 × V.",gm.battleaxe_adamantite.h,com.inigmasgames.hytalerpg.gear.MasterAffixEquipmentSimulatorTest#authoredCarrierIsProductionEligible,"com.inigmasgames.hytalerpg.gear.MasterAffixEquipmentSimulatorTest#authoredCarrierIsProductionEligible(WA-081, ab-wa-081-affixed, gm.battleaxe_adamantite.h)",[],ab-wa-081-affixed,ab-wa-081-control,[],"[""com.inigmasgames.hytalerpg.combat.status.GearStatusRuntimeTest#admittedControlDurationAndStrongestSlowUseTargetGear"", ""com.inigmasgames.hytalerpg.execution.hytale.SentinelSourceConsumerTest#boundRecipientUsesCanonicalStatusAndDisplacementOwners"", ""com.inigmasgames.hytalerpg.execution.summon.IronSentinelAffixInheritanceTest#sixNativeRecipientFamiliesAndExplicitChassisConditions"", ""com.inigmasgames.hytalerpg.gear.MasterAffixEquipmentSimulatorTest#authoredAffixReachesFrozenEquipmentSnapshotAndLeavesOnEveryInvalidation""]","[""src/main/java/com/inigmasgames/hytalerpg/combat/status/StatusService.java"", ""src/main/java/com/inigmasgames/hytalerpg/execution/summon/IronSentinelAffixes.java""]",[],src/main/java/com/inigmasgames/hytalerpg/combat/status/StatusService.java,com.inigmasgames.hytalerpg.combat.status.GearStatusRuntimeTest#admittedControlDurationAndStrongestSlowUseTargetGear,com.inigmasgames.hytalerpg.combat.status.GearStatusRuntimeTest#admittedControlDurationAndStrongestSlowUseTargetGear,com.inigmasgames.hytalerpg.combat.status.GearStatusRuntimeTest#admittedControlDurationAndStrongestSlowUseTargetGear,[],,PROVEN,com.inigmasgames.hytalerpg.gear.MasterAffixEquipmentSimulatorTest#authoredAffixReachesFrozenEquipmentSnapshotAndLeavesOnEveryInvalidation,,False,,SELF_STAT,True,INHERITED,com.inigmasgames.hytalerpg.execution.hytale.SentinelSourceConsumerTest#boundRecipientUsesCanonicalStatusAndDisplacementOwners,True,FUNCTIONAL,[]
WA-082,of Anchoring,SUFFIX,KNOCKBACK_TAKEN,"M, H","V% reduced hostile displacement distance. Preserve collision and minimum placement safety. Require: STR-CORE. Armor: Chest, Legs; 0.5 × V.","Chest, Legs; 0.5 × V.",gm.battleaxe_adamantite.h,com.inigmasgames.hytalerpg.gear.MasterAffixEquipmentSimulatorTest#authoredCarrierIsProductionEligible,"com.inigmasgames.hytalerpg.gear.MasterAffixEquipmentSimulatorTest#authoredCarrierIsProductionEligible(WA-082, ab-wa-082-affixed, gm.battleaxe_adamantite.h)",[],ab-wa-082-affixed,ab-wa-082-control,[],"[""com.inigmasgames.hytalerpg.execution.hytale.NativeAffixStatusProjectionTest#hostileDisplacementReducesRequestBeforeSweptCollision"", ""com.inigmasgames.hytalerpg.execution.hytale.SentinelSourceConsumerTest#boundRecipientUsesCanonicalStatusAndDisplacementOwners"", ""com.inigmasgames.hytalerpg.execution.summon.IronSentinelAffixInheritanceTest#sixNativeRecipientFamiliesAndExplicitChassisConditions"", ""com.inigmasgames.hytalerpg.gear.MasterAffixCombatCompletionTest#criticalDotDurationAllResistanceAndDisplacementHaveUnrolledAndInvalidConditions"", ""com.inigmasgames.hytalerpg.gear.MasterAffixEquipmentSimulatorTest#authoredAffixReachesFrozenEquipmentSnapshotAndLeavesOnEveryInvalidation""]","[""src/main/java/com/inigmasgames/hytalerpg/execution/hytale/HytaleSkillExecutionSystem.java"", ""src/main/java/com/inigmasgames/hytalerpg/execution/hytale/NativeAffixHostileDisplacement.java"", ""src/main/java/com/inigmasgames/hytalerpg/execution/summon/IronSentinelAffixes.java""]",[],src/main/java/com/inigmasgames/hytalerpg/execution/hytale/NativeAffixHostileDisplacement.java,com.inigmasgames.hytalerpg.gear.MasterAffixCombatCompletionTest#criticalDotDurationAllResistanceAndDisplacementHaveUnrolledAndInvalidConditions,com.inigmasgames.hytalerpg.gear.MasterAffixCombatCompletionTest#criticalDotDurationAllResistanceAndDisplacementHaveUnrolledAndInvalidConditions,com.inigmasgames.hytalerpg.gear.MasterAffixCombatCompletionTest#criticalDotDurationAllResistanceAndDisplacementHaveUnrolledAndInvalidConditions,"[""com.inigmasgames.hytalerpg.gear.MasterAffixCombatCompletionTest#criticalDotDurationAllResistanceAndDisplacementHaveUnrolledAndInvalidConditions""]",Production NPC displacement application writes native TransformComponent position; blocked plan cannot move recipient.,PROVEN,com.inigmasgames.hytalerpg.gear.MasterAffixEquipmentSimulatorTest#authoredAffixReachesFrozenEquipmentSnapshotAndLeavesOnEveryInvalidation,,False,,SELF_STAT,True,INHERITED,com.inigmasgames.hytalerpg.execution.hytale.SentinelSourceConsumerTest#boundRecipientUsesCanonicalStatusAndDisplacementOwners,True,FUNCTIONAL,[]
WA-083,of Efficient Guarding,SUFFIX,BLOCK_COST,"H, M*",V% reduced native Stamina cost of eligible blocked hits. M* only audited block-capable weapon profiles; never random autoblock. Require: STR-CORE. Armor: none.,none.,gm.shield_adamantite.h,com.inigmasgames.hytalerpg.gear.MasterAffixEquipmentSimulatorTest#authoredCarrierIsProductionEligible,"com.inigmasgames.hytalerpg.gear.MasterAffixEquipmentSimulatorTest#authoredCarrierIsProductionEligible(WA-083, ab-wa-083-affixed, gm.shield_adamantite.h)",[],ab-wa-083-affixed,ab-wa-083-control,[],"[""com.inigmasgames.hytalerpg.execution.summon.IronSentinelAffixInheritanceTest#sixNativeRecipientFamiliesAndExplicitChassisConditions"", ""com.inigmasgames.hytalerpg.gear.MasterAffixEquipmentSimulatorTest#authoredAffixReachesFrozenEquipmentSnapshotAndLeavesOnEveryInvalidation"", ""com.inigmasgames.hytalerpg.gear.SentinelConditionalActionTest#efficientGuardingDoesNotInventASentinelBlock""]","[""src/main/java/com/inigmasgames/hytalerpg/execution/summon/IronSentinelAffixes.java"", ""src/main/java/com/inigmasgames/hytalerpg/gear/NativeAffixBlockCostSystem.java""]",[],src/main/java/com/inigmasgames/hytalerpg/gear/NativeAffixBlockCostSystem.java,com.inigmasgames.hytalerpg.gear.NativeAffixBlockCostSystemTest#nativeBlockDebitMultiplierIsChangedExactlyOnce,com.inigmasgames.hytalerpg.gear.NativeAffixBlockCostSystemTest#noAffixFailedBlockAndCancelledDamageRetainNativeCost,com.inigmasgames.hytalerpg.gear.NativeAffixBlockCostSystemTest#nativeBlockDebitMultiplierIsChangedExactlyOnce,[],,PROVEN,com.inigmasgames.hytalerpg.gear.MasterAffixEquipmentSimulatorTest#authoredAffixReachesFrozenEquipmentSnapshotAndLeavesOnEveryInvalidation,,False,,SELF_STAT,False,INAPPLICABLE,com.inigmasgames.hytalerpg.gear.SentinelConditionalActionTest#efficientGuardingDoesNotInventASentinelBlock,True,FUNCTIONAL,[]
WA-084,of Composure,SUFFIX,CRIT_DAMAGE_TAKEN,H,"V% less bonus damage above an ordinary hit when critically struck. Only critical excess, not the entire incoming hit. Require: WIS-CORE. Armor: none.",none.,gm.shield_adamantite.h,com.inigmasgames.hytalerpg.gear.MasterAffixEquipmentSimulatorTest#authoredCarrierIsProductionEligible,"com.inigmasgames.hytalerpg.gear.MasterAffixEquipmentSimulatorTest#authoredCarrierIsProductionEligible(WA-084, ab-wa-084-affixed, gm.shield_adamantite.h)",[],ab-wa-084-affixed,ab-wa-084-control,[],"[""com.inigmasgames.hytalerpg.execution.hytale.SentinelSourceConsumerTest#boundRecipientReducesOnlyCriticalExcess"", ""com.inigmasgames.hytalerpg.execution.summon.IronSentinelAffixInheritanceTest#sixNativeRecipientFamiliesAndExplicitChassisConditions"", ""com.inigmasgames.hytalerpg.gear.GearCombatProductionTest#defenseRatingRoundTripsAndLocalShieldPrecedesGlobal"", ""com.inigmasgames.hytalerpg.gear.MasterAffixEquipmentSimulatorTest#authoredAffixReachesFrozenEquipmentSnapshotAndLeavesOnEveryInvalidation""]","[""src/main/java/com/inigmasgames/hytalerpg/execution/summon/IronSentinelAffixes.java""]",[],src/main/java/com/inigmasgames/hytalerpg/gear/GearDefenseEffects.java,com.inigmasgames.hytalerpg.gear.GearCombatProductionTest#defenseRatingRoundTripsAndLocalShieldPrecedesGlobal,com.inigmasgames.hytalerpg.gear.GearCombatProductionTest#defenseRatingRoundTripsAndLocalShieldPrecedesGlobal,com.inigmasgames.hytalerpg.gear.GearCombatProductionTest#defenseRatingRoundTripsAndLocalShieldPrecedesGlobal,[],,PROVEN,com.inigmasgames.hytalerpg.gear.MasterAffixEquipmentSimulatorTest#authoredAffixReachesFrozenEquipmentSnapshotAndLeavesOnEveryInvalidation,,False,,SELF_STAT,True,INHERITED,com.inigmasgames.hytalerpg.execution.hytale.SentinelSourceConsumerTest#boundRecipientReducesOnlyCriticalExcess,True,FUNCTIONAL,[]
WA-085,of Might,SUFFIX,ATTRIBUTE,ALL,Adds V raw STR; shared diminishing returns still apply. One single-attribute affix per item; cannot satisfy its own requirements. Require: BASE-SOFT. Armor: All armor; 0.5 × V.,All armor; 0.5 × V.,gm.battleaxe_adamantite.h,com.inigmasgames.hytalerpg.gear.MasterAffixEquipmentSimulatorTest#authoredCarrierIsProductionEligible,"com.inigmasgames.hytalerpg.gear.MasterAffixEquipmentSimulatorTest#authoredCarrierIsProductionEligible(WA-085, ab-wa-085-affixed, gm.battleaxe_adamantite.h)","[""gm.cloth_linen.hands.n""]",ab-wa-085-affixed,ab-wa-085-control,"[""hands-rare""]","[""com.inigmasgames.hytalerpg.execution.summon.IronSentinelAffixInheritanceTest#everyAuthoredFamilyHasAnExplicitDispositionAndUnsupportedOnesFailBeforeForge"", ""com.inigmasgames.hytalerpg.gear.GearAffixRuntimeTest#attributeBonusesUseSharedDiminishingReturnsAndNeverSatisfySelfOrCycle"", ""com.inigmasgames.hytalerpg.gear.GearEquipmentLifecycleTest#snapshotOrderingAndLocalSourcesAreStableAndImmutable"", ""com.inigmasgames.hytalerpg.gear.GearEquipmentLifecycleTest#validEquipChangesDerivedOwnerAndUnequipRestoresExactBaseline"", ""com.inigmasgames.hytalerpg.gear.GearFoundationTest#affixRequirementsUseAuthoredPoliciesAndQGates"", ""com.inigmasgames.hytalerpg.gear.MasterAffixEquipmentSimulatorTest#authoredAffixReachesFrozenEquipmentSnapshotAndLeavesOnEveryInvalidation"", ""com.inigmasgames.hytalerpg.ui.inventory.AdvancedStatsAffixProjectionTest#acceptedEffectsCollectionProjectsCurrentCooldownAttributeAndCapacity"", ""com.inigmasgames.hytalerpg.ui.inventory.AdvancedStatsAffixProjectionTest#derivedCriticalCooldownAttributesAndNativeCapacitiesMatchOwnerAndRestore"", ""com.inigmasgames.hytalerpg.ui.inventory.AdvancedStatsAffixProjectionTest#singleAcceptedAffixDisplaysItsAuthoritativeValueAndRestores""]","[""src/main/java/com/inigmasgames/hytalerpg/gear/GearQaFixtures.java""]",[],src/main/java/com/inigmasgames/hytalerpg/gear/GearEquipmentResolution.java,com.inigmasgames.hytalerpg.gear.GearEquipmentLifecycleTest#validEquipChangesDerivedOwnerAndUnequipRestoresExactBaseline,com.inigmasgames.hytalerpg.gear.GearEquipmentLifecycleTest#validEquipChangesDerivedOwnerAndUnequipRestoresExactBaseline,com.inigmasgames.hytalerpg.gear.GearEquipmentLifecycleTest#validEquipChangesDerivedOwnerAndUnequipRestoresExactBaseline,[],"Existing per-ID AdvancedStatsAffixProjectionTest compares displayed raw STR to derived owner and exact accepted delta, then restoration.",PROVEN,com.inigmasgames.hytalerpg.gear.MasterAffixEquipmentSimulatorTest#authoredAffixReachesFrozenEquipmentSnapshotAndLeavesOnEveryInvalidation,heavy,True,com.inigmasgames.hytalerpg.ui.inventory.AdvancedStatsAffixProjectionTest#singleAcceptedAffixDisplaysItsAuthoritativeValueAndRestores,OWNER_ONLY,True,OWNER_ONLY,com.inigmasgames.hytalerpg.execution.summon.MasterAffixSentinelOwnerOnlyTest#ownerOnlyBoundSourceDoesNotChangeSentinelRuntime,True,FUNCTIONAL,[]
WA-086,of Dexterity,SUFFIX,ATTRIBUTE,ALL,Adds V raw DEX; shared diminishing returns still apply. One single-attribute affix per item; cannot satisfy its own requirements. Require: BASE-SOFT. Armor: All armor; 0.5 × V.,All armor; 0.5 × V.,gm.battleaxe_adamantite.h,com.inigmasgames.hytalerpg.gear.MasterAffixEquipmentSimulatorTest#authoredCarrierIsProductionEligible,"com.inigmasgames.hytalerpg.gear.MasterAffixEquipmentSimulatorTest#authoredCarrierIsProductionEligible(WA-086, ab-wa-086-affixed, gm.battleaxe_adamantite.h)","[""gm.cloth_linen.legs.n""]",ab-wa-086-affixed,ab-wa-086-control,"[""legs-rare""]","[""com.inigmasgames.hytalerpg.gear.GearEquipmentLifecycleTest#validEquipChangesDerivedOwnerAndUnequipRestoresExactBaseline"", ""com.inigmasgames.hytalerpg.gear.MasterAffixEquipmentSimulatorTest#authoredAffixReachesFrozenEquipmentSnapshotAndLeavesOnEveryInvalidation"", ""com.inigmasgames.hytalerpg.ui.inventory.AdvancedStatsAffixProjectionTest#singleAcceptedAffixDisplaysItsAuthoritativeValueAndRestores""]",[],[],src/main/java/com/inigmasgames/hytalerpg/gear/GearEquipmentResolution.java,com.inigmasgames.hytalerpg.gear.GearEquipmentLifecycleTest#validEquipChangesDerivedOwnerAndUnequipRestoresExactBaseline,com.inigmasgames.hytalerpg.gear.GearEquipmentLifecycleTest#validEquipChangesDerivedOwnerAndUnequipRestoresExactBaseline,com.inigmasgames.hytalerpg.gear.GearEquipmentLifecycleTest#validEquipChangesDerivedOwnerAndUnequipRestoresExactBaseline,[],,PROVEN,com.inigmasgames.hytalerpg.gear.MasterAffixEquipmentSimulatorTest#authoredAffixReachesFrozenEquipmentSnapshotAndLeavesOnEveryInvalidation,light,True,com.inigmasgames.hytalerpg.ui.inventory.AdvancedStatsAffixProjectionTest#singleAcceptedAffixDisplaysItsAuthoritativeValueAndRestores,OWNER_ONLY,True,OWNER_ONLY,com.inigmasgames.hytalerpg.execution.summon.MasterAffixSentinelOwnerOnlyTest#ownerOnlyBoundSourceDoesNotChangeSentinelRuntime,True,FUNCTIONAL,[]
WA-087,of Insight,SUFFIX,ATTRIBUTE,ALL,Adds V raw INT; shared diminishing returns still apply. One single-attribute affix per item; cannot satisfy its own requirements. Require: BASE-SOFT. Armor: All armor; 0.5 × V.,All armor; 0.5 × V.,gm.battleaxe_adamantite.h,com.inigmasgames.hytalerpg.gear.MasterAffixEquipmentSimulatorTest#authoredCarrierIsProductionEligible,"com.inigmasgames.hytalerpg.gear.MasterAffixEquipmentSimulatorTest#authoredCarrierIsProductionEligible(WA-087, ab-wa-087-affixed, gm.battleaxe_adamantite.h)","[""gm.mace_copper.n""]",ab-wa-087-affixed,ab-wa-087-control,"[""mace-magic""]","[""com.inigmasgames.hytalerpg.gear.GearEquipmentLifecycleTest#snapshotOrderingAndLocalSourcesAreStableAndImmutable"", ""com.inigmasgames.hytalerpg.gear.GearEquipmentLifecycleTest#validEquipChangesDerivedOwnerAndUnequipRestoresExactBaseline"", ""com.inigmasgames.hytalerpg.gear.MasterAffixEquipmentSimulatorTest#authoredAffixReachesFrozenEquipmentSnapshotAndLeavesOnEveryInvalidation"", ""com.inigmasgames.hytalerpg.ui.inventory.AdvancedStatsAffixProjectionTest#singleAcceptedAffixDisplaysItsAuthoritativeValueAndRestores""]",[],[],src/main/java/com/inigmasgames/hytalerpg/gear/GearEquipmentResolution.java,com.inigmasgames.hytalerpg.gear.GearEquipmentLifecycleTest#validEquipChangesDerivedOwnerAndUnequipRestoresExactBaseline,com.inigmasgames.hytalerpg.gear.GearEquipmentLifecycleTest#validEquipChangesDerivedOwnerAndUnequipRestoresExactBaseline,com.inigmasgames.hytalerpg.gear.GearEquipmentLifecycleTest#validEquipChangesDerivedOwnerAndUnequipRestoresExactBaseline,[],,PROVEN,com.inigmasgames.hytalerpg.gear.MasterAffixEquipmentSimulatorTest#authoredAffixReachesFrozenEquipmentSnapshotAndLeavesOnEveryInvalidation,magic,True,com.inigmasgames.hytalerpg.ui.inventory.AdvancedStatsAffixProjectionTest#singleAcceptedAffixDisplaysItsAuthoritativeValueAndRestores,OWNER_ONLY,True,OWNER_ONLY,com.inigmasgames.hytalerpg.execution.summon.MasterAffixSentinelOwnerOnlyTest#ownerOnlyBoundSourceDoesNotChangeSentinelRuntime,True,FUNCTIONAL,[]
WA-088,of Wisdom,SUFFIX,ATTRIBUTE,ALL,Adds V raw WIS; shared diminishing returns still apply. One single-attribute affix per item; cannot satisfy its own requirements. Require: BASE-SOFT. Armor: All armor; 0.5 × V.,All armor; 0.5 × V.,gm.battleaxe_adamantite.h,com.inigmasgames.hytalerpg.gear.MasterAffixEquipmentSimulatorTest#authoredCarrierIsProductionEligible,"com.inigmasgames.hytalerpg.gear.MasterAffixEquipmentSimulatorTest#authoredCarrierIsProductionEligible(WA-088, ab-wa-088-affixed, gm.battleaxe_adamantite.h)","[""gm.shortbow_copper.n""]",ab-wa-088-affixed,ab-wa-088-control,"[""shortbow-rare""]","[""com.inigmasgames.hytalerpg.gear.GearEquipmentLifecycleTest#validEquipChangesDerivedOwnerAndUnequipRestoresExactBaseline"", ""com.inigmasgames.hytalerpg.gear.MasterAffixEquipmentSimulatorTest#authoredAffixReachesFrozenEquipmentSnapshotAndLeavesOnEveryInvalidation"", ""com.inigmasgames.hytalerpg.ui.inventory.AdvancedStatsAffixProjectionTest#singleAcceptedAffixDisplaysItsAuthoritativeValueAndRestores""]",[],[],src/main/java/com/inigmasgames/hytalerpg/gear/GearEquipmentResolution.java,com.inigmasgames.hytalerpg.gear.GearEquipmentLifecycleTest#validEquipChangesDerivedOwnerAndUnequipRestoresExactBaseline,com.inigmasgames.hytalerpg.gear.GearEquipmentLifecycleTest#validEquipChangesDerivedOwnerAndUnequipRestoresExactBaseline,com.inigmasgames.hytalerpg.gear.GearEquipmentLifecycleTest#validEquipChangesDerivedOwnerAndUnequipRestoresExactBaseline,[],,PROVEN,com.inigmasgames.hytalerpg.gear.MasterAffixEquipmentSimulatorTest#authoredAffixReachesFrozenEquipmentSnapshotAndLeavesOnEveryInvalidation,healing,True,com.inigmasgames.hytalerpg.ui.inventory.AdvancedStatsAffixProjectionTest#singleAcceptedAffixDisplaysItsAuthoritativeValueAndRestores,OWNER_ONLY,True,OWNER_ONLY,com.inigmasgames.hytalerpg.execution.summon.MasterAffixSentinelOwnerOnlyTest#ownerOnlyBoundSourceDoesNotChangeSentinelRuntime,True,FUNCTIONAL,[]
WA-089,of Fortune,SUFFIX,ATTRIBUTE,ALL,Adds V raw LUCK; shared diminishing returns still apply. One single-attribute affix per item; cannot satisfy its own requirements. Require: BASE-SOFT. Armor: All armor; 0.5 × V.,All armor; 0.5 × V.,gm.battleaxe_adamantite.h,com.inigmasgames.hytalerpg.gear.MasterAffixEquipmentSimulatorTest#authoredCarrierIsProductionEligible,"com.inigmasgames.hytalerpg.gear.MasterAffixEquipmentSimulatorTest#authoredCarrierIsProductionEligible(WA-089, ab-wa-089-affixed, gm.battleaxe_adamantite.h)","[""gm.battleaxe_adamantite.h""]",ab-wa-089-affixed,ab-wa-089-control,"[""battleaxe-paragon""]","[""com.inigmasgames.hytalerpg.gear.GearEquipmentLifecycleTest#validEquipChangesDerivedOwnerAndUnequipRestoresExactBaseline"", ""com.inigmasgames.hytalerpg.gear.GearTooltipV12Test#formatterSubstitutesPersistedPrecisionAndCanonicalSkillName"", ""com.inigmasgames.hytalerpg.gear.MasterAffixEquipmentSimulatorTest#authoredAffixReachesFrozenEquipmentSnapshotAndLeavesOnEveryInvalidation"", ""com.inigmasgames.hytalerpg.ui.inventory.AdvancedStatsAffixProjectionTest#singleAcceptedAffixDisplaysItsAuthoritativeValueAndRestores""]",[],[],src/main/java/com/inigmasgames/hytalerpg/gear/GearEquipmentResolution.java,com.inigmasgames.hytalerpg.gear.GearEquipmentLifecycleTest#validEquipChangesDerivedOwnerAndUnequipRestoresExactBaseline,com.inigmasgames.hytalerpg.gear.GearEquipmentLifecycleTest#validEquipChangesDerivedOwnerAndUnequipRestoresExactBaseline,com.inigmasgames.hytalerpg.gear.GearEquipmentLifecycleTest#validEquipChangesDerivedOwnerAndUnequipRestoresExactBaseline,[],,PROVEN,com.inigmasgames.hytalerpg.gear.MasterAffixEquipmentSimulatorTest#authoredAffixReachesFrozenEquipmentSnapshotAndLeavesOnEveryInvalidation,critical,True,com.inigmasgames.hytalerpg.ui.inventory.AdvancedStatsAffixProjectionTest#singleAcceptedAffixDisplaysItsAuthoritativeValueAndRestores,OWNER_ONLY,True,OWNER_ONLY,com.inigmasgames.hytalerpg.execution.summon.MasterAffixSentinelOwnerOnlyTest#ownerOnlyBoundSourceDoesNotChangeSentinelRuntime,True,FUNCTIONAL,[]
WA-090,of Balance,SUFFIX,ATTRIBUTE,ALL,"Adds V to each of STR, DEX, INT, WIS and LUCK. No Vitality/Focus/class-stat substitution. Require: BASE-SOFT. Armor: Head, Chest; 0.5 × V.","Head, Chest; 0.5 × V.",gm.battleaxe_adamantite.h,com.inigmasgames.hytalerpg.gear.MasterAffixEquipmentSimulatorTest#authoredCarrierIsProductionEligible,"com.inigmasgames.hytalerpg.gear.MasterAffixEquipmentSimulatorTest#authoredCarrierIsProductionEligible(WA-090, ab-wa-090-affixed, gm.battleaxe_adamantite.h)","[""gm.crossbow_scout.nm""]",ab-wa-090-affixed,ab-wa-090-control,"[""crossbow-magic""]","[""com.inigmasgames.hytalerpg.gear.GearEquipmentLifecycleTest#validEquipChangesDerivedOwnerAndUnequipRestoresExactBaseline"", ""com.inigmasgames.hytalerpg.gear.MasterAffixEquipmentSimulatorTest#authoredAffixReachesFrozenEquipmentSnapshotAndLeavesOnEveryInvalidation"", ""com.inigmasgames.hytalerpg.ui.inventory.AdvancedStatsAffixProjectionTest#singleAcceptedAffixDisplaysItsAuthoritativeValueAndRestores""]","[""src/main/java/com/inigmasgames/hytalerpg/gear/GearDropGenerator.java""]",[],src/main/java/com/inigmasgames/hytalerpg/gear/GearEquipmentResolution.java,com.inigmasgames.hytalerpg.gear.GearEquipmentLifecycleTest#validEquipChangesDerivedOwnerAndUnequipRestoresExactBaseline,com.inigmasgames.hytalerpg.gear.GearEquipmentLifecycleTest#validEquipChangesDerivedOwnerAndUnequipRestoresExactBaseline,com.inigmasgames.hytalerpg.gear.GearEquipmentLifecycleTest#validEquipChangesDerivedOwnerAndUnequipRestoresExactBaseline,[],,PROVEN,com.inigmasgames.hytalerpg.gear.MasterAffixEquipmentSimulatorTest#authoredAffixReachesFrozenEquipmentSnapshotAndLeavesOnEveryInvalidation,heavy,True,com.inigmasgames.hytalerpg.ui.inventory.AdvancedStatsAffixProjectionTest#singleAcceptedAffixDisplaysItsAuthoritativeValueAndRestores,OWNER_ONLY,True,OWNER_ONLY,com.inigmasgames.hytalerpg.execution.summon.MasterAffixSentinelOwnerOnlyTest#ownerOnlyBoundSourceDoesNotChangeSentinelRuntime,True,FUNCTIONAL,[]
WA-091,Vital,PREFIX,MAX_HEALTH,ALL,Adds V to maximum Health via the existing pool adapter. Capacity increase never fills current resource. Require: STR-SOFT. Armor: All armor; 0.50 Chest/Legs; 0.35 Head/Hands.,All armor; 0.50 Chest/Legs; 0.35 Head/Hands.,gm.battleaxe_adamantite.h,com.inigmasgames.hytalerpg.gear.MasterAffixEquipmentSimulatorTest#authoredCarrierIsProductionEligible,"com.inigmasgames.hytalerpg.gear.MasterAffixEquipmentSimulatorTest#authoredCarrierIsProductionEligible(WA-091, ab-wa-091-affixed, gm.battleaxe_adamantite.h)","[""gm.cloth_linen.head.n""]",ab-wa-091-affixed,ab-wa-091-control,"[""head-magic""]","[""com.inigmasgames.hytalerpg.execution.summon.MasterAffixSentinelInheritedTest#boundChassisCapacityOrCadenceChangesOnlyIntendedStat"", ""com.inigmasgames.hytalerpg.gear.GearAffixRuntimeTest#poolsAreCapacityAndCooldownUsesExistingCapAndWindupOnly"", ""com.inigmasgames.hytalerpg.gear.GearEquipmentLifecycleTest#validEquipChangesDerivedOwnerAndUnequipRestoresExactBaseline"", ""com.inigmasgames.hytalerpg.gear.MasterAffixEquipmentSimulatorTest#authoredAffixReachesFrozenEquipmentSnapshotAndLeavesOnEveryInvalidation"", ""com.inigmasgames.hytalerpg.ui.inventory.AdvancedStatsAffixProjectionTest#acceptedEffectsCollectionProjectsCurrentCooldownAttributeAndCapacity"", ""com.inigmasgames.hytalerpg.ui.inventory.AdvancedStatsAffixProjectionTest#derivedCriticalCooldownAttributesAndNativeCapacitiesMatchOwnerAndRestore"", ""com.inigmasgames.hytalerpg.ui.inventory.AdvancedStatsAffixProjectionTest#singleAcceptedAffixDisplaysItsAuthoritativeValueAndRestores""]","[""src/main/java/com/inigmasgames/hytalerpg/execution/summon/IronSentinelAffixes.java"", ""src/main/java/com/inigmasgames/hytalerpg/execution/summon/IronSentinelStatProjection.java"", ""src/main/java/com/inigmasgames/hytalerpg/gear/GearDropGenerator.java"", ""src/main/java/com/inigmasgames/hytalerpg/gear/GearQaFixtures.java""]",[],src/main/java/com/inigmasgames/hytalerpg/gear/GearEquipmentResolution.java,com.inigmasgames.hytalerpg.gear.GearEquipmentLifecycleTest#validEquipChangesDerivedOwnerAndUnequipRestoresExactBaseline,com.inigmasgames.hytalerpg.gear.GearEquipmentLifecycleTest#validEquipChangesDerivedOwnerAndUnequipRestoresExactBaseline,com.inigmasgames.hytalerpg.gear.GearEquipmentLifecycleTest#validEquipChangesDerivedOwnerAndUnequipRestoresExactBaseline,[],,PROVEN,com.inigmasgames.hytalerpg.gear.MasterAffixEquipmentSimulatorTest#authoredAffixReachesFrozenEquipmentSnapshotAndLeavesOnEveryInvalidation,health,True,com.inigmasgames.hytalerpg.ui.inventory.AdvancedStatsAffixProjectionTest#singleAcceptedAffixDisplaysItsAuthoritativeValueAndRestores,SELF_STAT,True,INHERITED,com.inigmasgames.hytalerpg.execution.summon.MasterAffixSentinelInheritedTest#boundChassisCapacityOrCadenceChangesOnlyIntendedStat,True,FUNCTIONAL,[]
WA-092,Reservoir,PREFIX,MAX_MANA,ALL,Adds V to maximum Mana via the existing pool adapter. Capacity increase never fills current resource. Require: INT-SOFT. Armor: All armor; 0.50 Chest/Legs; 0.35 Head/Hands.,All armor; 0.50 Chest/Legs; 0.35 Head/Hands.,gm.battleaxe_adamantite.h,com.inigmasgames.hytalerpg.gear.MasterAffixEquipmentSimulatorTest#authoredCarrierIsProductionEligible,"com.inigmasgames.hytalerpg.gear.MasterAffixEquipmentSimulatorTest#authoredCarrierIsProductionEligible(WA-092, ab-wa-092-affixed, gm.battleaxe_adamantite.h)","[""gm.cloth_linen.chest.n""]",ab-wa-092-affixed,ab-wa-092-control,"[""chest-magic""]","[""com.inigmasgames.hytalerpg.gear.GearEquipmentLifecycleTest#validEquipChangesDerivedOwnerAndUnequipRestoresExactBaseline"", ""com.inigmasgames.hytalerpg.gear.MasterAffixEquipmentSimulatorTest#authoredAffixReachesFrozenEquipmentSnapshotAndLeavesOnEveryInvalidation"", ""com.inigmasgames.hytalerpg.ui.inventory.AdvancedStatsAffixProjectionTest#singleAcceptedAffixDisplaysItsAuthoritativeValueAndRestores""]","[""src/main/java/com/inigmasgames/hytalerpg/gear/GearDropGenerator.java""]",[],src/main/java/com/inigmasgames/hytalerpg/gear/GearEquipmentResolution.java,com.inigmasgames.hytalerpg.gear.GearEquipmentLifecycleTest#validEquipChangesDerivedOwnerAndUnequipRestoresExactBaseline,com.inigmasgames.hytalerpg.gear.GearEquipmentLifecycleTest#validEquipChangesDerivedOwnerAndUnequipRestoresExactBaseline,com.inigmasgames.hytalerpg.gear.GearEquipmentLifecycleTest#validEquipChangesDerivedOwnerAndUnequipRestoresExactBaseline,[],,PROVEN,com.inigmasgames.hytalerpg.gear.MasterAffixEquipmentSimulatorTest#authoredAffixReachesFrozenEquipmentSnapshotAndLeavesOnEveryInvalidation,mana,True,com.inigmasgames.hytalerpg.ui.inventory.AdvancedStatsAffixProjectionTest#singleAcceptedAffixDisplaysItsAuthoritativeValueAndRestores,OWNER_ONLY,True,OWNER_ONLY,com.inigmasgames.hytalerpg.execution.summon.MasterAffixSentinelOwnerOnlyTest#ownerOnlyBoundSourceDoesNotChangeSentinelRuntime,True,FUNCTIONAL,[]
WA-093,Enduring,PREFIX,MAX_STAMINA,ALL,Adds V to maximum Stamina via the existing pool adapter. Capacity increase never fills current resource. Require: DEX-SOFT. Armor: All armor; 0.50 Chest/Legs; 0.35 Head/Hands.,All armor; 0.50 Chest/Legs; 0.35 Head/Hands.,gm.battleaxe_adamantite.h,com.inigmasgames.hytalerpg.gear.MasterAffixEquipmentSimulatorTest#authoredCarrierIsProductionEligible,"com.inigmasgames.hytalerpg.gear.MasterAffixEquipmentSimulatorTest#authoredCarrierIsProductionEligible(WA-093, ab-wa-093-affixed, gm.battleaxe_adamantite.h)","[""gm.cloth_linen.legs.n""]",ab-wa-093-affixed,ab-wa-093-control,"[""legs-rare""]","[""com.inigmasgames.hytalerpg.gear.GearEquipmentLifecycleTest#validEquipChangesDerivedOwnerAndUnequipRestoresExactBaseline"", ""com.inigmasgames.hytalerpg.gear.MasterAffixEquipmentSimulatorTest#authoredAffixReachesFrozenEquipmentSnapshotAndLeavesOnEveryInvalidation"", ""com.inigmasgames.hytalerpg.ui.inventory.AdvancedStatsAffixProjectionTest#singleAcceptedAffixDisplaysItsAuthoritativeValueAndRestores""]","[""src/main/java/com/inigmasgames/hytalerpg/gear/GearDropGenerator.java""]",[],src/main/java/com/inigmasgames/hytalerpg/gear/GearEquipmentResolution.java,com.inigmasgames.hytalerpg.gear.GearEquipmentLifecycleTest#validEquipChangesDerivedOwnerAndUnequipRestoresExactBaseline,com.inigmasgames.hytalerpg.gear.GearEquipmentLifecycleTest#validEquipChangesDerivedOwnerAndUnequipRestoresExactBaseline,com.inigmasgames.hytalerpg.gear.GearEquipmentLifecycleTest#validEquipChangesDerivedOwnerAndUnequipRestoresExactBaseline,[],,PROVEN,com.inigmasgames.hytalerpg.gear.MasterAffixEquipmentSimulatorTest#authoredAffixReachesFrozenEquipmentSnapshotAndLeavesOnEveryInvalidation,stamina,True,com.inigmasgames.hytalerpg.ui.inventory.AdvancedStatsAffixProjectionTest#singleAcceptedAffixDisplaysItsAuthoritativeValueAndRestores,OWNER_ONLY,True,OWNER_ONLY,com.inigmasgames.hytalerpg.execution.summon.MasterAffixSentinelOwnerOnlyTest#ownerOnlyBoundSourceDoesNotChangeSentinelRuntime,True,FUNCTIONAL,[]
WA-094,of Reaping,SUFFIX,LIFE_ON_HIT,"M, R, B","Restore V Health on a valid root attack hit. Once per authored execution, not per victim or pellet; recovery caps apply. Require: BASE-CORE. Armor: none.",none.,gm.battleaxe_adamantite.h,com.inigmasgames.hytalerpg.gear.MasterAffixEquipmentSimulatorTest#authoredCarrierIsProductionEligible,"com.inigmasgames.hytalerpg.gear.MasterAffixEquipmentSimulatorTest#authoredCarrierIsProductionEligible(WA-094, ab-wa-094-affixed, gm.battleaxe_adamantite.h)",[],ab-wa-094-affixed,ab-wa-094-control,[],"[""com.inigmasgames.hytalerpg.combat.hytale.GearAppliedHitRecoveryOwnerTest#wa094AcceptedPostMitigationHitCreditsHealthOnce"", ""com.inigmasgames.hytalerpg.combat.resource.GearRecoveryRuntimeTest#actualHealthLossFlatRootDedupAndSharedWindowsUseNativeCredits"", ""com.inigmasgames.hytalerpg.combat.resource.GearRecoveryRuntimeTest#barrierReflectionAndDeathIdentityCannotCreateRecovery"", ""com.inigmasgames.hytalerpg.combat.resource.GearRecoveryRuntimeTest#boundedLedgersRejectAtCapacityThenReopenAfterTimedExpiry"", ""com.inigmasgames.hytalerpg.combat.resource.GearRecoveryRuntimeTest#cancelCannotResetRootOrRollingCapAndExpiredRootsFreeCapacity"", ""com.inigmasgames.hytalerpg.combat.resource.GearRecoveryRuntimeTest#cancelledStatusSummonAndNonhostileReceiptsNeverPay"", ""com.inigmasgames.hytalerpg.combat.resource.GearRecoveryRuntimeTest#explicitDisabledCapabilityPolicyRejectsRecovery"", ""com.inigmasgames.hytalerpg.combat.resource.GearRecoveryRuntimeTest#productionPayoutCoordinatorUsesConfirmedHealthAndReservationAwareMana"", ""com.inigmasgames.hytalerpg.combat.resource.GearRecoveryRuntimeTest#reservationAwareManaCapAndSentinelSelfOnly"", ""com.inigmasgames.hytalerpg.execution.summon.MasterAffixSentinelRecoveryTest#boundNpcAcceptedHitPaysOnlyNpcHealth"", ""com.inigmasgames.hytalerpg.gear.MasterAffixEquipmentSimulatorTest#authoredAffixReachesFrozenEquipmentSnapshotAndLeavesOnEveryInvalidation""]","[""src/main/java/com/inigmasgames/hytalerpg/combat/resource/GearRecoveryRuntime.java"", ""src/main/java/com/inigmasgames/hytalerpg/execution/summon/IronSentinelAffixes.java""]",[],src/main/java/com/inigmasgames/hytalerpg/combat/resource/GearRecoveryRuntime.java,com.inigmasgames.hytalerpg.execution.summon.MasterAffixSentinelRecoveryTest#boundNpcAcceptedHitPaysOnlyNpcHealth,com.inigmasgames.hytalerpg.execution.summon.MasterAffixSentinelRecoveryTest#boundNpcAcceptedHitPaysOnlyNpcHealth,com.inigmasgames.hytalerpg.execution.summon.MasterAffixSentinelRecoveryTest#boundNpcAcceptedHitPaysOnlyNpcHealth,"[""com.inigmasgames.hytalerpg.combat.hytale.GearAppliedHitRecoveryOwnerTest#wa094AcceptedPostMitigationHitCreditsHealthOnce""]",Default recovery owner consumes accepted post-mitigation loss receipt; exact once-only Health/Mana credit and unrolled/cancelled controls.,PROVEN,com.inigmasgames.hytalerpg.gear.MasterAffixEquipmentSimulatorTest#authoredAffixReachesFrozenEquipmentSnapshotAndLeavesOnEveryInvalidation,,False,,ATTACK_PROC,True,INHERITED,com.inigmasgames.hytalerpg.execution.summon.MasterAffixSentinelRecoveryTest#boundNpcAcceptedHitPaysOnlyNpcHealth,True,FUNCTIONAL,[]
WA-095,of Clarity,SUFFIX,MANA_ON_HIT,"M, R, B",Restore V Mana on a valid root attack hit. Adds a capped recovery event; does not multiply existing 4%/12% refunds. Require: BASE-CORE. Armor: none.,none.,gm.battleaxe_adamantite.h,com.inigmasgames.hytalerpg.gear.MasterAffixEquipmentSimulatorTest#authoredCarrierIsProductionEligible,"com.inigmasgames.hytalerpg.gear.MasterAffixEquipmentSimulatorTest#authoredCarrierIsProductionEligible(WA-095, ab-wa-095-affixed, gm.battleaxe_adamantite.h)",[],ab-wa-095-affixed,ab-wa-095-control,[],"[""com.inigmasgames.hytalerpg.MasterAffixResourceCompletionTest#wa095PaysActualManaOnAcceptedHitOnly"", ""com.inigmasgames.hytalerpg.combat.hytale.GearAppliedHitRecoveryOwnerTest#wa095AcceptedPostMitigationHitCreditsManaOnce"", ""com.inigmasgames.hytalerpg.combat.resource.GearRecoveryRuntimeTest#actualHealthLossFlatRootDedupAndSharedWindowsUseNativeCredits"", ""com.inigmasgames.hytalerpg.combat.resource.GearRecoveryRuntimeTest#explicitDisabledCapabilityPolicyRejectsRecovery"", ""com.inigmasgames.hytalerpg.combat.resource.GearRecoveryRuntimeTest#productionPayoutCoordinatorUsesConfirmedHealthAndReservationAwareMana"", ""com.inigmasgames.hytalerpg.combat.resource.GearRecoveryRuntimeTest#reservationAwareManaCapAndSentinelSelfOnly"", ""com.inigmasgames.hytalerpg.gear.MasterAffixEquipmentSimulatorTest#authoredAffixReachesFrozenEquipmentSnapshotAndLeavesOnEveryInvalidation""]","[""src/main/java/com/inigmasgames/hytalerpg/combat/resource/GearRecoveryRuntime.java""]",[],src/main/java/com/inigmasgames/hytalerpg/combat/resource/GearRecoveryRuntime.java,com.inigmasgames.hytalerpg.MasterAffixResourceCompletionTest#wa095PaysActualManaOnAcceptedHitOnly,com.inigmasgames.hytalerpg.MasterAffixResourceCompletionTest#wa095PaysActualManaOnAcceptedHitOnly,com.inigmasgames.hytalerpg.MasterAffixResourceCompletionTest#wa095PaysActualManaOnAcceptedHitOnly,"[""com.inigmasgames.hytalerpg.combat.hytale.GearAppliedHitRecoveryOwnerTest#wa095AcceptedPostMitigationHitCreditsManaOnce""]",Default recovery owner consumes accepted post-mitigation loss receipt; exact once-only Health/Mana credit and unrolled/cancelled controls.,PROVEN,com.inigmasgames.hytalerpg.gear.MasterAffixEquipmentSimulatorTest#authoredAffixReachesFrozenEquipmentSnapshotAndLeavesOnEveryInvalidation,,False,,OWNER_ONLY,True,OWNER_ONLY,com.inigmasgames.hytalerpg.execution.summon.MasterAffixSentinelOwnerOnlyTest#ownerOnlyBoundSourceDoesNotChangeSentinelRuntime,True,FUNCTIONAL,[]
WA-096,Vampiric,PREFIX,LIFE_LEECH,"M, R, B","Queue V% of eligible actual attack Health damage as Health recovery. Actual HP lost only; overkill, reflect, summons and shields excluded. Require: BASE-CORE. Armor: none.",none.,gm.battleaxe_adamantite.h,com.inigmasgames.hytalerpg.gear.MasterAffixEquipmentSimulatorTest#authoredCarrierIsProductionEligible,"com.inigmasgames.hytalerpg.gear.MasterAffixEquipmentSimulatorTest#authoredCarrierIsProductionEligible(WA-096, ab-wa-096-affixed, gm.battleaxe_adamantite.h)",[],ab-wa-096-affixed,ab-wa-096-control,[],"[""com.inigmasgames.hytalerpg.combat.hytale.GearAppliedHitRecoveryOwnerTest#wa096AcceptedPostMitigationHitCreditsLifeLeechOnce"", ""com.inigmasgames.hytalerpg.combat.resource.GearRecoveryRuntimeTest#actualHealthLossFlatRootDedupAndSharedWindowsUseNativeCredits"", ""com.inigmasgames.hytalerpg.combat.resource.GearRecoveryRuntimeTest#barrierReflectionAndDeathIdentityCannotCreateRecovery"", ""com.inigmasgames.hytalerpg.combat.resource.GearRecoveryRuntimeTest#cancelCannotResetRootOrRollingCapAndExpiredRootsFreeCapacity"", ""com.inigmasgames.hytalerpg.combat.resource.GearRecoveryRuntimeTest#cancelledStatusSummonAndNonhostileReceiptsNeverPay"", ""com.inigmasgames.hytalerpg.combat.resource.GearRecoveryRuntimeTest#explicitDisabledCapabilityPolicyRejectsRecovery"", ""com.inigmasgames.hytalerpg.combat.resource.GearRecoveryRuntimeTest#productionPayoutCoordinatorUsesConfirmedHealthAndReservationAwareMana"", ""com.inigmasgames.hytalerpg.combat.resource.GearRecoveryRuntimeTest#reservationAwareManaCapAndSentinelSelfOnly"", ""com.inigmasgames.hytalerpg.execution.summon.MasterAffixSentinelRecoveryTest#boundNpcAcceptedHitPaysOnlyNpcHealth"", ""com.inigmasgames.hytalerpg.gear.GearTooltipV12Test#everyStableFamilyHasOneAuthoredTemplateIncludingGatedFamilies"", ""com.inigmasgames.hytalerpg.gear.GearTooltipV12Test#formatterSubstitutesPersistedPrecisionAndCanonicalSkillName"", ""com.inigmasgames.hytalerpg.gear.MasterAffixEquipmentSimulatorTest#authoredAffixReachesFrozenEquipmentSnapshotAndLeavesOnEveryInvalidation""]","[""src/main/java/com/inigmasgames/hytalerpg/combat/resource/GearRecoveryRuntime.java"", ""src/main/java/com/inigmasgames/hytalerpg/execution/summon/IronSentinelAffixes.java""]",[],src/main/java/com/inigmasgames/hytalerpg/combat/resource/GearRecoveryRuntime.java,com.inigmasgames.hytalerpg.execution.summon.MasterAffixSentinelRecoveryTest#boundNpcAcceptedHitPaysOnlyNpcHealth,com.inigmasgames.hytalerpg.execution.summon.MasterAffixSentinelRecoveryTest#boundNpcAcceptedHitPaysOnlyNpcHealth,com.inigmasgames.hytalerpg.execution.summon.MasterAffixSentinelRecoveryTest#boundNpcAcceptedHitPaysOnlyNpcHealth,"[""com.inigmasgames.hytalerpg.combat.hytale.GearAppliedHitRecoveryOwnerTest#wa096AcceptedPostMitigationHitCreditsLifeLeechOnce""]",Default recovery owner consumes accepted post-mitigation loss receipt; exact once-only Health/Mana credit and unrolled/cancelled controls.,PROVEN,com.inigmasgames.hytalerpg.gear.MasterAffixEquipmentSimulatorTest#authoredAffixReachesFrozenEquipmentSnapshotAndLeavesOnEveryInvalidation,,False,,ATTACK_PROC,True,INHERITED,com.inigmasgames.hytalerpg.execution.summon.MasterAffixSentinelRecoveryTest#boundNpcAcceptedHitPaysOnlyNpcHealth,True,FUNCTIONAL,[]
WA-097,Siphoning,PREFIX,MANA_LEECH,"M, R, B",Queue V% of eligible actual attack Health damage as Mana recovery. Leech and recovery caps prevent cost-free proc loops. Require: BASE-CORE. Armor: none.,none.,gm.battleaxe_adamantite.h,com.inigmasgames.hytalerpg.gear.MasterAffixEquipmentSimulatorTest#authoredCarrierIsProductionEligible,"com.inigmasgames.hytalerpg.gear.MasterAffixEquipmentSimulatorTest#authoredCarrierIsProductionEligible(WA-097, ab-wa-097-affixed, gm.battleaxe_adamantite.h)",[],ab-wa-097-affixed,ab-wa-097-control,[],"[""com.inigmasgames.hytalerpg.MasterAffixResourceCompletionTest#wa097PaysActualManaLeechOnAcceptedHitOnly"", ""com.inigmasgames.hytalerpg.combat.hytale.GearAppliedHitRecoveryOwnerTest#wa097AcceptedPostMitigationHitCreditsManaLeechOnce"", ""com.inigmasgames.hytalerpg.combat.resource.GearRecoveryRuntimeTest#actualHealthLossFlatRootDedupAndSharedWindowsUseNativeCredits"", ""com.inigmasgames.hytalerpg.combat.resource.GearRecoveryRuntimeTest#explicitDisabledCapabilityPolicyRejectsRecovery"", ""com.inigmasgames.hytalerpg.combat.resource.GearRecoveryRuntimeTest#productionPayoutCoordinatorUsesConfirmedHealthAndReservationAwareMana"", ""com.inigmasgames.hytalerpg.combat.resource.GearRecoveryRuntimeTest#reservationAwareManaCapAndSentinelSelfOnly"", ""com.inigmasgames.hytalerpg.gear.MasterAffixEquipmentSimulatorTest#authoredAffixReachesFrozenEquipmentSnapshotAndLeavesOnEveryInvalidation""]","[""src/main/java/com/inigmasgames/hytalerpg/combat/resource/GearRecoveryRuntime.java""]",[],src/main/java/com/inigmasgames/hytalerpg/combat/resource/GearRecoveryRuntime.java,com.inigmasgames.hytalerpg.MasterAffixResourceCompletionTest#wa097PaysActualManaLeechOnAcceptedHitOnly,com.inigmasgames.hytalerpg.MasterAffixResourceCompletionTest#wa097PaysActualManaLeechOnAcceptedHitOnly,com.inigmasgames.hytalerpg.MasterAffixResourceCompletionTest#wa097PaysActualManaLeechOnAcceptedHitOnly,"[""com.inigmasgames.hytalerpg.combat.hytale.GearAppliedHitRecoveryOwnerTest#wa097AcceptedPostMitigationHitCreditsManaLeechOnce""]",Default recovery owner consumes accepted post-mitigation loss receipt; exact once-only Health/Mana credit and unrolled/cancelled controls.,PROVEN,com.inigmasgames.hytalerpg.gear.MasterAffixEquipmentSimulatorTest#authoredAffixReachesFrozenEquipmentSnapshotAndLeavesOnEveryInvalidation,,False,,OWNER_ONLY,True,OWNER_ONLY,com.inigmasgames.hytalerpg.execution.summon.MasterAffixSentinelOwnerOnlyTest#ownerOnlyBoundSourceDoesNotChangeSentinelRuntime,True,FUNCTIONAL,[]
WA-098,of Triumph,SUFFIX,LIFE_ON_KILL,ALL,Restore V% normal Max Health on a credited enemy kill. One enemy reward identity; no summons/dummies/self-farming. Require: BASE-SOFT. Armor: All armor; 0.5 × V.,All armor; 0.5 × V.,gm.battleaxe_adamantite.h,com.inigmasgames.hytalerpg.gear.MasterAffixEquipmentSimulatorTest#authoredCarrierIsProductionEligible,"com.inigmasgames.hytalerpg.gear.MasterAffixEquipmentSimulatorTest#authoredCarrierIsProductionEligible(WA-098, ab-wa-098-affixed, gm.battleaxe_adamantite.h)",[],ab-wa-098-affixed,ab-wa-098-control,[],"[""com.inigmasgames.hytalerpg.MasterAffixResourceCompletionTest#wa098CreditsKillHealthOnceAndRejectsIneligibleDeath"", ""com.inigmasgames.hytalerpg.combat.resource.GearRecoveryRuntimeTest#barrierReflectionAndDeathIdentityCannotCreateRecovery"", ""com.inigmasgames.hytalerpg.combat.resource.GearRecoveryRuntimeTest#boundedLedgersRejectAtCapacityThenReopenAfterTimedExpiry"", ""com.inigmasgames.hytalerpg.combat.resource.GearRecoveryRuntimeTest#creditedDeathCallbackPaysOnlyOncePerDurableRewardIdentity"", ""com.inigmasgames.hytalerpg.combat.resource.GearRecoveryRuntimeTest#explicitDisabledCapabilityPolicyRejectsRecovery"", ""com.inigmasgames.hytalerpg.execution.hytale.GearRecoveryRewardDispatchTest#wa098AcceptedSharePaysDefaultOwnerOnceWithinLiveCreditWindow"", ""com.inigmasgames.hytalerpg.gear.MasterAffixEquipmentSimulatorTest#authoredAffixReachesFrozenEquipmentSnapshotAndLeavesOnEveryInvalidation""]","[""src/main/java/com/inigmasgames/hytalerpg/combat/resource/GearRecoveryRuntime.java""]",[],src/main/java/com/inigmasgames/hytalerpg/combat/resource/GearRecoveryRuntime.java,com.inigmasgames.hytalerpg.MasterAffixResourceCompletionTest#wa098CreditsKillHealthOnceAndRejectsIneligibleDeath,com.inigmasgames.hytalerpg.MasterAffixResourceCompletionTest#wa098CreditsKillHealthOnceAndRejectsIneligibleDeath,com.inigmasgames.hytalerpg.MasterAffixResourceCompletionTest#wa098CreditsKillHealthOnceAndRejectsIneligibleDeath,"[""com.inigmasgames.hytalerpg.execution.hytale.GearRecoveryRewardDispatchTest#wa098AcceptedSharePaysDefaultOwnerOnceWithinLiveCreditWindow""]",Accepted encounter share feeds frozen death gear to default kill recovery owner; no duplicate or uncredited payment.,PROVEN,com.inigmasgames.hytalerpg.gear.MasterAffixEquipmentSimulatorTest#authoredAffixReachesFrozenEquipmentSnapshotAndLeavesOnEveryInvalidation,,False,,OWNER_ONLY,True,OWNER_ONLY,com.inigmasgames.hytalerpg.execution.summon.MasterAffixSentinelOwnerOnlyTest#ownerOnlyBoundSourceDoesNotChangeSentinelRuntime,True,FUNCTIONAL,[]
WA-099,of Flow,SUFFIX,MANA_REGEN,ALL,"V% increased passive Mana regeneration rate. Not a percentage-point addition to the baseline 1.5%/s. Require: WIS-SOFT. Armor: Head, Chest; 0.5 × V.","Head, Chest; 0.5 × V.",gm.battleaxe_adamantite.h,com.inigmasgames.hytalerpg.gear.MasterAffixEquipmentSimulatorTest#authoredCarrierIsProductionEligible,"com.inigmasgames.hytalerpg.gear.MasterAffixEquipmentSimulatorTest#authoredCarrierIsProductionEligible(WA-099, ab-wa-099-affixed, gm.battleaxe_adamantite.h)",[],ab-wa-099-affixed,ab-wa-099-control,[],"[""com.inigmasgames.hytalerpg.execution.GearResourceConsumerTest#regenerationUsesProductionResourceAdmissionAndDoesNotAlterRefunds"", ""com.inigmasgames.hytalerpg.gear.MasterAffixEquipmentSimulatorTest#authoredAffixReachesFrozenEquipmentSnapshotAndLeavesOnEveryInvalidation"", ""com.inigmasgames.hytalerpg.ui.inventory.AdvancedStatsAffixProjectionTest#everyGlobalGearRowUsesFrozenOperatorValueAndVanishesOnUnequip""]",[],[],src/main/java/com/inigmasgames/hytalerpg/combat/resource/RpgResourceService.java,com.inigmasgames.hytalerpg.execution.GearResourceConsumerTest#regenerationUsesProductionResourceAdmissionAndDoesNotAlterRefunds,com.inigmasgames.hytalerpg.execution.GearResourceConsumerTest#regenerationUsesProductionResourceAdmissionAndDoesNotAlterRefunds,com.inigmasgames.hytalerpg.execution.GearResourceConsumerTest#regenerationUsesProductionResourceAdmissionAndDoesNotAlterRefunds,[],,PROVEN,com.inigmasgames.hytalerpg.gear.MasterAffixEquipmentSimulatorTest#authoredAffixReachesFrozenEquipmentSnapshotAndLeavesOnEveryInvalidation,manaRegen,True,com.inigmasgames.hytalerpg.ui.inventory.AdvancedStatsAffixProjectionTest#everyGlobalGearRowUsesFrozenOperatorValueAndVanishesOnUnequip,OWNER_ONLY,True,OWNER_ONLY,com.inigmasgames.hytalerpg.execution.summon.MasterAffixSentinelOwnerOnlyTest#ownerOnlyBoundSourceDoesNotChangeSentinelRuntime,True,FUNCTIONAL,[]
WA-100,of Endurance,SUFFIX,STAMINA_REGEN,ALL,V% increased passive Stamina regeneration rate. Does not increase basic-hit refunds. Require: DEX-SOFT. Armor: Legs; 0.5 × V.,Legs; 0.5 × V.,gm.battleaxe_adamantite.h,com.inigmasgames.hytalerpg.gear.MasterAffixEquipmentSimulatorTest#authoredCarrierIsProductionEligible,"com.inigmasgames.hytalerpg.gear.MasterAffixEquipmentSimulatorTest#authoredCarrierIsProductionEligible(WA-100, ab-wa-100-affixed, gm.battleaxe_adamantite.h)",[],ab-wa-100-affixed,ab-wa-100-control,[],"[""com.inigmasgames.hytalerpg.execution.GearResourceConsumerTest#regenerationUsesProductionResourceAdmissionAndDoesNotAlterRefunds"", ""com.inigmasgames.hytalerpg.gear.MasterAffixEquipmentSimulatorTest#authoredAffixReachesFrozenEquipmentSnapshotAndLeavesOnEveryInvalidation"", ""com.inigmasgames.hytalerpg.ui.inventory.AdvancedStatsAffixProjectionTest#everyGlobalGearRowUsesFrozenOperatorValueAndVanishesOnUnequip""]",[],[],src/main/java/com/inigmasgames/hytalerpg/combat/resource/RpgResourceService.java,com.inigmasgames.hytalerpg.execution.GearResourceConsumerTest#regenerationUsesProductionResourceAdmissionAndDoesNotAlterRefunds,com.inigmasgames.hytalerpg.execution.GearResourceConsumerTest#regenerationUsesProductionResourceAdmissionAndDoesNotAlterRefunds,com.inigmasgames.hytalerpg.execution.GearResourceConsumerTest#regenerationUsesProductionResourceAdmissionAndDoesNotAlterRefunds,[],,PROVEN,com.inigmasgames.hytalerpg.gear.MasterAffixEquipmentSimulatorTest#authoredAffixReachesFrozenEquipmentSnapshotAndLeavesOnEveryInvalidation,staminaRegen,True,com.inigmasgames.hytalerpg.ui.inventory.AdvancedStatsAffixProjectionTest#everyGlobalGearRowUsesFrozenOperatorValueAndVanishesOnUnequip,OWNER_ONLY,True,OWNER_ONLY,com.inigmasgames.hytalerpg.execution.summon.MasterAffixSentinelOwnerOnlyTest#ownerOnlyBoundSourceDoesNotChangeSentinelRuntime,True,FUNCTIONAL,[]
WA-101,of Economy,SUFFIX,MANA_COST,C,"V% reduced finite Mana costs and continuous upkeep. Excludes reservation, full-pool drains and resource locks. Require: WIS-CORE. Armor: Chest; INT/WIS armor; 0.5 × V.",Chest; INT/WIS armor; 0.5 × V.,gm.book_apprentice.h,com.inigmasgames.hytalerpg.gear.MasterAffixEquipmentSimulatorTest#authoredCarrierIsProductionEligible,"com.inigmasgames.hytalerpg.gear.MasterAffixEquipmentSimulatorTest#authoredCarrierIsProductionEligible(WA-101, ab-wa-101-affixed, gm.book_apprentice.h)",[],ab-wa-101-affixed,ab-wa-101-control,[],"[""com.inigmasgames.hytalerpg.execution.GearResourceConsumerTest#finiteAndUpkeepCostsReachTheRealReservationAndPaymentOwner"", ""com.inigmasgames.hytalerpg.execution.GearResourceConsumerTest#staminaAndSummonReductionsPayOnceAndRejectUnaffordableCosts"", ""com.inigmasgames.hytalerpg.gear.MasterAffixEquipmentSimulatorTest#authoredAffixReachesFrozenEquipmentSnapshotAndLeavesOnEveryInvalidation"", ""com.inigmasgames.hytalerpg.ui.inventory.AdvancedStatsAffixProjectionTest#resourceRowsUsePaymentOwnerIncludingStackedReductionsAndZeroControl""]",[],[],src/main/java/com/inigmasgames/hytalerpg/combat/resource/RpgResourceService.java,com.inigmasgames.hytalerpg.execution.GearResourceConsumerTest#finiteAndUpkeepCostsReachTheRealReservationAndPaymentOwner,com.inigmasgames.hytalerpg.execution.GearResourceConsumerTest#finiteAndUpkeepCostsReachTheRealReservationAndPaymentOwner,com.inigmasgames.hytalerpg.execution.GearResourceConsumerTest#finiteAndUpkeepCostsReachTheRealReservationAndPaymentOwner,[],,PROVEN,com.inigmasgames.hytalerpg.gear.MasterAffixEquipmentSimulatorTest#authoredAffixReachesFrozenEquipmentSnapshotAndLeavesOnEveryInvalidation,manaCost,True,com.inigmasgames.hytalerpg.ui.inventory.AdvancedStatsAffixProjectionTest#resourceRowsUsePaymentOwnerIncludingStackedReductionsAndZeroControl,OWNER_ONLY,True,OWNER_ONLY,com.inigmasgames.hytalerpg.execution.summon.MasterAffixSentinelOwnerOnlyTest#ownerOnlyBoundSourceDoesNotChangeSentinelRuntime,True,FUNCTIONAL,[]
WA-102,of Conservation,SUFFIX,STAMINA_COST,"M, R, B, H","V% reduced finite RPG Stamina skill costs. Not native sprint/block costs; no conflict with the passive named Conservation. Require: BASE-CORE. Armor: Hands, Legs; 0.5 × V.","Hands, Legs; 0.5 × V.",gm.battleaxe_adamantite.h,com.inigmasgames.hytalerpg.gear.MasterAffixEquipmentSimulatorTest#authoredCarrierIsProductionEligible,"com.inigmasgames.hytalerpg.gear.MasterAffixEquipmentSimulatorTest#authoredCarrierIsProductionEligible(WA-102, ab-wa-102-affixed, gm.battleaxe_adamantite.h)",[],ab-wa-102-affixed,ab-wa-102-control,[],"[""com.inigmasgames.hytalerpg.execution.GearResourceConsumerTest#staminaAndSummonReductionsPayOnceAndRejectUnaffordableCosts"", ""com.inigmasgames.hytalerpg.gear.MasterAffixEquipmentSimulatorTest#authoredAffixReachesFrozenEquipmentSnapshotAndLeavesOnEveryInvalidation"", ""com.inigmasgames.hytalerpg.ui.inventory.AdvancedStatsAffixProjectionTest#resourceRowsUsePaymentOwnerIncludingStackedReductionsAndZeroControl""]",[],[],src/main/java/com/inigmasgames/hytalerpg/combat/resource/RpgResourceService.java,com.inigmasgames.hytalerpg.execution.GearResourceConsumerTest#staminaAndSummonReductionsPayOnceAndRejectUnaffordableCosts,com.inigmasgames.hytalerpg.execution.GearResourceConsumerTest#staminaAndSummonReductionsPayOnceAndRejectUnaffordableCosts,com.inigmasgames.hytalerpg.execution.GearResourceConsumerTest#staminaAndSummonReductionsPayOnceAndRejectUnaffordableCosts,[],,PROVEN,com.inigmasgames.hytalerpg.gear.MasterAffixEquipmentSimulatorTest#authoredAffixReachesFrozenEquipmentSnapshotAndLeavesOnEveryInvalidation,staminaCost,True,com.inigmasgames.hytalerpg.ui.inventory.AdvancedStatsAffixProjectionTest#resourceRowsUsePaymentOwnerIncludingStackedReductionsAndZeroControl,OWNER_ONLY,True,OWNER_ONLY,com.inigmasgames.hytalerpg.execution.summon.MasterAffixSentinelOwnerOnlyTest#ownerOnlyBoundSourceDoesNotChangeSentinelRuntime,True,FUNCTIONAL,[]
WA-103,Restorative,PREFIX,HEALING_POWER,C,"Adds V to the caster’s authored Healing Power before WIS scaling. Explicit item contribution; does not replace the innate base. Require: WIS-CORE. Armor: Head, Chest; WIS armor; 0.5 × V.","Head, Chest; WIS armor; 0.5 × V.",gm.book_apprentice.h,com.inigmasgames.hytalerpg.gear.MasterAffixEquipmentSimulatorTest#authoredCarrierIsProductionEligible,"com.inigmasgames.hytalerpg.gear.MasterAffixEquipmentSimulatorTest#authoredCarrierIsProductionEligible(WA-103, ab-wa-103-affixed, gm.book_apprentice.h)",[],ab-wa-103-affixed,ab-wa-103-control,[],"[""com.inigmasgames.hytalerpg.GearSupportConsumerTest#committedMinorHealUsesFrozenHealingPowerAndOutgoingIncrease"", ""com.inigmasgames.hytalerpg.MasterAffixResourceCompletionTest#wa103SeparatelyChangesCommittedCanonicalMinorHeal"", ""com.inigmasgames.hytalerpg.gear.GearCatalogLegalityTest#armorExtensionsUseTheirOwnSlotAndAttributeRules"", ""com.inigmasgames.hytalerpg.gear.MasterAffixEquipmentSimulatorTest#authoredAffixReachesFrozenEquipmentSnapshotAndLeavesOnEveryInvalidation"", ""com.inigmasgames.hytalerpg.ui.inventory.AdvancedStatsAffixProjectionTest#everyGlobalGearRowUsesFrozenOperatorValueAndVanishesOnUnequip""]",[],[],src/main/java/com/inigmasgames/hytalerpg/execution/support/SupportRuntime.java,com.inigmasgames.hytalerpg.MasterAffixResourceCompletionTest#wa103SeparatelyChangesCommittedCanonicalMinorHeal,com.inigmasgames.hytalerpg.MasterAffixResourceCompletionTest#wa103SeparatelyChangesCommittedCanonicalMinorHeal,com.inigmasgames.hytalerpg.MasterAffixResourceCompletionTest#wa103SeparatelyChangesCommittedCanonicalMinorHeal,[],,PROVEN,com.inigmasgames.hytalerpg.gear.MasterAffixEquipmentSimulatorTest#authoredAffixReachesFrozenEquipmentSnapshotAndLeavesOnEveryInvalidation,healingPower,True,com.inigmasgames.hytalerpg.ui.inventory.AdvancedStatsAffixProjectionTest#everyGlobalGearRowUsesFrozenOperatorValueAndVanishesOnUnequip,OWNER_ONLY,True,OWNER_ONLY,com.inigmasgames.hytalerpg.execution.summon.MasterAffixSentinelOwnerOnlyTest#ownerOnlyBoundSourceDoesNotChangeSentinelRuntime,True,FUNCTIONAL,[]
WA-104,Benevolent,PREFIX,HEALING_DONE,C,"V% increased eligible outgoing healing. No extra Overheal permission or percentage-heal model. Require: WIS-CORE. Armor: Head, Chest; WIS armor; 0.5 × V.","Head, Chest; WIS armor; 0.5 × V.",gm.book_apprentice.h,com.inigmasgames.hytalerpg.gear.MasterAffixEquipmentSimulatorTest#authoredCarrierIsProductionEligible,"com.inigmasgames.hytalerpg.gear.MasterAffixEquipmentSimulatorTest#authoredCarrierIsProductionEligible(WA-104, ab-wa-104-affixed, gm.book_apprentice.h)",[],ab-wa-104-affixed,ab-wa-104-control,[],"[""com.inigmasgames.hytalerpg.GearSupportConsumerTest#committedMinorHealUsesFrozenHealingPowerAndOutgoingIncrease"", ""com.inigmasgames.hytalerpg.MasterAffixResourceCompletionTest#wa104SeparatelyChangesCommittedCanonicalMinorHeal"", ""com.inigmasgames.hytalerpg.gear.MasterAffixEquipmentSimulatorTest#authoredAffixReachesFrozenEquipmentSnapshotAndLeavesOnEveryInvalidation"", ""com.inigmasgames.hytalerpg.ui.inventory.AdvancedStatsAffixProjectionTest#everyGlobalGearRowUsesFrozenOperatorValueAndVanishesOnUnequip""]",[],[],src/main/java/com/inigmasgames/hytalerpg/execution/support/SupportRuntime.java,com.inigmasgames.hytalerpg.MasterAffixResourceCompletionTest#wa104SeparatelyChangesCommittedCanonicalMinorHeal,com.inigmasgames.hytalerpg.MasterAffixResourceCompletionTest#wa104SeparatelyChangesCommittedCanonicalMinorHeal,com.inigmasgames.hytalerpg.MasterAffixResourceCompletionTest#wa104SeparatelyChangesCommittedCanonicalMinorHeal,[],,PROVEN,com.inigmasgames.hytalerpg.gear.MasterAffixEquipmentSimulatorTest#authoredAffixReachesFrozenEquipmentSnapshotAndLeavesOnEveryInvalidation,healingDone,True,com.inigmasgames.hytalerpg.ui.inventory.AdvancedStatsAffixProjectionTest#everyGlobalGearRowUsesFrozenOperatorValueAndVanishesOnUnequip,OWNER_ONLY,True,OWNER_ONLY,com.inigmasgames.hytalerpg.execution.summon.MasterAffixSentinelOwnerOnlyTest#ownerOnlyBoundSourceDoesNotChangeSentinelRuntime,True,FUNCTIONAL,[]
WA-105,Sheltering,PREFIX,BARRIER_STRENGTH,"C, H","V% increased explicitly scalable barrier capacity. No free refill, duplicated deficit reset or protection-cap increase. Require: WIS-CORE. Armor: Head, Chest; WIS armor; 0.5 × V.","Head, Chest; WIS armor; 0.5 × V.",gm.book_apprentice.h,com.inigmasgames.hytalerpg.gear.MasterAffixEquipmentSimulatorTest#authoredCarrierIsProductionEligible,"com.inigmasgames.hytalerpg.gear.MasterAffixEquipmentSimulatorTest#authoredCarrierIsProductionEligible(WA-105, ab-wa-105-affixed, gm.book_apprentice.h)",[],ab-wa-105-affixed,ab-wa-105-control,[],"[""com.inigmasgames.hytalerpg.GearSupportConsumerTest#liveBarrierCapacityReprojectsWithoutRestoringAbsorbedPoints"", ""com.inigmasgames.hytalerpg.gear.MasterAffixEquipmentSimulatorTest#authoredAffixReachesFrozenEquipmentSnapshotAndLeavesOnEveryInvalidation"", ""com.inigmasgames.hytalerpg.ui.inventory.AdvancedStatsAffixProjectionTest#everyGlobalGearRowUsesFrozenOperatorValueAndVanishesOnUnequip""]",[],[],src/main/java/com/inigmasgames/hytalerpg/execution/support/FiniteSupportEffects.java,com.inigmasgames.hytalerpg.GearSupportConsumerTest#liveBarrierCapacityReprojectsWithoutRestoringAbsorbedPoints,com.inigmasgames.hytalerpg.GearSupportConsumerTest#liveBarrierCapacityReprojectsWithoutRestoringAbsorbedPoints,com.inigmasgames.hytalerpg.GearSupportConsumerTest#liveBarrierCapacityReprojectsWithoutRestoringAbsorbedPoints,[],,PROVEN,com.inigmasgames.hytalerpg.gear.MasterAffixEquipmentSimulatorTest#authoredAffixReachesFrozenEquipmentSnapshotAndLeavesOnEveryInvalidation,barrierStrength,True,com.inigmasgames.hytalerpg.ui.inventory.AdvancedStatsAffixProjectionTest#everyGlobalGearRowUsesFrozenOperatorValueAndVanishesOnUnequip,OWNER_ONLY,True,OWNER_ONLY,com.inigmasgames.hytalerpg.execution.summon.MasterAffixSentinelOwnerOnlyTest#ownerOnlyBoundSourceDoesNotChangeSentinelRuntime,True,FUNCTIONAL,[]
WA-106,of Connection,SUFFIX,TETHER_REACH,C,V% increased caster-to-primary range of explicit Tether skills. No extra targets or automatic branch-range increase. Require: WIS-CORE. Armor: none.,none.,gm.book_apprentice.h,com.inigmasgames.hytalerpg.gear.MasterAffixEquipmentSimulatorTest#authoredCarrierIsProductionEligible,"com.inigmasgames.hytalerpg.gear.MasterAffixEquipmentSimulatorTest#authoredCarrierIsProductionEligible(WA-106, ab-wa-106-affixed, gm.book_apprentice.h)",[],ab-wa-106-affixed,ab-wa-106-control,[],"[""com.inigmasgames.hytalerpg.MasterAffixResourceCompletionTest#wa106KeepsPaidFriendlyTetherInsideExtendedReachOnly"", ""com.inigmasgames.hytalerpg.gear.MasterAffixEquipmentSimulatorTest#authoredAffixReachesFrozenEquipmentSnapshotAndLeavesOnEveryInvalidation"", ""com.inigmasgames.hytalerpg.ui.inventory.AdvancedStatsAffixProjectionTest#everyGlobalGearRowUsesFrozenOperatorValueAndVanishesOnUnequip"", ""com.inigmasgames.hytalerpg.ui.inventory.AdvancedStatsAffixProjectionTest#statusSupportAndPickupRowsAgreeWithAdmissionAndReachOwners""]",[],[],src/main/java/com/inigmasgames/hytalerpg/execution/connection/ConnectionRuntime.java,com.inigmasgames.hytalerpg.MasterAffixResourceCompletionTest#wa106KeepsPaidFriendlyTetherInsideExtendedReachOnly,com.inigmasgames.hytalerpg.MasterAffixResourceCompletionTest#wa106KeepsPaidFriendlyTetherInsideExtendedReachOnly,com.inigmasgames.hytalerpg.MasterAffixResourceCompletionTest#wa106KeepsPaidFriendlyTetherInsideExtendedReachOnly,[],,PROVEN,com.inigmasgames.hytalerpg.gear.MasterAffixEquipmentSimulatorTest#authoredAffixReachesFrozenEquipmentSnapshotAndLeavesOnEveryInvalidation,tetherReach,True,com.inigmasgames.hytalerpg.ui.inventory.AdvancedStatsAffixProjectionTest#everyGlobalGearRowUsesFrozenOperatorValueAndVanishesOnUnequip,OWNER_ONLY,True,OWNER_ONLY,com.inigmasgames.hytalerpg.execution.summon.MasterAffixSentinelOwnerOnlyTest#ownerOnlyBoundSourceDoesNotChangeSentinelRuntime,True,FUNCTIONAL,[]
WA-107,of Sustenance,SUFFIX,CHANNEL_COST,C,V% reduced declared continuous Mana upkeep of channels. Cost applies before each paid tick; no extra channel started. Require: WIS-CORE. Armor: none.,none.,gm.book_apprentice.h,com.inigmasgames.hytalerpg.gear.MasterAffixEquipmentSimulatorTest#authoredCarrierIsProductionEligible,"com.inigmasgames.hytalerpg.gear.MasterAffixEquipmentSimulatorTest#authoredCarrierIsProductionEligible(WA-107, ab-wa-107-affixed, gm.book_apprentice.h)",[],ab-wa-107-affixed,ab-wa-107-control,[],"[""com.inigmasgames.hytalerpg.GearSupportConsumerTest#channelCostReductionPaysThroughTheExistingConnectionResourceOwner"", ""com.inigmasgames.hytalerpg.execution.GearResourceConsumerTest#finiteAndUpkeepCostsReachTheRealReservationAndPaymentOwner"", ""com.inigmasgames.hytalerpg.gear.MasterAffixEquipmentSimulatorTest#authoredAffixReachesFrozenEquipmentSnapshotAndLeavesOnEveryInvalidation"", ""com.inigmasgames.hytalerpg.ui.inventory.AdvancedStatsAffixProjectionTest#resourceRowsUsePaymentOwnerIncludingStackedReductionsAndZeroControl""]",[],[],src/main/java/com/inigmasgames/hytalerpg/combat/resource/RpgResourceService.java,com.inigmasgames.hytalerpg.execution.GearResourceConsumerTest#finiteAndUpkeepCostsReachTheRealReservationAndPaymentOwner,com.inigmasgames.hytalerpg.execution.GearResourceConsumerTest#finiteAndUpkeepCostsReachTheRealReservationAndPaymentOwner,com.inigmasgames.hytalerpg.execution.GearResourceConsumerTest#finiteAndUpkeepCostsReachTheRealReservationAndPaymentOwner,[],,PROVEN,com.inigmasgames.hytalerpg.gear.MasterAffixEquipmentSimulatorTest#authoredAffixReachesFrozenEquipmentSnapshotAndLeavesOnEveryInvalidation,channelCost,True,com.inigmasgames.hytalerpg.ui.inventory.AdvancedStatsAffixProjectionTest#resourceRowsUsePaymentOwnerIncludingStackedReductionsAndZeroControl,OWNER_ONLY,True,OWNER_ONLY,com.inigmasgames.hytalerpg.execution.summon.MasterAffixSentinelOwnerOnlyTest#ownerOnlyBoundSourceDoesNotChangeSentinelRuntime,True,FUNCTIONAL,[]
WA-108,Patient,PREFIX,CHANNEL_RAMP,C,"While maintaining one valid channel, gain V% increased effect per second, capped at three seconds. Reset on termination/retarget; invalid or unpaid ticks cannot build. Require: WIS-CORE. Armor: none.",none.,gm.book_apprentice.h,com.inigmasgames.hytalerpg.gear.MasterAffixEquipmentSimulatorTest#authoredCarrierIsProductionEligible,"com.inigmasgames.hytalerpg.gear.MasterAffixEquipmentSimulatorTest#authoredCarrierIsProductionEligible(WA-108, ab-wa-108-affixed, gm.book_apprentice.h)",[],ab-wa-108-affixed,ab-wa-108-control,[],"[""com.inigmasgames.hytalerpg.GearSupportConsumerTest#channelRampUsesOnlyPaidNativeConnectionPulses"", ""com.inigmasgames.hytalerpg.GearSupportConsumerTest#paidHealingTetherRampEntersTheRealHealingBucket"", ""com.inigmasgames.hytalerpg.gear.MasterAffixEquipmentSimulatorTest#authoredAffixReachesFrozenEquipmentSnapshotAndLeavesOnEveryInvalidation"", ""com.inigmasgames.hytalerpg.ui.inventory.AdvancedStatsAffixProjectionTest#everyGlobalGearRowUsesFrozenOperatorValueAndVanishesOnUnequip""]",[],[],src/main/java/com/inigmasgames/hytalerpg/execution/GearSupportModifiers.java,com.inigmasgames.hytalerpg.GearSupportConsumerTest#paidHealingTetherRampEntersTheRealHealingBucket,com.inigmasgames.hytalerpg.GearSupportConsumerTest#paidHealingTetherRampEntersTheRealHealingBucket,com.inigmasgames.hytalerpg.GearSupportConsumerTest#paidHealingTetherRampEntersTheRealHealingBucket,[],,PROVEN,com.inigmasgames.hytalerpg.gear.MasterAffixEquipmentSimulatorTest#authoredAffixReachesFrozenEquipmentSnapshotAndLeavesOnEveryInvalidation,channelRamp,True,com.inigmasgames.hytalerpg.ui.inventory.AdvancedStatsAffixProjectionTest#everyGlobalGearRowUsesFrozenOperatorValueAndVanishesOnUnequip,OWNER_ONLY,True,OWNER_ONLY,com.inigmasgames.hytalerpg.execution.summon.MasterAffixSentinelOwnerOnlyTest#ownerOnlyBoundSourceDoesNotChangeSentinelRuntime,True,FUNCTIONAL,[]
WA-109,of Steadiness,SUFFIX,CONTROL_DURATION_TAKEN,C,V% reduced successful Hard Control duration while actively channeling. Shares duration-reduction group; no immunity and no hidden stun avoidance. Require: WIS-CORE. Armor: none.,none.,gm.book_apprentice.h,com.inigmasgames.hytalerpg.gear.MasterAffixEquipmentSimulatorTest#authoredCarrierIsProductionEligible,"com.inigmasgames.hytalerpg.gear.MasterAffixEquipmentSimulatorTest#authoredCarrierIsProductionEligible(WA-109, ab-wa-109-affixed, gm.book_apprentice.h)",[],ab-wa-109-affixed,ab-wa-109-control,[],"[""com.inigmasgames.hytalerpg.MasterAffixResourceCompletionTest#wa109ShortensOnlyControlAdmittedDuringActiveChannel"", ""com.inigmasgames.hytalerpg.execution.hytale.GearStatusBindingsTest#channelSteadinessAppliesAtAdmissionOnlyAndPlayerSlowKeepsExactValue"", ""com.inigmasgames.hytalerpg.gear.MasterAffixEquipmentSimulatorTest#authoredAffixReachesFrozenEquipmentSnapshotAndLeavesOnEveryInvalidation""]","[""src/main/java/com/inigmasgames/hytalerpg/combat/status/StatusService.java"", ""src/main/java/com/inigmasgames/hytalerpg/execution/hytale/HytaleSkillExecutionSystem.java""]",[],src/main/java/com/inigmasgames/hytalerpg/combat/status/StatusService.java,com.inigmasgames.hytalerpg.MasterAffixResourceCompletionTest#wa109ShortensOnlyControlAdmittedDuringActiveChannel,com.inigmasgames.hytalerpg.MasterAffixResourceCompletionTest#wa109ShortensOnlyControlAdmittedDuringActiveChannel,com.inigmasgames.hytalerpg.MasterAffixResourceCompletionTest#wa109ShortensOnlyControlAdmittedDuringActiveChannel,[],,PROVEN,com.inigmasgames.hytalerpg.gear.MasterAffixEquipmentSimulatorTest#authoredAffixReachesFrozenEquipmentSnapshotAndLeavesOnEveryInvalidation,,False,,OWNER_ONLY,True,OWNER_ONLY,com.inigmasgames.hytalerpg.execution.summon.MasterAffixSentinelOwnerOnlyTest#ownerOnlyBoundSourceDoesNotChangeSentinelRuntime,True,FUNCTIONAL,[]
WA-110,of Continuance,SUFFIX,FINITE_SUPPORT_DURATION,C,"V% increased finite friendly buff/barrier duration. No CC, indefinite Aura, cooldown or immunity duration. Require: WIS-CORE. Armor: Chest; WIS armor; 0.5 × V.",Chest; WIS armor; 0.5 × V.,gm.book_apprentice.h,com.inigmasgames.hytalerpg.gear.MasterAffixEquipmentSimulatorTest#authoredCarrierIsProductionEligible,"com.inigmasgames.hytalerpg.gear.MasterAffixEquipmentSimulatorTest#authoredCarrierIsProductionEligible(WA-110, ab-wa-110-affixed, gm.book_apprentice.h)",[],ab-wa-110-affixed,ab-wa-110-control,[],"[""com.inigmasgames.hytalerpg.MasterAffixResourceCompletionTest#wa110ExtendsOnlyActualFriendlyFiniteReceiptExpiry"", ""com.inigmasgames.hytalerpg.gear.MasterAffixEquipmentSimulatorTest#authoredAffixReachesFrozenEquipmentSnapshotAndLeavesOnEveryInvalidation"", ""com.inigmasgames.hytalerpg.ui.inventory.AdvancedStatsAffixProjectionTest#everyGlobalGearRowUsesFrozenOperatorValueAndVanishesOnUnequip""]",[],[],src/main/java/com/inigmasgames/hytalerpg/execution/support/FiniteSupportEffects.java,com.inigmasgames.hytalerpg.MasterAffixResourceCompletionTest#wa110ExtendsOnlyActualFriendlyFiniteReceiptExpiry,com.inigmasgames.hytalerpg.MasterAffixResourceCompletionTest#wa110ExtendsOnlyActualFriendlyFiniteReceiptExpiry,com.inigmasgames.hytalerpg.MasterAffixResourceCompletionTest#wa110ExtendsOnlyActualFriendlyFiniteReceiptExpiry,[],,PROVEN,com.inigmasgames.hytalerpg.gear.MasterAffixEquipmentSimulatorTest#authoredAffixReachesFrozenEquipmentSnapshotAndLeavesOnEveryInvalidation,supportDuration,True,com.inigmasgames.hytalerpg.ui.inventory.AdvancedStatsAffixProjectionTest#everyGlobalGearRowUsesFrozenOperatorValueAndVanishesOnUnequip,OWNER_ONLY,True,OWNER_ONLY,com.inigmasgames.hytalerpg.execution.summon.MasterAffixSentinelOwnerOnlyTest#ownerOnlyBoundSourceDoesNotChangeSentinelRuntime,True,FUNCTIONAL,[]
WA-111,of Receptivity,SUFFIX,HEALING_RECEIVED,ALL,V% increased healing received by wielder. Once at recipient; lifesteal is excluded unless its adapter opts in. Require: WIS-SOFT. Armor: All armor; 0.5 × V.,All armor; 0.5 × V.,gm.battleaxe_adamantite.h,com.inigmasgames.hytalerpg.gear.MasterAffixEquipmentSimulatorTest#authoredCarrierIsProductionEligible,"com.inigmasgames.hytalerpg.gear.MasterAffixEquipmentSimulatorTest#authoredCarrierIsProductionEligible(WA-111, ab-wa-111-affixed, gm.battleaxe_adamantite.h)",[],ab-wa-111-affixed,ab-wa-111-control,[],"[""com.inigmasgames.hytalerpg.execution.hytale.GearReceivedHealingOwnerTest#wa111AdmittedPlayerRecipientChangesActualRequestAndClipsNativeCredit"", ""com.inigmasgames.hytalerpg.execution.hytale.SentinelSourceConsumerTest#boundRecipientIncreasesActualMinorHealRequestOnce"", ""com.inigmasgames.hytalerpg.execution.summon.IronSentinelAffixInheritanceTest#everyAuthoredFamilyHasAnExplicitDispositionAndUnsupportedOnesFailBeforeForge"", ""com.inigmasgames.hytalerpg.execution.summon.IronSentinelAffixInheritanceTest#sixNativeRecipientFamiliesAndExplicitChassisConditions"", ""com.inigmasgames.hytalerpg.gear.MasterAffixEquipmentSimulatorTest#authoredAffixReachesFrozenEquipmentSnapshotAndLeavesOnEveryInvalidation"", ""com.inigmasgames.hytalerpg.ui.inventory.AdvancedStatsAffixProjectionTest#everyGlobalGearRowUsesFrozenOperatorValueAndVanishesOnUnequip""]","[""src/main/java/com/inigmasgames/hytalerpg/execution/summon/IronSentinelAffixes.java""]",[],src/main/java/com/inigmasgames/hytalerpg/execution/hytale/HytaleSummonSystem.java,com.inigmasgames.hytalerpg.execution.hytale.SentinelSourceConsumerTest#boundRecipientIncreasesActualMinorHealRequestOnce,com.inigmasgames.hytalerpg.execution.hytale.SentinelSourceConsumerTest#boundRecipientIncreasesActualMinorHealRequestOnce,com.inigmasgames.hytalerpg.execution.hytale.SentinelSourceConsumerTest#boundRecipientIncreasesActualMinorHealRequestOnce,"[""com.inigmasgames.hytalerpg.execution.hytale.GearReceivedHealingOwnerTest#wa111AdmittedPlayerRecipientChangesActualRequestAndClipsNativeCredit""]","Player healing owner changes actual request and native resource credit, with unrolled/broken/cap controls.",PROVEN,com.inigmasgames.hytalerpg.gear.MasterAffixEquipmentSimulatorTest#authoredAffixReachesFrozenEquipmentSnapshotAndLeavesOnEveryInvalidation,healingReceived,True,com.inigmasgames.hytalerpg.ui.inventory.AdvancedStatsAffixProjectionTest#everyGlobalGearRowUsesFrozenOperatorValueAndVanishesOnUnequip,SELF_STAT,True,INHERITED,com.inigmasgames.hytalerpg.execution.hytale.SentinelSourceConsumerTest#boundRecipientIncreasesActualMinorHealRequestOnce,True,FUNCTIONAL,[]
WA-112,of Respite,SUFFIX,CLEANSE_RESPITE,C,"After an actual cleanse, grant the recipient a barrier equal to V% normal Max Health for 3 s. 10 s per-caster/recipient ICD; no additional cleanse; canonical successful-cleanse event; no new or changed skill. Require: WIS-CORE. Armor: none.",none.,gm.book_apprentice.h,com.inigmasgames.hytalerpg.gear.MasterAffixEquipmentSimulatorTest#authoredCarrierIsProductionEligible,"com.inigmasgames.hytalerpg.gear.MasterAffixEquipmentSimulatorTest#authoredCarrierIsProductionEligible(WA-112, ab-wa-112-affixed, gm.book_apprentice.h)",[],ab-wa-112-affixed,ab-wa-112-control,[],"[""com.inigmasgames.hytalerpg.GearSupportConsumerTest#genericStatusOwnerCleanseEmitsOnlyAfterActualRemovalAndGrantsRespite"", ""com.inigmasgames.hytalerpg.gear.MasterAffixEquipmentSimulatorTest#authoredAffixReachesFrozenEquipmentSnapshotAndLeavesOnEveryInvalidation""]","[""src/main/java/com/inigmasgames/hytalerpg/execution/support/SupportCleanse.java""]",[],src/main/java/com/inigmasgames/hytalerpg/execution/support/FiniteSupportEffects.java,com.inigmasgames.hytalerpg.GearSupportConsumerTest#genericStatusOwnerCleanseEmitsOnlyAfterActualRemovalAndGrantsRespite,com.inigmasgames.hytalerpg.GearSupportConsumerTest#genericStatusOwnerCleanseEmitsOnlyAfterActualRemovalAndGrantsRespite,com.inigmasgames.hytalerpg.GearSupportConsumerTest#genericStatusOwnerCleanseEmitsOnlyAfterActualRemovalAndGrantsRespite,[],"User scope correction requires generic successful-cleanse receipt, not a new authored cleanse skill. Existing registered simulator removes actual status then consumes receipt into measured barrier; no-status/unrolled/duplicate/expiry controls pass.",PROVEN,com.inigmasgames.hytalerpg.gear.MasterAffixEquipmentSimulatorTest#authoredAffixReachesFrozenEquipmentSnapshotAndLeavesOnEveryInvalidation,,False,,OWNER_ONLY,True,OWNER_ONLY,com.inigmasgames.hytalerpg.execution.summon.MasterAffixSentinelOwnerOnlyTest#ownerOnlyBoundSourceDoesNotChangeSentinelRuntime,True,FUNCTIONAL,[]
WA-113,Commanding,PREFIX,MINION_DAMAGE,C,V% increased damage of explicitly owned combat summons. No automatic transfer of the wielder’s other affixes. Require: WIS-CORE. Armor: Head; INT/WIS armor; 0.5 × V.,Head; INT/WIS armor; 0.5 × V.,gm.book_apprentice.h,com.inigmasgames.hytalerpg.gear.MasterAffixEquipmentSimulatorTest#authoredCarrierIsProductionEligible,"com.inigmasgames.hytalerpg.gear.MasterAffixEquipmentSimulatorTest#authoredCarrierIsProductionEligible(WA-113, ab-wa-113-affixed, gm.book_apprentice.h)",[],ab-wa-113-affixed,ab-wa-113-control,[],"[""com.inigmasgames.hytalerpg.SummonAffixLeaseTest#admittedOwnerDamageHealthAndRateReachTheActualLease"", ""com.inigmasgames.hytalerpg.execution.summon.IronSentinelAffixInheritanceTest#everyAuthoredFamilyHasAnExplicitDispositionAndUnsupportedOnesFailBeforeForge"", ""com.inigmasgames.hytalerpg.execution.summon.IronSentinelAffixInheritanceTest#sourceItemMinionBonusDoesNotRecursivelyBuffTheSentinel"", ""com.inigmasgames.hytalerpg.execution.summon.IronSentinelRestoredLeaseTest#nativeSentinelAttackWitnessAuthenticatesActorAndBoundSourceWithoutOwnerOnlyLeak"", ""com.inigmasgames.hytalerpg.execution.summon.MasterAffixSummonCompletionTest#wa113ChangesActualSummonAttackCoefficient"", ""com.inigmasgames.hytalerpg.gear.IronSentinelPersistenceTest#acceptedOwnerEquipmentIsWrittenBeforeForgeAckAndSurvivesFileRestart"", ""com.inigmasgames.hytalerpg.gear.MasterAffixEquipmentSimulatorTest#authoredAffixReachesFrozenEquipmentSnapshotAndLeavesOnEveryInvalidation"", ""com.inigmasgames.hytalerpg.ui.inventory.AdvancedStatsAffixProjectionTest#everyGlobalGearRowUsesFrozenOperatorValueAndVanishesOnUnequip""]","[""src/main/java/com/inigmasgames/hytalerpg/execution/summon/SummonRegistry.java""]",[],src/main/java/com/inigmasgames/hytalerpg/combat/hytale/HytaleDamageAdapter.java,com.inigmasgames.hytalerpg.execution.summon.MasterAffixSummonCompletionTest#wa113ChangesActualSummonAttackCoefficient,com.inigmasgames.hytalerpg.execution.summon.MasterAffixSummonCompletionTest#wa113ChangesActualSummonAttackCoefficient,com.inigmasgames.hytalerpg.execution.summon.MasterAffixSummonCompletionTest#wa113ChangesActualSummonAttackCoefficient,[],,PROVEN,com.inigmasgames.hytalerpg.gear.MasterAffixEquipmentSimulatorTest#authoredAffixReachesFrozenEquipmentSnapshotAndLeavesOnEveryInvalidation,minionDamage,True,com.inigmasgames.hytalerpg.ui.inventory.AdvancedStatsAffixProjectionTest#everyGlobalGearRowUsesFrozenOperatorValueAndVanishesOnUnequip,OWNER_ONLY,True,OWNER_ONLY,com.inigmasgames.hytalerpg.execution.summon.MasterAffixSentinelOwnerOnlyTest#ownerOnlyBoundSourceDoesNotChangeSentinelRuntime,True,FUNCTIONAL,[]
WA-114,Stalwart,PREFIX,MINION_HEALTH,C,V% increased maximum Health of owned combat summons. Does not refill an existing summon when gear is changed. Require: WIS-CORE. Armor: Chest; INT/WIS armor; 0.5 × V.,Chest; INT/WIS armor; 0.5 × V.,gm.book_apprentice.h,com.inigmasgames.hytalerpg.gear.MasterAffixEquipmentSimulatorTest#authoredCarrierIsProductionEligible,"com.inigmasgames.hytalerpg.gear.MasterAffixEquipmentSimulatorTest#authoredCarrierIsProductionEligible(WA-114, ab-wa-114-affixed, gm.book_apprentice.h)",[],ab-wa-114-affixed,ab-wa-114-control,[],"[""com.inigmasgames.hytalerpg.SummonAffixLeaseTest#admittedOwnerDamageHealthAndRateReachTheActualLease"", ""com.inigmasgames.hytalerpg.execution.summon.MasterAffixSummonCompletionTest#wa114ChangesActualSummonMaximumHealth"", ""com.inigmasgames.hytalerpg.gear.IronSentinelPersistenceTest#preparedHealthUsesAcceptedOwnerMinionHealthOnce"", ""com.inigmasgames.hytalerpg.gear.MasterAffixEquipmentSimulatorTest#authoredAffixReachesFrozenEquipmentSnapshotAndLeavesOnEveryInvalidation"", ""com.inigmasgames.hytalerpg.ui.inventory.AdvancedStatsAffixProjectionTest#everyGlobalGearRowUsesFrozenOperatorValueAndVanishesOnUnequip""]","[""src/main/java/com/inigmasgames/hytalerpg/execution/summon/SummonRegistry.java"", ""src/main/java/com/inigmasgames/hytalerpg/gear/GearLootService.java""]",[],src/main/java/com/inigmasgames/hytalerpg/execution/hytale/HytaleSummonSystem.java,com.inigmasgames.hytalerpg.execution.summon.MasterAffixSummonCompletionTest#wa114ChangesActualSummonMaximumHealth,com.inigmasgames.hytalerpg.execution.summon.MasterAffixSummonCompletionTest#wa114ChangesActualSummonMaximumHealth,com.inigmasgames.hytalerpg.execution.summon.MasterAffixSummonCompletionTest#wa114ChangesActualSummonMaximumHealth,[],,PROVEN,com.inigmasgames.hytalerpg.gear.MasterAffixEquipmentSimulatorTest#authoredAffixReachesFrozenEquipmentSnapshotAndLeavesOnEveryInvalidation,minionHealth,True,com.inigmasgames.hytalerpg.ui.inventory.AdvancedStatsAffixProjectionTest#everyGlobalGearRowUsesFrozenOperatorValueAndVanishesOnUnequip,OWNER_ONLY,True,OWNER_ONLY,com.inigmasgames.hytalerpg.execution.summon.MasterAffixSentinelOwnerOnlyTest#ownerOnlyBoundSourceDoesNotChangeSentinelRuntime,True,FUNCTIONAL,[]
WA-115,Bulwarked,PREFIX,MINION_DEFENSE,C,V% increased audited Defense of owned combat summons. No native/derived mitigation duplication. Require: WIS-CORE. Armor: none.,none.,gm.book_apprentice.h,com.inigmasgames.hytalerpg.gear.MasterAffixEquipmentSimulatorTest#authoredCarrierIsProductionEligible,"com.inigmasgames.hytalerpg.gear.MasterAffixEquipmentSimulatorTest#authoredCarrierIsProductionEligible(WA-115, ab-wa-115-affixed, gm.book_apprentice.h)",[],ab-wa-115-affixed,ab-wa-115-control,[],"[""com.inigmasgames.hytalerpg.execution.summon.IronSentinelRestoredLeaseTest#versionThreeBindingRetainsAcceptedOwnerSourceAcrossDormancyAndRestore"", ""com.inigmasgames.hytalerpg.execution.summon.MasterAffixSummonCompletionTest#wa115ChangesActualPhysicalDamageGuardFromCapturedNativeArmor"", ""com.inigmasgames.hytalerpg.gear.MasterAffixEquipmentSimulatorTest#authoredAffixReachesFrozenEquipmentSnapshotAndLeavesOnEveryInvalidation"", ""com.inigmasgames.hytalerpg.ui.inventory.AdvancedStatsAffixProjectionTest#everyGlobalGearRowUsesFrozenOperatorValueAndVanishesOnUnequip""]","[""src/main/java/com/inigmasgames/hytalerpg/execution/hytale/HytaleSummonSystem.java""]",[],src/main/java/com/inigmasgames/hytalerpg/execution/hytale/HytaleSummonSystem.java,com.inigmasgames.hytalerpg.execution.summon.MasterAffixSummonCompletionTest#wa115ChangesActualPhysicalDamageGuardFromCapturedNativeArmor,com.inigmasgames.hytalerpg.execution.summon.MasterAffixSummonCompletionTest#wa115ChangesActualPhysicalDamageGuardFromCapturedNativeArmor,com.inigmasgames.hytalerpg.execution.summon.MasterAffixSummonCompletionTest#wa115ChangesActualPhysicalDamageGuardFromCapturedNativeArmor,[],,PROVEN,com.inigmasgames.hytalerpg.gear.MasterAffixEquipmentSimulatorTest#authoredAffixReachesFrozenEquipmentSnapshotAndLeavesOnEveryInvalidation,minionDefense,True,com.inigmasgames.hytalerpg.ui.inventory.AdvancedStatsAffixProjectionTest#everyGlobalGearRowUsesFrozenOperatorValueAndVanishesOnUnequip,OWNER_ONLY,True,OWNER_ONLY,com.inigmasgames.hytalerpg.execution.summon.MasterAffixSentinelOwnerOnlyTest#ownerOnlyBoundSourceDoesNotChangeSentinelRuntime,True,FUNCTIONAL,[]
WA-116,of the Shelterer,SUFFIX,MINION_RESISTANCE,C,Adds V percentage points of all-six-element resistance to owned summons. Explicit extension to actor profiles; cap remains 75%. Require: WIS-CORE. Armor: none.,none.,gm.book_apprentice.h,com.inigmasgames.hytalerpg.gear.MasterAffixEquipmentSimulatorTest#authoredCarrierIsProductionEligible,"com.inigmasgames.hytalerpg.gear.MasterAffixEquipmentSimulatorTest#authoredCarrierIsProductionEligible(WA-116, ab-wa-116-affixed, gm.book_apprentice.h)",[],ab-wa-116-affixed,ab-wa-116-control,[],"[""com.inigmasgames.hytalerpg.SummonAffixLeaseTest#nativeDamageGuardUsesOwnerResistanceOnlyForTheCreatedSummonAndElementalCause"", ""com.inigmasgames.hytalerpg.execution.summon.IronSentinelRestoredLeaseTest#versionThreeBindingRetainsAcceptedOwnerSourceAcrossDormancyAndRestore"", ""com.inigmasgames.hytalerpg.execution.summon.MasterAffixSummonCompletionTest#wa116ChangesActualElementalDamageGuardOnly"", ""com.inigmasgames.hytalerpg.gear.MasterAffixEquipmentSimulatorTest#authoredAffixReachesFrozenEquipmentSnapshotAndLeavesOnEveryInvalidation"", ""com.inigmasgames.hytalerpg.ui.inventory.AdvancedStatsAffixProjectionTest#everyGlobalGearRowUsesFrozenOperatorValueAndVanishesOnUnequip""]","[""src/main/java/com/inigmasgames/hytalerpg/execution/hytale/HytaleSummonSystem.java""]",[],src/main/java/com/inigmasgames/hytalerpg/execution/hytale/HytaleSummonSystem.java,com.inigmasgames.hytalerpg.execution.summon.MasterAffixSummonCompletionTest#wa116ChangesActualElementalDamageGuardOnly,com.inigmasgames.hytalerpg.execution.summon.MasterAffixSummonCompletionTest#wa116ChangesActualElementalDamageGuardOnly,com.inigmasgames.hytalerpg.execution.summon.MasterAffixSummonCompletionTest#wa116ChangesActualElementalDamageGuardOnly,[],,PROVEN,com.inigmasgames.hytalerpg.gear.MasterAffixEquipmentSimulatorTest#authoredAffixReachesFrozenEquipmentSnapshotAndLeavesOnEveryInvalidation,minionResistance,True,com.inigmasgames.hytalerpg.ui.inventory.AdvancedStatsAffixProjectionTest#everyGlobalGearRowUsesFrozenOperatorValueAndVanishesOnUnequip,OWNER_ONLY,True,OWNER_ONLY,com.inigmasgames.hytalerpg.execution.summon.MasterAffixSentinelOwnerOnlyTest#ownerOnlyBoundSourceDoesNotChangeSentinelRuntime,True,FUNCTIONAL,[]
WA-117,of Command,SUFFIX,MINION_ATTACK_SPEED,C,V% increased owned-summon attack rate. Needs native AI timing adapter and projectile budget QA. Require: WIS-CORE. Armor: none.,none.,gm.book_apprentice.h,com.inigmasgames.hytalerpg.gear.MasterAffixEquipmentSimulatorTest#authoredCarrierIsProductionEligible,"com.inigmasgames.hytalerpg.gear.MasterAffixEquipmentSimulatorTest#authoredCarrierIsProductionEligible(WA-117, ab-wa-117-affixed, gm.book_apprentice.h)",[],ab-wa-117-affixed,ab-wa-117-control,[],"[""com.inigmasgames.hytalerpg.SummonAffixLeaseTest#admittedOwnerDamageHealthAndRateReachTheActualLease"", ""com.inigmasgames.hytalerpg.execution.summon.MasterAffixSummonCompletionTest#wa117ChangesActualClaimedAttackCadence"", ""com.inigmasgames.hytalerpg.gear.MasterAffixEquipmentSimulatorTest#authoredAffixReachesFrozenEquipmentSnapshotAndLeavesOnEveryInvalidation"", ""com.inigmasgames.hytalerpg.ui.inventory.AdvancedStatsAffixProjectionTest#everyGlobalGearRowUsesFrozenOperatorValueAndVanishesOnUnequip""]","[""src/main/java/com/inigmasgames/hytalerpg/execution/summon/NativeSentinelActionAssets.java"", ""src/main/java/com/inigmasgames/hytalerpg/execution/summon/SummonRegistry.java""]",[],src/main/java/com/inigmasgames/hytalerpg/execution/summon/SummonRegistry.java,com.inigmasgames.hytalerpg.execution.summon.MasterAffixSummonCompletionTest#wa117ChangesActualClaimedAttackCadence,com.inigmasgames.hytalerpg.execution.summon.MasterAffixSummonCompletionTest#wa117ChangesActualClaimedAttackCadence,com.inigmasgames.hytalerpg.execution.summon.MasterAffixSummonCompletionTest#wa117ChangesActualClaimedAttackCadence,[],,PROVEN,com.inigmasgames.hytalerpg.gear.MasterAffixEquipmentSimulatorTest#authoredAffixReachesFrozenEquipmentSnapshotAndLeavesOnEveryInvalidation,minionAttackSpeed,True,com.inigmasgames.hytalerpg.ui.inventory.AdvancedStatsAffixProjectionTest#everyGlobalGearRowUsesFrozenOperatorValueAndVanishesOnUnequip,OWNER_ONLY,True,OWNER_ONLY,com.inigmasgames.hytalerpg.execution.summon.MasterAffixSentinelOwnerOnlyTest#ownerOnlyBoundSourceDoesNotChangeSentinelRuntime,True,FUNCTIONAL,[]
WA-118,of Pursuit,SUFFIX,MINION_MOVEMENT,C,"V% increased owned-summon movement speed. No teleporting, terrain phasing or extra leash distance. Require: WIS-CORE. Armor: none.",none.,gm.book_apprentice.h,com.inigmasgames.hytalerpg.gear.MasterAffixEquipmentSimulatorTest#authoredCarrierIsProductionEligible,"com.inigmasgames.hytalerpg.gear.MasterAffixEquipmentSimulatorTest#authoredCarrierIsProductionEligible(WA-118, ab-wa-118-affixed, gm.book_apprentice.h)",[],ab-wa-118-affixed,ab-wa-118-control,[],"[""com.inigmasgames.hytalerpg.SummonAffixLeaseTest#nativePursuitEffectSelectsTheCommittedSourceRoll"", ""com.inigmasgames.hytalerpg.execution.summon.MasterAffixSummonCompletionTest#wa118InstallsPackagedNativeMovementPayload"", ""com.inigmasgames.hytalerpg.gear.MasterAffixEquipmentSimulatorTest#authoredAffixReachesFrozenEquipmentSnapshotAndLeavesOnEveryInvalidation"", ""com.inigmasgames.hytalerpg.ui.inventory.AdvancedStatsAffixProjectionTest#everyGlobalGearRowUsesFrozenOperatorValueAndVanishesOnUnequip""]","[""src/main/java/com/inigmasgames/hytalerpg/execution/summon/SummonNativeMovement.java""]",[],src/main/java/com/inigmasgames/hytalerpg/execution/summon/SummonNativeMovement.java,com.inigmasgames.hytalerpg.execution.summon.MasterAffixSummonCompletionTest#wa118InstallsPackagedNativeMovementPayload,com.inigmasgames.hytalerpg.execution.summon.MasterAffixSummonCompletionTest#wa118InstallsPackagedNativeMovementPayload,com.inigmasgames.hytalerpg.execution.summon.MasterAffixSummonCompletionTest#wa118InstallsPackagedNativeMovementPayload,[],,PROVEN,com.inigmasgames.hytalerpg.gear.MasterAffixEquipmentSimulatorTest#authoredAffixReachesFrozenEquipmentSnapshotAndLeavesOnEveryInvalidation,minionMovement,True,com.inigmasgames.hytalerpg.ui.inventory.AdvancedStatsAffixProjectionTest#everyGlobalGearRowUsesFrozenOperatorValueAndVanishesOnUnequip,OWNER_ONLY,True,OWNER_ONLY,com.inigmasgames.hytalerpg.execution.summon.MasterAffixSentinelOwnerOnlyTest#ownerOnlyBoundSourceDoesNotChangeSentinelRuntime,True,FUNCTIONAL,[]
WA-119,of Binding Pacts,SUFFIX,MINION_DURATION,C,"V% increased finite created-summon lifetime. No effect on persistent Iron Sentinel, conversions or copied-build duration by default. Require: WIS-CORE. Armor: none.",none.,gm.book_apprentice.h,com.inigmasgames.hytalerpg.gear.MasterAffixEquipmentSimulatorTest#authoredCarrierIsProductionEligible,"com.inigmasgames.hytalerpg.gear.MasterAffixEquipmentSimulatorTest#authoredCarrierIsProductionEligible(WA-119, ab-wa-119-affixed, gm.book_apprentice.h)",[],ab-wa-119-affixed,ab-wa-119-control,[],"[""com.inigmasgames.hytalerpg.SummonAffixLeaseTest#committedOwnerSourceIsFrozenAcrossLeaseLifecycleAndCannotLeakToControl"", ""com.inigmasgames.hytalerpg.execution.summon.MasterAffixSummonCompletionTest#wa119ExtendsActualNaturalExpiryAndAttackWindow"", ""com.inigmasgames.hytalerpg.gear.MasterAffixEquipmentSimulatorTest#authoredAffixReachesFrozenEquipmentSnapshotAndLeavesOnEveryInvalidation"", ""com.inigmasgames.hytalerpg.ui.inventory.AdvancedStatsAffixProjectionTest#everyGlobalGearRowUsesFrozenOperatorValueAndVanishesOnUnequip""]","[""src/main/java/com/inigmasgames/hytalerpg/execution/summon/SummonRegistry.java""]",[],src/main/java/com/inigmasgames/hytalerpg/execution/summon/SummonRegistry.java,com.inigmasgames.hytalerpg.execution.summon.MasterAffixSummonCompletionTest#wa119ExtendsActualNaturalExpiryAndAttackWindow,com.inigmasgames.hytalerpg.execution.summon.MasterAffixSummonCompletionTest#wa119ExtendsActualNaturalExpiryAndAttackWindow,com.inigmasgames.hytalerpg.execution.summon.MasterAffixSummonCompletionTest#wa119ExtendsActualNaturalExpiryAndAttackWindow,[],,PROVEN,com.inigmasgames.hytalerpg.gear.MasterAffixEquipmentSimulatorTest#authoredAffixReachesFrozenEquipmentSnapshotAndLeavesOnEveryInvalidation,minionDuration,True,com.inigmasgames.hytalerpg.ui.inventory.AdvancedStatsAffixProjectionTest#everyGlobalGearRowUsesFrozenOperatorValueAndVanishesOnUnequip,OWNER_ONLY,True,OWNER_ONLY,com.inigmasgames.hytalerpg.execution.summon.MasterAffixSentinelOwnerOnlyTest#ownerOnlyBoundSourceDoesNotChangeSentinelRuntime,True,FUNCTIONAL,[]
WA-120,of Muster,SUFFIX,SUMMON_COST,C,V% reduced finite numeric Mana costs of summon skills. Includes the existing finite 20-Mana Simulacrum cost. Cannot reduce sacrificed items/corpses. Require: WIS-CORE. Armor: none.,none.,gm.book_apprentice.h,com.inigmasgames.hytalerpg.gear.MasterAffixEquipmentSimulatorTest#authoredCarrierIsProductionEligible,"com.inigmasgames.hytalerpg.gear.MasterAffixEquipmentSimulatorTest#authoredCarrierIsProductionEligible(WA-120, ab-wa-120-affixed, gm.book_apprentice.h)",[],ab-wa-120-affixed,ab-wa-120-control,[],"[""com.inigmasgames.hytalerpg.execution.GearResourceConsumerTest#staminaAndSummonReductionsPayOnceAndRejectUnaffordableCosts"", ""com.inigmasgames.hytalerpg.gear.MasterAffixEquipmentSimulatorTest#authoredAffixReachesFrozenEquipmentSnapshotAndLeavesOnEveryInvalidation"", ""com.inigmasgames.hytalerpg.ui.inventory.AdvancedStatsAffixProjectionTest#resourceRowsUsePaymentOwnerIncludingStackedReductionsAndZeroControl""]",[],[],src/main/java/com/inigmasgames/hytalerpg/combat/resource/RpgResourceService.java,com.inigmasgames.hytalerpg.SimulacrumFiniteAffixTest#finiteTwentyManaCostIsDiscountedWithoutChangingDecoyMechanics,com.inigmasgames.hytalerpg.SimulacrumFiniteAffixTest#finiteTwentyManaCostIsDiscountedWithoutChangingDecoyMechanics,com.inigmasgames.hytalerpg.SimulacrumFiniteAffixTest#insufficientFinitePaymentDoesNotCreateDecoyAndUnequippedSourceDoesNotDiscount,[],,PROVEN,com.inigmasgames.hytalerpg.gear.MasterAffixEquipmentSimulatorTest#authoredAffixReachesFrozenEquipmentSnapshotAndLeavesOnEveryInvalidation,summonCost,True,com.inigmasgames.hytalerpg.ui.inventory.AdvancedStatsAffixProjectionTest#resourceRowsUsePaymentOwnerIncludingStackedReductionsAndZeroControl,OWNER_ONLY,True,OWNER_ONLY,com.inigmasgames.hytalerpg.execution.summon.MasterAffixSentinelOwnerOnlyTest#ownerOnlyBoundSourceDoesNotChangeSentinelRuntime,True,FUNCTIONAL,[]
WA-121,Paragon’s,PREFIX,SKILLER,ALL,"Adds +1 or +2 to all learned active skills while equipped. Custom gates: +1 at 78 on Very Rare/Legendary; +2 at 92, Legendary only. Require: BASE-RANK. Armor: none.",none.,gm.battleaxe_adamantite.h,com.inigmasgames.hytalerpg.gear.MasterAffixEquipmentSimulatorTest#authoredCarrierIsProductionEligible,"com.inigmasgames.hytalerpg.gear.MasterAffixEquipmentSimulatorTest#authoredCarrierIsProductionEligible(WA-121, ab-wa-121-affixed, gm.battleaxe_adamantite.h)","[""gm.battleaxe_adamantite.h""]",ab-wa-121-affixed,ab-wa-121-control,"[""battleaxe-paragon""]","[""com.inigmasgames.hytalerpg.RpgSkillTreeAffixProjectionTest#learnedOnlyAllSkillsRespectsBaseCapAndMatchesPaidExecutionThenUnequip"", ""com.inigmasgames.hytalerpg.execution.GearSkillRanksTest#rankRarityAndItemLevelBoundariesCannotGrantIllegally"", ""com.inigmasgames.hytalerpg.gear.GearAffixRuntimeTest#allSkillRanksModifyEffectiveOnlyAndUncalibratedLightFailsClosed"", ""com.inigmasgames.hytalerpg.gear.GearAffixRuntimeTest#generatedItemsHaveWorkingOperatorsAcrossAllErasAndRankGates"", ""com.inigmasgames.hytalerpg.gear.GearCatalogLegalityTest#rankBandsAndLegacyBudgetsRemainDistinct"", ""com.inigmasgames.hytalerpg.gear.GearTooltipV12Test#formatterSubstitutesPersistedPrecisionAndCanonicalSkillName"", ""com.inigmasgames.hytalerpg.gear.MasterAffixEquipmentSimulatorTest#authoredAffixReachesFrozenEquipmentSnapshotAndLeavesOnEveryInvalidation"", ""com.inigmasgames.hytalerpg.ui.hud.SentinelAffixPresentationTest#verticalLinesShowOnlyInheritedRolls""]","[""src/main/java/com/inigmasgames/hytalerpg/execution/GearSkillRanks.java"", ""src/main/java/com/inigmasgames/hytalerpg/gear/GearInstance.java""]",[],src/main/java/com/inigmasgames/hytalerpg/execution/GearSkillRanks.java,com.inigmasgames.hytalerpg.GearSkillRankExecutionTest#everyRankFamilyChangesActualLearnedExecutionAndProjectionOnlyWhileValid,com.inigmasgames.hytalerpg.GearSkillRankExecutionTest#everyRankFamilyChangesActualLearnedExecutionAndProjectionOnlyWhileValid,com.inigmasgames.hytalerpg.GearSkillRankExecutionTest#everyRankFamilyChangesActualLearnedExecutionAndProjectionOnlyWhileValid,[],Canonical dispatch now measures existing damage/heal/summon owner recipient output at authored mastery step; saved rank unchanged.,PROVEN,com.inigmasgames.hytalerpg.gear.MasterAffixEquipmentSimulatorTest#authoredAffixReachesFrozenEquipmentSnapshotAndLeavesOnEveryInvalidation,,False,,OWNER_ONLY,True,OWNER_ONLY,com.inigmasgames.hytalerpg.execution.summon.MasterAffixSentinelOwnerOnlyTest#ownerOnlyBoundSourceDoesNotChangeSentinelRuntime,True,FUNCTIONAL,[]
WA-122,of [Skill] Mastery,SUFFIX,SKILLER,MATCH,Adds ranks to one eligible named active skill. Specific-skill eligibility table; +4 is Rare-only at 94. Require: BASE-RANK. Armor: none.,none.,gm.battleaxe_adamantite.h,com.inigmasgames.hytalerpg.gear.MasterAffixEquipmentSimulatorTest#authoredCarrierIsProductionEligible,"com.inigmasgames.hytalerpg.gear.MasterAffixEquipmentSimulatorTest#authoredCarrierIsProductionEligible(WA-122, ab-wa-122-affixed, gm.battleaxe_adamantite.h)",[],ab-wa-122-affixed,ab-wa-122-control,[],"[""com.inigmasgames.hytalerpg.GearSupportConsumerTest#namedRankChangesCommittedSkillWithoutPermanentLearning"", ""com.inigmasgames.hytalerpg.execution.GearSkillRanksTest#explicitSchoolSelectorAffectsOnlyMatchingLearnedExecutionProfile"", ""com.inigmasgames.hytalerpg.execution.GearSkillRanksTest#rankRarityAndItemLevelBoundariesCannotGrantIllegally"", ""com.inigmasgames.hytalerpg.gear.GearCatalogLegalityTest#namedSelectorUsesExecutableWeaponKindsAndSurvivesPayloadRoundTrip"", ""com.inigmasgames.hytalerpg.gear.GearFoundationTest#affixRequirementsUseAuthoredPoliciesAndQGates"", ""com.inigmasgames.hytalerpg.gear.GearTooltipV12Test#everyStableFamilyHasOneAuthoredTemplateIncludingGatedFamilies"", ""com.inigmasgames.hytalerpg.gear.GearTooltipV12Test#formatterSubstitutesPersistedPrecisionAndCanonicalSkillName"", ""com.inigmasgames.hytalerpg.gear.MasterAffixEquipmentSimulatorTest#authoredAffixReachesFrozenEquipmentSnapshotAndLeavesOnEveryInvalidation""]","[""src/main/java/com/inigmasgames/hytalerpg/execution/GearSkillRanks.java"", ""src/main/java/com/inigmasgames/hytalerpg/gear/GearInstance.java""]",[],src/main/java/com/inigmasgames/hytalerpg/execution/GearSkillRanks.java,com.inigmasgames.hytalerpg.GearSkillRankExecutionTest#everyRankFamilyChangesActualLearnedExecutionAndProjectionOnlyWhileValid,com.inigmasgames.hytalerpg.GearSkillRankExecutionTest#everyRankFamilyChangesActualLearnedExecutionAndProjectionOnlyWhileValid,com.inigmasgames.hytalerpg.GearSkillRankExecutionTest#everyRankFamilyChangesActualLearnedExecutionAndProjectionOnlyWhileValid,[],Canonical dispatch now measures existing damage/heal/summon owner recipient output at authored mastery step; saved rank unchanged.,PROVEN,com.inigmasgames.hytalerpg.gear.MasterAffixEquipmentSimulatorTest#authoredAffixReachesFrozenEquipmentSnapshotAndLeavesOnEveryInvalidation,,False,,OWNER_ONLY,True,OWNER_ONLY,com.inigmasgames.hytalerpg.execution.summon.MasterAffixSentinelOwnerOnlyTest#ownerOnlyBoundSourceDoesNotChangeSentinelRuntime,True,FUNCTIONAL,[]
WA-123,Zephyr Sage’s,PREFIX,SKILLER,ALL,"Adds ranks to learned active skills whose schoolElement is WIND. Explicit school tag, not damage present, skill name or status. +3 Rare-only at 94. Require: BASE-RANK. Armor: none.",none.,gm.battleaxe_adamantite.h,com.inigmasgames.hytalerpg.gear.MasterAffixEquipmentSimulatorTest#authoredCarrierIsProductionEligible,"com.inigmasgames.hytalerpg.gear.MasterAffixEquipmentSimulatorTest#authoredCarrierIsProductionEligible(WA-123, ab-wa-123-affixed, gm.battleaxe_adamantite.h)",[],ab-wa-123-affixed,ab-wa-123-control,[],"[""com.inigmasgames.hytalerpg.execution.GearSkillRanksTest#everyFamilySelectorHasAnAuthoredPositiveAndExcludedProfile"", ""com.inigmasgames.hytalerpg.execution.GearSkillRanksTest#explicitSchoolSelectorAffectsOnlyMatchingLearnedExecutionProfile"", ""com.inigmasgames.hytalerpg.execution.GearSkillRanksTest#rankRarityAndItemLevelBoundariesCannotGrantIllegally"", ""com.inigmasgames.hytalerpg.gear.MasterAffixEquipmentSimulatorTest#authoredAffixReachesFrozenEquipmentSnapshotAndLeavesOnEveryInvalidation""]","[""src/main/java/com/inigmasgames/hytalerpg/execution/GearSkillRanks.java""]",[],src/main/java/com/inigmasgames/hytalerpg/execution/GearSkillRanks.java,com.inigmasgames.hytalerpg.GearSkillRankExecutionTest#everyRankFamilyChangesActualLearnedExecutionAndProjectionOnlyWhileValid,com.inigmasgames.hytalerpg.GearSkillRankExecutionTest#everyRankFamilyChangesActualLearnedExecutionAndProjectionOnlyWhileValid,com.inigmasgames.hytalerpg.GearSkillRankExecutionTest#everyRankFamilyChangesActualLearnedExecutionAndProjectionOnlyWhileValid,[],Canonical dispatch now measures existing damage/heal/summon owner recipient output at authored mastery step; saved rank unchanged.,PROVEN,com.inigmasgames.hytalerpg.gear.MasterAffixEquipmentSimulatorTest#authoredAffixReachesFrozenEquipmentSnapshotAndLeavesOnEveryInvalidation,,False,,OWNER_ONLY,True,OWNER_ONLY,com.inigmasgames.hytalerpg.execution.summon.MasterAffixSentinelOwnerOnlyTest#ownerOnlyBoundSourceDoesNotChangeSentinelRuntime,True,FUNCTIONAL,[]
WA-124,Glacial Sage’s,PREFIX,SKILLER,ALL,"Adds ranks to learned active skills whose schoolElement is WATER. Explicit school tag, not damage present, skill name or status. +3 Rare-only at 94. Require: BASE-RANK. Armor: none.",none.,gm.battleaxe_adamantite.h,com.inigmasgames.hytalerpg.gear.MasterAffixEquipmentSimulatorTest#authoredCarrierIsProductionEligible,"com.inigmasgames.hytalerpg.gear.MasterAffixEquipmentSimulatorTest#authoredCarrierIsProductionEligible(WA-124, ab-wa-124-affixed, gm.battleaxe_adamantite.h)",[],ab-wa-124-affixed,ab-wa-124-control,[],"[""com.inigmasgames.hytalerpg.execution.GearSkillRanksTest#everyFamilySelectorHasAnAuthoredPositiveAndExcludedProfile"", ""com.inigmasgames.hytalerpg.gear.MasterAffixEquipmentSimulatorTest#authoredAffixReachesFrozenEquipmentSnapshotAndLeavesOnEveryInvalidation""]","[""src/main/java/com/inigmasgames/hytalerpg/execution/GearSkillRanks.java""]",[],src/main/java/com/inigmasgames/hytalerpg/execution/GearSkillRanks.java,com.inigmasgames.hytalerpg.GearSkillRankExecutionTest#everyRankFamilyChangesActualLearnedExecutionAndProjectionOnlyWhileValid,com.inigmasgames.hytalerpg.GearSkillRankExecutionTest#everyRankFamilyChangesActualLearnedExecutionAndProjectionOnlyWhileValid,com.inigmasgames.hytalerpg.GearSkillRankExecutionTest#everyRankFamilyChangesActualLearnedExecutionAndProjectionOnlyWhileValid,[],Canonical dispatch now measures existing damage/heal/summon owner recipient output at authored mastery step; saved rank unchanged.,PROVEN,com.inigmasgames.hytalerpg.gear.MasterAffixEquipmentSimulatorTest#authoredAffixReachesFrozenEquipmentSnapshotAndLeavesOnEveryInvalidation,,False,,OWNER_ONLY,True,OWNER_ONLY,com.inigmasgames.hytalerpg.execution.summon.MasterAffixSentinelOwnerOnlyTest#ownerOnlyBoundSourceDoesNotChangeSentinelRuntime,True,FUNCTIONAL,[]
WA-125,Ember Sage’s,PREFIX,SKILLER,ALL,"Adds ranks to learned active skills whose schoolElement is FIRE. Explicit school tag, not damage present, skill name or status. +3 Rare-only at 94. Require: BASE-RANK. Armor: none.",none.,gm.battleaxe_adamantite.h,com.inigmasgames.hytalerpg.gear.MasterAffixEquipmentSimulatorTest#authoredCarrierIsProductionEligible,"com.inigmasgames.hytalerpg.gear.MasterAffixEquipmentSimulatorTest#authoredCarrierIsProductionEligible(WA-125, ab-wa-125-affixed, gm.battleaxe_adamantite.h)",[],ab-wa-125-affixed,ab-wa-125-control,[],"[""com.inigmasgames.hytalerpg.execution.GearSkillRanksTest#everyFamilySelectorHasAnAuthoredPositiveAndExcludedProfile"", ""com.inigmasgames.hytalerpg.gear.MasterAffixEquipmentSimulatorTest#authoredAffixReachesFrozenEquipmentSnapshotAndLeavesOnEveryInvalidation""]","[""src/main/java/com/inigmasgames/hytalerpg/execution/GearSkillRanks.java""]",[],src/main/java/com/inigmasgames/hytalerpg/execution/GearSkillRanks.java,com.inigmasgames.hytalerpg.GearSkillRankExecutionTest#everyRankFamilyChangesActualLearnedExecutionAndProjectionOnlyWhileValid,com.inigmasgames.hytalerpg.GearSkillRankExecutionTest#everyRankFamilyChangesActualLearnedExecutionAndProjectionOnlyWhileValid,com.inigmasgames.hytalerpg.GearSkillRankExecutionTest#everyRankFamilyChangesActualLearnedExecutionAndProjectionOnlyWhileValid,[],Canonical dispatch now measures existing damage/heal/summon owner recipient output at authored mastery step; saved rank unchanged.,PROVEN,com.inigmasgames.hytalerpg.gear.MasterAffixEquipmentSimulatorTest#authoredAffixReachesFrozenEquipmentSnapshotAndLeavesOnEveryInvalidation,,False,,OWNER_ONLY,True,OWNER_ONLY,com.inigmasgames.hytalerpg.execution.summon.MasterAffixSentinelOwnerOnlyTest#ownerOnlyBoundSourceDoesNotChangeSentinelRuntime,True,FUNCTIONAL,[]
WA-126,Earthen Sage’s,PREFIX,SKILLER,ALL,"Adds ranks to learned active skills whose schoolElement is EARTH. Explicit school tag, not damage present, skill name or status. +3 Rare-only at 94. Require: BASE-RANK. Armor: none.",none.,gm.battleaxe_adamantite.h,com.inigmasgames.hytalerpg.gear.MasterAffixEquipmentSimulatorTest#authoredCarrierIsProductionEligible,"com.inigmasgames.hytalerpg.gear.MasterAffixEquipmentSimulatorTest#authoredCarrierIsProductionEligible(WA-126, ab-wa-126-affixed, gm.battleaxe_adamantite.h)",[],ab-wa-126-affixed,ab-wa-126-control,[],"[""com.inigmasgames.hytalerpg.execution.GearSkillRanksTest#everyFamilySelectorHasAnAuthoredPositiveAndExcludedProfile"", ""com.inigmasgames.hytalerpg.gear.MasterAffixEquipmentSimulatorTest#authoredAffixReachesFrozenEquipmentSnapshotAndLeavesOnEveryInvalidation""]","[""src/main/java/com/inigmasgames/hytalerpg/execution/GearSkillRanks.java""]",[],src/main/java/com/inigmasgames/hytalerpg/execution/GearSkillRanks.java,com.inigmasgames.hytalerpg.GearSkillRankExecutionTest#everyRankFamilyChangesActualLearnedExecutionAndProjectionOnlyWhileValid,com.inigmasgames.hytalerpg.GearSkillRankExecutionTest#everyRankFamilyChangesActualLearnedExecutionAndProjectionOnlyWhileValid,com.inigmasgames.hytalerpg.GearSkillRankExecutionTest#everyRankFamilyChangesActualLearnedExecutionAndProjectionOnlyWhileValid,[],Canonical dispatch now measures existing damage/heal/summon owner recipient output at authored mastery step; saved rank unchanged.,PROVEN,com.inigmasgames.hytalerpg.gear.MasterAffixEquipmentSimulatorTest#authoredAffixReachesFrozenEquipmentSnapshotAndLeavesOnEveryInvalidation,,False,,OWNER_ONLY,True,OWNER_ONLY,com.inigmasgames.hytalerpg.execution.summon.MasterAffixSentinelOwnerOnlyTest#ownerOnlyBoundSourceDoesNotChangeSentinelRuntime,True,FUNCTIONAL,[]
WA-127,Voltaic Sage’s,PREFIX,SKILLER,ALL,"Adds ranks to learned active skills whose schoolElement is LIGHTNING. Explicit school tag, not damage present, skill name or status. +3 Rare-only at 94. Require: BASE-RANK. Armor: none.",none.,gm.battleaxe_adamantite.h,com.inigmasgames.hytalerpg.gear.MasterAffixEquipmentSimulatorTest#authoredCarrierIsProductionEligible,"com.inigmasgames.hytalerpg.gear.MasterAffixEquipmentSimulatorTest#authoredCarrierIsProductionEligible(WA-127, ab-wa-127-affixed, gm.battleaxe_adamantite.h)",[],ab-wa-127-affixed,ab-wa-127-control,[],"[""com.inigmasgames.hytalerpg.execution.GearSkillRanksTest#everyFamilySelectorHasAnAuthoredPositiveAndExcludedProfile"", ""com.inigmasgames.hytalerpg.gear.MasterAffixEquipmentSimulatorTest#authoredAffixReachesFrozenEquipmentSnapshotAndLeavesOnEveryInvalidation""]","[""src/main/java/com/inigmasgames/hytalerpg/execution/GearSkillRanks.java""]",[],src/main/java/com/inigmasgames/hytalerpg/execution/GearSkillRanks.java,com.inigmasgames.hytalerpg.GearSkillRankExecutionTest#everyRankFamilyChangesActualLearnedExecutionAndProjectionOnlyWhileValid,com.inigmasgames.hytalerpg.GearSkillRankExecutionTest#everyRankFamilyChangesActualLearnedExecutionAndProjectionOnlyWhileValid,com.inigmasgames.hytalerpg.GearSkillRankExecutionTest#everyRankFamilyChangesActualLearnedExecutionAndProjectionOnlyWhileValid,[],Canonical dispatch now measures existing damage/heal/summon owner recipient output at authored mastery step; saved rank unchanged.,PROVEN,com.inigmasgames.hytalerpg.gear.MasterAffixEquipmentSimulatorTest#authoredAffixReachesFrozenEquipmentSnapshotAndLeavesOnEveryInvalidation,,False,,OWNER_ONLY,True,OWNER_ONLY,com.inigmasgames.hytalerpg.execution.summon.MasterAffixSentinelOwnerOnlyTest#ownerOnlyBoundSourceDoesNotChangeSentinelRuntime,True,FUNCTIONAL,[]
WA-128,Umbral Sage’s,PREFIX,SKILLER,ALL,"Adds ranks to learned active skills whose schoolElement is VOID. Explicit school tag, not damage present, skill name or status. +3 Rare-only at 94. Require: BASE-RANK. Armor: none.",none.,gm.battleaxe_adamantite.h,com.inigmasgames.hytalerpg.gear.MasterAffixEquipmentSimulatorTest#authoredCarrierIsProductionEligible,"com.inigmasgames.hytalerpg.gear.MasterAffixEquipmentSimulatorTest#authoredCarrierIsProductionEligible(WA-128, ab-wa-128-affixed, gm.battleaxe_adamantite.h)",[],ab-wa-128-affixed,ab-wa-128-control,[],"[""com.inigmasgames.hytalerpg.execution.GearSkillRanksTest#everyFamilySelectorHasAnAuthoredPositiveAndExcludedProfile"", ""com.inigmasgames.hytalerpg.gear.MasterAffixEquipmentSimulatorTest#authoredAffixReachesFrozenEquipmentSnapshotAndLeavesOnEveryInvalidation""]","[""src/main/java/com/inigmasgames/hytalerpg/execution/GearSkillRanks.java""]",[],src/main/java/com/inigmasgames/hytalerpg/execution/GearSkillRanks.java,com.inigmasgames.hytalerpg.GearSkillRankExecutionTest#everyRankFamilyChangesActualLearnedExecutionAndProjectionOnlyWhileValid,com.inigmasgames.hytalerpg.GearSkillRankExecutionTest#everyRankFamilyChangesActualLearnedExecutionAndProjectionOnlyWhileValid,com.inigmasgames.hytalerpg.GearSkillRankExecutionTest#everyRankFamilyChangesActualLearnedExecutionAndProjectionOnlyWhileValid,[],Canonical dispatch now measures existing damage/heal/summon owner recipient output at authored mastery step; saved rank unchanged.,PROVEN,com.inigmasgames.hytalerpg.gear.MasterAffixEquipmentSimulatorTest#authoredAffixReachesFrozenEquipmentSnapshotAndLeavesOnEveryInvalidation,,False,,OWNER_ONLY,True,OWNER_ONLY,com.inigmasgames.hytalerpg.execution.summon.MasterAffixSentinelOwnerOnlyTest#ownerOnlyBoundSourceDoesNotChangeSentinelRuntime,True,FUNCTIONAL,[]
WA-129,Warmaster’s,PREFIX,SKILLER,"M, R, B, H",Adds ranks to explicitly tagged martial weapon skills. Rare-only +3 at 94; does not mean every skill that requires a staff. Require: BASE-RANK. Armor: none.,none.,gm.battleaxe_adamantite.h,com.inigmasgames.hytalerpg.gear.MasterAffixEquipmentSimulatorTest#authoredCarrierIsProductionEligible,"com.inigmasgames.hytalerpg.gear.MasterAffixEquipmentSimulatorTest#authoredCarrierIsProductionEligible(WA-129, ab-wa-129-affixed, gm.battleaxe_adamantite.h)",[],ab-wa-129-affixed,ab-wa-129-control,[],"[""com.inigmasgames.hytalerpg.execution.GearSkillRanksTest#everyFamilySelectorHasAnAuthoredPositiveAndExcludedProfile"", ""com.inigmasgames.hytalerpg.gear.MasterAffixEquipmentSimulatorTest#authoredAffixReachesFrozenEquipmentSnapshotAndLeavesOnEveryInvalidation""]","[""src/main/java/com/inigmasgames/hytalerpg/execution/GearSkillRanks.java""]",[],src/main/java/com/inigmasgames/hytalerpg/execution/GearSkillRanks.java,com.inigmasgames.hytalerpg.GearSkillRankExecutionTest#everyRankFamilyChangesActualLearnedExecutionAndProjectionOnlyWhileValid,com.inigmasgames.hytalerpg.GearSkillRankExecutionTest#everyRankFamilyChangesActualLearnedExecutionAndProjectionOnlyWhileValid,com.inigmasgames.hytalerpg.GearSkillRankExecutionTest#everyRankFamilyChangesActualLearnedExecutionAndProjectionOnlyWhileValid,[],Canonical dispatch now measures existing damage/heal/summon owner recipient output at authored mastery step; saved rank unchanged.,PROVEN,com.inigmasgames.hytalerpg.gear.MasterAffixEquipmentSimulatorTest#authoredAffixReachesFrozenEquipmentSnapshotAndLeavesOnEveryInvalidation,,False,,OWNER_ONLY,True,OWNER_ONLY,com.inigmasgames.hytalerpg.execution.summon.MasterAffixSentinelOwnerOnlyTest#ownerOnlyBoundSourceDoesNotChangeSentinelRuntime,True,FUNCTIONAL,[]
WA-130,Healer’s,PREFIX,SKILLER,C,"Adds ranks to learned active skills with a primary Heal payload. Life Drain is Damage-primary, not included by incidental self-healing. Require: WIS-RANK. Armor: none.",none.,gm.book_apprentice.h,com.inigmasgames.hytalerpg.gear.MasterAffixEquipmentSimulatorTest#authoredCarrierIsProductionEligible,"com.inigmasgames.hytalerpg.gear.MasterAffixEquipmentSimulatorTest#authoredCarrierIsProductionEligible(WA-130, ab-wa-130-affixed, gm.book_apprentice.h)",[],ab-wa-130-affixed,ab-wa-130-control,[],"[""com.inigmasgames.hytalerpg.execution.GearSkillRanksTest#everyFamilySelectorHasAnAuthoredPositiveAndExcludedProfile"", ""com.inigmasgames.hytalerpg.gear.MasterAffixEquipmentSimulatorTest#authoredAffixReachesFrozenEquipmentSnapshotAndLeavesOnEveryInvalidation""]","[""src/main/java/com/inigmasgames/hytalerpg/execution/GearSkillRanks.java""]",[],src/main/java/com/inigmasgames/hytalerpg/execution/GearSkillRanks.java,com.inigmasgames.hytalerpg.GearSkillRankExecutionTest#everyRankFamilyChangesActualLearnedExecutionAndProjectionOnlyWhileValid,com.inigmasgames.hytalerpg.GearSkillRankExecutionTest#everyRankFamilyChangesActualLearnedExecutionAndProjectionOnlyWhileValid,com.inigmasgames.hytalerpg.GearSkillRankExecutionTest#everyRankFamilyChangesActualLearnedExecutionAndProjectionOnlyWhileValid,[],Canonical dispatch now measures existing damage/heal/summon owner recipient output at authored mastery step; saved rank unchanged.,PROVEN,com.inigmasgames.hytalerpg.gear.MasterAffixEquipmentSimulatorTest#authoredAffixReachesFrozenEquipmentSnapshotAndLeavesOnEveryInvalidation,,False,,OWNER_ONLY,True,OWNER_ONLY,com.inigmasgames.hytalerpg.execution.summon.MasterAffixSentinelOwnerOnlyTest#ownerOnlyBoundSourceDoesNotChangeSentinelRuntime,True,FUNCTIONAL,[]
WA-131,Binder’s,PREFIX,SKILLER,C,"Adds ranks to learned summon-creation skills, across elemental schools. Includes Iron Sentinel when its rank profile exists; excludes Dominate and sacrifice-only skills. Require: WIS-RANK. Armor: none.",none.,gm.book_apprentice.h,com.inigmasgames.hytalerpg.gear.MasterAffixEquipmentSimulatorTest#authoredCarrierIsProductionEligible,"com.inigmasgames.hytalerpg.gear.MasterAffixEquipmentSimulatorTest#authoredCarrierIsProductionEligible(WA-131, ab-wa-131-affixed, gm.book_apprentice.h)",[],ab-wa-131-affixed,ab-wa-131-control,[],"[""com.inigmasgames.hytalerpg.execution.GearSkillRanksTest#everyFamilySelectorHasAnAuthoredPositiveAndExcludedProfile"", ""com.inigmasgames.hytalerpg.gear.MasterAffixEquipmentSimulatorTest#authoredAffixReachesFrozenEquipmentSnapshotAndLeavesOnEveryInvalidation""]","[""src/main/java/com/inigmasgames/hytalerpg/execution/GearSkillRanks.java""]",[],src/main/java/com/inigmasgames/hytalerpg/execution/GearSkillRanks.java,com.inigmasgames.hytalerpg.GearSkillRankExecutionTest#everyRankFamilyChangesActualLearnedExecutionAndProjectionOnlyWhileValid,com.inigmasgames.hytalerpg.GearSkillRankExecutionTest#everyRankFamilyChangesActualLearnedExecutionAndProjectionOnlyWhileValid,com.inigmasgames.hytalerpg.GearSkillRankExecutionTest#everyRankFamilyChangesActualLearnedExecutionAndProjectionOnlyWhileValid,[],Canonical dispatch now measures existing damage/heal/summon owner recipient output at authored mastery step; saved rank unchanged.,PROVEN,com.inigmasgames.hytalerpg.gear.MasterAffixEquipmentSimulatorTest#authoredAffixReachesFrozenEquipmentSnapshotAndLeavesOnEveryInvalidation,,False,,OWNER_ONLY,True,OWNER_ONLY,com.inigmasgames.hytalerpg.execution.summon.MasterAffixSentinelOwnerOnlyTest#ownerOnlyBoundSourceDoesNotChangeSentinelRuntime,True,FUNCTIONAL,[]
WA-132,Blademaster’s,PREFIX,SKILLER,"M, H",Adds ranks to learned active skills exposing a primary Strike component. No bonus for incidental child shockwaves becoming a new root family. Require: BASE-RANK. Armor: none.,none.,gm.battleaxe_adamantite.h,com.inigmasgames.hytalerpg.gear.MasterAffixEquipmentSimulatorTest#authoredCarrierIsProductionEligible,"com.inigmasgames.hytalerpg.gear.MasterAffixEquipmentSimulatorTest#authoredCarrierIsProductionEligible(WA-132, ab-wa-132-affixed, gm.battleaxe_adamantite.h)",[],ab-wa-132-affixed,ab-wa-132-control,[],"[""com.inigmasgames.hytalerpg.execution.GearSkillRanksTest#everyFamilySelectorHasAnAuthoredPositiveAndExcludedProfile"", ""com.inigmasgames.hytalerpg.gear.MasterAffixEquipmentSimulatorTest#authoredAffixReachesFrozenEquipmentSnapshotAndLeavesOnEveryInvalidation""]","[""src/main/java/com/inigmasgames/hytalerpg/execution/GearSkillRanks.java""]",[],src/main/java/com/inigmasgames/hytalerpg/execution/GearSkillRanks.java,com.inigmasgames.hytalerpg.GearSkillRankExecutionTest#everyRankFamilyChangesActualLearnedExecutionAndProjectionOnlyWhileValid,com.inigmasgames.hytalerpg.GearSkillRankExecutionTest#everyRankFamilyChangesActualLearnedExecutionAndProjectionOnlyWhileValid,com.inigmasgames.hytalerpg.GearSkillRankExecutionTest#everyRankFamilyChangesActualLearnedExecutionAndProjectionOnlyWhileValid,[],Canonical dispatch now measures existing damage/heal/summon owner recipient output at authored mastery step; saved rank unchanged.,PROVEN,com.inigmasgames.hytalerpg.gear.MasterAffixEquipmentSimulatorTest#authoredAffixReachesFrozenEquipmentSnapshotAndLeavesOnEveryInvalidation,,False,,OWNER_ONLY,True,OWNER_ONLY,com.inigmasgames.hytalerpg.execution.summon.MasterAffixSentinelOwnerOnlyTest#ownerOnlyBoundSourceDoesNotChangeSentinelRuntime,True,FUNCTIONAL,[]
WA-133,Fletcher-Mage’s,PREFIX,SKILLER,"R, C",Adds ranks to learned skills with primary Projectile delivery. Summon arrows do not reclassify the summon operation. Require: BASE-RANK. Armor: none.,none.,gm.book_apprentice.h,com.inigmasgames.hytalerpg.gear.MasterAffixEquipmentSimulatorTest#authoredCarrierIsProductionEligible,"com.inigmasgames.hytalerpg.gear.MasterAffixEquipmentSimulatorTest#authoredCarrierIsProductionEligible(WA-133, ab-wa-133-affixed, gm.book_apprentice.h)",[],ab-wa-133-affixed,ab-wa-133-control,[],"[""com.inigmasgames.hytalerpg.execution.GearSkillRanksTest#everyFamilySelectorHasAnAuthoredPositiveAndExcludedProfile"", ""com.inigmasgames.hytalerpg.gear.MasterAffixEquipmentSimulatorTest#authoredAffixReachesFrozenEquipmentSnapshotAndLeavesOnEveryInvalidation""]","[""src/main/java/com/inigmasgames/hytalerpg/execution/GearSkillRanks.java""]",[],src/main/java/com/inigmasgames/hytalerpg/execution/GearSkillRanks.java,com.inigmasgames.hytalerpg.GearSkillRankExecutionTest#everyRankFamilyChangesActualLearnedExecutionAndProjectionOnlyWhileValid,com.inigmasgames.hytalerpg.GearSkillRankExecutionTest#everyRankFamilyChangesActualLearnedExecutionAndProjectionOnlyWhileValid,com.inigmasgames.hytalerpg.GearSkillRankExecutionTest#everyRankFamilyChangesActualLearnedExecutionAndProjectionOnlyWhileValid,[],Canonical dispatch now measures existing damage/heal/summon owner recipient output at authored mastery step; saved rank unchanged.,PROVEN,com.inigmasgames.hytalerpg.gear.MasterAffixEquipmentSimulatorTest#authoredAffixReachesFrozenEquipmentSnapshotAndLeavesOnEveryInvalidation,,False,,OWNER_ONLY,True,OWNER_ONLY,com.inigmasgames.hytalerpg.execution.summon.MasterAffixSentinelOwnerOnlyTest#ownerOnlyBoundSourceDoesNotChangeSentinelRuntime,True,FUNCTIONAL,[]
WA-134,Rending,PREFIX,STATUS_PAYLOAD,"M, R, B",V% chance to apply shared Bleed plus 50% reduced target Health regeneration for 4 s. New healing-suppression child; no duplicate Bleed with Hemorrhage. Require: BASE-CORE. Armor: none.,none.,gm.battleaxe_adamantite.h,com.inigmasgames.hytalerpg.gear.MasterAffixEquipmentSimulatorTest#authoredCarrierIsProductionEligible,"com.inigmasgames.hytalerpg.gear.MasterAffixEquipmentSimulatorTest#authoredCarrierIsProductionEligible(WA-134, ab-wa-134-affixed, gm.battleaxe_adamantite.h)",[],ab-wa-134-affixed,ab-wa-134-control,[],"[""com.inigmasgames.hytalerpg.combat.status.GearStatusAdmissionTest#rendingCreatesOneBleedPackageAndOneTimedRegenerationReduction"", ""com.inigmasgames.hytalerpg.execution.summon.MasterAffixSentinelStatusTest#boundRendingAdmitsBleedAndSuppressesVictimRegeneration_WA134"", ""com.inigmasgames.hytalerpg.gear.MasterAffixCombatCompletionTest#wa134BleedAdmissionHasUnrolledWrongChannelAndNoProcControls"", ""com.inigmasgames.hytalerpg.gear.MasterAffixEquipmentSimulatorTest#authoredAffixReachesFrozenEquipmentSnapshotAndLeavesOnEveryInvalidation""]","[""src/main/java/com/inigmasgames/hytalerpg/combat/status/GearStatusRuntime.java"", ""src/main/java/com/inigmasgames/hytalerpg/execution/hytale/GearStatusBindings.java"", ""src/main/java/com/inigmasgames/hytalerpg/execution/hytale/NativeGearStatusObserver.java"", ""src/main/java/com/inigmasgames/hytalerpg/execution/summon/IronSentinelAffixes.java""]",[],src/main/java/com/inigmasgames/hytalerpg/combat/status/GearStatusRuntime.java,com.inigmasgames.hytalerpg.gear.MasterAffixCombatCompletionTest#wa134BleedAdmissionHasUnrolledWrongChannelAndNoProcControls,com.inigmasgames.hytalerpg.gear.MasterAffixCombatCompletionTest#wa134BleedAdmissionHasUnrolledWrongChannelAndNoProcControls,com.inigmasgames.hytalerpg.gear.MasterAffixCombatCompletionTest#wa134BleedAdmissionHasUnrolledWrongChannelAndNoProcControls,"[""com.inigmasgames.hytalerpg.gear.MasterAffixCombatCompletionTest#wa134BleedAdmissionHasUnrolledWrongChannelAndNoProcControls""]",Native RegeneratingValue delegate measures exact regeneration reduction after canonical Bleed admission and unrolled restoration.,PROVEN,com.inigmasgames.hytalerpg.gear.MasterAffixEquipmentSimulatorTest#authoredAffixReachesFrozenEquipmentSnapshotAndLeavesOnEveryInvalidation,,False,,ATTACK_PROC,True,INHERITED,com.inigmasgames.hytalerpg.execution.summon.MasterAffixSentinelStatusTest#boundRendingAdmitsBleedAndSuppressesVictimRegeneration_WA134,True,FUNCTIONAL,[]
WA-135,Crushing,PREFIX,CRUSHING_BLOW,"M, R, B",V% chance for a bounded bonus Physical hit based on current target Health. 1 s source/target ICD; fractions and source-power cap in special rules. Require: STR-CORE. Armor: none.,none.,gm.battleaxe_adamantite.h,com.inigmasgames.hytalerpg.gear.MasterAffixEquipmentSimulatorTest#authoredCarrierIsProductionEligible,"com.inigmasgames.hytalerpg.gear.MasterAffixEquipmentSimulatorTest#authoredCarrierIsProductionEligible(WA-135, ab-wa-135-affixed, gm.battleaxe_adamantite.h)",[],ab-wa-135-affixed,ab-wa-135-control,[],"[""com.inigmasgames.hytalerpg.execution.hytale.SentinelSignatureConsumerTest#outgoingSignatureGroupsConsumeActualAcceptedContactFacts"", ""com.inigmasgames.hytalerpg.gear.GearSignatureProcRuntimeTest#crushingUsesSurvivingHealthCapIcdAndNativeEnvelope"", ""com.inigmasgames.hytalerpg.gear.MasterAffixCombatCompletionTest#wa135Through140LegalSignatureContactsHaveUnrolledAndNoProcControls"", ""com.inigmasgames.hytalerpg.gear.MasterAffixEquipmentSimulatorTest#authoredAffixReachesFrozenEquipmentSnapshotAndLeavesOnEveryInvalidation"", ""com.inigmasgames.hytalerpg.gear.SignatureConsumerProofTest#crushingAndBarbedReachRecipientWithIcdExpiryAndAdmissionControls""]","[""src/main/java/com/inigmasgames/hytalerpg/execution/summon/IronSentinelAffixes.java"", ""src/main/java/com/inigmasgames/hytalerpg/gear/GearSignatureProcRuntime.java"", ""src/main/java/com/inigmasgames/hytalerpg/gear/NativeGearAttackAcceptance.java""]",[],src/main/java/com/inigmasgames/hytalerpg/gear/GearSignatureProcRuntime.java,com.inigmasgames.hytalerpg.gear.MasterAffixCombatCompletionTest#wa135Through140LegalSignatureContactsHaveUnrolledAndNoProcControls,com.inigmasgames.hytalerpg.gear.MasterAffixCombatCompletionTest#wa135Through140LegalSignatureContactsHaveUnrolledAndNoProcControls,com.inigmasgames.hytalerpg.gear.MasterAffixCombatCompletionTest#wa135Through140LegalSignatureContactsHaveUnrolledAndNoProcControls,"[""com.inigmasgames.hytalerpg.gear.SignatureConsumerProofTest#crushingAndBarbedReachRecipientWithIcdExpiryAndAdmissionControls""]","Signature queue drains native Damage through controlled recipient calculation; source, ICD, expiry, NoProc and target isolation measured.",PROVEN,com.inigmasgames.hytalerpg.gear.MasterAffixEquipmentSimulatorTest#authoredAffixReachesFrozenEquipmentSnapshotAndLeavesOnEveryInvalidation,,False,,ATTACK_PROC,True,INHERITED,com.inigmasgames.hytalerpg.execution.hytale.SentinelSignatureConsumerTest#outgoingSignatureGroupsConsumeActualAcceptedContactFacts,True,FUNCTIONAL,[]
WA-136,Deadly,PREFIX,DOUBLE_HIT_DAMAGE,"M, R, B",V% chance to double the noncritical Physical component of this item’s attack hit. Does not also double a critical; no fourth damage outcome. Require: DEX-CORE. Armor: none.,none.,gm.battleaxe_adamantite.h,com.inigmasgames.hytalerpg.gear.MasterAffixEquipmentSimulatorTest#authoredCarrierIsProductionEligible,"com.inigmasgames.hytalerpg.gear.MasterAffixEquipmentSimulatorTest#authoredCarrierIsProductionEligible(WA-136, ab-wa-136-affixed, gm.battleaxe_adamantite.h)",[],ab-wa-136-affixed,ab-wa-136-control,[],"[""com.inigmasgames.hytalerpg.execution.hytale.SentinelSignatureConsumerTest#deadlyReflectionAndCreditedBurstUseTheirDistinctOwners"", ""com.inigmasgames.hytalerpg.gear.GearSignatureProcRuntimeTest#deadlyUsesLocalValidItemAndOnlyNoncriticalPhysical"", ""com.inigmasgames.hytalerpg.gear.MasterAffixCombatCompletionTest#wa135Through140LegalSignatureContactsHaveUnrolledAndNoProcControls"", ""com.inigmasgames.hytalerpg.gear.MasterAffixEquipmentSimulatorTest#authoredAffixReachesFrozenEquipmentSnapshotAndLeavesOnEveryInvalidation"", ""com.inigmasgames.hytalerpg.gear.NativeAreaPremitigationTest#deadlyUsesTheSameSharedProducerCoefficientBeforeNativeApply""]","[""src/main/java/com/inigmasgames/hytalerpg/execution/summon/IronSentinelAffixes.java"", ""src/main/java/com/inigmasgames/hytalerpg/gear/GearSignatureProcRuntime.java"", ""src/main/java/com/inigmasgames/hytalerpg/gear/NativeGearAttackAcceptance.java""]",[],src/main/java/com/inigmasgames/hytalerpg/gear/GearSignatureProcRuntime.java,com.inigmasgames.hytalerpg.gear.MasterAffixCombatCompletionTest#wa135Through140LegalSignatureContactsHaveUnrolledAndNoProcControls,com.inigmasgames.hytalerpg.gear.MasterAffixCombatCompletionTest#wa135Through140LegalSignatureContactsHaveUnrolledAndNoProcControls,com.inigmasgames.hytalerpg.gear.MasterAffixCombatCompletionTest#wa135Through140LegalSignatureContactsHaveUnrolledAndNoProcControls,[],,PROVEN,com.inigmasgames.hytalerpg.gear.MasterAffixEquipmentSimulatorTest#authoredAffixReachesFrozenEquipmentSnapshotAndLeavesOnEveryInvalidation,,False,,ATTACK_PROC,True,INHERITED,com.inigmasgames.hytalerpg.execution.hytale.SentinelSignatureConsumerTest#deadlyReflectionAndCreditedBurstUseTheirDistinctOwners,True,FUNCTIONAL,[]
WA-137,Barbed,PREFIX,IMPALE,"M, R",V% chance to lodge a stored Physical fragment for the next three qualifying hits. 8% of original noncritical pre-mitigation Physical hit per trigger; detailed caps apply. Require: BASE-CORE. Armor: none.,none.,gm.battleaxe_adamantite.h,com.inigmasgames.hytalerpg.gear.MasterAffixEquipmentSimulatorTest#authoredCarrierIsProductionEligible,"com.inigmasgames.hytalerpg.gear.MasterAffixEquipmentSimulatorTest#authoredCarrierIsProductionEligible(WA-137, ab-wa-137-affixed, gm.battleaxe_adamantite.h)",[],ab-wa-137-affixed,ab-wa-137-control,[],"[""com.inigmasgames.hytalerpg.execution.hytale.SentinelSignatureConsumerTest#outgoingSignatureGroupsConsumeActualAcceptedContactFacts"", ""com.inigmasgames.hytalerpg.gear.GearSignatureProcRuntimeTest#barbedConsumesOldestChargeWithoutCreationHitAndExpires"", ""com.inigmasgames.hytalerpg.gear.MasterAffixCombatCompletionTest#wa135Through140LegalSignatureContactsHaveUnrolledAndNoProcControls"", ""com.inigmasgames.hytalerpg.gear.MasterAffixEquipmentSimulatorTest#authoredAffixReachesFrozenEquipmentSnapshotAndLeavesOnEveryInvalidation"", ""com.inigmasgames.hytalerpg.gear.SignatureConsumerProofTest#crushingAndBarbedReachRecipientWithIcdExpiryAndAdmissionControls""]","[""src/main/java/com/inigmasgames/hytalerpg/execution/summon/IronSentinelAffixes.java"", ""src/main/java/com/inigmasgames/hytalerpg/gear/GearSignatureProcRuntime.java"", ""src/main/java/com/inigmasgames/hytalerpg/gear/NativeGearAttackAcceptance.java""]",[],src/main/java/com/inigmasgames/hytalerpg/gear/GearSignatureProcRuntime.java,com.inigmasgames.hytalerpg.gear.MasterAffixCombatCompletionTest#wa135Through140LegalSignatureContactsHaveUnrolledAndNoProcControls,com.inigmasgames.hytalerpg.gear.MasterAffixCombatCompletionTest#wa135Through140LegalSignatureContactsHaveUnrolledAndNoProcControls,com.inigmasgames.hytalerpg.gear.MasterAffixCombatCompletionTest#wa135Through140LegalSignatureContactsHaveUnrolledAndNoProcControls,"[""com.inigmasgames.hytalerpg.gear.SignatureConsumerProofTest#crushingAndBarbedReachRecipientWithIcdExpiryAndAdmissionControls""]","Signature queue drains native Damage through controlled recipient calculation; source, ICD, expiry, NoProc and target isolation measured.",PROVEN,com.inigmasgames.hytalerpg.gear.MasterAffixEquipmentSimulatorTest#authoredAffixReachesFrozenEquipmentSnapshotAndLeavesOnEveryInvalidation,,False,,ATTACK_PROC,True,INHERITED,com.inigmasgames.hytalerpg.execution.hytale.SentinelSignatureConsumerTest#outgoingSignatureGroupsConsumeActualAcceptedContactFacts,True,FUNCTIONAL,[]
WA-138,Riveting,PREFIX,ARMOR_BREAK,"M, R, B",V% chance to reduce target Defense rating by 15% for 3 s. Strongest-only; not 15 percentage points off mitigation; 5 s source/target lock. Require: STR-CORE. Armor: none.,none.,gm.battleaxe_adamantite.h,com.inigmasgames.hytalerpg.gear.MasterAffixEquipmentSimulatorTest#authoredCarrierIsProductionEligible,"com.inigmasgames.hytalerpg.gear.MasterAffixEquipmentSimulatorTest#authoredCarrierIsProductionEligible(WA-138, ab-wa-138-affixed, gm.battleaxe_adamantite.h)",[],ab-wa-138-affixed,ab-wa-138-control,[],"[""com.inigmasgames.hytalerpg.execution.hytale.SentinelSignatureConsumerTest#outgoingSignatureGroupsConsumeActualAcceptedContactFacts"", ""com.inigmasgames.hytalerpg.gear.GearSignatureProcRuntimeTest#rivetingAndFortifyingAreTimedAndDoNotStackOrRefresh"", ""com.inigmasgames.hytalerpg.gear.MasterAffixCombatCompletionTest#wa135Through140LegalSignatureContactsHaveUnrolledAndNoProcControls"", ""com.inigmasgames.hytalerpg.gear.MasterAffixEquipmentSimulatorTest#authoredAffixReachesFrozenEquipmentSnapshotAndLeavesOnEveryInvalidation"", ""com.inigmasgames.hytalerpg.gear.SignatureConsumerProofTest#armorBreakAndFortifyMutateSubmittedNativeHitsAndExpire""]","[""src/main/java/com/inigmasgames/hytalerpg/execution/hytale/NativeGearSignatureDefenseFilter.java"", ""src/main/java/com/inigmasgames/hytalerpg/execution/summon/IronSentinelAffixes.java"", ""src/main/java/com/inigmasgames/hytalerpg/gear/GearSignatureProcRuntime.java"", ""src/main/java/com/inigmasgames/hytalerpg/gear/NativeGearAttackAcceptance.java""]",[],src/main/java/com/inigmasgames/hytalerpg/gear/GearSignatureProcRuntime.java,com.inigmasgames.hytalerpg.gear.MasterAffixCombatCompletionTest#wa135Through140LegalSignatureContactsHaveUnrolledAndNoProcControls,com.inigmasgames.hytalerpg.gear.MasterAffixCombatCompletionTest#wa135Through140LegalSignatureContactsHaveUnrolledAndNoProcControls,com.inigmasgames.hytalerpg.gear.MasterAffixCombatCompletionTest#wa135Through140LegalSignatureContactsHaveUnrolledAndNoProcControls,"[""com.inigmasgames.hytalerpg.gear.SignatureConsumerProofTest#armorBreakAndFortifyMutateSubmittedNativeHitsAndExpire""]","Production native defense factors change submitted hit and recipient Health; unrolled, expiry, wrong recipient and NoProc controls.",PROVEN,com.inigmasgames.hytalerpg.gear.MasterAffixEquipmentSimulatorTest#authoredAffixReachesFrozenEquipmentSnapshotAndLeavesOnEveryInvalidation,,False,,ATTACK_PROC,True,INHERITED,com.inigmasgames.hytalerpg.execution.hytale.SentinelSignatureConsumerTest#outgoingSignatureGroupsConsumeActualAcceptedContactFacts,True,FUNCTIONAL,[]
WA-139,of Finality,SUFFIX,CULL,"M, R, B, C","After an eligible damaging hit, execute an allowed target at or below 5% normal Max Health. Boss/PvP off by default; scripts always win; one death reward. Require: BASE-FIXED. Armor: none.",none.,gm.battleaxe_adamantite.h,com.inigmasgames.hytalerpg.gear.MasterAffixEquipmentSimulatorTest#authoredCarrierIsProductionEligible,"com.inigmasgames.hytalerpg.gear.MasterAffixEquipmentSimulatorTest#authoredCarrierIsProductionEligible(WA-139, ab-wa-139-affixed, gm.battleaxe_adamantite.h)",[],ab-wa-139-affixed,ab-wa-139-control,[],"[""com.inigmasgames.hytalerpg.execution.hytale.SentinelSignatureConsumerTest#outgoingSignatureGroupsConsumeActualAcceptedContactFacts"", ""com.inigmasgames.hytalerpg.gear.GearSignatureProcRuntimeTest#cullUsesRealSurvivorThresholdAndProtectedVeto"", ""com.inigmasgames.hytalerpg.gear.GearTooltipV12Test#formatterSubstitutesPersistedPrecisionAndCanonicalSkillName"", ""com.inigmasgames.hytalerpg.gear.MasterAffixCombatCompletionTest#wa135Through140LegalSignatureContactsHaveUnrolledAndNoProcControls"", ""com.inigmasgames.hytalerpg.gear.MasterAffixEquipmentSimulatorTest#authoredAffixReachesFrozenEquipmentSnapshotAndLeavesOnEveryInvalidation"", ""com.inigmasgames.hytalerpg.gear.SignatureConsumerProofTest#cullDrainsToDeathOnceAndRejectsThresholdBossProtectedAndDuplicate""]","[""src/main/java/com/inigmasgames/hytalerpg/execution/summon/IronSentinelAffixes.java"", ""src/main/java/com/inigmasgames/hytalerpg/gear/GearAffixTiers.java"", ""src/main/java/com/inigmasgames/hytalerpg/gear/GearSignatureProcRuntime.java"", ""src/main/java/com/inigmasgames/hytalerpg/gear/NativeGearAttackAcceptance.java""]",[],src/main/java/com/inigmasgames/hytalerpg/gear/GearSignatureProcRuntime.java,com.inigmasgames.hytalerpg.gear.MasterAffixCombatCompletionTest#wa135Through140LegalSignatureContactsHaveUnrolledAndNoProcControls,com.inigmasgames.hytalerpg.gear.MasterAffixCombatCompletionTest#wa135Through140LegalSignatureContactsHaveUnrolledAndNoProcControls,com.inigmasgames.hytalerpg.gear.MasterAffixCombatCompletionTest#wa135Through140LegalSignatureContactsHaveUnrolledAndNoProcControls,"[""com.inigmasgames.hytalerpg.gear.SignatureConsumerProofTest#cullDrainsToDeathOnceAndRejectsThresholdBossProtectedAndDuplicate""]","Cull production child drains into one recipient death; threshold, boss, protected, unrolled/broken and duplicate exclusions.",PROVEN,com.inigmasgames.hytalerpg.gear.MasterAffixEquipmentSimulatorTest#authoredAffixReachesFrozenEquipmentSnapshotAndLeavesOnEveryInvalidation,,False,,ATTACK_PROC,True,INHERITED,com.inigmasgames.hytalerpg.execution.hytale.SentinelSignatureConsumerTest#outgoingSignatureGroupsConsumeActualAcceptedContactFacts,True,FUNCTIONAL,[]
WA-140,Resolute,PREFIX,FORTIFYING_HIT,M,V% chance after a valid melee hit to grant 5% less incoming Hit damage for 3 s. Strongest-only; cannot refresh during active duration; 5 s owner lock. Require: STR-CORE. Armor: none.,none.,gm.battleaxe_adamantite.h,com.inigmasgames.hytalerpg.gear.MasterAffixEquipmentSimulatorTest#authoredCarrierIsProductionEligible,"com.inigmasgames.hytalerpg.gear.MasterAffixEquipmentSimulatorTest#authoredCarrierIsProductionEligible(WA-140, ab-wa-140-affixed, gm.battleaxe_adamantite.h)",[],ab-wa-140-affixed,ab-wa-140-control,[],"[""com.inigmasgames.hytalerpg.execution.hytale.SentinelSignatureConsumerTest#outgoingSignatureGroupsConsumeActualAcceptedContactFacts"", ""com.inigmasgames.hytalerpg.gear.GearSignatureProcRuntimeTest#rivetingAndFortifyingAreTimedAndDoNotStackOrRefresh"", ""com.inigmasgames.hytalerpg.gear.MasterAffixCombatCompletionTest#wa135Through140LegalSignatureContactsHaveUnrolledAndNoProcControls"", ""com.inigmasgames.hytalerpg.gear.MasterAffixEquipmentSimulatorTest#authoredAffixReachesFrozenEquipmentSnapshotAndLeavesOnEveryInvalidation"", ""com.inigmasgames.hytalerpg.gear.SignatureConsumerProofTest#armorBreakAndFortifyMutateSubmittedNativeHitsAndExpire""]","[""src/main/java/com/inigmasgames/hytalerpg/execution/hytale/NativeGearSignatureDefenseFilter.java"", ""src/main/java/com/inigmasgames/hytalerpg/execution/summon/IronSentinelAffixes.java"", ""src/main/java/com/inigmasgames/hytalerpg/gear/GearSignatureProcRuntime.java"", ""src/main/java/com/inigmasgames/hytalerpg/gear/NativeGearAttackAcceptance.java""]",[],src/main/java/com/inigmasgames/hytalerpg/gear/GearSignatureProcRuntime.java,com.inigmasgames.hytalerpg.gear.MasterAffixCombatCompletionTest#wa135Through140LegalSignatureContactsHaveUnrolledAndNoProcControls,com.inigmasgames.hytalerpg.gear.MasterAffixCombatCompletionTest#wa135Through140LegalSignatureContactsHaveUnrolledAndNoProcControls,com.inigmasgames.hytalerpg.gear.MasterAffixCombatCompletionTest#wa135Through140LegalSignatureContactsHaveUnrolledAndNoProcControls,"[""com.inigmasgames.hytalerpg.gear.SignatureConsumerProofTest#armorBreakAndFortifyMutateSubmittedNativeHitsAndExpire""]","Production native defense factors change submitted hit and recipient Health; unrolled, expiry, wrong recipient and NoProc controls.",PROVEN,com.inigmasgames.hytalerpg.gear.MasterAffixEquipmentSimulatorTest#authoredAffixReachesFrozenEquipmentSnapshotAndLeavesOnEveryInvalidation,,False,,ATTACK_PROC,True,INHERITED,com.inigmasgames.hytalerpg.execution.hytale.SentinelSignatureConsumerTest#outgoingSignatureGroupsConsumeActualAcceptedContactFacts,True,FUNCTIONAL,[]
WA-141,of Twin Assault,SUFFIX,DUAL_STRIKE,"M*, R*, C*",V% chance for an additional 40%-power offhand strike in a supported dual-wield attack. No execute threshold; native dual-wield support and action timing required. Require: DEX-CORE. Armor: none.,none.,gm.daggers_adamantite.h,com.inigmasgames.hytalerpg.gear.MasterAffixEquipmentSimulatorTest#authoredCarrierIsProductionEligible,"com.inigmasgames.hytalerpg.gear.MasterAffixEquipmentSimulatorTest#authoredCarrierIsProductionEligible(WA-141, ab-wa-141-affixed, gm.daggers_adamantite.h)",[],ab-wa-141-affixed,ab-wa-141-control,[],"[""com.inigmasgames.hytalerpg.execution.summon.IronSentinelAffixInheritanceTest#sixNativeRecipientFamiliesAndExplicitChassisConditions"", ""com.inigmasgames.hytalerpg.gear.ManagedCarrierProductionTest#focusStarUsesNativeContactAndTimingProfiles"", ""com.inigmasgames.hytalerpg.gear.MasterAffixCombatCompletionTest#wa141QualifiedTwinAddsDistinctFortyPercentNoProcContact"", ""com.inigmasgames.hytalerpg.gear.MasterAffixEquipmentSimulatorTest#authoredAffixReachesFrozenEquipmentSnapshotAndLeavesOnEveryInvalidation"", ""com.inigmasgames.hytalerpg.gear.NativeAffixActionAssetQualificationTest#nativeStoresDecodePublishedPrimaryGraphAndPersistedStack"", ""com.inigmasgames.hytalerpg.gear.NativeAffixActionAssetQualificationTest#twinUtilityRequiresDistinctQualifiedSameBaseSourceAndPersists"", ""com.inigmasgames.hytalerpg.gear.SentinelConditionalActionTest#twinAssaultDoesNotFabricateAnOffhandForOneBoundItem""]","[""src/main/java/com/inigmasgames/hytalerpg/execution/summon/IronSentinelAffixes.java"", ""src/main/java/com/inigmasgames/hytalerpg/gear/GearCombatEffects.java"", ""src/main/java/com/inigmasgames/hytalerpg/gear/GearDropGenerator.java"", ""src/main/java/com/inigmasgames/hytalerpg/gear/GearNativeItems.java"", ""src/main/java/com/inigmasgames/hytalerpg/gear/HytaleGearEquipment.java"", ""src/main/java/com/inigmasgames/hytalerpg/gear/NativeGearActionProfiles.java"", ""src/main/java/com/inigmasgames/hytalerpg/gear/NativeTwinAssaultEligibility.java"", ""src/main/java/com/inigmasgames/hytalerpg/gear/NativeTwinUtilityAssets.java""]",[],src/main/java/com/inigmasgames/hytalerpg/gear/ManagedGearDamageInteraction.java,com.inigmasgames.hytalerpg.gear.NativeAffixTwinCommitTest#realGateCommitKeepsDistinctAcceptedOffhandAndRejectsInvalidSources,com.inigmasgames.hytalerpg.gear.NativeAffixTwinCommitTest#realGateCommitKeepsDistinctAcceptedOffhandAndRejectsInvalidSources,com.inigmasgames.hytalerpg.gear.NativeAffixTwinCommitTest#realGateCommitKeepsDistinctAcceptedOffhandAndRejectsInvalidSources,[],"NativeTwinCommitTest includes same-root unrolled gate rejection and invalid source controls; actual offhand Damage child distinct, 0.4 power, NoProc. Native selector codec is qualified; live collision belongs to connected QA.",PROVEN,com.inigmasgames.hytalerpg.gear.MasterAffixEquipmentSimulatorTest#authoredAffixReachesFrozenEquipmentSnapshotAndLeavesOnEveryInvalidation,,False,,ATTACK_PROC,False,INAPPLICABLE,com.inigmasgames.hytalerpg.gear.SentinelConditionalActionTest#twinAssaultDoesNotFabricateAnOffhandForOneBoundItem,True,FUNCTIONAL,[]
WA-142,of Retribution,SUFFIX,THORNS,H,"After a hostile direct melee hit, return V Physical damage to its attacker. Reflect/NoProc/NoCrit/NoLeech; .5 s owner/attacker lock. Require: STR-CORE. Armor: none.",none.,gm.shield_adamantite.h,com.inigmasgames.hytalerpg.gear.MasterAffixEquipmentSimulatorTest#authoredCarrierIsProductionEligible,"com.inigmasgames.hytalerpg.gear.MasterAffixEquipmentSimulatorTest#authoredCarrierIsProductionEligible(WA-142, ab-wa-142-affixed, gm.shield_adamantite.h)",[],ab-wa-142-affixed,ab-wa-142-control,[],"[""com.inigmasgames.hytalerpg.execution.hytale.SentinelSignatureConsumerTest#deadlyReflectionAndCreditedBurstUseTheirDistinctOwners"", ""com.inigmasgames.hytalerpg.gear.GearSignatureProcRuntimeTest#retributionRequiresActualHostileMeleeAndPairLock"", ""com.inigmasgames.hytalerpg.gear.MasterAffixCombatCompletionTest#wa142And143UseIncomingMeleeAndCreditedKillOnly"", ""com.inigmasgames.hytalerpg.gear.MasterAffixEquipmentSimulatorTest#authoredAffixReachesFrozenEquipmentSnapshotAndLeavesOnEveryInvalidation"", ""com.inigmasgames.hytalerpg.gear.SignatureConsumerProofTest#retributionAndKillBurstDeliverNoProcReflectedAndCreditedRecipients""]","[""src/main/java/com/inigmasgames/hytalerpg/execution/summon/IronSentinelAffixes.java"", ""src/main/java/com/inigmasgames/hytalerpg/gear/GearSignatureProcRuntime.java""]",[],src/main/java/com/inigmasgames/hytalerpg/gear/GearSignatureProcRuntime.java,com.inigmasgames.hytalerpg.gear.MasterAffixCombatCompletionTest#wa142And143UseIncomingMeleeAndCreditedKillOnly,com.inigmasgames.hytalerpg.gear.MasterAffixCombatCompletionTest#wa142And143UseIncomingMeleeAndCreditedKillOnly,com.inigmasgames.hytalerpg.gear.MasterAffixCombatCompletionTest#wa142And143UseIncomingMeleeAndCreditedKillOnly,"[""com.inigmasgames.hytalerpg.gear.SignatureConsumerProofTest#retributionAndKillBurstDeliverNoProcReflectedAndCreditedRecipients""]","Native reflected and credited kill children change controlled recipient Health once; origin, NoProc, credit and unrolled controls.",PROVEN,com.inigmasgames.hytalerpg.gear.MasterAffixEquipmentSimulatorTest#authoredAffixReachesFrozenEquipmentSnapshotAndLeavesOnEveryInvalidation,,False,,ATTACK_PROC,True,INHERITED,com.inigmasgames.hytalerpg.execution.hytale.SentinelSignatureConsumerTest#deadlyReflectionAndCreditedBurstUseTheirDistinctOwners,True,FUNCTIONAL,[]
WA-143,of Rupture,SUFFIX,KILL_BURST,"M, R, B, C",V% chance on credited kill to create one 2 m burst at 35% source pre-mitigation hit power. 1 s owner lock; channel preserved; no corpse-HP explosion or chain reaction. Require: BASE-CORE. Armor: none.,none.,gm.battleaxe_adamantite.h,com.inigmasgames.hytalerpg.gear.MasterAffixEquipmentSimulatorTest#authoredCarrierIsProductionEligible,"com.inigmasgames.hytalerpg.gear.MasterAffixEquipmentSimulatorTest#authoredCarrierIsProductionEligible(WA-143, ab-wa-143-affixed, gm.battleaxe_adamantite.h)",[],ab-wa-143-affixed,ab-wa-143-control,[],"[""com.inigmasgames.hytalerpg.execution.hytale.SentinelSignatureConsumerTest#deadlyReflectionAndCreditedBurstUseTheirDistinctOwners"", ""com.inigmasgames.hytalerpg.gear.GearSignatureProcRuntimeTest#killBurstPreservesChannelsAndCannotRepeatFromChildOrReplay"", ""com.inigmasgames.hytalerpg.gear.MasterAffixCombatCompletionTest#wa142And143UseIncomingMeleeAndCreditedKillOnly"", ""com.inigmasgames.hytalerpg.gear.MasterAffixEquipmentSimulatorTest#authoredAffixReachesFrozenEquipmentSnapshotAndLeavesOnEveryInvalidation"", ""com.inigmasgames.hytalerpg.gear.SignatureConsumerProofTest#retributionAndKillBurstDeliverNoProcReflectedAndCreditedRecipients""]","[""src/main/java/com/inigmasgames/hytalerpg/execution/hytale/GearSignatureBindings.java"", ""src/main/java/com/inigmasgames/hytalerpg/execution/summon/IronSentinelAffixes.java"", ""src/main/java/com/inigmasgames/hytalerpg/gear/GearSignatureProcRuntime.java"", ""src/main/java/com/inigmasgames/hytalerpg/gear/NativeGearAttackAcceptance.java""]",[],src/main/java/com/inigmasgames/hytalerpg/gear/GearSignatureProcRuntime.java,com.inigmasgames.hytalerpg.gear.MasterAffixCombatCompletionTest#wa142And143UseIncomingMeleeAndCreditedKillOnly,com.inigmasgames.hytalerpg.gear.MasterAffixCombatCompletionTest#wa142And143UseIncomingMeleeAndCreditedKillOnly,com.inigmasgames.hytalerpg.gear.MasterAffixCombatCompletionTest#wa142And143UseIncomingMeleeAndCreditedKillOnly,"[""com.inigmasgames.hytalerpg.gear.SignatureConsumerProofTest#retributionAndKillBurstDeliverNoProcReflectedAndCreditedRecipients""]","Native reflected and credited kill children change controlled recipient Health once; origin, NoProc, credit and unrolled controls.",PROVEN,com.inigmasgames.hytalerpg.gear.MasterAffixEquipmentSimulatorTest#authoredAffixReachesFrozenEquipmentSnapshotAndLeavesOnEveryInvalidation,,False,,ATTACK_PROC,True,INHERITED,com.inigmasgames.hytalerpg.execution.hytale.SentinelSignatureConsumerTest#deadlyReflectionAndCreditedBurstUseTheirDistinctOwners,True,FUNCTIONAL,[]
WA-144,of Borrowed Arts,SUFFIX,ITEM_GRANT,MATCH,Temporarily grants one allowlisted skill at rank 1 while equipped. Needs an ordinary skill slot and normal resource cost; never permanent learning. Require: BASE-FIXED. Armor: none.,none.,gm.battleaxe_adamantite.h,com.inigmasgames.hytalerpg.gear.MasterAffixEquipmentSimulatorTest#authoredCarrierIsProductionEligible,"com.inigmasgames.hytalerpg.gear.MasterAffixEquipmentSimulatorTest#authoredCarrierIsProductionEligible(WA-144, ab-wa-144-affixed, gm.battleaxe_adamantite.h)",[],ab-wa-144-affixed,ab-wa-144-control,[],"[""com.inigmasgames.hytalerpg.BorrowedSkillOwnerTest#wa144AcceptedBorrowedRequestHitsCanonicalOwnerWithoutLearningAndWithdrawalRejectsSameRequest"", ""com.inigmasgames.hytalerpg.RpgSkillTreeAffixProjectionTest#borrowedArtsShowsTemporaryRankOneWithoutLearningOrPersistingIt"", ""com.inigmasgames.hytalerpg.gear.MasterAffixEquipmentSimulatorTest#authoredAffixReachesFrozenEquipmentSnapshotAndLeavesOnEveryInvalidation"", ""com.inigmasgames.hytalerpg.gear.MasterAffixFinalControlsTest#wa144SkillExecutionServiceRequestSameActorUnrolledRejectedAndAcceptedGrantExecutes""]","[""src/main/java/com/inigmasgames/hytalerpg/execution/hytale/NativeItemAffixBindings.java"", ""src/main/java/com/inigmasgames/hytalerpg/gear/GearInstance.java"", ""src/main/java/com/inigmasgames/hytalerpg/gear/ItemSkillGrants.java"", ""src/main/java/com/inigmasgames/hytalerpg/gear/NativeItemSkillAvailabilitySystem.java""]",[],src/main/java/com/inigmasgames/hytalerpg/execution/SkillExecutionService.java,com.inigmasgames.hytalerpg.gear.MasterAffixFinalControlsTest#wa144SkillExecutionServiceRequestSameActorUnrolledRejectedAndAcceptedGrantExecutes,com.inigmasgames.hytalerpg.gear.MasterAffixFinalControlsTest#wa144SkillExecutionServiceRequestSameActorUnrolledRejectedAndAcceptedGrantExecutes,com.inigmasgames.hytalerpg.gear.MasterAffixFinalControlsTest#wa144SkillExecutionServiceRequestSameActorUnrolledRejectedAndAcceptedGrantExecutes,"[""com.inigmasgames.hytalerpg.BorrowedSkillOwnerTest#wa144AcceptedBorrowedRequestHitsCanonicalOwnerWithoutLearningAndWithdrawalRejectsSameRequest""]","Normal ownership rules grant canonical paid rank-one execution from admitted item, measure damage/heal, reject withdrawal and leave learning unchanged.",PROVEN,com.inigmasgames.hytalerpg.gear.MasterAffixEquipmentSimulatorTest#authoredAffixReachesFrozenEquipmentSnapshotAndLeavesOnEveryInvalidation,,False,,OWNER_ONLY,True,OWNER_ONLY,com.inigmasgames.hytalerpg.execution.summon.MasterAffixSentinelOwnerOnlyTest#ownerOnlyBoundSourceDoesNotChangeSentinelRuntime,True,FUNCTIONAL,[]
WA-145,Embercalling,PREFIX,ITEM_TRIGGER,"M, R, C",V% chance after a valid direct item attack to trigger one rank-1 Fire Bolt. 3 s owner/group ICD; NoProc child; requires dedicated triggered-skill profile. Require: INT-CORE. Armor: none.,none.,gm.battleaxe_adamantite.h,com.inigmasgames.hytalerpg.gear.MasterAffixEquipmentSimulatorTest#authoredCarrierIsProductionEligible,"com.inigmasgames.hytalerpg.gear.MasterAffixEquipmentSimulatorTest#authoredCarrierIsProductionEligible(WA-145, ab-wa-145-affixed, gm.battleaxe_adamantite.h)",[],ab-wa-145-affixed,ab-wa-145-control,[],"[""com.inigmasgames.hytalerpg.ItemSkillChildExecutionTest#canonicalBoltAndHealChildrenHaveRankOneAndNoLearnedOrLinkedPlan"", ""com.inigmasgames.hytalerpg.ItemSkillChildExecutionTest#wa145And146QueuedCanonicalBoltsHitOneProjectileRecipientWithSourceControls"", ""com.inigmasgames.hytalerpg.ItemSkillChildExecutionTest#wrongTargetOrMissingSourceCannotBecomeChild"", ""com.inigmasgames.hytalerpg.SentinelItemChildContextTest#nativeNpcChildrenKeepExactItemRankAndZeroMana"", ""com.inigmasgames.hytalerpg.execution.hytale.MasterAffixSentinelItemTriggerTest#boundNpcAcceptedHitExecutesCanonicalRankOneChild"", ""com.inigmasgames.hytalerpg.execution.hytale.NativeSentinelItemChildrenTest#acceptedNativeHitEntersBoundNpcQueueAndNoProcControlDoesNot"", ""com.inigmasgames.hytalerpg.execution.hytale.NativeSentinelItemChildrenTest#boundChildUsesRestoredActorAndSourceThenDrainsOnce"", ""com.inigmasgames.hytalerpg.gear.ItemSkillTriggerRuntimeTest#absorbedOrImmuneFirstChannelDoesNotConsumeLogicalContact"", ""com.inigmasgames.hytalerpg.gear.ItemSkillTriggerRuntimeTest#chanceMissAndExcludedChildrenDoNotQueueSkills"", ""com.inigmasgames.hytalerpg.gear.ItemSkillTriggerRuntimeTest#completedItemHitsQueueFixedRankNoProcBoltWithSharedOwnerLock"", ""com.inigmasgames.hytalerpg.gear.MasterAffixEquipmentSimulatorTest#authoredAffixReachesFrozenEquipmentSnapshotAndLeavesOnEveryInvalidation""]","[""src/main/java/com/inigmasgames/hytalerpg/execution/summon/IronSentinelAffixes.java"", ""src/main/java/com/inigmasgames/hytalerpg/gear/ItemSkillTriggerRuntime.java"", ""src/main/java/com/inigmasgames/hytalerpg/gear/ManagedGearDamageInteraction.java""]",[],src/main/java/com/inigmasgames/hytalerpg/gear/ItemSkillTriggerRuntime.java,com.inigmasgames.hytalerpg.gear.ItemSkillTriggerRuntimeTest#completedItemHitsQueueFixedRankNoProcBoltWithSharedOwnerLock,com.inigmasgames.hytalerpg.gear.ItemSkillTriggerRuntimeTest#completedItemHitsQueueFixedRankNoProcBoltWithSharedOwnerLock,com.inigmasgames.hytalerpg.gear.ItemSkillTriggerRuntimeTest#completedItemHitsQueueFixedRankNoProcBoltWithSharedOwnerLock,"[""com.inigmasgames.hytalerpg.ItemSkillChildExecutionTest#wa145And146QueuedCanonicalBoltsHitOneProjectileRecipientWithSourceControls""]","Canonical Fire/Frost projectile planning/contact yields one kernel recipient damage result; source invalidation, NoProc and duplicate controls.",PROVEN,com.inigmasgames.hytalerpg.gear.MasterAffixEquipmentSimulatorTest#authoredAffixReachesFrozenEquipmentSnapshotAndLeavesOnEveryInvalidation,,False,,ATTACK_PROC,True,INHERITED,com.inigmasgames.hytalerpg.execution.hytale.MasterAffixSentinelItemTriggerTest#boundNpcAcceptedHitExecutesCanonicalRankOneChild,True,FUNCTIONAL,[]
WA-146,Rimecalling,PREFIX,ITEM_TRIGGER,"M, R, C","V% chance after a valid direct item attack to trigger one rank-1 Frost Bolt. 3 s owner/group ICD; Chill obeys shared gates, not automatic control. Require: INT-CORE. Armor: none.",none.,gm.battleaxe_adamantite.h,com.inigmasgames.hytalerpg.gear.MasterAffixEquipmentSimulatorTest#authoredCarrierIsProductionEligible,"com.inigmasgames.hytalerpg.gear.MasterAffixEquipmentSimulatorTest#authoredCarrierIsProductionEligible(WA-146, ab-wa-146-affixed, gm.battleaxe_adamantite.h)",[],ab-wa-146-affixed,ab-wa-146-control,[],"[""com.inigmasgames.hytalerpg.ItemSkillChildExecutionTest#canonicalBoltAndHealChildrenHaveRankOneAndNoLearnedOrLinkedPlan"", ""com.inigmasgames.hytalerpg.ItemSkillChildExecutionTest#wa145And146QueuedCanonicalBoltsHitOneProjectileRecipientWithSourceControls"", ""com.inigmasgames.hytalerpg.SentinelItemChildContextTest#nativeNpcChildrenKeepExactItemRankAndZeroMana"", ""com.inigmasgames.hytalerpg.execution.hytale.MasterAffixSentinelItemTriggerTest#boundNpcAcceptedHitExecutesCanonicalRankOneChild"", ""com.inigmasgames.hytalerpg.gear.ItemSkillTriggerRuntimeTest#completedItemHitsQueueFixedRankNoProcBoltWithSharedOwnerLock"", ""com.inigmasgames.hytalerpg.gear.MasterAffixEquipmentSimulatorTest#authoredAffixReachesFrozenEquipmentSnapshotAndLeavesOnEveryInvalidation""]","[""src/main/java/com/inigmasgames/hytalerpg/execution/summon/IronSentinelAffixes.java"", ""src/main/java/com/inigmasgames/hytalerpg/gear/ItemSkillTriggerRuntime.java"", ""src/main/java/com/inigmasgames/hytalerpg/gear/ManagedGearDamageInteraction.java""]",[],src/main/java/com/inigmasgames/hytalerpg/gear/ItemSkillTriggerRuntime.java,com.inigmasgames.hytalerpg.gear.ItemSkillTriggerRuntimeTest#completedItemHitsQueueFixedRankNoProcBoltWithSharedOwnerLock,com.inigmasgames.hytalerpg.gear.ItemSkillTriggerRuntimeTest#completedItemHitsQueueFixedRankNoProcBoltWithSharedOwnerLock,com.inigmasgames.hytalerpg.gear.ItemSkillTriggerRuntimeTest#completedItemHitsQueueFixedRankNoProcBoltWithSharedOwnerLock,"[""com.inigmasgames.hytalerpg.ItemSkillChildExecutionTest#wa145And146QueuedCanonicalBoltsHitOneProjectileRecipientWithSourceControls""]","Canonical Fire/Frost projectile planning/contact yields one kernel recipient damage result; source invalidation, NoProc and duplicate controls.",PROVEN,com.inigmasgames.hytalerpg.gear.MasterAffixEquipmentSimulatorTest#authoredAffixReachesFrozenEquipmentSnapshotAndLeavesOnEveryInvalidation,,False,,ATTACK_PROC,True,INHERITED,com.inigmasgames.hytalerpg.execution.hytale.MasterAffixSentinelItemTriggerTest#boundNpcAcceptedHitExecutesCanonicalRankOneChild,True,FUNCTIONAL,[]
WA-147,of Succor,SUFFIX,ITEM_TRIGGER,"H, C",V% chance after a valid block to trigger one rank-1 Minor Heal on the wielder. 8 s owner/group ICD; actual block required; no reset by swapping. Require: WIS-CORE. Armor: none.,none.,gm.book_apprentice.h,com.inigmasgames.hytalerpg.gear.MasterAffixEquipmentSimulatorTest#authoredCarrierIsProductionEligible,"com.inigmasgames.hytalerpg.gear.MasterAffixEquipmentSimulatorTest#authoredCarrierIsProductionEligible(WA-147, ab-wa-147-affixed, gm.book_apprentice.h)",[],ab-wa-147-affixed,ab-wa-147-control,[],"[""com.inigmasgames.hytalerpg.ItemSkillChildExecutionTest#canonicalBoltAndHealChildrenHaveRankOneAndNoLearnedOrLinkedPlan"", ""com.inigmasgames.hytalerpg.ItemSkillChildExecutionTest#wa147SuccessfulBlockChildCreditsActualSelfHealthOnceWithCap"", ""com.inigmasgames.hytalerpg.SentinelItemChildContextTest#nativeNpcChildrenKeepExactItemRankAndZeroMana"", ""com.inigmasgames.hytalerpg.execution.summon.IronSentinelAffixInheritanceTest#sixNativeRecipientFamiliesAndExplicitChassisConditions"", ""com.inigmasgames.hytalerpg.gear.ItemSkillTriggerRuntimeTest#blockOnlySuccorQueuesSelfHealAndNeverRespondsToItemHit"", ""com.inigmasgames.hytalerpg.gear.ItemSkillTriggerRuntimeTest#chanceMissAndExcludedChildrenDoNotQueueSkills"", ""com.inigmasgames.hytalerpg.gear.MasterAffixEquipmentSimulatorTest#authoredAffixReachesFrozenEquipmentSnapshotAndLeavesOnEveryInvalidation"", ""com.inigmasgames.hytalerpg.gear.SentinelConditionalActionTest#succorDoesNotInventABlockOrHealTheOwner""]","[""src/main/java/com/inigmasgames/hytalerpg/execution/summon/IronSentinelAffixes.java"", ""src/main/java/com/inigmasgames/hytalerpg/gear/ItemSkillTriggerRuntime.java"", ""src/main/java/com/inigmasgames/hytalerpg/gear/NativeItemSkillBlockObserver.java""]",[],src/main/java/com/inigmasgames/hytalerpg/gear/ItemSkillTriggerRuntime.java,com.inigmasgames.hytalerpg.gear.ItemSkillTriggerRuntimeTest#blockOnlySuccorQueuesSelfHealAndNeverRespondsToItemHit,com.inigmasgames.hytalerpg.gear.ItemSkillTriggerRuntimeTest#blockOnlySuccorQueuesSelfHealAndNeverRespondsToItemHit,com.inigmasgames.hytalerpg.gear.ItemSkillTriggerRuntimeTest#blockOnlySuccorQueuesSelfHealAndNeverRespondsToItemHit,"[""com.inigmasgames.hytalerpg.ItemSkillChildExecutionTest#wa147SuccessfulBlockChildCreditsActualSelfHealthOnceWithCap""]",Successful block child enters SupportRuntime and credits capped self Health once; failed block/invalid source/duplicate controls.,PROVEN,com.inigmasgames.hytalerpg.gear.MasterAffixEquipmentSimulatorTest#authoredAffixReachesFrozenEquipmentSnapshotAndLeavesOnEveryInvalidation,,False,,ATTACK_PROC,False,INAPPLICABLE,com.inigmasgames.hytalerpg.gear.SentinelConditionalActionTest#succorDoesNotInventABlockOrHealTheOwner,True,FUNCTIONAL,[]
WA-148,of the Wellspring,SUFFIX,ITEM_AURA,C,Projects item-bound Emanatism at fixed effective rank 1 while validly equipped. No manual slot; ordinary wielder pays normal reservation; Sentinel exception explicit. Require: WIS-FIXED. Armor: none.,none.,gm.book_binder.h,com.inigmasgames.hytalerpg.gear.MasterAffixEquipmentSimulatorTest#authoredCarrierIsProductionEligible,"com.inigmasgames.hytalerpg.gear.MasterAffixEquipmentSimulatorTest#authoredCarrierIsProductionEligible(WA-148, ab-wa-148-affixed, gm.book_binder.h)",[],ab-wa-148-affixed,ab-wa-148-control,[],"[""com.inigmasgames.hytalerpg.ItemAuraRuntimeTest#invalidItemSourceAndD08FreeSustainCannotChargeMana"", ""com.inigmasgames.hytalerpg.ItemAuraRuntimeTest#itemAndManualEmanatismHaveSeparateTokensAndStrongestRecipient"", ""com.inigmasgames.hytalerpg.ItemAuraRuntimeTest#sentinelBoundAuraContextDoesNotReadSentinelPlayerLoadout"", ""com.inigmasgames.hytalerpg.ItemAuraRuntimeTest#wa148To150EquipmentResolutionActivatesWithdrawsAndNeverLayersRecipientEffects"", ""com.inigmasgames.hytalerpg.SentinelBoundAuraContextTest#allThreeNativeItemAurasUseExactBoundSourceAndRankOneFactory"", ""com.inigmasgames.hytalerpg.execution.summon.IronSentinelAffixInheritanceTest#everyAuthoredFamilyHasAnExplicitDispositionAndUnsupportedOnesFailBeforeForge"", ""com.inigmasgames.hytalerpg.gear.MasterAffixEquipmentSimulatorTest#authoredAffixReachesFrozenEquipmentSnapshotAndLeavesOnEveryInvalidation""]","[""src/main/java/com/inigmasgames/hytalerpg/execution/hytale/HytaleSupportSystem.java"", ""src/main/java/com/inigmasgames/hytalerpg/execution/hytale/NativeSentinelItemAuras.java"", ""src/main/java/com/inigmasgames/hytalerpg/execution/summon/IronSentinelAffixes.java""]",[],src/main/java/com/inigmasgames/hytalerpg/execution/support/SupportRuntime.java,com.inigmasgames.hytalerpg.ItemAuraRuntimeTest#itemAndManualEmanatismHaveSeparateTokensAndStrongestRecipient,com.inigmasgames.hytalerpg.ItemAuraRuntimeTest#itemAndManualEmanatismHaveSeparateTokensAndStrongestRecipient,com.inigmasgames.hytalerpg.ItemAuraRuntimeTest#invalidItemSourceAndD08FreeSustainCannotChargeMana,"[""com.inigmasgames.hytalerpg.ItemAuraRuntimeTest#wa148To150EquipmentResolutionActivatesWithdrawsAndNeverLayersRecipientEffects""]","Admitted equipment activates actual support recipient effect once; unrolled, backpack, broken/wrong-slot and removal restore baseline.",PROVEN,com.inigmasgames.hytalerpg.gear.MasterAffixEquipmentSimulatorTest#authoredAffixReachesFrozenEquipmentSnapshotAndLeavesOnEveryInvalidation,,False,,AURA,True,INHERITED,com.inigmasgames.hytalerpg.MasterAffixSentinelAuraTest#boundItemAuraActivatesAndChangesRecipient,True,FUNCTIONAL,[]
WA-149,of the Thorn Standard,SUFFIX,ITEM_AURA,"C, H",Projects item-bound Thorns Aura at fixed effective rank 1 while validly equipped. Normal activation/upkeep on wielder; no reflect loops or duplicate aura layers. Require: WIS-FIXED. Armor: none.,none.,gm.book_binder.h,com.inigmasgames.hytalerpg.gear.MasterAffixEquipmentSimulatorTest#authoredCarrierIsProductionEligible,"com.inigmasgames.hytalerpg.gear.MasterAffixEquipmentSimulatorTest#authoredCarrierIsProductionEligible(WA-149, ab-wa-149-affixed, gm.book_binder.h)",[],ab-wa-149-affixed,ab-wa-149-control,[],"[""com.inigmasgames.hytalerpg.ItemAuraRuntimeTest#duplicateItemThornsSourcesKeepOneStrongestReflection"", ""com.inigmasgames.hytalerpg.ItemAuraRuntimeTest#itemThornsPaysActivationAndQuarterSecondUpkeep"", ""com.inigmasgames.hytalerpg.ItemAuraRuntimeTest#wa148To150EquipmentResolutionActivatesWithdrawsAndNeverLayersRecipientEffects"", ""com.inigmasgames.hytalerpg.SentinelBoundAuraContextTest#allThreeNativeItemAurasUseExactBoundSourceAndRankOneFactory"", ""com.inigmasgames.hytalerpg.gear.MasterAffixEquipmentSimulatorTest#authoredAffixReachesFrozenEquipmentSnapshotAndLeavesOnEveryInvalidation"", ""com.inigmasgames.hytalerpg.gear.MasterAffixFinalControlsTest#wa149SupportRuntimeThornsRecipientEffectRemovalAndNoAuraActor""]","[""src/main/java/com/inigmasgames/hytalerpg/execution/hytale/HytaleSupportSystem.java"", ""src/main/java/com/inigmasgames/hytalerpg/execution/hytale/NativeSentinelItemAuras.java"", ""src/main/java/com/inigmasgames/hytalerpg/execution/summon/IronSentinelAffixes.java""]",[],src/main/java/com/inigmasgames/hytalerpg/execution/support/SupportRuntime.java,com.inigmasgames.hytalerpg.gear.MasterAffixFinalControlsTest#wa149SupportRuntimeThornsRecipientEffectRemovalAndNoAuraActor,com.inigmasgames.hytalerpg.gear.MasterAffixFinalControlsTest#wa149SupportRuntimeThornsRecipientEffectRemovalAndNoAuraActor,com.inigmasgames.hytalerpg.gear.MasterAffixFinalControlsTest#wa149SupportRuntimeThornsRecipientEffectRemovalAndNoAuraActor,"[""com.inigmasgames.hytalerpg.ItemAuraRuntimeTest#wa148To150EquipmentResolutionActivatesWithdrawsAndNeverLayersRecipientEffects""]","Admitted equipment activates actual support recipient effect once; unrolled, backpack, broken/wrong-slot and removal restore baseline.",PROVEN,com.inigmasgames.hytalerpg.gear.MasterAffixEquipmentSimulatorTest#authoredAffixReachesFrozenEquipmentSnapshotAndLeavesOnEveryInvalidation,,False,,AURA,True,INHERITED,com.inigmasgames.hytalerpg.MasterAffixSentinelAuraTest#boundItemAuraActivatesAndChangesRecipient,True,FUNCTIONAL,[]
WA-150,of Measured Time,SUFFIX,ITEM_AURA,C,Projects item-bound Pedanticism at fixed effective rank 1 while validly equipped. Normal Mana reservation; no modifier to attack-animation rate. Require: WIS-FIXED. Armor: none.,none.,gm.book_binder.h,com.inigmasgames.hytalerpg.gear.MasterAffixEquipmentSimulatorTest#authoredCarrierIsProductionEligible,"com.inigmasgames.hytalerpg.gear.MasterAffixEquipmentSimulatorTest#authoredCarrierIsProductionEligible(WA-150, ab-wa-150-affixed, gm.book_binder.h)",[],ab-wa-150-affixed,ab-wa-150-control,[],"[""com.inigmasgames.hytalerpg.ItemAuraRuntimeTest#itemPedanticismReservesManaAndWithdrawsCooldownRecovery"", ""com.inigmasgames.hytalerpg.ItemAuraRuntimeTest#wa148To150EquipmentResolutionActivatesWithdrawsAndNeverLayersRecipientEffects"", ""com.inigmasgames.hytalerpg.SentinelBoundAuraContextTest#allThreeNativeItemAurasUseExactBoundSourceAndRankOneFactory"", ""com.inigmasgames.hytalerpg.gear.MasterAffixEquipmentSimulatorTest#authoredAffixReachesFrozenEquipmentSnapshotAndLeavesOnEveryInvalidation"", ""com.inigmasgames.hytalerpg.gear.MasterAffixFinalControlsTest#wa150SupportRuntimePedanticismRecipientEffectRemovalAndNoAuraActor""]","[""src/main/java/com/inigmasgames/hytalerpg/execution/hytale/HytaleSupportSystem.java"", ""src/main/java/com/inigmasgames/hytalerpg/execution/hytale/NativeSentinelItemAuras.java"", ""src/main/java/com/inigmasgames/hytalerpg/execution/summon/IronSentinelAffixes.java""]",[],src/main/java/com/inigmasgames/hytalerpg/execution/support/SupportRuntime.java,com.inigmasgames.hytalerpg.gear.MasterAffixFinalControlsTest#wa150SupportRuntimePedanticismRecipientEffectRemovalAndNoAuraActor,com.inigmasgames.hytalerpg.gear.MasterAffixFinalControlsTest#wa150SupportRuntimePedanticismRecipientEffectRemovalAndNoAuraActor,com.inigmasgames.hytalerpg.gear.MasterAffixFinalControlsTest#wa150SupportRuntimePedanticismRecipientEffectRemovalAndNoAuraActor,"[""com.inigmasgames.hytalerpg.ItemAuraRuntimeTest#wa148To150EquipmentResolutionActivatesWithdrawsAndNeverLayersRecipientEffects""]","Admitted equipment activates actual support recipient effect once; unrolled, backpack, broken/wrong-slot and removal restore baseline.",PROVEN,com.inigmasgames.hytalerpg.gear.MasterAffixEquipmentSimulatorTest#authoredAffixReachesFrozenEquipmentSnapshotAndLeavesOnEveryInvalidation,,False,,AURA,True,INHERITED,com.inigmasgames.hytalerpg.MasterAffixSentinelAuraTest#boundItemAuraActivatesAndChangesRecipient,True,FUNCTIONAL,[]
WA-151,of Discovery,SUFFIX,MAGIC_FIND,ALL,"Adds V% GearMagicFind to the existing quality-weight formula. Not quantity, affix level, rank success, guaranteed Legendary or free salvage. Require: LUCK-SOFT. Armor: All armor; 1 × V.",All armor; 1 × V.,gm.battleaxe_adamantite.h,com.inigmasgames.hytalerpg.gear.MasterAffixEquipmentSimulatorTest#authoredCarrierIsProductionEligible,"com.inigmasgames.hytalerpg.gear.MasterAffixEquipmentSimulatorTest#authoredCarrierIsProductionEligible(WA-151, ab-wa-151-affixed, gm.battleaxe_adamantite.h)","[""gm.cloth_linen.hands.n""]",ab-wa-151-affixed,ab-wa-151-control,"[""hands-rare""]","[""com.inigmasgames.hytalerpg.execution.hytale.SentinelSourceConsumerTest#sentinelReachChangesActualMeleeClaimDistanceAndNoOtherSourceDoes"", ""com.inigmasgames.hytalerpg.execution.summon.IronSentinelAffixInheritanceTest#everyAuthoredFamilyHasAnExplicitDispositionAndUnsupportedOnesFailBeforeForge"", ""com.inigmasgames.hytalerpg.execution.summon.IronSentinelAffixInheritanceTest#increasedAttackAndPhysicalDamageUseOneBucketAndCritHasSharedCap"", ""com.inigmasgames.hytalerpg.gear.GearAffixRuntimeTest#armorAffixesDoNotMultiplyOtherSlotsOrPools"", ""com.inigmasgames.hytalerpg.gear.GearAffixRuntimeTest#localPowerAddsThenNormalizesThenMultipliesExactlyOnce"", ""com.inigmasgames.hytalerpg.gear.GearFoundationTest#affixRequirementsUseAuthoredPoliciesAndQGates"", ""com.inigmasgames.hytalerpg.gear.MasterAffixEquipmentSimulatorTest#authoredAffixReachesFrozenEquipmentSnapshotAndLeavesOnEveryInvalidation"", ""com.inigmasgames.hytalerpg.progress.MasterAffixEconomyCompletionTest#wa151ProductionSourceChangesRealLootWeightsAndSelection"", ""com.inigmasgames.hytalerpg.ui.inventory.AdvancedStatsAffixProjectionTest#singleAcceptedAffixDisplaysItsAuthoritativeValueAndRestores""]","[""src/main/java/com/inigmasgames/hytalerpg/gear/GearQaFixtures.java"", ""src/main/java/com/inigmasgames/hytalerpg/gear/HytaleGearEquipment.java""]",[],src/main/java/com/inigmasgames/hytalerpg/gear/GearLootService.java,com.inigmasgames.hytalerpg.progress.MasterAffixEconomyCompletionTest#wa151ProductionSourceChangesRealLootWeightsAndSelection,com.inigmasgames.hytalerpg.progress.MasterAffixEconomyCompletionTest#wa151ProductionSourceChangesRealLootWeightsAndSelection,com.inigmasgames.hytalerpg.progress.MasterAffixEconomyCompletionTest#wa151ProductionSourceChangesRealLootWeightsAndSelection,[],"Existing registered test now invokes actual magicFindBreakdown from admitted non-QA gear, freezes death snapshot, proves later removal cannot change selected loot.",PROVEN,com.inigmasgames.hytalerpg.gear.MasterAffixEquipmentSimulatorTest#authoredAffixReachesFrozenEquipmentSnapshotAndLeavesOnEveryInvalidation,find,True,com.inigmasgames.hytalerpg.ui.inventory.AdvancedStatsAffixProjectionTest#singleAcceptedAffixDisplaysItsAuthoritativeValueAndRestores,OWNER_ONLY,True,OWNER_ONLY,com.inigmasgames.hytalerpg.execution.summon.MasterAffixSentinelOwnerOnlyTest#ownerOnlyBoundSourceDoesNotChangeSentinelRuntime,True,FUNCTIONAL,[]
WA-152,of Prosperity,SUFFIX,GOLD_FIND,ALL,V% increased eligible currency reward quantity. One deduplicated reward pot; not inventory value or sell price. Require: LUCK-SOFT. Armor: All armor; 1 × V.,All armor; 1 × V.,gm.battleaxe_adamantite.h,com.inigmasgames.hytalerpg.gear.MasterAffixEquipmentSimulatorTest#authoredCarrierIsProductionEligible,"com.inigmasgames.hytalerpg.gear.MasterAffixEquipmentSimulatorTest#authoredCarrierIsProductionEligible(WA-152, ab-wa-152-affixed, gm.battleaxe_adamantite.h)",[],ab-wa-152-affixed,ab-wa-152-control,[],"[""com.inigmasgames.hytalerpg.gear.MasterAffixEquipmentSimulatorTest#authoredAffixReachesFrozenEquipmentSnapshotAndLeavesOnEveryInvalidation"", ""com.inigmasgames.hytalerpg.progress.MasterAffixEconomyCompletionTest#wa152CreditedGoldAwardIsOncePerDeathAndControlHasNoBonus"", ""com.inigmasgames.hytalerpg.ui.inventory.AdvancedStatsAffixProjectionTest#everyGlobalGearRowUsesFrozenOperatorValueAndVanishesOnUnequip""]",[],[],src/main/java/com/inigmasgames/hytalerpg/progress/EncounterContributions.java,com.inigmasgames.hytalerpg.progress.MasterAffixEconomyCompletionTest#wa152CreditedGoldAwardIsOncePerDeathAndControlHasNoBonus,com.inigmasgames.hytalerpg.progress.MasterAffixEconomyCompletionTest#wa152CreditedGoldAwardIsOncePerDeathAndControlHasNoBonus,com.inigmasgames.hytalerpg.progress.MasterAffixEconomyCompletionTest#wa152CreditedGoldAwardIsOncePerDeathAndControlHasNoBonus,[],Existing registered test now freezes HytaleGearEquipment.goldFind into DeathPlan before equipment removal; persisted contribution-share Gold and duplicate control exact.,PROVEN,com.inigmasgames.hytalerpg.gear.MasterAffixEquipmentSimulatorTest#authoredAffixReachesFrozenEquipmentSnapshotAndLeavesOnEveryInvalidation,currencyQuantity,True,com.inigmasgames.hytalerpg.ui.inventory.AdvancedStatsAffixProjectionTest#everyGlobalGearRowUsesFrozenOperatorValueAndVanishesOnUnequip,OWNER_ONLY,True,OWNER_ONLY,com.inigmasgames.hytalerpg.execution.summon.MasterAffixSentinelOwnerOnlyTest#ownerOnlyBoundSourceDoesNotChangeSentinelRuntime,True,FUNCTIONAL,[]
WA-153,of Lasting Craft,SUFFIX,DURABILITY_EFFICIENCY,ALL,V% chance to prevent a native durability-loss event. Only validated owned-item loss; no auto-repair or dupe. Require: BASE-SOFT. Armor: All armor; 1 × V.,All armor; 1 × V.,gm.battleaxe_adamantite.h,com.inigmasgames.hytalerpg.gear.MasterAffixEquipmentSimulatorTest#authoredCarrierIsProductionEligible,"com.inigmasgames.hytalerpg.gear.MasterAffixEquipmentSimulatorTest#authoredCarrierIsProductionEligible(WA-153, ab-wa-153-affixed, gm.battleaxe_adamantite.h)",[],ab-wa-153-affixed,ab-wa-153-control,[],"[""com.inigmasgames.hytalerpg.gear.MasterAffixEquipmentSimulatorTest#authoredAffixReachesFrozenEquipmentSnapshotAndLeavesOnEveryInvalidation""]","[""src/main/java/com/inigmasgames/hytalerpg/gear/NativeAffixDurabilitySystems.java""]",[],src/main/java/com/inigmasgames/hytalerpg/gear/NativeAffixDurabilitySystems.java,com.inigmasgames.hytalerpg.gear.NativeAffixDurabilitySystemsTest#managedLossIsPreventedBeforeTheNativeStackWouldBreak,com.inigmasgames.hytalerpg.gear.NativeAffixDurabilitySystemsTest#failedRollAndUnaffixedControlTakeTheFullNativeDebit,com.inigmasgames.hytalerpg.gear.NativeAffixDurabilitySystemsTest#managedLossIsPreventedBeforeTheNativeStackWouldBreak,[],,PROVEN,com.inigmasgames.hytalerpg.gear.MasterAffixEquipmentSimulatorTest#authoredAffixReachesFrozenEquipmentSnapshotAndLeavesOnEveryInvalidation,,False,,OWNER_ONLY,True,OWNER_ONLY,com.inigmasgames.hytalerpg.execution.summon.MasterAffixSentinelOwnerOnlyTest#ownerOnlyBoundSourceDoesNotChangeSentinelRuntime,True,FUNCTIONAL,[]
WA-154,of Ease,SUFFIX,REDUCED_REQUIREMENTS,ALL,V% reduced attribute requirements of this item only. Round requirements up; no character-level requirement reduction. Require: BASE-SOFT. Armor: All armor; 1 × V.,All armor; 1 × V.,gm.battleaxe_adamantite.h,com.inigmasgames.hytalerpg.gear.MasterAffixEquipmentSimulatorTest#authoredCarrierIsProductionEligible,"com.inigmasgames.hytalerpg.gear.MasterAffixEquipmentSimulatorTest#authoredCarrierIsProductionEligible(WA-154, ab-wa-154-affixed, gm.battleaxe_adamantite.h)","[""gm.cloth_linen.legs.n""]",ab-wa-154-affixed,ab-wa-154-control,"[""legs-rare""]","[""com.inigmasgames.hytalerpg.gear.MasterAffixEquipmentSimulatorTest#authoredAffixReachesFrozenEquipmentSnapshotAndLeavesOnEveryInvalidation"", ""com.inigmasgames.hytalerpg.progress.MasterAffixEconomyCompletionTest#wa154OnlyLegalReducedItemEquipsLowerStatActor""]","[""src/main/java/com/inigmasgames/hytalerpg/gear/GearDropGenerator.java"", ""src/main/java/com/inigmasgames/hytalerpg/gear/GearQaFixtures.java""]",[],src/main/java/com/inigmasgames/hytalerpg/gear/GearEquipmentResolution.java,com.inigmasgames.hytalerpg.progress.MasterAffixEconomyCompletionTest#wa154OnlyLegalReducedItemEquipsLowerStatActor,com.inigmasgames.hytalerpg.progress.MasterAffixEconomyCompletionTest#wa154OnlyLegalReducedItemEquipsLowerStatActor,com.inigmasgames.hytalerpg.progress.MasterAffixEconomyCompletionTest#wa154OnlyLegalReducedItemEquipsLowerStatActor,[],,PROVEN,com.inigmasgames.hytalerpg.gear.MasterAffixEquipmentSimulatorTest#authoredAffixReachesFrozenEquipmentSnapshotAndLeavesOnEveryInvalidation,,False,,OWNER_ONLY,True,OWNER_ONLY,com.inigmasgames.hytalerpg.execution.summon.MasterAffixSentinelOwnerOnlyTest#ownerOnlyBoundSourceDoesNotChangeSentinelRuntime,True,FUNCTIONAL,[]
WA-155,of Lanterns,SUFFIX,LIGHT_RADIUS,ALL,Adds V metres to the wielder’s purely visual light radius. Exploration utility; lower combat priority; no wall reveal or native shader invention. Require: BASE-SOFT. Armor: Head; 1 × V.,Head; 1 × V.,gm.battleaxe_adamantite.h,com.inigmasgames.hytalerpg.gear.MasterAffixEquipmentSimulatorTest#authoredCarrierIsProductionEligible,"com.inigmasgames.hytalerpg.gear.MasterAffixEquipmentSimulatorTest#authoredCarrierIsProductionEligible(WA-155, ab-wa-155-affixed, gm.battleaxe_adamantite.h)",[],ab-wa-155-affixed,ab-wa-155-control,[],"[""com.inigmasgames.hytalerpg.gear.GearAffixRuntimeTest#allSkillRanksModifyEffectiveOnlyAndUncalibratedLightFailsClosed"", ""com.inigmasgames.hytalerpg.gear.MasterAffixEquipmentSimulatorTest#authoredAffixReachesFrozenEquipmentSnapshotAndLeavesOnEveryInvalidation"", ""com.inigmasgames.hytalerpg.gear.NativeAffixSpatialAdaptersTest#lightComposesHeldNativeComponentAndRestoresIt"", ""com.inigmasgames.hytalerpg.gear.NativeAffixSpatialAdaptersTest#nativeLightCalibrationRequiresMeasuredLinearUnitsAndExplicitCeiling"", ""com.inigmasgames.hytalerpg.gear.NativeAffixSpatialAdaptersTest#playerLightSystemOwnerCreatesComposesAndCleansUpOneActorComponent"", ""com.inigmasgames.hytalerpg.ui.inventory.AdvancedStatsAffixProjectionTest#everyGlobalGearRowUsesFrozenOperatorValueAndVanishesOnUnequip""]","[""src/main/java/com/inigmasgames/hytalerpg/commands/RpgGearTraceCommand.java"", ""src/main/java/com/inigmasgames/hytalerpg/gear/NativeAffixLightProjection.java"", ""src/main/java/com/inigmasgames/hytalerpg/gear/NativeAffixLightSystem.java"", ""src/main/java/com/inigmasgames/hywind/HyArpgPlugin.java""]","[""measured native light calibration and effective-radius assertion unproved""]",src/main/java/com/inigmasgames/hytalerpg/gear/NativeAffixLightSystem.java,com.inigmasgames.hytalerpg.gear.NativeAffixSpatialAdaptersTest#playerLightSystemOwnerCreatesComposesAndCleansUpOneActorComponent,com.inigmasgames.hytalerpg.gear.NativeAffixSpatialAdaptersTest#playerLightSystemOwnerCreatesComposesAndCleansUpOneActorComponent,com.inigmasgames.hytalerpg.gear.NativeAffixSpatialAdaptersTest#playerLightSystemOwnerCreatesComposesAndCleansUpOneActorComponent,[],,PROVEN,com.inigmasgames.hytalerpg.gear.MasterAffixEquipmentSimulatorTest#authoredAffixReachesFrozenEquipmentSnapshotAndLeavesOnEveryInvalidation,,False,,OWNER_ONLY,True,OWNER_ONLY,com.inigmasgames.hytalerpg.execution.summon.MasterAffixSentinelOwnerOnlyTest#ownerOnlyBoundSourceDoesNotChangeSentinelRuntime,False,GATED,"[""measured native light calibration and effective-radius assertion unproved"", ""production capability gate closed""]"
WA-156,of Gathering,SUFFIX,PICKUP_RADIUS,ALL,"Adds V metres to allowed currency/material pickup reach. Does not collect equipment, steal another player’s loot or bypass ownership. Require: BASE-SOFT. Armor: Legs; 1 × V.",Legs; 1 × V.,gm.battleaxe_adamantite.h,com.inigmasgames.hytalerpg.gear.MasterAffixEquipmentSimulatorTest#authoredCarrierIsProductionEligible,"com.inigmasgames.hytalerpg.gear.MasterAffixEquipmentSimulatorTest#authoredCarrierIsProductionEligible(WA-156, ab-wa-156-affixed, gm.battleaxe_adamantite.h)",[],ab-wa-156-affixed,ab-wa-156-control,[],"[""com.inigmasgames.hytalerpg.gear.MasterAffixEquipmentSimulatorTest#authoredAffixReachesFrozenEquipmentSnapshotAndLeavesOnEveryInvalidation"", ""com.inigmasgames.hytalerpg.gear.NativeAffixPickupTransferTest#wa156ExtendedAdmissionCommitsExactlyOneProtectedStockTransferAndPreservesNoFit"", ""com.inigmasgames.hytalerpg.gear.NativeAffixSpatialAdaptersTest#gatheringAdmitsOnlyProtectedClaimedMaterialThroughExistingReceiptOwner"", ""com.inigmasgames.hytalerpg.ui.inventory.AdvancedStatsAffixProjectionTest#everyGlobalGearRowUsesFrozenOperatorValueAndVanishesOnUnequip"", ""com.inigmasgames.hytalerpg.ui.inventory.AdvancedStatsAffixProjectionTest#statusSupportAndPickupRowsAgreeWithAdmissionAndReachOwners""]","[""src/main/java/com/inigmasgames/hytalerpg/gear/NativeAffixMaterialPickup.java""]",[],src/main/java/com/inigmasgames/hytalerpg/gear/NativeAffixMaterialPickup.java,com.inigmasgames.hytalerpg.gear.NativeAffixSpatialAdaptersTest#gatheringAdmitsOnlyProtectedClaimedMaterialThroughExistingReceiptOwner,com.inigmasgames.hytalerpg.gear.NativeAffixSpatialAdaptersTest#gatheringAdmitsOnlyProtectedClaimedMaterialThroughExistingReceiptOwner,com.inigmasgames.hytalerpg.gear.NativeAffixSpatialAdaptersTest#gatheringAdmitsOnlyProtectedClaimedMaterialThroughExistingReceiptOwner,"[""com.inigmasgames.hytalerpg.gear.NativeAffixPickupTransferTest#wa156ExtendedAdmissionCommitsExactlyOneProtectedStockTransferAndPreservesNoFit""]","Extended admission routes through protected stock receipt, real bag insertion and BSON persistence once; full bag preserves source and receipt count.",PROVEN,com.inigmasgames.hytalerpg.gear.MasterAffixEquipmentSimulatorTest#authoredAffixReachesFrozenEquipmentSnapshotAndLeavesOnEveryInvalidation,pickupReachBonus,True,com.inigmasgames.hytalerpg.ui.inventory.AdvancedStatsAffixProjectionTest#everyGlobalGearRowUsesFrozenOperatorValueAndVanishesOnUnequip,OWNER_ONLY,True,OWNER_ONLY,com.inigmasgames.hytalerpg.execution.summon.MasterAffixSentinelOwnerOnlyTest#ownerOnlyBoundSourceDoesNotChangeSentinelRuntime,True,FUNCTIONAL,[]
GA-159,Laminated,PREFIX,LOCAL_ARMOR_FLAT,All armor,"Adds V percentage points to this piece's managed native Physical/Projectile protection contribution. Head uses 0.20/0.36 of V, Hands 0.16/0.36 and Legs 0.28/0.36. Apply before Increased local protection. Does not add Defense rating or elemental resistance. Require: BASE-CORE. Armor-only definition; no weapon extension.",Armor-only definition; no weapon extension.,gm.cloth_cinder.chest.h,com.inigmasgames.hytalerpg.gear.MasterAffixEquipmentSimulatorTest#authoredCarrierIsProductionEligible,"com.inigmasgames.hytalerpg.gear.MasterAffixEquipmentSimulatorTest#authoredCarrierIsProductionEligible(GA-159, ab-ga-159-affixed, gm.cloth_cinder.chest.h)","[""gm.cloth_linen.hands.n""]",ab-ga-159-affixed,ab-ga-159-control,"[""hands-rare""]","[""com.inigmasgames.hytalerpg.execution.summon.MasterAffixSentinelInheritedTest#boundDefenseChangesNativeSentinelProtection"", ""com.inigmasgames.hytalerpg.gear.GearAffixRuntimeTest#armorAffixesDoNotMultiplyOtherSlotsOrPools"", ""com.inigmasgames.hytalerpg.gear.GearFoundationTest#playerTooltipUsesFrozenRollsWithoutGenerationDiagnostics"", ""com.inigmasgames.hytalerpg.gear.GearQaGenerationTest#normalEraLegsCanRollFortifiedOrLaminatedAndHellRareUsesTwoOrThree"", ""com.inigmasgames.hytalerpg.gear.GearTooltipV12Test#formatterSubstitutesPersistedPrecisionAndCanonicalSkillName"", ""com.inigmasgames.hytalerpg.gear.MasterAffixCombatCompletionTest#ga159And160IndependentlyChangeNativeArmorProjection"", ""com.inigmasgames.hytalerpg.gear.MasterAffixEquipmentSimulatorTest#authoredAffixReachesFrozenEquipmentSnapshotAndLeavesOnEveryInvalidation"", ""com.inigmasgames.hytalerpg.gear.NativeAffixDefenseContactTest#ga159NativeFilterInput"", ""com.inigmasgames.hytalerpg.ui.inventory.AdvancedStatsAffixProjectionTest#singleAcceptedAffixDisplaysItsAuthoritativeValueAndRestores""]","[""src/main/java/com/inigmasgames/hytalerpg/execution/summon/IronSentinelAffixes.java"", ""src/main/java/com/inigmasgames/hytalerpg/gear/GearDropGenerator.java"", ""src/main/java/com/inigmasgames/hytalerpg/gear/GearQaFixtures.java""]",[],src/main/java/com/inigmasgames/hytalerpg/gear/HytaleGearEquipment.java,com.inigmasgames.hytalerpg.gear.NativeAffixDefenseContactTest#ga159NativeFilterInput,com.inigmasgames.hytalerpg.gear.NativeAffixDefenseContactTest#ga159NativeFilterInput,com.inigmasgames.hytalerpg.gear.NativeAffixDefenseContactTest#ga159NativeFilterInput,[],,PROVEN,com.inigmasgames.hytalerpg.gear.MasterAffixEquipmentSimulatorTest#authoredAffixReachesFrozenEquipmentSnapshotAndLeavesOnEveryInvalidation,defense,True,com.inigmasgames.hytalerpg.ui.inventory.AdvancedStatsAffixProjectionTest#singleAcceptedAffixDisplaysItsAuthoritativeValueAndRestores,SELF_STAT,True,INHERITED,com.inigmasgames.hytalerpg.execution.summon.MasterAffixSentinelInheritedTest#boundDefenseChangesNativeSentinelProtection,True,FUNCTIONAL,[]
GA-160,Fortified,PREFIX,LOCAL_ARMOR_INCREASED,All armor,"V% increased local armor protection of this piece, after its local protection-point additions. Does not multiply Health, Mana, Stamina, elemental resistance or the armor of other pieces. Native mitigation is applied once. Require: BASE-CORE. Armor-only definition; no weapon extension.",Armor-only definition; no weapon extension.,gm.cloth_cinder.chest.h,com.inigmasgames.hytalerpg.gear.MasterAffixEquipmentSimulatorTest#authoredCarrierIsProductionEligible,"com.inigmasgames.hytalerpg.gear.MasterAffixEquipmentSimulatorTest#authoredCarrierIsProductionEligible(GA-160, ab-ga-160-affixed, gm.cloth_cinder.chest.h)","[""gm.cloth_linen.legs.n""]",ab-ga-160-affixed,ab-ga-160-control,"[""legs-rare""]","[""com.inigmasgames.hytalerpg.gear.GearAffixRuntimeTest#armorAffixesDoNotMultiplyOtherSlotsOrPools"", ""com.inigmasgames.hytalerpg.gear.GearFoundationTest#armorIncreaseIsOneConciseLineFromPersistedValue"", ""com.inigmasgames.hytalerpg.gear.GearQaGenerationTest#normalEraLegsCanRollFortifiedOrLaminatedAndHellRareUsesTwoOrThree"", ""com.inigmasgames.hytalerpg.gear.GearTooltipV12Test#everyStableFamilyHasOneAuthoredTemplateIncludingGatedFamilies"", ""com.inigmasgames.hytalerpg.gear.GearTooltipV12Test#formatterSubstitutesPersistedPrecisionAndCanonicalSkillName"", ""com.inigmasgames.hytalerpg.gear.MasterAffixCombatCompletionTest#ga159And160IndependentlyChangeNativeArmorProjection"", ""com.inigmasgames.hytalerpg.gear.MasterAffixEquipmentSimulatorTest#authoredAffixReachesFrozenEquipmentSnapshotAndLeavesOnEveryInvalidation"", ""com.inigmasgames.hytalerpg.gear.NativeAffixDefenseContactTest#ga160NativeFilterInput"", ""com.inigmasgames.hytalerpg.ui.inventory.AdvancedStatsAffixProjectionTest#singleAcceptedAffixDisplaysItsAuthoritativeValueAndRestores""]","[""src/main/java/com/inigmasgames/hytalerpg/execution/summon/IronSentinelAffixes.java"", ""src/main/java/com/inigmasgames/hytalerpg/gear/GearQaFixtures.java""]",[],src/main/java/com/inigmasgames/hytalerpg/gear/HytaleGearEquipment.java,com.inigmasgames.hytalerpg.gear.NativeAffixDefenseContactTest#ga160NativeFilterInput,com.inigmasgames.hytalerpg.gear.NativeAffixDefenseContactTest#ga160NativeFilterInput,com.inigmasgames.hytalerpg.gear.NativeAffixDefenseContactTest#ga160NativeFilterInput,[],,PROVEN,com.inigmasgames.hytalerpg.gear.MasterAffixEquipmentSimulatorTest#authoredAffixReachesFrozenEquipmentSnapshotAndLeavesOnEveryInvalidation,defense,True,com.inigmasgames.hytalerpg.ui.inventory.AdvancedStatsAffixProjectionTest#singleAcceptedAffixDisplaysItsAuthoritativeValueAndRestores,SELF_STAT,True,INHERITED,com.inigmasgames.hytalerpg.execution.summon.MasterAffixSentinelInheritedTest#boundDefenseChangesNativeSentinelProtection,True,FUNCTIONAL,[]
